timestamp,motor_id,target_pos,actual_pos,actual_vel,actual_current,command_time_ms
6.880000000819564e-06,11,34.64988964039434,34.0,0.0,-3.1999998092651367,1.8682290001379442
6.880000000819564e-06,13,-91.88010532420526,-91.0,0.0,0.10999999940395355,1.866693000010855
6.880000000819564e-06,15,370.2398821635877,370.0,1.0,3.9099998474121094,1.9318130007377476
6.880000000819564e-06,17,-572.3701031879748,-572.0,0.0,-0.19999998807907104,1.8148849994759075
0.10019913999985874,11,33.07633322006835,35.0,4.0,-3.929999828338623,1.7534439994051354
0.10019913999985874,13,-93.45366174453126,-91.0,1.0,-0.7799999713897705,1.7178280004372937
0.10019913999985874,15,368.6663257432617,366.0,-23.0,3.179999828338623,1.8154609997509397
0.10019913999985874,17,-573.9436596083008,-572.0,0.0,-0.44999998807907104,2.164294000067457
0.20020205499986332,11,31.50730413143973,35.0,-7.0,-4.099999904632568,2.015300999119063
0.20020205499986332,13,-95.02269083315988,-91.0,-5.0,-0.07999999821186066,1.9870450005328166
0.20020205499986332,15,367.0972966546331,365.0,-1.0,3.75,1.7794929999581655
0.20020205499986332,17,-575.5126886969294,-572.0,-1.0,-0.3999999761581421,1.8437809994793497
0.30019015400011995,11,29.94160837771484,34.0,1.0,-3.1599998474121094,2.0279419995858916
0.30019015400011995,13,-96.58838658688477,-92.0,0.0,0.1899999976158142,1.8345010003031348
0.30019015400011995,15,365.5316009009082,365.0,0.0,4.309999942779541,1.969572999769298
0.30019015400011995,17,-577.0783844506543,-572.0,0.0,-0.3400000035762787,1.8509490000724327
0.40026369400038675,11,28.379226620464003,34.0,0.0,-3.7699999809265137,1.8253169992021867
0.40026369400038675,13,-98.15076834413561,-91.0,4.0,-0.08999999612569809,1.8424040008540032
0.40026369400038675,15,363.96921914365737,365.0,3.0,4.539999961853027,1.9221169995944365
0.40026369400038675,17,-578.6407662079051,-572.0,0.0,-0.3499999940395355,2.11229300020932
0.5001840810000431,11,26.825418534290083,34.0,-1.0,-3.2799999713897705,1.9009010002264404
0.5001840810000431,13,-99.70457643030953,-91.0,0.0,-0.25,1.9836849996863748
0.5001840810000431,15,362.4154110574834,366.0,17.0,3.7899999618530273,2.1583409998129355
0.5001840810000431,17,-580.1945742940791,-572.0,0.0,-0.35999998450279236,1.8224369996460155
0.600171156000215,11,25.2782911042182,35.0,-1.0,-5.839999675750732,1.9637169998532045
0.600171156000215,13,-101.25170386038141,-91.0,-1.0,-1.7799999713897705,1.9596530000853818
0.600171156000215,15,360.8682836274116,364.0,-22.0,2.609999895095825,1.9355250005901325
0.600171156000215,17,-581.741701724151,-572.0,-15.0,-1.3299999237060547,2.4411589993178495
0.7001672880005572,11,23.74027118747032,31.0,-50.0,-4.230000019073486,1.9000049996975577
0.7001672880005572,13,-102.7897237771293,-93.0,-33.0,-2.1499998569488525,1.8213809998997021
0.7001672880005572,15,359.3302637106637,363.0,-18.0,1.959999918937683,1.8915890004791436
0.7001672880005572,17,-583.2797216408989,-575.0,-32.0,-1.2200000286102295,1.795716999367869
0.800180251000711,11,22.212760949665547,28.0,-24.0,-1.9299999475479126,2.0085810001546633
0.800180251000711,13,-104.31723401493406,-97.0,-42.0,-1.090000033378601,2.104197999869939
0.800180251000711,15,357.8027534728589,360.0,-18.0,2.1599998474121094,2.044644999841694
0.800180251000711,17,-584.8072318787036,-578.0,-20.0,-1.209999918937683,2.078309000353329
0.9001671340001849,11,20.697921336080963,27.0,0.0,-5.690000057220459,1.959365000402613
0.9001671340001849,13,-105.83207362851864,-100.0,-18.0,-0.23999999463558197,1.8038440002783318
0.9001671340001849,15,356.28791385927434,359.0,-12.0,3.549999952316284,1.9290929994895123
0.9001671340001849,17,-586.3220714922882,-580.0,-4.0,-0.47999998927116394,2.043333999608876
1.0001743370003169,11,19.19654356712433,26.0,-8.0,-4.289999961853027,2.0252209997124737
1.0001743370003169,13,-107.33345139747529,-100.0,5.0,-0.2199999988079071,3.131143999780761
1.0001743370003169,15,354.78653609031767,359.0,3.0,3.5399999618530273,1.6513959999429062
1.0001743370003169,17,-587.8234492612448,-580.0,0.0,-0.2199999988079071,2.042085000539373
1.1001916840004924,11,17.7102687703393,26.0,-2.0,-6.989999771118164,2.0269489996280754
1.1001916840004924,13,-108.81972619426031,-98.0,6.0,-2.679999828338623,1.8065329995806678
1.1001916840004924,15,353.3002612935327,355.0,-28.0,1.5099999904632568,1.6373160005969112
1.1001916840004924,17,-589.3097240580298,-580.0,-12.0,-1.5199999809265137,1.9068849996983772
1.20019626300018,11,16.240903711448958,22.0,-52.0,-6.670000076293945,1.7398440004399163
1.20019626300018,13,-110.28909125315064,-99.0,-15.0,-4.75,1.7558130002726102
1.20019626300018,15,351.8308962346423,354.0,-10.0,0.7199999690055847,1.9847410003421828
1.20019626300018,17,-590.7790891169202,-583.0,-46.0,-1.4900000095367432,1.8793970002661808
1.3002226660000815,11,14.789393262514796,19.0,-11.0,-2.0799999237060547,1.9786929997280822
1.3002226660000815,13,-111.74060170208482,-103.0,-50.0,-3.0899999141693115,1.795365000361926
1.3002226660000815,15,350.37938578570817,354.0,-1.0,0.5399999618530273,1.8393970003671711
1.3002226660000815,17,-592.2305995658544,-587.0,-32.0,-1.1100000143051147,1.8969650000144611
1.400171053000122,11,13.358601989069903,20.0,25.0,-7.309999942779541,1.8177649999415735
1.400171053000122,13,-113.1713929755297,-107.0,-29.0,-1.4299999475479126,1.9965810006397078
1.400171053000122,15,348.94859451226324,353.0,-26.0,2.359999895095825,1.9386290005058981
1.400171053000122,17,-593.6613908392992,-587.0,0.0,-1.5399999618530273,1.9680380000863806
1.500169456000549,11,11.948101067514276,19.0,-8.0,-7.299999713897705,1.8721000005825772
1.500169456000549,13,-114.58189389708534,-108.0,-2.0,-0.6499999761581421,1.766724000844988
1.500169456000549,15,347.53809359070766,352.0,0.0,2.169999837875366,1.8418609997752355
1.500169456000549,17,-595.0718917608549,-587.0,-1.0,-1.3600000143051147,1.8329009999433765
1.6001738750001095,11,10.55992065384984,19.0,-6.0,-7.259999752044678,1.8865969996113563
1.6001738750001095,13,-115.97007431074977,-107.0,17.0,-3.759999990463257,1.87283600007504
1.6001738750001095,15,346.1499131770432,349.0,-14.0,0.4899999797344208,1.8795249998220243
1.6001738750001095,17,-596.4600721745193,-587.0,-10.0,-2.2100000381469727,1.8787250000968925
1.700162454000747,11,9.195730496821547,16.0,-57.0,-7.980000019073486,1.9435249996604398
1.700162454000747,13,-117.33426446777807,-107.0,-40.0,-5.889999866485596,1.75344400031463
1.700162454000747,15,344.7857230200149,349.0,-1.0,-1.1299999952316284,1.911012999698869
1.700162454000747,17,-597.8242623315476,-590.0,-29.0,-2.569999933242798,1.8657649998203851
1.8001779129999704,11,7.856298402311264,11.0,-24.0,-1.8299999237060547,1.993125999433687
1.8001779129999704,13,-118.67369656228834,-112.0,-53.0,-4.039999961853027,1.8522930004110094
1.8001779129999704,15,343.4462909255046,349.0,-2.0,-1.1299999952316284,1.8466279998392565
1.8001779129999704,17,-599.1636944260579,-594.0,-23.0,-1.659999966621399,2.0822129999942263
1.9001921560002302,11,6.543332426823863,12.0,25.0,-6.079999923706055,1.9433329998719273
1.9001921560002302,13,-119.98666253777574,-115.0,-16.0,-2.619999885559082,1.8531240002630511
1.9001921560002302,15,342.1333249500172,347.0,-35.0,1.1999999284744263,1.920581000376842
1.9001921560002302,17,-600.4766604015452,-595.0,0.0,-0.8399999737739563,1.876131999779318
2.0001672630005487,11,5.258609557378989,12.0,-11.0,-8.4399995803833,2.107557999806886
2.0001672630005487,13,-121.27138540722062,-115.0,1.0,-2.3299999237060547,1.9307889997435268
2.0001672630005487,15,340.84860208057233,345.0,0.0,0.9199999570846558,2.11799000044266
2.0001672630005487,17,-601.7613832709901,-595.0,0.0,-0.75,2.0671729998866795
2.1001623060001293,11,4.002630570785023,12.0,-14.0,-7.919999599456787,2.0844530008616857
2.1001623060001293,13,-122.5273643938146,-113.0,10.0,-4.159999847412109,1.9386290005058981
2.1001623060001293,15,339.5926230939784,345.0,1.0,-0.14000000059604645,1.8942119995699613
2.1001623060001293,17,-603.0173622575841,-595.0,-7.0,-1.8700000047683716,2.084388999719522
2.2002025960000537,11,2.7763462296692794,8.0,-50.0,-7.259999752044678,4.182507000223268
2.2002025960000537,13,-123.75364873493032,-113.0,-12.0,-8.130000114440918,2.354534000005515
2.2002025960000537,15,338.36633875286265,345.0,-3.0,-2.9800000190734863,2.0408700002008118
2.2002025960000537,17,-604.2436465986999,-597.0,-44.0,-2.2899999618530273,1.8735730000116746
2.3001988230007555,11,1.5820618343269146,4.0,-10.0,-3.119999885559082,2.1012209999753395
2.3001988230007555,13,-124.9479331302727,-117.0,-47.0,-6.039999961853027,1.918693000334315
2.3001988230007555,15,337.17205435752027,345.0,-19.0,-2.5799999237060547,1.9179890005034395
2.3001988230007555,17,-605.4379309940422,-601.0,-29.0,-1.2899999618530273,1.8705329994190834
2.4002081060007185,11,0.42025954674143406,5.0,12.0,-6.960000038146973,1.8985010001415503
2.4002081060007185,13,-126.10973541785818,-121.0,-32.0,-3.309999942779541,1.8593970007714233
2.4002081060007185,15,336.0102520699348,341.0,-40.0,0.0,2.012068999647454
2.4002081060007185,17,-606.5997332816277,-601.0,0.0,-1.6699999570846558,1.8726130001596175
2.5001945720005097,11,-0.7075024336457361,5.0,-5.0,-7.329999923706055,2.071302000331343
2.5001945720005097,13,-127.23749739824535,-122.0,0.0,-3.2699999809265137,1.7815090004660306
2.5001945720005097,15,334.8824900895476,339.0,-3.0,0.2199999988079071,1.9802619999609306
2.5001945720005097,17,-607.7274952620148,-601.0,-1.0,-1.5999999046325684,1.854437000474718
2.600177807000364,11,-1.8003455333899439,5.0,-5.0,-7.71999979019165,1.881316999970295
2.600177807000364,13,-128.33034049798954,-120.0,16.0,-4.690000057220459,1.7700839998724405
2.600177807000364,15,333.78964698980343,338.0,5.0,-1.3799999952316284,1.8523569997341838
2.600177807000364,17,-608.8203383617591,-601.0,-2.0,-2.5399999618530273,1.7912679995788494
2.7001790250005797,11,-2.8574153981096515,2.0,-59.0,-9.920000076293945,1.9043570000576437
2.7001790250005797,13,-129.38741036270926,-119.0,-12.0,-9.260000228881836,1.766180000231543
2.7001790250005797,15,332.7325771250837,339.0,9.0,-3.819999933242798,2.783558999908564
2.7001790250005797,17,-609.8774082264788,-604.0,-52.0,-2.1599998474121094,1.8711729999267845
2.8001794760002667,11,-3.8774613936214806,-1.0,-23.0,-3.490000009536743,1.8646450007508975
2.8001794760002667,13,-130.40745635822108,-123.0,-67.0,-6.589999675750732,1.7597169999135076
2.8001794760002667,15,331.71253112957186,339.0,-5.0,-3.8399999141693115,1.8599089999042917
2.8001794760002667,17,-610.8974542219906,-607.0,-19.0,-1.6299999952316284,2.248709999548737
2.900169719000587,11,-4.8593868247685705,0.0,16.0,-6.589999675750732,1.9863729994540336
2.900169719000587,13,-131.38938178936817,-128.0,-30.0,-3.259999990463257,1.955972999894584
2.900169719000587,15,330.73060569842477,335.0,-47.0,-0.4699999988079071,1.9953339997300645
2.900169719000587,17,-611.8793796531377,-607.0,1.0,-1.7799999713897705,1.8565169993962627
3.000167928999872,11,-5.802402424472611,0.0,-7.0,-9.829999923706055,1.979108999876189
3.000167928999872,13,-132.3323973890722,-128.0,6.0,-3.2200000286102295,2.030501999797707
3.000167928999872,15,329.7875900987207,333.0,-4.0,-0.28999999165534973,1.9465330005914439
3.000167928999872,17,-612.8223952528417,-607.0,-1.0,-1.909999966621399,2.593574999991688
3.100194171000112,11,-6.705745297296531,0.0,-13.0,-8.09999942779541,1.9465659997877083
3.100194171000112,13,-133.23574026189613,-125.0,29.0,-5.369999885559082,1.754820000314794
3.100194171000112,15,328.88424722589684,333.0,14.0,-2.259999990463257,1.9310130001031212
3.100194171000112,17,-613.7257381256657,-607.0,-1.0,-2.4600000381469727,1.7981480004891637
3.2001790700005586,11,-7.567905684115075,-2.0,-44.0,-12.769999504089355,1.9790129999819328
3.2001790700005586,13,-134.0979006487147,-124.0,0.0,-10.869999885559082,2.0073650002814247
3.2001790700005586,15,328.02208683907827,335.0,7.0,-4.449999809265137,1.9297650005682954
3.2001790700005586,17,-614.5878985124842,-609.0,-47.0,-2.2200000286102295,1.8915239998023026
3.300166048000392,11,-8.388431300909929,-7.0,-24.0,-3.4600000381469727,1.988677000554162
3.300166048000392,13,-134.91842626550954,-128.0,-73.0,-7.159999847412109,1.8328050000491203
3.300166048000392,15,327.20156122228343,335.0,-9.0,-4.449999809265137,1.9118130003334954
3.300166048000392,17,-615.4084241292791,-612.0,-23.0,-0.9699999690055847,1.8061490000036429
3.40018377800061,11,-9.166726933931677,-5.0,28.0,-6.480000019073486,2.1942780003882945
3.40018377800061,13,-135.69672189853128,-134.0,-30.0,-2.990000009536743,1.886052999907406
3.40018377800061,15,326.4232655892617,330.0,-54.0,-0.4399999976158142,1.979173000108858
3.40018377800061,17,-616.1867197623009,-613.0,1.0,-0.7699999809265137,2.080261000628525
3.5001754920003805,11,-9.901579910680915,-4.0,-13.0,-9.210000038146973,1.7907250003190711
3.5001754920003805,13,-136.43157487528052,-134.0,9.0,-2.859999895095825,1.945541000168305
3.5001754920003805,15,325.6884126125124,328.0,0.0,-0.7099999785423279,1.862916999925801
3.5001754920003805,17,-616.92157273905,-612.0,1.0,-0.9699999690055847,1.7144370003734366
3.600158695000573,11,-10.592416227969224,-5.0,-17.0,-7.589999675750732,2.0960049996574526
3.600158695000573,13,-137.12241119256885,-130.0,36.0,-6.109999656677246,1.6529320000699954
3.600158695000573,15,324.9975762952241,330.0,41.0,-3.4800000190734863,1.9938929999625543
3.600158695000573,17,-617.6124090563384,-613.0,-3.0,-1.8899999856948853,1.7034599995895405
3.7001758810001775,11,-11.238830716268986,-7.0,-32.0,-10.199999809265137,1.8177649999415735
3.7001758810001775,13,-137.7688256808686,-128.0,-3.0,-10.719999313354492,1.9203570000172476
3.7001758810001775,15,324.3511618069244,333.0,6.0,-5.549999713897705,1.780708999831404
3.7001758810001775,17,-618.2588235446382,-615.0,-36.0,-1.6299999952316284,1.9010289997822838
3.800174667000647,11,-11.839836522891886,-10.0,-4.0,-4.460000038146973,1.9092849997832673
3.800174667000647,13,-138.3698314874915,-133.0,-76.0,-7.009999752044678,1.7326449997199234
3.800174667000647,15,323.75015600030144,331.0,-32.0,-4.46999979019165,1.7413799996575108
3.800174667000647,17,-618.859829351261,-616.0,-5.0,-1.1699999570846558,1.9574769994505914
3.900172333000228,11,-12.394957631281123,-9.0,23.0,-7.579999923706055,1.8964849996336852
3.900172333000228,13,-138.92495259588074,-138.0,-28.0,-3.0999999046325684,1.8848689996957546
3.900172333000228,15,323.19503489191226,326.0,-52.0,-0.6100000143051147,1.8344039999647066
3.900172333000228,17,-619.4149504596503,-616.0,-1.0,-1.149999976158142,2.0983419999538455
4.000179534999916,11,-12.903699495781012,-10.0,-20.0,-5.150000095367432,1.8891880008595763
4.000179534999916,13,-139.43369446038062,-138.0,24.0,-3.669999837875366,1.765156000146817
4.000179534999916,15,322.6862930274124,324.0,1.0,-1.1899999380111694,2.0157169992671697
4.000179534999916,17,-619.9236923241501,-616.0,-2.0,-1.159999966621399,1.8510119998609298
4.100179025000216,11,-13.36547105267168,-10.0,0.0,-8.010000228881836,1.9086450001850608
4.100179025000216,13,-139.8954660172713,-133.0,44.0,-6.009999752044678,1.817571999708889
4.100179025000216,15,322.22452147052167,326.0,35.0,-3.129999876022339,1.7203249999511172
4.100179025000216,17,-620.3854638810408,-616.0,-6.0,-2.2799999713897705,1.8776369997794973
4.200172787000156,11,-13.77983525104272,-11.0,-16.0,-9.210000038146973,2.007014000810159
4.200172787000156,13,-140.30983021564234,-130.0,-5.0,-10.029999732971191,1.8751729994619382
4.200172787000156,15,321.81015727215066,329.0,19.0,-5.730000019073486,1.965413000107219
4.200172787000156,17,-620.7998280794119,-619.0,-13.0,-1.4800000190734863,1.915268999255204
4.300192757000332,11,-14.146500794729441,-13.0,1.0,-5.589999675750732,1.9547250003597583
4.300192757000332,13,-140.67649575932904,-135.0,-77.0,-7.639999866485596,1.8072359998768661
4.300192757000332,15,321.4434917284639,329.0,-17.0,-5.029999732971191,1.9445170000835788
4.300192757000332,17,-621.1664936230986,-619.0,-1.0,-1.3199999332427979,1.8841969995264662
4.400176599000588,11,-14.4648845474198,-12.0,2.0,-6.639999866485596,1.9899250000889879
4.400176599000588,13,-140.9948795120194,-140.0,-34.0,-3.679999828338623,1.9867259998136433
4.400176599000588,15,321.1251079757736,323.0,-56.0,-1.0499999523162842,1.805763999982446
4.400176599000588,17,-621.484877375789,-619.0,0.0,-1.5899999141693115,2.1385009995356086
4.500279353000224,11,-14.735105573255204,-13.0,0.0,-4.429999828338623,1.9250929999543587
4.500279353000224,13,-141.2651005378548,-141.0,5.0,-3.129999876022339,2.005380999435147
4.500279353000224,15,320.85488694993813,321.0,1.0,-1.5099999904632568,2.046309000434121
4.500279353000224,17,-621.7550984016243,-620.0,-6.0,-0.44999998807907104,1.985220999813464
4.60016735499994,11,-14.956066762761225,-12.0,1.0,-7.849999904632568,2.024292999522004
4.60016735499994,13,-141.48606172736083,-137.0,46.0,-6.170000076293945,1.8504370000300696
4.60016735499994,15,320.63392576043213,323.0,28.0,-3.059999942779541,1.8795570003931061
4.60016735499994,17,-621.9760595911304,-620.0,-4.0,-1.4199999570846558,2.16426200040587
4.70025398100006,11,-15.128475807910554,-13.0,-27.0,-7.659999847412109,2.0497969999269117
4.70025398100006,13,-141.65847077251016,-135.0,-3.0,-9.529999732971191,1.9561649996830965
4.70025398100006,15,320.4615167152828,327.0,28.0,-5.480000019073486,1.9524529998307116
4.70025398100006,17,-622.1484686362797,-621.0,-8.0,-0.6899999976158142,1.8207089997304138
4.800183039000331,11,-15.251519161140308,-15.0,2.0,-4.980000019073486,2.0441330007088254
4.800183039000331,13,-141.78151412573993,-138.0,-54.0,-7.37999963760376,1.865733000158798
4.800183039000331,15,320.33847336205304,326.0,-21.0,-4.619999885559082,1.8346289998589782
4.800183039000331,17,-622.2715119895095,-621.0,0.0,-0.3799999952316284,2.318277999620477
4.9001803210003345,11,-15.32541919712552,-14.0,-2.0,-7.210000038146973,1.9234609999330132
4.9001803210003345,13,-141.85541416172512,-142.0,-19.0,-4.449999809265137,1.8117160007022903
4.9001803210003345,15,320.2645733260678,322.0,-39.0,-1.46999990940094,2.153829000235419
4.9001803210003345,17,-622.3454120254946,-621.0,0.0,-0.47999998927116394,2.817606999997224
5.000173666000592,11,-15.350002214401833,-15.0,0.0,-4.639999866485596,1.9065649994445266
5.000173666000592,13,-141.87999717900144,-142.0,2.0,-3.629999876022339,1.79581300017162
5.000173666000592,15,320.2399903087915,320.0,0.0,-2.059999942779541,1.981989000341855
5.000173666000592,17,-622.3699950427709,-621.0,-2.0,-0.11999999731779099,1.8593970007714233
5.100186308000048,11,-15.325238297311905,-13.0,14.0,-6.940000057220459,2.0007410003017867
5.100186308000048,13,-141.8552332619115,-138.0,40.0,-5.269999980926514,1.8421160002617398
5.100186308000048,15,320.26475422588146,322.0,22.0,-2.2699999809265137,1.8896370002039475
5.100186308000048,17,-622.345231125681,-621.0,3.0,-0.6800000071525574,3.7619619997713016
5.200167589000557,11,-15.25117334616521,-14.0,-17.0,-8.300000190734863,2.0317819999036146
5.200167589000557,13,-141.78116831076483,-136.0,2.0,-8.889999389648438,1.9295729998702882
5.200167589000557,15,320.33881917702814,325.0,33.0,-5.029999732971191,1.926148999700672
5.200167589000557,17,-622.2711661745343,-621.0,0.0,-0.8399999737739563,1.7030760000125156
5.3001749830000335,11,-15.127841775150962,-15.0,0.0,-6.25,2.0114290000492474
5.3001749830000335,13,-141.65783673975056,-138.0,-42.0,-8.079999923706055,1.7491250000603031
5.3001749830000335,15,320.4621507480424,326.0,-3.0,-5.029999732971191,1.9505649997881847
5.3001749830000335,17,-622.1478346035201,-622.0,-2.0,-0.5600000023841858,1.8672690002858872
5.400175720000334,11,-14.955391333749738,-15.0,0.0,-7.259999752044678,1.7945319996215403
5.400175720000334,13,-141.48538629834934,-142.0,-34.0,-4.839999675750732,1.8466279998392565
5.400175720000334,15,320.63460118944363,322.0,-34.0,-2.440000057220459,1.9503729999996722
5.400175720000334,17,-621.9753841621189,-622.0,0.0,-0.8100000023841858,1.952580999386555
5.500186794000001,11,-14.733960230842527,-15.0,-8.0,-4.489999771118164,1.9943409997722483
5.500186794000001,13,-141.26395519544212,-142.0,2.0,-4.619999885559082,1.8740850000540377
5.500186794000001,15,320.85603229235085,321.0,-3.0,-2.669999837875366,1.8520370003898279
5.500186794000001,17,-621.7539530592117,-622.0,0.0,-0.8199999928474426,1.7557490000399412
5.6001881709999,11,-14.463810880900958,-13.0,18.0,-5.779999732971191,1.961572999789496
5.6001881709999,13,-140.99380584550056,-139.0,40.0,-4.759999752044678,2.0439729996724054
5.6001881709999,15,321.1261816422924,322.0,28.0,-2.0299999713897705,1.8039090000456781
5.6001881709999,17,-621.4838037092701,-621.0,3.0,-0.29999998211860657,1.9556850002118153
5.7002422850000585,11,-14.145010034008564,-13.0,-3.0,-9.019999504089355,2.0015410000269185
5.7002422850000585,13,-140.6750049986082,-136.0,7.0,-8.15999984741211,1.7399079997630906
5.7002422850000585,15,321.4449824891848,325.0,41.0,-5.21999979019165,1.9434929999988526
5.7002422850000585,17,-621.1650028623777,-621.0,0.0,-0.41999998688697815,2.302533999682055
5.80018187099995,11,-13.778449803213775,-14.0,-10.0,-6.289999961853027,2.0761329997185385
5.80018187099995,13,-140.3084447678134,-137.0,-41.0,-7.690000057220459,1.998918000026606
5.80018187099995,15,321.81154271997957,326.0,-13.0,-4.710000038146973,1.8887730002461467
5.80018187099995,17,-620.7984426315829,-621.0,0.0,-0.3799999952316284,1.9382769996809657
5.9001658080005654,11,-13.363959873520066,-14.0,0.0,-5.799999713897705,1.9015409998246469
5.9001658080005654,13,-139.89395483811967,-141.0,-34.0,-5.279999732971191,2.0060219994775252
5.9001658080005654,15,322.2260326496733,323.0,-40.0,-2.490000009536743,2.0222450002620462
5.9001658080005654,17,-620.3839527018893,-621.0,-2.0,-0.23999999463558197,1.9947889995819423
6.0001797290005925,11,-12.901955618245374,-15.0,0.0,-4.900000095367432,1.9351729997652
6.0001797290005925,13,-139.431950582845,-142.0,0.0,-4.480000019073486,1.9060209997405764
6.0001797290005925,15,322.688036904948,321.0,-12.0,-1.9199999570846558,1.9019889996343409
6.0001797290005925,17,-619.9219484466145,-621.0,-1.0,-0.23999999463558197,1.8298929999218672
6.100193267000577,11,-12.393012298755302,-13.0,16.0,-5.349999904632568,1.9001330001628958
6.100193267000577,13,-138.92300726335492,-139.0,35.0,-3.8399999141693115,1.774180000211345
6.100193267000577,15,323.19698022443805,323.0,39.0,-1.6799999475479126,2.135941000233288
6.100193267000577,17,-619.4130051271244,-620.0,22.0,-0.03999999910593033,2.004068999667652
6.2001612680005564,11,-11.837893993458074,-12.0,0.0,-6.519999980926514,1.9451889993433724
6.2001612680005564,13,-138.36788895805768,-134.0,24.0,-7.940000057220459,1.7913649999172776
6.2001612680005564,15,323.7520985297353,327.0,36.0,-4.619999885559082,2.2721010000168462
6.2001612680005564,17,-618.8578868218273,-619.0,0.0,-1.0499999523162842,3.0590799997298745
6.3001673170001595,11,-11.236689721847434,-12.0,-2.0,-7.039999961853027,1.9164530003763502
6.3001673170001595,13,-137.76668468644704,-134.0,-15.0,-9.059999465942383,2.2523899997395347
6.3001673170001595,15,324.35330280134593,328.0,-3.0,-4.839999675750732,1.8305000003238092
6.3001673170001595,17,-618.2566825502166,-619.0,0.0,-1.3399999141693115,1.8149799998354865
6.400174774000334,11,-10.590185933480413,-12.0,0.0,-8.1899995803833,1.9573170002331608
6.400174774000334,13,-137.12018089808004,-138.0,-31.0,-6.210000038146973,1.7478439995102235
6.400174774000334,15,324.99980658971293,326.0,-32.0,-3.1599998474121094,1.7941809992407798
6.400174774000334,17,-617.6101787618495,-619.0,-3.0,-1.2300000190734863,1.8458920003467938
6.5001592550006535,11,-9.899192752692834,-13.0,-3.0,-5.639999866485596,1.9898300006389036
6.5001592550006535,13,-136.42918771729245,-140.0,-6.0,-4.889999866485596,1.843076000113797
6.5001592550006535,15,325.6907997705005,323.0,-17.0,-2.1499998569488525,2.0254769997336552
6.5001592550006535,17,-616.9191855810619,-619.0,-5.0,-1.0,2.011204999689653
6.600154520000615,11,-9.164166929521215,-11.0,32.0,-5.96999979019165,1.7143719996965956
6.600154520000615,13,-135.69416189412084,-137.0,37.0,-3.7300000190734863,1.821285000005446
6.600154520000615,15,326.42582559367213,325.0,33.0,-0.8999999761581421,1.8271729995831265
6.600154520000615,17,-616.1841597578904,-618.0,12.0,-0.029999999329447746,1.7907239998748992
6.700172570000177,11,-8.385723705381096,-9.0,12.0,-7.659999847412109,1.9787569999607513
6.700172570000177,13,-134.91571866998072,-133.0,34.0,-7.449999809265137,1.8248050000693183
6.700172570000177,15,327.20426881781225,329.0,41.0,-4.299999713897705,1.9275570002719178
6.700172570000177,17,-615.4057165337503,-616.0,16.0,-1.4399999380111694,2.1744060004493804
6.800171259000308,11,-7.5649570590353505,-9.0,-2.0,-7.25,1.738179999847489
6.800171259000308,13,-134.09495202363496,-131.0,-3.0,-9.4399995803833,1.7701800006761914
6.800171259000308,15,328.025035464158,331.0,5.0,-4.839999675750732,1.778341000317596
6.800171259000308,17,-614.5849498874045,-616.0,-1.0,-1.459999918937683,1.9579569998313673
6.900172508000651,11,-6.702507836755963,-9.0,1.0,-7.859999656677246,2.0370290003484115
6.900172508000651,13,-133.23250280135557,-135.0,-39.0,-6.019999980926514,1.8573170000308892
6.900172508000651,15,328.8874846864374,330.0,-35.0,-3.049999952316284,1.9756530000449857
6.900172508000651,17,-613.7225006651252,-616.0,-1.0,-1.5,1.8799089993990492
7.000196925000637,11,-5.7990337395158065,-10.0,-17.0,-5.960000038146973,2.0802939998247894
7.000196925000637,13,-132.32902870411542,-137.0,-7.0,-4.519999980926514,1.8220199999632314
7.000196925000637,15,329.7909587836775,326.0,-28.0,-1.6200000047683716,1.9492850005917717
7.000196925000637,17,-612.819026567885,-616.0,-1.0,-1.2599999904632568,1.9066610002482776
7.100199038000028,11,-4.855836587745678,-9.0,-2.0,-6.889999866485596,1.878436999504629
7.100199038000028,13,-131.38583155234528,-135.0,28.0,-2.950000047683716,1.7960690001928015
7.100199038000028,15,330.7341559354477,326.0,20.0,-0.9300000071525574,1.9340529997862177
7.100199038000028,17,-611.8758294161148,-615.0,19.0,-0.3999999761581421,1.8754289994831197
7.200196511000286,11,-3.873696761741506,-9.0,-10.0,-7.96999979019165,1.9448689999990165
7.200196511000286,13,-130.40369172634112,-130.0,46.0,-6.579999923706055,1.9370929994693142
7.200196511000286,15,331.7162957614519,330.0,56.0,-2.9099998474121094,1.880804999927932
7.200196511000286,17,-610.8936895901106,-612.0,18.0,-1.2300000190734863,1.9049000002269167
7.300167712000075,11,-2.853813549088855,-9.0,23.0,-4.400000095367432,1.9581169999582926
7.300167712000075,13,-129.38380851368845,-128.0,2.0,-7.75,1.9350769998709438
7.300167712000075,15,332.7361789741045,334.0,14.0,-4.059999942779541,1.8098919999829377
7.300167712000075,17,-609.873806377458,-612.0,-1.0,-1.1200000047683716,1.7629799995120266
7.400155807999909,11,-1.79675823760752,-5.0,35.0,-8.199999809265137,1.94182900031592
7.400155807999909,13,-128.32675320220713,-130.0,-19.0,-6.949999809265137,1.808996999898227
7.400155807999909,15,333.79323428558587,333.0,-19.0,-3.259999990463257,1.7838769999798387
7.400155807999909,17,-608.8167510659766,-612.0,1.0,-1.5,1.960677000170108
7.500169281000126,11,-0.7034610589819152,-5.0,-9.0,-7.159999847412109,2.0025650001116446
7.500169281000126,13,-127.23345602358152,-132.0,-24.0,-5.039999961853027,1.7449960005251341
7.500169281000126,15,334.88653146421143,331.0,-19.0,-2.3299999237060547,1.757668000209378
7.500169281000126,17,-607.7234538873511,-612.0,-2.0,-1.2200000286102295,1.9378609995328588
7.600165474000278,11,0.42453723963865286,-4.0,10.0,-5.210000038146973,1.9751089994315407
7.600165474000278,13,-126.10545772496096,-131.0,3.0,-3.009999990463257,1.8485809996491298
7.600165474000278,15,336.014529762832,332.0,29.0,-0.5699999928474426,1.9429490002949024
7.600165474000278,17,-606.5954555887305,-612.0,7.0,-0.4899999797344208,2.689447000193468
7.70017219500005,11,1.5864334183569753,-2.0,4.0,-8.760000228881836,1.956804999281303
7.70017219500005,13,-124.94356154624263,-129.0,22.0,-6.049999713897705,1.8527729998822906
7.70017219500005,15,337.17642594155035,336.0,40.0,-2.559999942779541,1.7155240002466599
7.70017219500005,17,-605.4335594100122,-610.0,42.0,-1.809999942779541,1.9177649992343504
7.800167140000667,11,2.780821195488681,-1.0,9.0,-5.650000095367432,1.9494769994707895
7.800167140000667,13,-123.74917376911093,-127.0,7.0,-6.739999771118164,1.768389000062598
7.800167140000667,15,338.37081371868203,339.0,6.0,-3.6599998474121094,1.97904499964352
7.800167140000667,17,-604.2391716328805,-607.0,28.0,-2.0399999618530273,1.8176690000473172
7.900169124000058,11,4.006744192521261,0.0,18.0,-9.65999984741211,2.012741000726237
7.900169124000058,13,-122.52325077207834,-127.0,-1.0,-5.150000095367432,1.8007409998972435
7.900169124000058,15,339.5967367157146,338.0,-31.0,-2.119999885559082,1.8600050007080426
7.900169124000058,17,-603.0132486358478,-607.0,-1.0,-1.709999918937683,2.023076999648765
8.000190053000551,11,5.263150344227014,0.0,-11.0,-8.84000015258789,1.7928690003827796
8.000190053000551,13,-121.2668446203726,-127.0,0.0,-4.239999771118164,2.0288369996706024
8.000190053000551,15,340.8531428674204,336.0,-17.0,-1.6999999284744263,1.930436999828089
8.000190053000551,17,-601.7568424841421,-607.0,-1.0,-1.6100000143051147,1.7869479997898452
8.10017152599994,11,6.548057282507138,0.0,1.0,-9.6899995803833,2.063717000055476
8.10017152599994,13,-119.98193768209248,-125.0,26.0,-3.1499998569488525,1.7949809998754063
8.10017152599994,15,342.1380498057005,336.0,18.0,0.3400000035762787,1.776516000063566
8.10017152599994,17,-600.471935545862,-606.0,20.0,-0.7400000095367432,1.9024370003535296
8.200172646000283,11,7.86094774891879,-1.0,-24.0,-10.9399995803833,1.8054129996016854
8.200172646000283,13,-118.66904721568082,-121.0,42.0,-4.859999656677246,1.7973490002987091
8.200172646000283,15,343.4509402721121,340.0,41.0,-0.8799999952316284,1.9017969998458284
8.200172646000283,17,-599.1590450794504,-602.0,24.0,-1.3199999332427979,1.9462449999991804
8.30018087100052,11,9.200372431863197,-2.0,10.0,-3.7099997997283936,2.083141000184696
8.30018087100052,13,-117.32962253273641,-119.0,21.0,-6.359999656677246,1.8531569994593156
8.30018087100052,15,344.79036495505653,343.0,23.0,-2.679999828338623,1.86614899939741
8.30018087100052,17,-597.8196203965059,-601.0,0.0,-1.1899999380111694,1.9409329997870373
8.400285831000474,11,10.566248564966124,1.0,45.0,-7.37999963760376,1.9962940004916163
8.400285831000474,13,-115.9637463996335,-119.0,-5.0,-6.109999656677246,1.7601959998501115
8.400285831000474,15,346.1562410881595,343.0,-5.0,-2.3499999046325684,1.8778599996949197
8.400285831000474,17,-596.453744263403,-601.0,0.0,-1.6999999284744263,2.328262000446557
8.500182087000212,11,11.953021232380316,4.0,17.0,-8.720000267028809,1.924933000736928
8.500182087000212,13,-114.5769737322193,-120.0,-11.0,-5.480000019073486,1.7792360004023067
8.500182087000212,15,347.54301375557367,341.0,-24.0,-0.8100000023841858,1.7185649994644336
8.500182087000212,17,-595.0669715959888,-601.0,-1.0,-1.659999966621399,1.6834919997563702
8.600196200000028,11,13.363821762026074,6.0,18.0,-5.549999713897705,2.0201650004310068
8.600196200000028,13,-113.16617320257353,-120.0,-1.0,-2.8899998664855957,2.0860859995082137
8.600196200000028,15,348.95381428521944,340.0,1.0,0.5,2.0422449997568037
8.600196200000028,17,-593.6561710663431,-600.0,18.0,-0.5799999833106995,1.9155569998474675
8.70017056800043,11,14.795062125788121,8.0,22.0,-6.759999752044678,1.9419250002101762
8.70017056800043,13,-111.73493283881149,-119.0,8.0,-4.099999904632568,1.7632999997658771
8.70017056800043,15,350.3850546489815,343.0,42.0,-0.5,1.9202610001229914
8.70017056800043,17,-592.224930702581,-597.0,23.0,-1.0499999523162842,1.8472359997758758
8.800170249000075,11,16.246256572024535,10.0,27.0,-4.809999942779541,2.0052529998793034
8.800170249000075,13,-110.28373839257507,-118.0,17.0,-4.889999866485596,2.219525000327849
8.800170249000075,15,351.8362490952179,347.0,36.0,-0.9099999666213989,1.820837000195752
8.800170249000075,17,-590.7737362563446,-595.0,8.0,-0.75,1.923429000271426
8.90019357700021,11,17.71596266677333,12.0,12.0,-7.179999828338623,1.9695740002134698
8.90019357700021,13,-108.81403229782629,-116.0,22.0,-4.460000038146973,1.7641000004005036
8.90019357700021,15,353.3059551899667,348.0,-1.0,-0.8100000023841858,2.0724539999719127
8.90019357700021,17,-589.3040301615958,-594.0,3.0,-1.409999966621399,1.8552690007709316
9.00019889000032,11,19.20211927229449,11.0,-13.0,-5.529999732971191,1.9745330000660033
9.00019889000032,13,-107.32787569230513,-114.0,5.0,-4.110000133514404,1.830373000302643
9.00019889000032,15,354.79211179548787,348.0,0.0,-0.8199999928474426,2.14394100021309
9.00019889000032,17,-587.8178735560747,-594.0,0.0,-1.4900000095367432,1.9391410005482612
9.100130122000337,11,20.70240521469204,12.0,6.0,-6.099999904632568,1.8337640003665001
9.100130122000337,13,-105.82758974990757,-111.0,24.0,-1.649999976158142,1.751908000187541
9.100130122000337,15,356.2923977378854,347.0,-1.0,1.899999976158142,1.7479409998486517
9.100130122000337,17,-586.3175876136771,-593.0,30.0,-1.3899999856948853,2.0521650003502145
9.200177290000283,11,22.21820074538772,12.0,-2.0,-5.429999828338623,1.7765490001693252
9.200177290000283,13,-104.31179421921189,-108.0,31.0,-2.2799999713897705,1.7701159995340277
9.200177290000283,15,357.8081932685811,349.0,37.0,1.5999999046325684,2.0200380004098406
9.200177290000283,17,-584.8017920829815,-590.0,33.0,-1.149999976158142,2.0224050003889715
9.300177770000118,11,23.745560812849355,13.0,31.0,-2.7200000286102295,1.9001650007339776
9.300177770000118,13,-102.78443415175026,-106.0,16.0,-3.0999999046325684,2.0444849997147685
9.300177770000118,15,359.3355533360427,353.0,40.0,0.08999999612569809,1.8986610002684756
9.300177770000118,17,-583.2744320155198,-588.0,28.0,-1.2799999713897705,1.7918769999596407
9.400185385999976,11,25.283792454089642,18.0,38.0,-7.149999618530273,1.878597000541049
9.400185385999976,13,-101.24620251050996,-105.0,0.0,-4.329999923706055,1.8209330000900081
9.400185385999976,15,360.873784977283,355.0,5.0,-0.03999999910593033,2.0027889995617443
9.400185385999976,17,-581.7362003742795,-587.0,0.0,-1.7799999713897705,1.8995560003531864
9.500177226000233,11,26.831024056863914,18.0,1.0,-4.799999713897705,2.089893999254855
9.500177226000233,13,-99.6989709077357,-106.0,-15.0,-3.490000009536743,1.9529649998730747
9.500177226000233,15,362.42101658005726,355.0,-12.0,0.6499999761581421,1.9493169993438642
9.500177226000233,17,-580.1889687715052,-587.0,-1.0,-1.709999918937683,1.9072040004175506
9.6001880419999,11,28.386266509472065,20.0,20.0,-5.210000038146973,1.9147249995512539
9.6001880419999,13,-98.14372845512754,-107.0,-10.0,-1.9399999380111694,1.8126450004274375
9.6001880419999,15,363.97625903266544,353.0,-14.0,2.8399999141693115,1.8266279994350043
9.6001880419999,17,-578.6337263188971,-586.0,12.0,-0.19999998807907104,2.0506930004557944
9.700165801999901,11,29.947174904890854,22.0,4.0,-4.880000114440918,1.9458609995126608
9.700165801999901,13,-96.58282005970875,-107.0,-1.0,-2.0399999618530273,1.820387999941886
9.700165801999901,15,365.5371674280842,354.0,28.0,3.1599998474121094,1.8800690004354692
9.700165801999901,17,-577.0728179234783,-583.0,23.0,-0.5699999928474426,1.7959090000658762
9.800165770000604,11,31.513070509832858,24.0,29.0,-2.6499998569488525,1.9401330000619055
9.800165770000604,13,-95.01692445476675,-107.0,10.0,-1.5699999332427979,1.8036519995803246
9.800165770000604,15,367.1030630330262,358.0,43.0,2.009999990463257,1.761348999934853
9.800165770000604,17,-575.5069223185362,-580.0,17.0,-0.44999998807907104,2.025412999500986
9.900155019000522,11,33.08189359036108,27.0,14.0,-6.529999732971191,1.947941000253195
9.900155019000522,13,-93.44810137423853,-104.0,34.0,-2.4099998474121094,1.8823089994839393
9.900155019000522,15,368.6718861135544,360.0,4.0,2.509999990463257,1.774149000084435
9.900155019000522,17,-573.938099238008,-579.0,1.0,-0.7799999713897705,2.161958000215236
10.000159179000548,11,34.652498089074214,26.0,-11.0,-3.8999998569488525,1.7383719996360014
10.000159179000548,13,-91.8774968755254,-101.0,22.0,-2.429999828338623,1.7652530004852451
10.000159179000548,15,370.24249061226755,361.0,11.0,1.659999966621399,1.9504370002323412
10.000159179000548,17,-572.3674947392949,-579.0,-1.0,-0.8700000047683716,1.9761329995162669
10.100181226000132,11,36.22338094922401,26.0,8.0,-3.5899999141693115,1.9799089996013208
10.100181226000132,13,-90.3066140153756,-98.0,26.0,-0.7699999809265137,1.8559399995865533
10.100181226000132,15,371.81337347241737,360.0,-9.0,3.1499998569488525,1.9976369994765264
10.100181226000132,17,-570.7966118791451,-578.0,27.0,-0.9599999785423279,1.9731889997274266
10.200158602000556,11,37.79201008210817,27.0,1.0,-4.529999732971191,1.7817970001487993
10.200158602000556,13,-88.73798488249145,-96.0,22.0,-0.009999999776482582,2.0455730000321637
10.200158602000556,15,373.3820026053015,360.0,16.0,4.400000095367432,1.8111409999619354
10.200158602000556,17,-569.227982746261,-576.0,34.0,-0.5,1.881829000012658
10.300180490000457,11,39.35823591743024,29.0,28.0,-1.5099999904632568,1.7950449991985806
10.300180490000457,13,-87.17175904716936,-93.0,22.0,0.38999998569488525,1.776517000507738
10.300180490000457,15,374.9482284406236,364.0,39.0,4.0,1.7824690003180876
10.300180490000457,17,-567.661756910939,-573.0,28.0,-0.11999999731779099,2.10726900058944
10.400177514000461,11,40.91942577581349,33.0,31.0,-4.579999923706055,1.8811879999702796
10.400177514000461,13,-85.61056918878612,-91.0,18.0,-0.5600000023841858,1.8017960001088795
10.400177514000461,15,376.5094182990068,366.0,13.0,3.919999837875366,1.9331570001668297
10.400177514000461,17,-566.1005670525557,-572.0,4.0,-0.5099999904632568,1.923429000271426
10.50016788100038,11,42.47432555421038,34.0,0.0,-3.2799999713897705,2.090150000185531
10.50016788100038,13,-84.05566941038923,-91.0,-3.0,-1.159999966621399,1.830276999498892
10.50016788100038,15,378.06431807740375,368.0,10.0,3.4800000190734863,2.2343410000758013
10.50016788100038,17,-564.5456672741587,-572.0,0.0,-0.6499999761581421,2.0066609995410545
10.600218633000623,11,44.02243686698251,35.0,15.0,-2.309999942779541,1.8479410000509233
10.600218633000623,13,-82.5075580976171,-90.0,0.0,-0.3199999928474426,1.8165490000683349
10.600218633000623,15,379.61242939017586,365.0,-30.0,3.809999942779541,1.928165000208537
10.600218633000623,17,-562.9975559613866,-571.0,13.0,0.23999999463558197,1.8409320000500884
10.700209417000224,11,45.56037004978663,37.0,20.0,-3.6599998474121094,1.9400370001676492
10.700209417000224,13,-80.96962491481298,-90.0,1.0,1.8899999856948853,2.3138300002756296
10.700209417000224,15,381.15036257298,365.0,0.0,6.119999885559082,2.01216499954171
10.700209417000224,17,-561.4596227785825,-568.0,22.0,0.5,2.220516999841493
10.80016669700035,11,47.087028258669115,40.0,29.0,-2.679999828338623,2.0389170003909385
10.80016669700035,13,-79.4429667059305,-88.0,30.0,2.5199999809265137,1.9392690001041046
10.80016669700035,15,382.6770207818625,366.0,24.0,7.149999618530273,1.9514929999786546
10.80016669700035,17,-559.9329645697001,-566.0,19.0,0.8399999737739563,1.842597000177193
10.900164583999867,11,48.60203562200212,42.0,9.0,-4.130000114440918,2.0982460000595893
10.900164583999867,13,-77.92795934259749,-85.0,31.0,1.8199999332427979,1.7901810006151209
10.900164583999867,15,384.1920281451955,370.0,41.0,6.569999694824219,1.9381810006962041
10.900164583999867,17,-558.417957206367,-564.0,12.0,-0.4399999976158142,2.8226310005265987
11.00016797600074,11,50.10335682890363,42.0,-9.0,-2.7899999618530273,2.0729970001411857
11.00016797600074,13,-76.42663813569598,-82.0,14.0,-0.41999998688697815,1.7435250001653912
11.00016797600074,15,385.69334935209696,374.0,40.0,4.190000057220459,2.0416699999259436
11.00016797600074,17,-556.9166359994655,-564.0,0.0,-0.5299999713897705,1.7618600004425389
11.100199239000176,11,51.589838307317436,42.0,3.0,-1.409999966621399,1.9851900005960488
11.100199239000176,13,-74.94015665728217,-80.0,18.0,-0.22999998927116394,1.8305639996469836
11.100199239000176,15,387.1798308305108,375.0,-13.0,3.509999990463257,4.526571000496915
11.100199239000176,17,-555.4301545210517,-563.0,12.0,0.3400000035762787,2.0373810002638493
11.200159495000662,11,53.058554730028135,44.0,20.0,-3.259999990463257,2.0252210006219684
11.200159495000662,13,-73.47144023457147,-79.0,8.0,2.359999895095825,1.813732999835338
11.200159495000662,15,388.6485472532215,374.0,0.0,5.87999963760376,1.7780210000637453
11.200159495000662,17,-553.961438098341,-560.0,32.0,0.3999999761581421,1.6398120005760575
11.30015693400037,11,54.50965458811559,46.0,28.0,-1.9399999380111694,2.0987259995308705
11.30015693400037,13,-72.02034037648403,-78.0,9.0,3.119999885559082,1.9348209998497623
11.30015693400037,15,390.09964711130897,376.0,29.0,6.859999656677246,2.0350459999463055
11.30015693400037,17,-552.5103382402535,-557.0,29.0,0.6100000143051147,2.0997490000809194
11.400159972999973,11,55.94123595721436,49.0,18.0,-2.5,1.8031719991995487
11.400159972999973,13,-70.58875900738525,-77.0,12.0,2.2899999618530273,1.770820000274398
11.400159972999973,15,391.5312284804077,378.0,26.0,6.289999961853027,1.928613000018231
11.400159972999973,17,-551.0787568711548,-557.0,0.0,1.100000023841858,1.8853490000765305
11.500202053000066,11,57.352350565555106,49.0,1.0,-1.6699999570846558,2.0313969998824177
11.500202053000066,13,-69.17764439904451,-76.0,7.0,1.5299999713897705,1.7831719997047912
11.500202053000066,15,392.9423430887485,380.0,20.0,5.789999961853027,1.9479090005916078
11.500202053000066,17,-549.6676422628141,-557.0,1.0,1.0499999523162842,1.938053000230866
11.600167076000616,11,58.73998118308768,50.0,12.0,-0.6299999952316284,1.8919089998234995
11.600167076000616,13,-67.79001378151193,-76.0,3.0,0.7699999809265137,1.7391080000379588
11.600167076000616,15,394.32997370628107,379.0,-22.0,4.299999713897705,1.8750129993350129
11.600167076000616,17,-548.2800116452814,-556.0,10.0,0.8199999928474426,1.9912369998564827
11.70018467600039,11,60.10456536849077,53.0,26.0,-2.740000009536743,1.9932529994548531
11.70018467600039,13,-66.42542959610884,-75.0,7.0,3.5399999618530273,1.7983409998123534
11.70018467600039,15,395.69455789168416,378.0,0.0,6.779999732971191,1.9336049999765237
11.70018467600039,17,-546.9154274598784,-554.0,16.0,1.8299999237060547,1.8664050003280863
11.800166339000498,11,61.443543523160784,55.0,24.0,-2.200000047683716,1.9641330000013113
11.800166339000498,13,-65.08645144143883,-73.0,27.0,4.559999942779541,1.9953649998569745
11.800166339000498,15,397.03353604635413,379.0,13.0,9.09000015258789,1.9421169999986887
11.800166339000498,17,-545.5764493052084,-551.0,19.0,2.0899999141693115,1.8434280000292347
11.90016685000046,11,62.756334238884875,57.0,11.0,-2.6499998569488525,2.174084999751358
11.90016685000046,13,-63.773660725714734,-70.0,32.0,3.2799999713897705,1.7748849995768978
11.90016685000046,15,398.3463267620782,382.0,52.0,8.119999885559082,1.8737330001386
11.90016685000046,17,-544.2636585894843,-550.0,14.0,1.1299999952316284,1.896772999316454
12.000191650000488,11,64.04169576250992,57.0,-3.0,-1.9399999380111694,1.9079089997831034
12.000191650000488,13,-62.48829920208969,-68.0,18.0,1.4399999380111694,1.810596000723308
12.000191650000488,15,399.63168828570326,388.0,52.0,5.380000114440918,1.904964999994263
12.000191650000488,17,-542.9782970658592,-549.0,0.0,0.44999998807907104,1.9373810000615777
12.10018528100045,11,65.29764999890776,57.0,9.0,-0.1599999964237213,2.269061999868427
12.10018528100045,13,-61.23234496569185,-66.0,18.0,1.0299999713897705,1.8068210001729312
12.10018528100045,15,400.8876425221011,389.0,-13.0,3.7799999713897705,2.2392700002455967
12.10018528100045,17,-541.7223428294614,-549.0,6.0,0.949999988079071,2.0497650002653245
12.200187903999904,11,66.52347138159386,60.0,27.0,-2.240000009536743,1.9851890001518768
12.200187903999904,13,-60.006523583005745,-65.0,8.0,3.4700000286102295,2.014052999584237
12.200187903999904,15,402.11346390478724,388.0,-3.0,6.389999866485596,1.7463079993831343
12.200187903999904,17,-540.4965214467753,-546.0,37.0,1.2300000190734863,1.8305009998584865
12.300198655000713,11,67.71793160864836,62.0,19.0,-1.709999918937683,2.021253000748402
12.300198655000713,13,-58.81206335595125,-64.0,13.0,3.6599998474121094,1.977765000447107
12.300198655000713,15,403.30792413184173,388.0,15.0,8.269999504089355,1.8375399995420594
12.300198655000713,17,-539.3020612197208,-543.0,31.0,1.0399999618530273,2.057924999462557
12.400163390000671,11,68.8792238780953,64.0,1.0,-1.8399999141693115,1.7426919994250056
12.400163390000671,13,-57.65077108650431,-63.0,7.0,3.379999876022339,1.798692000193114
12.400163390000671,15,404.4692164012887,392.0,29.0,6.869999885559082,1.7905009999594768
12.400163390000671,17,-538.1407689502738,-543.0,1.0,1.5399999618530273,2.1257970001897775
12.500187485000424,11,70.00741914395381,64.0,0.0,-1.5699999332427979,2.0085169999219943
12.500187485000424,13,-56.5225758206458,-62.0,6.0,2.669999837875366,1.8806770003720885
12.500187485000424,15,405.5974116671472,394.0,18.0,6.339999675750732,1.9291250000605942
12.500187485000424,17,-537.0125736844153,-543.0,2.0,1.409999966621399,1.8691249997573323
12.600176700000702,11,71.10032905306798,64.0,12.0,-0.44999998807907104,1.788261000001512
12.600176700000702,13,-55.429665911531636,-62.0,0.0,1.559999942779541,1.7470439997850917
12.600176700000702,15,406.69032157626134,393.0,-30.0,4.509999752044678,1.9962289998147753
12.600176700000702,17,-535.9196637753012,-543.0,4.0,1.309999942779541,2.389029999903869
12.700182075000157,11,72.15744250141067,67.0,25.0,-2.419999837875366,1.9167090003975318
12.700182075000157,13,-54.37255246318894,-62.0,5.0,4.690000057220459,1.952229000380612
12.700182075000157,15,407.74743502460404,391.0,-10.0,7.779999732971191,1.8177960000684834
12.700182075000157,17,-534.8625503269585,-540.0,42.0,1.7400000095367432,2.044806000412791
12.800195034000353,11,73.17761258144623,69.0,15.0,-2.240000009536743,1.963908999641717
12.800195034000353,13,-53.352382383153376,-59.0,41.0,4.069999694824219,1.9268209998699604
12.800195034000353,15,408.7676051046396,392.0,24.0,9.359999656677246,1.73491700024897
12.800195034000353,17,-533.8423802469229,-537.0,27.0,1.6100000143051147,2.1012209999753395
12.900171897000291,11,74.15940321442017,69.0,2.0,-1.6799999475479126,2.1356859997467836
12.900171897000291,13,-52.37059175017944,-56.0,31.0,2.869999885559082,1.913412999783759
12.900171897000291,15,409.74939573761355,398.0,67.0,6.239999771118164,1.9956530004492379
12.900171897000291,17,-532.860589613949,-537.0,4.0,1.6999999284744263,3.1805840008019004
13.000169016000655,11,75.10240788228423,69.0,0.0,-1.1699999570846558,1.918020999255532
13.000169016000655,13,-51.427587082315384,-55.0,6.0,1.5099999904632568,1.7928369998116978
13.000169016000655,15,410.6924004054776,403.0,43.0,3.9099998474121094,2.1115250001457753
13.000169016000655,17,-531.917584946085,-536.0,3.0,0.9699999690055847,1.7189159998451942
13.100466839000546,11,76.00814778806463,70.0,12.0,-1.1899999380111694,2.011813000535767
13.100466839000546,13,-50.52184717653498,-55.0,-6.0,1.7799999713897705,1.8282290002389345
13.100466839000546,15,411.59814031125796,403.0,-19.0,3.6599998474121094,1.7220839999936288
13.100466839000546,17,-531.0118450403045,-536.0,5.0,1.3799999952316284,1.9283889996586367
13.200189557000158,11,76.86798936485346,72.0,25.0,-2.450000047683716,1.9171240001014667
13.200189557000158,13,-49.662005599746145,-55.0,7.0,4.5,1.7787240003599436
13.200189557000158,15,412.45798188804685,401.0,-1.0,6.519999980926514,2.0188209991829353
13.200189557000158,17,-530.1520034635157,-534.0,25.0,1.809999942779541,2.0328370001152507
13.300170932000583,11,77.68846577226216,74.0,6.0,-1.9799998998641968,2.1234619998722337
13.300170932000583,13,-48.84152919233745,-53.0,31.0,3.4700000286102295,1.7942770000445307
13.300170932000583,15,413.2784582954555,402.0,15.0,6.359999656677246,1.917188999868813
13.300170932000583,17,-529.331527056107,-532.0,14.0,1.0499999523162842,1.9907569994757068
13.400241715000448,11,78.4671607336494,75.0,1.0,-2.25,2.076869000120496
13.400241715000448,13,-48.06283423095022,-51.0,10.0,2.309999942779541,2.129893000528682
13.400241715000448,15,414.05715325684275,405.0,32.0,5.019999980926514,1.8044520002149511
13.400241715000448,17,-528.5528320947197,-531.0,0.0,0.85999995470047,1.9193959997210186
13.500176081000063,11,79.2015795329024,75.0,0.0,-2.2799999713897705,1.9902130006812513
13.500176081000063,13,-47.32841543169721,-51.0,-1.0,2.3299999237060547,1.937093000378809
13.500176081000063,15,414.7915720560958,407.0,12.0,4.650000095367432,2.0409969993124832
13.500176081000063,17,-527.8184132954667,-531.0,0.0,0.7599999904632568,1.754724999955215
13.6001901919999,11,79.89262228168221,75.0,6.0,-0.949999988079071,1.9995570000901353
13.6001901919999,13,-46.63737268291741,-51.0,-7.0,2.200000047683716,1.8310450004719314
13.6001901919999,15,415.48261480487554,405.0,-37.0,3.7699999809265137,1.765444999364263
13.6001901919999,17,-527.127370546687,-531.0,3.0,1.2799999713897705,1.7701480001051095
13.700196751000476,11,80.53895631610757,78.0,27.0,-3.7300000190734863,2.0289650001359405
13.700196751000476,13,-45.991038648492044,-51.0,3.0,5.25,1.8243889999212115
13.700196751000476,15,416.1289488393009,403.0,-2.0,6.759999752044678,1.9226609992983867
13.700196751000476,17,-526.4810365122615,-529.0,35.0,1.5299999713897705,1.8749490000118385
13.800215182000102,11,81.14006618647522,79.0,-1.0,-2.6499998569488525,2.194916999542329
13.800215182000102,13,-45.38992877812439,-48.0,31.0,3.7200000286102295,1.9554290001906338
13.800215182000102,15,416.7300587096686,405.0,41.0,6.579999923706055,1.710755999738467
13.800215182000102,17,-525.8799266418939,-528.0,2.0,1.6899999380111694,1.9358130002729013
13.90018529200006,11,81.69502199620467,79.0,-1.0,-2.2200000286102295,1.8736370002443437
13.90018529200006,13,-44.834972968394936,-46.0,16.0,1.209999918937683,1.7711089994918439
13.90018529200006,15,417.28501451939803,411.0,54.0,3.319999933242798,2.0101170002817526
13.90018529200006,17,-525.3249708321645,-527.0,6.0,1.0699999332427979,1.842083999690658
14.000195307000467,11,82.20377146199675,79.0,0.0,-2.450000047683716,2.131108999492426
14.000195307000467,13,-44.32622350260286,-46.0,-6.0,1.459999918937683,1.768484000422177
14.000195307000467,15,417.79376398519014,414.0,10.0,2.8899998664855957,1.954501000000164
14.000195307000467,17,-524.8162213663724,-527.0,0.0,0.7299999594688416,1.921091999975033
14.100182249000682,11,82.66548060107691,80.0,8.0,-2.299999952316284,1.9170609994034749
14.100182249000682,13,-43.8645143635227,-47.0,-4.0,1.9299999475479126,1.7642610000621062
14.100182249000682,15,418.2554731242703,412.0,-36.0,3.879999876022339,1.870852999672934
14.100182249000682,17,-524.3545122272923,-527.0,3.0,1.3600000143051147,2.100005000102101
14.200174343000072,11,83.07983675049127,82.0,21.0,-3.7200000286102295,2.108900999701291
14.200174343000072,13,-43.450158214108335,-47.0,6.0,4.089999675750732,1.8566130002000136
14.200174343000072,15,418.6698292736846,410.0,0.0,5.809999942779541,1.7730279996612808
14.200174343000072,17,-523.9401560778779,-525.0,11.0,1.5899999141693115,2.033252999353863
14.300176933999865,11,83.44644201230633,82.0,0.0,-2.309999942779541,1.948836999872583
14.300176933999865,13,-43.083552952293275,-45.0,18.0,2.5199999809265137,1.7621169999983977
14.300176933999865,15,419.03643453549967,411.0,24.0,4.909999847412109,1.846819999627769
14.300176933999865,17,-523.5735508160628,-525.0,9.0,1.1899999380111694,1.7873959995995392
14.402303561000735,11,83.77112763856653,82.0,0.0,-2.200000047683716,2.0828529995924328
14.402303561000735,13,-42.758867326033084,-44.0,-2.0,2.1599998474121094,1.9930930002374225
14.402303561000735,15,419.3611201617599,414.0,26.0,3.509999990463257,1.8853490000765305
14.402303561000735,17,-523.2488651898026,-525.0,1.0,1.2599999904632568,2.413573999547225
14.500153826000314,11,84.03479267480074,82.0,2.0,-2.7899999618530273,2.002277999963553
14.500153826000314,13,-42.495202289798875,-44.0,-1.0,2.3299999237060547,1.8474600001354702
14.500153826000314,15,419.6247851979941,415.0,5.0,3.740000009536743,1.7526129995530937
14.500153826000314,17,-522.9852001535684,-525.0,0.0,1.2599999904632568,1.8278440002177376
14.60029942500023,11,84.25632204436289,83.0,8.0,-2.1599998474121094,1.9747249998545158
14.60029942500023,13,-42.27367292023673,-44.0,-3.0,1.559999942779541,1.7448359994887142
14.60029942500023,15,419.84631456755625,413.0,-30.0,3.179999828338623,2.0846460001848754
14.60029942500023,17,-522.7636707840063,-525.0,3.0,1.4800000190734863,3.500552999867068
14.700195295000412,11,84.42838454246655,84.0,1.0,-3.0399999618530273,1.7744050001056166
14.700195295000412,13,-42.10161042213306,-45.0,1.0,4.029999732971191,1.7510130001028301
14.700195295000412,15,420.01837706565993,412.0,-1.0,5.329999923706055,1.9673969991345075
14.700195295000412,17,-522.5916082859026,-523.0,16.0,0.9399999976158142,1.8559410000307253
14.800266526000087,11,84.55159683523834,84.0,-3.0,-2.319999933242798,1.9686129999172408
14.800266526000087,13,-41.97839812936127,-43.0,20.0,2.069999933242798,1.8816370002241456
14.800266526000087,15,420.1415893584317,413.0,26.0,4.360000133514404,2.0096370008104714
14.800266526000087,17,-522.4683959931308,-523.0,3.0,0.9699999690055847,2.25827800022671
14.900168636000672,11,84.6254088641771,84.0,0.0,-2.3399999141693115,1.8144679997931235
14.900168636000672,13,-41.90458610042251,-42.0,-2.0,1.9199999570846558,1.7607720001251437
14.900168636000672,15,420.21540138737043,416.0,25.0,3.1499998569488525,1.9294129997433629
14.900168636000672,17,-522.3945839641921,-523.0,0.0,0.9300000071525574,2.0290290003686096
15.000164410000252,11,84.64999764448619,84.0,0.0,-2.5799999237060547,1.9035250006709248
15.000164410000252,13,-41.87999732011342,-42.0,0.0,1.959999918937683,1.7549800004417193
15.000164410000252,15,420.23999016767954,417.0,1.0,3.5,2.2552700002052006
15.000164410000252,17,-522.3699951838829,-523.0,0.0,0.9300000071525574,1.8085159999827738
15.10016332000032,11,84.62524508175372,84.0,10.0,-2.0799999237060547,2.1036210000602296
15.10016332000032,13,-41.904749882845884,-42.0,-4.0,1.5299999713897705,1.8301489999430487
15.10016332000032,15,420.2152376049471,415.0,-24.0,2.859999895095825,1.9636530005300301
15.10016332000032,17,-522.3947477466154,-523.0,1.0,1.090000033378601,2.0733810006277054
15.200186838000263,11,84.55114976622471,85.0,-3.0,-3.2100000381469727,1.8879090002883459
15.200186838000263,13,-41.97884519837489,-43.0,3.0,2.7100000381469727,1.790116999472957
15.200186838000263,15,420.1411422894181,414.0,-9.0,4.779999732971191,1.7138929997599917
15.200186838000263,17,-522.4688430621444,-523.0,0.0,1.2999999523162842,1.863333000073908
15.300173716000245,11,84.42783907154185,84.0,0.0,-2.619999885559082,2.153413000087312
15.300173716000245,13,-42.10215589305776,-42.0,16.0,2.109999895095825,1.9017009999515722
15.300173716000245,15,420.0178315947352,414.0,8.0,4.349999904632568,1.7762280003807973
15.300173716000245,17,-522.5921537568273,-522.0,0.0,1.409999966621399,1.9976049998149392
15.400174098000207,11,84.25538995078202,84.0,0.0,-2.5899999141693115,1.9911730005333084
15.400174098000207,13,-42.274605013817585,-42.0,1.0,2.3299999237060547,1.724005000141915
15.400174098000207,15,419.8453824739754,416.0,14.0,3.6499998569488525,1.9818609998765169
15.400174098000207,17,-522.7646028775871,-522.0,3.0,1.2200000286102295,2.0581810003932333
15.50018664000072,11,84.03395603176327,84.0,0.0,-2.690000057220459,1.9439090001469594
15.50018664000072,13,-42.496038932836335,-42.0,5.0,2.2200000286102295,1.787332999811042
15.50018664000072,15,419.62394855495666,417.0,3.0,3.9099998474121094,1.7742130003171042
15.50018664000072,17,-522.9860367966058,-522.0,0.0,1.3399999141693115,1.888260999294289
15.600192333999985,11,83.7637940461388,84.0,-6.0,-2.690000057220459,1.9294129997433629
15.600192333999985,13,-42.76620091846081,-42.0,-18.0,1.2400000095367432,1.8199410005763639
15.600192333999985,15,419.35378656933216,416.0,-17.0,2.299999952316284,1.8892850002885098
15.600192333999985,17,-523.2561987822303,-523.0,-7.0,0.4699999988079071,1.8566439994174289
15.700189804000729,11,83.44518534163464,84.0,0.0,-3.7699999809265137,1.9957489994339994
15.700189804000729,13,-43.084809622964976,-44.0,1.0,2.819999933242798,1.7922930001077475
15.700189804000729,15,419.035177864828,414.0,-18.0,4.21999979019165,1.9591730006141006
15.700189804000729,17,-523.5748074867345,-523.0,0.0,0.8700000047683716,1.8809969997164444
15.80017850600052,11,83.07845837354802,83.0,-1.0,-2.5299999713897705,1.9897649999620626
15.80017850600052,13,-43.45153659105159,-43.0,17.0,2.440000057220459,1.80950899994059
15.80017850600052,15,418.6684508967414,414.0,2.0,4.429999828338623,1.7489319998276187
15.80017850600052,17,-523.9415344548211,-523.0,0.0,0.9899999499320984,1.9640049995359732
15.900180616000398,11,82.66389038941603,84.0,0.0,-2.509999990463257,2.0191089997751988
15.900180616000398,13,-43.86610457518358,-42.0,4.0,1.9499999284744263,1.7843890000222018
15.900180616000398,15,418.2538829126094,415.0,12.0,4.110000133514404,2.0062450003024423
15.900180616000398,17,-524.3561024389531,-523.0,1.0,0.8700000047683716,1.8688359996303916
16.000173286000063,11,82.20198232044837,84.0,0.0,-2.629999876022339,2.0529009998426773
16.000173286000063,13,-44.328012644151244,-42.0,0.0,2.009999990463257,1.7776049999156385
16.000173286000063,15,417.7919748436417,416.0,10.0,3.819999933242798,1.9231729993407498
16.000173286000063,17,-524.8180105079208,-523.0,0.0,0.949999988079071,1.8985330007126322
16.100177827000152,11,81.69308988885292,84.0,-6.0,-2.9700000286102295,1.8916530007118126
16.100177827000152,13,-44.836905075746685,-43.0,-21.0,1.209999918937683,1.7567729992151726
16.100177827000152,15,417.28308241204627,415.0,-17.0,2.0799999237060547,1.7838119993029977
16.100177827000152,17,-525.3269029395162,-523.0,-10.0,-0.17999999225139618,1.998085000195715
16.20024809700044,11,81.13738724671924,82.0,-12.0,-3.2100000381469727,2.0322929995018058
16.20024809700044,13,-45.392607717880374,-46.0,-13.0,3.0,1.9017650001842412
16.20024809700044,15,416.7273797699126,413.0,-33.0,4.699999809265137,1.736772999720415
16.20024809700044,17,-525.88260558165,-525.0,-5.0,1.209999918937683,1.8207080001957365
16.300223615000505,11,80.5363338858019,82.0,-2.0,-2.450000047683716,1.8641329997990397
16.300223615000505,13,-45.99366107879771,-46.0,8.0,3.129999876022339,1.7960360000870423
16.300223615000505,15,416.1263264089953,411.0,0.0,4.96999979019165,1.8532210006014793
16.300223615000505,17,-526.4836589425672,-525.0,1.0,1.5099999904632568,1.8711080001594382
16.400178716000482,11,79.89015498814113,82.0,0.0,-2.440000057220459,1.8985010001415503
16.400178716000482,13,-46.639839976458475,-44.0,13.0,2.2100000381469727,1.796325000213983
16.400178716000482,15,415.4801475113345,412.0,16.0,4.449999809265137,1.805156999580504
16.400178716000482,17,-527.129837840228,-525.0,2.0,1.209999918937683,2.1044850000180304
16.500227098000323,11,79.19870431094888,82.0,1.0,-2.429999828338623,1.9851570004902896
16.500227098000323,13,-47.331290653650726,-44.0,0.0,2.200000047683716,1.7681970002740854
16.500227098000323,15,414.78869683414223,414.0,13.0,4.130000114440918,1.8500850001146318
16.500227098000323,17,-527.8212885174203,-525.0,0.0,1.4199999570846558,2.0791090000784607
16.600185463000344,11,78.46392817204085,82.0,-5.0,-3.4099998474121094,1.7175399998450303
16.600185463000344,13,-48.06606679255876,-45.0,-21.0,1.350000023841858,1.8433320001349784
16.600185463000344,15,414.0539206952342,413.0,-26.0,1.8499999046325684,1.9849969994538696
16.600185463000344,17,-528.5560646563283,-525.0,-18.0,0.5099999904632568,1.884612999674573
16.70017794100022,11,77.68567617720913,80.0,-26.0,-2.929999828338623,1.953637000042363
16.70017794100022,13,-48.844318787390485,-48.0,-19.0,2.669999837875366,1.9014770005014725
16.70017794100022,15,413.2756687004025,409.0,-35.0,4.859999656677246,1.8555239994384465
16.70017794100022,17,-529.3343166511601,-528.0,-28.0,1.659999966621399,2.081605000057607
16.800171730999864,11,76.86494850836024,79.0,-4.0,-2.869999885559082,1.9870129999617347
16.800171730999864,13,-49.66504645623937,-48.0,0.0,3.0299999713897705,1.8156529995394521
16.800171730999864,15,412.45494103155363,407.0,1.0,5.559999942779541,1.9686450004883227
16.800171730999864,17,-530.1550443200089,-528.0,1.0,1.5399999618530273,1.9221169995944365
16.900168144000418,11,76.00254179271862,79.0,-1.0,-2.690000057220459,1.9926129998566466
16.900168144000418,13,-50.52745317188099,-48.0,2.0,2.879999876022339,1.7838120002124924
16.900168144000418,15,411.59253431591196,409.0,21.0,4.849999904632568,2.027237000220339
16.900168144000418,17,-531.0174510356505,-528.0,2.0,1.5,1.8616049992488115
17.000172013999872,11,75.09925918123173,79.0,0.0,-2.809999942779541,2.0263729993530433
17.000172013999872,13,-51.430735783367886,-47.0,4.0,2.5899999141693115,1.7406449996997253
17.000172013999872,15,410.6892517044251,410.0,12.0,4.659999847412109,1.947077000295394
17.000172013999872,17,-531.9207336471375,-528.0,2.0,1.5299999713897705,1.66272500064224
17.100265131000015,11,74.1551956385219,79.0,-13.0,-2.009999990463257,1.9931890001316788
17.100265131000015,13,-52.37479932607771,-48.0,-16.0,0.9599999785423279,1.8566119997558417
17.100265131000015,15,409.74518816171525,409.0,-38.0,1.8899999856948853,1.823173000047973
17.100265131000015,17,-532.8647971898472,-528.0,-13.0,0.25999999046325684,1.8856679998862091
17.200191784000708,11,73.17373951730438,77.0,-28.0,-3.240000009536743,1.8004840003413847
17.200191784000708,13,-53.356255447295226,-51.0,-28.0,2.809999942779541,2.013125999837939
17.200191784000708,15,408.76373204049776,405.0,-43.0,5.480000019073486,1.8349800002397387
17.200191784000708,17,-533.8462533110647,-531.0,-37.0,1.4800000190734863,1.848901000812475
17.30019946199991,11,72.15347913524388,75.0,-11.0,-2.9700000286102295,2.0642609997594263
17.30019946199991,13,-54.376515829355725,-53.0,-2.0,3.4700000286102295,1.8439089999446878
17.30019946199991,15,407.7434716584372,403.0,0.0,6.119999885559082,1.9184369994036388
17.30019946199991,17,-534.8665136931253,-532.0,0.0,0.8999999761581421,1.874084999144543
17.400158467000438,11,71.09672506665842,75.0,0.0,-2.879999876022339,1.914469000439567
17.400158467000438,13,-55.43326989794119,-52.0,13.0,2.740000009536743,1.7858920000435319
17.400158467000438,15,406.6867175898518,404.0,17.0,5.75,1.767972999914491
17.400158467000438,17,-535.9232677617107,-532.0,1.0,0.9599999785423279,2.3043580004014075
17.50021129600009,11,70.00298978413193,75.0,0.0,-2.5299999713897705,1.880836999589519
17.50021129600009,13,-56.52700518046769,-51.0,2.0,2.809999942779541,2.029606000178319
17.50021129600009,15,405.59298230732526,406.0,16.0,5.199999809265137,2.1012850002080086
17.50021129600009,17,-537.0170030442372,-532.0,0.0,0.8299999833106995,1.9544679998944048
17.600181757999962,11,68.87527171140536,75.0,-11.0,-1.75,1.894115999675705
17.600181757999962,13,-57.65472325319425,-52.0,-16.0,1.2300000190734863,1.79398799991759
17.600181757999962,15,404.46526423459875,405.0,-40.0,2.7300000190734863,1.806277000468981
17.600181757999962,17,-538.1447211169638,-532.0,-10.0,-0.3100000023841858,2.1505660006369
17.700190427000052,11,67.71334717072011,73.0,-28.0,-2.4600000381469727,1.9669809998958954
17.700190427000052,13,-58.816647793879504,-55.0,-32.0,2.9099998474121094,1.7383399999744142
17.700190427000052,15,403.3033396939135,399.0,-55.0,5.739999771118164,1.7256689998248476
17.700190427000052,17,-539.306645657649,-535.0,-21.0,0.2199999988079071,1.8547569998190738
17.80018671200014,11,66.51893733228152,70.0,-17.0,-2.490000009536743,1.9622449999587843
17.80018671200014,13,-60.01105763231808,-58.0,-12.0,3.679999828338623,1.7884529997900245
17.80018671200014,15,402.1089298554749,397.0,-1.0,6.71999979019165,2.126020999639877
17.80018671200014,17,-540.5010554960876,-537.0,-2.0,1.25,1.77878900012729
17.900193813000442,11,65.29294478318582,69.0,-9.0,-1.959999918937683,1.7056999995475053
17.900193813000442,13,-61.23705018141379,-57.0,5.0,3.4800000190734863,1.795780999600538
17.900193813000442,15,400.8829373063792,398.0,15.0,6.569999694824219,1.9137330000376096
17.900193813000442,17,-541.7270480451833,-537.0,1.0,1.5,1.8032360003417125
18.000188755000636,11,64.03686157384426,69.0,0.0,-1.6899999380111694,1.9841009998344816
18.000188755000636,13,-62.49313339075535,-56.0,5.0,2.690000057220459,1.8827240000973688
18.000188755000636,15,399.6268540970376,400.0,17.0,6.019999980926514,1.7187570001624408
18.000188755000636,17,-542.9831312545249,-537.0,2.0,1.5099999904632568,1.7107570001826389
18.10020651100058,11,62.7514836050877,69.0,-13.0,-1.3299999237060547,1.7709159992591594
18.10020651100058,13,-63.77851135951191,-57.0,-17.0,1.0199999809265137,2.0114930002819165
18.10020651100058,15,398.34147612828104,399.0,-38.0,3.109999895095825,1.9470449997243122
18.10020651100058,17,-544.2685092232814,-537.0,-10.0,0.07000000029802322,1.8842930003302172
18.200212843999907,11,61.43851452007266,68.0,-26.0,-2.5399999618530273,2.0029489996886696
18.200212843999907,13,-65.09148044452695,-60.0,-33.0,2.869999885559082,1.8531880004957202
18.200212843999907,15,397.028507043266,394.0,-50.0,5.869999885559082,1.8854450008802814
18.200212843999907,17,-545.5814783082965,-540.0,-34.0,0.6599999666213989,1.8725809995885356
18.300191049000205,11,60.099485374058936,65.0,-23.0,-2.319999933242798,1.7960690001928015
18.300191049000205,13,-66.43050959054068,-63.0,-26.0,3.879999876022339,1.7976690005525597
18.300191049000205,15,395.6894778972523,391.0,-7.0,6.940000057220459,2.6576069994916907
18.300191049000205,17,-546.9205074543102,-543.0,-12.0,1.2200000286102295,2.0397809994392446
18.400186182000652,11,58.73511858110273,63.0,-7.0,-2.119999885559082,1.9779889998972067
18.400186182000652,13,-67.79487638349687,-63.0,4.0,3.3499999046325684,1.9716850001714192
18.400186182000652,15,394.32511110429607,391.0,2.0,7.679999828338623,1.8881650003095274
18.400186182000652,17,-548.2848742472664,-543.0,1.0,1.159999966621399,1.9283890005681315
18.500159523000548,11,57.34729000204912,63.0,0.0,-1.9199999570846558,1.9357490000402322
18.500159523000548,13,-69.18270496255049,-62.0,9.0,2.93999981880188,1.778372999979183
18.500159523000548,15,392.9372825252425,393.0,22.0,6.75,1.8262449993926566
18.500159523000548,17,-549.67270282632,-543.0,0.0,1.2699999809265137,2.1344690003388678
18.60017484800028,11,55.93647714442109,63.0,-14.0,-0.7400000095367432,1.9299569994473131
18.60017484800028,13,-70.59351782017852,-63.0,-6.0,0.8700000047683716,1.7140210002253298
18.60017484800028,15,391.52646966761444,392.0,-41.0,3.18999981880188,1.959236999937275
18.60017484800028,17,-551.083515683948,-543.0,-10.0,-0.14999999105930328,1.8237799995404202
18.70017282900062,11,54.50490070110915,62.0,-24.0,-2.569999933242798,1.9065329997829394
18.70017282900062,13,-72.02509426349046,-64.0,-25.0,2.2100000381469727,1.7800370005716104
18.70017282900062,15,390.0948932243025,387.0,-45.0,5.489999771118164,1.6736999996282975
18.70017282900062,17,-552.51509212726,-546.0,-29.0,0.3999999761581421,1.8580199994175928
18.80018101800033,11,53.05358156678628,59.0,-31.0,-2.6499998569488525,1.9131570006720722
18.80018101800033,13,-73.47641339781333,-68.0,-34.0,3.5999999046325684,1.860964999650605
18.80018101800033,15,388.64357408997967,384.0,-2.0,6.809999942779541,1.9430129996180767
18.80018101800033,17,-553.9664112615828,-549.0,-6.0,0.1599999964237213,1.968196999769134
18.900174519000757,11,51.58431442573588,57.0,-5.0,-1.649999976158142,1.9982450003226404
18.900174519000757,13,-74.94568053886373,-69.0,-9.0,3.2699999809265137,1.7384050006512552
18.900174519000757,15,387.17430694892926,385.0,2.0,7.489999771118164,1.7802289994506282
18.900174519000757,17,-555.4356784026332,-549.0,0.0,0.29999998211860657,1.8613490001371247
19.000183572000424,11,50.098104992599275,57.0,0.0,-2.2899999618530273,1.9902129997717566
19.000183572000424,13,-76.43188997200033,-69.0,3.0,3.25,1.8073000001095352
19.000183572000424,15,385.6880975157926,386.0,12.0,7.37999963760376,1.713988999654248
19.000183572000424,17,-556.9218878357699,-549.0,0.0,0.28999999165534973,1.980004999495577
19.100177488000554,11,48.59687571667726,57.0,-18.0,-0.6599999666213989,1.9887409998773364
19.100177488000554,13,-77.93311924792235,-69.0,0.0,0.4699999988079071,1.797187999727612
19.100177488000554,15,384.1868682398706,384.0,-44.0,3.559999942779541,1.955396999619552
19.100177488000554,17,-558.4231171116919,-549.0,-15.0,-0.41999998688697815,2.656805999322387
19.20018218899986,11,47.081720140219254,55.0,-25.0,-2.669999837875366,2.0052849995408906
19.20018218899986,13,-79.44827482438035,-71.0,-27.0,1.3299999237060547,1.845925000452553
19.20018218899986,15,382.6717126634126,380.0,-36.0,5.009999752044678,1.8370929992670426
19.20018218899986,17,-559.9382726881499,-552.0,-18.0,-0.5999999642372131,1.8218289997093962
19.300162985000497,11,45.554661261311374,52.0,-35.0,-2.3899998664855957,1.8168050000895164
19.300162985000497,13,-80.97533370328824,-74.0,-35.0,2.359999895095825,1.7177970003103837
19.300162985000497,15,381.1446537845047,378.0,-1.0,5.96999979019165,1.7483559995525866
19.300162985000497,17,-561.4653315670578,-555.0,-19.0,0.0,1.8430770005579689
19.400160870000036,11,44.016581247507915,50.0,-10.0,-1.909999966621399,1.950853000380448
19.400160870000036,13,-82.5134137170917,-76.0,-15.0,2.8399999141693115,1.940389000083087
19.400160870000036,15,379.6065737707013,378.0,0.0,6.699999809265137,2.0294129999456345
19.400160870000036,17,-563.0034115808612,-557.0,-4.0,0.9699999690055847,1.8682600002648542
19.500204355000278,11,42.468550466675225,50.0,0.0,-2.8899998664855957,1.8537960004323395
19.500204355000278,13,-84.06144449792438,-77.0,6.0,2.6499998569488525,1.80301300042629
19.500204355000278,15,378.05854298986856,378.0,5.0,7.269999980926514,1.6948519996731193
19.500204355000278,17,-564.551442361694,-557.0,1.0,1.100000023841858,1.9405169996389304
19.600202687000092,11,40.91350068195574,50.0,-14.0,-1.1899999380111694,1.9115569994028192
19.600202687000092,13,-85.61649428264387,-76.0,5.0,-0.03999999910593033,1.7770289996406063
19.600202687000092,15,376.5034932051491,376.0,-46.0,3.379999876022339,1.7831079994721222
19.600202687000092,17,-566.1064921464134,-557.0,-7.0,-0.41999998688697815,1.881924000372237
19.70017452400043,11,39.352684119951846,48.0,-31.0,-3.3299999237060547,1.9373490003999905
19.70017452400043,13,-87.17731084464776,-77.0,-23.0,0.17000000178813934,1.801092000278004
19.70017452400043,15,374.9426766431452,373.0,-27.0,4.429999828338623,2.648742999554088
19.70017452400043,17,-567.6673087084173,-560.0,-41.0,0.07999999821186066,2.04714099982084
19.800292889000048,11,37.78493206311912,45.0,-39.0,-2.200000047683716,1.7800999994506128
19.800292889000048,13,-88.7450629014805,-80.0,-37.0,1.1299999952316284,1.835045000007085
19.800292889000048,15,373.3749245863125,372.0,0.0,4.929999828338623,1.8873640001402237
19.800292889000048,17,-569.2350607652501,-563.0,-40.0,0.4899999797344208,1.6336680000677006
19.90017157300008,11,36.21784193027549,42.0,-10.0,-2.4600000381469727,1.9684529997903155
19.90017157300008,13,-90.31215303432413,-84.0,-27.0,2.429999828338623,1.7648689999987255
19.90017157300008,15,371.80783445346884,372.0,-1.0,5.759999752044678,1.7637169994486612
19.90017157300008,17,-570.8021508980936,-564.0,-2.0,-0.28999999165534973,1.8767729998216964
20.000174097000126,11,34.647263001899994,42.0,-1.0,-4.639999866485596,2.0147900004303665
20.000174097000126,13,-91.88273196269962,-84.0,1.0,1.959999918937683,2.0503089999692747
20.000174097000126,15,370.23725552509336,372.0,1.0,6.119999885559082,1.8002920005528722
20.000174097000126,17,-572.3727298264691,-564.0,0.0,-0.2199999988079071,1.8712680002863635
20.100168750000194,11,33.07681034864873,42.0,-8.0,-2.25,2.0104689992876956
20.100168750000194,13,-93.45318461595089,-83.0,11.0,-0.6299999952316284,1.8034919994533993
20.100168750000194,15,368.6668028718421,369.0,-54.0,2.950000047683716,1.9458930000837427
20.100168750000194,17,-573.9431824797205,-564.0,-4.0,-1.399999976158142,1.8427569993946236
20.200163594000514,11,31.50790708108483,41.0,-21.0,-5.819999694824219,1.802499999939755
20.200163594000514,13,-95.02208788351477,-84.0,-18.0,-1.25,1.7195560003528954
20.200163594000514,15,367.0978996042782,366.0,-18.0,3.25,2.037636999375536
20.200163594000514,17,-575.5120857472843,-567.0,-35.0,-0.85999995470047,2.4187580002035247
20.300174374000562,11,29.941855147969008,37.0,-45.0,-2.549999952316284,2.042469000116398
20.300174374000562,13,-96.5881398166306,-88.0,-40.0,-0.10999999940395355,1.7175720004161121
20.300174374000562,15,365.5318476711624,366.0,0.0,3.7300000190734863,1.87280499994813
20.300174374000562,17,-577.0781376804001,-570.0,-26.0,-0.8700000047683716,1.8684200003917795
20.40019289800057,11,28.380329902496584,35.0,-3.0,-3.2899999618530273,1.920100999996066
20.40019289800057,13,-98.14966506210303,-91.0,-29.0,1.090000033378601,1.9547570000213454
20.40019289800057,15,363.97032242569,365.0,-4.0,4.46999979019165,1.8474929993317346
20.40019289800057,17,-578.6396629258726,-572.0,-5.0,-0.3100000023841858,1.9291239996164222
20.50016668600074,11,26.825688407906732,35.0,-1.0,-5.769999980926514,1.9231400001444854
20.50016668600074,13,-99.70430655669288,-92.0,-3.0,1.2300000190734863,1.9651570000860374
20.50016668600074,15,362.4156809311001,365.0,0.0,5.139999866485596,2.0728049994431785
20.50016668600074,17,-580.1943044204625,-572.0,0.0,-0.07999999821186066,2.0473009999477654
20.600206394999987,11,25.277747382046154,34.0,-14.0,-3.43999981880188,2.092036999783886
20.600206394999987,13,-101.25224758255345,-91.0,19.0,-1.2699999809265137,2.0067569994353107
20.600206394999987,15,360.8677399052395,362.0,-48.0,2.6499998569488525,1.9298610004625516
20.600206394999987,17,-581.742245446323,-572.0,-3.0,-0.9399999976158142,1.8991409997397568
20.70013083899994,11,23.74082993257715,32.0,-39.0,-5.819999694824219,2.041861000179779
20.70013083899994,13,-102.78916503202245,-91.0,-8.0,-2.5399999618530273,1.8382130001555197
20.70013083899994,15,359.3308224557705,360.0,-14.0,2.0999999046325684,2.097734000017226
20.70013083899994,17,-583.279162895792,-574.0,-44.0,-0.7799999713897705,2.0214450005369144
20.80019403500046,11,22.2125512365987,27.0,-33.0,-1.709999918937683,1.91498100048193
20.80019403500046,13,-104.31744372800091,-94.0,-36.0,-2.069999933242798,1.9865650001520407
20.80019403500046,15,357.80254375979206,360.0,1.0,2.129999876022339,1.9803570003205095
20.80019403500046,17,-584.8074415917704,-578.0,-43.0,-0.6599999666213989,1.948836999872583
20.90017175899993,11,20.69785157247088,27.0,7.0,-4.739999771118164,2.0363249996080413
20.90017175899993,13,-105.83214339212873,-98.0,-33.0,-0.5199999809265137,1.8463090000295779
20.90017175899993,15,356.28784409566424,359.0,-10.0,3.179999828338623,1.9001640002898057
20.90017175899993,17,-586.3221412558983,-580.0,-15.0,-0.6200000047683716,1.9187249999959022
21.00016657100059,11,19.19665958262439,27.0,-6.0,-5.929999828338623,2.007877000323788
21.00016657100059,13,-107.33333538197522,-100.0,-4.0,-0.07999999821186066,1.8985010001415503
21.00016657100059,15,354.7866521058178,358.0,-2.0,3.8299999237060547,1.8640369999047834
21.00016657100059,17,-587.8233332457447,-580.0,0.0,-0.3199999928474426,1.800099999854865
21.10017120700013,11,17.710571400280458,26.0,-11.0,-4.139999866485596,1.938979999977164
21.10017120700013,13,-108.81942356431915,-99.0,16.0,-1.959999918937683,1.6997480006466503
21.10017120700013,15,353.3005639234738,356.0,-35.0,1.8299999237060547,2.07968599988817
21.10017120700013,17,-589.3094214280886,-580.0,-2.0,-1.0,1.7684200001895078
21.20018704300037,11,16.241038365366766,24.0,-47.0,-6.529999732971191,1.9483570004013018
21.20018704300037,13,-110.28895659923285,-100.0,-22.0,-3.9499998092651367,1.8778289995680097
21.20018704300037,15,351.8310308885601,354.0,-9.0,0.3199999928474426,1.8556209997768747
21.20018704300037,17,-590.7789544630024,-582.0,-16.0,-2.8399999141693115,2.150500999960059
21.300168703000054,11,14.790171175445469,19.0,-32.0,-1.9799998998641968,2.1426940002129413
21.300168703000054,13,-111.73982378915414,-103.0,-43.0,-3.8399999141693115,1.839301000472915
21.300168703000054,15,350.38016369863885,354.0,2.0,0.17999999225139618,1.8542440002420335
21.300168703000054,17,-592.2298216529236,-585.0,-35.0,-1.2999999523162842,1.954501000000164
21.400175194999974,11,13.358543120373774,19.0,12.0,-4.96999979019165,1.986149000003934
21.400175194999974,13,-113.17145184422583,-107.0,-29.0,-1.6299999952316284,1.832325000577839
21.400175194999974,15,348.94853564356714,353.0,-22.0,1.9199999570846558,1.9646450000436744
21.400175194999974,17,-593.6614497079954,-587.0,-2.0,-1.4900000095367432,2.023525000367954
21.500193367000065,11,11.947766421328467,20.0,-4.0,-7.569999694824219,2.0254769997336552
21.500193367000065,13,-114.58222854327114,-108.0,-1.0,-1.0799999237060547,1.7942450003829435
21.500193367000065,15,347.53775894452184,352.0,-5.0,2.4700000286102295,1.737284000228101
21.500193367000065,17,-595.0722264070407,-587.0,0.0,-1.409999966621399,1.8112050001946045
21.600162163000277,11,10.560081864768748,19.0,-11.0,-5.579999923706055,2.0510770000328193
21.600162163000277,13,-115.96991309983086,-107.0,23.0,-2.9800000190734863,1.8629170008352958
21.600162163000277,15,346.1500743879621,350.0,-19.0,0.7899999618530273,1.9019889996343409
21.600162163000277,17,-596.4599109636004,-587.0,0.0,-1.6200000047683716,1.8845800004783086
21.70018609500039,11,9.19541086893797,16.0,-54.0,-8.510000228881836,1.9473009997454938
21.70018609500039,13,-117.33458409566164,-106.0,-6.0,-5.900000095367432,1.8583089995445334
21.70018609500039,15,344.78540339213134,350.0,-6.0,-0.8999999761581421,1.8082609994962695
21.70018609500039,17,-597.8245819594312,-589.0,-44.0,-1.8299999237060547,1.9057330000578077
21.800212299000123,11,7.855842369809057,11.0,-28.0,-2.490000009536743,1.8991730003108387
21.800212299000123,13,-118.67415259479056,-110.0,-46.0,-4.96999979019165,2.0232369997756905
21.800212299000123,15,343.4458348930024,349.0,-1.0,-1.5799999237060547,1.8528040000092005
21.800212299000123,17,-599.1641504585601,-593.0,-45.0,-1.4299999475479126,1.7467569996370003
21.90016573400044,11,6.543675681758316,12.0,21.0,-5.639999866485596,1.904931999888504
21.90016573400044,13,-119.9863192828413,-114.0,-26.0,-3.2899999618530273,1.7914600002768566
21.90016573400044,15,342.1336682049517,348.0,-26.0,0.17999999225139618,1.9193329999325215
21.90016573400044,17,-600.4763171466109,-595.0,-13.0,-0.8299999833106995,1.8542119996709516
22.00018349000038,11,5.258403352770287,12.0,-10.0,-7.029999732971191,2.0049009999638656
22.00018349000038,13,-121.27159161182932,-115.0,-3.0,-2.309999942779541,1.9486439996398985
22.00018349000038,15,340.84839587596366,345.0,-15.0,1.559999942779541,1.861573000496719
22.00018349000038,17,-601.7615894755988,-595.0,0.0,-0.9899999499320984,2.0162290002190275
22.10016092600017,11,4.002647698291671,12.0,-5.0,-5.059999942779541,1.9085809999523917
22.10016092600017,13,-122.52734726630794,-114.0,22.0,-3.049999952316284,1.8971560002682963
22.10016092600017,15,339.59264022148506,344.0,-11.0,0.17000000178813934,1.8893480000770069
22.10016092600017,17,-603.0173451300775,-595.0,0.0,-1.090000033378601,1.9935730006181984
22.20018415300001,11,2.7765694376527605,10.0,-38.0,-10.460000038146973,1.9859249996443396
22.20018415300001,13,-123.75342552694684,-113.0,-1.0,-7.0,1.8241330008095247
22.20018415300001,15,338.3665619608461,344.0,-3.0,-1.96999990940094,1.836421000007249
22.20018415300001,17,-604.2434233907164,-596.0,-17.0,-3.240000009536743,1.8816679994415608
22.30021013300029,11,1.5819285793491318,5.0,-39.0,-3.049999952316284,1.96774899995944
22.30021013300029,13,-124.94806638525048,-116.0,-55.0,-6.75,1.8617969999468187
22.30021013300029,15,337.1719211025425,344.0,0.0,-2.929999828338623,1.8258919999425416
22.30021013300029,17,-605.43806424902,-600.0,-30.0,-1.8700000047683716,1.9441330005065538
22.40015374399991,11,0.4208819917170743,5.0,15.0,-3.8299999237060547,1.7246769994017086
22.40015374399991,13,-126.10911297288254,-121.0,-36.0,-3.75,1.9722290007848642
22.40015374399991,15,336.0108745149104,342.0,-35.0,-0.6499999761581421,1.789251999980479
22.40015374399991,17,-606.599110836652,-601.0,0.0,-1.649999976158142,1.7979570002353285
22.50019022000015,11,-0.7074540979971644,6.0,2.0,-9.90999984741211,2.0180530000288854
22.50019022000015,13,-127.23744906259677,-122.0,0.0,-3.3399999141693115,1.8334450005568215
22.50019022000015,15,334.8825384251962,339.0,-20.0,0.7299999594688416,2.2070129998610355
22.50019022000015,17,-607.7274469263663,-601.0,0.0,-1.7799999713897705,2.1016689997850335
22.601259242000197,11,-1.8119712361716793,5.0,-20.0,-6.049999713897705,1.9665330000862014
22.601259242000197,13,-128.34196620077128,-120.0,33.0,-4.170000076293945,1.8211570004496025
22.601259242000197,15,333.77802128702166,338.0,-6.0,-0.09999999403953552,1.9152370005031116
22.601259242000197,17,-608.8319640645408,-601.0,0.0,-1.309999942779541,2.249733000098786
22.700205955000456,11,-2.8576951240562423,3.0,-43.0,-9.529999732971191,2.0435249998627114
22.700205955000456,13,-129.38769008865586,-119.0,-2.0,-8.210000038146973,1.8339890002607717
22.700205955000456,15,332.7322973991371,339.0,11.0,-3.759999990463257,2.005604999794741
22.700205955000456,17,-609.8776879524254,-602.0,-24.0,-3.379999876022339,2.0029490005981643
22.800175583000055,11,-3.877422417068523,0.0,-40.0,-5.190000057220459,1.7997800005105091
22.800175583000055,13,-130.40741738166813,-122.0,-62.0,-7.699999809265137,1.8281650000062655
22.800175583000055,15,331.7125701061248,339.0,0.0,-4.309999942779541,1.997028999539907
22.800175583000055,17,-610.8974152454376,-606.0,-35.0,-1.8299999237060547,1.7323559995929827
22.90017471400006,11,-4.859434910879003,0.0,17.0,-6.369999885559082,1.9238450004195329
22.90017471400006,13,-131.3894298754786,-127.0,-46.0,-3.759999990463257,1.9978930004072026
22.90017471400006,15,330.7305576123143,337.0,-45.0,-1.3799999952316284,1.7782439999791677
22.90017471400006,17,-611.8794277392482,-607.0,0.0,-1.909999966621399,2.155653999579954
23.00019835800049,11,-5.8026833504216455,0.0,-3.0,-9.199999809265137,2.079269000205386
23.00019835800049,13,-132.33267831502127,-129.0,3.0,-3.2799999713897705,1.8460209994373145
23.00019835800049,15,329.7873091727717,333.0,-20.0,-0.04999999701976776,1.732133000587055
23.00019835800049,17,-612.8226761787907,-607.0,0.0,-2.0299999713897705,1.9224999996367842
23.10017384100047,11,-6.705565815236035,0.0,0.0,-7.139999866485596,2.168549000089115
23.10017384100047,13,-133.23556077983565,-126.0,39.0,-4.190000057220459,1.9147570001223357
23.10017384100047,15,328.88442670795735,333.0,5.0,-0.9699999690055847,1.870467999651737
23.10017384100047,17,-613.7255586436052,-607.0,0.0,-1.459999918937683,1.818085000195424
23.200194220000412,11,-7.568033186058209,0.0,-28.0,-15.729999542236328,1.9313009997858899
23.200194220000412,13,-134.09802815065783,-124.0,0.0,-9.179999351501465,1.7729640003381064
23.200194220000412,15,328.0219593371352,335.0,20.0,-4.549999713897705,1.922820999425312
23.200194220000412,17,-614.5880260144273,-608.0,-19.0,-4.089999675750732,1.7212839993590023
23.30020231100025,11,-8.38872123162703,-6.0,-51.0,-4.259999752044678,2.0789489999515354
23.30020231100025,13,-134.91871619622663,-127.0,-61.0,-8.029999732971191,1.8942439992315485
23.30020231100025,15,327.20127129156634,335.0,0.0,-4.880000114440918,1.8432689994369866
23.30020231100025,17,-615.4087140599962,-612.0,-34.0,-1.409999966621399,1.9751729996642098
23.400229698000658,11,-9.167074386463263,-6.0,30.0,-4.309999942779541,1.9359409998287447
23.400229698000658,13,-135.69706935106288,-133.0,-46.0,-3.359999895095825,1.8636529994182638
23.400229698000658,15,326.4229181367301,332.0,-56.0,-1.1699999570846558,1.851076999628276
23.400229698000658,17,-616.1870672148324,-613.0,1.0,-0.6699999570846558,1.7816679992392892
23.50020268500066,11,-9.901773808592871,-4.0,0.0,-10.059999465942383,2.1307889992385753
23.50020268500066,13,-136.4317687731925,-134.0,4.0,-3.0299999713897705,2.0596860003934125
23.50020268500066,15,325.6882187146005,328.0,-9.0,-0.75,2.0195570004943875
23.50020268500066,17,-616.921766636962,-612.0,3.0,-1.0099999904632568,1.9724530002349638
23.600171385000067,11,-10.592501090926348,-5.0,-32.0,-4.579999923706055,1.786084000741539
23.600171385000067,13,-137.12249605552597,-130.0,49.0,-3.6499998569488525,1.9463409998934367
23.600171385000067,15,324.997491432267,329.0,29.0,-1.4800000190734863,2.071012999294908
23.600171385000067,17,-617.6124939192955,-612.0,1.0,-1.0699999332427979,1.719300999866391
23.700189588000285,11,-11.238916214461732,-7.0,-17.0,-10.809999465942383,2.025925000452844
23.700189588000285,13,-137.76891117906135,-126.0,21.0,-9.059999465942383,1.818020999962755
23.700189588000285,15,324.35107630873165,332.0,18.0,-4.509999752044678,2.0482930003709043
23.700189588000285,17,-618.2589090428309,-614.0,-21.0,-2.669999837875366,2.1921020006629988
23.800175631000457,11,-11.839842096433486,-10.0,-24.0,-5.369999885559082,1.8731569998635678
23.800175631000457,13,-138.36983706103308,-128.0,-57.0,-9.960000038146973,1.91482099944551
23.800175631000457,15,323.7501504267599,332.0,-4.0,-5.759999752044678,1.72922000001563
23.800175631000457,17,-618.8598349248026,-616.0,-7.0,-1.4800000190734863,2.0513969993771752
23.90018618600061,11,-12.395031329942555,-10.0,10.0,-5.679999828338623,2.0850620003329823
23.90018618600061,13,-138.92502629454216,-135.0,-67.0,-4.779999732971191,1.8660839996300638
23.90018618600061,15,323.19496119325083,329.0,-55.0,-2.190000057220459,1.8475569995644037
23.90018618600061,17,-619.4150241583117,-616.0,2.0,-1.5299999713897705,2.1739889998571016
24.000178885000423,11,-12.903696341212239,-9.0,-6.0,-7.529999732971191,1.8871410002248012
24.000178885000423,13,-139.43369130581186,-138.0,-9.0,-3.1499998569488525,1.7629490002946113
24.000178885000423,15,322.6862961819811,324.0,-29.0,-0.5,2.1585970007436117
24.000178885000423,17,-619.9236891695814,-616.0,-2.0,-1.309999942779541,1.8206119993919856
24.100188320000598,11,-13.36551177882405,-10.0,-9.0,-4.809999942779541,1.8876849999287515
24.100188320000598,13,-139.89550674342365,-135.0,41.0,-3.7899999618530273,1.8235249999634107
24.100188320000598,15,322.2244807443693,324.0,11.0,-1.3799999952316284,1.681572000052256
24.100188320000598,17,-620.3855046071932,-616.0,1.0,-1.159999966621399,1.9897330003004754
24.200185403000432,11,-13.779884523532921,-10.0,-9.0,-11.069999694824219,1.8864370003939257
24.200185403000432,13,-140.30987948813254,-132.0,13.0,-9.399999618530273,1.784132000466343
24.200185403000432,15,321.81010799966043,327.0,32.0,-4.809999942779541,1.755715999934182
24.200185403000432,17,-620.7998773519021,-618.0,-30.0,-1.3299999237060547,1.9697009993251413
24.30017343000054,11,-14.146434586144181,-13.0,-13.0,-5.849999904632568,1.9356210004843888
24.30017343000054,13,-140.6764295507438,-134.0,-45.0,-8.489999771118164,1.7631399996389518
24.30017343000054,15,321.44355793704915,329.0,-4.0,-5.359999656677246,1.9274289998065797
24.30017343000054,17,-621.1664274145134,-619.0,-1.0,-1.3899999856948853,1.880804999927932
24.400191089000145,11,-14.464927184064358,-13.0,2.0,-5.710000038146973,1.979141000447271
24.400191089000145,13,-140.99492214866396,-139.0,-37.0,-4.909999847412109,1.7010279998430633
24.400191089000145,15,321.125065339129,325.0,-54.0,-2.0399999618530273,1.7412839997632545
24.400191089000145,17,-621.4849200124335,-619.0,0.0,-1.559999942779541,1.8741490002867067
24.500174475000676,11,-14.73484797602027,-13.0,-5.0,-5.0,1.9489639998937491
24.500174475000676,13,-141.26484294061987,-141.0,-6.0,-3.18999981880188,1.8219570001747343
24.500174475000676,15,320.8551445471731,322.0,-15.0,-1.3799999952316284,1.9109810000372818
24.500174475000676,17,-621.7548408043895,-619.0,-6.0,-0.7400000095367432,1.9027250000362983
24.60018711000066,11,-14.956105637878728,-12.0,6.0,-4.819999694824219,1.9584689998737304
24.60018711000066,13,-141.48610060247833,-138.0,43.0,-3.6399998664855957,1.8077810000249883
24.60018711000066,15,320.6338868853146,322.0,10.0,-1.2999999523162842,1.786404000085895
24.60018711000066,17,-621.9760984662479,-620.0,2.0,-1.0499999523162842,1.8307889995412552
24.700173152999923,11,-15.128356408732834,-12.0,-13.0,-10.369999885559082,1.7563250003149733
24.700173152999923,13,-141.65835137333244,-135.0,7.0,-8.429999351501465,1.7531559997223667
24.700173152999923,15,320.46163611446053,325.0,41.0,-4.949999809265137,1.8667249996724422
24.700173152999923,17,-622.148349237102,-621.0,-17.0,-0.6299999952316284,1.9875250000040978
24.800182683999992,11,-15.251518811319222,-15.0,-6.0,-4.980000019073486,1.994244999877992
24.800182683999992,13,-141.78151377591882,-136.0,-43.0,-8.59999942779541,1.603652000085276
24.800182683999992,15,320.33847371187414,327.0,-4.0,-5.099999904632568,1.7974120000872063
24.800182683999992,17,-622.2715116396884,-621.0,-2.0,-0.3799999952316284,1.91683700086287
24.9001707110001,11,-15.325414463880008,-14.0,19.0,-7.619999885559082,1.7879079996419023
24.9001707110001,13,-141.85540942847962,-141.0,-40.0,-5.109999656677246,1.7446439997002017
24.9001707110001,15,320.26457805931335,323.0,-49.0,-2.259999990463257,2.0713969997814274
24.9001707110001,17,-622.3454072922491,-621.0,0.0,-0.4399999976158142,1.9050290002269321
25.000176274000296,11,-15.350002212149981,-15.0,-21.0,-4.900000095367432,1.8082920005326741
25.000176274000296,13,-141.87999717674958,-142.0,2.0,-4.670000076293945,1.8025970002781833
25.000176274000296,15,320.23999031104336,321.0,-6.0,-2.1499998569488525,1.9761330004257616
25.000176274000296,17,-622.3699950405191,-621.0,-1.0,-0.32999998331069946,2.456678000271495
25.10018074800064,11,-15.325241045643388,-14.0,3.0,-4.650000095367432,1.9241649997638888
25.10018074800064,13,-141.855236010243,-139.0,40.0,-4.369999885559082,1.9548210002540145
25.10018074800064,15,320.26475147754996,322.0,16.0,-1.7899999618530273,1.7849320001914748
25.10018074800064,17,-622.3452338740125,-622.0,1.0,-0.5699999928474426,1.913957000397204
25.200210151000647,11,-15.251131327197946,-13.0,-5.0,-10.229999542236328,1.870531999884406
25.200210151000647,13,-141.78112629179756,-136.0,9.0,-8.15999984741211,2.0417020004970254
25.200210151000647,15,320.33886119599543,324.0,36.0,-4.799999713897705,1.9871410004270729
25.200210151000647,17,-622.2711241555671,-621.0,0.0,-0.7400000095367432,2.2107260001575924
25.300178209000478,11,-15.127837003517172,-15.0,-11.0,-6.299999713897705,1.9732529999600956
25.300178209000478,13,-141.6578319681168,-137.0,-46.0,-7.839999675750732,1.988613000321493
25.300178209000478,15,320.4621555196762,326.0,-3.0,-5.319999694824219,2.029668999966816
25.300178209000478,17,-622.1478298318863,-622.0,-1.0,-0.6599999666213989,1.826468999752251
25.400186044000293,11,-14.95537099944039,-15.0,5.0,-7.579999923706055,1.938884999617585
25.400186044000293,13,-141.48536596404,-141.0,-29.0,-5.779999732971191,1.7813479998949333
25.400186044000293,15,320.63462152375297,323.0,-44.0,-2.6599998474121094,2.051812999525282
25.400186044000293,17,-621.9753638278096,-622.0,0.0,-0.85999995470047,1.7312039999524131
25.500169046000337,11,-14.734003857804232,-15.0,-15.0,-5.339999675750732,2.0116210007472546
25.500169046000337,13,-141.26399882240383,-143.0,-1.0,-4.429999828338623,1.958244999514136
25.500169046000337,15,320.85598866538913,320.0,-15.0,-2.0799999237060547,1.8916530007118126
25.500169046000337,17,-621.7539966861734,-622.0,-2.0,-0.7299999594688416,2.015621000282408
25.600208561000727,11,-14.463750845798607,-14.0,10.0,-3.809999942779541,1.965413000107219
25.600208561000727,13,-140.99374581039822,-140.0,33.0,-3.169999837875366,1.8247729994982365
25.600208561000727,15,321.1262416773948,321.0,12.0,-0.9300000071525574,1.9192369991287705
25.600208561000727,17,-621.4837436741677,-621.0,6.0,0.20999999344348907,1.9100199997410527
25.70017252300022,11,-14.145249149183314,-13.0,0.0,-8.199999809265137,1.9850609996865387
25.70017252300022,13,-140.67524411378292,-136.0,27.0,-7.079999923706055,1.8631729999469826
25.70017252300022,15,321.44474337401005,324.0,35.0,-3.799999952316284,1.7457320000175969
25.70017252300022,17,-621.1652419775525,-621.0,0.0,-0.2800000011920929,1.8472359997758758
25.80022803800057,11,-13.778269410680018,-14.0,-19.0,-6.519999980926514,1.8764209999062587
25.80022803800057,13,-140.30826437527963,-136.0,-6.0,-8.84999942779541,1.8186930001320434
25.80022803800057,15,321.81172311251333,326.0,1.0,-4.739999771118164,1.7332839997834526
25.80022803800057,17,-620.7982622390491,-621.0,-1.0,-0.3199999928474426,1.9655090000014752
25.900281984000685,11,-13.363450622640187,-14.0,1.0,-5.690000057220459,1.9062450001001707
25.900281984000685,13,-139.8934455872398,-139.0,-35.0,-5.769999980926514,1.7979570002353285
25.900281984000685,15,322.2265419005532,325.0,-36.0,-2.9099998474121094,1.9141170005241293
25.900281984000685,17,-620.3834434510093,-621.0,0.0,-0.4699999988079071,1.6643569997540908
26.00018975400053,11,-12.901906947926996,-14.0,-1.0,-5.690000057220459,1.7645799998717848
26.00018975400053,13,-139.4319019125266,-142.0,-9.0,-4.809999942779541,1.7212849998031743
26.00018975400053,15,322.68808557526637,322.0,-15.0,-2.369999885559082,1.9353329998921254
26.00018975400053,17,-619.9218997762962,-621.0,-1.0,-0.3199999928474426,1.9089010002062423
26.10016120399996,11,-12.393182928608965,-13.0,11.0,-4.159999847412109,1.8041319999611005
26.10016120399996,13,-138.92317789320856,-140.0,31.0,-2.9700000286102295,1.8792040000334964
26.10016120399996,15,323.1968095945844,322.0,21.0,-0.75,1.8807090000336757
26.10016120399996,17,-619.4131757569781,-621.0,13.0,-0.08999999612569809,1.867524999397574
26.200189838999904,11,-11.837728759013899,-12.0,6.0,-6.899999618530273,1.8705649999901652
26.200189838999904,13,-138.3677237236135,-135.0,45.0,-7.949999809265137,1.8481650004105177
26.200189838999904,15,323.7522637641795,326.0,38.0,-3.799999952316284,1.8872999999075546
26.200189838999904,17,-618.857721587383,-619.0,13.0,-1.1699999570846558,2.1752699994976865
26.300170281000646,11,-11.236671229006916,-12.0,-6.0,-6.949999809265137,1.9746289999602595
26.300170281000646,13,-137.7666661936065,-134.0,-11.0,-9.010000228881836,1.946020999639586
26.300170281000646,15,324.35332129418646,329.0,17.0,-5.480000019073486,1.9209969996154541
26.300170281000646,17,-618.256664057376,-619.0,-2.0,-1.3799999952316284,1.8255080003655166
26.400180354999975,11,-10.590148602629718,-12.0,0.0,-7.419999599456787,1.9237810001868638
26.400180354999975,13,-137.12014356722932,-137.0,-40.0,-7.210000038146973,1.8214129995612893
26.400180354999975,15,324.99984392056365,327.0,-31.0,-3.75,1.9590129995776806
26.400180354999975,17,-617.6101414309989,-619.0,-2.0,-1.1899999380111694,2.091653000206861
26.500182909000614,11,-9.89902405193174,-13.0,-16.0,-5.71999979019165,1.9740850002563093
26.500182909000614,13,-136.42901901653136,-140.0,-9.0,-4.799999713897705,1.9741810001505655
26.500182909000614,15,325.6909684712616,323.0,-31.0,-1.6799999475479126,1.9263730000602663
26.500182909000614,17,-616.9190168803009,-619.0,-1.0,-1.3199999332427979,1.9416690001889947
26.600173847000406,11,-9.164020661259947,-12.0,8.0,-3.509999990463257,2.146245999938401
26.600173847000406,13,-135.69401562585955,-139.0,14.0,-2.740000009536743,1.8485800001144526
26.600173847000406,15,326.4259718619334,323.0,23.0,-0.8499999642372131,1.922884999657981
26.600173847000406,17,-616.1840134896291,-619.0,15.0,-0.3400000035762787,1.9576040003812523
26.700188017000073,11,-8.385600179280999,-10.0,13.0,-6.829999923706055,1.9553649999579648
26.700188017000073,13,-134.9155951438806,-137.0,29.0,-6.359999656677246,1.8607409992910107
26.700188017000073,15,327.20439234391233,328.0,45.0,-3.0799999237060547,1.8217639999420498
26.700188017000073,17,-615.4055930076502,-617.0,33.0,-1.3199999332427979,1.9070130001637153
26.800232395999956,11,-7.564442432928445,-9.0,1.0,-6.899999618530273,1.985732999855827
26.800232395999956,13,-134.09443739752805,-135.0,8.0,-7.519999980926514,2.0063090005351114
26.800232395999956,15,328.0255500902649,331.0,9.0,-4.339999675750732,1.9948210001530242
26.800232395999956,17,-614.5844352612976,-616.0,-1.0,-1.2300000190734863,2.021061000050395
26.900166725999952,11,-6.702558891112837,-9.0,0.0,-7.449999809265137,2.0161649999863585
26.900166725999952,13,-133.23255385571244,-135.0,-7.0,-6.259999752044678,1.8989169993801625
26.900166725999952,15,328.8874336320805,329.0,-24.0,-2.950000047683716,2.0467900003495743
26.900166725999952,17,-613.722551719482,-616.0,-4.0,-1.1699999570846558,1.8305640005564783
27.000276448000477,11,-5.79829943574093,-9.0,0.0,-7.46999979019165,1.9369330002518836
27.000276448000477,13,-132.32829440034055,-136.0,-5.0,-5.259999752044678,1.8543730002420489
27.000276448000477,15,329.7916930874524,327.0,-8.0,-2.379999876022339,2.086757000142825
27.000276448000477,17,-612.81829226411,-616.0,0.0,-1.1999999284744263,2.018180999584729
27.100190682000175,11,-4.855917041662607,-8.0,8.0,-4.059999942779541,2.0317170001362683
27.100190682000175,13,-131.38591200626223,-134.0,30.0,-2.879999876022339,1.9302130003779894
27.100190682000175,15,330.73407548153074,327.0,14.0,-0.14000000059604645,1.9491890006975154
27.100190682000175,17,-611.8759098700317,-616.0,18.0,-0.8100000023841858,1.922884999657981
27.200210994999907,11,-3.8735517275535045,-6.0,12.0,-7.369999885559082,2.1384369993029395
27.200210994999907,13,-130.4035466921531,-131.0,37.0,-6.170000076293945,2.0945659998687916
27.200210994999907,15,331.71644079563987,331.0,44.0,-2.379999876022339,1.996452999264875
27.200210994999907,17,-610.8935445559226,-613.0,43.0,-1.46999990940094,1.9508850000420352
27.300193453000247,11,-2.8535461379125238,-5.0,4.0,-7.019999980926514,2.2530620008183178
27.300193453000247,13,-129.38354110251214,-128.0,12.0,-8.069999694824219,1.836549000472587
27.300193453000247,15,332.73644638528083,334.0,26.0,-4.630000114440918,1.7486119995737681
27.300193453000247,17,-609.8735389662817,-612.0,0.0,-1.1999999284744263,1.7839720003394177
27.40019581500019,11,-1.796328023401088,-5.0,0.0,-7.159999847412109,2.128293999703601
27.40019581500019,13,-128.3263229880007,-129.0,-25.0,-8.019999504089355,2.0185330004096613
27.40019581500019,15,333.79366449979227,334.0,-7.0,-3.929999828338623,1.8826610003088717
27.40019581500019,17,-608.8163208517702,-612.0,-1.0,-1.4199999570846558,1.9534450002538506
27.50225763800063,11,-0.6802564041702723,-5.0,-1.0,-7.299999713897705,1.8640690004758653
27.50225763800063,13,-127.21025136876989,-132.0,-22.0,-5.349999904632568,2.094724999551545
27.50225763800063,15,334.9097361190231,332.0,-33.0,-2.059999942779541,2.000292999582598
27.50225763800063,17,-607.7002492325394,-612.0,-2.0,-0.9599999785423279,2.0144370000707568
27.600213435000114,11,0.42508645315312066,-4.0,10.0,-4.409999847412109,1.8999409994648886
27.600213435000114,13,-126.1049085114465,-132.0,7.0,-2.4600000381469727,2.0653490000768215
27.600213435000114,15,336.0150789763465,330.0,-7.0,-0.17999999225139618,1.8347559998801444
27.600213435000114,17,-606.594906375216,-612.0,12.0,-0.25,1.8410600005154265
27.700173619999987,11,1.5864502095321953,-2.0,11.0,-7.690000057220459,1.9353319994479534
27.700173619999987,13,-124.94354475506742,-130.0,19.0,-5.549999713897705,1.8103410002368037
27.700173619999987,15,337.17644273272555,332.0,41.0,-2.240000009536743,1.7101480007113423
27.700173619999987,17,-605.4335426188369,-609.0,29.0,-0.9699999690055847,1.805251999940083
27.800166478000392,11,2.7808131828237386,-1.0,11.0,-6.279999732971191,2.0568689997162437
27.800166478000392,13,-123.74918178177587,-128.0,15.0,-6.670000076293945,1.6599720001977403
27.800166478000392,15,338.3708057060171,337.0,31.0,-2.879999876022339,2.058564999970258
27.800166478000392,17,-604.2391796455454,-607.0,7.0,-1.1799999475479126,1.859556999988854
27.900166119999994,11,4.006706906172891,0.0,2.0,-6.230000019073486,2.0212849995004945
27.900166119999994,13,-122.52328805842671,-128.0,2.0,-4.829999923706055,1.9706289995156112
27.900166119999994,15,339.59669942936625,338.0,-3.0,-2.7799999713897705,1.792004999515484
27.900166119999994,17,-603.0132859221962,-607.0,-1.0,-1.46999990940094,1.8609010003274307
28.000190434000615,11,5.263155186189522,0.0,-2.0,-5.980000019073486,1.992325000173878
28.000190434000615,13,-121.26683977841009,-127.0,12.0,-4.190000057220459,1.8321320003451547
28.000190434000615,15,340.8531477093829,336.0,-26.0,-1.399999976158142,1.912036999783595
28.000190434000615,17,-601.7568376421796,-607.0,0.0,-1.5,1.8315890001758817
28.100180059000195,11,6.548168145284684,0.0,23.0,-5.869999885559082,2.0572530002027634
28.100180059000195,13,-119.98182681931493,-125.0,25.0,-2.559999942779541,1.8051249999189167
28.100180059000195,15,342.13816066847806,336.0,5.0,0.25999999046325684,1.8749810005829204
28.100180059000195,17,-600.4718246830845,-606.0,14.0,-0.47999998927116394,1.8562290006229887
28.200184021000496,11,7.861098617179685,2.0,20.0,-9.399999618530273,2.035780999904091
28.200184021000496,13,-118.66889634741992,-122.0,28.0,-4.369999885559082,1.717988000564219
28.200184021000496,15,343.451091140373,339.0,39.0,-0.6899999976158142,1.9280690003142809
28.200184021000496,17,-599.1588942111895,-603.0,34.0,-1.6299999952316284,1.7982450008275919
28.30021857400061,11,9.200882214346919,3.0,14.0,-4.569999694824219,2.039205000073707
28.30021857400061,13,-117.32911275025269,-120.0,25.0,-5.509999752044678,1.9961970001531881
28.30021857400061,15,344.79087473754026,342.0,24.0,-2.0299999713897705,1.9147250004607486
28.30021857400061,17,-597.8191106140222,-601.0,19.0,-1.659999966621399,1.9973489997937577
28.40018800800044,11,10.564901976947297,5.0,21.0,-7.989999771118164,2.040388999375864
28.40018800800044,13,-115.96509298765231,-119.0,-2.0,-6.21999979019165,1.813444000617892
28.40018800800044,15,346.15489450014064,343.0,0.0,-2.3499999046325684,2.0785010001418414
28.40018800800044,17,-596.4550908514218,-601.0,0.0,-1.8499999046325684,1.8787239996527205
28.500182753000445,11,11.953030553923675,5.0,-12.0,-7.349999904632568,2.0681329997387365
28.500182753000445,13,-114.57696441067594,-120.0,-20.0,-5.619999885559082,1.8814129998645512
28.500182753000445,15,347.543023077117,342.0,-12.0,-1.6399999856948853,1.7001639998852625
28.500182753000445,17,-595.0669622744455,-601.0,-4.0,-1.8399999141693115,1.6649640001560329
28.60020236299988,11,13.36390935926238,5.0,6.0,-4.360000133514404,1.9221490001655184
28.60020236299988,13,-113.16608560533723,-120.0,7.0,-2.6599998474121094,1.9411889998082188
28.60020236299988,15,348.95390188245574,341.0,-3.0,0.75,1.9139890000587911
28.60020236299988,17,-593.6560834691068,-600.0,14.0,-0.7899999618530273,1.8087090002154582
28.70017870800075,11,14.795179475273986,6.0,2.0,-7.279999732971191,1.914949000820343
28.70017870800075,13,-111.73481548932563,-120.0,1.0,-4.210000038146973,2.095652999742015
28.70017870800075,15,350.38517199846734,343.0,44.0,-0.08999999612569809,1.697605000117619
28.70017870800075,17,-592.2248133530951,-598.0,29.0,-1.2300000190734863,1.641861000280187
28.800171724999927,11,16.246278129305647,7.0,22.0,-2.609999895095825,1.9753649994527223
28.800171724999927,13,-110.28371683529396,-119.0,5.0,-4.289999961853027,1.7441319996578386
28.800171724999927,15,351.836270652499,348.0,38.0,-1.4499999284744263,1.9760049999604234
28.800171724999927,17,-590.7737146990635,-595.0,19.0,-1.0499999523162842,1.8316519999643788
28.900171271000545,11,17.715632992452445,11.0,49.0,-6.869999885559082,2.048036999440228
28.900171271000545,13,-108.81436197214717,-118.0,18.0,-4.569999694824219,1.9251570001870277
28.900171271000545,15,353.30562551564583,349.0,-4.0,-1.1200000047683716,1.8060530001093866
28.900171271000545,17,-589.3043598359167,-594.0,4.0,-1.059999942779541,1.6931250002016895
29.00016102400059,11,19.201553575644375,12.0,-9.0,-6.37999963760376,2.040388999375864
29.00016102400059,13,-107.32844138895524,-116.0,12.0,-3.740000009536743,1.7686769997453666
29.00016102400059,15,354.7915460988377,348.0,-16.0,-0.3400000035762787,1.75993999982893
29.00016102400059,17,-587.8184392527247,-594.0,-2.0,-1.2599999904632568,1.9853490002788021
29.10021941800005,11,20.70375220006891,11.0,0.0,-2.799999952316284,1.9614129996625707
29.10021941800005,13,-105.8262427645307,-113.0,37.0,-1.5999999046325684,2.016933000049903
29.10021941800005,15,356.29374472326225,347.0,-19.0,1.6799999475479126,1.8201000002591172
29.10021941800005,17,-586.3162406283002,-594.0,12.0,-0.3499999940395355,2.046597999651567
29.200183955000284,11,22.218302151298932,12.0,5.0,-7.269999980926514,2.02678899950115
29.200183955000284,13,-104.31169281330068,-110.0,31.0,-2.240000009536743,1.9604210001489264
29.200183955000284,15,357.8082946744923,347.0,21.0,2.0999999046325684,1.9768689999182243
29.200183955000284,17,-584.8016906770702,-591.0,23.0,-0.5899999737739563,1.9994929998574662
29.30016478000016,11,23.745361678111415,12.0,9.0,-2.8499999046325684,2.105317000314244
29.30016478000016,13,-102.7846332864882,-107.0,22.0,-3.0799999237060547,1.7210920004799846
29.30016478000016,15,359.33535420130477,351.0,49.0,0.5299999713897705,1.8797490001816186
29.30016478000016,17,-583.2746311502577,-589.0,16.0,-0.4099999964237213,2.287174000230152
29.400186565000695,11,25.2838106459575,16.0,43.0,-4.670000076293945,2.0715890004794346
29.400186565000695,13,-101.24618431864211,-105.0,7.0,-3.859999895095825,1.8337649999011774
29.400186565000695,15,360.87380316915085,355.0,15.0,-0.12999999523162842,1.952229000380612
29.400186565000695,17,-581.7361821824117,-587.0,5.0,-1.5499999523162842,1.8555249998826184
29.50016716600021,11,26.830867978930414,19.0,4.0,-7.269999980926514,2.0369969997773296
29.50016716600021,13,-99.6991269856692,-105.0,-6.0,-4.259999752044678,1.9477169998936006
29.50016716600021,15,362.4208605021238,355.0,-9.0,0.5399999618530273,1.8622449997565127
29.50016716600021,17,-580.1891248494387,-587.0,-1.0,-1.7799999713897705,1.926245000504423
29.600191735000408,11,28.386324061999616,19.0,8.0,-2.5299999713897705,1.9229809995522373
29.600191735000408,13,-98.1436709026,-106.0,-9.0,-1.3899999856948853,1.6888039999685134
29.600191735000408,15,363.976316585193,353.0,-23.0,2.129999876022339,1.863364999735495
29.600191735000408,17,-578.6336687663695,-586.0,10.0,-0.47999998927116394,1.8380529991190997
29.700179888000093,11,29.9473951864246,22.0,14.0,-5.929999828338623,1.9092849997832673
29.700179888000093,13,-96.58259977817501,-107.0,-11.0,-1.4299999475479126,2.0222129996909644
29.700179888000093,15,365.537387709618,353.0,15.0,3.1499998569488525,2.0000049998998293
29.700179888000093,17,-577.0725976419445,-584.0,42.0,-1.1899999380111694,2.1753649998572655
29.80018477700014,11,31.51336848297276,23.0,12.0,-2.740000009536743,2.100902000165661
29.80018477700014,13,-95.01662648162684,-107.0,6.0,-1.3299999237060547,1.8378280001343228
29.80018477700014,15,367.1033610061661,356.0,43.0,2.619999885559082,1.8111730005330173
29.80018477700014,17,-575.5066243453964,-581.0,40.0,-1.1200000047683716,1.8767080000543501
29.900165858000037,11,33.08206376522427,26.0,28.0,-4.190000057220459,1.963140000043495
29.900165858000037,13,-93.44793119937533,-105.0,33.0,-1.75,1.759396999659657
29.900165858000037,15,368.67205628841765,360.0,21.0,2.1499998569488525,1.7380520002916455
29.900165858000037,17,-573.9379290631449,-580.0,11.0,-0.7400000095367432,1.771172999724513
30.00018437900053,11,34.65289392974773,27.0,-7.0,-5.480000019073486,2.0327729998825816
30.00018437900053,13,-91.87710103485188,-101.0,28.0,-2.309999942779541,1.7186280001624255
30.00018437900053,15,370.2428864529411,361.0,13.0,1.5399999618530273,1.8918129999292432
30.00018437900053,17,-572.3670988986214,-579.0,0.0,-0.8399999737739563,1.7794599998524063
30.100178644000152,11,36.223340411348126,26.0,0.0,-2.0299999713897705,1.9672050002554897
30.100178644000152,13,-90.30665455325149,-98.0,33.0,-1.0799999237060547,1.7681009994703345
30.100178644000152,15,371.8133329345415,361.0,-20.0,2.440000057220459,1.9417000003159046
30.100178644000152,17,-570.796652417021,-579.0,10.0,-0.19999998807907104,1.8823410000550211
30.200218701000267,11,37.79295224864007,27.0,5.0,-5.009999752044678,1.9465649993435363
30.200218701000267,13,-88.73704271595953,-96.0,19.0,-0.10999999940395355,1.966308999726607
30.200218701000267,15,373.3829447718334,360.0,2.0,4.329999923706055,1.8875249998018262
30.200218701000267,17,-569.2270405797291,-577.0,19.0,0.0,2.319302000614698
30.30016288600018,11,39.35796062306334,28.0,18.0,-2.1499998569488525,2.0308849998400547
30.30016288600018,13,-87.17203434153627,-94.0,24.0,0.4099999964237213,1.7707560000417288
30.30016288600018,15,374.9479531462567,362.0,33.0,4.889999866485596,1.9386289995964034
30.30016288600018,17,-567.6620322053058,-574.0,17.0,0.3799999952316284,2.0412849999047467
30.400169950000418,11,40.9193078984836,32.0,39.0,-4.159999847412109,2.0387889999256004
30.400169950000418,13,-85.610687066116,-92.0,20.0,-0.019999999552965164,1.7899240001497674
30.400169950000418,15,376.509300421677,365.0,18.0,4.619999885559082,1.7751089999364922
30.400169950000418,17,-566.1006849298856,-572.0,6.0,-0.25999999046325684,1.8801649994202307
30.500173399000232,11,42.47441116289037,34.0,9.0,-4.360000133514404,2.044549999482115
30.500173399000232,13,-84.05558380170925,-90.0,4.0,-1.100000023841858,1.8030129995167954
30.500173399000232,15,378.0644036860837,367.0,27.0,3.1499998569488525,1.9988209996881778
30.500173399000232,17,-564.5455816654787,-572.0,0.0,-0.5399999618530273,1.7186290006065974
30.600173008000638,11,44.02173289372065,34.0,8.0,-1.5199999809265137,2.003749000323296
30.600173008000638,13,-82.50826207087896,-90.0,10.0,-0.429999977350235,1.8229810002594604
30.600173008000638,15,379.611725416914,367.0,-31.0,3.069999933242798,1.8592050000734162
30.600173008000638,17,-562.9982599346484,-571.0,3.0,0.09999999403953552,1.8093480002789875
30.700168009000663,11,45.559735287452646,36.0,20.0,-3.6599998474121094,1.906724999571452
30.700168009000663,13,-80.97025967714697,-90.0,1.0,1.459999918937683,1.7370279992974247
30.700168009000663,15,381.149727810646,366.0,0.0,5.210000038146973,1.8112039997504326
30.700168009000663,17,-561.4602575409165,-569.0,35.0,-0.05999999865889549,2.1391090003817226
30.80017929800033,11,47.087219973513534,39.0,24.0,-2.8899998664855957,1.8956530002469663
30.80017929800033,13,-79.44277499108608,-88.0,29.0,2.559999942779541,1.755268000124488
30.80017929800033,15,382.6772124967069,366.0,20.0,6.489999771118164,1.8324199991184287
30.80017929800033,17,-559.9327728548556,-566.0,40.0,0.04999999701976776,1.9135089996780152
30.90016671400008,11,48.60206775098893,41.0,26.0,-4.239999771118164,1.967811999747937
30.90016671400008,13,-77.92792721361069,-85.0,25.0,1.6799999475479126,1.9363559995326796
30.90016671400008,15,384.19206027418227,370.0,37.0,6.389999866485596,1.9273010002507363
30.90016671400008,17,-558.4179250773802,-564.0,24.0,-0.28999999165534973,1.8159410001317156
31.00018200300019,11,50.10356637676088,42.0,-1.0,-3.3299999237060547,1.9006130005436717
31.00018200300019,13,-76.42642858783873,-83.0,15.0,-0.20999999344348907,1.7765799993867404
31.00018200300019,15,385.69355889995427,373.0,33.0,4.679999828338623,2.025412999500986
31.00018200300019,17,-556.9164264516082,-564.0,0.0,-0.5899999737739563,1.8331889996261452
31.100171564000448,11,51.5894292982027,42.0,7.0,-1.0299999713897705,2.0439729996724054
31.100171564000448,13,-74.9405656663969,-82.0,10.0,-0.4599999785423279,1.916293000249425
31.100171564000448,15,387.17942182139603,375.0,-15.0,2.6399998664855957,1.947908999682113
31.100171564000448,17,-555.4305635301664,-563.0,4.0,0.03999999910593033,1.9382769996809657
31.200170372000684,11,53.058713584210906,44.0,23.0,-2.929999828338623,1.9637170007626992
31.200170372000684,13,-73.4712813803887,-82.0,-1.0,1.8600000143051147,1.7679720003798138
31.200170372000684,15,388.6487061074043,374.0,-4.0,5.449999809265137,1.954020999619388
31.200170372000684,17,-553.9612792441583,-562.0,29.0,0.5899999737739563,1.8561010001576506
31.300167612000223,11,54.509808519362764,46.0,23.0,-2.169999837875366,2.0342130001154146
31.300167612000223,13,-72.02018644523685,-80.0,18.0,3.8999998569488525,1.9075569998676656
31.300167612000223,15,390.0998010425561,374.0,7.0,7.909999847412109,1.8968690001202049
31.300167612000223,17,-552.5101843090064,-559.0,28.0,1.0799999237060547,1.8737330001386
31.400171029000376,11,55.94139309219382,49.0,24.0,-2.8999998569488525,2.025828999649093
31.400171029000376,13,-70.58860187240579,-78.0,18.0,3.4600000381469727,2.201956999670074
31.400171029000376,15,391.5313856153872,376.0,29.0,7.579999923706055,1.9769649998124805
31.400171029000376,17,-551.0785997361753,-557.0,6.0,1.2200000286102295,1.9530929994289181
31.50017300500076,11,57.35194402493153,50.0,0.0,-2.1399998664855957,2.0900220006296877
31.50017300500076,13,-69.17805093966808,-75.0,20.0,1.350000023841858,1.7901159999382799
31.50017300500076,15,392.9419365481249,380.0,37.0,5.849999904632568,1.9353970001247944
31.50017300500076,17,-549.6680488034376,-557.0,4.0,0.9099999666213989,1.915845000439731
31.600177158000406,11,58.74011995762002,50.0,4.0,-0.6200000047683716,1.7898599999170983
31.600177158000406,13,-67.7898750069796,-74.0,14.0,0.05999999865889549,1.8314609997105435
31.600177158000406,15,394.3301124808134,382.0,-14.0,2.819999933242798,1.8806120006047422
31.600177158000406,17,-548.2798728707492,-556.0,1.0,0.429999977350235,1.8937649992949446
31.700171038000008,11,60.104380981943564,52.0,26.0,-2.25,1.9129969996356522
31.700171038000008,13,-66.42561398265605,-74.0,2.0,2.569999933242798,2.142117000403232
31.700171038000008,15,395.6943735051369,380.0,-3.0,5.380000114440918,1.9448370003374293
31.700171038000008,17,-546.9156118464256,-554.0,21.0,1.0,1.9168369999533752
31.80021512700023,11,61.444190557793945,54.0,24.0,-2.0799999237060547,1.773220000359288
31.80021512700023,13,-65.08580440680566,-72.0,21.0,4.339999675750732,1.830437000535312
31.80021512700023,15,397.0341830809873,380.0,0.0,8.260000228881836,2.0081330003449693
31.80021512700023,17,-545.5758022705752,-552.0,40.0,1.149999976158142,1.9793330002357834
31.900159727000755,11,62.75624170187065,56.0,16.0,-2.3499999046325684,1.9145329997627414
31.900159727000755,13,-63.77375326272896,-70.0,13.0,3.859999895095825,1.8188199992437148
31.900159727000755,15,398.346234225064,382.0,31.0,8.239999771118164,1.8217000006188755
31.900159727000755,17,-544.2637511264985,-550.0,18.0,1.5199999809265137,1.6813800002637436
32.00018595900019,11,64.04162344434238,57.0,0.0,-2.0899999141693115,2.100004999192606
32.00018595900019,13,-62.488371520257225,-69.0,18.0,2.369999885559082,1.9900529996448313
32.00018595900019,15,399.63161596753577,386.0,32.0,6.519999980926514,1.8660529995031538
32.00018595900019,17,-542.9783693840268,-549.0,1.0,0.5399999618530273,1.8951729998661904
32.10018163099994,11,65.29760469812722,57.0,2.0,-0.5999999642372131,1.8839719996321946
32.10018163099994,13,-61.23239026647239,-68.0,7.0,0.6499999761581421,1.8035570001302403
32.10018163099994,15,400.88759722132056,388.0,-17.0,2.759999990463257,1.8577010005174088
32.10018163099994,17,-541.7223881302419,-549.0,0.0,0.4099999964237213,1.8176679996031453
32.20017122399986,11,66.52326950974384,59.0,30.0,-2.429999828338623,2.0070769996891613
32.20017122399986,13,-60.00672545485577,-67.0,4.0,3.119999885559082,1.8914610000138055
32.20017122399986,15,402.1132620329372,386.0,-8.0,5.989999771118164,1.872803999503958
32.20017122399986,17,-540.4967233186253,-548.0,19.0,2.169999837875366,2.8791759996238397
32.30018084800031,11,67.71772180482688,62.0,24.0,-2.2100000381469727,1.984325000194076
32.30018084800031,13,-58.81227315977273,-66.0,21.0,4.519999980926514,2.0909169998049038
32.30018084800031,15,403.3077143280202,386.0,6.0,8.229999542236328,1.7792690005080658
32.30018084800031,17,-539.3022710235423,-545.0,20.0,2.369999885559082,1.9257329995525652
32.40016922399991,11,68.87929067768178,63.0,12.0,-2.0799999237060547,2.1545649997278815
32.40016922399991,13,-57.65070428691782,-63.0,23.0,3.369999885559082,1.8381809995844378
32.40016922399991,15,404.46928320087517,389.0,47.0,7.599999904632568,2.0038450002175523
32.40016922399991,17,-538.1407021506874,-543.0,1.0,1.559999942779541,1.7768039997463347
32.50017491200015,11,70.00727950098268,63.0,0.0,-1.6999999284744263,1.9676530000651837
32.50017491200015,13,-56.52271546361693,-62.0,12.0,2.359999895095825,1.8699880001804559
32.50017491200015,15,405.59727202417605,394.0,39.0,6.049999713897705,1.8672369997148053
32.50017491200015,17,-537.0127133273865,-543.0,5.0,1.159999966621399,1.8971889994645608
32.600232088000666,11,71.10092459068717,64.0,2.0,-0.5099999904632568,1.9671410000228207
32.600232088000666,13,-55.42907037391244,-61.0,-1.0,0.6800000071525574,1.8722610002441797
32.600232088000666,15,406.6909171138805,395.0,-14.0,2.75,2.021061000050395
32.600232088000666,17,-535.9190682376819,-543.0,-4.0,0.6800000071525574,2.0506609998847125
32.70022241600054,11,72.15786152797352,66.0,26.0,-2.200000047683716,1.7427249995307648
32.70022241600054,13,-54.372133436626086,-62.0,-1.0,3.2799999713897705,1.9485490001898143
32.70022241600054,15,407.7478540511669,393.0,-16.0,6.369999885559082,1.7339880005238228
32.70022241600054,17,-534.8621313003956,-541.0,26.0,1.959999918937683,1.782595999429759
32.80016861600052,11,73.17734808598419,68.0,20.0,-2.5299999713897705,1.7900530001497827
32.80016861600052,13,-53.352646878615424,-60.0,27.0,5.099999904632568,1.7512679996798397
32.80016861600052,15,408.76734060917755,393.0,10.0,8.380000114440918,1.97664499955863
32.80016861600052,17,-533.842644742385,-538.0,27.0,1.9900000095367432,1.9121010000162642
32.90019203200063,11,74.15959705028193,69.0,4.0,-1.71999990940094,1.771172999724513
32.90019203200063,13,-52.37039791431768,-57.0,20.0,3.5899999141693115,1.756644000124652
32.90019203200063,15,409.7495895734753,397.0,54.0,6.829999923706055,1.8983090003530378
32.90019203200063,17,-532.8603957780872,-537.0,2.0,1.71999990940094,1.8957810007123044
33.00017432799996,11,75.10245692385041,69.0,0.0,-1.2999999523162842,1.894117000119877
33.00017432799996,13,-51.42753804074919,-55.0,8.0,1.9499999284744263,1.8097969996233587
33.00017432799996,15,410.69244944704377,401.0,39.0,4.599999904632568,1.7937009997694986
33.00017432799996,17,-531.9175359045187,-537.0,2.0,1.25,1.9341800007168786
33.10019003200068,11,76.00570417891319,70.0,6.0,-0.8999999761581421,1.8802929998855689
33.10019003200068,13,-50.524290785686425,-56.0,-3.0,0.8299999833106995,1.804835999791976
33.10019003200068,15,411.5956967021065,403.0,-19.0,2.669999837875366,1.814244999877701
33.10019003200068,17,-531.0142886494559,-537.0,-5.0,0.7400000095367432,2.0531890004349407
33.200170920000346,11,76.86783251592605,71.0,22.0,-2.119999885559082,2.020740999796544
33.200170920000346,13,-49.662162448673556,-56.0,-3.0,4.110000133514404,1.8991090000781696
33.200170920000346,15,412.4578250391194,400.0,-13.0,6.329999923706055,1.8654759996934445
33.200170920000346,17,-530.1521603124431,-535.0,30.0,1.6699999570846558,1.938053000230866
33.30019046400048,11,77.68862193521706,74.0,19.0,-2.859999895095825,1.9132839997837436
33.30019046400048,13,-48.84137302938255,-54.0,26.0,4.539999961853027,1.8097970005328534
33.30019046400048,15,413.2786144584104,400.0,16.0,7.269999980926514,1.9921009998142836
33.30019046400048,17,-529.3313708931521,-533.0,26.0,1.46999990940094,1.8986929999300628
33.400222711000424,11,78.46701694245225,75.0,5.0,-2.2100000381469727,1.9988200001535006
33.400222711000424,13,-48.06297802214736,-51.0,26.0,2.1399998664855957,1.825123999878997
33.400222711000424,15,414.0570094656456,404.0,43.0,5.009999752044678,1.8903729996964103
33.400222711000424,17,-528.5529758859169,-531.0,4.0,0.7599999904632568,1.8193320001955726
33.50017054300042,11,79.20154004417358,75.0,0.0,-2.2100000381469727,1.9774769998548436
33.50017054300042,13,-47.32845492042602,-50.0,0.0,1.9299999475479126,1.8192359993918217
33.50017054300042,15,414.79153256736697,408.0,24.0,3.919999837875366,1.9813170001725666
33.50017054300042,17,-527.8184527841955,-531.0,0.0,0.8199999928474426,2.484357999492204
33.600210438999966,11,79.89275767804912,75.0,7.0,-1.2999999523162842,1.9699889999174047
33.600210438999966,13,-46.63723728655049,-51.0,-7.0,1.1799999475479126,1.8006760001298971
33.600210438999966,15,415.4827502012425,407.0,-32.0,2.4099998474121094,1.948292999259138
33.600210438999966,17,-527.1272351503201,-531.0,0.0,0.5,2.138660999662534
33.700164223000684,11,80.53875342052773,77.0,26.0,-2.8999998569488525,2.040420999946946
33.700164223000684,13,-45.99124154407188,-52.0,0.0,4.099999904632568,1.7722599995977362
33.700164223000684,15,416.12874594372107,404.0,-21.0,6.359999656677246,1.8023399998128298
33.700164223000684,17,-526.4812394078414,-530.0,23.0,2.3299999237060547,1.7912369994519395
33.800193430000036,11,81.13994042620945,79.0,10.0,-3.369999885559082,1.792035999642394
33.800193430000036,13,-45.39005453839017,-50.0,42.0,4.230000019073486,1.7691879993435577
33.800193430000036,15,416.7299329494028,404.0,21.0,7.119999885559082,1.8913009998868802
33.800193430000036,17,-525.8800524021597,-528.0,10.0,1.71999990940094,1.6669799997544033
33.90017249399989,11,81.69495391017583,79.0,0.0,-2.379999876022339,1.788325000234181
33.90017249399989,13,-44.835041054423776,-46.0,23.0,1.559999942779541,1.7085159997805022
33.90017249399989,15,417.2849464333692,409.0,52.0,4.099999904632568,1.9945969997934299
33.90017249399989,17,-525.3250389181933,-528.0,8.0,1.2599999904632568,1.8489649992261548
34.00017303000004,11,82.20366334807728,79.0,0.0,-2.5199999809265137,2.100933000292571
34.00017303000004,13,-44.326331616522324,-46.0,-4.0,1.5699999332427979,1.7283239994867472
34.00017303000004,15,417.79365587127063,413.0,24.0,2.869999885559082,2.104836999933468
34.00017303000004,17,-524.8163294802919,-527.0,0.0,1.1200000047683716,2.0303410001361044
34.10017679700013,11,82.6654567129658,79.0,14.0,-2.2699999809265137,1.9065329997829394
34.10017679700013,13,-43.8645382516338,-47.0,-11.0,0.9099999666213989,1.9824050004899618
34.10017679700013,15,418.25544923615917,413.0,-22.0,1.7400000095367432,1.8901479998021387
34.10017679700013,17,-524.3545361154033,-527.0,-3.0,0.8100000023841858,1.8725170002653613
34.20017653300056,11,83.07984530369816,81.0,21.0,-2.5799999237060547,1.888419999886537
34.20017653300056,13,-43.450149660901445,-48.0,0.0,3.490000009536743,1.7884529997900245
34.20017653300056,15,418.6698378268915,410.0,-20.0,5.929999828338623,1.7645170000832877
34.20017653300056,17,-523.9401475246709,-526.0,31.0,1.3299999237060547,1.9058280004173866
34.300244300000486,11,83.44667277937114,82.0,0.0,-2.7200000286102295,1.8670770004973747
34.300244300000486,13,-43.08332218522846,-46.0,34.0,2.869999885559082,1.982884999961243
34.300244300000486,15,419.03666530256453,410.0,11.0,5.949999809265137,2.0548530001178733
34.300244300000486,17,-523.573320048998,-525.0,4.0,1.809999942779541,1.9096689993602922
34.400168035000206,11,83.76485476983929,82.0,-1.0,-2.259999990463257,1.942275999681442
34.400168035000206,13,-42.76514019476032,-43.0,15.0,1.5499999523162842,1.7848370007413905
34.400168035000206,15,419.35484729303266,413.0,39.0,3.5799999237060547,2.041925000412448
34.400168035000206,17,-523.2551380585298,-524.0,3.0,1.100000023841858,1.8595560004541767
34.500191131000065,11,84.03488431177797,82.0,0.0,-2.3899998664855957,1.9955570005549816
34.500191131000065,13,-42.49511065282163,-43.0,-6.0,1.8899999856948853,1.9547890005924273
34.500191131000065,15,419.62487683497136,416.0,16.0,2.93999981880188,1.9897649999620626
34.500191131000065,17,-522.9851085165911,-524.0,1.0,1.0199999809265137,2.1090939999339753
34.60019793800075,11,84.25612236744252,82.0,14.0,-1.8899999856948853,1.8785009997372981
34.60019793800075,13,-42.27387259715709,-44.0,-2.0,0.7999999523162842,1.7991729991990724
34.60019793800075,15,419.8461148906359,415.0,-23.0,1.5999999046325684,1.7770610002116882
34.60019793800075,17,-522.7638704609266,-524.0,-4.0,0.7299999594688416,2.20630900003016
34.700197930000286,11,84.42838843510967,84.0,16.0,-3.429999828338623,1.958469000783225
34.700197930000286,13,-42.101606529489935,-45.0,-3.0,3.5199999809265137,1.8146600004911306
34.700197930000286,15,420.01838095830306,413.0,-8.0,4.829999923706055,1.7855409996627714
34.700197930000286,17,-522.5916043932594,-523.0,17.0,1.2599999904632568,1.9353649995537126
34.800195745000565,11,84.55152710372184,84.0,-3.0,-2.6399998664855957,1.9765810002354556
34.800195745000565,13,-41.97846786087778,-43.0,27.0,2.2300000190734863,1.8020210000031511
34.800195745000565,15,420.14151962691517,413.0,8.0,4.960000038146973,1.914372999635816
34.800195745000565,17,-522.4684657246473,-523.0,4.0,1.0,1.8093490007231594
34.90019564100021,11,84.6254221641576,84.0,1.0,-2.2799999713897705,1.9518770004651742
34.90019564100021,13,-41.90457280044201,-42.0,6.0,1.7300000190734863,1.8033000005743816
34.90019564100021,15,420.215414687351,415.0,26.0,3.3899998664855957,1.9088049994024914
34.90019564100021,17,-522.3945706642115,-523.0,1.0,0.7400000095367432,1.8755559995042859
35.00057230499988,11,84.64999690302633,84.0,0.0,-2.509999990463257,1.8805170002451632
35.00057230499988,13,-41.87999806157328,-42.0,0.0,1.96999990940094,1.8825650004146155
35.00057230499988,15,420.23998942621967,417.0,8.0,3.359999895095825,1.8741490002867067
35.00057230499988,17,-522.3699959253428,-523.0,0.0,1.0199999809265137,2.0199090004098252
35.10019744700003,11,84.62522821316112,84.0,13.0,-1.7899999618530273,1.988037000046461
35.10019744700003,13,-41.90476675143849,-42.0,-2.0,0.6299999952316284,1.8139889998565195
35.10019744700003,15,420.21522073635447,416.0,-22.0,1.4199999570846558,1.8806769994625938
35.10019744700003,17,-522.394764615208,-523.0,-1.0,0.41999998688697815,1.9621169994934462
35.20018707000054,11,84.55114953718665,85.0,0.0,-2.9700000286102295,1.8737650007096818
35.20018707000054,13,-41.97884542741296,-43.0,-10.0,2.7300000190734863,1.9134450003548409
35.20018707000054,15,420.14114206038,414.0,-8.0,4.25,1.8409320000500884
35.20018707000054,17,-522.4688432911825,-523.0,0.0,1.399999976158142,1.7687079998722766
35.300191893000374,11,84.42781218506798,84.0,-4.0,-2.5199999809265137,1.8700849996093893
35.300191893000374,13,-42.10218277953163,-43.0,11.0,2.4600000381469727,1.9904689997929381
35.300191893000374,15,420.01780470826134,414.0,3.0,4.589999675750732,1.8180200004280778
35.300191893000374,17,-522.5921806433012,-522.0,3.0,1.2699999809265137,1.9436850006968598
35.40018948400029,11,84.25535964621078,84.0,0.0,-2.669999837875366,1.894052999887208
35.40018948400029,13,-42.27463531838883,-42.0,0.0,2.2699999809265137,1.7681959998299135
35.40018948400029,15,419.8453521694041,416.0,19.0,3.609999895095825,1.9235890003983513
35.40018948400029,17,-522.7646331821584,-522.0,1.0,1.5299999713897705,2.0611250001820736
35.50015334700038,11,84.03403786913373,84.0,0.0,-2.75,1.9189489994460018
35.50015334700038,13,-42.49595709546588,-42.0,1.0,2.299999952316284,1.8179239996243268
35.50015334700038,15,419.6240303923271,417.0,9.0,3.5299999713897705,2.0710770004370715
35.50015334700038,17,-522.9859549592354,-522.0,0.0,1.2999999523162842,1.959813000212307
35.600161882000066,11,83.76388370405324,85.0,6.0,-1.9499999284744263,1.9859570002154214
35.600161882000066,13,-42.76611126054637,-42.0,-6.0,0.44999998807907104,1.9798129997070646
35.600161882000066,15,419.3538762272466,417.0,-14.0,1.1799999475479126,1.8992049999724259
35.600161882000066,17,-523.2561091243159,-522.0,-15.0,0.7099999785423279,1.7945959998542094
35.700158321000345,11,83.44529324723504,84.0,-2.0,-3.2799999713897705,1.9787890005318332
35.700158321000345,13,-43.08470171736457,-44.0,-13.0,2.759999990463257,1.8349490001128288
35.700158321000345,15,419.0352857704284,415.0,-18.0,3.8299999237060547,1.9833320002362598
35.700158321000345,17,-523.5746995811342,-523.0,-1.0,0.7799999713897705,2.3587249997945037
35.800181575999886,11,83.07844637822498,84.0,-9.0,-2.569999933242798,1.9610919998740428
35.800181575999886,13,-43.451548586374635,-44.0,2.0,3.169999837875366,1.8467250001776847
35.800181575999886,15,418.6684389014183,414.0,0.0,4.309999942779541,1.6332519999195938
35.800181575999886,17,-523.9415464501442,-523.0,1.0,0.9300000071525574,1.6792999995232094
35.90016006299993,11,82.66398047710683,84.0,-1.0,-2.5799999237060547,1.9924529997297213
35.90016006299993,13,-43.86601448749277,-42.0,9.0,2.0899999141693115,1.7825640006776666
35.90016006299993,15,418.2539730003002,414.0,10.0,4.21999979019165,1.71459600005619
35.90016006299993,17,-524.3560123512623,-523.0,0.0,1.0199999809265137,1.7568040002515772
36.00016363800023,11,82.2020291597338,84.0,0.0,-2.6499998569488525,2.06896500003495
36.00016363800023,13,-44.327965804865805,-42.0,0.0,2.0199999809265137,1.8134439997083973
36.00016363800023,15,417.79202168292716,416.0,15.0,3.609999895095825,1.8503720002627233
36.00016363800023,17,-524.8179636686353,-523.0,0.0,0.8700000047683716,1.882821000435797
36.100162189,11,81.69317310916293,84.0,10.0,-2.119999885559082,1.7731570005707908
36.100162189,13,-44.836821855436675,-43.0,-7.0,0.4599999785423279,1.7980200000238256
36.100162189,15,417.2831656323563,416.0,-12.0,1.1299999952316284,1.754756000082125
36.100162189,17,-525.3268197192062,-523.0,-9.0,0.2800000011920929,1.8139889998565195
36.20020000400018,11,81.13766539330473,83.0,-21.0,-3.109999895095825,2.149189000192564
36.20020000400018,13,-45.39232957129487,-45.0,-24.0,2.419999837875366,1.8329009999433765
36.20020000400018,15,416.7276579164981,414.0,-28.0,3.5799999237060547,1.8513960003474494
36.20020000400018,17,-525.8823274350644,-525.0,-28.0,1.3600000143051147,2.572391000285279
36.30017503500039,11,80.5366369903746,82.0,-4.0,-2.700000047683716,1.748324000800494
36.30017503500039,13,-45.99335797422501,-46.0,0.0,3.25,1.709924000351748
36.30017503500039,15,416.12662951356793,411.0,-9.0,4.710000038146973,1.87190799988457
36.30017503500039,17,-526.4833558379945,-525.0,0.0,1.3899999856948853,1.9259890004832414
36.400199442000485,11,79.8900163525546,82.0,0.0,-2.5799999237060547,1.8881960004364373
36.400199442000485,13,-46.63997861204502,-45.0,10.0,2.619999885559082,2.1681979997083545
36.400199442000485,15,415.48000887574796,412.0,10.0,4.779999732971191,1.9445170000835788
36.400199442000485,17,-527.1299764758146,-525.0,6.0,1.1699999570846558,1.9807729995591217
36.5001715920007,11,79.19910018765273,82.0,0.0,-2.3399999141693115,1.9055410002692952
36.5001715920007,13,-47.33089477694687,-44.0,0.0,2.180000066757202,1.7266280001422274
36.5001715920007,15,414.7890927108461,413.0,18.0,4.119999885559082,1.9641650005723932
36.5001715920007,17,-527.8208926407164,-525.0,0.0,1.4199999570846558,1.7470120001235045
36.60017065500051,11,78.46404024104197,82.0,14.0,-2.6399998664855957,1.8925809999927878
36.60017065500051,13,-48.065954723557645,-44.0,-7.0,0.4899999797344208,1.8522600003052503
36.60017065500051,15,414.05403276423533,414.0,-15.0,0.9099999666213989,1.9292839997433475
36.60017065500051,17,-528.5559525873272,-525.0,-12.0,0.5699999928474426,1.9773809999605874
36.700185493999925,11,77.68561577756455,81.0,-26.0,-3.2899999618530273,2.1481330004462507
36.700185493999925,13,-48.84437918703505,-47.0,-33.0,2.3999998569488525,1.779716999408265
36.700185493999925,15,413.27560830075794,411.0,-38.0,3.9800000190734863,1.8410599996059318
36.700185493999925,17,-529.3343770508046,-527.0,-18.0,0.29999998211860657,1.915300999826286
36.80019937199995,11,76.86471583966937,79.0,-9.0,-3.049999952316284,1.883267999801319
36.80019937199995,13,-49.66527912493024,-48.0,0.0,2.7699999809265137,1.8278449997524149
36.80019937199995,15,412.45470836286273,408.0,-15.0,5.690000057220459,2.0528689992715954
36.80019937199995,17,-530.1552769886998,-528.0,0.0,1.5199999809265137,1.8620849996295874
36.90017657899989,11,76.0024673126135,79.0,0.0,-2.6599998474121094,1.9547570000213454
36.90017657899989,13,-50.5275276519861,-48.0,5.0,2.679999828338623,1.7658930000834516
36.90017657899989,15,411.5924598358069,408.0,15.0,5.239999771118164,1.8268200001330115
36.90017657899989,17,-531.0175255157557,-528.0,1.0,1.5499999523162842,1.6948519996731193
37.000178201999915,11,75.09920204366364,79.0,0.0,-2.6499998569488525,2.0091569995202008
37.000178201999915,13,-51.43079292093598,-47.0,6.0,2.5299999713897705,1.7825320001065847
37.000178201999915,15,410.689194566857,410.0,15.0,4.759999752044678,1.8664369999896735
37.000178201999915,17,-531.9207907847056,-528.0,0.0,1.6899999380111694,1.838916000451718
37.100169264000215,11,74.15611868131066,79.0,9.0,-2.0199999809265137,1.796228999410232
37.100169264000215,13,-52.37387628328894,-47.0,-6.0,0.4399999976158142,2.0969649995095097
37.100169264000215,15,409.746111204504,410.0,-19.0,0.8399999737739563,1.9958120001319912
37.100169264000215,17,-532.8638741470585,-528.0,-11.0,0.5299999713897705,2.151972999854479
37.20089194400043,11,73.16672762999787,78.0,-21.0,-3.0299999713897705,1.8692849998842576
37.20089194400043,13,-53.363267334601744,-50.0,-34.0,2.25,1.8119080004908028
37.20089194400043,15,408.7567201531912,406.0,-42.0,4.210000038146973,1.6818280000734376
37.20089194400043,17,-533.8532651983712,-530.0,-29.0,0.4699999988079071,1.9220209997001803
37.30021311700057,11,72.15333727854792,75.0,-14.0,-3.1399998664855957,2.154853999854822
37.30021311700057,13,-54.37665768605169,-53.0,-11.0,3.2799999713897705,1.8822760002876748
37.30021311700057,15,407.74332980174125,403.0,-18.0,6.21999979019165,1.8239410001115175
37.30021311700057,17,-534.8666555498212,-532.0,-3.0,0.9599999785423279,2.1356529996410245
37.40015941100046,11,71.09671491543676,75.0,-1.0,-3.129999876022339,1.8290289999640663
37.40015941100046,13,-55.43328004916285,-52.0,10.0,3.1499998569488525,1.7839399997683358
37.40015941100046,15,406.6867074386301,403.0,13.0,6.029999732971191,1.8657969994819723
37.40015941100046,17,-535.9232779129323,-532.0,0.0,1.0399999618530273,1.743365000038466
37.50020237800072,11,70.00308884463628,75.0,-1.0,-2.759999990463257,1.9260209992353339
37.50020237800072,13,-56.52690611996333,-51.0,4.0,2.8499999046325684,2.0001330003651674
37.50020237800072,15,405.59308136782965,405.0,22.0,5.359999656677246,2.0568059999277466
37.50020237800072,17,-537.0169039837328,-532.0,1.0,0.8499999642372131,1.8436200007272419
37.600235808000434,11,68.8746527676789,75.0,5.0,-1.71999990940094,2.242116999696009
37.600235808000434,13,-57.65534219692071,-52.0,-11.0,0.6800000071525574,1.9335730003149365
37.600235808000434,15,404.4646452908723,406.0,-16.0,1.5,1.7745320001267828
37.600235808000434,17,-538.1453400606903,-532.0,-7.0,0.1599999964237213,1.793092000298202
37.70018917500056,11,67.71336192345146,74.0,-19.0,-2.3999998569488525,2.830694999829575
37.70018917500056,13,-58.81663304114816,-54.0,-29.0,2.200000047683716,1.8563889998404193
37.70018917500056,15,403.3033544466448,401.0,-53.0,4.480000019073486,2.0005810001748614
37.70018917500056,17,-539.3066309049177,-534.0,-45.0,1.2300000190734863,1.8598449996716226
37.800222701000166,11,66.51850172726957,71.0,-21.0,-2.8299999237060547,2.0221489994582953
37.800222701000166,13,-60.01149323733004,-57.0,-22.0,3.5299999713897705,1.9875889993272722
37.800222701000166,15,402.1084942504629,397.0,-20.0,6.769999980926514,1.7975720002141315
37.800222701000166,17,-540.5014911010995,-537.0,-26.0,1.6399999856948853,1.8370930001765373
37.90022131600017,11,65.29260340622601,70.0,-7.0,-2.9600000381469727,1.956868999513972
37.90022131600017,13,-61.2373915583736,-57.0,7.0,3.299999952316284,1.8724519995885203
37.90022131600017,15,400.8825959294194,397.0,5.0,6.929999828338623,1.8542130001151236
37.90022131600017,17,-541.7273894221431,-537.0,1.0,1.409999966621399,1.9491240000206744
38.00018290600019,11,64.03693590614849,69.0,1.0,-1.809999942779541,1.957732999471773
38.00018290600019,13,-62.493059058451124,-56.0,15.0,2.7899999618530273,1.860997000221687
38.00018290600019,15,399.62692842934183,399.0,21.0,6.339999675750732,1.9147249995512539
38.00018290600019,17,-542.9830569222206,-537.0,1.0,1.399999976158142,1.6931240006670123
38.10020007999992,11,62.751567158674945,70.0,7.0,-1.3700000047683716,2.0378609997351305
38.10020007999992,13,-63.778427805924665,-57.0,-8.0,0.6499999761581421,1.766180000231543
38.10020007999992,15,398.3415596818683,400.0,-13.0,1.7799999713897705,1.8665329998839297
38.10020007999992,17,-544.2684256696942,-537.0,-10.0,0.3700000047683716,1.7099879996749223
38.20015677399988,11,61.43925818549289,68.0,-16.0,-2.0999999046325684,1.7917799996212125
38.20015677399988,13,-65.09073677910672,-59.0,-27.0,2.1599998474121094,1.7488050007159472
38.20015677399988,15,397.0292507086863,396.0,-48.0,4.849999904632568,1.745317000313662
38.20015677399988,17,-545.5807346428762,-539.0,-41.0,0.8199999928474426,1.8070760006594355
38.30019049200018,11,60.09949290524696,66.0,-30.0,-2.309999942779541,2.007461000175681
38.30019049200018,13,-66.43050205935265,-62.0,-33.0,3.619999885559082,2.135110000381246
38.30019049200018,15,395.6894854284403,391.0,-27.0,6.829999923706055,1.8492529998184182
38.30019049200018,17,-546.9204999231222,-542.0,-36.0,1.5799999237060547,1.7614770004001912
38.400177458000144,11,58.73523867068066,64.0,-11.0,-2.25,1.9357490000402322
38.400177458000144,13,-67.79475629391895,-63.0,0.0,3.3899998664855957,1.7126440006904886
38.400177458000144,15,394.325231193874,391.0,0.0,7.549999713897705,1.9390449997445103
38.400177458000144,17,-548.2847541576884,-543.0,0.0,1.1899999380111694,1.9718450002983445
38.50021060000017,11,57.34657511240934,63.0,0.0,-1.9199999570846558,1.8948209999507526
38.50021060000017,13,-69.18341985219027,-63.0,5.0,3.2300000190734863,1.9206130000384292
38.50021060000017,15,392.93656763560267,392.0,21.0,6.980000019073486,1.868676000412961
38.50021060000017,17,-549.6734177159598,-543.0,1.0,1.1999999284744263,1.8269170004714397
38.600171326000236,11,55.93652720385364,64.0,5.0,-1.1999999284744263,1.8905010001617484
38.600171326000236,13,-70.59346776074597,-62.0,0.0,0.4599999785423279,1.790756000445981
38.600171326000236,15,391.526519727047,393.0,-21.0,1.9399999380111694,1.7783080002118368
38.600171326000236,17,-551.0834656245155,-543.0,-5.0,-0.009999999776482582,1.7962600004466367
38.700258196000505,11,54.503670009608925,63.0,-14.0,-1.959999918937683,2.0497650002653245
38.700258196000505,13,-72.02632495499068,-63.0,-19.0,1.6100000143051147,2.078757000163023
38.700258196000505,15,390.0936625328023,389.0,-45.0,4.779999732971191,2.0459249999476015
38.700258196000505,17,-552.5163228187603,-545.0,-40.0,0.699999988079071,1.8963570000778418
38.80017165800018,11,53.05371827160276,60.0,-33.0,-3.1399998664855957,1.9066929999098647
38.80017165800018,13,-73.47627669299685,-66.0,-25.0,2.419999837875366,1.7788200002541998
38.80017165800018,15,388.6437107947961,385.0,-25.0,6.710000038146973,1.8666290006876807
38.80017165800018,17,-553.9662745567664,-548.0,-43.0,1.5499999523162842,1.9988530002592597
38.90027155300049,11,51.58288029297533,57.0,-19.0,-1.5,2.1109169992996613
38.90027155300049,13,-74.94711467162428,-69.0,-15.0,3.2200000286102295,1.807171999644197
38.90027155300049,15,387.1728728161687,385.0,2.0,7.170000076293945,1.9461490001049242
38.90027155300049,17,-555.4371125353938,-549.0,-4.0,0.35999998450279236,1.8383080005150987
39.00017269399996,11,50.09826750375239,57.0,0.0,-1.9900000095367432,1.9600369996624067
39.00017269399996,13,-76.43172746084721,-70.0,-1.0,3.2899999618530273,1.7539250002300832
39.00017269399996,15,385.6882600269457,385.0,10.0,7.589999675750732,1.7982449999180972
39.00017269399996,17,-556.9217253246168,-549.0,1.0,0.3100000023841858,2.174116999412945
39.10024942000018,11,48.59579065470404,57.0,12.0,-1.9900000095367432,2.21533400053886
39.10024942000018,13,-77.93420430989556,-69.0,0.0,0.41999998688697815,1.9460849998722551
39.10024942000018,15,384.1857831778974,385.0,-25.0,2.309999942779541,1.9673330007208278
39.10024942000018,17,-558.4242021736651,-549.0,2.0,-0.5999999642372131,1.8773809997583157
39.20017325000026,11,47.08185614429843,56.0,-16.0,-2.180000066757202,1.9863090001308592
39.20017325000026,13,-79.44813882030118,-70.0,-16.0,0.7699999809265137,1.8018600003415486
39.20017325000026,15,382.67184866749176,381.0,-36.0,4.309999942779541,1.8625330003487761
39.20017325000026,17,-559.9381366840707,-551.0,-39.0,0.4399999976158142,1.88502899982268
39.30018175200075,11,45.55437356600913,53.0,-36.0,-2.7899999618530273,2.0241969996277476
39.30018175200075,13,-80.97562139859048,-73.0,-30.0,1.709999918937683,1.7185959995913436
39.30018175200075,15,381.1443660892025,378.0,-16.0,5.96999979019165,1.7816360004871967
39.30018175200075,17,-561.46561926236,-555.0,-39.0,0.5899999737739563,1.8838770001821104
39.40016522899987,11,44.01651398865141,50.0,-19.0,-1.909999966621399,2.0410929992067395
39.40016522899987,13,-82.5134809759482,-76.0,-23.0,3.0399999618530273,1.8174130000261357
39.40016522899987,15,379.60650651184477,378.0,0.0,6.460000038146973,1.7842610004663584
39.40016522899987,17,-563.0034788397177,-557.0,-23.0,0.9099999666213989,1.8616689994814806
39.50025808300052,11,42.467716890149774,50.0,0.0,-2.7100000381469727,2.023461000135285
39.50025808300052,13,-84.06227807444984,-77.0,-3.0,3.2100000381469727,1.9913010000891518
39.50025808300052,15,378.0577094133431,378.0,1.0,7.089999675750732,1.9581490005293745
39.50025808300052,17,-564.5522759382194,-557.0,1.0,0.8799999952316284,1.804771999559307
39.600175929000216,11,40.913917684468245,50.0,11.0,-1.9399999380111694,1.9324849999975413
39.600175929000216,13,-85.61607728013136,-76.0,14.0,0.08999999612569809,1.8697960003919434
39.600175929000216,15,376.5039102076616,378.0,-37.0,1.959999918937683,1.8196529999841005
39.600175929000216,17,-566.1060751439009,-557.0,-4.0,0.11999999731779099,2.2008050000295043
39.70016510200003,11,39.352831464299776,49.0,-11.0,-2.9600000381469727,1.9123240008411813
39.70016510200003,13,-87.17716350029984,-76.0,-3.0,-0.08999999612569809,1.9426610006121336
39.70016510200003,15,374.9428239874931,373.0,-31.0,4.159999847412109,3.3802640000430983
39.70016510200003,17,-567.6671613640693,-558.0,-22.0,-0.8100000023841858,1.8348210005569854
39.80016787600016,11,37.786891896735646,46.0,-41.0,-3.2799999713897705,1.9055729999308824
39.80016787600016,13,-88.74310306786396,-78.0,-30.0,1.5099999904632568,1.8401320003249566
39.80016787600016,15,373.376884419929,372.0,-1.0,4.699999809265137,1.9590440006140852
39.80016787600016,17,-569.2331009316335,-562.0,-27.0,-0.3700000047683716,2.0092210006623645
39.900174170000355,11,36.217801156750234,43.0,-22.0,-1.659999966621399,1.9018930006495793
39.900174170000355,13,-90.31219380784938,-81.0,-27.0,1.7899999618530273,1.9240369992985507
39.900174170000355,15,371.8077936799436,372.0,0.0,5.529999732971191,1.9189489994460018
39.900174170000355,17,-570.8021916716189,-564.0,-2.0,-0.5099999904632568,1.8526129997553653
40.00017118300002,11,34.64730877490656,42.0,0.0,-4.0,1.8713640001806198
40.00017118300002,13,-91.88268618969305,-83.0,-15.0,1.5999999046325684,1.852964999670803
40.00017118300002,15,370.2373012980999,372.0,0.0,6.279999732971191,1.936612999998033
40.00017118300002,17,-572.3726840534625,-564.0,0.0,-0.44999998807907104,2.2737970002708607
40.10017142900051,11,33.0767682878456,43.0,12.0,-2.299999952316284,1.9626610001068912
40.10017142900051,13,-93.453226676754,-84.0,1.0,-0.09999999403953552,2.069797000331164
40.10017142900051,15,368.66676081103896,371.0,-28.0,1.809999942779541,2.0611890004147426
40.10017142900051,17,-573.9432245405235,-564.0,9.0,-0.7899999618530273,1.8217320002804627
40.2001672260003,11,31.507850142529552,42.0,-10.0,-5.159999847412109,1.9815409996226663
40.2001672260003,13,-95.02214482207006,-84.0,-16.0,-0.9699999690055847,1.8589490000522346
40.2001672260003,15,367.0978426657229,368.0,-22.0,2.9800000190734863,1.899333000437764
40.2001672260003,17,-575.5121426858395,-565.0,-36.0,-0.5299999713897705,1.9099569999525556
40.30017768000016,11,29.941803448188608,39.0,-46.0,-4.610000133514404,1.9686450004883227
40.30017768000016,13,-96.588191516411,-87.0,-39.0,-0.7999999523162842,1.8302119997315458
40.30017768000016,15,365.53179597138194,366.0,-7.0,3.3399999141693115,1.7458919992350275
40.30017768000016,17,-577.0781893801806,-568.0,-41.0,-0.3799999952316284,1.7230760004167678
40.40017245299987,11,28.380648517147833,35.0,-21.0,-2.0799999237060547,2.008901000408514
40.40017245299987,13,-98.14934644745178,-91.0,-32.0,0.8299999833106995,2.0826929994655075
40.40017245299987,15,363.9706410403412,366.0,-4.0,4.170000076293945,1.808132999940426
40.40017245299987,17,-578.6393443112213,-572.0,-33.0,0.17999999225139618,2.119908999702602
40.5001725380007,11,26.825597617397413,35.0,0.0,-5.199999809265137,2.057957000033639
40.5001725380007,13,-99.70439734720219,-93.0,-1.0,1.6200000047683716,2.1422449999590754
40.5001725380007,15,362.4155901405908,365.0,-8.0,5.299999713897705,1.7785649997676956
40.5001725380007,17,-580.1943952109717,-572.0,0.0,-0.07999999821186066,2.636549999806448
40.60017185600009,11,25.278280303518777,35.0,7.0,-2.9800000190734863,2.039205000073707
40.60017185600009,13,-101.25171466108084,-92.0,23.0,-0.7199999690055847,1.8201960001533735
40.60017185600009,15,360.86827282671214,364.0,-32.0,1.4399999380111694,1.9528370003172313
40.60017185600009,17,-581.7417125248504,-572.0,1.0,-0.25999999046325684,1.8848689996957546
40.70018118900043,11,23.740058092411694,33.0,-32.0,-5.420000076293945,2.0302129996707663
40.70018118900043,13,-102.78993687218792,-90.0,0.0,-1.71999990940094,1.8924850000985316
40.70018118900043,15,359.33005061560505,360.0,-21.0,2.0,1.808676000109699
40.70018118900043,17,-583.2799347359575,-573.0,-20.0,-2.0,1.9546289995560073
40.80016389899993,11,22.213009733216428,29.0,-45.0,-2.859999895095825,1.8212519998996868
40.80016389899993,13,-104.31698523138319,-91.0,-26.0,-2.049999952316284,1.854404999903636
40.80016389899993,15,357.8030022564098,359.0,0.0,2.3899998664855957,2.027301000453008
40.80016389899993,17,-584.8069830951528,-576.0,-31.0,-1.25,1.9275570002719178
40.90017272000023,11,20.69783707672248,27.0,-4.0,-2.7200000286102295,1.887493000140239
40.90017272000023,13,-105.83215788787713,-95.0,-39.0,-1.4199999570846558,1.7913319998115185
40.90017272000023,15,356.2878295999158,359.0,0.0,2.629999876022339,1.8319729997529066
40.90017272000023,17,-586.3221557516466,-579.0,-16.0,-1.1699999570846558,1.77216399970348
41.000168165000105,11,19.196635770016172,27.0,0.0,-5.920000076293945,1.8946930003949092
41.000168165000105,13,-107.33335919458344,-99.0,-28.0,-0.3799999952316284,1.8120049999197363
41.000168165000105,15,354.7866282932095,359.0,-5.0,3.3299999237060547,1.9025969995709602
41.000168165000105,17,-587.8233570583529,-580.0,0.0,-0.6899999976158142,1.8313330001547001
41.10017941800015,11,17.710450049685477,27.0,0.0,-2.5799999237060547,1.8919079993793275
41.10017941800015,13,-108.81954491491413,-100.0,3.0,-1.1100000143051147,1.765221000823658
41.10017941800015,15,353.30044257287886,358.0,-31.0,1.4499999284744263,1.7423079998479807
41.10017941800015,17,-589.3095427786836,-580.0,1.0,-0.2800000011920929,2.3033340003166813
41.20015918300032,11,16.24144524897703,25.0,-21.0,-7.899999618530273,1.9230119996791473
41.20015918300032,13,-110.28854971562258,-100.0,-9.0,-3.509999990463257,1.8126770000890247
41.20015918300032,15,351.8314377721704,355.0,-23.0,1.4499999284744263,2.245990000119491
41.20015918300032,17,-590.7785475793921,-581.0,-20.0,-1.899999976158142,2.085029000227223
41.300169701000414,11,14.790156788547463,20.0,-51.0,-4.159999847412109,2.02957300007256
41.300169701000414,13,-111.73983817605215,-103.0,-39.0,-4.190000057220459,1.9627879992185626
41.300169701000414,15,350.3801493117408,354.0,0.0,0.05999999865889549,1.91830900075729
41.300169701000414,17,-592.2298360398216,-584.0,-41.0,-1.46999990940094,1.8454440005370998
41.40017013800025,11,13.358614993626052,19.0,2.0,-3.179999828338623,2.001765000386513
41.40017013800025,13,-113.17137997097356,-106.0,-34.0,-2.200000047683716,1.8206770000688266
41.40017013800025,15,348.94860751681944,354.0,-12.0,1.0699999332427979,1.9882609994965605
41.40017013800025,17,-593.6613778347431,-587.0,-10.0,-1.4199999570846558,1.8074280005748733
41.50016958300057,11,11.948099290083217,20.0,2.0,-7.419999599456787,2.0350769991637208
41.50016958300057,13,-114.58189567451639,-108.0,-1.0,-1.5499999523162842,2.0283249996282393
41.50016958300057,15,347.5380918132766,352.0,-13.0,2.5399999618530273,1.8331889996261452
41.50016958300057,17,-595.071893538286,-587.0,0.0,-1.5199999809265137,2.6813500007847324
41.6001776359999,11,10.559868885285084,19.0,-3.0,-3.2899999618530273,2.0180530000288854
41.6001776359999,13,-115.97012607931453,-107.0,24.0,-1.6399999856948853,1.7663079997873865
41.6001776359999,15,346.14986140847844,352.0,-8.0,0.7299999594688416,2.2190130002854858
41.6001776359999,17,-596.460123943084,-587.0,12.0,-1.0699999332427979,2.132741000423266
41.70017432900022,11,9.195569945865408,17.0,-21.0,-9.359999656677246,1.7850599997473182
41.70017432900022,13,-117.33442501873421,-106.0,5.0,-4.880000114440918,1.7881650001072558
41.70017432900022,15,344.7855624690588,351.0,-1.0,-0.04999999701976776,1.8513649993110448
41.70017432900022,17,-597.8244228825038,-587.0,-20.0,-2.5999999046325684,1.7770919994291035
41.80016497399993,11,7.856470002159526,12.0,-47.0,-3.759999990463257,2.061732999209198
41.80016497399993,13,-118.67352496244008,-108.0,-37.0,-5.909999847412109,1.7997799996010144
41.80016497399993,15,343.4464625253529,351.0,-5.0,-1.9499999284744263,1.8533160000515636
41.80016497399993,17,-599.1635228262096,-591.0,-32.0,-2.25,1.8003889999818057
41.9001702430005,11,6.543617104052103,11.0,6.0,-3.0899999141693115,2.0807729997613933
41.9001702430005,13,-119.9863778605475,-113.0,-38.0,-4.190000057220459,1.8234289991596597
41.9001702430005,15,342.13360962724545,349.0,-28.0,-0.41999998688697815,1.9169010001860443
41.9001702430005,17,-600.476375724317,-594.0,-22.0,-1.5,1.887491999696067
42.00017637600013,11,5.258493753838177,13.0,11.0,-8.699999809265137,1.9175090001226636
42.00017637600013,13,-121.27150121076143,-115.0,-8.0,-2.359999895095825,1.7748199998095515
42.00017637600013,15,340.84848627703155,345.0,-29.0,1.6999999284744263,1.9250280001870124
42.00017637600013,17,-601.761499074531,-595.0,0.0,-1.1100000143051147,1.9063090003328398
42.10017626900026,11,4.002457273004147,12.0,0.0,-3.009999990463257,1.893667999866011
42.10017626900026,13,-122.52753769159546,-115.0,20.0,-1.3399999141693115,1.770308999766712
42.10017626900026,15,339.5924497961975,344.0,-19.0,0.8100000023841858,2.128772999640205
42.10017626900026,17,-603.017535555365,-595.0,1.0,-0.17999999225139618,1.9227570001021377
42.2002151050001,11,2.7761948390367053,10.0,-24.0,-9.119999885559082,1.9251240000812686
42.2002151050001,13,-123.7538001255629,-114.0,5.0,-5.289999961853027,1.7260519998671953
42.2002151050001,15,338.36618736223005,344.0,8.0,-1.8199999332427979,1.7930599997271202
42.2002151050001,17,-604.2437979893324,-595.0,-15.0,-2.3499999046325684,1.8664049994185916
42.30016056600016,11,1.5825125833076328,6.0,-40.0,-6.049999713897705,1.9168369999533752
42.30016056600016,13,-124.94748238129198,-114.0,-32.0,-8.579999923706055,1.8678440001167473
42.30016056600016,15,337.172505106501,344.0,5.0,-3.009999990463257,2.0634290003727074
42.30016056600016,17,-605.4374802450615,-599.0,-42.0,-2.190000057220459,2.0662130000346224
42.400174506999974,11,0.420644254162589,4.0,5.0,-3.299999952316284,2.0351729999674717
42.400174506999974,13,-126.10935071043701,-119.0,-50.0,-5.25,1.6889320004338515
42.400174506999974,15,336.01063677735596,344.0,-16.0,-1.8600000143051147,1.7439079992982442
42.400174506999974,17,-606.5993485742066,-601.0,-11.0,-1.5099999904632568,2.009892999922158
42.50017776000004,11,-0.7073157101922618,6.0,8.0,-8.289999961853027,1.683907999904477
42.50017776000004,13,-127.23731067479187,-122.0,-2.0,-3.6599998474121094,1.756644000124652
42.50017776000004,15,334.8826768130011,340.0,-35.0,0.6800000071525574,1.842979999310046
42.50017776000004,17,-607.7273085385614,-601.0,0.0,-1.6200000047683716,1.85485299971333
42.600171604000025,11,-1.8002788374133374,6.0,10.0,-2.990000009536743,2.036837000559899
42.600171604000025,13,-128.33027380201295,-122.0,26.0,-1.46999990940094,1.7678129997875658
42.600171604000025,15,333.78971368578004,339.0,-12.0,0.5,1.902629000142042
42.600171604000025,17,-608.8202716657825,-601.0,7.0,-0.5999999642372131,1.909188999889011
42.7001699930006,11,-2.8573215807703747,5.0,-5.0,-10.429999351501465,2.0577010000124574
42.7001699930006,13,-129.38731654536997,-120.0,7.0,-5.87999963760376,1.7666920002739062
42.7001699930006,15,332.732670942423,339.0,12.0,-2.5999999046325684,1.8858609992093989
42.7001699930006,17,-609.8773144091396,-601.0,-9.0,-2.819999933242798,1.813283999581472
42.80018534200008,11,-3.877520123653852,1.0,-53.0,-8.90999984741211,2.0426609999049106
42.80018534200008,13,-130.40751508825346,-120.0,-13.0,-9.769999504089355,1.7729000001054374
42.80018534200008,15,331.7124723995395,339.0,-6.0,-3.8299999237060547,1.913412999783759
42.80018534200008,17,-610.897512952023,-605.0,-42.0,-2.240000009536743,1.9477169998936006
42.900170418000016,11,-4.859393553937011,-1.0,-4.0,-3.2699999809265137,1.7901799992614542
42.900170418000016,13,-131.38938851853663,-125.0,-60.0,-4.900000095367432,1.9751729996642098
42.900170418000016,15,330.73059896925633,339.0,-27.0,-2.549999952316284,1.9226600006732042
42.900170418000016,17,-611.8793863823062,-607.0,-2.0,-1.9299999475479126,1.9504370002323412
43.00020077499994,11,-5.8027056644322315,0.0,34.0,-9.210000038146973,2.084324999486853
43.00020077499994,13,-132.33270062903185,-128.0,-7.0,-3.379999876022339,1.8762930003504152
43.00020077499994,15,329.78728685876115,334.0,-37.0,-0.2199999988079071,1.871364999715297
43.00020077499994,17,-612.8226984928014,-607.0,0.0,-1.8499999046325684,1.9020850004380918
43.10019039500003,11,-6.705711961256483,1.0,21.0,-3.809999942779541,1.9037800002479344
43.10019039500003,13,-133.2357069258561,-127.0,38.0,-1.8199999332427979,1.711812000394275
43.10019039500003,15,328.88428056193686,333.0,3.0,0.44999998807907104,1.9492210003591026
43.10019039500003,17,-613.7257047896256,-607.0,10.0,-0.8399999737739563,2.0246129997758544
43.20018433600035,11,-7.56795000271935,0.0,-5.0,-12.149999618530273,1.903493000099843
43.20018433600035,13,-134.09794496731897,-125.0,9.0,-6.659999847412109,1.8009970008279197
43.20018433600035,15,328.02204252047403,336.0,39.0,-3.669999837875366,1.7200369993588538
43.20018433600035,17,-614.5879428310885,-607.0,-6.0,-3.4099998474121094,1.7449970000598114
43.30019917200025,11,-8.388696134847493,-3.0,-72.0,-8.699999809265137,2.05456499952561
43.30019917200025,13,-134.9186910994471,-125.0,-10.0,-10.809999465942383,1.8090280000251369
43.30019917200025,15,327.2012963883459,337.0,-4.0,-5.289999961853027,1.7981480004891637
43.30019917200025,17,-615.4086889632166,-610.0,-35.0,-2.429999828338623,1.8515889996706392
43.400190072999976,11,-9.16677456542623,-7.0,-7.0,-3.119999885559082,2.0261490008124383
43.400190072999976,13,-135.69676953002585,-130.0,-66.0,-6.079999923706055,1.7060199998013559
43.400190072999976,15,326.4232179577671,335.0,-46.0,-3.4099998474121094,1.9500210000842344
43.400190072999976,17,-616.1867673937953,-613.0,-5.0,-0.9099999666213989,1.8035570001302403
43.50016247700023,11,-9.901487106922083,-5.0,16.0,-7.739999771118164,1.9689010005095042
43.50016247700023,13,-136.43148207152169,-134.0,-13.0,-3.319999933242798,1.8730920000962215
43.50016247700023,15,325.68850541627125,329.0,-42.0,-0.3700000047683716,2.077636999274546
43.50016247700023,17,-616.9214799352912,-613.0,2.0,-0.9899999499320984,1.72922000001563
43.60017286499988,11,-10.592510988213299,-4.0,17.0,-3.8899998664855957,1.9209960000807769
43.60017286499988,13,-137.1225059528129,-133.0,44.0,-1.8600000143051147,1.759780999236682
43.60017286499988,15,324.99748153498007,328.0,6.0,0.26999998092651367,1.8755239998426987
43.60017286499988,17,-617.6125038165825,-612.0,3.0,-0.35999998450279236,1.8878450000556768
43.70018219800022,11,-11.238870119021719,-5.0,-8.0,-10.579999923706055,1.994725000258768
43.70018219800022,13,-137.76886508362134,-129.0,24.0,-7.419999599456787,1.8527399997765315
43.70018219800022,15,324.35112240417163,331.0,38.0,-4.150000095367432,1.8921330001830938
43.70018219800022,17,-618.2588629473909,-613.0,-12.0,-2.419999837875366,1.9211250000807922
43.800183178000225,11,-11.839885730648753,-9.0,-50.0,-6.509999752044678,1.994725000258768
43.800183178000225,13,-138.36988069524836,-129.0,-13.0,-10.949999809265137,1.7979250005737413
43.800183178000225,15,323.7501067925446,333.0,-2.0,-5.759999752044678,2.0369009998830734
43.800183178000225,17,-618.859878559018,-616.0,-29.0,-1.409999966621399,2.046180999968783
43.900185342999976,11,-12.395026845162057,-10.0,4.0,-4.690000057220459,2.047044999926584
43.900185342999976,13,-138.92502180976166,-135.0,-68.0,-5.079999923706055,1.805251999940083
43.900185342999976,15,323.1949656780313,330.0,-50.0,-2.9600000381469727,1.811907999581308
43.900185342999976,17,-619.4150196735312,-616.0,0.0,-1.2699999809265137,1.8708839997998439
44.00018587500017,11,-12.9037302648807,-9.0,1.0,-7.569999694824219,1.7624040001464891
44.00018587500017,13,-139.4337252294803,-138.0,-6.0,-3.2200000286102295,1.7843250006990274
44.00018587500017,15,322.68626225831264,325.0,-40.0,-0.26999998092651367,1.764068999364099
44.00018587500017,17,-619.9237230932498,-616.0,0.0,-1.2699999809265137,1.7082600006688153
44.10018698300064,11,-13.365505920768378,-9.0,8.0,-3.6999998092651367,1.7839399997683358
44.10018698300064,13,-139.895500885368,-136.0,61.0,-2.509999990463257,1.7717809996611322
44.10018698300064,15,322.224486602425,324.0,12.0,-0.009999999776482582,1.784037000106764
44.10018698300064,17,-620.3854987491375,-616.0,5.0,-0.4699999988079071,1.9156529997417238
44.200170843000706,11,-13.77982765857719,-10.0,-1.0,-9.670000076293945,1.892676999887044
44.200170843000706,13,-140.30982262317679,-132.0,36.0,-7.599999904632568,1.7195559994434007
44.200170843000706,15,321.8101648646162,328.0,37.0,-3.9499998092651367,1.819364999391837
44.200170843000706,17,-620.7998204869464,-617.0,-19.0,-2.1399998664855957,1.860292000856134
44.30016283100031,11,-14.146398276340278,-12.0,-23.0,-7.669999599456787,1.9093170003543491
44.30016283100031,13,-140.6763932409399,-131.0,-38.0,-9.920000076293945,1.8342759994993685
44.30016283100031,15,321.4435942468531,329.0,0.0,-5.769999980926514,2.026373000262538
44.30016283100031,17,-621.1663911047094,-619.0,-4.0,-1.5,2.293733000442444
44.400158883000586,11,-14.464832416925923,-13.0,2.0,-5.489999771118164,1.9433010002103401
44.400158883000586,13,-140.99482738152554,-137.0,-62.0,-6.659999847412109,1.7591719997653854
44.400158883000586,15,321.12516010626746,328.0,-46.0,-3.3299999237060547,1.7446439997002017
44.400158883000586,17,-621.484825245295,-619.0,0.0,-1.3899999856948853,1.793572000678978
44.500178967000465,11,-14.73485901019317,-12.0,-3.0,-6.039999961853027,1.901797000755323
44.500178967000465,13,-141.26485397479277,-141.0,-16.0,-3.490000009536743,1.8187560008300352
44.500178967000465,15,320.85513351300017,322.0,-38.0,-0.7599999904632568,1.79824400038342
44.500178967000465,17,-621.7548518385623,-619.0,-2.0,-1.1899999380111694,1.8181489995185984
44.60016161100066,11,-14.956055459004112,-12.0,27.0,-3.0399999618530273,1.994628999455017
44.60016161100066,13,-141.48605042360373,-140.0,58.0,-2.4600000381469727,1.7508840001028148
44.60016161100066,15,320.63393706418924,322.0,3.0,-0.2199999988079071,1.9352689996594563
44.60016161100066,17,-621.9760482873733,-620.0,-2.0,0.05999999865889549,1.9392679996599327
44.70016233500064,11,-15.128340425941403,-12.0,-2.0,-9.579999923706055,1.9945969997934299
44.70016233500064,13,-141.65833539054103,-135.0,38.0,-8.380000114440918,1.7977970001084032
44.70016233500064,15,320.46165209725194,324.0,40.0,-3.9599997997283936,1.9278449999546865
44.70016233500064,17,-622.1483332543105,-620.0,-6.0,-1.2599999904632568,2.07414900069125
44.800170131000414,11,-15.251506441061764,-14.0,-20.0,-6.399999618530273,1.760420000209706
44.800170131000414,13,-141.78150140566137,-135.0,-13.0,-9.869999885559082,1.7259879996345262
44.800170131000414,15,320.33848608213157,327.0,4.0,-5.239999771118164,1.817892999497417
44.800170131000414,17,-622.2714992694309,-621.0,-14.0,-0.07999999821186066,1.8507570002839202
44.90016032699987,11,-15.325409348901673,-15.0,3.0,-5.119999885559082,2.042885000264505
44.90016032699987,13,-141.85540431350128,-139.0,-47.0,-5.650000095367432,1.813349000258313
44.90016032699987,15,320.2645831742917,325.0,-39.0,-3.2100000381469727,2.0210290003888076
44.90016032699987,17,-622.3454021772708,-621.0,1.0,-0.5799999833106995,1.8153649998566834
45.00021039500007,11,-15.350002179596245,-14.0,-6.0,-6.679999828338623,2.037349000602262
45.00021039500007,13,-141.87999714419584,-142.0,-17.0,-3.629999876022339,1.9780840002567857
45.00021039500007,15,320.2399903435971,321.0,-25.0,-1.7300000190734863,1.8244849998154677
45.00021039500007,17,-622.3699950079654,-621.0,0.0,-0.4599999785423279,1.8550120003055781
45.100159567000446,11,-15.325251514105517,-14.0,33.0,-3.509999990463257,1.78451700048754
45.100159567000446,13,-141.8552464787051,-141.0,58.0,-2.429999828338623,1.743588000863383
45.100159567000446,15,320.26474100908786,321.0,1.0,-0.08999999612569809,1.9596520005507045
45.100159567000446,17,-622.3452443424746,-622.0,-3.0,0.07000000029802322,1.9425010004852084
45.200180067000474,11,-15.25116102829189,-13.0,17.0,-9.130000114440918,2.020228999754181
45.200180067000474,13,-141.7811559928915,-137.0,41.0,-7.190000057220459,1.842595999733021
45.200180067000474,15,320.33883149490146,322.0,31.0,-3.059999942779541,1.9070769994868897
45.200180067000474,17,-622.271153856661,-621.0,0.0,-0.7400000095367432,2.644070999849646
45.30016751099993,11,-15.127852826920915,-14.0,-20.0,-6.920000076293945,1.8028840004262747
45.30016751099993,13,-141.6578477915205,-136.0,-3.0,-9.429999351501465,2.038116999756312
45.30016751099993,15,320.46213969627246,326.0,15.0,-5.069999694824219,1.9176690002495889
45.30016751099993,17,-622.1478456552901,-621.0,-1.0,-0.7599999904632568,1.7506599997432204
45.449308098000074,11,-14.852715372094686,-15.0,1.0,-7.409999847412109,1.7569319998074207
45.449308098000074,13,-141.3827103366943,-141.0,-25.0,-6.019999980926514,1.9027250000362983
45.449308098000074,15,320.7372771510987,323.0,-41.0,-2.669999837875366,1.7548530004205531
45.449308098000074,17,-621.8727082004639,-622.0,0.0,-0.949999988079071,1.9085490002908045
45.500128414000756,11,-14.734103730923792,-15.0,-6.0,-7.009999752044678,2.0601010000973474
45.500128414000756,13,-141.2640986955234,-142.0,-12.0,-4.880000114440918,1.8899249998867163
45.500128414000756,15,320.8558887922696,321.0,-34.0,-1.909999966621399,1.895524000246951
45.500128414000756,17,-621.754096559293,-622.0,-2.0,-0.7799999713897705,2.0250930001566303
45.60025064199999,11,-14.463626938642697,-15.0,38.0,-4.199999809265137,1.957860999937111
45.60025064199999,13,-140.9936219032423,-141.0,55.0,-2.5199999809265137,1.7344370007776888
45.60025064199999,15,321.1263655845507,321.0,1.0,-0.05999999865889549,1.885093000055349
45.60025064199999,17,-621.4836197670119,-622.0,4.0,-0.07000000029802322,2.5240059994757758
45.70018563800022,11,-14.145204198196744,-14.0,11.0,-7.210000038146973,1.944324000760389
45.70018563800022,13,-140.67519916279636,-138.0,42.0,-5.730000019073486,1.7681330000414164
45.70018563800022,15,321.44478832499664,323.0,31.0,-2.7899999618530273,1.914467999995395
45.70018563800022,17,-621.1651970265659,-621.0,1.0,-0.44999998807907104,1.7299239998465055
45.80019509700014,11,-13.778398125097695,-14.0,-1.0,-6.559999942779541,1.927717000398843
45.80019509700014,13,-140.3083930896973,-136.0,0.0,-8.760000228881836,1.8207399998573237
45.80019509700014,15,321.8115943980957,326.0,32.0,-5.329999923706055,1.8964209994010162
45.80019509700014,17,-620.7983909534669,-621.0,0.0,-0.44999998807907104,2.0468849997996585
45.900193741000294,11,-13.363837436646918,-14.0,0.0,-7.449999809265137,1.9257329995525652
45.900193741000294,13,-139.89383240124653,-138.0,-43.0,-7.549999713897705,1.7811560001064208
45.900193741000294,15,322.22615508654644,326.0,-15.0,-4.460000038146973,1.8099249991792021
45.900193741000294,17,-620.3838302650161,-621.0,-1.0,-0.25,1.8186920005973661
46.00019184100074,11,-12.901896815701562,-14.0,-14.0,-6.150000095367432,1.7436199996154755
46.00019184100074,13,-139.43189178030116,-141.0,-20.0,-4.829999923706055,1.780739999958314
46.00019184100074,15,322.6880957074918,323.0,-29.0,-2.450000047683716,1.9273320003776462
46.00019184100074,17,-619.9218896440707,-621.0,0.0,-0.41999998688697815,1.8802930007950636
46.10029381200002,11,-12.392477196904757,-14.0,38.0,-3.5,1.9139890000587911
46.10029381200002,13,-138.92247216150437,-141.0,43.0,-2.2300000190734863,1.8523879998610937
46.10029381200002,15,323.1975153262886,321.0,0.0,-0.03999999910593033,1.9609959999797866
46.10029381200002,17,-619.4124700252739,-621.0,-2.0,0.26999998092651367,2.7520710000317194
46.20022634399993,11,-11.837517634473848,-12.0,17.0,-6.579999923706055,2.170533000025898
46.20022634399993,13,-138.36751259907345,-137.0,44.0,-5.119999885559082,1.968773000044166
46.20022634399993,15,323.7524748887195,324.0,40.0,-2.240000009536743,1.7799090001062723
46.20022634399993,17,-618.857510462843,-620.0,31.0,-1.0,1.6637799999443814
46.30017151500033,11,-11.236663529887352,-12.0,-1.0,-6.559999942779541,1.8864690000555129
46.30017151500033,13,-137.76665849448696,-134.0,14.0,-8.449999809265137,1.8890920000558253
46.30017151500033,15,324.35332899330604,327.0,26.0,-4.849999904632568,1.7312690006292542
46.30017151500033,17,-618.2566563582565,-619.0,0.0,-1.2699999809265137,2.1791090002807323
46.40017687799991,11,-10.59017186001546,-12.0,0.0,-7.449999809265137,2.1256059999359422
46.40017687799991,13,-137.12016682461507,-135.0,-33.0,-8.539999961853027,1.738691999889852
46.40017687799991,15,324.9998206631779,328.0,-5.0,-4.880000114440918,2.0552369996948983
46.40017687799991,17,-617.6101646883847,-619.0,-4.0,-1.1399999856948853,1.9191729998055962
46.50019241800055,11,-9.898956232876742,-12.0,-7.0,-7.929999828338623,1.9076520002272446
46.50019241800055,13,-136.42895119747635,-139.0,-33.0,-5.579999923706055,1.955396999619552
46.50019241800055,15,325.6910362903166,325.0,-29.0,-2.799999952316284,1.9879730007232865
46.50019241800055,17,-616.9189490612459,-619.0,-3.0,-1.25,1.9217010003558244
46.6001998290003,11,-9.163824024886786,-12.0,35.0,-3.109999895095825,1.9732529999600956
46.6001998290003,13,-135.6938189894864,-139.0,40.0,-1.8399999141693115,2.06918899948505
46.6001998290003,15,326.4261684983066,323.0,1.0,-0.05999999865889549,1.7457640005886788
46.6001998290003,17,-616.183816853256,-619.0,3.0,-0.29999998211860657,1.9582439999794587
46.700169960000494,11,-8.385744576847323,-10.0,21.0,-6.389999866485596,1.9375080000827438
46.700169960000494,13,-134.91573954144692,-136.0,47.0,-4.989999771118164,1.7053479996320675
46.700169960000494,15,327.204247946346,326.0,48.0,-1.8399999141693115,1.864869000200997
46.700169960000494,17,-615.4057374052164,-618.0,19.0,-0.12999999523162842,1.808483999411692
46.80018399600067,11,-7.564849845491459,-9.0,0.0,-7.359999656677246,2.02307700055826
46.80018399600067,13,-134.09484481009108,-132.0,30.0,-8.380000114440918,1.9406130004426814
46.80018399600067,15,328.0251426777019,330.0,35.0,-4.650000095367432,2.0564209999065497
46.80018399600067,17,-614.5848426738606,-616.0,2.0,-1.1299999952316284,1.8063719999190653
46.90017287899991,11,-6.702504560873393,-9.0,-3.0,-7.21999979019165,3.1318480005211313
46.90017287899991,13,-133.232499525473,-132.0,-16.0,-9.039999961853027,2.013733000239881
46.90017287899991,15,328.88748796231994,331.0,-6.0,-4.589999675750732,1.9787890005318332
46.90017287899991,17,-613.7224973892426,-616.0,0.0,-1.5799999237060547,1.8335720005779876
47.0001790740007,11,-5.799198569574429,-9.0,0.0,-8.010000228881836,1.9873640003424953
47.0001790740007,13,-132.32919353417404,-135.0,-27.0,-5.829999923706055,1.915684999403311
47.0001790740007,15,329.79079395361896,329.0,-43.0,-2.490000009536743,1.892676999887044
47.0001790740007,17,-612.8191913979435,-616.0,-2.0,-1.409999966621399,2.1205500006544753
47.10018155800026,11,-4.85600488978929,-9.0,28.0,-4.069999694824219,1.9788520003203303
47.10018155800026,13,-131.3859998543889,-137.0,33.0,-1.659999966621399,1.8059889998767176
47.10018155800026,15,330.73398763340407,326.0,-10.0,-0.08999999612569809,1.975301000129548
47.10018155800026,17,-611.8759977181585,-616.0,5.0,-0.3100000023841858,1.731748000565858
47.20016858500003,11,-3.8739763939057568,-9.0,0.0,-8.420000076293945,2.072164999844972
47.20016858500003,13,-130.40397135850537,-134.0,40.0,-5.0,1.9090610003331676
47.20016858500003,15,331.7160161292876,327.0,35.0,-1.5799999237060547,1.896452999972098
47.20016858500003,17,-610.8939692222749,-615.0,17.0,0.0,2.005989000281261
47.300162395999905,11,-2.8538687742154707,-10.0,-2.0,-6.690000057220459,1.8029799994110363
47.300162395999905,13,-129.38386373881508,-131.0,27.0,-7.480000019073486,1.9708529998752056
47.300162395999905,15,332.7361237489779,332.0,54.0,-3.929999828338623,1.912484999593289
47.300162395999905,17,-609.8738616025846,-612.0,4.0,-0.7099999785423279,2.549638999880699
47.40015383900027,11,-1.796779411043822,-8.0,32.0,-4.710000038146973,1.7971560000660247
47.40015383900027,13,-128.32677437564342,-129.0,0.0,-7.309999942779541,1.8375079998804722
47.40015383900027,15,333.79321311214954,334.0,0.0,-3.809999942779541,1.8452529993737699
47.40015383900027,17,-608.816772239413,-612.0,0.0,-0.8899999856948853,2.068388999759918
47.50020771400068,11,-0.7030341503973645,-5.0,12.0,-8.079999923706055,1.7864679994090693
47.50020771400068,13,-127.23302911499698,-130.0,-10.0,-6.639999866485596,1.9962610003858572
47.50020771400068,15,334.886958372796,332.0,-22.0,-2.700000047683716,1.7700519993013586
47.50020771400068,17,-607.7230269787665,-612.0,1.0,-1.3299999237060547,2.1525169995584292
47.60017659700043,11,0.42466461122877064,-5.0,29.0,-2.7899999618530273,1.9572209994294099
47.60017659700043,13,-126.10533035337085,-131.0,29.0,-2.609999895095825,1.735972000460606
47.60017659700043,15,336.0146571344221,331.0,0.0,0.029999999329447746,1.9225319992983714
47.60017659700043,17,-606.5953282171404,-612.0,-12.0,0.04999999701976776,1.8631720004123054
47.70017056800043,11,1.5864142469707332,-3.0,33.0,-8.65999984741211,1.9585330001063994
47.70017056800043,13,-124.94358071762888,-131.0,10.0,-4.039999961853027,1.74531599986949
47.70017056800043,15,337.1764067701641,333.0,39.0,-1.0099999904632568,2.001828999709687
47.70017056800043,17,-605.4335785813984,-612.0,12.0,-0.3499999940395355,1.7714279993015225
47.80016764300035,11,2.7808272836560803,-2.0,0.0,-7.349999904632568,1.9088049994024914
47.80016764300035,13,-123.74916768094353,-129.0,15.0,-6.559999942779541,1.7619560003367951
47.80016764300035,15,338.37081980684945,337.0,38.0,-3.5,1.8226920001325198
47.80016764300035,17,-604.239165544713,-609.0,23.0,-1.0299999713897705,1.8413159996271133
47.90030014200056,11,4.008370445007159,-1.0,18.0,-6.069999694824219,1.9185959999958868
47.90030014200056,13,-122.52162451959245,-128.0,5.0,-6.289999961853027,2.210917999946105
47.90030014200056,15,339.5983629682005,338.0,0.0,-3.3899998664855957,1.8625319999046042
47.90030014200056,17,-603.011622383362,-607.0,1.0,-1.2599999904632568,1.7639730003793375
48.000173249,11,5.2629367899791895,0.0,0.0,-9.65999984741211,1.961572999789496
48.000173249,13,-121.26705817462042,-128.0,2.0,-4.329999923706055,1.8100200004482758
48.000173249,15,340.8529293131725,337.0,-19.0,-1.9399999380111694,1.7394919996149838
48.000173249,17,-601.7570560383899,-607.0,0.0,-1.6100000143051147,1.8083240001942613
48.10027368400006,11,6.549384556910663,0.0,27.0,-4.119999885559082,2.1951409999019234
48.10027368400006,13,-119.98061040768894,-126.0,55.0,-3.0,2.004484999815759
48.10027368400006,15,342.139377080104,335.0,-2.0,0.25,1.945541000168305
48.10027368400006,17,-600.4706082714584,-607.0,4.0,-0.28999999165534973,1.947525000105088
48.20019008700001,11,7.861179071541962,0.0,0.0,-11.219999313354492,1.9825959998343023
48.20019008700001,13,-118.66881589305765,-124.0,32.0,-4.269999980926514,1.8462449997969088
48.20019008700001,15,343.45117159473534,337.0,36.0,-0.4599999785423279,1.8835240007319953
48.20019008700001,17,-599.1588137568272,-605.0,34.0,-1.4399999380111694,2.018725000198174
48.300204761000714,11,9.20069544828047,-1.0,-31.0,-8.300000190734863,2.291845999934594
48.300204761000714,13,-117.32929951631914,-120.0,26.0,-5.25,2.0189810002193553
48.300204761000714,15,344.79068797147386,341.0,40.0,-1.8499999046325684,1.8816679994415608
48.300204761000714,17,-597.8192973800886,-602.0,35.0,-2.119999885559082,1.8967089999932796
48.40019578800002,11,10.56500907213723,-1.0,30.0,-3.3499999046325684,2.028100999268645
48.40019578800002,13,-115.96498589246238,-119.0,0.0,-5.299999713897705,1.8540849996497855
48.40019578800002,15,346.1550015953306,343.0,5.0,-2.5399999618530273,1.7806450005082297
48.40019578800002,17,-596.454983756232,-601.0,-1.0,-1.2400000095367432,1.7752370004018303
48.50026662300024,11,11.954204432080996,3.0,38.0,-8.050000190734863,2.026469000156794
48.50026662300024,13,-114.57579053251861,-119.0,-3.0,-6.12999963760376,1.979492999453214
48.50026662300024,15,347.54419695527434,342.0,-17.0,-1.6799999475479126,1.8714929992711404
48.50026662300024,17,-595.0657883962881,-601.0,0.0,-1.5099999904632568,1.9203559995730757
48.60017339300066,11,13.363497597514737,5.0,53.0,-4.230000019073486,1.8727080005191965
48.60017339300066,13,-113.16649736708487,-119.0,34.0,-2.3999998569488525,1.8432369997753995
48.60017339300066,15,348.9534901207081,341.0,-5.0,0.3499999940395355,1.8055729997286107
48.60017339300066,17,-593.6564952308544,-601.0,2.0,-0.14999999105930328,2.0402290001584333
48.7001616360003,11,14.794933358666988,7.0,18.0,-5.409999847412109,1.8235570005344925
48.7001616360003,13,-111.73506160593263,-118.0,12.0,-2.7200000286102295,1.8496359998607659
48.7001616360003,15,350.38492588186034,341.0,26.0,0.699999988079071,1.9539880004231236
48.7001616360003,17,-592.2250594697022,-599.0,31.0,-1.059999942779541,2.123172999745293
48.800167927000075,11,16.246222658745406,9.0,20.0,-6.789999961853027,1.917636999678507
48.800167927000075,13,-110.2837723058542,-116.0,29.0,-4.210000038146973,1.8221159998574876
48.800167927000075,15,351.83621518193877,345.0,38.0,0.0,1.8623720006871736
48.800167927000075,17,-590.7737701696237,-596.0,35.0,-1.6999999284744263,1.9205490007152548
48.90017018600065,11,17.71561695658159,10.0,17.0,-4.659999847412109,1.916356000037922
48.90017018600065,13,-108.81437800801802,-113.0,26.0,-5.559999942779541,1.8056050002996926
48.90017018600065,15,353.30560947977494,348.0,17.0,-0.9699999690055847,1.9193010002709343
48.90017018600065,17,-589.3043758717876,-594.0,9.0,-1.209999918937683,2.329605999875639
49.00017215600019,11,19.201719881204443,12.0,4.0,-7.059999942779541,1.9543729995348258
49.00017215600019,13,-107.32827508339517,-112.0,-1.0,-5.779999732971191,1.765123999575735
49.00017215600019,15,354.7917124043978,349.0,0.0,-1.409999966621399,1.9387250004001544
49.00017215600019,17,-587.8182729471647,-594.0,0.0,-1.5799999237060547,2.092548999826249
49.100167951,11,20.702975844842076,12.0,32.0,-3.5799999237060547,2.002821000132826
49.100167951,13,-105.82701911975754,-113.0,24.0,-2.3899998664855957,1.9657319999168976
49.100167951,15,356.2929683680354,348.0,-7.0,0.3799999952316284,1.8744369999694754
49.100167951,17,-586.3170169835271,-594.0,4.0,-0.4899999797344208,2.302660999703221
49.200172513000325,11,22.218128064846052,13.0,20.0,-7.170000076293945,1.9874930003425106
49.200172513000325,13,-104.31186689975355,-112.0,1.0,-2.299999952316284,1.8198759998995229
49.200172513000325,15,357.8081205880394,347.0,8.0,2.2899999618530273,1.8658290000530542
49.200172513000325,17,-584.8018647635231,-592.0,18.0,-0.8799999952316284,1.9695090004461235
49.300177140000415,11,23.74555115504476,13.0,0.0,-4.929999828338623,2.1186289995966945
49.300177140000415,13,-102.78444380955484,-112.0,5.0,-2.059999942779541,1.8733479992079083
49.300177140000415,15,359.33554367823814,351.0,46.0,1.1100000143051147,1.9430450001891586
49.300177140000415,17,-583.2744416733244,-589.0,32.0,-1.0699999332427979,1.8864680005208356
49.40017552600057,11,25.283640315295628,15.0,36.0,-2.700000047683716,1.9731889997274266
49.40017552600057,13,-101.24635464930398,-109.0,37.0,-3.2300000190734863,1.9443560004219762
49.40017552600057,15,360.873632838489,354.0,19.0,0.3999999761581421,1.9168680000802851
49.40017552600057,17,-581.7363525130735,-587.0,25.0,-1.5799999237060547,1.9899560002158978
49.50017100000059,11,26.830927462306395,19.0,17.0,-7.089999675750732,1.7587570000614505
49.50017100000059,13,-99.69906750229322,-106.0,17.0,-3.549999952316284,1.7800039995563566
49.50017100000059,15,362.4209199854998,354.0,3.0,0.38999998569488525,1.9168680000802851
49.50017100000059,17,-580.1890653660628,-587.0,0.0,-1.71999990940094,2.0620530003725435
49.60018938700068,11,28.386287470257432,19.0,19.0,-2.5199999809265137,2.0378290000735433
49.60018938700068,13,-98.14370749434218,-106.0,21.0,-2.0299999713897705,1.7898280002555111
49.60018938700068,15,363.9762799934508,355.0,-9.0,0.949999988079071,1.8981160001203534
49.60018938700068,17,-578.6337053581117,-587.0,4.0,-0.5,2.160516999538231
49.70016313300039,11,29.947133166203304,20.0,14.0,-5.130000114440918,1.8981170005645254
49.70016313300039,13,-96.58286179839631,-105.0,4.0,-1.1799999475479126,1.9325169996591285
49.70016313300039,15,365.53712568939665,353.0,0.0,2.75,1.9250290006311843
49.70016313300039,17,-577.0728596621658,-585.0,19.0,-0.17999999225139618,2.186980999795196
49.80016820800029,11,31.513108730399935,21.0,2.0,-5.029999732971191,1.8177000001742272
49.80016820800029,13,-95.01688623419967,-104.0,19.0,-0.7400000095367432,1.7369639999742503
49.80016820800029,15,367.1031012535933,354.0,22.0,3.859999895095825,1.7253480000363197
49.80016820800029,17,-575.5068840979692,-582.0,22.0,-0.29999998211860657,2.0179249995635473
49.900169026000185,11,33.08211350358141,23.0,37.0,-2.319999933242798,1.8960369998239912
49.900169026000185,13,-93.4478814610182,-101.0,34.0,-0.9099999666213989,1.7826599996624282
49.900169026000185,15,368.67210602677477,358.0,34.0,2.690000057220459,1.9691240004249266
49.900169026000185,17,-573.9378793247878,-580.0,12.0,-0.22999998927116394,2.020100999288843
50.000185332,11,34.65290889942839,26.0,17.0,-6.25,1.8708199995671748
50.000185332,13,-91.87708606517123,-98.0,29.0,-3.0899999141693115,1.846468000621826
50.000185332,15,370.24290142262174,360.0,19.0,2.109999895095825,1.8566449998616008
50.000185332,17,-572.3670839289407,-579.0,0.0,-0.8199999928474426,1.993732999835629
50.10017008600062,11,36.223206049169725,26.0,21.0,-2.0199999809265137,1.8933490000563324
50.10017008600062,13,-90.30678891542988,-98.0,13.0,-1.959999918937683,1.7866600001070765
50.10017008600062,15,371.8131985723631,362.0,7.0,1.0199999809265137,1.7038759997376474
50.10017008600062,17,-570.7967867791995,-579.0,0.0,-0.17999999225139618,1.9178919992555166
50.200182584000686,11,37.79238604586908,28.0,23.0,-3.18999981880188,2.0143080000707414
50.200182584000686,13,-88.73760891873053,-97.0,-8.0,-0.44999998807907104,1.726915999824996
50.200182584000686,15,373.38237856906244,361.0,0.0,3.619999885559082,1.8827569992936333
50.200182584000686,17,-569.2276067825001,-578.0,12.0,-0.029999999329447746,1.8445160003466299
50.30016692300069,11,39.35802375438039,30.0,21.0,-4.339999675750732,1.9530279996615718
50.30016692300069,13,-87.17197121021923,-97.0,13.0,0.35999998450279236,1.8258609998156317
50.30016692300069,15,374.94801627757374,362.0,18.0,5.099999904632568,1.9513969991749036
50.30016692300069,17,-567.6619690739888,-575.0,37.0,-0.6399999856948853,1.7407400000593043
50.40017625300061,11,40.91940612440205,32.0,17.0,-2.3399999141693115,1.999461000195879
50.40017625300061,13,-85.61058884019755,-95.0,29.0,1.0799999237060547,1.771781000570627
50.40017625300061,15,376.5093986475954,364.0,19.0,4.949999809265137,1.9877490003636922
50.40017625300061,17,-566.1005867039671,-572.0,30.0,-0.5799999833106995,1.7502439995951136
50.50017118300002,11,42.47437678288991,34.0,16.0,-4.360000133514404,1.997637000386021
50.50017118300002,13,-84.05561818170969,-91.0,30.0,-0.9399999976158142,1.7673639995336998
50.50017118300002,15,378.0643693060833,366.0,18.0,4.21999979019165,1.8177319998358143
50.50017118300002,17,-564.5456160454793,-572.0,2.0,-0.4599999785423279,2.03917300041212
50.60019004900005,11,44.021995828914484,35.0,9.0,-2.759999990463257,2.0841650002694223
50.60019004900005,13,-82.50799913568513,-90.0,13.0,-1.1200000047683716,1.9877169997926103
50.60019004900005,15,379.61198835210786,368.0,12.0,1.209999918937683,1.9770290000451496
50.60019004900005,17,-562.9979969994547,-572.0,3.0,-0.3400000035762787,1.8638120000105118
50.700169587000346,11,45.5597594773718,34.0,3.0,-3.1599998474121094,2.051268999821332
50.700169587000346,13,-80.97023548722781,-89.0,0.0,0.26999998092651367,1.8128039992006961
50.700169587000346,15,381.1497520005652,367.0,-3.0,4.029999732971191,2.04064500030654
50.700169587000346,17,-561.4602333509973,-570.0,23.0,-0.009999999776482582,1.9505649997881847
50.80017091700029,11,47.08709246285177,35.0,5.0,-3.109999895095825,1.8054439997285954
50.80017091700029,13,-79.44290250174784,-88.0,12.0,2.359999895095825,1.8481010001778486
50.80017091700029,15,382.67708498604514,367.0,1.0,6.509999752044678,1.7617009998502908
50.80017091700029,17,-559.9329003655174,-568.0,24.0,0.6800000071525574,2.092964999974356
50.90023746299994,11,48.6031349274653,37.0,31.0,-2.619999885559082,2.056452999568137
50.90023746299994,13,-77.92686003713432,-86.0,26.0,2.5,1.7879090000860742
50.90023746299994,15,384.19312745065866,369.0,27.0,6.829999923706055,1.8863089999285876
50.90023746299994,17,-558.4168579009039,-565.0,22.0,0.5600000023841858,2.076069000395364
51.00017082500017,11,50.1033993898282,41.0,25.0,-4.159999847412109,1.9291569997221814
51.00017082500017,13,-76.42659557477141,-83.0,23.0,0.5,1.9773479998548282
51.00017082500017,15,385.69339191302157,372.0,32.0,5.159999847412109,1.7952359994524159
51.00017082500017,17,-556.916593438541,-564.0,0.0,-0.4099999964237213,2.267781000227842
51.10018290700009,11,51.589596936669565,42.0,13.0,-1.649999976158142,1.920132000122976
51.10018290700009,13,-74.94039802793004,-82.0,2.0,-0.1599999964237213,1.6894440004762146
51.10018290700009,15,387.17958945986294,375.0,17.0,1.3700000047683716,2.0276209997973638
51.10018290700009,17,-555.4303958916996,-564.0,4.0,-0.47999998927116394,2.0862450001004618
51.200167724000494,11,53.058674911259686,43.0,18.0,-1.9499999284744263,1.913443999910669
51.200167724000494,13,-73.47132005333992,-82.0,2.0,0.6200000047683716,1.7507239999758895
51.200167724000494,15,388.64866743445305,374.0,-8.0,4.409999847412109,1.7928999996001949
51.200167724000494,17,-553.9613179171095,-563.0,15.0,0.8199999928474426,1.9381809997867094
51.30016441400039,11,54.50976241785885,45.0,26.0,-2.379999876022339,2.0189169999866863
51.30016441400039,13,-72.02023254674076,-81.0,23.0,3.0299999713897705,1.9232370004829136
51.30016441400039,15,390.0997549410522,374.0,2.0,6.589999675750732,1.8789160003507277
51.30016441400039,17,-552.5102304105103,-560.0,18.0,1.2999999523162842,1.915908000228228
51.40017521600021,11,55.94145260045778,48.0,29.0,-2.7899999618530273,1.923365000038757
51.40017521600021,13,-70.58854236414183,-79.0,26.0,3.0999999046325684,1.8778929998006788
51.40017521600021,15,391.53144512365117,375.0,23.0,8.019999504089355,2.050500999757787
51.40017521600021,17,-551.0785402279114,-557.0,12.0,1.0499999523162842,1.8101490004482912
51.50017974599996,11,57.352038368603296,49.0,2.0,-2.309999942779541,1.9249010001658462
51.50017974599996,13,-69.1779565959963,-76.0,24.0,2.0299999713897705,1.6105640006571775
51.50017974599996,15,392.94203089179666,378.0,29.0,6.849999904632568,1.9855730006383965
51.50017974599996,17,-549.6679544597658,-557.0,0.0,1.2599999904632568,1.869957000053546
51.60016309100047,11,58.739926331151935,49.0,7.0,-0.9099999666213989,1.9116839994239854
51.60016309100047,13,-67.79006863344767,-75.0,-4.0,0.5,1.835109000239754
51.60016309100047,15,394.3299188543453,381.0,27.0,1.309999942779541,1.721667999845522
51.60016309100047,17,-548.2800664972173,-556.0,2.0,-0.009999999776482582,1.9363249994057696
51.70020099700014,11,60.10478602872908,51.0,20.0,-1.1899999380111694,1.9354599999132915
51.70020099700014,13,-66.42520893587053,-75.0,5.0,0.85999995470047,1.8359400000917958
51.70020099700014,15,395.69477855192247,380.0,-13.0,4.670000076293945,1.9873970004482544
51.70020099700014,17,-546.91520679964,-555.0,26.0,0.1899999976158142,1.8073640003422042
51.80018034300065,11,61.443729247203066,53.0,25.0,-2.379999876022339,1.964901000064856
51.80018034300065,13,-65.08626571739654,-74.0,8.0,4.130000114440918,1.7800040004658513
51.80018034300065,15,397.0337217703964,379.0,0.0,7.25,1.7588199998499476
51.80018034300065,17,-545.5762635811661,-553.0,25.0,1.5899999141693115,1.7276529997616308
51.900189641,11,62.75663032261362,56.0,22.0,-1.8899999856948853,1.7628519999561831
51.900189641,13,-63.77336464198599,-72.0,35.0,3.809999942779541,1.7677480000202195
51.900189641,15,398.34662284580696,380.0,25.0,8.710000038146973,1.8940520003525307
51.900189641,17,-544.2633625057555,-551.0,15.0,2.119999885559082,2.0165169999017962
52.00019378600064,11,64.04172290562543,57.0,0.0,-2.0799999237060547,1.7915559992616181
52.00019378600064,13,-62.488272058974175,-69.0,18.0,3.0,1.7700199996397714
52.00019378600064,15,399.6317154288188,385.0,46.0,7.119999885559082,1.792547999684757
52.00019378600064,17,-542.9782699227437,-549.0,14.0,0.47999998927116394,1.7920690006576478
52.100163244000214,11,65.29737649331632,57.0,4.0,-0.35999998450279236,1.8230120003863703
52.100163244000214,13,-61.23261847128329,-68.0,5.0,0.5799999833106995,1.8672690002858872
52.100163244000214,15,400.8873690165097,389.0,36.0,1.1299999952316284,1.7479719999755616
52.100163244000214,17,-541.7226163350529,-549.0,2.0,-0.04999999701976776,2.0186930005365866
52.20019126100033,11,66.52351201001831,58.0,22.0,-0.8399999737739563,1.870149000751553
52.20019126100033,13,-60.0064829545813,-67.0,8.0,1.7999999523162842,1.7100199993365095
52.20019126100033,15,402.11350453321165,387.0,-16.0,4.739999771118164,1.7489319998276187
52.20019126100033,17,-540.4964808183508,-548.0,11.0,1.5199999809265137,2.0057329993505846
52.3002070550001,11,67.7180305779039,61.0,27.0,-2.8499999046325684,1.8485159998817835
52.3002070550001,13,-58.81196438669571,-66.0,7.0,4.519999980926514,1.7664369997874019
52.3002070550001,15,403.30802310109726,387.0,0.0,7.339999675750732,1.8196519995399285
52.3002070550001,17,-539.3019622504653,-545.0,37.0,1.4800000190734863,1.8254119995617657
52.400170335999974,11,68.87930341012569,63.0,19.0,-1.96999990940094,1.998020999963046
52.400170335999974,13,-57.65069155447392,-64.0,19.0,4.049999713897705,1.8124839998563402
52.400170335999974,15,404.469295933319,388.0,28.0,8.25,1.766883999152924
52.400170335999974,17,-538.1406894182435,-543.0,20.0,1.4499999284744263,1.9227570001021377
52.50020811400009,11,70.00764826029169,63.0,-1.0,-1.5199999809265137,1.9046759998673224
52.50020811400009,13,-56.522346704307914,-62.0,13.0,3.109999895095825,1.8036850005955785
52.50020811400009,15,405.5976407834851,392.0,36.0,6.659999847412109,1.6889640000954387
52.50020811400009,17,-537.0123445680774,-543.0,1.0,1.5399999618530273,1.867621000201325
52.60018601899992,11,71.10042925270295,64.0,1.0,-0.26999998092651367,1.9816690000880044
52.60018601899992,13,-55.42956571189665,-62.0,1.0,0.6800000071525574,1.8088040005750372
52.60018601899992,15,406.6904217758963,395.0,26.0,1.399999976158142,1.8532519998188945
52.60018601899992,17,-535.9195635756662,-542.0,0.0,0.35999998450279236,2.162053000574815
52.70021598800031,11,72.15779476000691,65.0,22.0,-1.3199999332427979,2.160004999495868
52.70021598800031,13,-54.3722002045927,-61.0,8.0,2.259999990463257,1.776004000021203
52.70021598800031,15,407.7477872832003,393.0,-23.0,5.269999980926514,1.9762279998758459
52.70021598800031,17,-534.8621980683622,-542.0,7.0,2.059999942779541,1.8677170000955812
52.80016567000075,11,73.17731859064315,67.0,26.0,-2.1399998664855957,1.99699699987832
52.80016567000075,13,-53.352676373956456,-61.0,21.0,4.610000133514404,1.8400050003037904
52.80016567000075,15,408.7673111138365,392.0,0.0,7.730000019073486,1.9565800002965261
52.80016567000075,17,-533.842674237726,-539.0,26.0,2.200000047683716,2.8854470001533628
52.9002232870007,11,74.15989793315813,69.0,15.0,-1.9199999570846558,2.029124999353371
52.9002232870007,13,-52.37009703144147,-58.0,27.0,3.509999990463257,2.0029489996886696
52.9002232870007,15,409.7498904563515,395.0,48.0,7.349999904632568,2.1251569996820763
52.9002232870007,17,-532.860094895211,-537.0,3.0,1.8799999952316284,1.9428530004006461
53.00015261600038,11,75.10225647310104,69.0,0.0,-1.6299999952316284,1.8528359996707877
53.00015261600038,13,-51.42773849149857,-56.0,18.0,2.1599998474121094,1.96202099959919
53.00015261600038,15,410.6922489962944,400.0,44.0,5.259999752044678,1.752901000145357
53.00015261600038,17,-531.9177363552681,-537.0,7.0,1.3299999237060547,2.0359089994599344
53.100175802000194,11,76.00557855022947,69.0,0.0,-0.3499999940395355,2.2234609996303334
53.100175802000194,13,-50.52441641437014,-55.0,0.0,0.32999998331069946,2.025796999987506
53.100175802000194,15,411.59557107342283,403.0,15.0,1.71999990940094,1.828356999794778
53.100175802000194,17,-531.0144142781396,-537.0,0.0,0.3100000023841858,2.103845000419824
53.200169899000684,11,76.86782392315453,71.0,15.0,-1.3799999952316284,1.9120359993394231
53.200169899000684,13,-49.662171041445085,-56.0,-10.0,2.690000057220459,1.952612999957637
53.200169899000684,15,412.45781644634786,400.0,-28.0,5.329999923706055,1.870052000413125
53.200169899000684,17,-530.1521689052146,-536.0,10.0,1.8899999856948853,1.9792690000031143
53.30016677999993,11,77.68843257582685,73.0,23.0,-3.0199999809265137,1.9712690000233124
53.30016677999993,13,-48.84156238877276,-55.0,27.0,4.779999732971191,1.737253000101191
53.30016677999993,15,413.2784250990202,399.0,0.0,7.940000057220459,1.926084999468003
53.30016677999993,17,-529.3315602525423,-534.0,18.0,2.3499999046325684,1.8865640004150919
53.40016247699987,11,78.46656117970957,74.0,5.0,-1.909999966621399,1.9555889994080644
53.40016247699987,13,-48.06343378489004,-52.0,26.0,3.5399999618530273,1.8507889999455074
53.40016247699987,15,414.05655370290293,402.0,45.0,6.369999885559082,1.878596000096877
53.40016247699987,17,-528.5534316486596,-532.0,5.0,1.149999976158142,2.1003570000175387
53.50022438199994,11,79.20192393765996,75.0,-1.0,-1.8899999856948853,1.9350129996382748
53.50022438199994,13,-47.32807102693966,-50.0,9.0,1.7300000190734863,2.071172999421833
53.50022438199994,15,414.7919164608533,407.0,41.0,4.029999732971191,2.0535089997792966
53.50022438199994,17,-527.8180688907092,-531.0,0.0,0.8399999737739563,2.906278999944334
53.60018939100064,11,79.89261692517746,75.0,0.0,-0.6599999666213989,1.9873649998771725
53.60018939100064,13,-46.63737803942214,-50.0,-7.0,0.7099999785423279,1.761508000527101
53.60018939100064,15,415.48260944837085,409.0,5.0,4.199999809265137,1.7375400002492825
53.60018939100064,17,-527.1273759031917,-531.0,0.0,0.6499999761581421,1.9488690004436648
53.700299072000234,11,80.53959451895872,76.0,21.0,-2.0399999618530273,2.0996209996155812
53.700299072000234,13,-45.990400445640894,-52.0,-10.0,2.619999885559082,2.0098919994779862
53.700299072000234,15,416.1295870421521,406.0,-37.0,4.989999771118164,1.9478770000205259
53.700299072000234,17,-526.4803983094105,-531.0,6.0,2.0799999237060547,1.8761320006888127
53.80017304100056,11,81.13982254422793,78.0,18.0,-3.919999837875366,1.9541809997463133
53.80017304100056,13,-45.390172420371684,-51.0,9.0,4.779999732971191,1.8014119996223599
53.80017304100056,15,416.72981506742127,404.0,6.0,7.369999885559082,1.8204529997092322
53.80017304100056,17,-525.8801702841412,-528.0,27.0,1.8899999856948853,1.8954290007968666
53.90017065800021,11,81.69494414249931,79.0,0.0,-2.690000057220459,1.8091559995809803
53.90017065800021,13,-44.8350508221003,-48.0,43.0,2.379999876022339,1.9084850000581355
53.90017065800021,15,417.28493666569267,407.0,48.0,5.569999694824219,1.83210099930875
53.90017065800021,17,-525.3250486858699,-527.0,9.0,1.4199999570846558,2.0095729996683076
54.00017473900061,11,82.20367164221851,79.0,0.0,-2.2300000190734863,2.073125000606524
54.00017473900061,13,-44.3263233223811,-46.0,5.0,1.3899999856948853,1.8887090000134776
54.00017473900061,15,417.7936641654119,412.0,42.0,3.059999942779541,1.6893479996724636
54.00017473900061,17,-524.8163211861506,-526.0,2.0,0.22999998927116394,1.8781489998218603
54.10016986000028,11,82.66542631808015,79.0,1.0,-2.879999876022339,2.069828999992751
54.10016986000028,13,-43.86456864651946,-46.0,-3.0,1.6200000047683716,1.8149489997085766
54.10016986000028,15,418.2554188412735,414.0,-1.0,3.609999895095825,2.129765000063344
54.10016986000028,17,-524.354566510289,-526.0,-2.0,0.17000000178813934,2.0257650003259187
54.20016334899992,11,83.07979381227412,80.0,10.0,-2.299999952316284,2.0997490000809194
54.20016334899992,13,-43.45020115232549,-47.0,-4.0,2.7899999618530273,1.8356199998379452
54.20016334899992,15,418.6697863354675,411.0,-38.0,4.920000076293945,1.8300839992662077
54.20016334899992,17,-523.940199016095,-526.0,6.0,1.7899999618530273,1.838436000070942
54.30016819800039,11,83.44641208491291,82.0,7.0,-2.9600000381469727,1.9626610001068912
54.30016819800039,13,-43.0835828796867,-46.0,26.0,3.3299999237060547,1.9931890001316788
54.30016819800039,15,419.0364046081063,410.0,1.0,6.039999961853027,1.8846440007109777
54.30016819800039,17,-523.5735807434562,-525.0,7.0,1.75,1.9575409996832605
54.40017771800012,11,83.76488326246162,82.0,0.0,-2.859999895095825,1.9215399997847271
54.40017771800012,13,-42.765111702137986,-44.0,17.0,1.8700000047683716,2.0371250002426677
54.40017771800012,15,419.354875785655,412.0,33.0,4.269999980926514,1.8375720001131413
54.40017771800012,17,-523.2551095659076,-524.0,10.0,1.0,1.7644839999775286
54.50016397500076,11,84.03481760574257,82.0,1.0,-2.869999885559082,1.9402289999561617
54.50016397500076,13,-42.49517735885704,-43.0,-1.0,1.7999999523162842,1.7480679998698179
54.50016397500076,15,419.6248101289359,415.0,22.0,3.25,1.9784039996011415
54.50016397500076,17,-522.9851752226266,-524.0,3.0,0.6800000071525574,1.976228999410523
54.60017253600017,11,84.25607238080342,82.0,0.0,-3.1999998092651367,1.9967730004282203
54.60017253600017,13,-42.27392258379619,-43.0,0.0,1.7599999904632568,2.00883699926635
54.60017253600017,15,419.84606490399676,416.0,0.0,3.7099997997283936,1.9269490003352985
54.60017253600017,17,-522.7639204475657,-524.0,0.0,0.26999998092651367,1.8566440003269236
54.70017024900062,11,84.42834754070904,84.0,14.0,-2.700000047683716,1.988068999708048
54.70017024900062,13,-42.101647423890576,-44.0,-4.0,2.509999990463257,1.8159090004701284
54.70017024900062,15,420.0183400639024,414.0,-25.0,3.919999837875366,1.7956200008484302
54.70017024900062,17,-522.5916452876601,-523.0,1.0,1.059999942779541,1.889861000563542
54.800181818000056,11,84.5515133803144,84.0,-6.0,-3.25,1.907331999973394
54.800181818000056,13,-41.978481584285205,-44.0,5.0,3.1999998092651367,1.812228999369836
54.800181818000056,15,420.1415059035078,413.0,1.0,5.029999732971191,2.008325000133482
54.800181818000056,17,-522.4684794480547,-523.0,1.0,1.090000033378601,1.8793640001604217
54.90021264999996,11,84.62543053925518,84.0,0.0,-2.359999895095825,1.9277159999546711
54.90021264999996,13,-41.904564425344425,-42.0,16.0,1.9299999475479126,1.8128039992006961
54.90021264999996,15,420.21542306244856,414.0,20.0,3.9599997997283936,1.99939699996321
54.90021264999996,17,-522.394562289114,-523.0,1.0,0.9599999785423279,1.9032370000786614
55.00017615500019,11,84.64999763461674,84.0,0.0,-2.3299999237060547,2.0393329996295506
55.00017615500019,13,-41.87999732998287,-42.0,0.0,2.0299999713897705,1.7825000004449976
55.00017615500019,15,420.2399901578101,416.0,15.0,3.309999942779541,1.9869480001943884
55.00017615500019,17,-522.3699951937524,-523.0,0.0,1.0699999332427979,1.9265330001871916
55.10016983500009,11,84.62524186190618,84.0,0.0,-2.690000057220459,2.059043999906862
55.10016983500009,13,-41.90475310269344,-42.0,0.0,2.049999952316284,1.8027570004051086
55.10016983500009,15,420.2152343850995,417.0,0.0,3.7799999713897705,1.9378930001039407
55.10016983500009,17,-522.394750966463,-523.0,0.0,1.0699999332427979,1.996549000068626
55.200193852000666,11,84.55114284166241,85.0,3.0,-2.5999999046325684,2.031013000305393
55.200193852000666,13,-41.9788521229372,-43.0,-17.0,2.5399999618530273,1.7591400001037982
55.200193852000666,15,420.14113536485576,415.0,-21.0,3.6399998664855957,1.6837800003486336
55.200193852000666,17,-522.4688499867067,-523.0,0.0,1.149999976158142,1.9176050000169198
55.300168556000244,11,84.42784670364988,84.0,-5.0,-2.8499999046325684,1.9387249994906597
55.300168556000244,13,-42.10214826094973,-43.0,6.0,2.7200000286102295,1.9316210000397405
55.300168556000244,15,420.01783922684325,414.0,-2.0,4.489999771118164,1.9372530005057342
55.300168556000244,17,-522.5921461247193,-523.0,0.0,1.3199999332427979,1.7165159997603041
55.4001714850001,11,84.25539509728378,84.0,1.0,-3.0199999809265137,1.9489969999995083
55.4001714850001,13,-42.27459986731582,-42.0,8.0,2.200000047683716,1.9666289999804576
55.4001714850001,15,419.84538762047714,415.0,14.0,4.029999732971191,1.8248679998578154
55.4001714850001,17,-522.7645977310854,-522.0,1.0,1.4800000190734863,1.7757160003384342
55.50015998100025,11,84.03402156256027,84.0,0.0,-3.2699999809265137,1.963013000022329
55.50015998100025,13,-42.49597340203935,-42.0,2.0,2.359999895095825,1.9653170002129627
55.50015998100025,15,419.62401408575363,416.0,11.0,3.75,1.8981490002261125
55.50015998100025,17,-522.9859712658089,-522.0,3.0,1.2400000095367432,2.042885000264505
55.60017027000049,11,83.76385900823796,84.0,-1.0,-3.0799999237060547,2.052773000286834
55.60017027000049,13,-42.76613595636165,-42.0,1.0,2.429999828338623,1.833635999901162
55.60017027000049,15,419.3538515314313,417.0,1.0,4.049999713897705,1.86061200020049
55.60017027000049,17,-523.2561338201311,-522.0,0.0,1.2200000286102295,1.9034929991903482
55.70016955000028,11,83.4452547612355,84.0,-7.0,-3.129999876022339,1.923493000504095
55.70016955000028,13,-43.08474020336411,-44.0,-27.0,2.319999933242798,1.8444520001139608
55.70016955000028,15,419.03524728442886,415.0,-18.0,3.179999828338623,2.031525000347756
55.70016955000028,17,-523.5747380671337,-523.0,-6.0,0.5299999713897705,2.0426599994607386
55.800171902999864,11,83.07848417311604,84.0,-9.0,-2.879999876022339,1.9813159997283947
55.800171902999864,13,-43.451510791483564,-44.0,5.0,2.700000047683716,1.8467560003045946
55.800171902999864,15,418.6684766963094,413.0,-12.0,4.610000133514404,1.8876849999287515
55.800171902999864,17,-523.9415086552531,-523.0,0.0,0.6499999761581421,1.8766130006042658
55.90021297500061,11,82.6637485497372,83.0,0.0,-3.0999999046325684,2.0139890002610628
55.90021297500061,13,-43.8662464148624,-43.0,10.0,2.1399998664855957,2.007461000175681
55.90021297500061,15,418.25374107293055,414.0,9.0,4.319999694824219,1.7965160004678182
55.90021297500061,17,-524.356244278632,-523.0,1.0,0.6499999761581421,2.0885170006295084
56.00023679900005,11,82.20167396547444,83.0,0.0,-3.4099998474121094,2.948327000012796
56.00023679900005,13,-44.32832099912516,-43.0,3.0,2.509999990463257,2.1560369996223017
56.00023679900005,15,417.79166648866783,415.0,12.0,3.8999998569488525,1.9740529996852274
56.00023679900005,17,-524.8183188628947,-523.0,0.0,0.7400000095367432,1.9542760001058923
56.10017867100032,11,81.69308539732846,83.0,0.0,-3.559999942779541,2.0609650000551483
56.10017867100032,13,-44.83690956727115,-42.0,5.0,2.1399998664855957,2.0845809995080344
56.10017867100032,15,417.2830779205218,416.0,5.0,4.230000019073486,1.9524199997249525
56.10017867100032,17,-525.3269074310407,-523.0,0.0,0.85999995470047,1.937605000421172
56.20025238400012,11,81.13736245227739,83.0,-8.0,-3.6399998664855957,2.0090289999643574
56.20025238400012,13,-45.39263251232222,-44.0,-30.0,1.7699999809265137,1.9063090003328398
56.20025238400012,15,416.72735497547075,414.0,-21.0,2.549999952316284,1.8790770000123302
56.20025238400012,17,-525.8826303760918,-524.0,-28.0,0.38999998569488525,1.9354930000190507
56.30017016000056,11,80.53666740630852,82.0,-11.0,-3.1499998569488525,2.056229000118037
56.30017016000056,13,-45.993327558291085,-46.0,-1.0,2.7300000190734863,1.7238760001418996
56.30017016000056,15,416.1266599295019,411.0,-30.0,5.039999961853027,1.816676000089501
56.30017016000056,17,-526.4833254220606,-526.0,0.0,1.2899999618530273,1.8896040000981884
56.400221504,11,79.88986877840031,81.0,-3.0,-3.419999837875366,2.047076999588171
56.400221504,13,-46.64012618619929,-46.0,3.0,2.9800000190734863,1.760451999871293
56.400221504,15,415.4798613015937,411.0,5.0,4.96999979019165,1.8729959992924705
56.400221504,17,-527.1301240499688,-525.0,1.0,1.2200000286102295,1.8708210000113468
56.50017956800002,11,79.19904330252166,81.0,0.0,-3.6999998092651367,1.910629000121844
56.50017956800002,13,-47.33095166207794,-45.0,3.0,2.5299999713897705,1.9264040001871763
56.50017956800002,15,414.789035825715,412.0,17.0,4.579999923706055,1.910660000248754
56.50017956800002,17,-527.8209495258475,-525.0,2.0,1.2999999523162842,1.7809649998525856
56.60016918400015,11,78.46405137372535,81.0,0.0,-3.490000009536743,1.9193969992556958
56.60016918400015,13,-48.065943590874255,-45.0,2.0,2.5,1.9675559997267555
56.60016918400015,15,414.0540438969187,414.0,12.0,4.239999771118164,2.076452999972389
56.60016918400015,17,-528.5559414546437,-525.0,0.0,1.4900000095367432,1.8220519996248186
56.70020472000033,11,77.68546203045818,81.0,-8.0,-3.6599998474121094,1.914788999783923
56.70020472000033,13,-48.84453293414143,-46.0,-25.0,1.7699999809265137,1.7341160000796663
56.70020472000033,15,413.27545455365157,411.0,-34.0,2.7100000381469727,2.0152039996901294
56.70020472000033,17,-529.3345307979109,-526.0,-17.0,0.05999999865889549,2.046180999968783
56.8001788800002,11,76.86488833180698,79.0,-26.0,-2.5299999713897705,1.9069489999310463
56.8001788800002,13,-49.665106632792636,-49.0,-12.0,2.879999876022339,1.800547999664559
56.8001788800002,15,412.45488085500034,408.0,-37.0,5.650000095367432,1.9061809998675017
56.8001788800002,17,-530.1551044965622,-529.0,-8.0,1.0699999332427979,2.05139700028667
56.90020548800021,11,76.00221204716019,78.0,-5.0,-3.3499999046325684,1.8812520002029487
56.90020548800021,13,-50.527782917439424,-49.0,4.0,2.9600000381469727,2.00032500015368
56.90020548800021,15,411.59220457035354,407.0,6.0,5.619999885559082,1.7281649998039939
56.90020548800021,17,-531.017780781209,-529.0,0.0,1.25,1.9486130004224833
57.00016832000074,11,75.09929329009968,78.0,1.0,-2.679999828338623,1.9763569998758612
57.00016832000074,13,-51.43070167449993,-48.0,13.0,2.5299999713897705,1.9440690002738847
57.00016832000074,15,410.68928581329305,408.0,16.0,4.940000057220459,2.0036840005559498
57.00016832000074,17,-531.9206995382694,-528.0,0.0,1.2300000190734863,2.0213170000715763
57.10018424000009,11,74.15597448922887,78.0,0.0,-2.319999933242798,1.9848689998980262
57.10018424000009,13,-52.37402047537074,-48.0,0.0,2.609999895095825,1.731139999719744
57.10018424000009,15,409.7459670124222,410.0,14.0,4.630000114440918,1.931939999849419
57.10018424000009,17,-532.8640183391403,-528.0,0.0,1.4299999475479126,1.8313969994778745
57.200237760000164,11,73.17327913896816,78.0,-16.0,-2.879999876022339,1.9127089999528835
57.200237760000164,13,-53.35671582563146,-50.0,-33.0,2.190000057220459,1.7983400002776762
57.200237760000164,15,408.7632716621615,407.0,-44.0,3.1399998664855957,1.9269800004622084
57.200237760000164,17,-533.846713689401,-529.0,-18.0,0.019999999552965164,1.8013160006375983
57.30018747200029,11,72.15360369429754,75.0,-29.0,-2.309999942779541,2.418886000668863
57.30018747200029,13,-54.376391270302065,-53.0,-31.0,3.309999942779541,1.8678759997783345
57.30018747200029,15,407.7435962174909,403.0,-40.0,6.089999675750732,2.0238450006218045
57.30018747200029,17,-534.8663891340716,-532.0,-13.0,0.7999999523162842,2.281476999996812
57.40018057599991,11,71.0964873186247,74.0,-6.0,-2.9099998474121094,2.0028529997944133
57.40018057599991,13,-55.433507645974906,-54.0,0.0,3.5299999713897705,1.8632050005180645
57.40018057599991,15,406.6864798418181,402.0,1.0,6.389999866485596,1.8592369997350033
57.40018057599991,17,-535.9235055097445,-533.0,0.0,1.1899999380111694,1.9374450002942467
57.50016337500074,11,70.00352208393267,74.0,0.0,-3.240000009536743,1.809573000173259
57.50016337500074,13,-56.52647288066695,-53.0,13.0,2.929999828338623,1.8378920003669919
57.50016337500074,15,405.593514607126,403.0,14.0,5.929999828338623,1.956387999598519
57.50016337500074,17,-537.0164707444364,-533.0,1.0,1.149999976158142,1.939844999469642
57.600168223000765,11,68.8754267034362,74.0,1.0,-2.8399999141693115,1.9042289995923056
57.600168223000765,13,-57.654568261163405,-52.0,7.0,2.359999895095825,1.7622440000195638
57.600168223000765,15,404.4654192266296,405.0,15.0,5.509999752044678,1.9009320003533503
57.600168223000765,17,-538.1445661249329,-533.0,4.0,0.9699999690055847,1.8334120004510623
57.7001693910006,11,67.71359504430144,73.0,-13.0,-1.8399999141693115,1.891172999421542
57.7001693910006,13,-58.81639992029817,-53.0,-28.0,1.659999966621399,1.7593009997654008
57.7001693910006,15,403.3035875674948,402.0,-42.0,3.179999828338623,1.9827890000669868
57.7001693910006,17,-539.3063977840677,-534.0,-34.0,1.0699999332427979,1.7819240001699654
57.80019676700067,11,66.5188156285981,71.0,-29.0,-2.5899999141693115,1.8616679999468033
57.80019676700067,13,-60.011179336001504,-57.0,-30.0,2.7100000381469727,1.8064050000248244
57.80019676700067,15,402.10880815179144,397.0,-46.0,6.449999809265137,1.7634280002312153
57.80019676700067,17,-540.5011771997711,-537.0,-41.0,1.5799999237060547,1.9114930000796448
57.90016945500065,11,65.29324712138398,69.0,-11.0,-3.059999942779541,1.9283880001239595
57.90016945500065,13,-61.236747843215625,-59.0,-10.0,3.799999952316284,1.7702760005704476
57.90016945500065,15,400.8832396445773,396.0,0.0,7.009999752044678,1.9613169997683144
57.90016945500065,17,-541.7267457069852,-538.0,0.0,0.4699999988079071,1.9128040003124624
58.000172318000295,11,64.03707046400349,68.0,0.0,-1.7799999713897705,1.9128049998471397
58.000172318000295,13,-62.49292450059612,-58.0,8.0,3.319999933242798,1.8422760003886651
58.000172318000295,15,399.62706298719684,397.0,17.0,6.710000038146973,1.8376359994363156
58.000172318000295,17,-542.9829223643657,-538.0,1.0,0.4699999988079071,1.8215720001535374
58.10018084600051,11,62.75181705217233,68.0,0.0,-1.8399999141693115,1.9584689998737304
58.10018084600051,13,-63.77817791242728,-57.0,3.0,2.609999895095825,1.8164530001740786
58.10018084600051,15,398.3418095753657,399.0,22.0,6.0,2.0072679999429965
58.10018084600051,17,-544.2681757761968,-538.0,0.0,0.4399999976158142,1.9816679996438324
58.20017644500058,11,61.438997286796265,68.0,-11.0,-1.309999942779541,1.7132519997176132
58.20017644500058,13,-65.09099767780334,-59.0,-22.0,1.3299999237060547,1.718853000056697
58.20017644500058,15,397.02898980998964,397.0,-38.0,3.809999942779541,1.795940000192786
58.20017644500058,17,-545.5809955415729,-539.0,-27.0,0.22999998927116394,1.9016360001842258
58.30020270100067,11,60.09932782737614,66.0,-27.0,-2.990000009536743,1.9577650000428548
58.30020270100067,13,-66.43066713722347,-62.0,-36.0,2.9700000286102295,1.779684999746678
58.30020270100067,15,395.6893203505695,392.0,-43.0,5.730000019073486,1.9571249995351536
58.30020270100067,17,-546.920665000993,-542.0,-39.0,1.1999999284744263,1.8400999997538747
58.400201436000316,11,58.734908602874036,63.0,-17.0,-2.2899999618530273,1.9722290007848642
58.400201436000316,13,-67.79508636172557,-64.0,-14.0,3.549999952316284,1.8607080000947462
58.400201436000316,15,394.3249011260674,390.0,-1.0,6.839999675750732,2.044325000497338
58.400201436000316,17,-548.2850842254951,-544.0,-12.0,0.9599999785423279,1.8365169999015052
58.50018177200036,11,57.346978598817074,62.0,0.0,-2.549999952316284,2.0271410003260826
58.50018177200036,13,-69.18301636578254,-65.0,7.0,3.819999933242798,1.7767089993867557
58.50018177200036,15,392.93697112201045,390.0,6.0,7.409999847412109,1.971653000509832
58.50018177200036,17,-549.6730142295521,-544.0,0.0,0.6599999666213989,2.8236860007382347
58.60017237900047,11,55.936512237191565,62.0,0.0,-2.799999952316284,1.8021799996859045
58.60017237900047,13,-70.59348272740804,-63.0,12.0,2.669999837875366,1.7376370005877106
58.60017237900047,15,391.5265047603849,391.0,18.0,7.079999923706055,1.9395890003579552
58.60017237900047,17,-551.0834805911776,-544.0,0.0,0.7299999594688416,1.9803569994110148
58.70018836300005,11,54.504676756606415,62.0,-12.0,-1.1399999856948853,2.000068000597821
58.70018836300005,13,-72.0253182079932,-64.0,-8.0,0.9899999499320984,1.881636999314651
58.70018836300005,15,390.09466927979975,389.0,-42.0,4.130000114440918,1.9804840003416757
58.70018836300005,17,-552.5153160717628,-545.0,-33.0,0.7299999594688416,2.0262130001356127
58.80021829799989,11,53.05303708279074,60.0,-30.0,-2.7799999713897705,2.133988999958092
58.80021829799989,13,-73.47695788180887,-66.0,-31.0,2.609999895095825,1.9293169998491067
58.80021829799989,15,388.6430296059841,384.0,-38.0,6.299999713897705,1.8233640003018081
58.80021829799989,17,-553.9669557455784,-548.0,-45.0,1.2899999618530273,1.975301000129548
58.900167433000206,11,51.58441915403465,57.0,-27.0,-2.2899999618530273,1.9420520002313424
58.900167433000206,13,-74.94557581056496,-69.0,-26.0,3.009999990463257,1.7640679998294218
58.900167433000206,15,387.174411677228,383.0,1.0,6.789999961853027,1.9727399994735606
58.900167433000206,17,-555.4355736743345,-551.0,-22.0,1.0799999237060547,1.9561649996830965
59.00016876100017,11,50.09832626049266,56.0,0.0,-2.3999998569488525,1.9656690001284005
59.00016876100017,13,-76.43166870410695,-70.0,-10.0,2.8399999141693115,1.9702439994944143
59.00016876100017,15,385.68831878368604,384.0,9.0,7.139999866485596,1.852612000220688
59.00016876100017,17,-556.9216665678765,-551.0,0.0,1.209999918937683,2.01642100000754
59.1001761360003,11,48.596896110926984,56.0,0.0,-2.6599998474121094,2.044164999460918
59.1001761360003,13,-77.93309885367263,-71.0,2.0,2.919999837875366,1.7251239996767254
59.1001761360003,15,384.18688863412035,385.0,10.0,7.460000038146973,2.040004999798839
59.1001761360003,17,-558.4230967174421,-551.0,1.0,1.2799999713897705,1.973028000065824
59.20020037500035,11,47.08144344561512,55.0,-11.0,-0.9599999785423279,1.9029810000574798
59.20020037500035,13,-79.44855151898449,-71.0,-11.0,0.009999999776482582,1.812004000385059
59.20020037500035,15,382.67143596880845,381.0,-46.0,3.669999837875366,1.9865639997078688
59.20020037500035,17,-559.938549382754,-552.0,-12.0,-0.2800000011920929,2.127845999893907
59.30017456600035,11,45.554483726363465,53.0,-32.0,-3.0799999237060547,2.0122930000070482
59.30017456600035,13,-80.97551123823614,-74.0,-40.0,1.3799999952316284,2.0151409999016323
59.30017456600035,15,381.1444762495568,378.0,-25.0,5.190000057220459,1.7898599999170983
59.30017456600035,17,-561.4655091020056,-555.0,-33.0,0.0,2.0612530006474117
59.400176981000186,11,44.01633265657628,50.0,-32.0,-1.9499999284744263,1.997987999857287
59.400176981000186,13,-82.51366230802333,-78.0,-33.0,3.25,1.7804839999371325
59.400176981000186,15,379.60632517976967,377.0,0.0,5.960000038146973,1.977701000214438
59.400176981000186,17,-563.0036601717928,-558.0,-14.0,0.25,1.8461159997968934
59.500164965000295,11,42.46916159128702,48.0,-4.0,-2.240000009536743,2.0486769999479293
59.500164965000295,13,-84.06083337331259,-79.0,0.0,3.5399999618530273,1.753220999489713
59.500164965000295,15,378.05915411448035,377.0,0.0,6.929999828338623,1.8533160000515636
59.500164965000295,17,-564.5508312370821,-558.0,0.0,0.3700000047683716,2.08691700026975
59.6001728199999,11,40.9139661357793,48.0,0.0,-2.6499998569488525,1.7829159996836097
59.6001728199999,13,-85.6160288288203,-78.0,21.0,2.0199999809265137,1.9830450000881683
59.6001728199999,15,376.50395865897264,377.0,7.0,7.279999732971191,1.9548199998098426
59.6001728199999,17,-566.1060266925898,-558.0,2.0,0.22999998927116394,1.8928999998024665
59.70017670700054,11,39.35264998147089,48.0,-5.0,-2.5,2.051845000096364
59.70017670700054,13,-87.17734498312872,-76.0,16.0,-0.2800000011920929,1.8072359998768661
59.70017670700054,15,374.94264250466426,374.0,-42.0,3.6499998569488525,1.996644000428205
59.70017670700054,17,-567.6673428468982,-558.0,-13.0,-0.8499999642372131,2.0711410006697406
59.800171890000456,11,37.78682896917358,46.0,-31.0,-3.740000009536743,1.8316209998374688
59.800171890000456,13,-88.74316599542603,-77.0,-14.0,0.3999999761581421,1.7327730001852615
59.800171890000456,15,373.37682149236696,371.0,-19.0,4.230000019073486,1.965860999916913
59.800171890000456,17,-569.2331638591955,-562.0,-24.0,-0.6599999666213989,1.7846439995992114
59.90017372900002,11,36.21780808056107,42.0,-29.0,-2.299999952316284,1.8134449992430746
59.90017372900002,13,-90.31218688403854,-79.0,-29.0,1.6699999570846558,1.9829480006592348
59.90017372900002,15,371.80780060375446,371.0,0.0,5.0,1.9931249998990097
59.90017372900002,17,-570.802184747808,-565.0,-22.0,-0.17999999225139618,2.1095729998705792
60.00016785600019,11,9.64999771118164,41.0,-6.0,-3.7099997997283936,2.062373000626394
60.00016785600019,13,-116.87999725341797,-82.0,-30.0,1.9199999570846558,1.8752040004983428
60.00016785600019,15,345.239990234375,371.0,0.0,5.699999809265137,1.9564849999369471
60.00016785600019,17,-597.3699951171875,-566.0,0.0,0.5,1.8619560005390667
60.10017270300068,11,9.64999771118164,41.0,-1.0,-3.549999952316284,2.02957300007256
60.10017270300068,13,-116.87999725341797,-84.0,-14.0,1.059999942779541,1.8829809996532276
60.10017270300068,15,345.239990234375,371.0,6.0,5.929999828338623,1.947844999449444
60.10017270300068,17,-597.3699951171875,-566.0,2.0,0.5,2.0673330000136048
60.2001857740006,11,9.64999771118164,41.0,-2.0,-3.419999837875366,1.7982769995796843
60.2001857740006,13,-116.87999725341797,-85.0,-9.0,-1.559999942779541,1.810565000596398
60.2001857740006,15,345.239990234375,367.0,-46.0,2.8499999046325684,2.194949999648088
60.2001857740006,17,-597.3699951171875,-566.0,-9.0,-0.9599999785423279,2.1180849998927442
60.300183773000754,11,9.64999771118164,39.0,-41.0,-5.859999656677246,1.887812999484595
60.300183773000754,13,-116.87999725341797,-88.0,-41.0,-1.6100000143051147,1.7620529997657286
60.300183773000754,15,345.239990234375,363.0,-32.0,2.240000009536743,1.82653299998492
60.300183773000754,17,-597.3699951171875,-570.0,-50.0,-1.100000023841858,1.9297970002298825
60.40018430000055,11,9.64999771118164,33.0,-49.0,-2.8299999237060547,2.093445000355132
60.40018430000055,13,-116.87999725341797,-93.0,-63.0,-2.309999942779541,1.7837800005509052
60.40018430000055,15,345.239990234375,359.0,-54.0,1.6299999952316284,1.8992040004377486
60.40018430000055,17,-597.3699951171875,-575.0,-70.0,-1.459999918937683,2.0295410004109726
60.50018111400004,11,9.64999771118164,29.0,-45.0,-6.920000076293945,1.8442919999870355
60.50018111400004,13,-116.87999725341797,-100.0,-70.0,-3.0999999046325684,1.8044839998765383
60.50018111400004,15,345.239990234375,352.0,-65.0,1.8499999046325684,1.926693000314117
60.50018111400004,17,-597.3699951171875,-583.0,-83.0,-1.7599999904632568,1.8365159994573332
60.60015949700028,11,9.64999771118164,22.0,-81.0,-6.309999942779541,1.880804999927932
60.60015949700028,13,-116.87999725341797,-107.0,-61.0,-3.0399999618530273,1.6590760005783523
60.60015949700028,15,345.239990234375,347.0,-41.0,1.709999918937683,1.9069809995926335
60.60015949700028,17,-597.3699951171875,-590.0,-65.0,-1.6100000143051147,1.8936999995275983
60.70018821600024,11,9.64999771118164,15.0,-61.0,-5.049999713897705,1.874821000455995
60.70018821600024,13,-116.87999725341797,-111.0,-39.0,-2.4600000381469727,1.7921959997693193
60.70018821600024,15,345.239990234375,343.0,-19.0,1.090000033378601,1.8531240002630511
60.70018821600024,17,-597.3699951171875,-594.0,-41.0,-1.5,1.8417329993098974
60.80016871099997,11,9.64999771118164,9.0,-74.0,-7.480000019073486,1.9781809996857191
60.80016871099997,13,-116.87999725341797,-114.0,-23.0,-4.779999732971191,1.845924000008381
60.80016871099997,15,345.239990234375,344.0,17.0,0.17000000178813934,1.790211999832536
60.80016871099997,17,-597.3699951171875,-597.0,-31.0,-1.5999999046325684,1.8593000004329951
60.90019048600061,11,9.64999771118164,3.0,-40.0,-4.089999675750732,1.951556999301829
60.90019048600061,13,-116.87999725341797,-117.0,-33.0,-5.289999961853027,2.116069000294374
60.90019048600061,15,345.239990234375,346.0,23.0,-1.6200000047683716,1.7996850001509301
60.90019048600061,17,-597.3699951171875,-598.0,0.0,-1.1699999570846558,1.875140999800351
61.00024186100018,11,9.64999771118164,1.0,0.0,-7.769999980926514,1.8924530004369444
61.00024186100018,13,-116.87999725341797,-119.0,-18.0,-5.239999771118164,1.9651559996418655
61.00024186100018,15,345.239990234375,347.0,-1.0,-1.459999918937683,2.085477000036917
61.00024186100018,17,-597.3699951171875,-597.0,14.0,-1.100000023841858,1.9201329996576533
61.100185235000026,11,9.64999771118164,0.0,-14.0,-9.460000038146973,1.8027250007435214
61.100185235000026,13,-116.87999725341797,-120.0,-4.0,-3.2799999713897705,1.794308999706118
61.100185235000026,15,345.239990234375,345.0,-29.0,0.5899999737739563,1.838373000282445
61.100185235000026,17,-597.3699951171875,-597.0,-1.0,-0.8700000047683716,1.8930610003735637
61.200207521000266,11,9.64999771118164,0.0,-8.0,-6.639999866485596,2.0357810008135857
61.200207521000266,13,-116.87999725341797,-119.0,7.0,-1.5799999237060547,1.8737650007096818
61.200207521000266,15,345.239990234375,343.0,-6.0,0.699999988079071,1.8273320001753746
61.200207521000266,17,-597.3699951171875,-596.0,8.0,-0.9899999499320984,1.9957169997724122
61.30016238400003,11,9.64999771118164,0.0,-10.0,-9.139999389648438,1.8891250001615845
61.30016238400003,13,-116.87999725341797,-117.0,17.0,-2.169999837875366,1.9905000008293428
61.30016238400003,15,345.239990234375,344.0,15.0,0.6200000047683716,2.063556999928551
61.30016238400003,17,-597.3699951171875,-596.0,0.0,-1.8700000047683716,2.652133999617945
61.400159358000565,11,9.64999771118164,0.0,9.0,-4.440000057220459,1.8571880000308738
61.400159358000565,13,-116.87999725341797,-115.0,22.0,-3.7300000190734863,1.8583720002425252
61.400159358000565,15,345.239990234375,345.0,19.0,-0.5299999713897705,1.8072359998768661
61.400159358000565,17,-597.3699951171875,-596.0,0.0,-2.069999933242798,1.951108999492135
61.50016842900004,11,9.64999771118164,2.0,51.0,-7.149999618530273,1.8866290001824382
61.50016842900004,13,-116.87999725341797,-114.0,8.0,-5.150000095367432,1.7833969995990628
61.50016842900004,15,345.239990234375,346.0,2.0,-0.6399999856948853,1.8909489999714424
61.50016842900004,17,-597.3699951171875,-596.0,0.0,-2.509999990463257,1.821412000026612
61.600167003000024,11,9.64999771118164,6.0,27.0,-6.909999847412109,1.8531240002630511
61.600167003000024,13,-116.87999725341797,-114.0,-5.0,-5.599999904632568,1.7880679997688276
61.600167003000024,15,345.239990234375,346.0,-4.0,-0.8399999737739563,1.9520679998095147
61.600167003000024,17,-597.3699951171875,-596.0,-4.0,-2.5999999046325684,2.027780999924289
61.70020426600058,11,9.64999771118164,10.0,33.0,-6.96999979019165,1.8587570002637221
61.70020426600058,13,-116.87999725341797,-113.0,3.0,-3.919999837875366,1.8015720006587799
61.70020426600058,15,345.239990234375,345.0,-18.0,0.3999999761581421,1.8778280000333325
61.70020426600058,17,-597.3699951171875,-596.0,0.0,-1.96999990940094,2.4678139998286497
61.80016728800001,11,9.64999771118164,11.0,-18.0,-9.079999923706055,2.0557809993988485
61.80016728800001,13,-116.87999725341797,-113.0,0.0,-5.589999675750732,1.9081319996985258
61.80016728800001,15,345.239990234375,345.0,8.0,-0.4699999988079071,2.0001009997940855
61.80016728800001,17,-597.3699951171875,-596.0,-1.0,-2.4600000381469727,1.9540210005288827
61.90016016700065,11,9.64999771118164,8.0,-9.0,-3.369999885559082,1.97254900012922
61.90016016700065,13,-116.87999725341797,-114.0,-22.0,-5.609999656677246,1.8531559999246383
61.90016016700065,15,345.239990234375,346.0,14.0,-1.7300000190734863,1.9930919997932506
61.90016016700065,17,-597.3699951171875,-596.0,-3.0,-2.490000009536743,2.0927089999531745
62.00020184500045,11,-15.35000228881836,9.0,13.0,-6.079999923706055,1.9500519993016496
62.00020184500045,13,-141.87999725341797,-115.0,-13.0,-5.859999656677246,1.8557479997980408
62.00020184500045,15,320.239990234375,346.0,0.0,-1.3199999332427979,1.8258290001540445
62.00020184500045,17,-622.3699951171875,-596.0,-1.0,-2.309999942779541,1.9317810001666658
62.10020563600028,11,-15.35000228881836,10.0,-12.0,-7.269999980926514,1.9580849993872107
62.10020563600028,13,-141.87999725341797,-116.0,-11.0,-5.440000057220459,1.8638120000105118
62.10020563600028,15,320.239990234375,346.0,0.0,-1.3799999952316284,1.8187559999205405
62.10020563600028,17,-622.3699951171875,-597.0,-7.0,-1.5799999237060547,2.569510000284936
62.200177202000305,11,-15.35000228881836,9.0,-20.0,-7.009999752044678,2.0337010000730515
62.200177202000305,13,-141.87999725341797,-114.0,9.0,-3.669999837875366,2.0222129996909644
62.200177202000305,15,320.239990234375,345.0,-11.0,-0.22999998927116394,1.6916840004341793
62.200177202000305,17,-622.3699951171875,-598.0,-18.0,-1.709999918937683,1.795363999917754
62.30027740800051,11,-15.35000228881836,4.0,-69.0,-9.239999771118164,1.9085169997197227
62.30027740800051,13,-141.87999725341797,-114.0,-3.0,-7.949999809265137,1.879395999822009
62.30027740800051,15,320.239990234375,345.0,-8.0,-3.0399999618530273,1.8400680000922875
62.30027740800051,17,-622.3699951171875,-602.0,-57.0,-2.7899999618530273,1.8680050006878446
62.400166478000756,11,-15.35000228881836,-3.0,-71.0,-6.12999963760376,2.0841969999310095
62.400166478000756,13,-141.87999725341797,-118.0,-60.0,-9.239999771118164,1.8553639993115212
62.400166478000756,15,320.239990234375,342.0,-42.0,-5.059999942779541,1.7626600001676707
62.400166478000756,17,-622.3699951171875,-609.0,-80.0,-2.379999876022339,1.8627570007083705
62.500178236000465,11,-15.35000228881836,-8.0,-38.0,-8.269999504089355,2.178501000344113
62.500178236000465,13,-141.87999725341797,-126.0,-92.0,-8.34999942779541,1.9648690004032687
62.500178236000465,15,320.239990234375,334.0,-95.0,-4.119999885559082,1.9546289995560073
62.500178236000465,17,-622.3699951171875,-616.0,-58.0,-2.069999933242798,2.1494130005521583
62.60016487400026,11,-15.35000228881836,-12.0,-53.0,-7.869999885559082,1.9457959997453145
62.60016487400026,13,-141.87999725341797,-135.0,-88.0,-4.789999961853027,1.978084999791463
62.60016487400026,15,320.239990234375,325.0,-80.0,-2.1499998569488525,1.9010930000149528
62.60016487400026,17,-622.3699951171875,-620.0,-35.0,-1.659999966621399,2.0429489995876793
62.700202361000265,11,-15.35000228881836,-15.0,-39.0,-5.089999675750732,2.1056370005680947
62.700202361000265,13,-141.87999725341797,-139.0,-43.0,-3.869999885559082,1.8667879994609393
62.700202361000265,15,320.239990234375,320.0,-18.0,-1.899999976158142,1.8131880005967105
62.700202361000265,17,-622.3699951171875,-623.0,-22.0,-1.0399999618530273,2.0406769999681273
62.8001654790005,11,-15.35000228881836,-19.0,-40.0,-7.889999866485596,1.9026929994652164
62.8001654790005,13,-141.87999725341797,-142.0,-17.0,-9.25,1.810053000554035
62.8001654790005,15,320.239990234375,320.0,4.0,-4.25,1.8309480001335032
62.8001654790005,17,-622.3699951171875,-624.0,1.0,-0.6699999570846558,1.9900850002159132
62.900190901000315,11,-15.35000228881836,-21.0,-23.0,-5.900000095367432,1.9007729997611023
62.900190901000315,13,-141.87999725341797,-148.0,-77.0,-8.90999984741211,1.83229200047208
62.900190901000315,15,320.239990234375,321.0,-2.0,-5.029999732971191,1.849219999712659
62.900190901000315,17,-622.3699951171875,-624.0,18.0,0.35999998450279236,1.957988000867772
63.000165635000485,11,-15.35000228881836,-21.0,1.0,-3.759999990463257,1.9571250004446483
63.000165635000485,13,-141.87999725341797,-156.0,-75.0,-3.299999952316284,1.8029799994110363
63.000165635000485,15,320.239990234375,318.0,-42.0,-1.1100000143051147,1.7168680005852366
63.000165635000485,17,-622.3699951171875,-622.0,0.0,-0.5899999737739563,1.9817969996438478
63.100178321000385,11,-15.35000228881836,-20.0,25.0,-0.8999999761581421,1.9175730003553326
63.100178321000385,13,-141.87999725341797,-160.0,-15.0,0.5799999833106995,1.7877159998533898
63.100178321000385,15,320.239990234375,316.0,-7.0,1.090000033378601,1.902051999422838
63.100178321000385,17,-622.3699951171875,-622.0,0.0,-0.5799999833106995,1.8568050008980208
63.20016915100041,11,-15.35000228881836,-16.0,34.0,-2.0999999046325684,1.8048360007014708
63.20016915100041,13,-141.87999725341797,-159.0,37.0,-1.8499999046325684,1.7492520000814693
63.20016915100041,15,320.239990234375,317.0,33.0,-0.699999988079071,1.67312400026276
63.20016915100041,17,-622.3699951171875,-622.0,0.0,-0.26999998092651367,1.7303079994235304
63.30020730900014,11,-15.35000228881836,-14.0,4.0,-3.569999933242798,1.9995889997517224
63.30020730900014,13,-141.87999725341797,-154.0,38.0,-4.659999847412109,1.7371240001011756
63.30020730900014,15,320.239990234375,322.0,44.0,-2.5899999141693115,1.8843889993149787
63.30020730900014,17,-622.3699951171875,-622.0,0.0,-0.5299999713897705,1.9346930002939189
63.40019071500046,11,-15.35000228881836,-14.0,0.0,-4.230000019073486,2.0501489998423494
63.40019071500046,13,-141.87999725341797,-151.0,29.0,-4.96999979019165,1.8758129999696393
63.40019071500046,15,320.239990234375,324.0,1.0,-3.0999999046325684,1.7789159992389614
63.40019071500046,17,-622.3699951171875,-622.0,0.0,-0.550000011920929,1.8238769998788484
63.50010740000016,11,-15.35000228881836,-14.0,0.0,-5.069999694824219,1.9194599999536877
63.50010740000016,13,-141.87999725341797,-147.0,42.0,-4.670000076293945,2.0370290003484115
63.50010740000016,15,320.239990234375,323.0,-8.0,-2.509999990463257,2.0242600003257394
63.50010740000016,17,-622.3699951171875,-622.0,0.0,-0.7799999713897705,1.8738290000328561
63.60015877400019,11,-15.35000228881836,-15.0,1.0,-5.659999847412109,1.834085000155028
63.60015877400019,13,-141.87999725341797,-143.0,56.0,-7.12999963760376,1.655107999795291
63.60015877400019,15,320.239990234375,323.0,3.0,-3.3899998664855957,1.8947570006275782
63.60015877400019,17,-622.3699951171875,-622.0,-1.0,-0.7699999809265137,1.9220849999328493
63.70016643600047,11,-15.35000228881836,-13.0,12.0,-7.949999809265137,2.104293000229518
63.70016643600047,13,-141.87999725341797,-134.0,78.0,-5.96999979019165,1.8073009996442124
63.70016643600047,15,320.239990234375,325.0,27.0,-2.319999933242798,1.8544999993537203
63.70016643600047,17,-622.3699951171875,-621.0,3.0,-0.85999995470047,1.9848050005748519
63.80019022600027,11,-15.35000228881836,-13.0,-5.0,-11.779999732971191,1.8783730001814547
63.80019022600027,13,-141.87999725341797,-127.0,46.0,-11.899999618530273,1.734915999804798
63.80019022600027,15,320.239990234375,328.0,18.0,-6.119999885559082,1.865285000349104
63.80019022600027,17,-622.3699951171875,-621.0,-3.0,-1.0199999809265137,2.0383720002428163
63.900185664000674,11,-15.35000228881836,-15.0,-13.0,-8.579999923706055,1.9349809999766876
63.900185664000674,13,-141.87999725341797,-127.0,-41.0,-10.279999732971191,1.9921640005122754
63.900185664000674,15,320.239990234375,328.0,-10.0,-6.409999847412109,1.8365159994573332
63.900185664000674,17,-622.3699951171875,-621.0,0.0,-1.100000023841858,2.0256369998605805
64.0002095180007,11,9.64999771118164,-15.0,0.0,-8.869999885559082,2.1025650003139162
64.0002095180007,13,-116.87999725341797,-133.0,-48.0,-6.899999618530273,1.9448689999990165
64.0002095180007,15,345.239990234375,324.0,-50.0,-3.3399999141693115,1.8706609998844215
64.0002095180007,17,-597.3699951171875,-622.0,0.0,-1.1899999380111694,1.9164199993610964
64.10016652300055,11,9.64999771118164,-16.0,-19.0,-6.049999713897705,1.9815409996226663
64.10016652300055,13,-116.87999725341797,-136.0,-17.0,-5.759999752044678,1.8033960004686378
64.10016652300055,15,345.239990234375,321.0,-22.0,-2.2200000286102295,1.8429480005579535
64.10016652300055,17,-597.3699951171875,-622.0,0.0,-1.100000023841858,1.8017000002146233
64.20023927300008,11,9.64999771118164,-14.0,19.0,-4.599999904632568,1.9548850004866836
64.20023927300008,13,-116.87999725341797,-137.0,-4.0,-3.5199999809265137,1.7640050000409246
64.20023927300008,15,345.239990234375,322.0,40.0,-1.5699999332427979,1.7274920001000282
64.20023927300008,17,-597.3699951171875,-621.0,17.0,0.019999999552965164,1.9312040003569564
64.3001893340006,11,9.64999771118164,-12.0,7.0,-4.630000114440918,2.04384399967239
64.3001893340006,13,-116.87999725341797,-137.0,-3.0,-6.029999732971191,2.1631409999827156
64.3001893340006,15,345.239990234375,328.0,61.0,-3.4600000381469727,1.9785960002991487
64.3001893340006,17,-597.3699951171875,-618.0,33.0,0.14000000059604645,1.9405169996389304
64.40017654800067,11,9.64999771118164,-10.0,45.0,-2.049999952316284,1.9254130002082093
64.40017654800067,13,-116.87999725341797,-139.0,-32.0,-3.549999952316284,2.068485000563669
64.40017654800067,15,345.239990234375,333.0,38.0,-1.8399999141693115,1.9201959994461504
64.40017654800067,17,-597.3699951171875,-612.0,64.0,0.41999998688697815,1.8560360003903043
64.5001837610007,11,9.64999771118164,-3.0,69.0,-4.529999732971191,2.039300000433286
64.5001837610007,13,-116.87999725341797,-140.0,8.0,-1.350000023841858,1.9575400001485832
64.5001837610007,15,345.239990234375,336.0,35.0,0.32999998331069946,1.8959729995913222
64.5001837610007,17,-597.3699951171875,-605.0,66.0,-0.5,2.024133000304573
64.60021366300043,11,9.64999771118164,2.0,53.0,-5.059999942779541,2.188421000028029
64.60021366300043,13,-116.87999725341797,-135.0,68.0,-2.879999876022339,1.8754920001811115
64.60021366300043,15,345.239990234375,340.0,41.0,0.3700000047683716,1.9931249998990097
64.60021366300043,17,-597.3699951171875,-600.0,36.0,-0.4399999976158142,2.0223399997121305
64.70022609199987,11,9.64999771118164,8.0,50.0,-5.679999828338623,1.815683999666362
64.70022609199987,13,-116.87999725341797,-125.0,98.0,-4.539999961853027,2.1162929997444735
64.70022609199987,15,345.239990234375,343.0,38.0,-0.009999999776482582,2.080227999613271
64.70022609199987,17,-597.3699951171875,-595.0,33.0,-1.5899999141693115,1.937476999955834
64.80024988200057,11,9.64999771118164,10.0,5.0,-8.720000267028809,2.0458930002860143
64.80024988200057,13,-116.87999725341797,-117.0,48.0,-7.829999923706055,1.9135729999106843
64.80024988200057,15,345.239990234375,347.0,26.0,-1.8700000047683716,1.993797000068298
64.80024988200057,17,-597.3699951171875,-593.0,5.0,-3.369999885559082,1.8643879993760493
64.90018416700059,11,9.64999771118164,10.0,-1.0,-4.949999809265137,1.8576040001789806
64.90018416700059,13,-116.87999725341797,-116.0,-1.0,-7.029999732971191,1.8555880005806102
64.90018416700059,15,345.239990234375,348.0,-3.0,-2.799999952316284,1.936644000124943
64.90018416700059,17,-597.3699951171875,-595.0,-41.0,-2.190000057220459,1.9056370001635514
65.00017624500015,11,9.64999771118164,10.0,1.0,-6.889999866485596,1.9057330000578077
65.00017624500015,13,-116.87999725341797,-117.0,-19.0,-4.799999713897705,2.0310440004323027
65.00017624500015,15,345.239990234375,346.0,-30.0,-0.26999998092651367,1.8056040007650154
65.00017624500015,17,-597.3699951171875,-596.0,-3.0,-2.6399998664855957,1.9085799995082198
65.10018457800015,11,9.64999771118164,10.0,-14.0,-7.609999656677246,1.9944050000049174
65.10018457800015,13,-116.87999725341797,-117.0,-1.0,-4.489999771118164,1.8500849992051371
65.10018457800015,15,345.239990234375,343.0,-10.0,0.7099999785423279,1.8022450003627455
65.10018457800015,17,-597.3699951171875,-597.0,-7.0,-1.71999990940094,2.0149800002400298
65.2002148950005,11,9.64999771118164,10.0,2.0,-6.769999980926514,1.886467999611341
65.2002148950005,13,-116.87999725341797,-115.0,27.0,-2.679999828338623,1.8335400000069058
65.2002148950005,15,345.239990234375,342.0,1.0,1.5199999809265137,1.7538599995532422
65.2002148950005,17,-597.3699951171875,-596.0,19.0,-2.069999933242798,1.9836849996863748
65.30017769300048,11,9.64999771118164,9.0,-16.0,-7.279999732971191,1.9545969998944202
65.30017769300048,13,-116.87999725341797,-113.0,9.0,-5.349999904632568,1.870852999672934
65.30017769300048,15,345.239990234375,345.0,34.0,-1.2400000095367432,2.142820999324613
65.30017769300048,17,-597.3699951171875,-596.0,0.0,-2.450000047683716,1.9363250003152643
65.40017655400061,11,9.64999771118164,8.0,-6.0,-2.509999990463257,1.976773000023968
65.40017655400061,13,-116.87999725341797,-113.0,-5.0,-6.549999713897705,2.124646000083885
65.40017655400061,15,345.239990234375,348.0,8.0,-1.899999976158142,1.988580000215734
65.40017655400061,17,-597.3699951171875,-596.0,-4.0,-2.309999942779541,1.7929640007423586
65.50015845500002,11,9.64999771118164,9.0,16.0,-3.8899998664855957,1.939460999892617
65.50015845500002,13,-116.87999725341797,-115.0,-21.0,-4.829999923706055,1.8263090005348204
65.50015845500002,15,345.239990234375,347.0,-5.0,-1.7599999904632568,1.8269490001330269
65.50015845500002,17,-597.3699951171875,-597.0,-14.0,-0.9300000071525574,1.9037800002479344
65.60018221200062,11,9.64999771118164,9.0,-1.0,-4.420000076293945,2.0214119995216606
65.60018221200062,13,-116.87999725341797,-117.0,-10.0,-3.6499998569488525,1.8301809996046359
65.60018221200062,15,345.239990234375,345.0,-19.0,-0.4399999976158142,1.9138289999318658
65.60018221200062,17,-597.3699951171875,-597.0,0.0,-0.6599999666213989,1.8891240006269072
65.70017675300005,11,9.64999771118164,10.0,5.0,-4.210000038146973,1.81101199996192
65.70017675300005,13,-116.87999725341797,-115.0,25.0,-2.3499999046325684,1.8348519997744006
65.70017675300005,15,345.239990234375,344.0,-4.0,0.7299999594688416,1.8425640000714338
65.70017675300005,17,-597.3699951171875,-597.0,16.0,-0.85999995470047,2.0817650001845323
65.80018527900029,11,9.64999771118164,11.0,-2.0,-8.559999465942383,1.8499240004530293
65.80018527900029,13,-116.87999725341797,-113.0,18.0,-5.389999866485596,1.8363240005783155
65.80018527900029,15,345.239990234375,345.0,24.0,-0.8999999761581421,1.9700530001500738
65.80018527900029,17,-597.3699951171875,-596.0,1.0,-2.1499998569488525,1.8679400000110036
65.90017284400074,11,9.64999771118164,9.0,-16.0,-5.929999828338623,2.1018610004830407
65.90017284400074,13,-116.87999725341797,-113.0,-1.0,-7.019999980926514,2.155620999474195
65.90017284400074,15,345.239990234375,348.0,11.0,-2.180000066757202,1.8777969999064226
65.90017284400074,17,-597.3699951171875,-596.0,0.0,-2.7899999618530273,1.8267239993292606
66.00017384900002,11,34.64999771118164,9.0,3.0,-6.210000038146973,1.8585010002425406
66.00017384900002,13,-91.87999725341797,-114.0,-23.0,-6.170000076293945,1.9252849997428712
66.00017384900002,15,370.239990234375,347.0,-19.0,-1.0099999904632568,1.9217320004827343
66.00017384900002,17,-572.3699951171875,-596.0,-2.0,-2.919999837875366,1.9675889998325147
66.10017975000028,11,34.64999771118164,9.0,-4.0,-6.190000057220459,1.8729009998423862
66.10017975000028,13,-91.87999725341797,-117.0,-24.0,-4.089999675750732,1.8453160000717617
66.10017975000028,15,370.239990234375,345.0,-23.0,0.28999999165534973,1.7157160000351723
66.10017975000028,17,-572.3699951171875,-597.0,-13.0,-1.8799999952316284,1.8632999999681488
66.20016129900068,11,34.64999771118164,11.0,26.0,-5.710000038146973,1.9809650002571288
66.20016129900068,13,-91.87999725341797,-116.0,7.0,-2.0999999046325684,1.760932000252069
66.20016129900068,15,370.239990234375,342.0,-18.0,1.5099999904632568,1.8528049995438778
66.20016129900068,17,-572.3699951171875,-597.0,0.0,-0.8299999833106995,1.999461000195879
66.30018048000056,11,34.64999771118164,13.0,13.0,-6.210000038146973,1.9731889997274266
66.30018048000056,13,-91.87999725341797,-115.0,21.0,-3.3399999141693115,1.9463720000203466
66.30018048000056,15,370.239990234375,344.0,33.0,0.7799999713897705,1.6596200002823025
66.30018048000056,17,-572.3699951171875,-596.0,28.0,-1.659999966621399,1.9378609995328588
66.40017009300027,11,34.64999771118164,15.0,41.0,-1.399999976158142,2.0014449992231675
66.40017009300027,13,-91.87999725341797,-114.0,12.0,-2.1499998569488525,2.013987999816891
66.40017009300027,15,370.239990234375,349.0,53.0,0.26999998092651367,1.9367730001249583
66.40017009300027,17,-572.3699951171875,-593.0,52.0,-1.059999942779541,1.8485479995433707
66.50017413800015,11,34.64999771118164,21.0,72.0,-3.5299999713897705,2.00326899994252
66.50017413800015,13,-91.87999725341797,-111.0,34.0,-0.8299999833106995,1.9736360000024433
66.50017413800015,15,370.239990234375,354.0,47.0,2.3499999046325684,1.8661160002011457
66.50017413800015,17,-572.3699951171875,-587.0,70.0,-0.4899999797344208,2.044804999968619
66.60017104600047,11,34.64999771118164,27.0,47.0,-4.599999904632568,2.0354930002213223
66.60017104600047,13,-91.87999725341797,-106.0,60.0,0.20999999344348907,2.363718000196968
66.60017104600047,15,370.239990234375,358.0,41.0,4.21999979019165,1.9260839999333257
66.60017104600047,17,-572.3699951171875,-580.0,61.0,-0.3799999952316284,1.8667239992282703
66.70016555500024,11,34.64999771118164,31.0,37.0,-2.7200000286102295,1.8441960000927793
66.70016555500024,13,-91.87999725341797,-99.0,70.0,-1.4499999284744263,1.7099560000133351
66.70016555500024,15,370.239990234375,359.0,12.0,3.8499999046325684,1.8950449994008522
66.70016555500024,17,-572.3699951171875,-574.0,43.0,-0.4899999797344208,1.8233969994980725
66.80016265599988,11,34.64999771118164,34.0,8.0,-4.690000057220459,2.052931999969587
66.80016265599988,13,-91.87999725341797,-95.0,30.0,-0.9699999690055847,2.286502000060864
66.80016265599988,15,370.239990234375,362.0,28.0,4.429999828338623,1.8357799999648705
66.80016265599988,17,-572.3699951171875,-571.0,8.0,-0.429999977350235,1.9949480001741904
66.90023758100051,11,34.64999771118164,34.0,0.0,-2.549999952316284,1.9963240001743543
66.90023758100051,13,-91.87999725341797,-93.0,19.0,-0.75,1.7867239994302508
66.90023758100051,15,370.239990234375,365.0,27.0,3.549999952316284,1.8309170000065933
66.90023758100051,17,-572.3699951171875,-571.0,-2.0,-0.35999998450279236,2.280485000483168
67.00016863400015,11,34.64999771118164,34.0,3.0,-3.1499998569488525,2.0629489999919315
67.00016863400015,13,-91.87999725341797,-91.0,10.0,-1.6100000143051147,1.8230120003863703
67.00016863400015,15,370.239990234375,367.0,15.0,3.0999999046325684,1.82083599975158
67.00016863400015,17,-572.3699951171875,-572.0,0.0,-0.949999988079071,1.9126130000586272
67.10018967100041,11,34.64999771118164,34.0,2.0,-4.460000038146973,1.9967090001955512
67.10018967100041,13,-91.87999725341797,-91.0,-3.0,-1.7799999713897705,1.9847399998980109
67.10018967100041,15,370.239990234375,367.0,0.0,3.799999952316284,1.9504690008034231
67.10018967100041,17,-572.3699951171875,-572.0,0.0,-0.7299999594688416,2.250692999950843
67.20018107500073,11,34.64999771118164,35.0,-1.0,-3.4700000286102295,1.8922279996331781
67.20018107500073,13,-91.87999725341797,-91.0,-8.0,-0.5999999642372131,1.907844000015757
67.20018107500073,15,370.239990234375,364.0,-44.0,4.799999713897705,1.7475249997005449
67.20018107500073,17,-572.3699951171875,-572.0,0.0,-0.3499999940395355,1.8623410005602636
67.30020601600063,11,34.64999771118164,35.0,-8.0,-4.679999828338623,2.162852999390452
67.30020601600063,13,-91.87999725341797,-92.0,-9.0,1.2200000286102295,1.976773000023968
67.30020601600063,15,370.239990234375,363.0,2.0,5.139999866485596,1.768932000231871
67.30020601600063,17,-572.3699951171875,-572.0,-4.0,0.029999999329447746,1.827523999963887
67.40015105200018,11,34.64999771118164,34.0,0.0,-2.2699999809265137,1.9770600001720595
67.40015105200018,13,-91.87999725341797,-92.0,18.0,0.2199999988079071,1.8668200000320212
67.40015105200018,15,370.239990234375,364.0,24.0,4.299999713897705,1.8414440000924515
67.40015105200018,17,-572.3699951171875,-572.0,0.0,0.0,1.83136400028161
67.50016924100055,11,34.64999771118164,34.0,6.0,-3.559999942779541,1.9788210001934203
67.50016924100055,13,-91.87999725341797,-90.0,14.0,-1.5399999618530273,1.7155240002466599
67.50016924100055,15,370.239990234375,368.0,31.0,2.619999885559082,1.993797000068298
67.50016924100055,17,-572.3699951171875,-572.0,3.0,-0.6499999761581421,1.9221170005039312
67.60018342900003,11,34.64999771118164,34.0,-6.0,-2.3999998569488525,1.9221800002924283
67.60018342900003,13,-91.87999725341797,-89.0,0.0,-2.7200000286102295,1.8026929992629448
67.60018342900003,15,370.239990234375,370.0,17.0,1.4399999380111694,1.9289960000605788
67.60018342900003,17,-572.3699951171875,-572.0,0.0,-0.75,1.7592040003364673
67.70017448199997,11,34.64999771118164,35.0,3.0,-2.6499998569488525,1.795204999325506
67.70017448199997,13,-91.87999725341797,-89.0,-10.0,-0.7899999618530273,1.9418599995333352
67.70017448199997,15,370.239990234375,367.0,-49.0,3.179999828338623,1.973380999515939
67.70017448199997,17,-572.3699951171875,-572.0,0.0,-0.5,2.055748000202584
67.80020726300063,11,34.64999771118164,35.0,-5.0,-4.730000019073486,1.9812209993688157
67.80020726300063,13,-91.87999725341797,-92.0,-30.0,0.6399999856948853,1.842116999796417
67.80020726300063,15,370.239990234375,365.0,-16.0,4.190000057220459,1.862340999650769
67.80020726300063,17,-572.3699951171875,-572.0,-2.0,-0.4399999976158142,1.8728689992713043
67.9001664110001,11,34.64999771118164,34.0,-7.0,-3.759999990463257,1.832195999668329
67.9001664110001,13,-91.87999725341797,-93.0,-13.0,2.569999933242798,1.9520050000210176
67.9001664110001,15,370.239990234375,363.0,-6.0,5.679999828338623,2.0732209995912854
67.9001664110001,17,-572.3699951171875,-572.0,-1.0,0.17000000178813934,1.978596999833826
68.00017196000044,11,59.64999771118164,34.0,0.0,-4.039999961853027,2.028741000685841
68.00017196000044,13,-66.87999725341797,-93.0,10.0,2.4800000190734863,1.8701479993978865
68.00017196000044,15,395.239990234375,363.0,0.0,6.25,1.9226610002078814
68.00017196000044,17,-547.3699951171875,-572.0,0.0,0.17000000178813934,1.932739999574551
68.10018160400068,11,59.64999771118164,34.0,-1.0,-3.7699999809265137,2.023012999416096
68.10018160400068,13,-66.87999725341797,-91.0,23.0,0.17999999225139618,1.846371999818075
68.10018160400068,15,395.239990234375,365.0,30.0,5.039999961853027,1.7769000005500857
68.10018160400068,17,-547.3699951171875,-572.0,2.0,-0.19999998807907104,1.862340999650769
68.20024299200031,11,59.64999771118164,35.0,6.0,-1.8700000047683716,1.8155239995394368
68.20024299200031,13,-66.87999725341797,-88.0,31.0,-1.0799999237060547,1.7700839998724405
68.20024299200031,15,395.239990234375,366.0,5.0,3.7300000190734863,1.7667879992586677
68.20024299200031,17,-547.3699951171875,-571.0,14.0,-0.029999999329447746,1.944677000210504
68.30016473200067,11,59.64999771118164,37.0,21.0,-2.379999876022339,1.9084839996139635
68.30016473200067,13,-66.87999725341797,-87.0,12.0,1.6999999284744263,1.8817000000126427
68.30016473200067,15,395.239990234375,369.0,51.0,5.599999904632568,2.1323250002751593
68.30016473200067,17,-547.3699951171875,-568.0,30.0,0.41999998688697815,1.8149489997085766
68.40018868100015,11,59.64999771118164,40.0,45.0,-2.4600000381469727,1.8799729996317183
68.40018868100015,13,-66.87999725341797,-83.0,46.0,3.8299999237060547,2.009732999795233
68.40018868100015,15,395.239990234375,375.0,63.0,7.429999828338623,1.820964000216918
68.40018868100015,17,-547.3699951171875,-563.0,64.0,1.2899999618530273,2.0554610000544926
68.50020962100007,11,59.64999771118164,46.0,57.0,-2.7200000286102295,1.8897970003308728
68.50020962100007,13,-66.87999725341797,-77.0,71.0,3.3899998664855957,2.058021000266308
68.50020962100007,15,395.239990234375,381.0,55.0,8.300000190734863,1.8953329999931157
68.50020962100007,17,-547.3699951171875,-556.0,68.0,1.2200000286102295,2.0738610000989866
68.6001944970003,11,59.64999771118164,51.0,45.0,-2.049999952316284,1.9298600000183797
68.6001944970003,13,-66.87999725341797,-70.0,55.0,1.3799999952316284,1.8640039997990243
68.6001944970003,15,395.239990234375,387.0,67.0,6.299999713897705,1.9347880006534979
68.6001944970003,17,-547.3699951171875,-550.0,41.0,0.9199999570846558,1.9873650007866672
68.70018759800041,11,59.64999771118164,56.0,29.0,-0.19999998807907104,2.038628999798675
68.70018759800041,13,-66.87999725341797,-65.0,41.0,-0.1599999964237213,2.0586599994203425
68.70018759800041,15,395.239990234375,390.0,0.0,3.9599997997283936,1.8219249996036524
68.70018759800041,17,-547.3699951171875,-547.0,22.0,0.699999988079071,1.8187239993494586
68.80019628199989,11,59.64999771118164,59.0,26.0,-2.490000009536743,1.986180999665521
68.80019628199989,13,-66.87999725341797,-64.0,2.0,2.4700000286102295,1.7882279998957529
68.80019628199989,15,395.239990234375,390.0,0.0,5.96999979019165,2.0861809998677927
68.80019628199989,17,-547.3699951171875,-546.0,0.0,0.9699999690055847,1.8687079991650535
68.90027315800035,11,59.64999771118164,60.0,0.0,-2.990000009536743,1.846883999860438
68.90027315800035,13,-66.87999725341797,-64.0,3.0,4.049999713897705,1.8306599995412398
68.90027315800035,15,395.239990234375,390.0,0.0,6.859999656677246,1.9883889999618987
68.90027315800035,17,-547.3699951171875,-546.0,-10.0,0.5600000023841858,1.724100000501494
69.00026308999986,11,59.64999771118164,59.0,-1.0,-2.819999933242798,1.962628000001132
69.00026308999986,13,-66.87999725341797,-64.0,0.0,4.119999885559082,1.7686450000837795
69.00026308999986,15,395.239990234375,390.0,0.0,6.119999885559082,2.0103729993934394
69.00026308999986,17,-547.3699951171875,-547.0,0.0,1.2400000095367432,1.955523999640718
69.10018223800034,11,59.64999771118164,59.0,-1.0,-3.0,1.9284199997855467
69.10018223800034,13,-66.87999725341797,-64.0,-3.0,2.3899998664855957,1.8862130000343313
69.10018223800034,15,395.239990234375,390.0,1.0,6.349999904632568,1.7433319999327068
69.10018223800034,17,-547.3699951171875,-547.0,3.0,1.1799999475479126,1.945284000612446
69.20019280999986,11,59.64999771118164,59.0,-3.0,-0.9199999570846558,1.7876199999591336
69.20019280999986,13,-66.87999725341797,-65.0,-15.0,0.29999998211860657,1.8286439999428694
69.20019280999986,15,395.239990234375,387.0,-45.0,4.480000019073486,1.7955240000446793
69.20019280999986,17,-547.3699951171875,-547.0,0.0,0.3799999952316284,1.9787880000876612
69.30017723800029,11,59.64999771118164,60.0,0.0,-2.919999837875366,1.9927400007873075
69.30017723800029,13,-66.87999725341797,-68.0,-25.0,3.18999981880188,2.014117000726401
69.30017723800029,15,395.239990234375,386.0,0.0,6.75,2.751495000666182
69.30017723800029,17,-547.3699951171875,-547.0,-6.0,1.309999942779541,1.9247719992563361
69.40017641800023,11,59.64999771118164,59.0,-6.0,-2.799999952316284,1.851621000241721
69.40017641800023,13,-66.87999725341797,-69.0,4.0,3.9599997997283936,1.5818599995327531
69.40017641800023,15,395.239990234375,386.0,4.0,7.599999904632568,1.7522920006740605
69.40017641800023,17,-547.3699951171875,-548.0,1.0,1.71999990940094,2.4981820006360067
69.50019870200049,11,59.64999771118164,59.0,1.0,-2.4600000381469727,1.9557810001060716
69.50019870200049,13,-66.87999725341797,-68.0,10.0,3.490000009536743,1.8792370001392555
69.50019870200049,15,395.239990234375,387.0,5.0,7.889999866485596,1.8306289994143299
69.50019870200049,17,-547.3699951171875,-548.0,4.0,1.9799998998641968,2.030245000241848
69.60023970600014,11,59.64999771118164,59.0,2.0,-2.759999990463257,2.0741809994433424
69.60023970600014,13,-66.87999725341797,-67.0,3.0,3.319999933242798,2.3413180006173206
69.60023970600014,15,395.239990234375,388.0,12.0,7.96999979019165,2.1292210003593937
69.60023970600014,17,-547.3699951171875,-547.0,3.0,1.6100000143051147,1.8773480005620513
69.7002088700001,11,59.64999771118164,59.0,-3.0,-1.1200000047683716,1.9604849994721008
69.7002088700001,13,-66.87999725341797,-67.0,0.0,1.309999942779541,2.030693000051542
69.7002088700001,15,395.239990234375,386.0,-37.0,5.069999694824219,1.8795249998220243
69.7002088700001,17,-547.3699951171875,-547.0,-1.0,0.550000011920929,2.224773000307323
69.800197906,11,59.64999771118164,60.0,0.0,-2.879999876022339,1.9424370002525393
69.800197906,13,-66.87999725341797,-69.0,-16.0,3.5199999809265137,1.7865969994090847
69.800197906,15,395.239990234375,385.0,0.0,7.409999847412109,1.809092000257806
69.800197906,17,-547.3699951171875,-548.0,-8.0,1.7899999618530273,1.9769330001508933
69.90030175800075,11,59.64999771118164,59.0,-7.0,-1.959999918937683,1.85581200003071
69.90030175800075,13,-66.87999725341797,-68.0,5.0,3.869999885559082,1.9146610002280795
69.90030175800075,15,395.239990234375,385.0,13.0,7.789999961853027,1.8615399994814652
69.90030175800075,17,-547.3699951171875,-548.0,0.0,2.0199999809265137,2.243333000478742
70.00017917800051,11,84.64999771118164,59.0,0.0,-1.7799999713897705,1.9100529998468119
70.00017917800051,13,-41.87999725341797,-67.0,11.0,2.809999942779541,1.9322919997648569
70.00017917800051,15,420.239990234375,388.0,26.0,6.839999675750732,1.920899999277026
70.00017917800051,17,-522.3699951171875,-547.0,8.0,1.3399999141693115,1.8886130001192214
70.10044459800065,11,84.64999771118164,59.0,0.0,-1.559999942779541,2.0717809993584524
70.10044459800065,13,-41.87999725341797,-66.0,5.0,2.129999876022339,1.7942129998118617
70.10044459800065,15,420.239990234375,391.0,25.0,5.710000038146973,1.7670760007604258
70.10044459800065,17,-522.3699951171875,-547.0,9.0,0.3400000035762787,1.965508000466798
70.20016502500039,11,84.64999771118164,59.0,4.0,0.09999999403953552,1.9459249997453298
70.20016502500039,13,-41.87999725341797,-66.0,0.0,0.9899999499320984,1.8226600004709326
70.20016502500039,15,420.239990234375,390.0,-18.0,4.130000114440918,1.928515999679803
70.20016502500039,17,-522.3699951171875,-546.0,5.0,0.4699999988079071,1.7609639999136562
70.30017374100044,11,84.64999771118164,62.0,23.0,-2.190000057220459,1.9386599997233134
70.30017374100044,13,-41.87999725341797,-66.0,2.0,4.210000038146973,2.0278769998185453
70.30017374100044,15,420.239990234375,390.0,0.0,8.779999732971191,1.9220519998270902
70.30017374100044,17,-522.3699951171875,-545.0,24.0,2.929999828338623,1.8343090005146223
70.40019579999989,11,84.64999771118164,65.0,45.0,-2.5299999713897705,2.244164999865461
70.40019579999989,13,-41.87999725341797,-64.0,39.0,6.5,1.7303080003330251
70.40019579999989,15,420.239990234375,393.0,67.0,11.029999732971191,1.81674000032217
70.40019579999989,17,-522.3699951171875,-539.0,59.0,3.069999933242798,3.19767199925991
70.50026256399997,11,84.64999771118164,71.0,53.0,-1.9900000095367432,1.8123249992640922
70.50026256399997,13,-41.87999725341797,-56.0,100.0,3.7200000286102295,1.7754290001903428
70.50026256399997,15,420.239990234375,403.0,113.0,8.649999618530273,1.878085000498686
70.50026256399997,17,-522.3699951171875,-531.0,80.0,1.71999990940094,2.5014140001076157
70.6001735509999,11,84.64999771118164,76.0,49.0,-0.7699999809265137,1.9660529997054255
70.6001735509999,13,-41.87999725341797,-46.0,70.0,0.25999999046325684,1.9579239997256082
70.6001735509999,15,420.239990234375,415.0,120.0,3.2200000286102295,1.9427240004006308
70.6001735509999,17,-522.3699951171875,-525.0,48.0,0.5699999928474426,2.1338609994927538
70.7001653390007,11,84.64999771118164,81.0,53.0,-3.3399999141693115,2.0099570001548273
70.7001653390007,13,-41.87999725341797,-42.0,26.0,1.149999976158142,1.9559720003599068
70.7001653390007,15,420.239990234375,424.0,71.0,1.7799999713897705,1.9769649998124805
70.7001653390007,17,-522.3699951171875,-521.0,22.0,0.6299999952316284,1.8073640003422042
70.80016880699986,11,84.64999771118164,84.0,11.0,-3.319999933242798,1.9289649999336689
70.80016880699986,13,-41.87999725341797,-40.0,30.0,2.3299999237060547,1.7550760003359756
70.80016880699986,15,420.239990234375,429.0,35.0,4.190000057220459,2.0067240002390463
70.80016880699986,17,-522.3699951171875,-520.0,2.0,0.699999988079071,1.839812000071106
70.9001754740002,11,84.64999771118164,85.0,4.0,-1.9299999475479126,2.0407730007718783
70.9001754740002,13,-41.87999725341797,-38.0,17.0,1.809999942779541,1.9733810004254337
70.9001754740002,15,420.239990234375,434.0,57.0,3.809999942779541,1.6987560002235114
70.9001754740002,17,-522.3699951171875,-520.0,-15.0,-0.019999999552965164,2.302694000718475
71.0002047980006,11,84.64999771118164,85.0,-1.0,-4.079999923706055,3.702761000567989
71.0002047980006,13,-41.87999725341797,-37.0,-1.0,0.9099999666213989,2.0391729995026253
71.0002047980006,15,420.239990234375,441.0,55.0,1.3299999237060547,1.8824050002876902
71.0002047980006,17,-522.3699951171875,-522.0,-4.0,0.699999988079071,1.9719399997484288
71.10019338500024,11,84.64999771118164,84.0,-4.0,-2.609999895095825,2.6127740002266364
71.10019338500024,13,-41.87999725341797,-38.0,-20.0,0.17999999225139618,2.087269000185188
71.10019338500024,15,420.239990234375,444.0,14.0,0.2199999988079071,2.020163999986835
71.10019338500024,17,-522.3699951171875,-522.0,1.0,0.5399999618530273,2.049157000328705
71.20016293300068,11,84.64999771118164,85.0,10.0,-4.380000114440918,2.0679729996118112
71.20016293300068,13,-41.87999725341797,-41.0,-35.0,1.350000023841858,1.716100000521692
71.20016293300068,15,420.239990234375,443.0,-23.0,0.6599999666213989,1.8851889999496052
71.20016293300068,17,-522.3699951171875,-522.0,-2.0,0.6800000071525574,1.8441330003042822
71.3006997450002,11,84.64999771118164,84.0,-19.0,-3.379999876022339,2.1862140001758235
71.3006997450002,13,-41.87999725341797,-42.0,8.0,1.100000023841858,1.921188000778784
71.3006997450002,15,420.239990234375,439.0,-46.0,1.1899999380111694,1.8157479998990311
71.3006997450002,17,-522.3699951171875,-522.0,0.0,1.0099999904632568,1.9225319992983714
71.4001911790001,11,84.64999771118164,84.0,2.0,-3.309999942779541,1.938467999934801
71.4001911790001,13,-41.87999725341797,-42.0,0.0,1.2400000095367432,2.13488499957748
71.4001911790001,15,420.239990234375,434.0,-52.0,0.4699999988079071,1.9086760003119707
71.4001911790001,17,-522.3699951171875,-522.0,1.0,0.8100000023841858,1.9010610003533657
71.500187095,11,84.64999771118164,84.0,-3.0,-3.18999981880188,1.8022119993474917
71.500187095,13,-41.87999725341797,-42.0,0.0,1.5,1.8452519998390926
71.500187095,15,420.239990234375,427.0,-79.0,1.3299999237060547,1.78825999955734
71.500187095,17,-522.3699951171875,-522.0,0.0,0.9899999499320984,1.8403879994366434
71.60027078600069,11,84.64999771118164,84.0,1.0,-2.25,1.9534120001480915
71.60027078600069,13,-41.87999725341797,-42.0,-2.0,1.9199999570846558,2.060900999822479
71.60027078600069,15,420.239990234375,420.0,-61.0,3.049999952316284,1.8593000004329951
71.60027078600069,17,-522.3699951171875,-522.0,-1.0,1.149999976158142,2.0262119996914407
71.70017156500035,11,84.64999771118164,85.0,2.0,-1.7400000095367432,1.857892000771244
71.70017156500035,13,-41.87999725341797,-42.0,0.0,1.2599999904632568,1.8512360002205241
71.70017156500035,15,420.239990234375,414.0,-66.0,1.8799999952316284,1.849764000326104
71.70017156500035,17,-522.3699951171875,-522.0,0.0,0.5699999928474426,1.8892840007538325
71.80016200800037,11,84.64999771118164,84.0,-3.0,-2.180000066757202,1.9922920000681188
71.80016200800037,13,-41.87999725341797,-43.0,0.0,2.5199999809265137,1.9385329997021472
71.80016200800037,15,420.239990234375,409.0,-41.0,4.069999694824219,2.0487410001805983
71.80016200800037,17,-522.3699951171875,-523.0,0.0,1.2699999809265137,2.0261800000298535
71.90017350800008,11,84.64999771118164,84.0,0.0,-2.240000009536743,2.056452999568137
71.90017350800008,13,-41.87999725341797,-43.0,5.0,2.5899999141693115,1.8996199996763607
71.90017350800008,15,420.239990234375,408.0,3.0,4.75,1.8192039997302345
71.90017350800008,17,-522.3699951171875,-522.0,0.0,1.409999966621399,1.930851999532024
72.00016705500002,11,59.64999771118164,84.0,0.0,-2.7200000286102295,1.936677000230702
72.00016705500002,13,-66.87999725341797,-42.0,0.0,2.429999828338623,1.912067999910505
72.00016705500002,15,395.239990234375,410.0,41.0,5.119999885559082,1.9520679998095147
72.00016705500002,17,-547.3699951171875,-522.0,0.0,1.6100000143051147,1.8744049993983936
72.10017890600011,11,59.64999771118164,84.0,0.0,-3.059999942779541,1.9472690000839066
72.10017890600011,13,-66.87999725341797,-42.0,2.0,2.5999999046325684,2.0398770002429956
72.10017890600011,15,395.239990234375,415.0,40.0,4.630000114440918,1.810404999559978
72.10017890600011,17,-547.3699951171875,-522.0,4.0,1.3199999332427979,1.8953320004584384
72.20037184500052,11,59.64999771118164,85.0,-8.0,-2.5899999141693115,1.9330609993630787
72.20037184500052,13,-66.87999725341797,-42.0,-17.0,0.7799999713897705,1.68294800005242
72.20037184500052,15,395.239990234375,416.0,-6.0,1.9900000095367432,1.7380519993821508
72.20037184500052,17,-547.3699951171875,-523.0,-12.0,0.23999999463558197,1.9200680007998017
72.30016721599986,11,59.64999771118164,83.0,-34.0,-3.549999952316284,1.9699240001500584
72.30016721599986,13,-66.87999725341797,-46.0,-28.0,2.490000009536743,1.807204000215279
72.30016721599986,15,395.239990234375,414.0,-36.0,4.369999885559082,1.8674919992918149
72.30016721599986,17,-547.3699951171875,-526.0,-44.0,0.8199999928474426,2.064709000478615
72.40023285900043,11,59.64999771118164,79.0,-47.0,-3.379999876022339,1.9506280004861765
72.40023285900043,13,-66.87999725341797,-49.0,-37.0,2.299999952316284,1.8433640007060603
72.40023285900043,15,395.239990234375,410.0,-25.0,4.670000076293945,1.696260000244365
72.40023285900043,17,-547.3699951171875,-531.0,-63.0,1.0499999523162842,1.9329639999341452
72.50016611800038,11,59.64999771118164,73.0,-64.0,-2.259999990463257,1.8113650003215298
72.50016611800038,13,-66.87999725341797,-53.0,-50.0,1.8799999952316284,1.715172000331222
72.50016611800038,15,395.239990234375,408.0,-32.0,3.6499998569488525,1.750501000060467
72.50016611800038,17,-547.3699951171875,-538.0,-69.0,0.4399999976158142,2.040004999798839
72.60016334500051,11,59.64999771118164,67.0,-51.0,-2.0199999809265137,1.897764999739593
72.60016334500051,13,-66.87999725341797,-58.0,-46.0,1.2999999523162842,1.8240370000057737
72.60016334500051,15,395.239990234375,403.0,-67.0,3.8999998569488525,1.8673649992706487
72.60016334500051,17,-547.3699951171875,-543.0,-47.0,0.3999999761581421,1.6972519997580093
72.70015820400022,11,59.64999771118164,63.0,-42.0,-1.0799999237060547,1.882757000203128
72.70015820400022,13,-66.87999725341797,-63.0,-45.0,0.6800000071525574,1.7770599997675163
72.70015820400022,15,395.239990234375,393.0,-119.0,4.110000133514404,1.7608360003578127
72.70015820400022,17,-547.3699951171875,-546.0,-17.0,-0.07000000029802322,1.906372000121337
72.80018999100048,11,59.64999771118164,61.0,-21.0,-3.0799999237060547,1.879364999695099
72.80018999100048,13,-66.87999725341797,-68.0,-43.0,3.1999998092651367,1.6955880000750767
72.80018999100048,15,395.239990234375,384.0,-70.0,6.769999980926514,1.8635890000950894
72.80018999100048,17,-547.3699951171875,-547.0,-6.0,0.9099999666213989,1.7011879999699886
72.90017521800019,11,59.64999771118164,59.0,-4.0,-2.859999895095825,1.8938289995276136
72.90017521800019,13,-66.87999725341797,-70.0,-6.0,4.440000057220459,1.862883999820042
72.90017521800019,15,395.239990234375,381.0,-9.0,7.440000057220459,1.912579999952868
72.90017521800019,17,-547.3699951171875,-548.0,0.0,1.8399999141693115,2.021092999711982
73.0001692450005,11,59.64999771118164,59.0,0.0,-3.0,1.9798449993686518
73.0001692450005,13,-66.87999725341797,-69.0,17.0,5.119999885559082,1.9424040001467802
73.0001692450005,15,395.239990234375,381.0,8.0,8.960000038146973,1.821412000026612
73.0001692450005,17,-547.3699951171875,-548.0,1.0,2.119999885559082,1.8063719999190653
73.10017315999994,11,59.64999771118164,59.0,-3.0,-3.319999933242798,1.9741810001505655
73.10017315999994,13,-66.87999725341797,-67.0,23.0,3.799999952316284,1.9738920000236249
73.10017315999994,15,395.239990234375,384.0,50.0,9.079999923706055,1.8096359999617562
73.10017315999994,17,-547.3699951171875,-547.0,8.0,1.5,1.8213799994555302
73.20015726600013,11,59.64999771118164,59.0,-7.0,-0.5,1.9935399996029446
73.20015726600013,13,-66.87999725341797,-66.0,9.0,0.3700000047683716,1.7713639999783481
73.20015726600013,15,395.239990234375,387.0,-1.0,3.990000009536743,1.9165160001648474
73.20015726600013,17,-547.3699951171875,-547.0,0.0,-0.23999999463558197,1.9533170006980072
73.30017007700008,11,59.64999771118164,59.0,0.0,-1.5699999332427979,2.0668850002039107
73.30017007700008,13,-66.87999725341797,-67.0,-15.0,1.6799999475479126,1.9944039995607454
73.30017007700008,15,395.239990234375,387.0,0.0,6.119999885559082,1.795972000763868
73.30017007700008,17,-547.3699951171875,-547.0,-11.0,0.7099999785423279,1.7893800004458171
73.40018202400006,11,59.64999771118164,59.0,-2.0,-2.0,2.017252999394259
73.40018202400006,13,-66.87999725341797,-68.0,0.0,2.6499998569488525,1.8966759998875204
73.40018202400006,15,395.239990234375,387.0,3.0,6.980000019073486,1.837476000218885
73.40018202400006,17,-547.3699951171875,-547.0,0.0,0.8799999952316284,1.916388000609004
73.50023265900018,11,59.64999771118164,59.0,0.0,-2.109999895095825,1.9949810002799495
73.50023265900018,13,-66.87999725341797,-68.0,2.0,3.0299999713897705,1.8891239997174125
73.50023265900018,15,395.239990234375,388.0,13.0,6.529999732971191,2.0146930000919383
73.50023265900018,17,-547.3699951171875,-547.0,1.0,1.0799999237060547,1.9856369999615708
73.60019804500007,11,59.64999771118164,59.0,-1.0,-2.240000009536743,1.8344360005357885
73.60019804500007,13,-66.87999725341797,-67.0,4.0,2.5899999141693115,2.0390120007505175
73.60019804500007,15,395.239990234375,389.0,16.0,6.109999656677246,2.0304370000303607
73.60019804500007,17,-547.3699951171875,-547.0,1.0,0.9899999499320984,2.172837000216532
73.70017415200073,11,59.64999771118164,59.0,-3.0,-0.7099999785423279,2.0371250002426677
73.70017415200073,13,-66.87999725341797,-67.0,0.0,0.85999995470047,2.12691700016876
73.70017415200073,15,395.239990234375,389.0,-30.0,4.400000095367432,2.395270000306482
73.70017415200073,17,-547.3699951171875,-547.0,0.0,0.4599999785423279,2.1975740000925725
73.80016929800058,11,59.64999771118164,60.0,0.0,-2.6399998664855957,1.9376999998712563
73.80016929800058,13,-66.87999725341797,-68.0,-15.0,2.7300000190734863,1.688292000835645
73.80016929800058,15,395.239990234375,387.0,-5.0,6.170000076293945,1.8876840003940742
73.80016929800058,17,-547.3699951171875,-547.0,-2.0,0.8799999952316284,1.786371999514813
73.9001759010007,11,59.64999771118164,59.0,-4.0,-2.3299999237060547,1.8693799993343418
73.9001759010007,13,-66.87999725341797,-69.0,0.0,4.019999980926514,1.8024040000454988
73.9001759010007,15,395.239990234375,387.0,0.0,6.670000076293945,1.7957800000658608
73.9001759010007,17,-547.3699951171875,-547.0,0.0,1.1399999856948853,1.9339239997862023
74.00017028000002,11,34.64999771118164,59.0,1.0,-2.7300000190734863,1.9346290000612498
74.00017028000002,13,-91.87999725341797,-68.0,12.0,3.8499999046325684,2.0026290003443137
74.00017028000002,15,370.239990234375,387.0,0.0,7.569999694824219,1.9837810004901257
74.00017028000002,17,-572.3699951171875,-547.0,0.0,1.309999942779541,1.9012209995707963
74.10016616200028,11,34.64999771118164,59.0,0.0,-2.8899998664855957,1.9660850002765073
74.10016616200028,13,-91.87999725341797,-67.0,10.0,3.1599998474121094,1.92630800029292
74.10016616200028,15,370.239990234375,388.0,9.0,7.839999675750732,1.8758129999696393
74.10016616200028,17,-572.3699951171875,-547.0,1.0,1.350000023841858,1.8962289996125037
74.20017190100043,11,34.64999771118164,59.0,-12.0,-0.7199999690055847,1.9656370004668133
74.20017190100043,13,-91.87999725341797,-67.0,-3.0,0.23999999463558197,1.9846119994326727
74.20017190100043,15,370.239990234375,387.0,-36.0,3.129999876022339,1.8467879999661818
74.20017190100043,17,-572.3699951171875,-548.0,-18.0,0.25,1.733508000143047
74.30017888700058,11,34.64999771118164,58.0,-26.0,-3.240000009536743,1.9836209994537057
74.30017888700058,13,-91.87999725341797,-70.0,-36.0,1.3799999952316284,1.8587559998195502
74.30017888700058,15,370.239990234375,383.0,-28.0,4.190000057220459,1.9777319994318532
74.30017888700058,17,-572.3699951171875,-550.0,-36.0,-0.009999999776482582,1.9207089999326854
74.40016750500035,11,34.64999771118164,54.0,-46.0,-2.5999999046325684,1.9505640002535074
74.40016750500035,13,-91.87999725341797,-73.0,-30.0,0.9799999594688416,1.9857970000884961
74.40016750500035,15,370.239990234375,381.0,-26.0,4.039999961853027,1.8741169997156248
74.40016750500035,17,-572.3699951171875,-556.0,-55.0,-0.4099999964237213,1.873283999884734
74.50016220399993,11,34.64999771118164,48.0,-53.0,-2.200000047683716,2.0564530004776316
74.50016220399993,13,-91.87999725341797,-77.0,-45.0,-0.1599999964237213,1.9275560007372405
74.50016220399993,15,370.239990234375,377.0,-49.0,3.2799999713897705,1.877988999694935
74.50016220399993,17,-572.3699951171875,-562.0,-64.0,-0.41999998688697815,1.9841960001940606
74.60016023000026,11,34.64999771118164,43.0,-57.0,-3.259999990463257,2.100964999954158
74.60016023000026,13,-91.87999725341797,-83.0,-57.0,-0.3499999940395355,1.871972000117239
74.60016023000026,15,370.239990234375,371.0,-55.0,4.349999904632568,1.9373810000615777
74.60016023000026,17,-572.3699951171875,-568.0,-37.0,-0.949999988079071,1.736227999572293
74.70017060800001,11,34.64999771118164,39.0,-43.0,-3.419999837875366,2.0171569995000027
74.70017060800001,13,-91.87999725341797,-88.0,-42.0,-0.4099999964237213,1.872933000413468
74.70017060800001,15,370.239990234375,363.0,-95.0,4.309999942779541,1.9931570004700916
74.70017060800001,17,-572.3699951171875,-571.0,-36.0,-0.44999998807907104,1.868003999334178
74.80017730700001,11,34.64999771118164,36.0,-39.0,-6.589999675750732,1.9234609999330132
74.80017730700001,13,-91.87999725341797,-92.0,-46.0,0.7199999690055847,1.9177639996996731
74.80017730700001,15,370.239990234375,359.0,-13.0,5.299999713897705,1.929093000399007
74.80017730700001,17,-572.3699951171875,-573.0,-11.0,-0.7599999904632568,1.9282919993202086
74.90018755700021,11,34.64999771118164,33.0,-20.0,-2.9800000190734863,1.9559720003599068
74.90018755700021,13,-91.87999725341797,-94.0,-8.0,1.2999999523162842,1.742467999974906
74.90018755700021,15,370.239990234375,359.0,9.0,6.429999828338623,1.8085159999827738
74.90018755700021,17,-572.3699951171875,-573.0,12.0,-0.07999999821186066,1.9067250004809466
75.00017963100072,11,34.64999771118164,33.0,17.0,-3.429999828338623,1.9005800004379125
75.00017963100072,13,-91.87999725341797,-94.0,18.0,0.75,1.864771999862569
75.00017963100072,15,370.239990234375,363.0,51.0,5.059999942779541,1.7725159996189177
75.00017963100072,17,-572.3699951171875,-572.0,0.0,-0.1599999964237213,1.9648369998321868
75.10018133700032,11,34.64999771118164,34.0,-1.0,-3.9599997997283936,1.9175400002495735
75.10018133700032,13,-91.87999725341797,-91.0,29.0,-1.1699999570846558,2.0203570002195193
75.10018133700032,15,370.239990234375,367.0,38.0,3.1999998092651367,1.9697959996847203
75.10018133700032,17,-572.3699951171875,-572.0,2.0,-0.5999999642372131,1.7871079999167705
75.20021923600052,11,34.64999771118164,34.0,-3.0,-1.149999976158142,1.8959090002681478
75.20021923600052,13,-91.87999725341797,-88.0,20.0,-1.649999976158142,1.923429000271426
75.20021923600052,15,370.239990234375,369.0,0.0,1.9799998998641968,1.7436520001865574
75.20021923600052,17,-572.3699951171875,-572.0,0.0,-0.5,1.8229480001537013
75.30015566200018,11,34.64999771118164,35.0,12.0,-2.679999828338623,1.9673959995998302
75.30015566200018,13,-91.87999725341797,-88.0,-19.0,-1.059999942779541,1.8707560002440005
75.30015566200018,15,370.239990234375,369.0,-2.0,2.4099998474121094,1.7419240002709557
75.30015566200018,17,-572.3699951171875,-572.0,-1.0,-0.3400000035762787,1.9489649994284264
75.40018389600027,11,34.64999771118164,35.0,-8.0,-3.4600000381469727,1.9109810000372818
75.40018389600027,13,-91.87999725341797,-91.0,-30.0,0.6699999570846558,2.0699569995485945
75.40018389600027,15,370.239990234375,367.0,-27.0,3.509999990463257,1.8129330001102062
75.40018389600027,17,-572.3699951171875,-572.0,-4.0,-0.25,1.919141000144009
75.50016470600076,11,34.64999771118164,34.0,1.0,-3.0299999713897705,1.9629489997896599
75.50016470600076,13,-91.87999725341797,-93.0,-5.0,1.809999942779541,1.9054130007134518
75.50016470600076,15,370.239990234375,364.0,-22.0,5.5,2.048483999715245
75.50016470600076,17,-572.3699951171875,-572.0,0.0,0.029999999329447746,2.036325000517536
75.60016583600009,11,34.64999771118164,35.0,3.0,-4.559999942779541,1.7210599999089027
75.60016583600009,13,-91.87999725341797,-93.0,15.0,1.6799999475479126,2.1745970007032156
75.60016583600009,15,370.239990234375,364.0,0.0,5.799999713897705,1.9779560007009422
75.60016583600009,17,-572.3699951171875,-572.0,0.0,0.10999999940395355,1.8524199995226809
75.70016418200066,11,34.64999771118164,35.0,-2.0,-3.379999876022339,2.0024369996463065
75.70016418200066,13,-91.87999725341797,-90.0,34.0,-1.1999999284744263,1.7931880001924583
75.70016418200066,15,370.239990234375,362.0,-25.0,3.429999828338623,1.89133200001379
75.70016418200066,17,-572.3699951171875,-572.0,3.0,-0.550000011920929,1.8969650000144611
75.80019254400031,11,34.64999771118164,35.0,-5.0,-4.690000057220459,1.8045489996438846
75.80019254400031,13,-91.87999725341797,-89.0,-3.0,-1.399999976158142,1.7710759993860847
75.80019254400031,15,370.239990234375,364.0,27.0,3.68999981880188,2.0422770003278856
75.80019254400031,17,-572.3699951171875,-572.0,0.0,-0.550000011920929,1.9950450005126186
75.90017136999995,11,34.64999771118164,34.0,-3.0,-3.0799999237060547,1.8263090005348204
75.90017136999995,13,-91.87999725341797,-91.0,-12.0,-1.2799999713897705,1.7966440000236616
75.90017136999995,15,370.239990234375,366.0,12.0,3.549999952316284,1.844100000198523
75.90017136999995,17,-572.3699951171875,-572.0,0.0,-0.550000011920929,1.9745330000660033
76.00018078800076,11,9.64999771118164,34.0,3.0,-3.819999933242798,1.8853809997381177
76.00018078800076,13,-116.87999725341797,-92.0,-4.0,-0.5299999713897705,1.8177010006183991
76.00018078800076,15,345.239990234375,366.0,0.0,4.289999961853027,1.8059559997709584
76.00018078800076,17,-597.3699951171875,-572.0,-3.0,-0.3400000035762787,1.901188999909209
76.1001763180002,11,9.64999771118164,34.0,-5.0,-3.6599998474121094,1.944548999745166
76.1001763180002,13,-116.87999725341797,-92.0,0.0,-0.1599999964237213,1.9389490007597487
76.1001763180002,15,345.239990234375,366.0,2.0,4.659999847412109,1.8555879996711155
76.1001763180002,17,-597.3699951171875,-572.0,0.0,-0.44999998807907104,1.8101490004482912
76.2001620230003,11,9.64999771118164,35.0,0.0,-3.629999876022339,1.9740839998121373
76.2001620230003,13,-116.87999725341797,-91.0,7.0,-1.6999999284744263,2.077764999739884
76.2001620230003,15,345.239990234375,365.0,-24.0,1.9900000095367432,1.8177010006183991
76.2001620230003,17,-597.3699951171875,-572.0,-2.0,-1.0399999618530273,1.706051999462943
76.3001764970004,11,9.64999771118164,33.0,-44.0,-5.839999675750732,1.8925799995486159
76.3001764970004,13,-116.87999725341797,-92.0,-17.0,-2.9800000190734863,2.474277000146685
76.3001764970004,15,345.239990234375,364.0,-5.0,1.209999918937683,2.1401330004664487
76.3001764970004,17,-597.3699951171875,-574.0,-42.0,-1.3399999141693115,1.8712679993768688
76.4001610510004,11,9.64999771118164,28.0,-50.0,-2.7300000190734863,1.8557809999038
76.4001610510004,13,-116.87999725341797,-95.0,-43.0,-4.269999980926514,1.8902760002674768
76.4001610510004,15,345.239990234375,362.0,-26.0,0.1899999976158142,1.8845490003513987
76.4001610510004,17,-597.3699951171875,-579.0,-61.0,-1.6299999952316284,1.8316840005354607
76.50016592500015,11,9.64999771118164,24.0,-33.0,-6.96999979019165,1.8700849996093893
76.50016592500015,13,-116.87999725341797,-101.0,-65.0,-4.309999942779541,1.8940210002256208
76.50016592500015,15,345.239990234375,357.0,-71.0,0.6599999666213989,1.7952360003619106
76.50016592500015,17,-597.3699951171875,-587.0,-73.0,-2.0,1.928099999531696
76.60018574300011,11,9.64999771118164,18.0,-64.0,-7.869999885559082,2.012773000387824
76.60018574300011,13,-116.87999725341797,-108.0,-67.0,-4.130000114440918,2.3452529994756333
76.60018574300011,15,345.239990234375,350.0,-63.0,1.2300000190734863,2.081732000078773
76.60018574300011,17,-597.3699951171875,-592.0,-57.0,-1.6999999284744263,1.9747570004255977
76.70016693600064,11,9.64999771118164,12.0,-45.0,-4.679999828338623,1.9728360002773115
76.70016693600064,13,-116.87999725341797,-113.0,-40.0,-2.190000057220459,1.892195999971591
76.70016693600064,15,345.239990234375,344.0,-59.0,1.8399999141693115,1.9825970002784743
76.70016693600064,17,-597.3699951171875,-596.0,-14.0,-2.0799999237060547,1.9723249997696257
76.80019213000014,11,9.64999771118164,8.0,-50.0,-10.380000114440918,1.938467999934801
76.80019213000014,13,-116.87999725341797,-116.0,-26.0,-4.5,2.0327410002209945
76.80019213000014,15,345.239990234375,342.0,5.0,0.6299999952316284,2.172356999835756
76.80019213000014,17,-597.3699951171875,-598.0,-15.0,-1.909999966621399,1.8404849997750716
76.9001760760002,11,9.64999771118164,2.0,-45.0,-4.659999847412109,2.0316849995651864
76.9001760760002,13,-116.87999725341797,-120.0,-40.0,-5.159999847412109,1.8725480003922712
76.9001760760002,15,345.239990234375,345.0,35.0,-1.1999999284744263,1.864388000285544
76.9001760760002,17,-597.3699951171875,-598.0,1.0,-1.090000033378601,2.113669000209484
77.00021630900028,11,9.64999771118164,1.0,3.0,-5.589999675750732,2.05750899931445
77.00021630900028,13,-116.87999725341797,-123.0,-18.0,-5.150000095367432,1.9656040003610542
77.00021630900028,15,345.239990234375,347.0,0.0,-1.3299999237060547,2.0492849998845486
77.00021630900028,17,-597.3699951171875,-597.0,7.0,-0.7899999618530273,2.2049969993531704
77.1002130550005,11,9.64999771118164,1.0,-1.0,-7.139999866485596,1.8894770000770222
77.1002130550005,13,-116.87999725341797,-125.0,-16.0,-3.2899999618530273,2.1059569999124506
77.1002130550005,15,345.239990234375,345.0,-18.0,-0.05999999865889549,1.8408359992463375
77.1002130550005,17,-597.3699951171875,-597.0,-1.0,-1.0099999904632568,1.93443600073806
77.20024378400012,11,9.64999771118164,2.0,8.0,-3.25,1.9071720007559634
77.20024378400012,13,-116.87999725341797,-124.0,16.0,-1.0,1.9122599996990175
77.20024378400012,15,345.239990234375,343.0,-23.0,1.209999918937683,2.033572000073036
77.20024378400012,17,-597.3699951171875,-597.0,5.0,-0.429999977350235,1.9309479994262801
77.30015925000043,11,9.64999771118164,4.0,23.0,-8.09000015258789,2.022628999839071
77.30015925000043,13,-116.87999725341797,-122.0,31.0,-1.909999966621399,1.9916849996661767
77.30015925000043,15,345.239990234375,343.0,9.0,1.5899999141693115,1.9184049997420516
77.30015925000043,17,-597.3699951171875,-596.0,8.0,-1.899999976158142,2.0482599993556505
77.40016057100001,11,9.64999771118164,5.0,16.0,-2.6399998664855957,1.8566439994174289
77.40016057100001,13,-116.87999725341797,-118.0,41.0,-3.309999942779541,1.9707239998751902
77.40016057100001,15,345.239990234375,344.0,15.0,0.11999999731779099,1.8119080004908028
77.40016057100001,17,-597.3699951171875,-596.0,-1.0,-2.049999952316284,2.418533000309253
77.50016506100019,11,9.64999771118164,9.0,44.0,-7.149999618530273,1.9246120000389055
77.50016506100019,13,-116.87999725341797,-115.0,24.0,-5.21999979019165,1.7386600002282648
77.50016506100019,15,345.239990234375,346.0,13.0,-0.949999988079071,1.8536360003054142
77.50016506100019,17,-597.3699951171875,-596.0,2.0,-2.809999942779541,1.9926450004277285
77.60016983800051,11,9.64999771118164,10.0,-7.0,-8.170000076293945,1.9915890006814152
77.60016983800051,13,-116.87999725341797,-114.0,-4.0,-5.889999866485596,1.94666000061261
77.60016983800051,15,345.239990234375,347.0,3.0,-1.2999999523162842,2.048197000476648
77.60016983800051,17,-597.3699951171875,-596.0,-1.0,-3.0899999141693115,1.9221479997213464
77.70016370300073,11,9.64999771118164,9.0,0.0,-3.6599998474121094,1.9696039998962078
77.70016370300073,13,-116.87999725341797,-113.0,10.0,-2.5799999237060547,1.87760500011791
77.70016370300073,15,345.239990234375,346.0,-21.0,0.4899999797344208,2.563430000009248
77.70016370300073,17,-597.3699951171875,-596.0,9.0,-1.8799999952316284,1.958339999873715
77.80017750500065,11,9.64999771118164,10.0,4.0,-7.989999771118164,2.0253170005162247
77.80017750500065,13,-116.87999725341797,-112.0,0.0,-5.900000095367432,2.451654000651615
77.80017750500065,15,345.239990234375,345.0,9.0,-0.9099999666213989,2.141124999980093
77.80017750500065,17,-597.3699951171875,-596.0,0.0,-2.3399999141693115,2.0945010001014452
77.90018074599993,11,9.64999771118164,9.0,-20.0,-5.569999694824219,2.0436839995454648
77.90018074599993,13,-116.87999725341797,-112.0,-4.0,-7.559999942779541,1.8134439997083973
77.90018074599993,15,345.239990234375,347.0,5.0,-1.3799999952316284,1.7046120001396048
77.90018074599993,17,-597.3699951171875,-596.0,0.0,-2.8299999237060547,1.9236520001868485
78.00020094800038,11,-15.35000228881836,9.0,2.0,-5.819999694824219,1.9065329997829394
78.00020094800038,13,-141.87999725341797,-114.0,-19.0,-6.319999694824219,2.238372999272542
78.00020094800038,15,320.239990234375,347.0,-1.0,-1.649999976158142,1.857828000538575
78.00020094800038,17,-622.3699951171875,-596.0,-5.0,-2.5799999237060547,1.9812209993688157
78.10015916500015,11,-15.35000228881836,9.0,-2.0,-5.659999847412109,1.845028000388993
78.10015916500015,13,-141.87999725341797,-116.0,-9.0,-5.299999713897705,1.902629000142042
78.10015916500015,15,320.239990234375,346.0,-7.0,-1.2699999809265137,1.8082609994962695
78.10015916500015,17,-622.3699951171875,-597.0,-16.0,-0.8899999856948853,1.9108520000372664
78.20020935000048,11,-15.35000228881836,10.0,7.0,-4.389999866485596,2.022628999839071
78.20020935000048,13,-141.87999725341797,-116.0,2.0,-3.009999990463257,1.864964000560576
78.20020935000048,15,320.239990234375,346.0,-6.0,-0.23999999463558197,1.8317799995202222
78.20020935000048,17,-622.3699951171875,-597.0,0.0,-1.0099999904632568,2.0606120006050332
78.3001940310005,11,-15.35000228881836,9.0,-33.0,-8.859999656677246,1.9206770002710982
78.3001940310005,13,-141.87999725341797,-116.0,-2.0,-7.940000057220459,1.9027239995921263
78.3001940310005,15,320.239990234375,346.0,-3.0,-2.93999981880188,1.8206759996246547
78.3001940310005,17,-622.3699951171875,-599.0,-24.0,-2.869999885559082,2.0543729997370974
78.40020082400042,11,-15.35000228881836,3.0,-52.0,-5.029999732971191,1.8584680001367815
78.40020082400042,13,-141.87999725341797,-120.0,-62.0,-10.269999504089355,1.9508199993651942
78.40020082400042,15,320.239990234375,345.0,-28.0,-5.639999866485596,1.7881000003399095
78.40020082400042,17,-622.3699951171875,-604.0,-66.0,-2.5299999713897705,2.292676999786636
78.50020320100066,11,-15.35000228881836,0.0,-40.0,-10.789999961853027,1.87190799988457
78.50020320100066,13,-141.87999725341797,-128.0,-88.0,-8.630000114440918,2.024900999458623
78.50020320100066,15,320.239990234375,337.0,-98.0,-4.289999961853027,1.912515999720199
78.50020320100066,17,-622.3699951171875,-611.0,-76.0,-2.5999999046325684,1.8462440002622316
78.60016487400026,11,-15.35000228881836,-6.0,-85.0,-9.59999942779541,2.1353970005293377
78.60016487400026,13,-141.87999725341797,-136.0,-71.0,-6.699999809265137,1.8862119995901594
78.60016487400026,15,320.239990234375,327.0,-90.0,-2.1599998474121094,1.7923239993251627
78.60016487400026,17,-622.3699951171875,-618.0,-53.0,-1.959999918937683,2.954438999950071
78.70019525200041,11,-15.35000228881836,-13.0,-78.0,-2.6599998474121094,1.9152040003973525
78.70019525200041,13,-141.87999725341797,-141.0,-31.0,-3.109999895095825,1.810052000109863
78.70019525200041,15,320.239990234375,321.0,-48.0,-0.17000000178813934,1.7908520003402373
78.70019525200041,17,-622.3699951171875,-622.0,-34.0,-0.5899999737739563,1.8556200002421974
78.80016287700073,11,-15.35000228881836,-19.0,-36.0,-10.1899995803833,1.964484999916749
78.80016287700073,13,-141.87999725341797,-142.0,0.0,-8.739999771118164,1.7648040002313792
78.80016287700073,15,320.239990234375,320.0,7.0,-3.6499998569488525,1.9722929991985438
78.80016287700073,17,-622.3699951171875,-625.0,-5.0,-1.4900000095367432,1.945572999829892
78.90017222999995,11,-15.35000228881836,-25.0,-77.0,-6.579999923706055,1.9580210000640363
78.90017222999995,13,-141.87999725341797,-143.0,-43.0,-10.670000076293945,1.7923250006788294
78.90017222999995,15,320.239990234375,322.0,8.0,-5.279999732971191,1.6848679997565341
78.90017222999995,17,-622.3699951171875,-625.0,1.0,-2.0299999713897705,2.034787999946275
79.00017105500046,11,-15.35000228881836,-30.0,-35.0,-3.68999981880188,2.0089009994990192
79.00017105500046,13,-141.87999725341797,-152.0,-88.0,-4.599999904632568,1.8572520002635429
79.00017105500046,15,320.239990234375,321.0,-32.0,-2.3299999237060547,1.7857650000223657
79.00017105500046,17,-622.3699951171875,-624.0,19.0,-0.25999999046325684,1.9697970001288923
79.10016744800032,11,-15.35000228881836,-32.0,-8.0,-1.8899999856948853,1.9117169995297445
79.10016744800032,13,-141.87999725341797,-157.0,2.0,0.03999999910593033,1.8502129996704753
79.10016744800032,15,320.239990234375,315.0,-77.0,3.4800000190734863,1.8070440000883536
79.10016744800032,17,-622.3699951171875,-622.0,18.0,-0.29999998211860657,2.341444999728992
79.2001674560006,11,-15.35000228881836,-31.0,11.0,-0.9799999594688416,1.8510119998609298
79.2001674560006,13,-141.87999725341797,-155.0,27.0,-0.1899999976158142,1.6781160002210527
79.2001674560006,15,320.239990234375,315.0,6.0,0.3199999928474426,1.8517169992264826
79.2001674560006,17,-622.3699951171875,-622.0,3.0,-0.29999998211860657,2.5368060005348525
79.30017271300039,11,-15.35000228881836,-30.0,18.0,-2.0999999046325684,2.1153329998924164
79.30017271300039,13,-141.87999725341797,-152.0,32.0,-0.7099999785423279,1.9567079998523695
79.30017271300039,15,320.239990234375,317.0,39.0,-0.029999999329447746,1.7102760002671857
79.30017271300039,17,-622.3699951171875,-622.0,0.0,-0.5,2.053283999885025
79.4001956660004,11,-15.35000228881836,-27.0,39.0,-1.3399999141693115,1.8172520003645332
79.4001956660004,13,-141.87999725341797,-148.0,46.0,-0.6899999976158142,1.7058599996744306
79.4001956660004,15,320.239990234375,320.0,15.0,-0.23999999463558197,1.8635880005604122
79.4001956660004,17,-622.3699951171875,-622.0,0.0,-0.5699999928474426,1.9590450001487625
79.50017013900015,11,-15.35000228881836,-21.0,55.0,-3.809999942779541,1.9965159999628668
79.50017013900015,13,-141.87999725341797,-143.0,55.0,-3.3499999046325684,2.026437000495207
79.50017013900015,15,320.239990234375,321.0,10.0,-0.9899999499320984,1.8408050000289222
79.50017013900015,17,-622.3699951171875,-622.0,0.0,-0.6200000047683716,1.8771569993987214
79.60016970000015,11,-15.35000228881836,-17.0,29.0,-5.759999752044678,1.966372999959276
79.60016970000015,13,-141.87999725341797,-138.0,34.0,-6.809999942779541,1.8212519998996868
79.60016970000015,15,320.239990234375,323.0,34.0,-3.809999942779541,1.7858279998108628
79.60016970000015,17,-622.3699951171875,-622.0,0.0,-0.7599999904632568,2.0888689996354515
79.7002283010006,11,-15.35000228881836,-13.0,30.0,-5.349999904632568,2.3077490004652645
79.7002283010006,13,-141.87999725341797,-133.0,52.0,-4.909999847412109,1.7372520005665137
79.7002283010006,15,320.239990234375,327.0,52.0,-1.8199999332427979,2.011685000070429
79.7002283010006,17,-622.3699951171875,-621.0,2.0,-0.7999999523162842,2.0699249998870073
79.80017877299997,11,-15.35000228881836,-11.0,7.0,-11.09999942779541,1.864388000285544
79.80017877299997,13,-141.87999725341797,-128.0,22.0,-10.469999313354492,1.926627999637276
79.80017877299997,15,320.239990234375,333.0,49.0,-5.46999979019165,1.7016679994412698
79.80017877299997,17,-622.3699951171875,-621.0,2.0,-1.5,2.4158449996320996
79.90019587000006,11,-15.35000228881836,-13.0,-38.0,-9.789999961853027,1.9880039999407018
79.90019587000006,13,-141.87999725341797,-128.0,-21.0,-14.219999313354492,2.1665009999196627
79.90019587000006,15,320.239990234375,335.0,-2.0,-7.639999866485596,1.787844000318728
79.90019587000006,17,-622.3699951171875,-621.0,1.0,-1.9499999284744263,1.8632360006449744
80.00018147900028,11,9.64999771118164,-15.0,-6.0,-9.539999961853027,1.9660210000438383
80.00018147900028,13,-116.87999725341797,-135.0,-84.0,-11.5,1.927203999912308
80.00018147900028,15,345.239990234375,331.0,-65.0,-6.739999771118164,2.2206449993973365
80.00018147900028,17,-597.3699951171875,-622.0,-5.0,-1.1299999952316284,2.0649970001613838
80.10018558299998,11,9.64999771118164,-16.0,-13.0,-6.869999885559082,2.153444999748899
80.10018558299998,13,-116.87999725341797,-143.0,-63.0,-6.539999961853027,3.0884870002410025
80.10018558299998,15,345.239990234375,323.0,-68.0,-3.0,1.804771999559307
80.10018558299998,17,-597.3699951171875,-622.0,-1.0,-1.209999918937683,1.920644000165339
80.20019855200007,11,9.64999771118164,-15.0,5.0,-2.25,2.1112050008014194
80.20019855200007,13,-116.87999725341797,-145.0,0.0,-3.009999990463257,1.9578290002755239
80.20019855200007,15,345.239990234375,319.0,-15.0,-0.9599999785423279,1.8726440002865274
80.20019855200007,17,-597.3699951171875,-622.0,5.0,0.17999999225139618,2.902183000514924
80.3001963200004,11,9.64999771118164,-13.0,18.0,-6.359999656677246,1.8409639997116756
80.3001963200004,13,-116.87999725341797,-143.0,5.0,-7.319999694824219,2.2830449997854885
80.3001963200004,15,345.239990234375,321.0,40.0,-4.679999828338623,1.8239080000057584
80.3001963200004,17,-597.3699951171875,-619.0,51.0,-0.7799999713897705,2.239557000393688
80.40018442500059,11,9.64999771118164,-11.0,18.0,-2.950000047683716,2.065061000394053
80.40018442500059,13,-116.87999725341797,-144.0,-38.0,-6.369999885559082,1.7939560002560029
80.40018442500059,15,345.239990234375,323.0,1.0,-4.150000095367432,1.7875880002975464
80.40018442500059,17,-597.3699951171875,-614.0,46.0,0.32999998331069946,1.8122609999409178
80.50019780900038,11,9.64999771118164,-6.0,64.0,-1.8799999952316284,1.9933799994760193
80.50019780900038,13,-116.87999725341797,-149.0,-30.0,-1.309999942779541,1.8942769993373076
80.50019780900038,15,345.239990234375,322.0,-23.0,-0.1599999964237213,1.8438440001773415
80.50019780900038,17,-597.3699951171875,-607.0,74.0,0.019999999552965164,2.1181169995543314
80.60018722600034,11,9.64999771118164,0.0,58.0,-3.309999942779541,1.8741169997156248
80.60018722600034,13,-116.87999725341797,-148.0,32.0,1.2200000286102295,1.9358439994903165
80.60018722600034,15,345.239990234375,322.0,20.0,2.879999876022339,1.852035999945656
80.60018722600034,17,-597.3699951171875,-601.0,55.0,-0.4099999964237213,1.9665649997477885
80.70020745900001,11,9.64999771118164,5.0,49.0,-2.059999942779541,2.0555570008582436
80.70020745900001,13,-116.87999725341797,-141.0,101.0,-1.6699999570846558,2.1885810001549544
80.70020745900001,15,345.239990234375,328.0,71.0,0.699999988079071,1.7465640003138105
80.70020745900001,17,-597.3699951171875,-597.0,26.0,-0.6100000143051147,1.9988840003861696
80.80019572299989,11,9.64999771118164,9.0,38.0,-7.829999923706055,1.8130609996660496
80.80019572299989,13,-116.87999725341797,-129.0,110.0,-6.429999828338623,1.8303410006410559
80.80019572299989,15,345.239990234375,337.0,93.0,-1.5999999046325684,1.7915560001711128
80.80019572299989,17,-597.3699951171875,-595.0,12.0,-2.5899999141693115,1.8297960004929337
80.90018994000002,11,9.64999771118164,10.0,-1.0,-7.849999904632568,1.9508850000420352
80.90018994000002,13,-116.87999725341797,-121.0,56.0,-8.829999923706055,1.7979879994527437
80.90018994000002,15,345.239990234375,345.0,58.0,-2.990000009536743,1.8451890000505955
80.90018994000002,17,-597.3699951171875,-595.0,-3.0,-3.319999933242798,1.7762280003807973
81.00016479600072,11,9.64999771118164,9.0,-3.0,-5.75,2.040549000412284
81.00016479600072,13,-116.87999725341797,-120.0,4.0,-6.46999979019165,2.0335719991635415
81.00016479600072,15,345.239990234375,347.0,-3.0,-2.2100000381469727,1.9382130003577913
81.00016479600072,17,-597.3699951171875,-596.0,-5.0,-3.169999837875366,1.9922930005122907
81.10018128400043,11,9.64999771118164,9.0,4.0,-6.579999923706055,1.9709799998963717
81.10018128400043,13,-116.87999725341797,-120.0,3.0,-3.7799999713897705,2.034085000559571
81.10018128400043,15,345.239990234375,345.0,-30.0,-0.09999999403953552,1.7247400000997004
81.10018128400043,17,-597.3699951171875,-597.0,-8.0,-2.2300000190734863,1.946947999385884
81.20019556400075,11,9.64999771118164,10.0,3.0,-4.579999923706055,2.001763999942341
81.20019556400075,13,-116.87999725341797,-116.0,47.0,-2.679999828338623,1.8421800004944089
81.20019556400075,15,345.239990234375,342.0,-25.0,1.4499999284744263,2.1626610005114344
81.20019556400075,17,-597.3699951171875,-597.0,4.0,-1.1299999952316284,1.9943409997722483
81.3001682439999,11,9.64999771118164,11.0,-3.0,-9.670000076293945,1.8375079998804722
81.3001682439999,13,-116.87999725341797,-113.0,8.0,-5.089999675750732,1.974532000531326
81.3001682439999,15,345.239990234375,344.0,31.0,0.08999999612569809,2.034981000178959
81.3001682439999,17,-597.3699951171875,-595.0,22.0,-2.5999999046325684,1.890723999167676
81.40020226900015,11,9.64999771118164,9.0,-16.0,-5.639999866485596,2.0030129999213386
81.40020226900015,13,-116.87999725341797,-113.0,-1.0,-6.690000057220459,1.7166759998872294
81.40020226900015,15,345.239990234375,347.0,13.0,-1.6999999284744263,1.845092000621662
81.40020226900015,17,-597.3699951171875,-596.0,-4.0,-2.5999999046325684,1.9136999999318505
81.50018877300045,11,9.64999771118164,8.0,2.0,-2.450000047683716,1.898276999781956
81.50018877300045,13,-116.87999725341797,-114.0,-26.0,-6.309999942779541,1.8737000000328408
81.50018877300045,15,345.239990234375,347.0,1.0,-1.9499999284744263,1.8952039999931003
81.50018877300045,17,-597.3699951171875,-596.0,-12.0,-2.0299999713897705,1.8634919997566612
81.6001801729999,11,9.64999771118164,9.0,1.0,-4.400000095367432,2.1352049998313305
81.6001801729999,13,-116.87999725341797,-116.0,-7.0,-5.389999866485596,1.8829810005627223
81.6001801729999,15,345.239990234375,347.0,-5.0,-1.8700000047683716,1.8465960001776693
81.6001801729999,17,-597.3699951171875,-597.0,-1.0,-1.0299999713897705,1.9460200001049088
81.70017589300005,11,9.64999771118164,10.0,1.0,-1.9299999475479126,1.9002919998456491
81.70017589300005,13,-116.87999725341797,-115.0,7.0,-1.9399999380111694,2.049061000434449
81.70017589300005,15,345.239990234375,346.0,-3.0,-0.2800000011920929,1.912005000122008
81.70017589300005,17,-597.3699951171875,-597.0,2.0,0.3799999952316284,2.003044999582926
81.8001696930005,11,9.64999771118164,10.0,0.0,-4.929999828338623,1.9622439995146124
81.8001696930005,13,-116.87999725341797,-114.0,24.0,-4.339999675750732,1.912515999720199
81.8001696930005,15,345.239990234375,346.0,0.0,-1.100000023841858,1.7482279999967432
81.8001696930005,17,-597.3699951171875,-596.0,10.0,-1.6799999475479126,1.8472040001142886
81.90018899799998,11,9.64999771118164,10.0,-5.0,-4.96999979019165,1.9158760005666409
81.90018899799998,13,-116.87999725341797,-113.0,1.0,-6.099999904632568,2.004484999815759
81.90018899799998,15,345.239990234375,347.0,2.0,-1.6299999952316284,1.7332519992123707
81.90018899799998,17,-597.3699951171875,-596.0,0.0,-2.2799999713897705,2.0434919997569523
82.00019595000049,11,34.64999771118164,9.0,0.0,-5.489999771118164,1.8778289995680097
82.00019595000049,13,-91.87999725341797,-113.0,-7.0,-7.139999866485596,1.8273639998369617
82.00019595000049,15,370.239990234375,347.0,-7.0,-1.5,1.9161639993399149
82.00019595000049,17,-572.3699951171875,-596.0,0.0,-2.75,1.968195999324962
82.10017797399996,11,34.64999771118164,9.0,0.0,-6.190000057220459,2.0941489992765128
82.10017797399996,13,-91.87999725341797,-116.0,-33.0,-4.759999752044678,2.0539879997159005
82.10017797399996,15,370.239990234375,345.0,-16.0,-0.6200000047683716,1.8337640003665001
82.10017797399996,17,-572.3699951171875,-596.0,-2.0,-2.869999885559082,1.986244000363513
82.20026758200038,11,34.64999771118164,11.0,17.0,-4.589999675750732,1.920069000334479
82.20026758200038,13,-91.87999725341797,-116.0,0.0,-2.1499998569488525,2.119013000083214
82.20026758200038,15,370.239990234375,342.0,-37.0,1.709999918937683,1.958339999873715
82.20026758200038,17,-572.3699951171875,-596.0,16.0,-1.8799999952316284,1.8531880004957202
82.30020739700012,11,34.64999771118164,13.0,22.0,-8.199999809265137,1.8711399998210254
82.30020739700012,13,-91.87999725341797,-116.0,0.0,-3.429999828338623,1.927203999912308
82.30020739700012,15,370.239990234375,342.0,7.0,1.6200000047683716,2.9430149998006527
82.30020739700012,17,-572.3699951171875,-595.0,11.0,-0.9599999785423279,2.2413819997382234
82.40016369300065,11,34.64999771118164,14.0,26.0,-2.419999837875366,1.8044520002149511
82.40016369300065,13,-91.87999725341797,-116.0,1.0,-3.059999942779541,1.9795240004896186
82.40016369300065,15,370.239990234375,345.0,48.0,0.4599999785423279,1.9744369992622524
82.40016369300065,17,-572.3699951171875,-592.0,35.0,-0.6200000047683716,2.132612999957928
82.5002220690003,11,34.64999771118164,19.0,72.0,-3.3499999046325684,2.027364000241505
82.5002220690003,13,-91.87999725341797,-115.0,18.0,-1.8199999332427979,1.9903089996660128
82.5002220690003,15,370.239990234375,350.0,43.0,1.5299999713897705,1.8017960001088795
82.5002220690003,17,-572.3699951171875,-586.0,71.0,-0.8100000023841858,1.9289640003989916
82.6001727970006,11,34.64999771118164,26.0,46.0,-4.670000076293945,1.7992370003412361
82.6001727970006,13,-91.87999725341797,-112.0,34.0,-0.07000000029802322,2.049509000244143
82.6001727970006,15,370.239990234375,355.0,50.0,3.559999942779541,1.998085000195715
82.6001727970006,17,-572.3699951171875,-579.0,52.0,-0.1899999976158142,1.9161330001224997
82.70015754100041,11,34.64999771118164,30.0,36.0,-1.2200000286102295,1.8452849999448517
82.70015754100041,13,-91.87999725341797,-107.0,61.0,-0.35999998450279236,1.7438120003134827
82.70015754100041,15,370.239990234375,358.0,5.0,3.5,2.0297009996284032
82.70015754100041,17,-572.3699951171875,-575.0,44.0,-0.23999999463558197,1.9850919998134486
82.80018938900048,11,34.64999771118164,33.0,26.0,-3.629999876022339,1.9221809998271056
82.80018938900048,13,-91.87999725341797,-101.0,54.0,-0.41999998688697815,1.9425009995757136
82.80018938900048,15,370.239990234375,361.0,37.0,3.6399998664855957,1.7976360004468006
82.80018938900048,17,-572.3699951171875,-572.0,13.0,-0.41999998688697815,2.122532999237592
82.90017589299987,11,34.64999771118164,34.0,-2.0,-2.5299999713897705,1.8471719995432068
82.90017589299987,13,-91.87999725341797,-96.0,46.0,-1.1200000047683716,2.1008049998272327
82.90017589299987,15,370.239990234375,365.0,31.0,3.569999933242798,1.881379999758792
82.90017589299987,17,-572.3699951171875,-572.0,0.0,-0.6100000143051147,2.1660210004483815
83.00018271699992,11,34.64999771118164,34.0,2.0,-2.2200000286102295,1.9264679995103506
83.00018271699992,13,-91.87999725341797,-92.0,30.0,-1.9299999475479126,2.1324850004020846
83.00018271699992,15,370.239990234375,367.0,11.0,3.0399999618530273,1.8182130006607622
83.00018271699992,17,-572.3699951171875,-572.0,1.0,-0.7199999690055847,2.0329000008132425
83.1001672680004,11,34.64999771118164,35.0,5.0,-4.420000076293945,1.9003249999514082
83.1001672680004,13,-91.87999725341797,-90.0,10.0,-2.7799999713897705,1.822243999413331
83.1001672680004,15,370.239990234375,368.0,4.0,3.069999933242798,1.819525000428257
83.1001672680004,17,-572.3699951171875,-572.0,0.0,-1.0199999809265137,1.9893489998139557
83.20017869999992,11,34.64999771118164,35.0,0.0,-3.179999828338623,1.9586610005717375
83.20017869999992,13,-91.87999725341797,-90.0,2.0,-1.5499999523162842,2.004101000238734
83.20017869999992,15,370.239990234375,366.0,-43.0,3.2100000381469727,2.0215080003254116
83.20017869999992,17,-572.3699951171875,-572.0,0.0,-0.5600000023841858,1.9266929994046222
83.30018193900014,11,34.64999771118164,35.0,-5.0,-5.75,1.9292839997433475
83.30018193900014,13,-91.87999725341797,-91.0,-20.0,-0.12999999523162842,1.8550439999671653
83.30018193900014,15,370.239990234375,364.0,-1.0,4.369999885559082,1.8423399997118395
83.30018193900014,17,-572.3699951171875,-572.0,0.0,-0.5699999928474426,1.8741479998425348
83.400213979,11,34.64999771118164,34.0,-14.0,-3.490000009536743,1.9518449998940923
83.400213979,13,-91.87999725341797,-93.0,-12.0,1.1999999284744263,1.9892840000466094
83.400213979,15,370.239990234375,364.0,0.0,4.849999904632568,1.9759090000661672
83.400213979,17,-572.3699951171875,-572.0,-2.0,0.0,2.405189999990398
83.50018233800074,11,34.64999771118164,34.0,4.0,-3.3499999046325684,2.0342120005807374
83.50018233800074,13,-91.87999725341797,-92.0,19.0,-0.03999999910593033,2.131108999492426
83.50018233800074,15,370.239990234375,365.0,13.0,4.799999713897705,2.111333000357263
83.50018233800074,17,-572.3699951171875,-572.0,1.0,-0.1599999964237213,1.7737319994921563
83.60017284200057,11,34.64999771118164,34.0,-1.0,-3.490000009536743,2.002661000005901
83.60017284200057,13,-91.87999725341797,-90.0,14.0,-1.6699999570846558,2.380452999204863
83.60017284200057,15,370.239990234375,368.0,40.0,2.5,1.7687400004433584
83.60017284200057,17,-572.3699951171875,-572.0,3.0,-0.6299999952316284,2.0043240001541562
83.70018593800069,11,34.64999771118164,35.0,7.0,-1.5999999046325684,1.7831079994721222
83.70018593800069,13,-91.87999725341797,-89.0,14.0,-1.7999999523162842,1.8104040000253008
83.70018593800069,15,370.239990234375,370.0,4.0,1.5199999809265137,1.898405000247294
83.70018593800069,17,-572.3699951171875,-572.0,0.0,-0.5299999713897705,2.0577319992298726
83.80019714500031,11,34.64999771118164,35.0,0.0,-3.929999828338623,1.7923240002346574
83.80019714500031,13,-91.87999725341797,-90.0,-23.0,-1.5399999618530273,1.8235249999634107
83.80019714500031,15,370.239990234375,370.0,-4.0,2.3499999046325684,2.0437490002223058
83.80019714500031,17,-572.3699951171875,-572.0,0.0,-0.5999999642372131,2.017732999775035
83.90019305700025,11,34.64999771118164,34.0,-10.0,-3.0399999618530273,1.8870449994210503
83.90019305700025,13,-91.87999725341797,-92.0,-23.0,0.8899999856948853,2.005028999519709
83.90019305700025,15,370.239990234375,368.0,-40.0,4.110000133514404,1.755205000335991
83.90019305700025,17,-572.3699951171875,-572.0,-4.0,-0.19999998807907104,1.9317169999339967
84.00018064800042,11,59.64999771118164,34.0,5.0,-3.549999952316284,1.8528999999034568
84.00018064800042,13,-66.87999725341797,-93.0,-7.0,2.240000009536743,1.9065650003540213
84.00018064800042,15,395.239990234375,364.0,-26.0,5.799999713897705,1.9968040005551302
84.00018064800042,17,-547.3699951171875,-572.0,0.0,0.05999999865889549,2.289445000315027
84.1001667670007,11,59.64999771118164,35.0,-3.0,-5.650000095367432,1.8996200005858555
84.1001667670007,13,-66.87999725341797,-93.0,5.0,2.7300000190734863,2.1705649996874854
84.1001667670007,15,395.239990234375,363.0,0.0,6.440000057220459,2.009765000366315
84.1001667670007,17,-547.3699951171875,-572.0,1.0,0.07999999821186066,1.8875559999287361
84.20017685499988,11,59.64999771118164,35.0,-5.0,-2.4700000286102295,1.9103409995295806
84.20017685499988,13,-66.87999725341797,-92.0,29.0,0.0,1.776387999598228
84.20017685499988,15,395.239990234375,362.0,-37.0,3.5799999237060547,1.9222770006308565
84.20017685499988,17,-547.3699951171875,-572.0,4.0,0.009999999776482582,1.8135729997084127
84.30017356600001,11,59.64999771118164,35.0,1.0,-4.0,2.0199729997329996
84.30017356600001,13,-66.87999725341797,-88.0,22.0,0.7699999809265137,1.7686119999780203
84.30017356600001,15,395.239990234375,362.0,12.0,5.389999866485596,1.794435999727284
84.30017356600001,17,-547.3699951171875,-569.0,42.0,-0.4899999797344208,1.973444999748608
84.40020067700061,11,59.64999771118164,36.0,27.0,-1.7899999618530273,1.9144040006722207
84.40020067700061,13,-66.87999725341797,-85.0,45.0,2.700000047683716,1.8372200001977035
84.40020067700061,15,395.239990234375,365.0,53.0,7.079999923706055,1.9345329992574989
84.40020067700061,17,-547.3699951171875,-565.0,49.0,0.9399999976158142,2.173285000026226
84.50018913300028,11,59.64999771118164,40.0,48.0,-3.0999999046325684,1.9201959994461504
84.50018913300028,13,-66.87999725341797,-79.0,64.0,3.859999895095825,1.864004000708519
84.50018913300028,15,395.239990234375,372.0,76.0,8.389999389648438,1.9266280005467706
84.50018913300028,17,-547.3699951171875,-558.0,76.0,0.9099999666213989,1.9566130004022853
84.60016481999992,11,59.64999771118164,45.0,49.0,-2.759999990463257,1.7693159998088959
84.60016481999992,13,-66.87999725341797,-72.0,71.0,2.190000057220459,1.7756520001057652
84.60016481999992,15,395.239990234375,380.0,89.0,7.389999866485596,1.9249650003985153
84.60016481999992,17,-547.3699951171875,-552.0,57.0,0.5199999809265137,1.87613300022349
84.7001638669999,11,59.64999771118164,51.0,55.0,-0.9300000071525574,1.8143409997719573
84.7001638669999,13,-66.87999725341797,-66.0,60.0,-0.5099999904632568,1.7004520004775259
84.7001638669999,15,395.239990234375,388.0,39.0,3.18999981880188,2.021635999881255
84.7001638669999,17,-547.3699951171875,-548.0,22.0,0.5299999713897705,1.967363999938243
84.80016422600056,11,59.64999771118164,55.0,43.0,-1.899999976158142,2.0753970002260758
84.80016422600056,13,-66.87999725341797,-63.0,13.0,1.4900000095367432,2.0180850005999673
84.80016422600056,15,395.239990234375,391.0,31.0,5.980000019073486,1.8925160002254415
84.80016422600056,17,-547.3699951171875,-546.0,9.0,0.5099999904632568,2.282788999764307
84.9001855460001,11,59.64999771118164,58.0,19.0,-2.6499998569488525,2.007077000598656
84.9001855460001,13,-66.87999725341797,-62.0,8.0,3.869999885559082,2.000421000047936
84.9001855460001,15,395.239990234375,394.0,22.0,8.289999961853027,1.8900200002462952
84.9001855460001,17,-547.3699951171875,-546.0,-8.0,0.5099999904632568,1.921412999763561
85.00018174500019,11,59.64999771118164,59.0,7.0,-3.1399998664855957,2.0620530003725435
85.00018174500019,13,-66.87999725341797,-61.0,8.0,4.110000133514404,1.8099240005540196
85.00018174500019,15,395.239990234375,397.0,32.0,8.329999923706055,1.7660200001046178
85.00018174500019,17,-547.3699951171875,-548.0,-1.0,1.8499999046325684,2.0138599993515527
85.10018840800058,11,59.64999771118164,59.0,-1.0,-3.429999828338623,1.8680359999052598
85.10018840800058,13,-66.87999725341797,-60.0,0.0,3.359999895095825,2.136101000360213
85.10018840800058,15,395.239990234375,399.0,27.0,7.099999904632568,2.1946289998595603
85.10018840800058,17,-547.3699951171875,-548.0,1.0,2.1599998474121094,1.932836999912979
85.20016710300024,11,59.64999771118164,60.0,-1.0,-1.6399999856948853,1.94515700059128
85.20016710300024,13,-66.87999725341797,-61.0,-10.0,0.75,1.7006440002660383
85.20016710300024,15,395.239990234375,399.0,-43.0,2.75,1.8848999998226645
85.20016710300024,17,-547.3699951171875,-547.0,-4.0,0.6200000047683716,1.8855400003303657
85.30016970199995,11,59.64999771118164,60.0,3.0,-2.4800000190734863,1.9977009997091955
85.30016970199995,13,-66.87999725341797,-63.0,-30.0,2.169999837875366,2.0307249997131294
85.30016970199995,15,395.239990234375,393.0,-54.0,5.619999885559082,2.6977659999829484
85.30016970199995,17,-547.3699951171875,-547.0,-4.0,1.0399999618530273,1.8052200002784957
85.40016785300031,11,59.64999771118164,60.0,-1.0,-3.2799999713897705,1.9820210000034422
85.40016785300031,13,-66.87999725341797,-66.0,-20.0,2.690000057220459,1.8131879996872158
85.40016785300031,15,395.239990234375,388.0,-26.0,6.179999828338623,2.3115570002119057
85.40016785300031,17,-547.3699951171875,-548.0,-1.0,1.46999990940094,1.9554279997464619
85.50020136400053,11,59.64999771118164,59.0,-3.0,-2.9800000190734863,1.9234609999330132
85.50020136400053,13,-66.87999725341797,-68.0,-7.0,3.6999998092651367,2.023557000029541
85.50020136400053,15,395.239990234375,388.0,0.0,6.75,1.7988839999816264
85.50020136400053,17,-547.3699951171875,-548.0,0.0,1.899999976158142,1.8234609997307416
85.60020313099994,11,59.64999771118164,59.0,-1.0,-3.240000009536743,1.919748000545951
85.60020313099994,13,-66.87999725341797,-68.0,3.0,3.859999895095825,1.8917800007329788
85.60020313099994,15,395.239990234375,388.0,1.0,7.609999656677246,1.9646450000436744
85.60020313099994,17,-547.3699951171875,-547.0,6.0,1.5499999523162842,1.9289960000605788
85.70016877000035,11,59.64999771118164,60.0,0.0,-1.1100000143051147,2.005604999794741
85.70016877000035,13,-66.87999725341797,-67.0,7.0,0.6699999570846558,1.871940000455652
85.70016877000035,15,395.239990234375,386.0,-50.0,3.5799999237060547,1.8060840002362966
85.70016877000035,17,-547.3699951171875,-547.0,-6.0,0.699999988079071,1.8726770003922866
85.80018816900065,11,59.64999771118164,60.0,4.0,-2.490000009536743,1.9863090001308592
85.80018816900065,13,-66.87999725341797,-68.0,-19.0,2.9600000381469727,1.8584680001367815
85.80018816900065,15,395.239990234375,383.0,-10.0,6.949999809265137,1.7805480001698015
85.80018816900065,17,-547.3699951171875,-547.0,-7.0,1.2899999618530273,1.8889319999289
85.90017995200014,11,59.64999771118164,59.0,-5.0,-2.6499998569488525,2.0405489995027892
85.90017995200014,13,-66.87999725341797,-69.0,5.0,4.029999732971191,1.9795889993474702
85.90017995200014,15,395.239990234375,383.0,10.0,9.010000228881836,1.9649969999591121
85.90017995200014,17,-547.3699951171875,-548.0,0.0,2.0999999046325684,1.9575090000216733
86.00017099800061,11,84.64999771118164,59.0,0.0,-1.8600000143051147,1.8034919994533993
86.00017099800061,13,-41.87999725341797,-68.0,19.0,3.2300000190734863,1.8594610000945977
86.00017099800061,15,420.239990234375,386.0,37.0,7.190000057220459,1.8387250001978828
86.00017099800061,17,-522.3699951171875,-548.0,6.0,1.7699999809265137,1.9873649998771725
86.10016946900032,11,84.64999771118164,59.0,0.0,-1.3700000047683716,1.9043570000576437
86.10016946900032,13,-41.87999725341797,-66.0,10.0,1.7799999713897705,1.7347560005873675
86.10016946900032,15,420.239990234375,390.0,37.0,5.609999656677246,1.8758759997581365
86.10016946900032,17,-522.3699951171875,-547.0,8.0,0.6100000143051147,2.059780999843497
86.20020986000054,11,84.64999771118164,59.0,3.0,-0.41999998688697815,2.0024690002173884
86.20020986000054,13,-41.87999725341797,-66.0,0.0,0.5299999713897705,1.817189000576036
86.20020986000054,15,420.239990234375,392.0,-13.0,3.009999990463257,1.9236529997215257
86.20020986000054,17,-522.3699951171875,-546.0,1.0,0.1599999964237213,1.9362289995115134
86.30017300200052,11,84.64999771118164,61.0,30.0,-2.200000047683716,1.9001959999513929
86.30017300200052,13,-41.87999725341797,-66.0,1.0,3.2300000190734863,1.7596839998077485
86.30017300200052,15,420.239990234375,391.0,0.0,7.279999732971191,1.8900209997809725
86.30017300200052,17,-522.3699951171875,-545.0,15.0,2.2799999713897705,2.2731250001015724
86.40019060900067,11,84.64999771118164,64.0,42.0,-2.8899998664855957,1.9014119998246315
86.40019060900067,13,-41.87999725341797,-65.0,29.0,5.859999656677246,2.00515600045037
86.40019060900067,15,420.239990234375,393.0,50.0,10.819999694824219,1.8808370004990138
86.40019060900067,17,-522.3699951171875,-541.0,57.0,2.4099998474121094,2.0243570006641676
86.50018226400061,11,84.64999771118164,69.0,52.0,-2.6399998664855957,1.8200679996880353
86.50018226400061,13,-41.87999725341797,-58.0,89.0,4.480000019073486,2.0719409994853777
86.50018226400061,15,420.239990234375,401.0,97.0,9.239999771118164,1.852549000432191
86.50018226400061,17,-522.3699951171875,-533.0,83.0,2.0,1.9746919997487566
86.60019555000054,11,84.64999771118164,74.0,52.0,-1.1200000047683716,1.878531999864208
86.60019555000054,13,-41.87999725341797,-48.0,87.0,0.7299999594688416,1.8720039997788263
86.60019555000054,15,420.239990234375,413.0,118.0,4.659999847412109,2.3624049999853014
86.60019555000054,17,-522.3699951171875,-526.0,60.0,0.47999998927116394,1.9201329996576533
86.70017533300052,11,84.64999771118164,80.0,59.0,-2.1499998569488525,1.947908999682113
86.70017533300052,13,-41.87999725341797,-43.0,33.0,0.5699999928474426,1.860900999417936
86.70017533300052,15,420.239990234375,422.0,67.0,1.309999942779541,2.0094769997740514
86.70017533300052,17,-522.3699951171875,-522.0,24.0,0.44999998807907104,2.1678130005966523
86.80019790000006,11,84.64999771118164,84.0,20.0,-4.039999961853027,2.1507569999812404
86.80019790000006,13,-41.87999725341797,-41.0,18.0,2.3499999046325684,2.0245810001142672
86.80019790000006,15,420.239990234375,427.0,35.0,3.069999933242798,1.9420529997660196
86.80019790000006,17,-522.3699951171875,-520.0,11.0,0.7999999523162842,1.9562930001484347
86.90019256200048,11,84.64999771118164,85.0,7.0,-2.0399999618530273,1.9670439996843925
86.90019256200048,13,-41.87999725341797,-39.0,15.0,2.429999828338623,1.8988209994859062
86.90019256200048,15,420.239990234375,430.0,39.0,4.089999675750732,1.9614120001278934
86.90019256200048,17,-522.3699951171875,-520.0,-9.0,0.029999999329447746,2.195973000198137
87.00016293699991,11,84.64999771118164,85.0,-1.0,-2.869999885559082,1.8145639996873797
87.00016293699991,13,-41.87999725341797,-38.0,0.0,1.4299999475479126,1.8604839997351519
87.00016293699991,15,420.239990234375,435.0,54.0,1.809999942779541,1.978756000426074
87.00016293699991,17,-522.3699951171875,-522.0,-3.0,0.6699999570846558,1.9141480006510392
87.10020012699988,11,84.64999771118164,84.0,-15.0,-3.059999942779541,2.1072999998068553
87.10020012699988,13,-41.87999725341797,-39.0,-15.0,0.3499999940395355,2.019397000367462
87.10020012699988,15,420.239990234375,438.0,15.0,0.7699999809265137,1.8531890000303974
87.10020012699988,17,-522.3699951171875,-522.0,1.0,0.7400000095367432,1.8139559997507604
87.20016035800018,11,84.64999771118164,85.0,15.0,-2.129999876022339,2.0729970001411857
87.20016035800018,13,-41.87999725341797,-41.0,-27.0,0.6699999570846558,1.837411999986216
87.20016035800018,15,420.239990234375,437.0,-34.0,0.6800000071525574,1.9647720000648405
87.20016035800018,17,-522.3699951171875,-522.0,0.0,0.550000011920929,2.117669000654132
87.30017038000005,11,84.64999771118164,85.0,-6.0,-4.949999809265137,2.086405000227387
87.30017038000005,13,-41.87999725341797,-43.0,-4.0,2.1599998474121094,1.8753320000541862
87.30017038000005,15,420.239990234375,431.0,-64.0,1.8600000143051147,1.7960690001928015
87.30017038000005,17,-522.3699951171875,-522.0,-1.0,1.059999942779541,2.0549490000121295
87.4001929140004,11,84.64999771118164,84.0,-1.0,-2.950000047683716,1.9053159994655289
87.4001929140004,13,-41.87999725341797,-42.0,15.0,1.559999942779541,1.7288040007770178
87.4001929140004,15,420.239990234375,424.0,-67.0,2.1599998474121094,1.8814770000972203
87.4001929140004,17,-522.3699951171875,-522.0,0.0,1.3600000143051147,1.8688039999688044
87.50019647299996,11,84.64999771118164,84.0,0.0,-3.1599998474121094,1.9466289995762054
87.50019647299996,13,-41.87999725341797,-42.0,-1.0,2.119999885559082,1.8687090005187201
87.50019647299996,15,420.239990234375,419.0,-49.0,3.3999998569488525,1.8432999995638966
87.50019647299996,17,-522.3699951171875,-522.0,0.0,1.6200000047683716,2.083172000311606
87.60018015900005,11,84.64999771118164,84.0,0.0,-2.859999895095825,2.032420999967144
87.60018015900005,13,-41.87999725341797,-42.0,0.0,2.299999952316284,1.8956199992317124
87.60018015900005,15,420.239990234375,416.0,-11.0,3.759999990463257,1.7600359997231863
87.60018015900005,17,-522.3699951171875,-522.0,2.0,1.409999966621399,2.0554599996103207
87.7001723250005,11,84.64999771118164,85.0,9.0,-1.8899999856948853,1.891267999781121
87.7001723250005,13,-41.87999725341797,-42.0,-1.0,0.6899999976158142,1.8621159997564973
87.7001723250005,15,420.239990234375,416.0,-13.0,1.2300000190734863,1.8706920000113314
87.7001723250005,17,-522.3699951171875,-522.0,-3.0,0.5899999737739563,2.0042289997945772
87.8002143800004,11,84.64999771118164,85.0,-2.0,-2.4600000381469727,1.8995889995494508
87.8002143800004,13,-41.87999725341797,-43.0,-10.0,2.369999885559082,2.092581000397331
87.8002143800004,15,420.239990234375,415.0,-3.0,3.609999895095825,1.9776039998760098
87.8002143800004,17,-522.3699951171875,-523.0,-1.0,1.1299999952316284,1.9361329996172572
87.90017275399987,11,84.64999771118164,84.0,-3.0,-2.2699999809265137,1.997061000110989
87.90017275399987,13,-41.87999725341797,-42.0,14.0,1.8799999952316284,2.073059999929683
87.90017275399987,15,420.239990234375,415.0,4.0,3.9800000190734863,2.004101000238734
87.90017275399987,17,-522.3699951171875,-522.0,0.0,1.3399999141693115,2.087877000121807
88.0002101680002,11,59.64999771118164,84.0,-1.0,-2.5799999237060547,1.9885480005541467
88.0002101680002,13,-66.87999725341797,-42.0,1.0,1.899999976158142,1.970661000086693
88.0002101680002,15,395.239990234375,416.0,11.0,3.5799999237060547,1.8065639997075778
88.0002101680002,17,-547.3699951171875,-522.0,3.0,1.149999976158142,1.7663399994489737
88.10015875000045,11,59.64999771118164,84.0,0.0,-2.8999998569488525,2.2240690004764474
88.10015875000045,13,-66.87999725341797,-42.0,0.0,1.9900000095367432,1.9252850006523659
88.10015875000045,15,395.239990234375,416.0,2.0,3.990000009536743,2.0852850002484047
88.10015875000045,17,-547.3699951171875,-522.0,0.0,1.3399999141693115,2.34842200006824
88.20020105999993,11,59.64999771118164,85.0,6.0,-2.3299999237060547,2.0281330007492215
88.20020105999993,13,-66.87999725341797,-42.0,-6.0,0.5,1.965925000149582
88.20020105999993,15,395.239990234375,416.0,-26.0,1.1999999284744263,1.7530280001665233
88.20020105999993,17,-547.3699951171875,-522.0,-15.0,0.5099999904632568,1.892612999654375
88.30017188200054,11,59.64999771118164,83.0,-24.0,-3.549999952316284,2.058981000118365
88.30017188200054,13,-66.87999725341797,-45.0,-29.0,2.2300000190734863,2.01069299964729
88.30017188200054,15,395.239990234375,411.0,-54.0,3.049999952316284,1.836037000430224
88.30017188200054,17,-547.3699951171875,-525.0,-42.0,0.6800000071525574,1.8864360008592485
88.40023348900013,11,59.64999771118164,80.0,-43.0,-2.669999837875366,2.0699890001196763
88.40023348900013,13,-66.87999725341797,-47.0,-26.0,2.0199999809265137,1.9686120003825636
88.40023348900013,15,395.239990234375,404.0,-62.0,4.319999694824219,1.953221000803751
88.40023348900013,17,-547.3699951171875,-529.0,-52.0,0.3400000035762787,2.3824690006222227
88.50017391100027,11,59.64999771118164,75.0,-57.0,-2.0199999809265137,1.8868840006689425
88.50017391100027,13,-66.87999725341797,-52.0,-52.0,2.180000066757202,1.85728399992513
88.50017391100027,15,395.239990234375,399.0,-59.0,3.8499999046325684,1.6425639996668906
88.50017391100027,17,-547.3699951171875,-536.0,-72.0,0.550000011920929,1.8189160000474658
88.6002588450001,11,59.64999771118164,69.0,-55.0,-2.3499999046325684,1.8114600006811088
88.6002588450001,13,-66.87999725341797,-58.0,-61.0,2.2899999618530273,1.783075999810535
88.6002588450001,15,395.239990234375,393.0,-50.0,5.109999656677246,2.007011999921815
88.6002588450001,17,-547.3699951171875,-542.0,-53.0,1.0,2.3047730001053424
88.70019030700041,11,59.64999771118164,65.0,-36.0,-1.5299999713897705,1.8933480005216552
88.70019030700041,13,-66.87999725341797,-63.0,-51.0,0.5199999809265137,1.955013000042527
88.70019030700041,15,395.239990234375,389.0,-68.0,2.559999942779541,2.0160369995210203
88.70019030700041,17,-547.3699951171875,-546.0,-31.0,0.10999999940395355,1.9372520000615623
88.80020119300025,11,59.64999771118164,61.0,-20.0,-2.7899999618530273,1.95405300019047
88.80020119300025,13,-66.87999725341797,-68.0,-51.0,2.549999952316284,1.7593319998923107
88.80020119300025,15,395.239990234375,382.0,-46.0,6.339999675750732,2.0412849999047467
88.80020119300025,17,-547.3699951171875,-548.0,-21.0,1.2699999809265137,1.8154919998778496
88.90018814300038,11,59.64999771118164,60.0,-17.0,-3.490000009536743,1.9486130004224833
88.90018814300038,13,-66.87999725341797,-72.0,-27.0,4.710000038146973,1.9852529994750512
88.90018814300038,15,395.239990234375,381.0,1.0,8.609999656677246,1.7805160005082143
88.90018814300038,17,-547.3699951171875,-548.0,2.0,2.1499998569488525,2.0473009999477654
89.00016446900008,11,59.64999771118164,59.0,0.0,-2.379999876022339,1.8246120007461286
89.00016446900008,13,-66.87999725341797,-71.0,3.0,4.929999828338623,1.9652519995361217
89.00016446900008,15,395.239990234375,383.0,40.0,9.25,1.8870769999921322
89.00016446900008,17,-547.3699951171875,-548.0,9.0,2.0399999618530273,2.316901000085636
89.10015871399992,11,59.64999771118164,59.0,0.0,-3.309999942779541,2.0381160002216347
89.10015871399992,13,-66.87999725341797,-69.0,42.0,3.4600000381469727,1.879972000097041
89.10015871399992,15,395.239990234375,387.0,34.0,8.149999618530273,2.1096049995321664
89.10015871399992,17,-547.3699951171875,-547.0,6.0,1.309999942779541,2.7615420003712643
89.20016848000068,11,59.64999771118164,60.0,4.0,-1.1200000047683716,1.8112049992851098
89.20016848000068,13,-66.87999725341797,-66.0,27.0,0.5299999713897705,1.8614440004967037
89.20016848000068,15,395.239990234375,388.0,-14.0,2.950000047683716,2.0577649993356317
89.20016848000068,17,-547.3699951171875,-546.0,5.0,-0.19999998807907104,1.9803559998763376
89.30018051800016,11,59.64999771118164,60.0,5.0,-1.9900000095367432,2.0538609996947343
89.30018051800016,13,-66.87999725341797,-64.0,0.0,1.7300000190734863,1.9293479999760166
89.30018051800016,15,395.239990234375,387.0,0.0,5.259999752044678,1.716100000521692
89.30018051800016,17,-547.3699951171875,-547.0,-12.0,0.07000000029802322,1.7983719999392633
89.40020154800004,11,59.64999771118164,59.0,-3.0,-2.379999876022339,1.7889000000650412
89.40020154800004,13,-66.87999725341797,-64.0,0.0,2.299999952316284,1.8295079999006703
89.40020154800004,15,395.239990234375,387.0,1.0,6.009999752044678,1.8352049992245156
89.40020154800004,17,-547.3699951171875,-547.0,0.0,0.9399999976158142,2.0171250007479102
89.50016043300002,11,59.64999771118164,59.0,0.0,-1.5999999046325684,1.8882920003306936
89.50016043300002,13,-66.87999725341797,-64.0,-11.0,1.659999966621399,2.138341000318178
89.50016043300002,15,395.239990234375,388.0,15.0,6.009999752044678,2.86288700044679
89.50016043300002,17,-547.3699951171875,-547.0,3.0,0.7799999713897705,2.182980999350548
89.60017960700043,11,59.64999771118164,59.0,0.0,-1.5199999809265137,1.8088679998982116
89.60017960700043,13,-66.87999725341797,-66.0,-16.0,2.240000009536743,1.7040040002029855
89.60017960700043,15,395.239990234375,390.0,7.0,5.849999904632568,1.7640039995967527
89.60017960700043,17,-547.3699951171875,-547.0,0.0,0.9300000071525574,1.973475999875518
89.7001725730006,11,59.64999771118164,60.0,6.0,-1.090000033378601,1.8480039998394204
89.7001725730006,13,-66.87999725341797,-68.0,-5.0,1.1399999856948853,1.858340000580938
89.7001725730006,15,395.239990234375,389.0,-46.0,3.179999828338623,1.798147999579669
89.7001725730006,17,-547.3699951171875,-547.0,-3.0,0.5399999618530273,2.1451890006574104
89.80017075500018,11,59.64999771118164,60.0,8.0,-2.569999933242798,1.8825960005415254
89.80017075500018,13,-66.87999725341797,-68.0,-10.0,3.0399999618530273,1.7780839998522424
89.80017075500018,15,395.239990234375,385.0,-16.0,6.809999942779541,1.8248360001962283
89.80017075500018,17,-547.3699951171875,-547.0,-4.0,1.090000033378601,1.9662770000650198
89.90019204000055,11,59.64999771118164,60.0,-3.0,-2.690000057220459,1.9539559998520417
89.90019204000055,13,-66.87999725341797,-69.0,4.0,4.259999752044678,1.7585959994903533
89.90019204000055,15,395.239990234375,385.0,3.0,8.25,1.8894759996328503
89.90019204000055,17,-547.3699951171875,-548.0,0.0,1.6699999570846558,2.0961330001227907
90.00023633399996,11,34.64999771118164,59.0,2.0,-2.569999933242798,1.9454769999356358
90.00023633399996,13,-91.87999725341797,-68.0,13.0,3.819999933242798,2.3043250002956484
90.00023633399996,15,370.239990234375,386.0,20.0,7.789999961853027,1.6989790001389338
90.00023633399996,17,-572.3699951171875,-548.0,4.0,1.5299999713897705,1.966756999536301
90.10015758700047,11,34.64999771118164,59.0,-1.0,-2.669999837875366,1.7507560005469713
90.10015758700047,13,-91.87999725341797,-66.0,11.0,2.8999998569488525,1.7801320000216947
90.10015758700047,15,370.239990234375,388.0,25.0,6.849999904632568,1.8141800001103547
90.10015758700047,17,-572.3699951171875,-547.0,0.0,1.25,2.10416499976418
90.20016533700073,11,34.64999771118164,59.0,2.0,-1.409999966621399,2.004068999667652
90.20016533700073,13,-91.87999725341797,-66.0,-4.0,0.4099999964237213,1.9894440001735347
90.20016533700073,15,370.239990234375,390.0,-17.0,2.5299999713897705,1.9012209995707963
90.20016533700073,17,-572.3699951171875,-547.0,-1.0,-0.5399999618530273,1.9855090004057274
90.30017055799999,11,34.64999771118164,58.0,-14.0,-2.859999895095825,2.06086799971672
90.30017055799999,13,-91.87999725341797,-68.0,-30.0,1.0799999237060547,1.9093490000159363
90.30017055799999,15,370.239990234375,387.0,-28.0,4.5,1.8226279998998507
90.30017055799999,17,-572.3699951171875,-549.0,-17.0,-0.429999977350235,2.0875250002063694
90.4001809320007,11,34.64999771118164,55.0,-44.0,-3.1999998092651367,2.0624050002879812
90.4001809320007,13,-91.87999725341797,-71.0,-34.0,1.6299999952316284,2.029733000199485
90.4001809320007,15,370.239990234375,384.0,-26.0,5.089999675750732,1.9119090002277517
90.4001809320007,17,-572.3699951171875,-553.0,-52.0,0.3100000023841858,2.0530289993985207
90.50019751299988,11,34.64999771118164,50.0,-52.0,-2.7300000190734863,2.141316000233928
90.50019751299988,13,-91.87999725341797,-75.0,-38.0,0.3700000047683716,2.968167000290123
90.50019751299988,15,370.239990234375,382.0,-30.0,3.7799999713897705,1.9676530000651837
90.50019751299988,17,-572.3699951171875,-560.0,-80.0,0.03999999910593033,2.1039089997429983
90.60018734300047,11,34.64999771118164,44.0,-56.0,-4.029999732971191,2.1977010001137387
90.60018734300047,13,-91.87999725341797,-80.0,-54.0,-0.5999999642372131,1.9187569996574894
90.60018734300047,15,370.239990234375,377.0,-62.0,3.7799999713897705,1.9434919995546807
90.60018734300047,17,-572.3699951171875,-566.0,-58.0,-0.22999998927116394,1.897891999760759
90.70018898000035,11,34.64999771118164,40.0,-19.0,-3.8299999237060547,2.0965169996998156
90.70018898000035,13,-91.87999725341797,-85.0,-41.0,-0.6499999761581421,1.850531999480154
90.70018898000035,15,370.239990234375,369.0,-104.0,3.0899999141693115,2.05549299971608
90.70018898000035,17,-572.3699951171875,-570.0,-24.0,-0.9099999666213989,2.046149000307196
90.80020111400063,11,34.64999771118164,37.0,-31.0,-6.62999963760376,1.9094119998044334
90.80020111400063,13,-91.87999725341797,-90.0,-46.0,-0.14000000059604645,1.9133159994453308
90.80020111400063,15,370.239990234375,361.0,-45.0,4.769999980926514,1.7924200001289137
90.80020111400063,17,-572.3699951171875,-572.0,-10.0,-0.8700000047683716,2.1153010002308292
90.90024988700043,11,34.64999771118164,34.0,-28.0,-4.089999675750732,2.1185969999351073
90.90024988700043,13,-91.87999725341797,-94.0,-27.0,1.6200000047683716,2.1163249994060607
90.90024988700043,15,370.239990234375,359.0,-5.0,5.539999961853027,1.9733489998543519
90.90024988700043,17,-572.3699951171875,-573.0,3.0,-0.11999999731779099,1.937475999511662
91.00021968400051,11,34.64999771118164,33.0,14.0,-2.5299999713897705,1.8442279997543665
91.00021968400051,13,-91.87999725341797,-94.0,7.0,1.3199999332427979,2.0876850003332947
91.00021968400051,15,370.239990234375,360.0,29.0,5.769999980926514,1.8441009997332003
91.00021968400051,17,-572.3699951171875,-572.0,1.0,-0.12999999523162842,2.1474609993674676
91.10054416999992,11,34.64999771118164,35.0,0.0,-6.170000076293945,1.8975719995069085
91.10054416999992,13,-91.87999725341797,-92.0,21.0,0.35999998450279236,2.0180199999231263
91.10054416999992,15,370.239990234375,365.0,42.0,4.869999885559082,1.8678770002225065
91.10054416999992,17,-572.3699951171875,-572.0,1.0,-0.3100000023841858,1.8027880005320185
91.20016273500005,11,34.64999771118164,34.0,-6.0,-2.240000009536743,1.953732000401942
91.20016273500005,13,-91.87999725341797,-89.0,38.0,-1.399999976158142,2.0932529996571247
91.20016273500005,15,370.239990234375,368.0,4.0,1.6299999952316284,2.0300520000091637
91.20016273500005,17,-572.3699951171875,-572.0,1.0,-0.4399999976158142,1.8389810002190643
91.30023947600057,11,34.64999771118164,33.0,0.0,-1.899999976158142,2.127364999978454
91.30023947600057,13,-91.87999725341797,-88.0,-8.0,-1.1899999380111694,2.438245000121242
91.30023947600057,15,370.239990234375,368.0,1.0,2.0299999713897705,2.0479089998843847
91.30023947600057,17,-572.3699951171875,-572.0,0.0,-0.4699999988079071,1.9047730002057506
91.40016220100006,11,34.64999771118164,33.0,11.0,-1.8899999856948853,2.001316999667324
91.40016220100006,13,-91.87999725341797,-90.0,-26.0,-0.32999998331069946,1.8323570002394263
91.40016220100006,15,370.239990234375,367.0,-18.0,2.9600000381469727,2.0201650004310068
91.40016220100006,17,-572.3699951171875,-572.0,-1.0,-0.5399999618530273,2.035813000475173
91.50044108700058,11,34.64999771118164,35.0,12.0,-4.019999980926514,2.1692529999199905
91.50044108700058,13,-91.87999725341797,-93.0,-13.0,1.6299999952316284,2.195525000388443
91.50044108700058,15,370.239990234375,365.0,-23.0,5.279999732971191,1.9072040004175506
91.50044108700058,17,-572.3699951171875,-572.0,-2.0,0.04999999701976776,2.00349299939262
91.60017353900002,11,34.64999771118164,35.0,-4.0,-5.019999980926514,2.0186279998597456
91.60017353900002,13,-91.87999725341797,-93.0,3.0,2.5199999809265137,1.9513329998517293
91.60017353900002,15,370.239990234375,364.0,0.0,5.759999752044678,1.8487080005797907
91.60017353900002,17,-572.3699951171875,-572.0,0.0,0.08999999612569809,1.7450599998483085
91.70250395000039,11,34.64999771118164,34.0,5.0,-1.6899999380111694,1.8721320002441644
91.70250395000039,13,-91.87999725341797,-91.0,29.0,-0.32999998331069946,1.9614440006989753
91.70250395000039,15,370.239990234375,363.0,-29.0,2.690000057220459,1.931427999807056
91.70250395000039,17,-572.3699951171875,-572.0,3.0,-0.19999998807907104,3.282374999798776
91.80017937299999,11,34.64999771118164,35.0,3.0,-4.449999809265137,2.120453000316047
91.80017937299999,13,-91.87999725341797,-89.0,1.0,-1.5099999904632568,1.9464360002530157
91.80017937299999,15,370.239990234375,363.0,18.0,3.819999933242798,2.2514940001201467
91.80017937299999,17,-572.3699951171875,-572.0,0.0,-0.5299999713897705,1.8553639993115212
91.90019259500059,11,34.64999771118164,34.0,-11.0,-3.869999885559082,2.1909170000071754
91.90019259500059,13,-91.87999725341797,-90.0,-14.0,-1.8899999856948853,1.962628000001132
91.90019259500059,15,370.239990234375,366.0,22.0,3.2699999809265137,2.045988999270776
91.90019259500059,17,-572.3699951171875,-572.0,0.0,-0.8799999952316284,2.3326139998971485
92.0001852080004,11,9.64999771118164,34.0,2.0,-2.8899998664855957,1.8870120002247859
92.0001852080004,13,-116.87999725341797,-91.0,-11.0,-0.9599999785423279,2.0299879997764947
92.0001852080004,15,345.239990234375,366.0,0.0,3.669999837875366,1.8143719998988672
92.0001852080004,17,-597.3699951171875,-572.0,-1.0,-0.5999999642372131,1.899715999570617
92.10098886200012,11,9.64999771118164,35.0,0.0,-5.400000095367432,1.8689000007725554
92.10098886200012,13,-116.87999725341797,-92.0,-4.0,-0.08999999612569809,1.8300840001757024
92.10098886200012,15,345.239990234375,366.0,0.0,4.130000114440918,1.8575079993752297
92.10098886200012,17,-597.3699951171875,-572.0,0.0,-0.4699999988079071,1.7747249994499725
92.20017779299997,11,9.64999771118164,35.0,3.0,-3.179999828338623,1.9126119996144553
92.20017779299997,13,-116.87999725341797,-92.0,17.0,-1.1699999570846558,1.8618280000737286
92.20017779299997,15,345.239990234375,365.0,-32.0,1.5999999046325684,1.9077490005656728
92.20017779299997,17,-597.3699951171875,-572.0,1.0,-0.5799999833106995,1.8995239997821045
92.30018426200058,11,9.64999771118164,33.0,-33.0,-6.670000076293945,2.0047409998369403
92.30018426200058,13,-116.87999725341797,-91.0,-6.0,-3.1599998474121094,2.169573000173841
92.30018426200058,15,345.239990234375,362.0,-28.0,1.8899999856948853,2.061349000541668
92.30018426200058,17,-597.3699951171875,-573.0,-19.0,-2.069999933242798,1.9100839999737218
92.40016967500014,11,9.64999771118164,27.0,-63.0,-4.019999980926514,1.9734769994101953
92.40016967500014,13,-116.87999725341797,-94.0,-40.0,-4.21999979019165,1.8825320003088564
92.40016967500014,15,345.239990234375,360.0,-27.0,-0.07999999821186066,1.932355999997526
92.40016967500014,17,-597.3699951171875,-577.0,-58.0,-1.5899999141693115,1.9820210000034422
92.50017028799994,11,9.64999771118164,21.0,-47.0,-5.599999904632568,1.9938289997298853
92.50017028799994,13,-116.87999725341797,-99.0,-53.0,-4.809999942779541,2.16150899996137
92.50017028799994,15,345.239990234375,354.0,-65.0,0.019999999552965164,1.8840040002032765
92.50017028799994,17,-597.3699951171875,-584.0,-78.0,-1.9499999284744263,2.0681650003098184
92.60016795699994,11,9.64999771118164,16.0,-49.0,-7.489999771118164,1.8509800001993426
92.60016795699994,13,-116.87999725341797,-106.0,-76.0,-3.619999885559082,1.8568369996501133
92.60016795699994,15,345.239990234375,348.0,-57.0,1.149999976158142,1.7437160004192265
92.60016795699994,17,-597.3699951171875,-591.0,-54.0,-2.0799999237060547,1.8762919999062433
92.70017039300001,11,9.64999771118164,12.0,-27.0,-2.9099998474121094,1.8079399997077417
92.70017039300001,13,-116.87999725341797,-112.0,-45.0,-1.2899999618530273,1.8263410001964075
92.70017039300001,15,345.239990234375,343.0,-56.0,1.3199999332427979,1.8905639999502455
92.70017039300001,17,-597.3699951171875,-596.0,-31.0,-0.8399999737739563,1.9816049998553353
92.8001988140004,11,9.64999771118164,10.0,-21.0,-9.09999942779541,1.828452000154357
92.8001988140004,13,-116.87999725341797,-116.0,-28.0,-3.9599997997283936,1.8294769997737603
92.8001988140004,15,345.239990234375,341.0,6.0,0.8700000047683716,1.9577330003812676
92.8001988140004,17,-597.3699951171875,-598.0,-25.0,-1.75,1.98480400013068
92.90018825900006,11,9.64999771118164,7.0,-29.0,-5.339999675750732,2.0656369997595903
92.90018825900006,13,-116.87999725341797,-120.0,-37.0,-5.299999713897705,1.8820839995896677
92.90018825900006,15,345.239990234375,344.0,45.0,-0.9899999499320984,1.8543079995652079
92.90018825900006,17,-597.3699951171875,-598.0,0.0,-1.6999999284744263,2.861477999431372
93.00017805600055,11,9.64999771118164,6.0,17.0,-2.8299999237060547,1.8981479997819406
93.00017805600055,13,-116.87999725341797,-123.0,-32.0,-4.699999809265137,2.047269000286178
93.00017805600055,15,345.239990234375,347.0,6.0,-1.4399999380111694,1.9327079999129637
93.00017805600055,17,-597.3699951171875,-598.0,18.0,-1.0699999332427979,1.9731889997274266
93.10016714800076,11,9.64999771118164,9.0,17.0,-6.349999904632568,1.9103720005659852
93.10016714800076,13,-116.87999725341797,-125.0,-22.0,-3.8999998569488525,2.118403999702423
93.10016714800076,15,345.239990234375,346.0,-16.0,-0.550000011920929,1.8163249997087405
93.10016714800076,17,-597.3699951171875,-597.0,1.0,-1.1999999284744263,2.103365000039048
93.20019272100035,11,9.64999771118164,10.0,10.0,-2.929999828338623,1.8465650000507594
93.20019272100035,13,-116.87999725341797,-125.0,9.0,-0.8799999952316284,1.8535720000727451
93.20019272100035,15,345.239990234375,343.0,-39.0,1.0699999332427979,1.8079719993693288
93.20019272100035,17,-597.3699951171875,-597.0,2.0,-0.29999998211860657,2.036580999629223
93.30016891700052,11,9.64999771118164,10.0,0.0,-6.299999713897705,2.0843239999521757
93.30016891700052,13,-116.87999725341797,-124.0,23.0,-2.6399998664855957,1.9656360000226414
93.30016891700052,15,345.239990234375,343.0,8.0,0.9599999785423279,1.7965799997909926
93.30016891700052,17,-597.3699951171875,-596.0,8.0,-1.8399999141693115,1.9756840001718956
93.400184954,11,9.64999771118164,10.0,-14.0,-5.029999732971191,1.9897009997293935
93.400184954,13,-116.87999725341797,-121.0,23.0,-3.169999837875366,1.9990760001746821
93.400184954,15,345.239990234375,344.0,14.0,-0.019999999552965164,2.203044999987469
93.400184954,17,-597.3699951171875,-596.0,0.0,-2.309999942779541,2.1004210002502077
93.5001744300007,11,9.64999771118164,9.0,1.0,-4.759999752044678,1.9528359998730593
93.5001744300007,13,-116.87999725341797,-118.0,36.0,-4.299999713897705,2.047076999588171
93.5001744300007,15,345.239990234375,346.0,7.0,-0.6499999761581421,1.9865330004904536
93.5001744300007,17,-597.3699951171875,-596.0,0.0,-2.6599998474121094,4.555625999273616
93.60018304300047,11,9.64999771118164,9.0,0.0,-5.960000038146973,1.9690609997269348
93.60018304300047,13,-116.87999725341797,-115.0,23.0,-5.769999980926514,1.881252999737626
93.60018304300047,15,345.239990234375,346.0,1.0,-0.9199999570846558,1.8022120002569864
93.60018304300047,17,-597.3699951171875,-596.0,-2.0,-2.8999998569488525,2.046276000328362
93.7001379910007,11,9.64999771118164,10.0,16.0,-3.1599998474121094,2.0279079999454552
93.7001379910007,13,-116.87999725341797,-113.0,31.0,-2.25,2.0361000006232643
93.7001379910007,15,345.239990234375,346.0,-4.0,0.0,2.097797000715218
93.7001379910007,17,-597.3699951171875,-596.0,5.0,-0.949999988079071,1.774692000253708
93.8001695160001,11,9.64999771118164,11.0,0.0,-9.149999618530273,2.0066289998794673
93.8001695160001,13,-116.87999725341797,-113.0,0.0,-4.949999809265137,1.8522600003052503
93.8001695160001,15,345.239990234375,346.0,7.0,-1.0,1.8104050004694727
93.8001695160001,17,-597.3699951171875,-596.0,0.0,-2.0399999618530273,2.0861809998677927
93.90016337700035,11,9.64999771118164,9.0,-31.0,-5.329999923706055,2.0402609998200205
93.90016337700035,13,-116.87999725341797,-113.0,-6.0,-6.170000076293945,1.8170600005760207
93.90016337700035,15,345.239990234375,346.0,5.0,-1.46999990940094,1.8302120006410405
93.90016337700035,17,-597.3699951171875,-596.0,-2.0,-2.619999885559082,2.0432359997357707
94.00015880499996,11,-15.35000228881836,9.0,15.0,-4.789999961853027,1.9222769997213618
94.00015880499996,13,-141.87999725341797,-114.0,-8.0,-6.289999961853027,2.00256499920215
94.00015880499996,15,320.239990234375,347.0,-2.0,-1.5099999904632568,2.0277170006011147
94.00015880499996,17,-622.3699951171875,-596.0,-9.0,-1.9399999380111694,1.8152040001950809
94.10018210500039,11,-15.35000228881836,10.0,0.0,-6.489999771118164,1.8373800003246288
94.10018210500039,13,-141.87999725341797,-115.0,-8.0,-5.449999809265137,1.8467250001776847
94.10018210500039,15,320.239990234375,346.0,-5.0,-1.3299999237060547,2.023940999606566
94.10018210500039,17,-622.3699951171875,-597.0,-5.0,-1.7699999809265137,1.880452000477817
94.2001861409999,11,-15.35000228881836,9.0,11.0,-2.200000047683716,1.8233319997307262
94.2001861409999,13,-141.87999725341797,-115.0,35.0,-1.959999918937683,1.8824680000761873
94.2001861409999,15,320.239990234375,346.0,-2.0,-0.04999999701976776,1.9862449998981901
94.2001861409999,17,-622.3699951171875,-597.0,-3.0,-0.6399999856948853,1.852003999374574
94.30018541000027,11,-15.35000228881836,10.0,-1.0,-10.139999389648438,1.9048039994231658
94.30018541000027,13,-141.87999725341797,-114.0,1.0,-5.420000076293945,1.7800679997890256
94.30018541000027,15,320.239990234375,346.0,4.0,-2.119999885559082,1.998404999540071
94.30018541000027,17,-622.3699951171875,-599.0,-22.0,-3.0799999237060547,1.8429490000926307
94.40017607000027,11,-15.35000228881836,5.0,-67.0,-6.649999618530273,1.937988999998197
94.40017607000027,13,-141.87999725341797,-115.0,-32.0,-8.40999984741211,1.8523239996284246
94.40017607000027,15,320.239990234375,345.0,-28.0,-4.110000133514404,2.009380999879795
94.40017607000027,17,-622.3699951171875,-604.0,-66.0,-3.1499998569488525,1.9462440004645032
94.50016864999998,11,-15.35000228881836,0.0,-32.0,-7.349999904632568,1.9598770004449761
94.50016864999998,13,-141.87999725341797,-121.0,-76.0,-8.90999984741211,1.8736689999059308
94.50016864999998,15,320.239990234375,339.0,-78.0,-4.539999961853027,1.8271079998157802
94.50016864999998,17,-622.3699951171875,-612.0,-76.0,-2.429999828338623,1.8039079996015062
94.6001791180006,11,-15.35000228881836,-3.0,-71.0,-12.229999542236328,1.9694440006787772
94.6001791180006,13,-141.87999725341797,-130.0,-94.0,-6.96999979019165,1.9052199995712726
94.6001791180006,15,320.239990234375,330.0,-86.0,-3.0,2.0648689996960456
94.6001791180006,17,-622.3699951171875,-618.0,-44.0,-2.7200000286102295,2.0948839992342982
94.7001871550001,11,-15.35000228881836,-10.0,-51.0,-3.299999952316284,1.9719080000868416
94.7001871550001,13,-141.87999725341797,-136.0,-31.0,-2.3299999237060547,1.8528360005802824
94.7001871550001,15,320.239990234375,323.0,-65.0,0.7899999618530273,2.0153010000285576
94.7001871550001,17,-622.3699951171875,-622.0,-31.0,-1.090000033378601,1.8951410002046032
94.8001869030004,11,-15.35000228881836,-17.0,-42.0,-7.539999961853027,1.811907999581308
94.8001869030004,13,-141.87999725341797,-140.0,-19.0,-6.869999885559082,1.9991409999420284
94.8001869030004,15,320.239990234375,321.0,0.0,-2.3999998569488525,1.7610280001463252
94.8001869030004,17,-622.3699951171875,-625.0,-11.0,-1.309999942779541,2.0120039998801076
94.90018671500002,11,-15.35000228881836,-23.0,-70.0,-8.84999942779541,2.0130290004090057
94.90018671500002,13,-141.87999725341797,-143.0,-48.0,-9.59999942779541,1.8323879994568415
94.90018671500002,15,320.239990234375,322.0,11.0,-4.599999904632568,1.8352679999225074
94.90018671500002,17,-622.3699951171875,-625.0,-7.0,-1.149999976158142,2.081636999719194
95.00017414300055,11,-15.35000228881836,-28.0,-40.0,-4.110000133514404,2.045700999588007
95.00017414300055,13,-141.87999725341797,-151.0,-97.0,-5.569999694824219,2.3901499998828513
95.00017414300055,15,320.239990234375,323.0,-7.0,-3.5799999237060547,1.9731250004042522
95.00017414300055,17,-622.3699951171875,-625.0,24.0,-0.3700000047683716,2.14598799993837
95.10017395500017,11,-15.35000228881836,-30.0,-8.0,-2.5799999237060547,2.0795569998881547
95.10017395500017,13,-141.87999725341797,-158.0,-47.0,-0.10999999940395355,1.8570600004750304
95.10017395500017,15,320.239990234375,318.0,-82.0,4.610000133514404,1.9825959998343023
95.10017395500017,17,-622.3699951171875,-623.0,17.0,-0.04999999701976776,2.0458290000533452
95.2001848710006,11,-15.35000228881836,-30.0,12.0,-1.090000033378601,1.837316999626637
95.2001848710006,13,-141.87999725341797,-158.0,3.0,-0.09999999403953552,1.793411999642558
95.2001848710006,15,320.239990234375,316.0,5.0,0.6200000047683716,1.881763999335817
95.2001848710006,17,-622.3699951171875,-622.0,3.0,-0.3799999952316284,1.8512369997552014
95.30019220300073,11,-15.35000228881836,-29.0,14.0,-1.909999966621399,1.8545329994594795
95.30019220300073,13,-141.87999725341797,-156.0,24.0,-1.1100000143051147,1.802468000278168
95.30019220300073,15,320.239990234375,319.0,32.0,-0.32999998331069946,1.9393010006751865
95.30019220300073,17,-622.3699951171875,-622.0,0.0,-0.5099999904632568,1.7824679998739157
95.40018158300063,11,-15.35000228881836,-26.0,33.0,-1.6999999284744263,1.8918129999292432
95.40018158300063,13,-141.87999725341797,-152.0,35.0,-1.7999999523162842,1.8604840006446466
95.40018158300063,15,320.239990234375,321.0,2.0,-0.699999988079071,1.7163880002044607
95.40018158300063,17,-622.3699951171875,-622.0,-1.0,-0.4699999988079071,2.075843999591598
95.50018193899996,11,-15.35000228881836,-21.0,53.0,-3.25,1.8635249998624204
95.50018193899996,13,-141.87999725341797,-148.0,51.0,-2.119999885559082,2.0817650001845323
95.50018193899996,15,320.239990234375,321.0,-1.0,-0.6200000047683716,2.1677810000255704
95.50018193899996,17,-622.3699951171875,-622.0,0.0,-0.6399999856948853,2.016483999796037
95.60020536699994,11,-15.35000228881836,-17.0,29.0,-4.670000076293945,1.9320999999763444
95.60020536699994,13,-141.87999725341797,-142.0,61.0,-5.039999961853027,1.873860000159766
95.60020536699994,15,320.239990234375,322.0,23.0,-2.4099998474121094,1.7954599998120102
95.60020536699994,17,-622.3699951171875,-622.0,1.0,-0.8899999856948853,2.023940000071889
95.70017740300045,11,-15.35000228881836,-13.0,63.0,-4.639999866485596,1.9889320001311717
95.70017740300045,13,-141.87999725341797,-135.0,111.0,-3.4800000190734863,1.9653800000014598
95.70017740300045,15,320.239990234375,325.0,42.0,-0.25,1.8422760003886651
95.70017740300045,17,-622.3699951171875,-622.0,1.0,-0.29999998211860657,2.0052850004503853
95.80019151900069,11,-15.35000228881836,-12.0,7.0,-10.170000076293945,1.9640359996628831
95.80019151900069,13,-141.87999725341797,-129.0,55.0,-9.220000267028809,1.8601960000523832
95.80019151900069,15,320.239990234375,331.0,56.0,-4.139999866485596,2.1067879997644923
95.80019151900069,17,-622.3699951171875,-621.0,3.0,-1.3299999237060547,2.014116999816906
95.90016550600012,11,-15.35000228881836,-13.0,-31.0,-10.569999694824219,1.8625960001372732
95.90016550600012,13,-141.87999725341797,-126.0,-6.0,-12.050000190734863,1.795429000594595
95.90016550600012,15,320.239990234375,335.0,20.0,-6.899999618530273,1.858724000157963
95.90016550600012,17,-622.3699951171875,-621.0,-2.0,-1.5999999046325684,1.971972999854188
96.00016208600027,11,9.64999771118164,-15.0,-4.0,-8.079999923706055,1.8944680005006376
96.00016208600027,13,-116.87999725341797,-130.0,-65.0,-10.170000076293945,1.8824680000761873
96.00016208600027,15,345.239990234375,332.0,-60.0,-6.059999942779541,1.8083570003000204
96.00016208600027,17,-597.3699951171875,-622.0,-5.0,-1.059999942779541,1.7947559999811347
96.10017853800036,11,9.64999771118164,-15.0,1.0,-8.920000076293945,2.092933000312769
96.10017853800036,13,-116.87999725341797,-136.0,-56.0,-7.730000019073486,1.9816680005533271
96.10017853800036,15,345.239990234375,324.0,-68.0,-3.629999876022339,2.074852999612631
96.10017853800036,17,-597.3699951171875,-622.0,-1.0,-1.2699999809265137,1.8679400000110036
96.2002355020004,11,9.64999771118164,-15.0,20.0,-4.559999942779541,2.0602610002242727
96.2002355020004,13,-116.87999725341797,-139.0,12.0,-2.819999933242798,1.9117810006719083
96.2002355020004,15,345.239990234375,321.0,-6.0,-0.26999998092651367,1.9512689996190602
96.2002355020004,17,-597.3699951171875,-622.0,8.0,-0.26999998092651367,2.056548999462393
96.30018641700008,11,9.64999771118164,-16.0,0.0,-7.909999847412109,1.8828840002242941
96.30018641700008,13,-116.87999725341797,-140.0,1.0,-6.319999694824219,1.923843999975361
96.30018641700008,15,345.239990234375,324.0,54.0,-3.559999942779541,1.8405490000077407
96.30018641700008,17,-597.3699951171875,-620.0,29.0,-0.14000000059604645,2.0462449992919574
96.40017922100014,11,9.64999771118164,-17.0,-5.0,-6.190000057220459,1.9919409996873583
96.40017922100014,13,-116.87999725341797,-140.0,-15.0,-8.289999961853027,1.8314290000489564
96.40017922100014,15,345.239990234375,329.0,34.0,-3.9599997997283936,1.7571879998286022
96.40017922100014,17,-597.3699951171875,-616.0,52.0,-0.5,1.890819999971427
96.50017845599996,11,9.64999771118164,-16.0,21.0,-2.319999933242798,1.9091880003543338
96.50017845599996,13,-116.87999725341797,-145.0,-56.0,-2.8899998664855957,1.6930599995248485
96.50017845599996,15,345.239990234375,331.0,8.0,-1.1299999952316284,1.9267240004410269
96.50017845599996,17,-597.3699951171875,-609.0,76.0,0.05999999865889549,1.9334759999765083
96.60016114800055,11,9.64999771118164,-12.0,45.0,-2.869999885559082,2.0545970000966918
96.60016114800055,13,-116.87999725341797,-147.0,5.0,1.0199999809265137,2.0073650002814247
96.60016114800055,15,345.239990234375,332.0,18.0,2.3399999141693115,1.8192679999629036
96.60016114800055,17,-597.3699951171875,-603.0,53.0,0.14999999105930328,1.8766120001600939
96.70017769600054,11,9.64999771118164,-6.0,69.0,-1.8499999046325684,1.9737009997697896
96.70017769600054,13,-116.87999725341797,-142.0,64.0,0.17000000178813934,1.7628839996177703
96.70017769600054,15,345.239990234375,335.0,20.0,1.9399999380111694,2.003139999942505
96.70017769600054,17,-597.3699951171875,-598.0,42.0,-0.6499999761581421,2.055333000498649
96.80017488300018,11,9.64999771118164,0.0,73.0,-6.869999885559082,1.8092520003847312
96.80017488300018,13,-116.87999725341797,-131.0,104.0,-4.089999675750732,1.8357480003032833
96.80017488300018,15,345.239990234375,341.0,68.0,-0.8299999833106995,1.7780840007617371
96.80017488300018,17,-597.3699951171875,-596.0,22.0,-1.8799999952316284,1.8817000000126427
96.90017018300023,11,9.64999771118164,5.0,23.0,-7.440000057220459,1.9938929999625543
96.90017018300023,13,-116.87999725341797,-122.0,74.0,-7.940000057220459,1.7733479999151314
96.90017018300023,15,345.239990234375,347.0,43.0,-2.25,1.8861479993574903
96.90017018300023,17,-597.3699951171875,-595.0,0.0,-2.93999981880188,1.880867999716429
97.0001954670006,11,9.64999771118164,7.0,18.0,-4.579999923706055,2.0336359993962105
97.0001954670006,13,-116.87999725341797,-120.0,5.0,-6.089999675750732,2.151108000362001
97.0001954670006,15,345.239990234375,348.0,-2.0,-2.319999933242798,1.8237159993077512
97.0001954670006,17,-597.3699951171875,-596.0,-3.0,-2.9099998474121094,2.0464369999899645
97.10018225400017,11,9.64999771118164,9.0,17.0,-6.619999885559082,1.8979559999934281
97.10018225400017,13,-116.87999725341797,-119.0,11.0,-4.179999828338623,2.1130609993633698
97.10018225400017,15,345.239990234375,345.0,-29.0,-0.17000000178813934,1.8580530004328466
97.10018225400017,17,-597.3699951171875,-596.0,-10.0,-2.5999999046325684,2.0808369999940624
97.20019892900018,11,9.64999771118164,11.0,33.0,-4.0,2.1223079993433203
97.20019892900018,13,-116.87999725341797,-117.0,54.0,-1.5,1.9504359997881693
97.20019892900018,15,345.239990234375,343.0,-22.0,1.2799999713897705,2.0889010002065334
97.20019892900018,17,-597.3699951171875,-597.0,0.0,-0.7299999594688416,1.8893800006480888
97.30017889999999,11,9.64999771118164,11.0,0.0,-9.069999694824219,1.8773800002236385
97.30017889999999,13,-116.87999725341797,-113.0,30.0,-5.329999923706055,1.7883239997900091
97.30017889999999,15,345.239990234375,344.0,25.0,0.14000000059604645,1.8427559998599463
97.30017889999999,17,-597.3699951171875,-596.0,21.0,-2.569999933242798,1.8653810002433602
97.40016773600018,11,9.64999771118164,9.0,-32.0,-5.5,1.9410280001466163
97.40016773600018,13,-116.87999725341797,-112.0,1.0,-7.019999980926514,1.7599080001673428
97.40016773600018,15,345.239990234375,346.0,24.0,-1.659999966621399,1.949444000274525
97.40016773600018,17,-597.3699951171875,-596.0,-3.0,-2.7100000381469727,2.2027570003047003
97.5001979790004,11,9.64999771118164,8.0,3.0,-3.6499998569488525,1.898787999380147
97.5001979790004,13,-116.87999725341797,-113.0,-17.0,-7.099999904632568,2.0172840004306636
97.5001979790004,15,345.239990234375,347.0,1.0,-1.5799999237060547,1.7951720001292415
97.5001979790004,17,-597.3699951171875,-596.0,-5.0,-2.6499998569488525,2.9407100000753417
97.6002060790006,11,9.64999771118164,9.0,0.0,-4.690000057220459,1.998949000153516
97.6002060790006,13,-116.87999725341797,-116.0,-29.0,-5.230000019073486,1.822852000259445
97.6002060790006,15,345.239990234375,347.0,-3.0,-1.8899999856948853,1.7529959995954414
97.6002060790006,17,-597.3699951171875,-597.0,-11.0,-1.059999942779541,2.0210920001773047
97.7001731220007,11,9.64999771118164,9.0,13.0,-1.2899999618530273,1.918596999530564
97.7001731220007,13,-116.87999725341797,-116.0,27.0,-1.7699999809265137,2.0158450006420026
97.7001731220007,15,345.239990234375,346.0,-1.0,-0.05999999865889549,1.9918129992220202
97.7001731220007,17,-597.3699951171875,-597.0,6.0,-0.1899999976158142,1.9142769997415598
97.80018016500071,11,9.64999771118164,10.0,6.0,-4.889999866485596,1.912579999952868
97.80018016500071,13,-116.87999725341797,-115.0,30.0,-3.619999885559082,1.8175080003857147
97.80018016500071,15,345.239990234375,346.0,2.0,-0.7599999904632568,1.8687719993977225
97.80018016500071,17,-597.3699951171875,-596.0,9.0,-1.1200000047683716,1.7354920000798302
97.90019687200038,11,9.64999771118164,10.0,-8.0,-4.96999979019165,1.9311399992147926
97.90019687200038,13,-116.87999725341797,-113.0,14.0,-5.789999961853027,1.9609970004239585
97.90019687200038,15,345.239990234375,347.0,11.0,-1.5299999713897705,1.9902770000044256
97.90019687200038,17,-597.3699951171875,-596.0,1.0,-2.0199999809265137,1.9034280003324966
98.00017735600068,11,34.64999771118164,9.0,1.0,-4.559999942779541,2.048485000159417
98.00017735600068,13,-91.87999725341797,-113.0,-3.0,-6.909999847412109,1.8476209997970727
98.00017735600068,15,370.239990234375,347.0,-1.0,-1.959999918937683,1.8051239994747448
98.00017735600068,17,-572.3699951171875,-596.0,0.0,-2.5999999046325684,1.8172199997934513
98.10016027100028,11,34.64999771118164,10.0,4.0,-7.199999809265137,1.8510120007704245
98.10016027100028,13,-91.87999725341797,-115.0,-33.0,-5.449999809265137,1.951844000359415
98.10016027100028,15,370.239990234375,346.0,-9.0,-1.25,1.7710439997244976
98.10016027100028,17,-572.3699951171875,-596.0,-2.0,-2.740000009536743,1.962084999831859
98.20017278600062,11,34.64999771118164,11.0,35.0,-3.559999942779541,2.0492530002229614
98.20017278600062,13,-91.87999725341797,-116.0,20.0,-2.180000066757202,1.778339999873424
98.20017278600062,15,370.239990234375,343.0,-43.0,1.1299999952316284,1.9507560000420199
98.20017278600062,17,-572.3699951171875,-596.0,7.0,-1.2999999523162842,1.971172000594379
98.30015538099997,11,34.64999771118164,12.0,20.0,-7.139999866485596,1.9008039998880122
98.30015538099997,13,-91.87999725341797,-116.0,0.0,-3.299999952316284,1.9824049995804671
98.30015538099997,15,370.239990234375,341.0,2.0,1.309999942779541,1.945220000379777
98.30015538099997,17,-572.3699951171875,-595.0,8.0,-1.309999942779541,1.9279730004200246
98.40020399200057,11,34.64999771118164,14.0,11.0,-4.110000133514404,1.9178610000381013
98.40020399200057,13,-91.87999725341797,-116.0,0.0,-3.4700000286102295,1.9073639996349812
98.40020399200057,15,370.239990234375,344.0,45.0,0.5,2.1153650004634983
98.40020399200057,17,-572.3699951171875,-593.0,39.0,-1.409999966621399,2.005476999329403
98.50018175500009,11,34.64999771118164,18.0,60.0,-2.3899998664855957,2.09821299995383
98.50018175500009,13,-91.87999725341797,-116.0,11.0,-2.3399999141693115,1.954180000211636
98.50018175500009,15,370.239990234375,349.0,53.0,0.6200000047683716,1.8348200001128134
98.50018175500009,17,-572.3699951171875,-588.0,56.0,-0.6299999952316284,1.9122280000374303
98.60017065400007,11,34.64999771118164,25.0,63.0,-4.909999847412109,1.9265010005256045
98.60017065400007,13,-91.87999725341797,-113.0,30.0,-0.8100000023841858,1.98477300000377
98.60017065400007,15,370.239990234375,354.0,44.0,3.2899999618530273,1.7577640001036343
98.60017065400007,17,-572.3699951171875,-581.0,71.0,-0.9300000071525574,1.9209000001865206
98.70018348900066,11,34.64999771118164,29.0,52.0,-1.1899999380111694,1.863395999862405
98.70018348900066,13,-91.87999725341797,-109.0,45.0,0.11999999731779099,1.789732000361255
98.70018348900066,15,370.239990234375,358.0,14.0,2.109999895095825,1.880900000287511
98.70018348900066,17,-572.3699951171875,-576.0,40.0,-0.09999999403953552,1.917667999805417
98.80018966800071,11,34.64999771118164,33.0,37.0,-3.4700000286102295,1.8627890003699576
98.80018966800071,13,-91.87999725341797,-103.0,62.0,-0.5600000023841858,2.03344500005187
98.80018966800071,15,370.239990234375,360.0,36.0,3.6399998664855957,1.9899250000889879
98.80018966800071,17,-572.3699951171875,-572.0,34.0,-0.9199999570846558,1.7620200005694642
98.90017226300006,11,34.64999771118164,34.0,0.0,-3.109999895095825,1.9933170005970169
98.90017226300006,13,-91.87999725341797,-97.0,50.0,-0.8700000047683716,1.999077000618854
98.90017226300006,15,370.239990234375,364.0,36.0,3.379999876022339,1.74217900075746
98.90017226300006,17,-572.3699951171875,-572.0,0.0,-0.4599999785423279,1.9156199996359646
99.00020903400036,11,34.64999771118164,34.0,1.0,-1.9900000095367432,1.956389000042691
99.00020903400036,13,-91.87999725341797,-93.0,38.0,-1.9499999284744263,2.066981000098167
99.00020903400036,15,370.239990234375,367.0,24.0,2.859999895095825,1.9984370001111529
99.00020903400036,17,-572.3699951171875,-572.0,0.0,-0.6699999570846558,2.0232360002410132
99.10016391699992,11,34.64999771118164,34.0,4.0,-3.68999981880188,1.9410279992371215
99.10016391699992,13,-91.87999725341797,-91.0,11.0,-2.509999990463257,1.816611999856832
99.10016391699992,15,370.239990234375,368.0,4.0,2.859999895095825,1.8023410002570017
99.10016391699992,17,-572.3699951171875,-572.0,0.0,-0.8899999856948853,1.84118800007127
99.20019582300029,11,34.64999771118164,35.0,21.0,-2.440000057220459,1.98720400021557
99.20019582300029,13,-91.87999725341797,-90.0,11.0,-1.159999966621399,1.718787999379856
99.20019582300029,15,370.239990234375,367.0,-29.0,1.6299999952316284,1.827076000154193
99.20019582300029,17,-572.3699951171875,-572.0,6.0,-0.5399999618530273,2.1280049995766603
99.30017966600008,11,34.64999771118164,36.0,3.0,-6.929999828338623,1.9684210001287283
99.30017966600008,13,-91.87999725341797,-91.0,-11.0,-0.7899999618530273,1.8816050005625584
99.30017966600008,15,370.239990234375,364.0,-13.0,4.509999752044678,1.8848039999284083
99.30017966600008,17,-572.3699951171875,-572.0,-1.0,-0.5399999618530273,2.0619569995687925
99.4001616530004,11,34.64999771118164,34.0,-16.0,-5.299999713897705,2.009797000027902
99.4001616530004,13,-91.87999725341797,-92.0,-6.0,0.5299999713897705,1.9868210001732223
99.4001616530004,15,370.239990234375,364.0,-2.0,4.980000019073486,1.7790440006137942
99.4001616530004,17,-572.3699951171875,-572.0,-4.0,-0.11999999731779099,1.978757000870246
99.50024488800045,11,34.64999771118164,34.0,3.0,-2.419999837875366,2.026853000643314
99.50024488800045,13,-91.87999725341797,-92.0,10.0,0.38999998569488525,1.9745009994949214
99.50024488800045,15,370.239990234375,364.0,12.0,4.829999923706055,1.7521639992992277
99.50024488800045,17,-572.3699951171875,-572.0,0.0,-0.14999999105930328,1.9936039998356136
99.60016831400026,11,34.64999771118164,34.0,2.0,-4.279999732971191,1.8956200001412071
99.60016831400026,13,-91.87999725341797,-91.0,17.0,-1.4199999570846558,1.8432999995638966
99.60016831400026,15,370.239990234375,366.0,31.0,3.43999981880188,1.7569000001458335
99.60016831400026,17,-572.3699951171875,-572.0,3.0,-0.5600000023841858,1.9707569999809493
99.70017641300001,11,34.64999771118164,34.0,10.0,-0.7899999618530273,2.0194930002617184
99.70017641300001,13,-91.87999725341797,-89.0,24.0,-1.2899999618530273,1.9015080006283824
99.70017641300001,15,370.239990234375,370.0,18.0,1.0399999618530273,2.0167080001556315
99.70017641300001,17,-572.3699951171875,-572.0,3.0,-0.41999998688697815,1.9728360002773115
99.80016620800052,11,34.64999771118164,35.0,12.0,-3.299999952316284,2.19168500007072
99.80016620800052,13,-91.87999725341797,-89.0,-10.0,-1.8899999856948853,1.9816359999822453
99.80016620800052,15,370.239990234375,370.0,0.0,2.2300000190734863,1.813667999158497
99.80016620800052,17,-572.3699951171875,-572.0,0.0,-0.5199999809265137,1.9085809999523917
99.90017977800017,11,34.64999771118164,35.0,-8.0,-3.7200000286102295,1.9490920003590873
99.90017977800017,13,-91.87999725341797,-92.0,-17.0,-0.009999999776482582,2.0748200004163664
99.90017977800017,15,370.239990234375,369.0,-23.0,3.4700000286102295,1.8488689993318985
99.90017977800017,17,-572.3699951171875,-572.0,-3.0,-0.3100000023841858,1.8526439998822752
100.00017008500072,11,59.64999771118164,34.0,1.0,-2.569999933242798,2.1224370002528303
100.00017008500072,13,-66.87999725341797,-93.0,-7.0,1.7799999713897705,2.205316999607021
100.00017008500072,15,395.239990234375,365.0,-37.0,5.289999961853027,1.8503090004742262
100.00017008500072,17,-547.3699951171875,-572.0,0.0,-0.029999999329447746,1.924291999785055
100.10016832700057,11,59.64999771118164,35.0,6.0,-5.319999694824219,1.9586280004659784
100.10016832700057,13,-66.87999725341797,-93.0,0.0,2.7300000190734863,2.125029000126233
100.10016832700057,15,395.239990234375,363.0,0.0,6.029999732971191,1.8462440002622316
100.10016832700057,17,-547.3699951171875,-572.0,0.0,0.05999999865889549,1.773220000359288
100.20019505000073,11,59.64999771118164,35.0,15.0,-1.909999966621399,1.9392049998714356
100.20019505000073,13,-66.87999725341797,-92.0,5.0,0.7099999785423279,2.032356999734475
100.20019505000073,15,395.239990234375,363.0,-21.0,1.9499999284744263,1.913443999910669
100.20019505000073,17,-547.3699951171875,-572.0,11.0,-0.6200000047683716,1.9188850001228275
100.30016756400073,11,59.64999771118164,35.0,8.0,-3.2899999618530273,1.9874599993272568
100.30016756400073,13,-66.87999725341797,-89.0,26.0,0.2800000011920929,1.8409960002827574
100.30016756400073,15,395.239990234375,362.0,1.0,4.679999828338623,1.9136680002702633
100.30016756400073,17,-547.3699951171875,-571.0,23.0,0.09999999403953552,2.1417970001493813
100.40019025499987,11,59.64999771118164,36.0,15.0,-2.240000009536743,1.9586609996622428
100.40019025499987,13,-66.87999725341797,-86.0,33.0,2.569999933242798,2.081093000015244
100.40019025499987,15,395.239990234375,364.0,35.0,7.099999904632568,1.8423080000502523
100.40019025499987,17,-547.3699951171875,-567.0,47.0,0.4899999797344208,1.9317810001666658
100.50017595300051,11,59.64999771118164,40.0,46.0,-2.5399999618530273,2.0434609996300424
100.50017595300051,13,-66.87999725341797,-81.0,52.0,4.599999904632568,2.0276840004953556
100.50017595300051,15,395.239990234375,370.0,72.0,8.34000015258789,2.0247410002411925
100.50017595300051,17,-547.3699951171875,-561.0,73.0,1.0099999904632568,1.825220000682748
100.60020165200058,11,59.64999771118164,45.0,55.0,-3.1599998474121094,1.7583400003786664
100.60020165200058,13,-66.87999725341797,-74.0,73.0,2.990000009536743,2.004644000408007
100.60020165200058,15,395.239990234375,378.0,83.0,7.980000019073486,1.8946279997180682
100.60020165200058,17,-547.3699951171875,-554.0,62.0,0.9300000071525574,2.046852000603394
100.70018728600007,11,59.64999771118164,51.0,65.0,-0.8899999856948853,1.7916839997269562
100.70018728600007,13,-66.87999725341797,-68.0,46.0,0.38999998569488525,1.860676000433159
100.70018728600007,15,395.239990234375,387.0,64.0,2.0899999141693115,1.8686759995034663
100.70018728600007,17,-547.3699951171875,-549.0,52.0,-0.7400000095367432,1.9652840001072036
100.80019304800044,11,59.64999771118164,55.0,40.0,-0.9899999499320984,1.8250920002174098
100.80019304800044,13,-66.87999725341797,-63.0,28.0,0.3400000035762787,1.836101000662893
100.80019304800044,15,395.239990234375,390.0,30.0,5.289999961853027,1.890404000732815
100.80019304800044,17,-547.3699951171875,-546.0,23.0,0.03999999910593033,2.01142800051457
100.90017493899995,11,59.64999771118164,59.0,21.0,-2.5999999046325684,1.910629000121844
100.90017493899995,13,-66.87999725341797,-62.0,6.0,3.059999942779541,1.826244000767474
100.90017493899995,15,395.239990234375,393.0,21.0,7.549999713897705,2.1673649998774636
100.90017493899995,17,-547.3699951171875,-546.0,-7.0,0.6200000047683716,2.287269000589731
101.00022799700037,11,59.64999771118164,60.0,5.0,-2.799999952316284,1.940868000019691
101.00022799700037,13,-66.87999725341797,-61.0,13.0,3.929999828338623,1.9536359995981911
101.00022799700037,15,395.239990234375,395.0,27.0,8.229999542236328,1.9696039998962078
101.00022799700037,17,-547.3699951171875,-548.0,-17.0,1.8299999237060547,1.7701799997666967
101.10017519900066,11,59.64999771118164,59.0,-4.0,-3.25,1.9339239997862023
101.10017519900066,13,-66.87999725341797,-61.0,0.0,3.9700000286102295,1.9808360002571135
101.10017519900066,15,395.239990234375,397.0,22.0,7.87999963760376,1.926179999827582
101.10017519900066,17,-547.3699951171875,-548.0,2.0,2.0399999618530273,1.9193970001651905
101.20019001800028,11,59.64999771118164,60.0,16.0,-1.2200000286102295,1.8185959997936152
101.20019001800028,13,-66.87999725341797,-62.0,-24.0,1.0399999618530273,1.7958439993890352
101.20019001800028,15,395.239990234375,399.0,-14.0,1.5999999046325684,1.9289960000605788
101.20019001800028,17,-547.3699951171875,-547.0,2.0,0.0,2.003812000111793
101.30021030800071,11,59.64999771118164,59.0,2.0,-2.0,1.9969650002167327
101.30021030800071,13,-66.87999725341797,-63.0,-25.0,1.5999999046325684,1.9801009993898333
101.30021030800071,15,395.239990234375,393.0,-62.0,5.349999904632568,1.8048679994535632
101.30021030800071,17,-547.3699951171875,-547.0,-1.0,1.149999976158142,1.862436000010348
101.40018064600008,11,59.64999771118164,60.0,-1.0,-3.240000009536743,2.1299569998518564
101.40018064600008,13,-66.87999725341797,-66.0,-24.0,2.8399999141693115,1.9457329999568174
101.40018064600008,15,395.239990234375,388.0,-37.0,6.429999828338623,2.1167730001252494
101.40018064600008,17,-547.3699951171875,-548.0,-1.0,1.6999999284744263,1.8438439992678468
101.50018362399987,11,59.64999771118164,59.0,-4.0,-3.299999952316284,1.9693169997481164
101.50018362399987,13,-66.87999725341797,-68.0,-8.0,3.869999885559082,1.8914920001407154
101.50018362399987,15,395.239990234375,387.0,0.0,6.899999618530273,1.9983410002168966
101.50018362399987,17,-547.3699951171875,-548.0,0.0,1.8899999856948853,2.085252999677323
101.6001902500002,11,59.64999771118164,59.0,-2.0,-3.1499998569488525,1.9419250002101762
101.6001902500002,13,-66.87999725341797,-68.0,4.0,3.8299999237060547,3.000742999574868
101.6001902500002,15,395.239990234375,387.0,5.0,7.62999963760376,2.0890610003334587
101.6001902500002,17,-547.3699951171875,-547.0,6.0,1.7599999904632568,1.7092199996113777
101.70019095600037,11,59.64999771118164,59.0,17.0,-1.2300000190734863,1.875749000646465
101.70019095600037,13,-66.87999725341797,-67.0,-17.0,1.309999942779541,2.048133000243979
101.70019095600037,15,395.239990234375,388.0,-22.0,1.7999999523162842,2.312133000486938
101.70019095600037,17,-547.3699951171875,-547.0,2.0,-0.009999999776482582,2.000932000555622
101.80018219000067,11,59.64999771118164,59.0,5.0,-1.6200000047683716,1.8266919996676734
101.80018219000067,13,-66.87999725341797,-67.0,-10.0,1.7300000190734863,2.111396999680437
101.80018219000067,15,395.239990234375,384.0,-29.0,5.859999656677246,2.023619999818038
101.80018219000067,17,-547.3699951171875,-547.0,-4.0,0.8299999833106995,1.9174439994458226
101.90018148800027,11,59.64999771118164,60.0,-2.0,-2.950000047683716,2.112772000145924
101.90018148800027,13,-66.87999725341797,-69.0,-1.0,3.8499999046325684,1.8481320003047585
101.90018148800027,15,395.239990234375,383.0,1.0,8.609999656677246,2.0775399998456123
101.90018148800027,17,-547.3699951171875,-548.0,-2.0,1.9499999284744263,1.858340000580938
102.0001769139999,11,84.64999771118164,59.0,-3.0,-1.709999918937683,1.8800999996528844
102.0001769139999,13,-41.87999725341797,-68.0,12.0,3.7899999618530273,1.9727090002561454
102.0001769139999,15,420.239990234375,385.0,35.0,7.71999979019165,1.9460849998722551
102.0001769139999,17,-522.3699951171875,-548.0,4.0,1.9399999380111694,2.009861000260571
102.10016274000009,11,84.64999771118164,59.0,0.0,-1.6100000143051147,1.960836000762356
102.10016274000009,13,-41.87999725341797,-66.0,15.0,2.169999837875366,1.9184999991921359
102.10016274000009,15,420.239990234375,389.0,30.0,6.549999713897705,1.8401000006633694
102.10016274000009,17,-522.3699951171875,-547.0,8.0,1.2400000095367432,1.9256049999967217
102.20021954200001,11,84.64999771118164,59.0,7.0,-0.5,1.9703719999597524
102.20021954200001,13,-41.87999725341797,-66.0,-17.0,0.9199999570846558,1.9085479998466326
102.20021954200001,15,420.239990234375,392.0,10.0,1.4199999570846558,1.820387999941886
102.20021954200001,17,-522.3699951171875,-546.0,7.0,-0.429999977350235,2.070339999590942
102.30015410400028,11,84.64999771118164,60.0,27.0,-1.3899999856948853,1.9280370006526937
102.30015410400028,13,-41.87999725341797,-66.0,0.0,2.069999933242798,1.8887399992308929
102.30015410400028,15,420.239990234375,391.0,0.0,5.71999979019165,1.849219999712659
102.30015410400028,17,-522.3699951171875,-546.0,14.0,1.3199999332427979,2.1035569998275605
102.40017938600067,11,84.64999771118164,63.0,30.0,-2.2699999809265137,1.9353320003574481
102.40017938600067,13,-41.87999725341797,-66.0,13.0,5.339999675750732,1.9673330007208278
102.40017938600067,15,420.239990234375,392.0,26.0,10.34999942779541,2.077349000501272
102.40017938600067,17,-522.3699951171875,-542.0,50.0,2.619999885559082,2.090564999889466
102.50019554800019,11,84.64999771118164,67.0,43.0,-2.4099998474121094,1.9113640000796295
102.50019554800019,13,-41.87999725341797,-61.0,66.0,5.769999980926514,1.9864369996867026
102.50019554800019,15,420.239990234375,398.0,86.0,10.359999656677246,2.0431090006240993
102.50019554800019,17,-522.3699951171875,-536.0,76.0,2.559999942779541,1.9031719994018204
102.60016898899994,11,84.64999771118164,73.0,59.0,-1.7899999618530273,1.9581800006562844
102.60016898899994,13,-41.87999725341797,-51.0,97.0,1.8799999952316284,1.8597799999042763
102.60016898899994,15,420.239990234375,409.0,118.0,6.190000057220459,1.8686439998418791
102.60016898899994,17,-522.3699951171875,-528.0,69.0,1.0299999713897705,1.794435999727284
102.70016262300032,11,84.64999771118164,78.0,61.0,-0.8700000047683716,1.7980200000238256
102.70016262300032,13,-41.87999725341797,-45.0,26.0,0.25999999046325684,1.7569640003785025
102.70016262300032,15,420.239990234375,420.0,85.0,0.5699999928474426,1.6589480001130141
102.70016262300032,17,-522.3699951171875,-523.0,47.0,-0.550000011920929,2.071621000141022
102.80022105700027,11,84.64999771118164,83.0,35.0,-4.319999694824219,2.0237479993738816
102.80022105700027,13,-41.87999725341797,-42.0,17.0,2.2899999618530273,1.8302119997315458
102.80022105700027,15,420.239990234375,426.0,47.0,2.559999942779541,1.9968369997513946
102.80022105700027,17,-522.3699951171875,-521.0,13.0,0.8899999856948853,2.0376680004119407
102.90017507500033,11,84.64999771118164,85.0,6.0,-2.109999895095825,2.0963890001439722
102.90017507500033,13,-41.87999725341797,-40.0,20.0,2.559999942779541,1.9217320004827343
102.90017507500033,15,420.239990234375,429.0,24.0,4.789999961853027,2.160549000109313
102.90017507500033,17,-522.3699951171875,-521.0,0.0,0.5799999833106995,1.9128359999740496
103.00017021300027,11,84.64999771118164,85.0,1.0,-2.299999952316284,1.9021479993170942
103.00017021300027,13,-41.87999725341797,-38.0,10.0,1.5,1.9401959998504026
103.00017021300027,15,420.239990234375,433.0,54.0,2.669999837875366,1.8302440003026277
103.00017021300027,17,-522.3699951171875,-522.0,-7.0,0.8799999952316284,1.8598130000100355
103.10017760600022,11,84.64999771118164,85.0,-10.0,-3.929999828338623,1.8608679993121768
103.10017760600022,13,-41.87999725341797,-38.0,-3.0,0.4699999988079071,1.8319399996471475
103.10017760600022,15,420.239990234375,438.0,27.0,0.9799999594688416,1.803940000172588
103.10017760600022,17,-522.3699951171875,-522.0,0.0,0.8700000047683716,2.0828210008403403
103.20038746400041,11,84.64999771118164,84.0,15.0,-1.3899999856948853,1.8759080003292183
103.20038746400041,13,-41.87999725341797,-40.0,-29.0,0.3100000023841858,2.092996999635943
103.20038746400041,15,420.239990234375,439.0,-16.0,0.09999999403953552,1.8448040000293986
103.20038746400041,17,-522.3699951171875,-522.0,-4.0,0.44999998807907104,1.8523240005379193
103.30018317700069,11,84.64999771118164,85.0,0.0,-4.920000076293945,1.8666280002435087
103.30018317700069,13,-41.87999725341797,-43.0,-21.0,1.8199999332427979,1.8112999996446888
103.30018317700069,15,420.239990234375,435.0,-50.0,1.2799999713897705,1.9414119997236412
103.30018317700069,17,-522.3699951171875,-522.0,-3.0,1.0799999237060547,2.010819999668456
103.40020423500027,11,84.64999771118164,84.0,-11.0,-2.8899998664855957,2.0464050003283774
103.40020423500027,13,-41.87999725341797,-43.0,14.0,2.059999942779541,1.8924839996543596
103.40020423500027,15,420.239990234375,428.0,-67.0,1.96999990940094,2.0385320003697416
103.40020423500027,17,-522.3699951171875,-522.0,0.0,1.1399999856948853,1.843939999162103
103.5001773240001,11,84.64999771118164,84.0,0.0,-3.2100000381469727,1.9620519997261
103.5001773240001,13,-41.87999725341797,-42.0,-1.0,1.909999966621399,1.8383720007477677
103.5001773240001,15,420.239990234375,422.0,-54.0,2.379999876022339,2.044837000539701
103.5001773240001,17,-522.3699951171875,-522.0,1.0,1.2200000286102295,1.8451559999448364
103.60016715000074,11,84.64999771118164,84.0,0.0,-2.9800000190734863,2.1084530008010915
103.60016715000074,13,-41.87999725341797,-42.0,0.0,2.200000047683716,2.33050099996035
103.60016715000074,15,420.239990234375,417.0,-34.0,3.6399998664855957,1.8563559997346601
103.60016715000074,17,-522.3699951171875,-522.0,0.0,1.459999918937683,2.0345009997981833
103.70018222300041,11,84.64999771118164,84.0,15.0,-1.4199999570846558,2.030788000411121
103.70018222300041,13,-41.87999725341797,-42.0,-16.0,1.1200000047683716,1.770820000274398
103.70018222300041,15,420.239990234375,416.0,-7.0,0.44999998807907104,1.9421810002313578
103.70018222300041,17,-522.3699951171875,-522.0,0.0,0.22999998927116394,2.078469000480254
103.8002076010007,11,84.64999771118164,85.0,0.0,-2.5399999618530273,2.0158130000709207
103.8002076010007,13,-41.87999725341797,-43.0,-10.0,2.0799999237060547,1.9910770006390521
103.8002076010007,15,420.239990234375,415.0,-9.0,3.0399999618530273,1.9250929999543587
103.8002076010007,17,-522.3699951171875,-522.0,-2.0,1.0299999713897705,1.9607730000643642
103.90019877100076,11,84.64999771118164,84.0,-2.0,-2.3899998664855957,2.029700000093726
103.90019877100076,13,-41.87999725341797,-43.0,9.0,2.180000066757202,1.8155560001105187
103.90019877100076,15,420.239990234375,415.0,2.0,3.9099998474121094,1.8286119993717875
103.90019877100076,17,-522.3699951171875,-522.0,0.0,1.1399999856948853,2.1389809999163845
104.0001736840004,11,59.64999771118164,84.0,-1.0,-2.490000009536743,1.9741159994737245
104.0001736840004,13,-66.87999725341797,-42.0,0.0,1.8499999046325684,2.342341000257875
104.0001736840004,15,395.239990234375,416.0,11.0,3.5799999237060547,1.8746280002233107
104.0001736840004,17,-547.3699951171875,-522.0,2.0,1.1999999284744263,2.0430770000530174
104.10043890199995,11,59.64999771118164,84.0,0.0,-2.5899999141693115,1.834467999287881
104.10043890199995,13,-66.87999725341797,-42.0,0.0,2.119999885559082,1.8592679998619133
104.10043890199995,15,395.239990234375,416.0,0.0,4.079999923706055,1.8386599995210418
104.10043890199995,17,-547.3699951171875,-522.0,0.0,1.309999942779541,1.8720999996730825
104.20016578200011,11,59.64999771118164,85.0,17.0,-1.709999918937683,1.9136999999318505
104.20016578200011,13,-66.87999725341797,-42.0,-17.0,1.399999976158142,2.008868000302755
104.20016578200011,15,395.239990234375,416.0,-9.0,0.75,1.6755560000092373
104.20016578200011,17,-547.3699951171875,-522.0,0.0,0.10999999940395355,2.3175409996838425
104.30017711200071,11,59.64999771118164,84.0,-14.0,-3.4700000286102295,1.9225959995310404
104.30017711200071,13,-66.87999725341797,-44.0,-33.0,1.809999942779541,1.9432359995334991
104.30017711200071,15,395.239990234375,412.0,-51.0,2.869999885559082,1.7852199998742435
104.30017711200071,17,-547.3699951171875,-523.0,-15.0,-0.20999999344348907,2.171301000089443
104.40017634500055,11,59.64999771118164,81.0,-37.0,-2.7200000286102295,1.8853810006476124
104.40017634500055,13,-66.87999725341797,-47.0,-31.0,2.450000047683716,2.0384689996717498
104.40017634500055,15,395.239990234375,406.0,-66.0,4.489999771118164,2.544934000070498
104.40017634500055,17,-547.3699951171875,-528.0,-51.0,0.9599999785423279,1.835491999372607
104.50026293800056,11,59.64999771118164,76.0,-50.0,-2.450000047683716,2.0233320001352695
104.50026293800056,13,-66.87999725341797,-50.0,-43.0,2.129999876022339,1.8387239997537108
104.50026293800056,15,395.239990234375,400.0,-57.0,3.929999828338623,1.8990770004165825
104.50026293800056,17,-547.3699951171875,-534.0,-70.0,0.5799999833106995,1.9910450000679702
104.60016770700076,11,59.64999771118164,70.0,-62.0,-1.8600000143051147,1.946532000147272
104.60016770700076,13,-66.87999725341797,-56.0,-59.0,2.0299999713897705,1.84598800024105
104.60016770700076,15,395.239990234375,395.0,-51.0,4.929999828338623,1.9168359995092032
104.60016770700076,17,-547.3699951171875,-541.0,-61.0,0.550000011920929,2.126051999766787
104.70024527700025,11,59.64999771118164,66.0,-27.0,-2.069999933242798,1.8372200001977035
104.70024527700025,13,-66.87999725341797,-62.0,-68.0,1.5999999046325684,1.8257000001540291
104.70024527700025,15,395.239990234375,391.0,-41.0,1.459999918937683,1.7459880000387784
104.70024527700025,17,-547.3699951171875,-545.0,-31.0,-0.12999999523162842,1.9603569999162573
104.80016028600039,11,59.64999771118164,62.0,-17.0,-2.2300000190734863,2.0033649998367764
104.80016028600039,13,-66.87999725341797,-67.0,-49.0,1.9799998998641968,1.841635999880964
104.80016028600039,15,395.239990234375,384.0,-58.0,5.369999885559082,2.0617000000129337
104.80016028600039,17,-547.3699951171875,-547.0,-21.0,0.6499999761581421,2.014979999330535
104.90021948699996,11,59.64999771118164,60.0,-9.0,-4.25,2.052324000032968
104.90021948699996,13,-66.87999725341797,-71.0,-22.0,3.7300000190734863,1.9537959997251164
104.90021948699996,15,395.239990234375,381.0,-4.0,7.929999828338623,1.9857320003211498
104.90021948699996,17,-547.3699951171875,-548.0,0.0,2.0,2.0077170001968625
105.00017868800023,11,59.64999771118164,59.0,-4.0,-2.25,1.978180000151042
105.00017868800023,13,-66.87999725341797,-72.0,7.0,4.329999923706055,1.8789480000123149
105.00017868800023,15,395.239990234375,382.0,28.0,9.789999961853027,2.0030129999213386
105.00017868800023,17,-547.3699951171875,-548.0,3.0,2.2100000381469727,2.0114600001761573
105.10027625700059,11,59.64999771118164,59.0,6.0,-3.240000009536743,1.9608359998528613
105.10027625700059,13,-66.87999725341797,-70.0,37.0,3.359999895095825,1.7903719999594614
105.10027625700059,15,395.239990234375,386.0,33.0,8.559999465942383,1.9604839999374235
105.10027625700059,17,-547.3699951171875,-547.0,11.0,1.4399999380111694,2.088100999571907
105.20017472200016,11,59.64999771118164,59.0,8.0,-1.1399999856948853,1.8979879996550153
105.20017472200016,13,-66.87999725341797,-67.0,-3.0,3.3399999141693115,1.8701479993978865
105.20017472200016,15,395.239990234375,389.0,17.0,1.6200000047683716,1.8867239996325225
105.20017472200016,17,-547.3699951171875,-546.0,19.0,-0.47999998927116394,2.035652999438753
105.30018358699999,11,59.64999771118164,59.0,5.0,-1.3899999856948853,1.941765000083251
105.30018358699999,13,-66.87999725341797,-65.0,8.0,1.100000023841858,1.751875999616459
105.30018358699999,15,395.239990234375,388.0,-9.0,4.949999809265137,2.0194600001559593
105.30018358699999,17,-547.3699951171875,-546.0,-8.0,-0.35999998450279236,1.9707879991983646
105.400195876,11,59.64999771118164,60.0,-1.0,-2.5199999809265137,1.8436850004945882
105.400195876,13,-66.87999725341797,-65.0,-1.0,2.5199999809265137,1.7848040006356314
105.400195876,15,395.239990234375,388.0,0.0,5.829999923706055,1.8625639995661913
105.400195876,17,-547.3699951171875,-547.0,-1.0,0.7699999809265137,2.3265979998541297
105.50019149299987,11,59.64999771118164,59.0,0.0,-1.7899999618530273,1.926245000504423
105.50019149299987,13,-66.87999725341797,-65.0,-1.0,1.9499999284744263,1.8234920007671462
105.50019149299987,15,395.239990234375,388.0,9.0,5.920000076293945,1.8781159997161012
105.50019149299987,17,-547.3699951171875,-547.0,0.0,0.8299999833106995,1.861957000073744
105.60018365399992,11,59.64999771118164,59.0,0.0,-2.190000057220459,1.898660999358981
105.60018365399992,13,-66.87999725341797,-66.0,-14.0,2.049999952316284,1.7645799998717848
105.60018365399992,15,395.239990234375,389.0,13.0,5.779999732971191,1.944132999597059
105.60018365399992,17,-547.3699951171875,-547.0,0.0,0.8999999761581421,1.8032680000032997
105.7001745030002,11,59.64999771118164,59.0,6.0,-0.9799999594688416,1.9438449999142904
105.7001745030002,13,-66.87999725341797,-67.0,-9.0,1.2400000095367432,1.7119399999501184
105.7001745030002,15,395.239990234375,390.0,-6.0,1.309999942779541,1.8760689999908209
105.7001745030002,17,-547.3699951171875,-547.0,2.0,-0.07000000029802322,1.9444839999778196
105.8001778960006,11,59.64999771118164,59.0,6.0,-1.209999918937683,1.9921969997085398
105.8001778960006,13,-66.87999725341797,-68.0,0.0,1.9900000095367432,2.021156999944651
105.8001778960006,15,395.239990234375,385.0,-32.0,5.619999885559082,2.0194290000290493
105.8001778960006,17,-547.3699951171875,-547.0,0.0,0.6699999570846558,2.0163250001132837
105.9002214810007,11,59.64999771118164,60.0,-1.0,-2.8899998664855957,1.9917489998988458
105.9002214810007,13,-66.87999725341797,-69.0,0.0,3.929999828338623,1.7553640000187443
105.9002214810007,15,395.239990234375,385.0,0.0,7.96999979019165,1.85728399992513
105.9002214810007,17,-547.3699951171875,-548.0,-4.0,1.459999918937683,1.873795999927097
106.00021924200064,11,34.64999771118164,59.0,-1.0,-2.0399999618530273,1.962084999831859
106.00021924200064,13,-91.87999725341797,-68.0,14.0,3.9599997997283936,1.7710760002955794
106.00021924200064,15,370.239990234375,386.0,19.0,7.75,1.9127089999528835
106.00021924200064,17,-572.3699951171875,-548.0,0.0,1.7699999809265137,2.0449650000955444
106.10019578599986,11,34.64999771118164,59.0,0.0,-2.569999933242798,2.0455399999264046
106.10019578599986,13,-91.87999725341797,-67.0,12.0,3.0799999237060547,1.7776039994714665
106.10019578599986,15,370.239990234375,388.0,19.0,7.589999675750732,1.7596839998077485
106.10019578599986,17,-572.3699951171875,-547.0,6.0,1.2400000095367432,3.4826639994207653
106.20018279500073,11,34.64999771118164,59.0,3.0,-0.47999998927116394,2.184549000048719
106.20018279500073,13,-91.87999725341797,-66.0,-3.0,0.5199999809265137,1.89558800047962
106.20018279500073,15,370.239990234375,390.0,16.0,1.2999999523162842,1.888772999336652
106.20018279500073,17,-572.3699951171875,-547.0,4.0,-0.44999998807907104,1.957347999450576
106.30020708400025,11,34.64999771118164,59.0,-8.0,-2.0,1.8645800000740564
106.30020708400025,13,-91.87999725341797,-67.0,-16.0,0.35999998450279236,2.1404199997050455
106.30020708400025,15,370.239990234375,387.0,-34.0,4.049999713897705,1.9868849994963966
106.30020708400025,17,-572.3699951171875,-549.0,-29.0,0.550000011920929,1.9151090000377735
106.40017396400071,11,34.64999771118164,56.0,-34.0,-3.240000009536743,1.9243879996793112
106.40017396400071,13,-91.87999725341797,-70.0,-34.0,1.4499999284744263,1.7933799999809708
106.40017396400071,15,370.239990234375,384.0,-31.0,4.859999656677246,1.9418289994064253
106.40017396400071,17,-572.3699951171875,-552.0,-50.0,0.11999999731779099,2.0860849999735365
106.50016068500008,11,34.64999771118164,52.0,-50.0,-2.369999885559082,2.0095720001336304
106.50016068500008,13,-91.87999725341797,-74.0,-37.0,0.7099999785423279,2.0512040000539855
106.50016068500008,15,370.239990234375,382.0,-25.0,4.019999980926514,1.7128039999079192
106.50016068500008,17,-572.3699951171875,-558.0,-70.0,-0.20999999344348907,1.9924839998566313
106.60018235000007,11,34.64999771118164,46.0,-60.0,-3.679999828338623,1.8856359993151273
106.60018235000007,13,-91.87999725341797,-79.0,-55.0,-0.35999998450279236,2.1771570000055362
106.60018235000007,15,370.239990234375,378.0,-58.0,3.68999981880188,1.7665319992374862
106.60018235000007,17,-572.3699951171875,-565.0,-51.0,-0.699999988079071,2.0725490003314917
106.70019947000037,11,34.64999771118164,41.0,-48.0,-0.6699999570846558,1.9429799995123176
106.70019947000037,13,-91.87999725341797,-84.0,-54.0,-0.08999999612569809,1.9713000001502223
106.70019947000037,15,370.239990234375,371.0,-55.0,1.2699999809265137,1.8449960007274058
106.70019947000037,17,-572.3699951171875,-569.0,-42.0,-0.26999998092651367,1.8708839997998439
106.80016427100054,11,34.64999771118164,38.0,-24.0,-6.389999866485596,1.959813000212307
106.80016427100054,13,-91.87999725341797,-88.0,-41.0,-0.5999999642372131,1.829859999816108
106.80016427100054,15,370.239990234375,362.0,-72.0,5.109999656677246,1.8333799998799805
106.80016427100054,17,-572.3699951171875,-572.0,-22.0,-0.6599999666213989,1.9283880001239595
106.90012382300029,11,34.64999771118164,34.0,-36.0,-5.389999866485596,1.7399079997630906
106.90012382300029,13,-91.87999725341797,-93.0,-36.0,1.0699999332427979,1.770723999470647
106.90012382300029,15,370.239990234375,359.0,-14.0,5.309999942779541,2.0492200001172023
106.90012382300029,17,-572.3699951171875,-573.0,-2.0,-0.5699999928474426,2.157732999876316
107.00017265600036,11,34.64999771118164,32.0,-3.0,-1.7799999713897705,2.015045000007376
107.00017265600036,13,-91.87999725341797,-94.0,0.0,1.3600000143051147,1.820899999984249
107.00017265600036,15,370.239990234375,360.0,17.0,6.12999963760376,1.9336049999765237
107.00017265600036,17,-572.3699951171875,-572.0,7.0,-0.08999999612569809,1.9691889992827782
107.10016158400049,11,34.64999771118164,34.0,16.0,-5.019999980926514,1.8915239998023026
107.10016158400049,13,-91.87999725341797,-93.0,23.0,0.23999999463558197,2.0709479995275615
107.10016158400049,15,370.239990234375,364.0,51.0,5.0,1.803363999897556
107.10016158400049,17,-572.3699951171875,-572.0,2.0,-0.3100000023841858,1.9164200002705911
107.20017998500043,11,34.64999771118164,34.0,-18.0,-1.0399999618530273,1.8734759996732464
107.20017998500043,13,-91.87999725341797,-90.0,15.0,-0.429999977350235,1.9080040001426823
107.20017998500043,15,370.239990234375,368.0,34.0,1.7999999523162842,1.8628520001584548
107.20017998500043,17,-572.3699951171875,-572.0,0.0,-0.35999998450279236,1.82323599983647
107.30015569700026,11,34.64999771118164,33.0,-3.0,-1.6200000047683716,1.8559080008344608
107.30015569700026,13,-91.87999725341797,-88.0,3.0,-1.649999976158142,2.0284849997551646
107.30015569700026,15,370.239990234375,368.0,0.0,1.9199999570846558,2.038979999269941
107.30015569700026,17,-572.3699951171875,-572.0,0.0,-0.5099999904632568,1.961701000254834
107.40016632200059,11,34.64999771118164,34.0,12.0,-1.9799998998641968,1.8151080003008246
107.40016632200059,13,-91.87999725341797,-90.0,-29.0,-0.5,1.8946930003949092
107.40016632200059,15,370.239990234375,367.0,-18.0,2.509999990463257,1.7835560001913109
107.40016632200059,17,-572.3699951171875,-572.0,0.0,-0.5799999833106995,2.4198140008593327
107.50019339400023,11,34.64999771118164,35.0,7.0,-4.039999961853027,1.8787889994200668
107.50019339400023,13,-91.87999725341797,-93.0,-19.0,1.4900000095367432,2.03104499996698
107.50019339400023,15,370.239990234375,365.0,-24.0,4.819999694824219,1.7649960000198917
107.50019339400023,17,-572.3699951171875,-572.0,-2.0,0.019999999552965164,1.7786279995561927
107.60017461000007,11,34.64999771118164,35.0,-6.0,-4.619999885559082,2.173316000153136
107.60017461000007,13,-91.87999725341797,-93.0,0.0,2.5899999141693115,1.8245159999423777
107.60017461000007,15,370.239990234375,364.0,0.0,5.769999980926514,2.9255740000735386
107.60017461000007,17,-572.3699951171875,-572.0,0.0,0.10999999940395355,1.9120999995720922
107.70017224300045,11,34.64999771118164,34.0,0.0,-3.1599998474121094,1.922020000165503
107.70017224300045,13,-91.87999725341797,-92.0,29.0,0.5899999737739563,2.092196000376134
107.70017224300045,15,370.239990234375,364.0,17.0,5.269999980926514,1.792644000488508
107.70017224300045,17,-572.3699951171875,-572.0,5.0,-0.25999999046325684,1.9008039998880122
107.80017201900046,11,34.64999771118164,35.0,10.0,-4.569999694824219,1.9197809997422155
107.80017201900046,13,-91.87999725341797,-88.0,28.0,-1.7799999713897705,1.8438440001773415
107.80017201900046,15,370.239990234375,363.0,4.0,3.879999876022339,1.9616999998106621
107.80017201900046,17,-572.3699951171875,-572.0,0.0,-0.5699999928474426,1.9353640000190353
107.90182987900062,11,34.64999771118164,35.0,-10.0,-4.039999961853027,2.068869000140694
107.90182987900062,13,-91.87999725341797,-88.0,-6.0,-1.5299999713897705,1.784963999853062
107.90182987900062,15,370.239990234375,365.0,27.0,2.9600000381469727,1.8135719992642407
107.90182987900062,17,-572.3699951171875,-572.0,0.0,-0.6899999976158142,2.132100999915565
108.00020661200051,11,9.64999771118164,34.0,3.0,-2.759999990463257,1.9041959994865465
108.00020661200051,13,-116.87999725341797,-90.0,-23.0,-1.3700000047683716,1.9614760003605625
108.00020661200051,15,345.239990234375,367.0,6.0,3.359999895095825,2.041892999841366
108.00020661200051,17,-597.3699951171875,-572.0,-1.0,-0.6599999666213989,1.883108999209071
108.1001830920004,11,9.64999771118164,35.0,3.0,-5.359999656677246,1.8432999995638966
108.1001830920004,13,-116.87999725341797,-92.0,-15.0,-0.29999998211860657,1.8897319996540318
108.1001830920004,15,345.239990234375,367.0,-2.0,3.869999885559082,1.7700520002108533
108.1001830920004,17,-597.3699951171875,-572.0,-4.0,-0.3499999940395355,1.7794599998524063
108.20016405200022,11,9.64999771118164,34.0,-14.0,-3.869999885559082,2.0272050005587516
108.20016405200022,13,-116.87999725341797,-92.0,1.0,0.2199999988079071,1.9199079997633817
108.20016405200022,15,345.239990234375,366.0,2.0,3.7200000286102295,2.0226919996275683
108.20016405200022,17,-597.3699951171875,-572.0,0.0,-0.3400000035762787,1.790308000636287
108.30016565200003,11,9.64999771118164,33.0,-20.0,-5.409999847412109,1.8985639999300474
108.30016565200003,13,-116.87999725341797,-92.0,1.0,-2.509999990463257,1.7201320006279275
108.30016565200003,15,345.239990234375,363.0,-29.0,1.909999966621399,1.9834609993267804
108.30016565200003,17,-597.3699951171875,-572.0,-11.0,-1.659999966621399,2.03584500013676
108.40019598800063,11,9.64999771118164,29.0,-60.0,-5.049999713897705,2.037604999713949
108.40019598800063,13,-116.87999725341797,-93.0,-19.0,-4.25,2.1656050003002747
108.40019598800063,15,345.239990234375,361.0,-22.0,0.3499999940395355,1.9038130003536935
108.40019598800063,17,-597.3699951171875,-576.0,-43.0,-2.009999990463257,2.037188999565842
108.5001632200001,11,9.64999771118164,22.0,-52.0,-4.269999980926514,1.8754920001811115
108.5001632200001,13,-116.87999725341797,-98.0,-52.0,-4.319999694824219,1.996644000428205
108.5001632200001,15,345.239990234375,356.0,-59.0,-0.26999998092651367,1.791236000826757
108.5001632200001,17,-597.3699951171875,-582.0,-66.0,-2.2300000190734863,1.9289649999336689
108.6014802790005,11,9.64999771118164,17.0,-43.0,-7.589999675750732,2.0077490007679444
108.6014802790005,13,-116.87999725341797,-104.0,-72.0,-4.539999961853027,2.0455079993553227
108.6014802790005,15,345.239990234375,350.0,-62.0,0.5999999642372131,2.0153010000285576
108.6014802790005,17,-597.3699951171875,-589.0,-66.0,-1.909999966621399,1.8517480002628872
108.70018952400005,11,9.64999771118164,12.0,-42.0,-5.609999656677246,1.8603569997139857
108.70018952400005,13,-116.87999725341797,-111.0,-69.0,-2.3899998664855957,1.797699999769975
108.70018952400005,15,345.239990234375,345.0,-40.0,1.159999966621399,1.868452999588044
108.70018952400005,17,-597.3699951171875,-594.0,-45.0,-1.2400000095367432,2.0359399995868444
108.80026741200072,11,9.64999771118164,10.0,-26.0,-7.289999961853027,1.7866600001070765
108.80026741200072,13,-116.87999725341797,-115.0,-34.0,-3.0199999809265137,1.7794919995139935
108.80026741200072,15,345.239990234375,341.0,-8.0,0.9300000071525574,1.759044000209542
108.80026741200072,17,-597.3699951171875,-597.0,-24.0,-2.0299999713897705,2.0639730000766576
108.9001628040005,11,9.64999771118164,7.0,-32.0,-7.460000038146973,1.919492999149952
108.9001628040005,13,-116.87999725341797,-119.0,-40.0,-4.349999904632568,1.8432679999023094
108.9001628040005,15,345.239990234375,342.0,33.0,-0.41999998688697815,1.9497960001899628
108.9001628040005,17,-597.3699951171875,-598.0,0.0,-1.9199999570846558,1.8521649999456713
109.00154050299989,11,9.64999771118164,5.0,0.0,-2.5999999046325684,1.999459999751707
109.00154050299989,13,-116.87999725341797,-122.0,-36.0,-4.299999713897705,2.3959740001373575
109.00154050299989,15,345.239990234375,346.0,29.0,-1.4499999284744263,1.9193640000594314
109.00154050299989,17,-597.3699951171875,-598.0,13.0,-0.9799999594688416,1.9160049996571615
109.10015656399992,11,9.64999771118164,7.0,33.0,-6.239999771118164,1.9742770000448218
109.10015656399992,13,-116.87999725341797,-124.0,-22.0,-4.150000095367432,2.1049959996162215
109.10015656399992,15,345.239990234375,346.0,-12.0,-0.550000011920929,1.939044000209833
109.10015656399992,17,-597.3699951171875,-597.0,6.0,-1.1299999952316284,2.0275560000300175
109.2002044360006,11,9.64999771118164,9.0,13.0,-5.819999694824219,2.0569010002873256
109.2002044360006,13,-116.87999725341797,-126.0,0.0,-2.6399998664855957,1.8896040000981884
109.2002044360006,15,345.239990234375,344.0,-23.0,0.5099999904632568,2.026340999691456
109.2002044360006,17,-597.3699951171875,-597.0,-2.0,-0.9399999976158142,1.9341159995747148
109.30017365100048,11,9.64999771118164,11.0,22.0,-6.739999771118164,1.9752039997911197
109.30017365100048,13,-116.87999725341797,-123.0,20.0,-1.6899999380111694,1.8197160006820923
109.30017365100048,15,345.239990234375,342.0,-5.0,1.409999966621399,1.946051999766496
109.30017365100048,17,-597.3699951171875,-596.0,11.0,-1.5199999809265137,1.9742120002774755
109.40017681900008,11,9.64999771118164,10.0,-28.0,-7.269999980926514,1.8144360001315363
109.40017681900008,13,-116.87999725341797,-120.0,31.0,-2.869999885559082,2.0333490001576138
109.40017681900008,15,345.239990234375,344.0,26.0,0.28999999165534973,2.031907999480609
109.40017681900008,17,-597.3699951171875,-596.0,0.0,-2.3499999046325684,1.9732199998543365
109.50017214700074,11,9.64999771118164,8.0,-2.0,-2.929999828338623,2.0042930000272463
109.50017214700074,13,-116.87999725341797,-117.0,40.0,-4.420000076293945,1.9185000001016306
109.50017214700074,15,345.239990234375,345.0,18.0,-0.6100000143051147,1.9421159995545167
109.50017214700074,17,-597.3699951171875,-596.0,-2.0,-2.419999837875366,1.8188200001532095
109.60018001900062,11,9.64999771118164,10.0,20.0,-7.480000019073486,1.8144039995604544
109.60018001900062,13,-116.87999725341797,-114.0,27.0,-6.529999732971191,2.253028999803064
109.60018001900062,15,345.239990234375,347.0,1.0,-1.0499999523162842,2.0227249997333274
109.60018001900062,17,-597.3699951171875,-596.0,0.0,-2.8399999141693115,1.8665959996724268
109.70018910700037,11,9.64999771118164,9.0,-16.0,-6.62999963760376,1.9277800001873402
109.70018910700037,13,-116.87999725341797,-114.0,-5.0,-6.549999713897705,1.9578919991545263
109.70018910700037,15,345.239990234375,347.0,0.0,-1.559999942779541,1.9679410006574471
109.70018910700037,17,-597.3699951171875,-596.0,-8.0,-2.4800000190734863,1.9959410001320066
109.80017560200031,11,9.64999771118164,10.0,2.0,-7.919999599456787,2.121892000104708
109.80017560200031,13,-116.87999725341797,-112.0,10.0,-4.460000038146973,1.8813160004356178
109.80017560200031,15,345.239990234375,345.0,-12.0,-0.09999999403953552,1.9923559993912932
109.80017560200031,17,-597.3699951171875,-596.0,4.0,-1.9799998998641968,2.813317999425635
109.90017067400004,11,9.64999771118164,9.0,-19.0,-6.759999752044678,1.862085000539082
109.90017067400004,13,-116.87999725341797,-112.0,-1.0,-6.839999675750732,1.925251999637112
109.90017067400004,15,345.239990234375,346.0,17.0,-1.3399999141693115,1.815619999433693
109.90017067400004,17,-597.3699951171875,-596.0,0.0,-2.5299999713897705,1.8150440000681556
110.00021781000032,11,-15.35000228881836,9.0,3.0,-5.159999847412109,1.9386929998290725
110.00021781000032,13,-141.87999725341797,-113.0,-10.0,-6.829999923706055,2.0903409995298716
110.00021781000032,15,320.239990234375,347.0,2.0,-1.6999999284744263,2.079749000586162
110.00021781000032,17,-622.3699951171875,-596.0,-2.0,-2.75,1.808228000300005
110.10016622500007,11,-15.35000228881836,9.0,0.0,-6.37999963760376,1.9245479998062365
110.10016622500007,13,-141.87999725341797,-115.0,-20.0,-5.889999866485596,1.8302759999642149
110.10016622500007,15,320.239990234375,347.0,-2.0,-1.6999999284744263,1.7318760001217015
110.10016622500007,17,-622.3699951171875,-596.0,-8.0,-2.180000066757202,1.7963240006793058
110.20016184100041,11,-15.35000228881836,9.0,-3.0,-4.889999866485596,1.6933479992076172
110.20016184100041,13,-141.87999725341797,-116.0,-8.0,-4.900000095367432,1.910660000248754
110.20016184100041,15,320.239990234375,346.0,-7.0,-1.6399999856948853,1.829508000810165
110.20016184100041,17,-622.3699951171875,-597.0,0.0,-1.2400000095367432,1.8621810004333383
110.30016958400029,11,-15.35000228881836,10.0,0.0,-8.279999732971191,1.9717159993888345
110.30016958400029,13,-141.87999725341797,-116.0,-2.0,-4.71999979019165,2.139172999704897
110.30016958400029,15,320.239990234375,346.0,2.0,-1.3199999332427979,1.976739999918209
110.30016958400029,17,-622.3699951171875,-597.0,-4.0,-2.2200000286102295,2.0044520006194944
110.40019160000065,11,-15.35000228881836,7.0,-51.0,-6.779999732971191,1.9430760003160685
110.40019160000065,13,-141.87999725341797,-117.0,-33.0,-8.609999656677246,1.8953640001200256
110.40019160000065,15,320.239990234375,346.0,-11.0,-4.279999732971191,1.7667559995970805
110.40019160000065,17,-622.3699951171875,-600.0,-50.0,-2.799999952316284,2.862405999621842
110.5001674390005,11,-15.35000228881836,2.0,-45.0,-6.5,1.9976690000476083
110.5001674390005,13,-141.87999725341797,-123.0,-84.0,-10.329999923706055,1.9193959997210186
110.5001674390005,15,320.239990234375,343.0,-54.0,-5.960000038146973,1.8332199997530552
110.5001674390005,17,-622.3699951171875,-607.0,-74.0,-2.679999828338623,1.7415400006939308
110.60017297500053,11,-15.35000228881836,-2.0,-66.0,-12.75,1.8072679995384533
110.60017297500053,13,-141.87999725341797,-132.0,-77.0,-8.279999732971191,1.799556999685592
110.60017297500053,15,320.239990234375,333.0,-106.0,-3.0199999809265137,1.983877000384382
110.60017297500053,17,-622.3699951171875,-614.0,-63.0,-2.809999942779541,1.885540999865043
110.70018484600041,11,-15.35000228881836,-10.0,-81.0,-4.519999980926514,2.078724999591941
110.70018484600041,13,-141.87999725341797,-140.0,-71.0,-4.360000133514404,1.8674599996302277
110.70018484600041,15,320.239990234375,324.0,-74.0,-1.5899999141693115,1.6756199993324117
110.70018484600041,17,-622.3699951171875,-620.0,-51.0,-1.090000033378601,1.9566770006349543
110.8002013260002,11,-15.35000228881836,-16.0,-51.0,-5.049999713897705,1.832804000514443
110.8002013260002,13,-141.87999725341797,-143.0,-27.0,-4.730000019073486,2.0025960002385546
110.8002013260002,15,320.239990234375,320.0,-4.0,-2.759999990463257,1.9530600002326537
110.8002013260002,17,-622.3699951171875,-624.0,-34.0,-0.25999999046325684,1.946979999956966
110.90018938899993,11,-15.35000228881836,-21.0,-59.0,-10.329999923706055,1.8047720004688017
110.90018938899993,13,-141.87999725341797,-143.0,-6.0,-10.859999656677246,1.9419559994275915
110.90018938899993,15,320.239990234375,320.0,8.0,-4.799999713897705,1.8089639997924678
110.90018938899993,17,-622.3699951171875,-625.0,-2.0,-2.119999885559082,1.7709800004013232
111.000185805,11,-15.35000228881836,-26.0,-43.0,-5.609999656677246,1.9203879992346629
111.000185805,13,-141.87999725341797,-149.0,-88.0,-8.170000076293945,1.8225650001113536
111.000185805,15,320.239990234375,320.0,-5.0,-5.159999847412109,1.9898610007658135
111.000185805,17,-622.3699951171875,-626.0,-8.0,-0.35999998450279236,1.8450600000505801
111.100173068,11,-15.35000228881836,-29.0,-11.0,-2.7799999713897705,1.914020000185701
111.100173068,13,-141.87999725341797,-157.0,-65.0,-0.5999999642372131,2.0313640006861533
111.100173068,15,320.239990234375,316.0,-51.0,0.14999999105930328,1.8647079996298999
111.100173068,17,-622.3699951171875,-624.0,18.0,0.26999998092651367,1.935268000124779
111.20017853900026,11,-15.35000228881836,-30.0,0.0,-0.429999977350235,1.8059880003420403
111.20017853900026,13,-141.87999725341797,-157.0,10.0,0.85999995470047,1.7947240003195475
111.20017853900026,15,320.239990234375,313.0,46.0,1.2799999713897705,2.027333000114595
111.20017853900026,17,-622.3699951171875,-622.0,18.0,-0.5899999737739563,1.8609640001159278
111.30016765800065,11,-15.35000228881836,-29.0,12.0,-1.809999942779541,1.915365000058955
111.30016765800065,13,-141.87999725341797,-155.0,38.0,-1.0,2.0697010004369076
111.30016765800065,15,320.239990234375,317.0,43.0,-0.03999999910593033,2.071779999823775
111.30016765800065,17,-622.3699951171875,-621.0,0.0,-0.12999999523162842,2.176068999688141
111.40017895300025,11,-15.35000228881836,-26.0,26.0,-2.25,1.7245150002054288
111.40017895300025,13,-141.87999725341797,-151.0,43.0,-1.7599999904632568,1.7456360001233406
111.40017895300025,15,320.239990234375,321.0,25.0,-1.0199999809265137,1.9665319996420294
111.40017895300025,17,-622.3699951171875,-622.0,0.0,-0.5,1.838852000219049
111.50019159200019,11,-15.35000228881836,-22.0,55.0,-3.419999837875366,1.9779560007009422
111.50019159200019,13,-141.87999725341797,-146.0,45.0,-2.509999990463257,1.8224679997729254
111.50019159200019,15,320.239990234375,321.0,0.0,-0.8899999856948853,3.0701190007675905
111.50019159200019,17,-622.3699951171875,-622.0,0.0,-0.6200000047683716,1.8796200001816032
111.60017991200039,11,-15.35000228881836,-18.0,39.0,-5.71999979019165,1.9652199998745346
111.60017991200039,13,-141.87999725341797,-141.0,45.0,-5.150000095367432,1.9887409998773364
111.60017991200039,15,320.239990234375,322.0,16.0,-2.2799999713897705,1.9219569994675112
111.60017991200039,17,-622.3699951171875,-622.0,1.0,-0.7999999523162842,2.0067890000063926
111.70016938300068,11,-15.35000228881836,-15.0,17.0,-6.359999656677246,1.849667999522353
111.70016938300068,13,-141.87999725341797,-137.0,36.0,-9.800000190734863,1.9919719998142682
111.70016938300068,15,320.239990234375,325.0,30.0,-5.069999694824219,1.8879090002883459
111.70016938300068,17,-622.3699951171875,-622.0,-1.0,-0.7999999523162842,1.8095080004059128
111.80018173400003,11,-15.35000228881836,-12.0,18.0,-7.549999713897705,1.837028000409191
111.80018173400003,13,-141.87999725341797,-130.0,61.0,-6.889999866485596,1.8027240002993494
111.80018173400003,15,320.239990234375,329.0,44.0,-2.490000009536743,2.008388999456656
111.80018173400003,17,-622.3699951171875,-621.0,5.0,-1.159999966621399,1.9821169998976984
111.90020134899987,11,-15.35000228881836,-11.0,-14.0,-11.889999389648438,1.8826599998646998
111.90020134899987,13,-141.87999725341797,-125.0,35.0,-12.479999542236328,2.03401999988273
111.90020134899987,15,320.239990234375,333.0,28.0,-5.639999866485596,2.250245000141149
111.90020134899987,17,-622.3699951171875,-621.0,0.0,-1.659999966621399,2.011876000324264
112.00021027599996,11,9.64999771118164,-15.0,-37.0,-8.380000114440918,1.9190120001439936
112.00021027599996,13,-116.87999725341797,-126.0,-41.0,-12.630000114440918,1.9821160003630212
112.00021027599996,15,345.239990234375,333.0,-33.0,-7.0,2.025060000050871
112.00021027599996,17,-597.3699951171875,-621.0,-6.0,-1.4900000095367432,2.0378930003062123
112.10018550699988,11,9.64999771118164,-15.0,-1.0,-7.039999961853027,1.875171999927261
112.10018550699988,13,-116.87999725341797,-132.0,-71.0,-8.539999961853027,2.1552039997914108
112.10018550699988,15,345.239990234375,326.0,-77.0,-4.25,1.8354920002821018
112.10018550699988,17,-597.3699951171875,-622.0,0.0,-1.4199999570846558,2.99578200065298
112.20020739400024,11,9.64999771118164,-15.0,-5.0,-5.670000076293945,1.9774119991780026
112.20020739400024,13,-116.87999725341797,-138.0,-54.0,-5.730000019073486,1.9250600007580942
112.20020739400024,15,345.239990234375,321.0,-32.0,-2.799999952316284,1.9041960003960412
112.20020739400024,17,-597.3699951171875,-622.0,-2.0,-1.2699999809265137,2.1090929994898033
112.30017014500027,11,9.64999771118164,-14.0,29.0,-4.980000019073486,1.969637000001967
112.30017014500027,13,-116.87999725341797,-140.0,-9.0,-5.159999847412109,1.9577319999370957
112.30017014500027,15,345.239990234375,321.0,29.0,-1.959999918937683,1.8147559994758922
112.30017014500027,17,-597.3699951171875,-621.0,12.0,0.5999999642372131,1.9909160000679549
112.40016044799995,11,9.64999771118164,-12.0,16.0,-5.089999675750732,1.895108000098844
112.40016044799995,13,-116.87999725341797,-140.0,-30.0,-7.940000057220459,1.8808360000548419
112.40016044799995,15,345.239990234375,326.0,50.0,-4.549999713897705,2.124644999639713
112.40016044799995,17,-597.3699951171875,-617.0,37.0,-0.019999999552965164,1.9897319998563034
112.50015564700061,11,9.64999771118164,-9.0,44.0,-2.5899999141693115,2.004164000027231
112.50015564700061,13,-116.87999725341797,-146.0,-68.0,-5.549999713897705,2.269636999699287
112.50015564700061,15,345.239990234375,329.0,14.0,-2.419999837875366,2.3174769994511735
112.50015564700061,17,-597.3699951171875,-611.0,65.0,0.09999999403953552,1.9212839997635456
112.60016156600068,11,9.64999771118164,-3.0,69.0,-2.950000047683716,1.9521320000421838
112.60016156600068,13,-116.87999725341797,-150.0,-17.0,-0.75,1.9022119995497633
112.60016156600068,15,345.239990234375,330.0,11.0,1.4800000190734863,2.052324999567645
112.60016156600068,17,-597.3699951171875,-604.0,63.0,-0.20999999344348907,1.9068520005021128
112.70023058900006,11,9.64999771118164,2.0,41.0,-2.6399998664855957,2.135013000042818
112.70023058900006,13,-116.87999725341797,-149.0,50.0,-0.25999999046325684,2.0941490001860075
112.70023058900006,15,345.239990234375,334.0,56.0,1.8600000143051147,1.9648040006359224
112.70023058900006,17,-597.3699951171875,-600.0,34.0,-0.17000000178813934,2.0086760005142423
112.80017250700075,11,9.64999771118164,7.0,49.0,-5.579999923706055,1.8039719998341752
112.80017250700075,13,-116.87999725341797,-139.0,112.0,-4.670000076293945,1.773603999936313
112.80017250700075,15,345.239990234375,340.0,76.0,-0.6299999952316284,1.876228000583069
112.80017250700075,17,-597.3699951171875,-596.0,33.0,-1.8700000047683716,1.9532850001269253
112.90015426600075,11,9.64999771118164,10.0,6.0,-7.059999942779541,1.8912040004579467
112.90015426600075,13,-116.87999725341797,-129.0,89.0,-7.859999656677246,1.9741490004889783
112.90015426600075,15,345.239990234375,346.0,51.0,-2.629999876022339,1.9063729996560141
112.90015426600075,17,-597.3699951171875,-595.0,0.0,-2.950000047683716,1.956068000254163
113.00019263300055,11,9.64999771118164,9.0,-12.0,-5.529999732971191,2.013540000007197
113.00019263300055,13,-116.87999725341797,-124.0,20.0,-6.949999809265137,1.813316000152554
113.00019263300055,15,345.239990234375,349.0,5.0,-2.9600000381469727,1.8090280000251369
113.00019263300055,17,-597.3699951171875,-596.0,-4.0,-2.929999828338623,2.2282290001385263
113.1001741680002,11,9.64999771118164,9.0,1.0,-5.739999771118164,1.8703080004343065
113.1001741680002,13,-116.87999725341797,-123.0,26.0,-4.539999961853027,2.0460200003071805
113.1001741680002,15,345.239990234375,346.0,-40.0,-0.550000011920929,1.918308000313118
113.1001741680002,17,-597.3699951171875,-596.0,-9.0,-2.6599998474121094,2.087172999381437
113.20016251800007,11,9.64999771118164,9.0,-1.0,-6.37999963760376,1.8806119996952475
113.20016251800007,13,-116.87999725341797,-120.0,20.0,-2.919999837875366,1.962532999641553
113.20016251800007,15,345.239990234375,343.0,-14.0,0.47999998927116394,1.8398439997326932
113.20016251800007,17,-597.3699951171875,-597.0,-7.0,-1.2799999713897705,2.4500539993823622
113.30024709300051,11,9.64999771118164,11.0,21.0,-7.599999904632568,2.0109799997953814
113.30024709300051,13,-116.87999725341797,-115.0,40.0,-3.679999828338623,1.9889000004695845
113.30024709300051,15,345.239990234375,343.0,10.0,1.1200000047683716,1.7240360002688249
113.30024709300051,17,-597.3699951171875,-596.0,18.0,-1.3899999856948853,1.986659999602125
113.4001729800002,11,9.64999771118164,10.0,-29.0,-7.739999771118164,1.823555999180826
113.4001729800002,13,-116.87999725341797,-113.0,7.0,-6.019999980926514,2.0259249995433493
113.4001729800002,15,345.239990234375,346.0,37.0,-1.7599999904632568,2.4140530003933236
113.4001729800002,17,-597.3699951171875,-595.0,0.0,-2.759999990463257,2.007045000027574
113.50016923400017,11,9.64999771118164,8.0,-12.0,-3.0899999141693115,2.1006759998272173
113.50016923400017,13,-116.87999725341797,-112.0,-9.0,-7.599999904632568,1.8079720002788235
113.50016923400017,15,345.239990234375,348.0,4.0,-1.7999999523162842,1.8157159993279492
113.50016923400017,17,-597.3699951171875,-596.0,-1.0,-2.740000009536743,2.008388999456656
113.60015345700049,11,9.64999771118164,9.0,16.0,-3.8299999237060547,1.9561640001484193
113.60015345700049,13,-116.87999725341797,-115.0,-26.0,-5.909999847412109,1.948004000041692
113.60015345700049,15,345.239990234375,348.0,-3.0,-2.169999837875366,2.0649970001613838
113.60015345700049,17,-597.3699951171875,-597.0,-20.0,-1.0,2.1167409995541675
113.70016001500062,11,9.64999771118164,9.0,-2.0,-4.569999694824219,1.9364520003364305
113.70016001500062,13,-116.87999725341797,-117.0,-13.0,-4.549999713897705,1.8666609994397731
113.70016001500062,15,345.239990234375,346.0,-12.0,-1.46999990940094,1.675939000051585
113.70016001500062,17,-597.3699951171875,-597.0,0.0,-0.9899999499320984,1.8869490004362888
113.80017035000037,11,9.64999771118164,10.0,7.0,-4.019999980926514,1.973444999748608
113.80017035000037,13,-116.87999725341797,-115.0,15.0,-2.629999876022339,1.7045479999069357
113.80017035000037,15,345.239990234375,345.0,-12.0,-0.25,1.8801329997586436
113.80017035000037,17,-597.3699951171875,-597.0,12.0,-0.6499999761581421,2.0010289999845554
113.9002095169999,11,9.64999771118164,10.0,-5.0,-5.839999675750732,1.7684839995126822
113.9002095169999,13,-116.87999725341797,-113.0,14.0,-5.5,1.7139869996753987
113.9002095169999,15,345.239990234375,346.0,20.0,-1.7599999904632568,1.8358440001975396
113.9002095169999,17,-597.3699951171875,-596.0,0.0,-1.9799998998641968,1.9500839998727315
114.00018932300009,11,34.64999771118164,10.0,-2.0,-5.759999752044678,1.8596529998831102
114.00018932300009,13,-91.87999725341797,-113.0,-1.0,-6.789999961853027,1.9955890002165688
114.00018932300009,15,370.239990234375,348.0,0.0,-2.180000066757202,1.7496680002295761
114.00018932300009,17,-572.3699951171875,-596.0,0.0,-2.6499998569488525,2.199845000177447
114.10022941800071,11,34.64999771118164,9.0,0.0,-6.150000095367432,2.0734760000777896
114.10022941800071,13,-91.87999725341797,-114.0,-18.0,-6.460000038146973,1.9219880005039158
114.10022941800071,15,370.239990234375,347.0,-17.0,-1.25,2.240773000266927
114.10022941800071,17,-572.3699951171875,-596.0,-1.0,-3.049999952316284,2.0204530001137755
114.2001985679999,11,34.64999771118164,9.0,-1.0,-6.190000057220459,1.9217959998059087
114.2001985679999,13,-91.87999725341797,-117.0,-25.0,-3.9800000190734863,1.8972839998241398
114.2001985679999,15,370.239990234375,344.0,-24.0,0.3799999952316284,1.861860999269993
114.2001985679999,17,-572.3699951171875,-596.0,-9.0,-2.429999828338623,1.8115559996658703
114.30016096600048,11,34.64999771118164,11.0,18.0,-6.239999771118164,2.008868999837432
114.30016096600048,13,-91.87999725341797,-116.0,-1.0,-2.3999998569488525,1.952068999344192
114.30016096600048,15,370.239990234375,341.0,-15.0,1.5299999713897705,2.027268999881926
114.30016096600048,17,-572.3699951171875,-596.0,10.0,-1.7699999809265137,2.0071729995834175
114.40017837200048,11,34.64999771118164,13.0,10.0,-5.799999713897705,1.8965159997605952
114.40017837200048,13,-91.87999725341797,-116.0,1.0,-3.069999933242798,2.0730610003738548
114.40017837200048,15,370.239990234375,343.0,32.0,0.7899999618530273,1.7289639999944484
114.40017837200048,17,-572.3699951171875,-595.0,11.0,-0.7199999690055847,2.932838000560878
114.50016973099991,11,34.64999771118164,15.0,43.0,-1.309999942779541,1.9977960000687744
114.50016973099991,13,-91.87999725341797,-115.0,12.0,-2.0199999809265137,1.8092199998136493
114.50016973099991,15,370.239990234375,348.0,51.0,0.3999999761581421,1.6628840003249934
114.50016973099991,17,-572.3699951171875,-591.0,42.0,-0.4399999976158142,1.9714280006155604
114.60022163300073,11,34.64999771118164,22.0,69.0,-3.9700000286102295,1.8744050003078883
114.60022163300073,13,-91.87999725341797,-113.0,30.0,-0.6800000071525574,2.189861000260862
114.60022163300073,15,370.239990234375,352.0,44.0,2.569999933242798,2.156388000003062
114.60022163300073,17,-572.3699951171875,-585.0,70.0,-0.41999998688697815,1.8128679994333652
114.70015923100073,11,34.64999771118164,27.0,36.0,-3.8399999141693115,2.1465319996423204
114.70015923100073,13,-91.87999725341797,-109.0,49.0,0.949999988079071,1.8829800001185504
114.70015923100073,15,370.239990234375,357.0,46.0,4.460000038146973,1.7420519998267991
114.70015923100073,17,-572.3699951171875,-578.0,53.0,-0.12999999523162842,2.020259999881091
114.80017161400065,11,34.64999771118164,32.0,37.0,-2.3299999237060547,1.967363999938243
114.80017161400065,13,-91.87999725341797,-103.0,76.0,-0.8499999642372131,1.9439079997027875
114.80017161400065,15,370.239990234375,358.0,31.0,3.7200000286102295,1.8972199995914707
114.80017161400065,17,-572.3699951171875,-573.0,35.0,-0.25999999046325684,2.187525000408641
114.90016918000038,11,34.64999771118164,34.0,8.0,-3.990000009536743,2.0234290004736977
114.90016918000038,13,-91.87999725341797,-97.0,48.0,-0.9699999690055847,1.8929640000351355
114.90016918000038,15,370.239990234375,362.0,38.0,3.9599997997283936,1.9398129998080549
114.90016918000038,17,-572.3699951171875,-571.0,10.0,-0.03999999910593033,2.3421180003424524
115.00029704999997,11,34.64999771118164,34.0,-2.0,-1.959999918937683,1.855267999417265
115.00029704999997,13,-91.87999725341797,-93.0,36.0,-1.559999942779541,1.8193010000686627
115.00029704999997,15,370.239990234375,366.0,33.0,3.0199999809265137,1.7529639999338542
115.00029704999997,17,-572.3699951171875,-571.0,-3.0,-0.6699999570846558,1.8552999999883468
115.10015653600021,11,34.64999771118164,34.0,4.0,-2.919999837875366,1.8705329994190834
115.10015653600021,13,-91.87999725341797,-91.0,16.0,-2.4600000381469727,1.9604520002758363
115.10015653600021,15,370.239990234375,368.0,7.0,2.8899998664855957,1.776387999598228
115.10015653600021,17,-572.3699951171875,-572.0,0.0,-0.7699999809265137,2.0491559998845332
115.20021074200031,11,34.64999771118164,35.0,0.0,-4.869999885559082,1.9731239999600803
115.20021074200031,13,-91.87999725341797,-90.0,-4.0,-2.5,2.0918760001222836
115.20021074200031,15,370.239990234375,368.0,-1.0,3.3399999141693115,1.9086760003119707
115.20021074200031,17,-572.3699951171875,-572.0,-1.0,-0.8399999737739563,2.1082610001030844
115.30018670800018,11,34.64999771118164,35.0,0.0,-4.869999885559082,1.79491600010806
115.30018670800018,13,-91.87999725341797,-91.0,-10.0,-0.9799999594688416,1.862564000475686
115.30018670800018,15,370.239990234375,364.0,-33.0,4.539999961853027,1.7931239999597892
115.30018670800018,17,-572.3699951171875,-572.0,0.0,-0.4699999988079071,1.9574449997890042
115.40020891400036,11,34.64999771118164,35.0,-9.0,-5.230000019073486,1.8231079993711319
115.40020891400036,13,-91.87999725341797,-92.0,-13.0,0.429999977350235,1.7991720005738898
115.40020891400036,15,370.239990234375,364.0,-1.0,4.579999923706055,1.8877490001614206
115.40020891400036,17,-572.3699951171875,-572.0,-3.0,-0.2199999988079071,2.127077000295685
115.50020532800045,11,34.64999771118164,34.0,0.0,-2.93999981880188,1.818564000132028
115.50020532800045,13,-91.87999725341797,-92.0,8.0,0.17000000178813934,1.8537639998612576
115.50020532800045,15,370.239990234375,364.0,11.0,4.799999713897705,1.7805159995987196
115.50020532800045,17,-572.3699951171875,-572.0,0.0,-0.11999999731779099,1.8583399996714434
115.60024478200012,11,34.64999771118164,34.0,3.0,-3.819999933242798,1.848771999902965
115.60024478200012,13,-91.87999725341797,-91.0,15.0,-1.3799999952316284,1.7656999998507672
115.60024478200012,15,370.239990234375,366.0,30.0,3.240000009536743,1.8390760005786433
115.60024478200012,17,-572.3699951171875,-572.0,2.0,-0.5399999618530273,1.959683999302797
115.70017438000013,11,34.64999771118164,34.0,-2.0,-2.9099998474121094,2.0821479993173853
115.70017438000013,13,-91.87999725341797,-90.0,2.0,-2.240000009536743,1.8690280003283988
115.70017438000013,15,370.239990234375,370.0,32.0,1.2999999523162842,1.8430440004522097
115.70017438000013,17,-572.3699951171875,-572.0,0.0,-0.7199999690055847,1.7911719996845932
115.80017255400071,11,34.64999771118164,35.0,5.0,-2.7300000190734863,1.923299999361916
115.80017255400071,13,-91.87999725341797,-89.0,-11.0,-1.6299999952316284,1.7898919995786855
115.80017255400071,15,370.239990234375,370.0,-8.0,2.119999885559082,1.8457000005582813
115.80017255400071,17,-572.3699951171875,-572.0,0.0,-0.41999998688697815,1.8226279998998507
115.90020109600027,11,34.64999771118164,35.0,-5.0,-4.119999885559082,1.954596000359743
115.90020109600027,13,-91.87999725341797,-91.0,-19.0,-0.4699999988079071,1.7488029998276033
115.90020109600027,15,370.239990234375,368.0,-27.0,3.0399999618530273,1.8868520000978606
115.90020109600027,17,-572.3699951171875,-572.0,-1.0,-0.4399999976158142,2.5489339996056515
116.00017869400017,11,59.64999771118164,34.0,-2.0,-2.6499998569488525,2.033859999755805
116.00017869400017,13,-66.87999725341797,-93.0,-9.0,1.5199999809265137,1.9270120001237956
116.00017869400017,15,395.239990234375,364.0,-34.0,5.619999885559082,1.7214110002896632
116.00017869400017,17,-547.3699951171875,-572.0,-2.0,0.029999999329447746,1.9066929999098647
116.10016803600047,11,59.64999771118164,35.0,8.0,-4.819999694824219,2.0743089999086806
116.10016803600047,13,-66.87999725341797,-93.0,0.0,2.7200000286102295,1.957827999831352
116.10016803600047,15,395.239990234375,363.0,0.0,5.769999980926514,1.9094449999101926
116.10016803600047,17,-547.3699951171875,-572.0,0.0,0.11999999731779099,1.9632359999377513
116.2001691860005,11,59.64999771118164,34.0,-6.0,-4.710000038146973,1.8105959998138133
116.2001691860005,13,-66.87999725341797,-92.0,18.0,1.809999942779541,1.8544369995652232
116.2001691860005,15,395.239990234375,364.0,10.0,5.989999771118164,1.9710450005732127
116.2001691860005,17,-547.3699951171875,-572.0,0.0,0.07000000029802322,1.9323879996591131
116.30017286400016,11,59.64999771118164,34.0,-2.0,-3.1999998092651367,1.8342759994993685
116.30017286400016,13,-66.87999725341797,-89.0,39.0,-0.29999998211860657,1.8139880003218423
116.30017286400016,15,395.239990234375,362.0,-5.0,3.8399999141693115,1.7935079995368142
116.30017286400016,17,-547.3699951171875,-571.0,11.0,0.22999998927116394,1.8335720005779876
116.40017529300076,11,59.64999771118164,35.0,11.0,-2.740000009536743,1.8133159992430592
116.40017529300076,13,-66.87999725341797,-86.0,30.0,2.0,1.8503399996916414
116.40017529300076,15,395.239990234375,364.0,34.0,6.329999923706055,1.9354289997863816
116.40017529300076,17,-547.3699951171875,-568.0,31.0,0.7199999690055847,1.7822760000854032
116.50015989900021,11,59.64999771118164,37.0,38.0,-2.5899999141693115,1.9105320006929105
116.50015989900021,13,-66.87999725341797,-82.0,55.0,4.569999694824219,2.1159409998290357
116.50015989900021,15,395.239990234375,369.0,62.0,8.279999732971191,1.7290589994445327
116.50015989900021,17,-547.3699951171875,-563.0,62.0,1.4299999475479126,2.0941810007570894
116.60021583300022,11,59.64999771118164,41.0,44.0,-3.619999885559082,1.9442920001893071
116.60021583300022,13,-66.87999725341797,-75.0,75.0,3.2799999713897705,1.9051879999096855
116.60021583300022,15,395.239990234375,377.0,81.0,8.34999942779541,1.9137320005029324
116.60021583300022,17,-547.3699951171875,-556.0,67.0,0.9899999499320984,1.8652849994396092
116.70018808700024,11,59.64999771118164,46.0,57.0,-1.3700000047683716,1.919555999847944
116.70018808700024,13,-66.87999725341797,-68.0,58.0,0.7999999523162842,1.7432670001653605
116.70018808700024,15,395.239990234375,386.0,99.0,5.329999923706055,1.7473959997005295
116.70018808700024,17,-547.3699951171875,-550.0,40.0,0.7799999713897705,2.003812000111793
116.80023150800025,11,59.64999771118164,52.0,47.0,-0.7899999618530273,2.6502139999138308
116.80023150800025,13,-66.87999725341797,-63.0,36.0,-0.07000000029802322,2.1527399994738516
116.80023150800025,15,395.239990234375,391.0,22.0,4.880000114440918,2.060869000160892
116.80023150800025,17,-547.3699951171875,-546.0,28.0,0.029999999329447746,1.8358440001975396
116.90017787400029,11,59.64999771118164,57.0,38.0,-2.690000057220459,1.8812210000760388
116.90017787400029,13,-66.87999725341797,-62.0,2.0,2.4800000190734863,1.8059880003420403
116.90017787400029,15,395.239990234375,393.0,23.0,7.369999885559082,1.923427999827254
116.90017787400029,17,-547.3699951171875,-546.0,0.0,0.949999988079071,2.007332999710343
117.00025428800018,11,59.64999771118164,59.0,17.0,-2.93999981880188,2.1925810005996027
117.00025428800018,13,-66.87999725341797,-62.0,1.0,4.199999809265137,1.919555999847944
117.00025428800018,15,395.239990234375,396.0,32.0,8.550000190734863,1.8616360002852161
117.00025428800018,17,-547.3699951171875,-546.0,-13.0,0.6599999666213989,2.0185640005365713
117.10019639700022,11,59.64999771118164,59.0,0.0,-3.4800000190734863,2.025509000304737
117.10019639700022,13,-66.87999725341797,-62.0,0.0,4.400000095367432,2.1735079999416484
117.10019639700022,15,395.239990234375,399.0,29.0,8.329999923706055,1.8403239992039744
117.10019639700022,17,-547.3699951171875,-548.0,-4.0,1.8499999046325684,1.872867999736627
117.20017053800075,11,59.64999771118164,59.0,-2.0,-3.419999837875366,1.9204840000384138
117.20017053800075,13,-66.87999725341797,-62.0,-3.0,2.799999952316284,1.8533160000515636
117.20017053800075,15,395.239990234375,401.0,17.0,6.889999866485596,1.734532000227773
117.20017053800075,17,-547.3699951171875,-548.0,5.0,1.6100000143051147,1.8781489998218603
117.3001931280005,11,59.64999771118164,60.0,0.0,-1.8299999237060547,1.8231399999422138
117.3001931280005,13,-66.87999725341797,-63.0,-16.0,0.9699999690055847,1.9822120002572774
117.3001931280005,15,395.239990234375,397.0,-61.0,4.569999694824219,2.025859999776003
117.3001931280005,17,-547.3699951171875,-547.0,-2.0,0.5899999737739563,1.9998440002382267
117.40126861600038,11,59.64999771118164,60.0,0.0,-3.0299999713897705,1.9767410003623809
117.40126861600038,13,-66.87999725341797,-66.0,-26.0,2.6599998474121094,1.8957490001412225
117.40126861600038,15,395.239990234375,392.0,-45.0,6.170000076293945,2.1140850003575906
117.40126861600038,17,-547.3699951171875,-548.0,-5.0,1.409999966621399,2.023524999458459
117.50019833900024,11,59.64999771118164,59.0,-4.0,-3.18999981880188,1.8365480000284151
117.50019833900024,13,-66.87999725341797,-68.0,-8.0,3.5,2.0170279994999873
117.50019833900024,15,395.239990234375,389.0,-17.0,6.179999828338623,2.010436000091431
117.50019833900024,17,-547.3699951171875,-548.0,0.0,1.6200000047683716,1.8772849998640595
117.60023312000067,11,59.64999771118164,59.0,-2.0,-3.359999895095825,2.047491999292106
117.60023312000067,13,-66.87999725341797,-68.0,4.0,3.75,3.0864709997331374
117.60023312000067,15,395.239990234375,388.0,0.0,6.87999963760376,1.9783090001510573
117.60023312000067,17,-547.3699951171875,-548.0,3.0,1.809999942779541,1.8660200003068894
117.70016841400047,11,59.64999771118164,59.0,0.0,-2.4700000286102295,1.8674920002013096
117.70016841400047,13,-66.87999725341797,-67.0,12.0,3.309999942779541,1.7747880001479643
117.70016841400047,15,395.239990234375,388.0,0.0,7.669999599456787,1.881795999906899
117.70016841400047,17,-547.3699951171875,-547.0,0.0,1.5399999618530273,1.8629489995873882
117.80017593100001,11,59.64999771118164,59.0,1.0,-0.8700000047683716,1.8801649994202307
117.80017593100001,13,-66.87999725341797,-67.0,-1.0,1.0299999713897705,1.791140000023006
117.80017593100001,15,395.239990234375,385.0,-44.0,5.059999942779541,2.0908530004817294
117.80017593100001,17,-547.3699951171875,-547.0,0.0,0.4399999976158142,2.003747999879124
117.90016434500012,11,59.64999771118164,60.0,0.0,-2.9600000381469727,2.026883999860729
117.90016434500012,13,-66.87999725341797,-69.0,-10.0,3.7300000190734863,1.95462800002133
117.90016434500012,15,395.239990234375,383.0,0.0,8.039999961853027,1.7266920003748965
117.90016434500012,17,-547.3699951171875,-548.0,-6.0,1.8799999952316284,2.161925000109477
118.0002077980007,11,84.64999771118164,59.0,-6.0,-1.809999942779541,1.9401650006329874
118.0002077980007,13,-41.87999725341797,-69.0,7.0,4.159999847412109,1.9976690000476083
118.0002077980007,15,420.239990234375,385.0,30.0,8.0,1.832707999710692
118.0002077980007,17,-522.3699951171875,-548.0,2.0,2.0,1.827556000534969
118.10017531500034,11,84.64999771118164,59.0,0.0,-1.659999966621399,1.979589000256965
118.10017531500034,13,-41.87999725341797,-67.0,14.0,2.8499999046325684,1.881348000097205
118.10017531500034,15,420.239990234375,388.0,32.0,6.699999809265137,1.9407079998927657
118.10017531500034,17,-522.3699951171875,-547.0,11.0,1.1999999284744263,1.945603999956802
118.20016648000001,11,84.64999771118164,59.0,0.0,-1.3600000143051147,2.028740000241669
118.20016648000001,13,-41.87999725341797,-66.0,1.0,1.8799999952316284,1.8489639996914775
118.20016648000001,15,420.239990234375,391.0,31.0,5.190000057220459,1.8438440001773415
118.20016648000001,17,-522.3699951171875,-546.0,6.0,0.5399999618530273,1.952708000317216
118.30017745300029,11,84.64999771118164,59.0,7.0,0.29999998211860657,2.0091559999855235
118.30017745300029,13,-41.87999725341797,-66.0,0.0,1.3600000143051147,1.6587240006629145
118.30017745300029,15,420.239990234375,391.0,-12.0,4.670000076293945,2.0247730008122744
118.30017745300029,17,-522.3699951171875,-546.0,5.0,0.8499999642372131,1.9416050008658203
118.40018397900076,11,84.64999771118164,62.0,26.0,-2.259999990463257,1.9881320004060399
118.40018397900076,13,-41.87999725341797,-66.0,4.0,4.599999904632568,1.9341480001457967
118.40018397900076,15,420.239990234375,391.0,4.0,9.329999923706055,1.7672359999778564
118.40018397900076,17,-522.3699951171875,-544.0,38.0,2.359999895095825,1.976739999918209
118.500174152,11,84.64999771118164,66.0,47.0,-3.259999990463257,1.8861799999285722
118.500174152,13,-41.87999725341797,-63.0,46.0,6.12999963760376,1.9438439994701184
118.500174152,15,420.239990234375,395.0,70.0,10.889999389648438,1.8530919996919692
118.500174152,17,-522.3699951171875,-538.0,67.0,2.679999828338623,1.7621799997868948
118.60017891700045,11,84.64999771118164,71.0,57.0,-2.0299999713897705,2.0459890001802705
118.60017891700045,13,-41.87999725341797,-54.0,98.0,3.069999933242798,1.95645300027536
118.60017891700045,15,420.239990234375,405.0,116.0,7.62999963760376,2.0255409999663243
118.60017891700045,17,-522.3699951171875,-530.0,71.0,1.7400000095367432,1.9272999998065643
118.7001744019999,11,84.64999771118164,77.0,49.0,-0.7799999713897705,1.9561650005925912
118.7001744019999,13,-41.87999725341797,-46.0,62.0,0.26999998092651367,1.8860849995689932
118.7001744019999,15,420.239990234375,417.0,110.0,3.059999942779541,1.87430799996946
118.7001744019999,17,-522.3699951171875,-524.0,40.0,0.5999999642372131,1.8601969995870604
118.80019078300029,11,84.64999771118164,82.0,45.0,-3.7899999618530273,1.840804000494245
118.80019078300029,13,-41.87999725341797,-42.0,21.0,1.5999999046325684,1.802916000087862
118.80019078300029,15,420.239990234375,424.0,62.0,2.0199999809265137,2.008036000006541
118.80019078300029,17,-522.3699951171875,-522.0,18.0,0.7400000095367432,2.049348999207723
118.9001796120001,11,84.64999771118164,84.0,13.0,-3.0999999046325684,2.015556000515062
118.9001796120001,13,-41.87999725341797,-40.0,29.0,2.4600000381469727,1.879972000097041
118.9001796120001,15,420.239990234375,429.0,24.0,4.400000095367432,1.9904369992218562
118.9001796120001,17,-522.3699951171875,-520.0,7.0,0.4699999988079071,1.902596000036283
119.00016130499989,11,84.64999771118164,85.0,8.0,-2.3299999237060547,1.975875999960408
119.00016130499989,13,-41.87999725341797,-38.0,19.0,1.8799999952316284,1.9689640002980013
119.00016130499989,15,420.239990234375,433.0,53.0,3.359999895095825,1.7473960006100242
119.00016130499989,17,-522.3699951171875,-522.0,-25.0,0.8799999952316284,1.8725479994827765
119.10019733399986,11,84.64999771118164,85.0,-4.0,-3.8999998569488525,1.9545959994502482
119.10019733399986,13,-41.87999725341797,-37.0,-1.0,0.8999999761581421,2.0680689995060675
119.10019733399986,15,420.239990234375,438.0,46.0,1.1299999952316284,1.8930599999293918
119.10019733399986,17,-522.3699951171875,-522.0,0.0,0.7799999713897705,1.8721960004768334
119.20021950699993,11,84.64999771118164,84.0,-5.0,-2.5799999237060547,1.9162599992341711
119.20021950699993,13,-41.87999725341797,-39.0,-22.0,0.2800000011920929,1.8281650000062655
119.20021950699993,15,420.239990234375,440.0,1.0,0.32999998331069946,2.140677000170399
119.20021950699993,17,-522.3699951171875,-522.0,0.0,0.7299999594688416,3.0595270000048913
119.30019931200059,11,84.64999771118164,85.0,8.0,-4.739999771118164,1.9569329997466411
119.30019931200059,13,-41.87999725341797,-42.0,-31.0,1.7599999904632568,1.8101480000041192
119.30019931200059,15,420.239990234375,438.0,-40.0,0.9199999570846558,1.8427240001983591
119.30019931200059,17,-522.3699951171875,-522.0,-4.0,0.9599999785423279,2.0571889999700943
119.40016926099997,11,84.64999771118164,84.0,-17.0,-3.490000009536743,2.0099889998164144
119.40016926099997,13,-41.87999725341797,-43.0,3.0,2.0299999713897705,1.9796850001512212
119.40016926099997,15,420.239990234375,432.0,-60.0,1.6899999380111694,1.8702440002016374
119.40016926099997,17,-522.3699951171875,-522.0,1.0,1.1299999952316284,1.9463400003587594
119.50016961000074,11,84.64999771118164,84.0,0.0,-3.1999998092651367,1.867139999376377
119.50016961000074,13,-41.87999725341797,-42.0,3.0,1.5699999332427979,1.9736680005735252
119.50016961000074,15,420.239990234375,426.0,-63.0,1.6699999570846558,1.8358759998591268
119.50016961000074,17,-522.3699951171875,-522.0,2.0,1.0299999713897705,1.8027880005320185
119.60016285500024,11,84.64999771118164,84.0,0.0,-3.169999837875366,1.8759080003292183
119.60016285500024,13,-41.87999725341797,-42.0,0.0,2.0399999618530273,1.643331000195758
119.60016285500024,15,420.239990234375,420.0,-57.0,3.2100000381469727,1.8562280001788167
119.60016285500024,17,-522.3699951171875,-522.0,0.0,1.2699999809265137,1.7913320007210132
119.70018790799986,11,84.64999771118164,84.0,0.0,-2.8899998664855957,1.7928679999386077
119.70018790799986,13,-41.87999725341797,-42.0,0.0,2.25,1.795492000383092
119.70018790799986,15,420.239990234375,416.0,-18.0,3.6399998664855957,2.026883999860729
119.70018790799986,17,-522.3699951171875,-522.0,0.0,1.399999976158142,1.9732210002985084
119.80017977600073,11,84.64999771118164,85.0,0.0,-2.109999895095825,2.109891999680258
119.80017977600073,13,-41.87999725341797,-42.0,-2.0,1.4800000190734863,1.7913640003826004
119.80017977600073,15,420.239990234375,415.0,-15.0,2.5399999618530273,2.005604999794741
119.80017977600073,17,-522.3699951171875,-522.0,-2.0,0.949999988079071,1.924739999594749
119.9001625890005,11,84.64999771118164,84.0,-3.0,-2.440000057220459,1.8658600001799641
119.9001625890005,13,-41.87999725341797,-43.0,4.0,2.309999942779541,1.812452000194753
119.9001625890005,15,420.239990234375,414.0,1.0,4.089999675750732,1.7675550006970298
119.9001625890005,17,-522.3699951171875,-522.0,1.0,1.090000033378601,2.0124210004723864
120.00025618600012,11,-13.167175908200988,84.0,0.0,-2.609999895095825,1.870948000032513
120.00025618600012,13,-77.94729104870174,-42.0,7.0,1.7400000095367432,2.0043569993504207
120.00025618600012,15,389.20692725741395,415.0,13.0,3.369999885559082,1.850212000135798
120.00025618600012,17,-565.6062933450892,-522.0,3.0,1.1299999952316284,2.0507560002442915
120.10022872700029,11,-13.167175908200988,84.0,0.0,-2.7100000381469727,1.9108520000372664
120.10022872700029,13,-77.94729104870174,-42.0,0.0,1.8899999856948853,1.7739879995133379
120.10022872700029,15,389.20692725741395,416.0,4.0,3.6399998664855957,1.7576359996382962
120.10022872700029,17,-565.6062933450892,-522.0,0.0,1.2400000095367432,1.8132519999198848
120.20018248300039,11,-13.167175908200988,84.0,0.0,-3.0999999046325684,1.9088039998678141
120.20018248300039,13,-77.94729104870174,-42.0,0.0,2.0,1.7292839993388043
120.20018248300039,15,389.20692725741395,416.0,0.0,4.009999752044678,1.9102129999737372
120.20018248300039,17,-565.6062933450892,-522.0,0.0,1.3600000143051147,1.7521319996376405
120.3002002080002,11,-13.167175908200988,85.0,-10.0,-2.690000057220459,1.8783399991662009
120.3002002080002,13,-77.94729104870174,-43.0,-23.0,1.409999966621399,1.7346599997836165
120.3002002080002,15,389.20692725741395,414.0,-43.0,2.200000047683716,1.717443999950774
120.3002002080002,17,-565.6062933450892,-523.0,-13.0,0.19999998807907104,2.0616050005628495
120.40024881299996,11,-13.167175908200988,82.0,-33.0,-3.0999999046325684,1.8192039997302345
120.40024881299996,13,-77.94729104870174,-46.0,-32.0,2.559999942779541,1.755780000166851
120.40024881299996,15,389.20692725741395,408.0,-66.0,4.179999828338623,1.8285480000486132
120.40024881299996,17,-565.6062933450892,-526.0,-36.0,0.26999998092651367,1.760004000061599
120.50017636100074,11,-13.167175908200988,78.0,-47.0,-2.2699999809265137,2.0627569992939243
120.50017636100074,13,-77.94729104870174,-49.0,-39.0,1.9499999284744263,1.9622760000856942
120.50017636100074,15,389.20692725741395,402.0,-55.0,4.069999694824219,1.791235000382585
120.50017636100074,17,-565.6062933450892,-532.0,-67.0,0.5999999642372131,1.8459560005794629
120.60020535000058,11,-13.167175908200988,72.0,-62.0,-1.8299999237060547,1.960644999599026
120.60020535000058,13,-77.94729104870174,-54.0,-54.0,1.6200000047683716,1.8985639999300474
120.60020535000058,15,389.20692725741395,396.0,-71.0,4.049999713897705,1.7592040003364673
120.60020535000058,17,-565.6062933450892,-539.0,-86.0,0.4599999785423279,1.867171999947459
120.7001840339999,11,-13.167175908200988,65.0,-73.0,-2.359999895095825,1.825091999307915
120.7001840339999,13,-77.94729104870174,-61.0,-76.0,1.7300000190734863,1.7653479999353294
120.7001840339999,15,389.20692725741395,389.0,-54.0,4.75,1.911172000291117
120.7001840339999,17,-565.6062933450892,-549.0,-97.0,0.7099999785423279,2.059588000520307
120.80018467100035,11,-13.167175908200988,58.0,-92.0,-2.190000057220459,2.001252999434655
120.80018467100035,13,-77.94729104870174,-68.0,-72.0,0.8899999856948853,1.7314920005446766
120.80018467100035,15,389.20692725741395,381.0,-97.0,4.710000038146973,1.8347559998801444
120.80018467100035,17,-565.6062933450892,-556.0,-69.0,0.14000000059604645,2.429445000416308
120.90018799500012,11,-13.167175908200988,48.0,-99.0,-5.75,1.832676000049105
120.90018799500012,13,-77.94729104870174,-75.0,-62.0,3.109999895095825,1.859171999967657
120.90018799500012,15,389.20692725741395,374.0,-47.0,7.539999961853027,1.7465000000811415
120.90018799500012,17,-565.6062933450892,-562.0,-41.0,0.29999998211860657,1.9364520003364305
121.00017263200061,11,48.82719432048222,37.0,-127.0,-6.289999961853027,2.051973000561702
121.00017263200061,13,-125.54658817075469,-80.0,-35.0,4.730000019073486,1.8508200000724173
121.00017263200061,15,356.3283926373166,373.0,1.0,9.289999961853027,1.939877000040724
121.00017263200061,17,-571.563739013999,-565.0,-22.0,0.6800000071525574,1.879588000520016
121.10016994000034,11,48.82719432048222,24.0,-113.0,-5.239999771118164,1.9111729998257942
121.10016994000034,13,-125.54658817075469,-81.0,-6.0,3.929999828338623,1.9845490005536703
121.10016994000034,15,356.3283926373166,375.0,44.0,10.149999618530273,1.8783080004141084
121.10016994000034,17,-571.563739013999,-566.0,0.0,1.2999999523162842,1.922948000355973
121.20015928000066,11,48.82719432048222,14.0,-96.0,-7.119999885559082,1.8825320003088564
121.20015928000066,13,-125.54658817075469,-80.0,27.0,2.240000009536743,1.7834279997259728
121.20015928000066,15,356.3283926373166,381.0,53.0,8.369999885559082,1.8092199998136493
121.20015928000066,17,-571.563739013999,-565.0,8.0,0.5399999618530273,1.7122910003308789
121.30017066900018,11,48.82719432048222,6.0,-90.0,-5.349999904632568,1.9090920004600775
121.30017066900018,13,-125.54658817075469,-78.0,25.0,-0.7400000095367432,2.0414439995875
121.30017066900018,15,356.3283926373166,381.0,-14.0,4.429999828338623,1.8402599998808
121.30017066900018,17,-571.563739013999,-565.0,-12.0,-0.429999977350235,2.0584050007528276
121.40016567300063,11,48.82719432048222,-1.0,-88.0,-6.839999675750732,1.9140209997203783
121.40016567300063,13,-125.54658817075469,-78.0,-14.0,0.22999998927116394,1.7432679997000378
121.40016567300063,15,356.3283926373166,381.0,3.0,5.5,1.865795999947295
121.40016567300063,17,-571.563739013999,-568.0,-47.0,-0.09999999403953552,2.031589000580425
121.50016995700025,11,48.82719432048222,-9.0,-61.0,-4.779999732971191,1.9982120002168813
121.50016995700025,13,-125.54658817075469,-80.0,-25.0,1.5399999618530273,1.7026590003297315
121.50016995700025,15,356.3283926373166,382.0,2.0,5.380000114440918,1.7671079995125183
121.50016995700025,17,-571.563739013999,-571.0,-24.0,0.5899999737739563,1.9524200006344472
121.60016077,11,48.82719432048222,-13.0,-37.0,-6.349999904632568,1.9900200004485669
121.60016077,13,-125.54658817075469,-82.0,-25.0,0.7299999594688416,1.8590119998407317
121.60016077,15,356.3283926373166,382.0,-1.0,4.019999980926514,1.8180200004280778
121.60016077,17,-571.563739013999,-571.0,0.0,0.5899999737739563,1.961189000212471
121.70018198200069,11,48.82719432048222,-17.0,-28.0,-5.069999694824219,1.9763889995374484
121.70018198200069,13,-125.54658817075469,-85.0,-41.0,-0.5099999904632568,2.002661000005901
121.70018198200069,15,356.3283926373166,381.0,-14.0,1.3600000143051147,1.8730279998635524
121.70018198200069,17,-571.563739013999,-571.0,2.0,0.26999998092651367,2.4818299998514703
121.80016463399988,11,48.82719432048222,-17.0,-3.0,-5.659999847412109,1.8257960000482854
121.80016463399988,13,-125.54658817075469,-89.0,-50.0,-0.9300000071525574,1.9420839998929296
121.80016463399988,15,356.3283926373166,377.0,-59.0,1.6299999952316284,1.8728040004134527
121.80016463399988,17,-571.563739013999,-571.0,2.0,-0.009999999776482582,1.881315999526123
121.90022165500068,11,48.82719432048222,-17.0,-2.0,-8.699999809265137,1.8844520000129705
121.90022165500068,13,-125.54658817075469,-95.0,-71.0,-1.3600000143051147,1.8802600006893044
121.90022165500068,15,356.3283926373166,371.0,-64.0,2.1599998474121094,2.07878899982461
121.90022165500068,17,-571.563739013999,-571.0,0.0,-0.05999999865889549,2.0441010001377435
122.00016408300053,11,11.603059107711076,-17.0,24.0,-5.829999923706055,2.1234929999991436
122.00016408300053,13,-125.7220121345043,-103.0,-82.0,-1.909999966621399,1.9122280000374303
122.00016408300053,15,403.31500584014805,363.0,-64.0,1.809999942779541,1.8940520003525307
122.00016408300053,17,-564.319763625641,-571.0,0.0,-0.17999999225139618,2.0468200000323122
122.10020449500007,11,11.603059107711076,-13.0,45.0,-8.269999504089355,2.1138289994269144
122.10020449500007,13,-125.7220121345043,-111.0,-68.0,-2.450000047683716,1.7406119995939662
122.10020449500007,15,403.31500584014805,358.0,-52.0,2.2899999618530273,1.7641309996179189
122.10020449500007,17,-564.319763625641,-571.0,1.0,-0.32999998331069946,1.8684839997149538
122.20018033100041,11,11.603059107711076,-8.0,38.0,-8.59999942779541,2.0026930005769827
122.20018033100041,13,-125.7220121345043,-116.0,-52.0,-2.8299999237060547,2.03661299929081
122.20018033100041,15,403.31500584014805,355.0,-8.0,1.7899999618530273,1.7577320004420471
122.20018033100041,17,-564.319763625641,-571.0,0.0,-0.6200000047683716,2.061860000139859
122.30019779900067,11,11.603059107711076,-1.0,81.0,-7.440000057220459,1.8746920004559797
122.30019779900067,13,-125.7220121345043,-119.0,-14.0,-3.3899998664855957,1.73069199991005
122.30019779900067,15,403.31500584014805,354.0,-5.0,1.6100000143051147,1.7785640002330183
122.30019779900067,17,-564.319763625641,-570.0,31.0,-1.0799999237060547,1.9034929991903482
122.40020646700032,11,11.603059107711076,5.0,27.0,-10.559999465942383,1.8904359994849074
122.40020646700032,13,-125.7220121345043,-121.0,-20.0,-5.289999961853027,1.8089960003635497
122.40020646700032,15,403.31500584014805,356.0,35.0,2.1499998569488525,1.9473960001050727
122.40020646700032,17,-564.319763625641,-567.0,47.0,-1.4800000190734863,2.0700519999081735
122.5001660150001,11,11.603059107711076,6.0,18.0,-3.9499998092651367,1.925763999679475
122.5001660150001,13,-125.7220121345043,-124.0,-32.0,-3.7099997997283936,1.9771240004047286
122.5001660150001,15,403.31500584014805,363.0,78.0,1.1100000143051147,1.885188000414928
122.5001660150001,17,-564.319763625641,-564.0,22.0,-0.9899999499320984,3.565768000044045
122.60019337100039,11,11.603059107711076,9.0,44.0,-4.089999675750732,1.7049960006261244
122.60019337100039,13,-125.7220121345043,-126.0,-8.0,-2.25,1.897476000522147
122.60019337100039,15,403.31500584014805,370.0,70.0,2.3399999141693115,2.098372000546078
122.60019337100039,17,-564.319763625641,-564.0,0.0,-0.9899999499320984,1.8302119997315458
122.70019311099986,11,11.603059107711076,12.0,-1.0,-8.479999542236328,1.9899570006600698
122.70019311099986,13,-125.7220121345043,-126.0,0.0,-2.0899999141693115,1.7667880001681624
122.70019311099986,15,403.31500584014805,378.0,91.0,4.0,1.9993320001958637
122.70019311099986,17,-564.319763625641,-564.0,-1.0,-0.9199999570846558,1.8828519996532123
122.80017326699999,11,11.603059107711076,11.0,-17.0,-2.809999942779541,1.9897330003004754
122.80017326699999,13,-125.7220121345043,-124.0,21.0,-1.9399999380111694,1.761827999871457
122.80017326699999,15,403.31500584014805,385.0,59.0,2.8899998664855957,1.7013160004353267
122.80017326699999,17,-564.319763625641,-563.0,0.0,-0.4399999976158142,1.9284519994471339
122.90017083100065,11,11.603059107711076,12.0,11.0,-5.829999923706055,2.0274609996704385
122.90017083100065,13,-125.7220121345043,-124.0,-1.0,-2.5799999237060547,1.8579240004328312
122.90017083100065,15,403.31500584014805,392.0,65.0,3.0799999237060547,1.9402600000830716
122.90017083100065,17,-564.319763625641,-563.0,0.0,-0.6399999856948853,1.841700000113633
123.0002310509999,11,44.52283682089197,12.0,-9.0,-5.429999828338623,1.978084999791463
123.0002310509999,13,-78.47623756776494,-125.0,-13.0,-1.96999990940094,1.8694760001380928
123.0002310509999,15,373.83535586895715,397.0,37.0,4.269999980926514,1.9129319998683059
123.0002310509999,17,-574.5066595073588,-564.0,-1.0,-0.6599999666213989,1.9822759995804518
123.1001850950006,11,44.52283682089197,11.0,1.0,-4.619999885559082,2.0786280001630075
123.1001850950006,13,-78.47623756776494,-125.0,-2.0,-1.399999976158142,1.9137959998261067
123.1001850950006,15,373.83535586895715,400.0,18.0,4.880000114440918,1.8670760000532027
123.1001850950006,17,-574.5066595073588,-564.0,0.0,-0.75,1.8399399996269494
123.20016966599997,11,44.52283682089197,11.0,0.0,-5.190000057220459,1.9845799997710856
123.20016966599997,13,-78.47623756776494,-125.0,0.0,-1.409999966621399,1.8557480007075355
123.20016966599997,15,373.83535586895715,400.0,3.0,5.089999675750732,1.832804000514443
123.20016966599997,17,-574.5066595073588,-564.0,0.0,-0.7999999523162842,2.738661999501346
123.3001750379999,11,44.52283682089197,13.0,17.0,-4.519999980926514,1.8409320000500884
123.3001750379999,13,-78.47623756776494,-124.0,26.0,-2.009999990463257,1.906436000354006
123.3001750379999,15,373.83535586895715,397.0,-54.0,3.9499998092651367,1.9419560003370862
123.3001750379999,17,-574.5066595073588,-564.0,-4.0,-1.1699999570846558,1.9227559996579657
123.40017557800002,11,44.52283682089197,14.0,9.0,-4.859999656677246,1.9093800001428463
123.40017557800002,13,-78.47623756776494,-122.0,17.0,-1.8700000047683716,1.7482920002294122
123.40017557800002,15,373.83535586895715,394.0,-25.0,3.3299999237060547,1.9121959994663484
123.40017557800002,17,-574.5066595073588,-567.0,-41.0,-0.9799999594688416,1.7803559994717943
123.50019694999992,11,44.52283682089197,17.0,43.0,-2.3399999141693115,1.9441640006334637
123.50019694999992,13,-78.47623756776494,-119.0,34.0,-0.9599999785423279,1.9247079999331618
123.50019694999992,15,373.83535586895715,391.0,-36.0,2.4800000190734863,1.9549170001482707
123.50019694999992,17,-574.5066595073588,-572.0,-46.0,0.05999999865889549,2.0081639995623846
123.60016817700034,11,44.52283682089197,23.0,63.0,-3.75,1.9922600004065316
123.60016817700034,13,-78.47623756776494,-114.0,64.0,-1.1699999570846558,1.859588999650441
123.60016817700034,15,373.83535586895715,385.0,-78.0,2.950000047683716,2.0747889993799618
123.60016817700034,17,-574.5066595073588,-573.0,-14.0,-0.7599999904632568,1.9136680002702633
123.70017130900032,11,44.52283682089197,29.0,67.0,-2.7300000190734863,1.9940530000894796
123.70017130900032,13,-78.47623756776494,-107.0,65.0,-0.5199999809265137,1.941412000633136
123.70017130900032,15,373.83535586895715,378.0,-61.0,3.609999895095825,1.986211999792431
123.70017130900032,17,-574.5066595073588,-574.0,-1.0,-0.029999999329447746,1.9675880002978374
123.80017524100003,11,44.52283682089197,36.0,59.0,-2.619999885559082,1.933348000420665
123.80017524100003,13,-78.47623756776494,-100.0,80.0,-0.5099999904632568,1.8050600001515704
123.80017524100003,15,373.83535586895715,369.0,-92.0,4.139999866485596,1.8414759997540386
123.80017524100003,17,-574.5066595073588,-574.0,4.0,0.05999999865889549,1.9688679994942504
123.90019594000023,11,44.52283682089197,41.0,26.0,-4.699999809265137,2.0213159996274044
123.90019594000023,13,-78.47623756776494,-93.0,55.0,1.209999918937683,1.9653800000014598
123.90019594000023,15,373.83535586895715,364.0,-23.0,4.739999771118164,1.7738279993864126
123.90019594000023,17,-574.5066595073588,-574.0,0.0,0.14000000059604645,1.8534119999458198
124.00019084799987,11,59.26183639525884,43.0,17.0,-1.6999999284744263,2.1060210001451196
124.00019084799987,13,-81.57003974756437,-88.0,56.0,1.75,2.054147999842826
124.00019084799987,15,327.96371363997207,364.0,0.0,5.799999713897705,1.7748840000422206
124.00019084799987,17,-574.9397999499258,-574.0,0.0,0.38999998569488525,1.9547249994502636
124.10017036299996,11,59.26183639525884,45.0,15.0,-3.5399999618530273,1.8872999999075546
124.10017036299996,13,-81.57003974756437,-83.0,43.0,1.9499999284744263,1.778404000106093
124.10017036299996,15,327.96371363997207,365.0,29.0,6.339999675750732,1.9536689997039502
124.10017036299996,17,-574.9397999499258,-574.0,0.0,0.23999999463558197,1.944163999723969
124.20015394300026,11,59.26183639525884,44.0,-25.0,-3.490000009536743,1.84118800007127
124.20015394300026,13,-81.57003974756437,-79.0,34.0,1.100000023841858,1.7422749997422216
124.20015394300026,15,327.96371363997207,369.0,27.0,5.289999961853027,1.7428840001230128
124.20015394300026,17,-574.9397999499258,-574.0,0.0,0.3400000035762787,1.8750760000330047
124.30016651400001,11,59.26183639525884,43.0,-11.0,-1.3199999332427979,1.8409960002827574
124.30016651400001,13,-81.57003974756437,-76.0,24.0,-0.08999999612569809,1.8040360000668443
124.30016651400001,15,327.96371363997207,368.0,-26.0,3.1999998092651367,1.7103400004998548
124.30016651400001,17,-574.9397999499258,-574.0,-1.0,-0.3799999952316284,1.8969000002471148
124.40015898999991,11,59.26183639525884,43.0,4.0,-2.3399999141693115,1.932932000272558
124.40015898999991,13,-81.57003974756437,-76.0,0.0,0.6399999856948853,1.8628200004968676
124.40015898999991,15,327.96371363997207,366.0,-11.0,3.240000009536743,1.8525799996496062
124.40015898999991,17,-574.9397999499258,-574.0,-2.0,-0.12999999523162842,2.141988999937894
124.50016413699996,11,59.26183639525884,44.0,12.0,-0.7999999523162842,1.8598120004753582
124.50016413699996,13,-81.57003974756437,-76.0,-3.0,0.25,1.947939999809023
124.50016413699996,15,327.96371363997207,365.0,-20.0,2.8299999237060547,1.7229469995072577
124.50016413699996,17,-574.9397999499258,-575.0,0.0,0.0,2.2035249994587502
124.60019293300047,11,59.26183639525884,47.0,42.0,-0.6800000071525574,2.0028839999213233
124.60019293300047,13,-81.57003974756437,-77.0,-15.0,-1.3600000143051147,2.0262770003682817
124.60019293300047,15,327.96371363997207,362.0,-38.0,1.709999918937683,1.9442929997239844
124.60019293300047,17,-574.9397999499258,-574.0,3.0,-0.1899999976158142,2.0412519997989875
124.70017171200016,11,59.26183639525884,52.0,49.0,-0.6699999570846558,1.8956840003738762
124.70017171200016,13,-81.57003974756437,-79.0,-20.0,-2.190000057220459,1.7996840006162529
124.70017171200016,15,327.96371363997207,356.0,-73.0,1.2799999713897705,1.882243999716593
124.70017171200016,17,-574.9397999499258,-574.0,0.0,-0.5699999928474426,1.748196000335156
124.80019503600033,11,59.26183639525884,56.0,30.0,-0.28999999165534973,2.0672689997809357
124.80019503600033,13,-81.57003974756437,-79.0,-10.0,-1.3600000143051147,1.9938929999625543
124.80019503600033,15,327.96371363997207,344.0,-128.0,2.3999998569488525,1.9274920005045715
124.80019503600033,17,-574.9397999499258,-574.0,1.0,-0.5600000023841858,1.8645480004124693
124.90018767099991,11,59.26183639525884,59.0,20.0,-1.7400000095367432,1.9649969999591121
124.90018767099991,13,-81.57003974756437,-81.0,-18.0,-0.14000000059604645,1.7964199996640673
124.90018767099991,15,327.96371363997207,335.0,-80.0,2.7200000286102295,1.8999399999302113
124.90018767099991,17,-574.9397999499258,-574.0,0.0,-0.4699999988079071,1.7284199993810034
125.00017105799998,11,8.236589773013606,59.0,0.0,-1.5799999237060547,1.9939559997510514
125.00017105799998,13,-58.94693081821079,-82.0,-4.0,1.090000033378601,1.7894440006784862
125.00017105799998,15,408.2637164063308,329.0,-52.0,3.0299999713897705,2.0431080001799273
125.00017105799998,17,-596.8197903079055,-574.0,-1.0,-0.41999998688697815,2.1602609995170496
125.10018475000015,11,8.236589773013606,59.0,-5.0,-0.9399999976158142,2.0784999996976694
125.10018475000015,13,-58.94693081821079,-82.0,6.0,1.0299999713897705,1.9450279996817699
125.10018475000015,15,408.2637164063308,326.0,-7.0,2.359999895095825,2.008868000302755
125.10018475000015,17,-596.8197903079055,-574.0,0.0,-0.29999998211860657,1.8972199995914707
125.20019175300058,11,8.236589773013606,58.0,0.0,0.0,2.029221000157122
125.20019175300058,13,-58.94693081821079,-81.0,19.0,-0.5600000023841858,1.991013000406383
125.20019175300058,15,408.2637164063308,326.0,11.0,1.7899999618530273,1.8853800002034404
125.20019175300058,17,-596.8197903079055,-574.0,3.0,-0.6599999666213989,1.8128679994333652
125.30018211600054,11,8.236589773013606,58.0,-5.0,-0.7400000095367432,2.00032500015368
125.30018211600054,13,-58.94693081821079,-78.0,30.0,-0.8299999833106995,2.0225010002832278
125.30018211600054,15,408.2637164063308,327.0,14.0,1.6399999856948853,1.7061160006051068
125.30018211600054,17,-596.8197903079055,-574.0,-4.0,-1.0199999809265137,1.866212000095402
125.40018739100014,11,8.236589773013606,56.0,-28.0,-1.059999942779541,2.0506609998847125
125.40018739100014,13,-58.94693081821079,-75.0,25.0,0.9799999594688416,1.9146919994454947
125.40018739100014,15,408.2637164063308,331.0,38.0,2.809999942779541,1.7706600001474726
125.40018739100014,17,-596.8197903079055,-577.0,-46.0,-0.7999999523162842,1.7894120001074043
125.50019285800045,11,8.236589773013606,53.0,-41.0,-1.0099999904632568,2.1621480000248994
125.50019285800045,13,-58.94693081821079,-72.0,57.0,2.75,2.1256689997244393
125.50019285800045,15,408.2637164063308,336.0,63.0,4.809999942779541,1.9925160004277132
125.50019285800045,17,-596.8197903079055,-583.0,-64.0,-0.6100000143051147,2.0529329995042644
125.60018562100049,11,8.236589773013606,48.0,-52.0,-3.240000009536743,2.0506279997789534
125.60018562100049,13,-58.94693081821079,-66.0,46.0,4.019999980926514,1.8324519996895106
125.60018562100049,15,408.2637164063308,344.0,97.0,6.21999979019165,1.8697640007303562
125.60018562100049,17,-596.8197903079055,-590.0,-61.0,-0.5,1.781252000000677
125.70016673700047,11,8.236589773013606,41.0,-72.0,-4.989999771118164,1.883683999949426
125.70016673700047,13,-58.94693081821079,-62.0,40.0,3.0799999237060547,1.7479399994044797
125.70016673700047,15,408.2637164063308,356.0,141.0,6.449999809265137,1.7069800005629077
125.70016673700047,17,-596.8197903079055,-594.0,-30.0,-1.0099999904632568,1.8036190003840602
125.80017444400073,11,8.236589773013606,33.0,-99.0,-2.0,1.8727079996097018
125.80017444400073,13,-58.94693081821079,-59.0,26.0,0.7099999785423279,1.7760350001481129
125.80017444400073,15,408.2637164063308,367.0,76.0,4.769999980926514,1.9147559996781638
125.80017444400073,17,-596.8197903079055,-596.0,-8.0,-1.8600000143051147,1.9340850003572996
125.90017629500016,11,8.236589773013606,25.0,-73.0,-5.380000114440918,1.931427999807056
125.90017629500016,13,-58.94693081821079,-57.0,0.0,2.509999990463257,2.013316000557097
125.90017629500016,15,408.2637164063308,376.0,84.0,7.0,1.8369320005149348
125.90017629500016,17,-596.8197903079055,-597.0,-13.0,0.05999999865889549,2.003556999625289
126.000188514,11,38.94860764720342,18.0,-64.0,-4.779999732971191,1.9995889997517224
126.000188514,13,-120.42324512888037,-57.0,0.0,3.369999885559082,1.9632359999377513
126.000188514,15,402.17747804508093,385.0,90.0,7.949999809265137,1.7909160005729063
126.000188514,17,-567.4711069381225,-597.0,0.0,0.8199999928474426,1.8683560001591104
126.10018345300068,11,38.94860764720342,13.0,-45.0,-5.199999809265137,1.7964199996640673
126.10018345300068,13,-120.42324512888037,-57.0,0.0,2.180000066757202,1.6991399998005363
126.10018345300068,15,402.17747804508093,394.0,93.0,7.0,1.7780520001906552
126.10018345300068,17,-567.4711069381225,-597.0,3.0,0.3999999761581421,1.795363999917754
126.20016453600056,11,38.94860764720342,9.0,-30.0,-3.859999895095825,1.99942800009012
126.20016453600056,13,-120.42324512888037,-58.0,-2.0,1.309999942779541,1.7323239999313955
126.20016453600056,15,402.17747804508093,402.0,74.0,5.710000038146973,1.8427879995215335
126.20016453600056,17,-567.4711069381225,-596.0,5.0,-0.08999999612569809,2.147332999811624
126.30017745900022,11,38.94860764720342,8.0,-21.0,-2.9800000190734863,1.8155560001105187
126.30017745900022,13,-120.42324512888037,-58.0,-10.0,0.35999998450279236,1.7739879995133379
126.30017745900022,15,402.17747804508093,405.0,-5.0,4.009999752044678,1.93187599961675
126.30017745900022,17,-567.4711069381225,-595.0,4.0,0.07000000029802322,1.8697000004976871
126.40017418900061,11,38.94860764720342,8.0,0.0,-4.409999847412109,1.7323880001640646
126.40017418900061,13,-120.42324512888037,-61.0,-35.0,1.7599999904632568,1.6997480006466503
126.40017418900061,15,402.17747804508093,406.0,4.0,5.87999963760376,2.0856049995927606
126.40017418900061,17,-567.4711069381225,-593.0,37.0,0.5999999642372131,2.0999719999963418
126.50015747999987,11,38.94860764720342,9.0,15.0,-3.619999885559082,1.8583399996714434
126.50015747999987,13,-120.42324512888037,-65.0,-44.0,2.309999942779541,1.8971239996972145
126.50015747999987,15,402.17747804508093,406.0,8.0,6.269999980926514,1.7997800005105091
126.50015747999987,17,-567.4711069381225,-588.0,58.0,1.159999966621399,1.8060519996652147
126.60016454700053,11,38.94860764720342,12.0,36.0,-4.549999713897705,1.9675890007420094
126.60016454700053,13,-120.42324512888037,-70.0,-54.0,2.0299999713897705,1.7619239997657132
126.60016454700053,15,402.17747804508093,407.0,0.0,5.869999885559082,1.8575719996078988
126.60016454700053,17,-567.4711069381225,-580.0,84.0,0.9599999785423279,1.8054120000670082
126.70015542200053,11,38.94860764720342,16.0,47.0,-3.740000009536743,1.8458920003467938
126.70015542200053,13,-120.42324512888037,-76.0,-70.0,1.96999990940094,1.7710120000629104
126.70015542200053,15,402.17747804508093,406.0,-21.0,4.799999713897705,1.938979999977164
126.70015542200053,17,-567.4711069381225,-574.0,57.0,1.0199999809265137,1.86394000047585
126.80018597700018,11,38.94860764720342,23.0,60.0,-2.700000047683716,1.870019999842043
126.80018597700018,13,-120.42324512888037,-84.0,-77.0,0.05999999865889549,1.7246439992959495
126.80018597700018,15,402.17747804508093,399.0,-96.0,4.779999732971191,1.9160040001224843
126.80018597700018,17,-567.4711069381225,-568.0,41.0,0.28999999165534973,1.885636000224622
126.90010254800018,11,38.94860764720342,29.0,59.0,-4.739999771118164,2.0017320002807537
126.90010254800018,13,-120.42324512888037,-94.0,-112.0,1.7899999618530273,1.9256039995525498
126.90010254800018,15,402.17747804508093,393.0,-37.0,7.519999980926514,2.0374119994812645
126.90010254800018,17,-567.4711069381225,-566.0,9.0,1.2300000190734863,1.9163879996995092
127.00018007900053,11,18.430763418703123,34.0,34.0,-4.599999904632568,2.007140000387153
127.00018007900053,13,-99.33640131933974,-104.0,-80.0,3.0399999618530273,1.9360039996172418
127.00018007900053,15,416.16068657578904,392.0,-2.0,8.519999504089355,1.7309160002696444
127.00018007900053,17,-540.4190510073322,-565.0,0.0,1.4299999475479126,1.8902130004789797
127.10017898500064,11,18.430763418703123,37.0,33.0,-4.269999980926514,2.4465329997838126
127.10017898500064,13,-99.33640131933974,-109.0,-35.0,1.2899999618530273,1.7416999999113614
127.10017898500064,15,416.16068657578904,393.0,18.0,8.460000038146973,1.869412999440101
127.10017898500064,17,-540.4190510073322,-566.0,-21.0,0.8700000047683716,1.8240999997942708
127.20019565200073,11,18.430763418703123,39.0,8.0,-5.329999923706055,2.006564000112121
127.20019565200073,13,-99.33640131933974,-112.0,-35.0,-0.5099999904632568,1.9051239996770164
127.20019565200073,15,416.16068657578904,396.0,43.0,6.449999809265137,1.8481639999663457
127.20019565200073,17,-540.4190510073322,-566.0,0.0,-0.07000000029802322,1.7779240006348118
127.30021887800012,11,18.430763418703123,39.0,-6.0,-2.799999952316284,2.0053480002388824
127.30021887800012,13,-99.33640131933974,-114.0,-9.0,-1.7300000190734863,2.038180000454304
127.30021887800012,15,416.16068657578904,398.0,-2.0,4.650000095367432,1.9794280005953624
127.30021887800012,17,-540.4190510073322,-566.0,7.0,0.22999998927116394,1.979653000489634
127.40016127299987,11,18.430763418703123,38.0,-33.0,-6.730000019073486,1.9119720000162488
127.40016127299987,13,-99.33640131933974,-117.0,-27.0,-0.44999998807907104,1.912515999720199
127.40016127299987,15,416.16068657578904,400.0,36.0,7.049999713897705,1.859107999734988
127.40016127299987,17,-540.4190510073322,-563.0,38.0,0.32999998331069946,1.9025319998036139
127.50045714000044,11,18.430763418703123,32.0,-54.0,-3.419999837875366,1.8441960000927793
127.50045714000044,13,-99.33640131933974,-118.0,-1.0,0.699999988079071,1.8306599995412398
127.50045714000044,15,416.16068657578904,404.0,45.0,7.589999675750732,1.9486760002109804
127.50045714000044,17,-540.4190510073322,-558.0,61.0,0.8899999856948853,2.0789159998457762
127.60087595200002,11,18.430763418703123,28.0,-46.0,-6.109999656677246,1.9417640005485737
127.60087595200002,13,-99.33640131933974,-116.0,34.0,0.5199999809265137,2.128517000528518
127.60087595200002,15,416.16068657578904,407.0,25.0,7.940000057220459,1.886051999463234
127.60087595200002,17,-540.4190510073322,-551.0,81.0,0.949999988079071,2.0695399998658104
127.70020397700046,11,18.430763418703123,23.0,-49.0,-3.929999828338623,2.0845489998464473
127.70020397700046,13,-99.33640131933974,-111.0,46.0,-0.5699999928474426,2.058019999822136
127.70020397700046,15,416.16068657578904,410.0,37.0,6.329999923706055,5.424396000307752
127.70020397700046,17,-540.4190510073322,-545.0,44.0,1.100000023841858,2.0327080001152353
127.80016813100065,11,18.430763418703123,20.0,-22.0,-3.5299999713897705,1.9273640000392334
127.80016813100065,13,-99.33640131933974,-106.0,58.0,-0.8299999833106995,1.9787569999607513
127.80016813100065,15,416.16068657578904,410.0,-27.0,4.21999979019165,1.9726119999177172
127.80016813100065,17,-540.4190510073322,-541.0,40.0,0.12999999523162842,1.756227999976545
127.90022723000038,11,18.430763418703123,19.0,-18.0,-5.190000057220459,1.9355249996806378
127.90022723000038,13,-99.33640131933974,-103.0,23.0,0.22999998927116394,1.9241640002292115
127.90022723000038,15,416.16068657578904,409.0,-8.0,5.679999828338623,1.934724999955506
127.90022723000038,17,-540.4190510073322,-539.0,13.0,1.2599999904632568,2.0180530000288854
128.00018767200072,11,60.16943523428493,18.0,0.0,-5.289999961853027,2.005059999646619
128.00018767200072,13,-91.6513348992832,-101.0,19.0,1.75,2.1980519995850045
128.00018767200072,15,389.51542710509534,408.0,-3.0,6.559999942779541,1.864900000327907
128.00018767200072,17,-553.8270468365275,-538.0,-2.0,0.5899999737739563,1.987556999665685
128.10018264300015,11,60.16943523428493,18.0,0.0,-6.019999980926514,1.9532520000211662
128.10018264300015,13,-91.6513348992832,-100.0,18.0,0.9399999976158142,1.7871079999167705
128.10018264300015,15,389.51542710509534,408.0,0.0,7.409999847412109,1.9525160005287034
128.10018264300015,17,-553.8270468365275,-540.0,-12.0,1.0499999523162842,1.9951410004068748
128.20017969299988,11,60.16943523428493,18.0,0.0,-4.329999923706055,2.029285000389791
128.20017969299988,13,-91.6513348992832,-99.0,0.0,1.2699999809265137,2.0156849996055826
128.20017969299988,15,389.51542710509534,409.0,10.0,7.62999963760376,1.9182120004188619
128.20017969299988,17,-553.8270468365275,-540.0,0.0,1.0399999618530273,1.8527720003476134
128.3001841989999,11,60.16943523428493,19.0,1.0,-3.179999828338623,2.117091999934928
128.3001841989999,13,-91.6513348992832,-99.0,11.0,0.029999999329447746,2.0012840004710597
128.3001841989999,15,389.51542710509534,406.0,-62.0,4.279999732971191,1.870019999842043
128.3001841989999,17,-553.8270468365275,-541.0,-8.0,-0.25999999046325684,1.9886449999830802
128.40019149,11,60.16943523428493,21.0,18.0,-4.779999732971191,2.0138599993515527
128.40019149,13,-91.6513348992832,-98.0,6.0,1.8399999141693115,2.0949169993400574
128.40019149,15,389.51542710509534,401.0,-48.0,6.509999752044678,1.96534899987455
128.40019149,17,-553.8270468365275,-544.0,-34.0,0.5,2.71357400015404
128.50017730800027,11,60.16943523428493,24.0,36.0,-3.799999952316284,1.8040360000668443
128.50017730800027,13,-91.6513348992832,-96.0,37.0,2.450000047683716,1.9697959996847203
128.50017730800027,15,389.51542710509534,396.0,-36.0,6.679999828338623,1.814691999243223
128.50017730800027,17,-553.8270468365275,-549.0,-58.0,1.2999999523162842,1.7880999994304148
128.60016984600043,11,60.16943523428493,29.0,52.0,-3.3299999237060547,1.8217639999420498
128.60016984600043,13,-91.6513348992832,-92.0,37.0,0.8100000023841858,1.7403239999111975
128.60016984600043,15,389.51542710509534,393.0,-39.0,5.339999675750732,1.8486440003471216
128.60016984600043,17,-553.8270468365275,-552.0,-14.0,-0.04999999701976776,1.9880679992638761
128.70016715300062,11,60.16943523428493,35.0,73.0,-2.2200000286102295,1.789764000022842
128.70016715300062,13,-91.6513348992832,-90.0,0.0,0.22999998927116394,1.9597170003180509
128.70016715300062,15,389.51542710509534,390.0,-23.0,4.329999923706055,2.054052999483247
128.70016715300062,17,-553.8270468365275,-553.0,-12.0,0.09999999403953552,2.006404999519873
128.80187214300076,11,60.16943523428493,44.0,70.0,-1.75,2.4272370001199306
128.80187214300076,13,-91.6513348992832,-90.0,-1.0,-0.3999999761581421,2.095397000630328
128.80187214300076,15,389.51542710509534,384.0,-82.0,5.199999809265137,1.9028209999305545
128.80187214300076,17,-553.8270468365275,-554.0,-5.0,0.5299999713897705,1.9583080002121278
128.90017165300014,11,60.16943523428493,50.0,55.0,-3.5199999809265137,1.9746600000871695
128.90017165300014,13,-91.6513348992832,-92.0,-23.0,1.7999999523162842,1.9409970000197063
128.90017165300014,15,389.51542710509534,381.0,-5.0,6.319999694824219,1.9847720004690927
128.90017165300014,17,-553.8270468365275,-554.0,-2.0,0.8199999928474426,3.858249000586511
129.00084476900065,11,45.86716264547102,54.0,31.0,-1.0,1.7602919997443678
129.00084476900065,13,-91.77730179702758,-93.0,1.0,2.759999990463257,1.9987249997939216
129.00084476900065,15,332.13810083311455,381.0,0.0,7.039999961853027,1.9815730001937482
129.00084476900065,17,-608.2958540461686,-554.0,0.0,1.100000023841858,8.040178000555898
129.10019695400024,11,45.86716264547102,58.0,33.0,-1.7999999523162842,1.9516199999998207
129.10019695400024,13,-91.77730179702758,-92.0,19.0,1.2999999523162842,1.7468839996581664
129.10019695400024,15,332.13810083311455,382.0,13.0,7.029999732971191,1.71606799995061
129.10019695400024,17,-608.2958540461686,-554.0,2.0,1.0099999904632568,1.9431720002103248
129.20016667500022,11,45.86716264547102,60.0,4.0,-1.899999976158142,1.9200040005671326
129.20016667500022,13,-91.77730179702758,-90.0,8.0,0.09999999403953552,1.871460000074876
129.20016667500022,15,332.13810083311455,384.0,34.0,5.329999923706055,2.196037000430806
129.20016667500022,17,-608.2958540461686,-553.0,4.0,0.6399999856948853,1.822850999815273
129.30019953400006,11,45.86716264547102,59.0,-14.0,0.0,1.9774760003201663
129.30019953400006,13,-91.77730179702758,-90.0,8.0,-1.3600000143051147,1.7742429999998421
129.30019953400006,15,332.13810083311455,385.0,-17.0,2.8299999237060547,1.9265639994046069
129.30019953400006,17,-608.2958540461686,-554.0,-14.0,0.10999999940395355,1.8976040000779903
129.40019440800006,11,45.86716264547102,58.0,-20.0,-2.5,1.9119720000162488
129.40019440800006,13,-91.77730179702758,-91.0,-23.0,-0.22999998927116394,1.9969640006820555
129.40019440800006,15,332.13810083311455,384.0,-11.0,3.369999885559082,1.8421160002617398
129.40019440800006,17,-608.2958540461686,-556.0,-31.0,-0.6100000143051147,1.925796000250557
129.50018115400053,11,45.86716264547102,54.0,-50.0,-1.6100000143051147,1.9703400002981653
129.50018115400053,13,-91.77730179702758,-92.0,-9.0,0.6599999666213989,1.7293479995714733
129.50018115400053,15,332.13810083311455,381.0,-34.0,4.449999809265137,1.7904039996210486
129.50018115400053,17,-608.2958540461686,-561.0,-58.0,-0.10999999940395355,1.8970279998029582
129.60016841200013,11,45.86716264547102,49.0,-38.0,-1.2599999904632568,2.0228519997544936
129.60016841200013,13,-91.77730179702758,-92.0,3.0,1.2400000095367432,1.7966440000236616
129.60016841200013,15,332.13810083311455,378.0,-34.0,3.9499998092651367,1.8167399994126754
129.60016841200013,17,-608.2958540461686,-569.0,-83.0,-0.03999999910593033,2.2182129996508593
129.70018840600005,11,45.86716264547102,47.0,-18.0,-2.5799999237060547,1.8669800001589465
129.70018840600005,13,-91.77730179702758,-91.0,15.0,-0.23999999463558197,1.9091240001216647
129.70018840600005,15,332.13810083311455,373.0,-55.0,3.0899999141693115,1.8524199995226809
129.70018840600005,17,-608.2958540461686,-578.0,-104.0,-0.9199999570846558,1.7307560001427191
129.80018446400027,11,45.86716264547102,46.0,-5.0,-1.5999999046325684,1.809955999306112
129.80018446400027,13,-91.77730179702758,-89.0,19.0,-1.3299999237060547,1.7147879998447024
129.80018446400027,15,332.13810083311455,365.0,-99.0,1.9399999380111694,1.9501489996400778
129.80018446400027,17,-608.2958540461686,-588.0,-86.0,-1.4900000095367432,1.891748000161897
129.90016557800027,11,45.86716264547102,46.0,0.0,-2.9700000286102295,1.8272679999427055
129.90016557800027,13,-91.77730179702758,-88.0,-4.0,-2.5799999237060547,2.002819999688654
129.90016557800027,15,332.13810083311455,356.0,-88.0,1.4900000095367432,2.0752370000991505
129.90016557800027,17,-608.2958540461686,-597.0,-73.0,-1.8299999237060547,1.986756000405876
130.00031187600052,11,36.97438275412798,45.0,-5.0,-2.169999837875366,1.9789490006587585
130.00031187600052,13,-134.83661714265986,-90.0,-17.0,-1.8600000143051147,1.7960040004254552
130.00031187600052,15,380.3910498091357,347.0,-92.0,1.559999942779541,1.870052000413125
130.00031187600052,17,-620.462162156345,-603.0,-49.0,-1.9299999475479126,2.1751080003014067
130.10016294100024,11,36.97438275412798,45.0,1.0,-2.240000009536743,1.8929319994640537
130.10016294100024,13,-134.83661714265986,-92.0,-10.0,-0.5399999618530273,1.7758440008037724
130.10016294100024,15,380.3910498091357,338.0,-73.0,1.9499999284744263,1.7864999999801512
130.10016294100024,17,-620.462162156345,-607.0,-35.0,-1.3299999237060547,1.9731239999600803
130.2002461990005,11,36.97438275412798,45.0,-1.0,-2.2799999713897705,1.979652000045462
130.2002461990005,13,-134.83661714265986,-92.0,0.0,0.029999999329447746,2.00272500023857
130.2002461990005,15,380.3910498091357,333.0,-36.0,1.9799998998641968,1.931044000230031
130.2002461990005,17,-620.462162156345,-608.0,-5.0,-1.9900000095367432,1.9648690004032687
130.30015902500054,11,36.97438275412798,46.0,0.0,-2.069999933242798,1.9218600000385777
130.30015902500054,13,-134.83661714265986,-91.0,23.0,-1.899999976158142,1.8117800000254647
130.30015902500054,15,380.3910498091357,331.0,-6.0,0.4399999976158142,2.027780000389612
130.30015902500054,17,-620.462162156345,-607.0,3.0,-2.419999837875366,2.176197000153479
130.4001980590001,11,36.97438275412798,44.0,-28.0,-4.920000076293945,1.8420200003674836
130.4001980590001,13,-134.83661714265986,-90.0,-2.0,-3.4600000381469727,1.8512039996494423
130.4001980590001,15,380.3910498091357,333.0,31.0,-0.14000000059604645,1.8129319996660342
130.4001980590001,17,-620.462162156345,-609.0,-50.0,-2.3399999141693115,1.9241320005676243
130.5001836520005,11,36.97438275412798,40.0,-47.0,-1.46999990940094,1.9633320007415023
130.5001836520005,13,-134.83661714265986,-92.0,-43.0,-4.049999713897705,2.0581799999490613
130.5001836520005,15,380.3910498091357,337.0,48.0,-0.7199999690055847,2.0238759998392197
130.5001836520005,17,-620.462162156345,-615.0,-61.0,-1.5399999618530273,2.338086000236217
130.6001803500003,11,36.97438275412798,37.0,-7.0,-1.75,2.0761009991474566
130.6001803500003,13,-134.83661714265986,-97.0,-60.0,-3.6499998569488525,1.9022440001208452
130.6001803500003,15,380.3910498091357,342.0,56.0,0.1899999976158142,2.1087730001454474
130.6001803500003,17,-620.462162156345,-619.0,-22.0,-1.9299999475479126,1.9149479994666763
130.70016117600062,11,36.97438275412798,37.0,0.0,-4.730000019073486,2.0308849998400547
130.70016117600062,13,-134.83661714265986,-104.0,-75.0,-2.2899999618530273,2.100933000292571
130.70016117600062,15,380.3910498091357,349.0,69.0,1.9399999380111694,1.8920040001830785
130.70016117600062,17,-620.462162156345,-620.0,-2.0,-2.3499999046325684,1.7748839991327259
130.8002399220004,11,36.97438275412798,37.0,-2.0,-2.2100000381469727,2.1020849999331404
130.8002399220004,13,-134.83661714265986,-111.0,-58.0,-2.5199999809265137,1.8939880001198617
130.8002399220004,15,380.3910498091357,356.0,70.0,2.440000057220459,2.451876999657543
130.8002399220004,17,-620.462162156345,-619.0,11.0,-1.7899999618530273,1.8243240001538652
130.90019380300055,11,36.97438275412798,38.0,0.0,-5.609999656677246,2.0841639998252504
130.90019380300055,13,-134.83661714265986,-117.0,-61.0,-4.5,1.9822120002572774
130.90019380300055,15,380.3910498091357,366.0,96.0,0.8499999642372131,1.8852200000765151
130.90019380300055,17,-620.462162156345,-619.0,0.0,-2.2100000381469727,2.1346599996832083
131.00016205300017,11,62.88992053449348,36.0,-10.0,-3.2699999809265137,1.9209009997211979
131.00016205300017,13,-56.372664214488445,-124.0,-65.0,-4.529999732971191,1.753827999891655
131.00016205300017,15,401.8905597624143,374.0,68.0,0.1899999976158142,1.9109160002699355
131.00016205300017,17,-599.3705769543488,-619.0,-4.0,-2.049999952316284,2.0124200000282144
131.10017292700013,11,62.88992053449348,36.0,8.0,-2.690000057220459,1.842147999923327
131.10017292700013,13,-56.372664214488445,-130.0,-42.0,-3.9800000190734863,1.9386929998290725
131.10017292700013,15,401.8905597624143,378.0,23.0,0.8399999737739563,1.8409320000500884
131.10017292700013,17,-599.3705769543488,-620.0,0.0,-2.190000057220459,1.8230440000479575
131.20017791200007,11,62.88992053449348,37.0,-2.0,-4.460000038146973,1.9244530003561522
131.20017791200007,13,-56.372664214488445,-133.0,-27.0,-3.509999990463257,1.6916519998630974
131.20017791200007,15,401.8905597624143,379.0,0.0,1.4499999284744263,2.033859999755805
131.20017791200007,17,-599.3705769543488,-620.0,-1.0,-1.9499999284744263,1.9254119997640373
131.3001640170005,11,62.88992053449348,37.0,6.0,-1.4900000095367432,1.9511400005285395
131.3001640170005,13,-56.372664214488445,-133.0,8.0,-2.4600000381469727,2.007716999287368
131.3001640170005,15,401.8905597624143,378.0,-10.0,1.5099999904632568,1.8027559999609366
131.3001640170005,17,-599.3705769543488,-619.0,28.0,-1.4800000190734863,1.7808039992814884
131.4001845870007,11,62.88992053449348,40.0,19.0,-4.610000133514404,1.9464679999146028
131.4001845870007,13,-56.372664214488445,-133.0,0.0,-3.1399998664855957,1.9054759995924542
131.4001845870007,15,401.8905597624143,380.0,31.0,1.709999918937683,2.0161960001132684
131.4001845870007,17,-599.3705769543488,-616.0,43.0,-1.6100000143051147,1.9782449999183882
131.50019946000066,11,62.88992053449348,42.0,30.0,-1.0699999332427979,1.977251999960572
131.50019946000066,13,-56.372664214488445,-133.0,1.0,-1.96999990940094,1.8972839998241398
131.50019946000066,15,401.8905597624143,384.0,55.0,1.9499999284744263,1.8044520002149511
131.50019946000066,17,-599.3705769543488,-612.0,54.0,-0.6899999976158142,2.362213000196789
131.60018697400028,11,62.88992053449348,47.0,69.0,-2.359999895095825,1.8759080003292183
131.60018697400028,13,-56.372664214488445,-131.0,35.0,-1.4399999380111694,1.720707999993465
131.60018697400028,15,401.8905597624143,390.0,47.0,3.8299999237060547,1.9545959994502482
131.60018697400028,17,-599.3705769543488,-605.0,60.0,-1.0699999332427979,1.7848679999588057
131.70019058300022,11,62.88992053449348,54.0,52.0,-3.1599998474121094,1.9577960001697647
131.70019058300022,13,-56.372664214488445,-126.0,58.0,-1.909999966621399,1.74067600073613
131.70019058300022,15,401.8905597624143,394.0,46.0,3.919999837875366,1.8022120002569864
131.70019058300022,17,-599.3705769543488,-601.0,35.0,-1.2999999523162842,1.9223400004193536
131.80018232100065,11,62.88992053449348,58.0,34.0,-0.4399999976158142,1.7395559998476529
131.80018232100065,13,-56.372664214488445,-118.0,81.0,-1.6999999284744263,1.8984039998031221
131.80018232100065,15,401.8905597624143,396.0,-3.0,2.8999998569488525,1.9405170005484251
131.80018232100065,17,-599.3705769543488,-598.0,32.0,-1.6699999570846558,1.8498600002203602
131.900206282,11,62.88992053449348,61.0,24.0,-2.3899998664855957,2.1376680006142124
131.900206282,13,-56.372664214488445,-111.0,67.0,-0.8499999642372131,1.793092000298202
131.900206282,15,401.8905597624143,396.0,0.0,4.089999675750732,2.036709000094561
131.900206282,17,-599.3705769543488,-598.0,0.0,-1.1999999284744263,1.8835880000551697
132.00016442000015,11,56.50652766784663,62.0,0.0,-0.7199999690055847,1.8625319999046042
132.00016442000015,13,-97.5289193219149,-103.0,87.0,0.7299999594688416,1.811907999581308
132.00016442000015,15,372.9117545939648,396.0,-1.0,4.650000095367432,2.081572999486525
132.00016442000015,17,-595.5722836541934,-599.0,-5.0,-0.7799999713897705,1.7824360002123285
132.1002172770004,11,56.50652766784663,63.0,5.0,-1.6299999952316284,1.8323880003663362
132.1002172770004,13,-97.5289193219149,-93.0,111.0,1.659999966621399,2.168965000237222
132.1002172770004,15,372.9117545939648,396.0,0.0,5.159999847412109,2.0521010001175455
132.1002172770004,17,-595.5722836541934,-599.0,0.0,-0.6800000071525574,1.943268000104581
132.20146834500065,11,56.50652766784663,62.0,-3.0,-1.6100000143051147,1.8150440000681556
132.20146834500065,13,-97.5289193219149,-81.0,109.0,0.4399999976158142,1.8765479999274248
132.20146834500065,15,372.9117545939648,396.0,4.0,5.639999866485596,1.888355999653868
132.20146834500065,17,-595.5722836541934,-599.0,0.0,-0.8299999833106995,2.0594609995896462
132.3002675990001,11,56.50652766784663,62.0,-8.0,-0.8899999856948853,2.1083559995531687
132.3002675990001,13,-97.5289193219149,-72.0,88.0,-0.04999999701976776,1.9315879999339813
132.3002675990001,15,372.9117545939648,395.0,-44.0,3.059999942779541,1.9593640008679358
132.3002675990001,17,-595.5722836541934,-598.0,8.0,-0.3400000035762787,2.054180999948585
132.4001962000002,11,56.50652766784663,61.0,-19.0,-2.679999828338623,1.9837800000459538
132.4001962000002,13,-97.5289193219149,-66.0,50.0,1.9299999475479126,1.9414119997236412
132.4001962000002,15,372.9117545939648,391.0,-41.0,4.569999694824219,1.7722280008456437
132.4001962000002,17,-595.5722836541934,-596.0,25.0,0.08999999612569809,2.3594929998580483
132.50021830600053,11,56.50652766784663,58.0,-32.0,-1.8399999141693115,1.9935720001740265
132.50021830600053,13,-97.5289193219149,-61.0,51.0,2.6499998569488525,1.7928679999386077
132.50021830600053,15,372.9117545939648,387.0,-36.0,4.569999694824219,1.934757000526588
132.50021830600053,17,-595.5722836541934,-595.0,-1.0,0.1599999964237213,1.9678449998536962
132.6001795150005,11,56.50652766784663,56.0,-10.0,-1.9299999475479126,1.9901799996659975
132.6001795150005,13,-97.5289193219149,-56.0,41.0,2.2200000286102295,1.8876840003940742
132.6001795150005,15,372.9117545939648,382.0,-52.0,3.7300000190734863,1.756578999447811
132.6001795150005,17,-595.5722836541934,-595.0,0.0,0.14999999105930328,1.8749159999060794
132.70016616400062,11,56.50652766784663,56.0,3.0,-2.0,1.9053159994655289
132.70016616400062,13,-97.5289193219149,-53.0,21.0,2.3899998664855957,1.7597799997020047
132.70016616400062,15,372.9117545939648,376.0,-60.0,4.409999847412109,1.7323230003967183
132.70016616400062,17,-595.5722836541934,-595.0,0.0,0.11999999731779099,1.9228200008001295
132.8001792770001,11,56.50652766784663,56.0,-2.0,-1.1999999284744263,2.0359410000310163
132.8001792770001,13,-97.5289193219149,-53.0,-9.0,0.8299999833106995,1.880931999949098
132.8001792770001,15,372.9117545939648,369.0,-90.0,3.5199999809265137,1.722276000691636
132.8001792770001,17,-595.5722836541934,-595.0,0.0,-0.08999999612569809,2.2116840000308002
132.90019991000008,11,56.50652766784663,57.0,0.0,-2.799999952316284,1.817188000131864
132.90019991000008,13,-97.5289193219149,-56.0,-36.0,2.419999837875366,1.8649959993126686
132.90019991000008,15,372.9117545939648,363.0,-31.0,4.929999828338623,1.820964000216918
132.90019991000008,17,-595.5722836541934,-595.0,0.0,-0.07000000029802322,1.8971560002682963
133.00020585600032,11,81.87155099155257,56.0,-13.0,-1.7699999809265137,2.4423730001217336
133.00020585600032,13,-129.66265262521097,-60.0,-32.0,3.419999837875366,4.95156200031488
133.00020585600032,15,365.67191729116036,363.0,0.0,6.299999713897705,1.8627879999257857
133.00020585600032,17,-592.9711290116026,-595.0,0.0,0.009999999776482582,2.0129650001763366
133.10016421599994,11,81.87155099155257,56.0,2.0,-1.459999918937683,1.850212000135798
133.10016421599994,13,-129.66265262521097,-63.0,-40.0,2.369999885559082,1.9393960001252708
133.10016421599994,15,365.67191729116036,365.0,35.0,6.179999828338623,1.9518770004651742
133.10016421599994,17,-592.9711290116026,-595.0,0.0,0.07000000029802322,3.522824000356195
133.20057403400006,11,81.87155099155257,56.0,-1.0,-1.1899999380111694,2.0322290001786314
133.20057403400006,13,-129.66265262521097,-68.0,-56.0,0.5,1.9656360000226414
133.20057403400006,15,365.67191729116036,369.0,34.0,4.150000095367432,3.0502149993481
133.20057403400006,17,-592.9711290116026,-595.0,1.0,-0.10999999940395355,1.9820210000034422
133.3001599140007,11,81.87155099155257,56.0,0.0,0.12999999523162842,1.9799410001724027
133.3001599140007,13,-129.66265262521097,-75.0,-61.0,-1.1999999284744263,2.052324000032968
133.3001599140007,15,365.67191729116036,370.0,-12.0,2.3899998664855957,2.3974770001586876
133.3001599140007,17,-592.9711290116026,-594.0,12.0,-0.3799999952316284,2.02605200047401
133.40022560300076,11,81.87155099155257,58.0,24.0,-0.22999998927116394,2.3198769995360635
133.40022560300076,13,-129.66265262521097,-83.0,-94.0,-1.5199999809265137,1.9099560004178784
133.40022560300076,15,365.67191729116036,370.0,-1.0,2.3399999141693115,1.8247080006403849
133.40022560300076,17,-592.9711290116026,-592.0,8.0,-0.8299999833106995,2.0544999997582636
133.50048390100073,11,81.87155099155257,61.0,38.0,0.19999998807907104,1.902660000268952
133.50048390100073,13,-129.66265262521097,-93.0,-109.0,-1.7400000095367432,1.9570920003388892
133.50048390100073,15,365.67191729116036,369.0,-13.0,1.5999999046325684,1.9903080001313356
133.50048390100073,17,-592.9711290116026,-592.0,0.0,-0.8299999833106995,1.9880039999407018
133.60031637300017,11,81.87155099155257,66.0,58.0,1.3600000143051147,1.973540000108187
133.60031637300017,13,-129.66265262521097,-103.0,-97.0,-1.5899999141693115,1.8325159999221796
133.60031637300017,15,365.67191729116036,366.0,-35.0,1.9900000095367432,1.941380000062054
133.60031637300017,17,-592.9711290116026,-592.0,0.0,-0.8700000047683716,1.9369010005902965
133.70018113400056,11,81.87155099155257,73.0,64.0,-0.11999999731779099,1.9305000005260808
133.70018113400056,13,-129.66265262521097,-112.0,-83.0,-1.1999999284744263,1.8740519999482785
133.70018113400056,15,365.67191729116036,364.0,-13.0,2.359999895095825,1.8138279992854223
133.70018113400056,17,-592.9711290116026,-592.0,-1.0,-0.7799999713897705,2.0469800001592375
133.80017463100012,11,81.87155099155257,78.0,36.0,0.14999999105930328,1.9684199996845564
133.80017463100012,13,-129.66265262521097,-118.0,-40.0,-1.909999966621399,1.7639389998294064
133.80017463100012,15,365.67191729116036,362.0,-15.0,1.709999918937683,1.9305329997223453
133.80017463100012,17,-592.9711290116026,-592.0,2.0,-0.5199999809265137,1.8636200002219994
133.90018524800053,11,81.87155099155257,81.0,22.0,2.0899999141693115,1.9741160003832192
133.90018524800053,13,-129.66265262521097,-123.0,-45.0,-2.869999885559082,1.7658589995335205
133.90018524800053,15,365.67191729116036,364.0,29.0,0.429999977350235,1.7344360003335169
133.90018524800053,17,-592.9711290116026,-592.0,0.0,-0.699999988079071,2.0176680000076885
134.0004068090002,11,31.679460724700284,83.0,18.0,0.4899999797344208,2.126117000443628
134.0004068090002,13,-81.21794376433292,-127.0,-30.0,-3.8499999046325684,1.9780840002567857
134.0004068090002,15,420.1945415861055,366.0,13.0,-0.29999998211860657,1.8291880005563144
134.0004068090002,17,-610.5568130439242,-592.0,0.0,-0.9099999666213989,1.831812000091304
134.10020001700013,11,31.679460724700284,83.0,-12.0,0.5399999618530273,2.058085000498977
134.10020001700013,13,-81.21794376433292,-130.0,-25.0,-3.819999933242798,1.987044999623322
134.10020001700013,15,420.1945415861055,366.0,1.0,-0.4099999964237213,1.9746600000871695
134.10020001700013,17,-610.5568130439242,-592.0,0.0,-1.0699999332427979,2.01366799956304
134.20021060199997,11,31.679460724700284,81.0,-17.0,2.200000047683716,1.8986920003953855
134.20021060199997,13,-81.21794376433292,-132.0,-13.0,-2.5999999046325684,1.8496680004318478
134.20021060199997,15,420.1945415861055,366.0,-8.0,0.019999999552965164,1.8098919999829377
134.20021060199997,17,-610.5568130439242,-592.0,-2.0,-0.8999999761581421,1.829924000048777
134.3001753940007,11,31.679460724700284,80.0,-7.0,1.4900000095367432,2.093027999762853
134.3001753940007,13,-81.21794376433292,-131.0,19.0,-1.149999976158142,1.9694439997692825
134.3001753940007,15,420.1945415861055,363.0,-26.0,1.209999918937683,1.9310759998916183
134.3001753940007,17,-610.5568130439242,-592.0,-1.0,-0.8899999856948853,1.8580839996502618
134.40018799500012,11,31.679460724700284,79.0,-20.0,-0.26999998092651367,1.9630120004876517
134.40018799500012,13,-81.21794376433292,-129.0,23.0,-2.2300000190734863,1.9450600002528518
134.40018799500012,15,420.1945415861055,364.0,19.0,1.0099999904632568,1.9080040001426823
134.40018799500012,17,-610.5568130439242,-594.0,-40.0,-1.309999942779541,1.9310130001031212
134.50018757199996,11,31.679460724700284,76.0,-43.0,-0.6699999570846558,1.8991719998666667
134.50018757199996,13,-81.21794376433292,-126.0,38.0,-2.8899998664855957,1.8921970004157629
134.50018757199996,15,420.1945415861055,367.0,42.0,1.059999942779541,2.919622000263189
134.50018757199996,17,-610.5568130439242,-599.0,-57.0,-1.6100000143051147,1.9065639999098494
134.60020970799997,11,31.679460724700284,71.0,-56.0,0.019999999552965164,2.0669160003308207
134.60020970799997,13,-81.21794376433292,-121.0,48.0,-1.7699999809265137,1.9713319998118095
134.60020970799997,15,420.1945415861055,372.0,56.0,2.009999990463257,1.908324000396533
134.60020970799997,17,-610.5568130439242,-605.0,-45.0,-1.709999918937683,1.8854760000976967
134.70016906100045,11,31.679460724700284,65.0,-66.0,-2.2200000286102295,1.9287400000393973
134.70016906100045,13,-81.21794376433292,-116.0,67.0,-1.1299999952316284,2.0096680000278866
134.70016906100045,15,420.1945415861055,378.0,68.0,3.8499999046325684,1.7647399999987101
134.70016906100045,17,-610.5568130439242,-609.0,-31.0,-1.3700000047683716,1.8273640007464564
134.800176189,11,31.679460724700284,57.0,-95.0,-1.2599999904632568,1.9332520005264087
134.800176189,13,-81.21794376433292,-107.0,99.0,-1.5,1.8778599996949197
134.800176189,15,420.1945415861055,383.0,25.0,4.150000095367432,1.8398119991616113
134.800176189,17,-610.5568130439242,-609.0,6.0,-1.0199999809265137,1.8312040001546848
134.90016078999997,11,31.679460724700284,49.0,-73.0,-3.169999837875366,1.9135729999106843
134.90016078999997,13,-81.21794376433292,-99.0,62.0,-0.5899999737739563,1.7960040004254552
134.90016078999997,15,420.1945415861055,390.0,95.0,5.420000076293945,1.8892520001827506
134.90016078999997,17,-610.5568130439242,-609.0,0.0,-1.1399999856948853,2.7932860002692905
135.00016471900017,11,57.69326862985798,42.0,-67.0,-2.240000009536743,1.9974759998149239
135.00016471900017,13,-80.93422431769622,-93.0,60.0,-0.009999999776482582,1.799587999812502
135.00016471900017,15,339.5717279593494,400.0,95.0,5.25,1.8550439999671653
135.00016471900017,17,-573.4350606817924,-610.0,-2.0,-1.0299999713897705,1.7586920002941042
135.1001664710002,11,57.69326862985798,37.0,-44.0,-3.2200000286102295,1.8348840003454825
135.1001664710002,13,-80.93422431769622,-87.0,48.0,0.03999999910593033,1.9259559994679876
135.1001664710002,15,339.5717279593494,408.0,73.0,4.869999885559082,1.7886759997054469
135.1001664710002,17,-573.4350606817924,-610.0,0.0,-1.100000023841858,1.8969000002471148
135.20019206300003,11,57.69326862985798,33.0,-30.0,-2.8999998569488525,1.9859559997712495
135.20019206300003,13,-80.93422431769622,-84.0,26.0,0.4699999988079071,1.798308000616089
135.20019206300003,15,339.5717279593494,414.0,47.0,4.819999694824219,2.6739899994936422
135.20019206300003,17,-573.4350606817924,-610.0,-1.0,-0.8999999761581421,2.03254799998831
135.30021119200046,11,57.69326862985798,32.0,-6.0,-2.549999952316284,2.097188999869104
135.30021119200046,13,-80.93422431769622,-82.0,21.0,0.19999998807907104,2.06976399931591
135.30021119200046,15,339.5717279593494,415.0,-24.0,3.059999942779541,1.976771999579796
135.30021119200046,17,-573.4350606817924,-610.0,8.0,-0.07999999821186066,1.9959080000262475
135.40017153600002,11,57.69326862985798,32.0,0.0,-4.449999809265137,1.8890279998231563
135.40017153600002,13,-80.93422431769622,-81.0,-2.0,1.3600000143051147,1.997123999899486
135.40017153600002,15,339.5717279593494,412.0,-25.0,5.359999656677246,1.8691559998842422
135.40017153600002,17,-573.4350606817924,-608.0,35.0,0.25,1.8777960003717453
135.5001722320003,11,57.69326862985798,32.0,14.0,-2.7200000286102295,1.8971240006067092
135.5001722320003,13,-80.93422431769622,-81.0,0.0,1.7300000190734863,1.7871079999167705
135.5001722320003,15,339.5717279593494,410.0,-10.0,5.099999904632568,2.220644000772154
135.5001722320003,17,-573.4350606817924,-603.0,61.0,0.5899999737739563,1.6267230002995348
135.60018518500056,11,57.69326862985798,36.0,42.0,-3.7200000286102295,1.8541479994382826
135.60018518500056,13,-80.93422431769622,-81.0,4.0,1.659999966621399,1.968708999811497
135.60018518500056,15,339.5717279593494,408.0,-38.0,4.859999656677246,1.774499999555701
135.60018518500056,17,-573.4350606817924,-596.0,87.0,0.20999999344348907,1.7947240003195475
135.70021592900048,11,57.69326862985798,40.0,52.0,-3.18999981880188,2.1312370008672588
135.70021592900048,13,-80.93422431769622,-81.0,1.0,1.7300000190734863,1.981540000087989
135.70021592900048,15,339.5717279593494,403.0,-59.0,4.630000114440918,2.0283889998609084
135.70021592900048,17,-573.4350606817924,-586.0,85.0,0.25,1.752355999997235
135.80037784200067,11,57.69326862985798,47.0,58.0,-1.649999976158142,2.0065649996467982
135.80037784200067,13,-80.93422431769622,-81.0,6.0,0.2800000011920929,2.0699249998870073
135.80037784200067,15,339.5717279593494,393.0,-138.0,3.359999895095825,2.15523699989717
135.80037784200067,17,-573.4350606817924,-579.0,58.0,-0.07000000029802322,1.991363999877649
135.9005305390001,11,57.69326862985798,52.0,44.0,-3.0,2.155332000256749
135.9005305390001,13,-80.93422431769622,-81.0,-13.0,1.25,3.0899270004738355
135.9005305390001,15,339.5717279593494,379.0,-124.0,5.079999923706055,3.6202639994371566
135.9005305390001,17,-573.4350606817924,-575.0,39.0,-0.10999999940395355,2.0409010003277217
136.00018950600042,11,4.097969164008518,55.0,17.0,-1.1699999570846558,2.010724999308877
136.00018950600042,13,-62.89082817162344,-82.0,0.0,1.7400000095367432,1.9371879998288932
136.00018950600042,15,397.1756696651864,368.0,-114.0,4.630000114440918,1.7373150003550109
136.00018950600042,17,-523.3049347430746,-572.0,22.0,-0.20999999344348907,1.990499999919848
136.100173498,11,4.097969164008518,57.0,20.0,-1.3799999952316284,1.9500199996400625
136.100173498,13,-62.89082817162344,-81.0,7.0,1.4800000190734863,1.8738599992502714
136.100173498,15,397.1756696651864,358.0,-87.0,3.919999837875366,1.964004000001296
136.100173498,17,-523.3049347430746,-572.0,-4.0,-0.7299999594688416,1.8305319999853964
136.200168114,11,4.097969164008518,57.0,-1.0,-2.2300000190734863,2.0003240006190026
136.200168114,13,-62.89082817162344,-80.0,8.0,0.8100000023841858,1.8453479997333488
136.200168114,15,397.1756696651864,350.0,-69.0,3.4499998092651367,1.8121640005119843
136.200168114,17,-523.3049347430746,-572.0,0.0,-0.9099999666213989,1.8100840006809449
136.3001871460001,11,4.097969164008518,57.0,-15.0,-0.7799999713897705,1.9960359995820909
136.3001871460001,13,-62.89082817162344,-79.0,13.0,-0.41999998688697815,2.063684999484394
136.3001871460001,15,397.1756696651864,343.0,-78.0,2.240000009536743,1.8661800004338147
136.3001871460001,17,-523.3049347430746,-572.0,10.0,-0.5199999809265137,1.891203999548452
136.40016320199993,11,4.097969164008518,55.0,-28.0,-4.079999923706055,2.0527080005194875
136.40016320199993,13,-62.89082817162344,-79.0,6.0,0.8100000023841858,1.7694759999358212
136.40016320199993,15,397.1756696651864,339.0,-32.0,3.3299999237060547,2.0127729994783294
136.40016320199993,17,-523.3049347430746,-570.0,39.0,-0.6399999856948853,1.8116520004696213
136.50017154600027,11,4.097969164008518,50.0,-59.0,-2.6499998569488525,2.0133479993091896
136.50017154600027,13,-62.89082817162344,-77.0,20.0,3.1399998664855957,1.9628520003607264
136.50017154600027,15,397.1756696651864,337.0,-2.0,4.380000114440918,1.9747240003198385
136.50017154600027,17,-523.3049347430746,-565.0,51.0,0.5199999809265137,2.344805000575434
136.60018331500032,11,4.097969164008518,44.0,-58.0,-3.619999885559082,2.019716000177141
136.60018331500032,13,-62.89082817162344,-72.0,49.0,3.919999837875366,1.7852510000011534
136.60018331500032,15,397.1756696651864,337.0,6.0,6.690000057220459,1.6732519998186035
136.60018331500032,17,-523.3049347430746,-558.0,80.0,0.20999999344348907,1.9349800004420104
136.7001667630002,11,4.097969164008518,37.0,-79.0,-6.799999713897705,1.9032360005439841
136.7001667630002,13,-62.89082817162344,-67.0,49.0,2.819999933242798,1.9351730006746948
136.7001667630002,15,397.1756696651864,341.0,56.0,7.649999618530273,1.9282279999970342
136.7001667630002,17,-523.3049347430746,-549.0,104.0,0.699999988079071,1.955075999831024
136.80020813100055,11,4.097969164008518,28.0,-105.0,-2.2200000286102295,1.7771880002328544
136.80020813100055,13,-62.89082817162344,-63.0,42.0,0.07000000029802322,1.7723880000630743
136.80020813100055,15,397.1756696651864,346.0,23.0,4.130000114440918,1.9135719994665124
136.80020813100055,17,-523.3049347430746,-538.0,87.0,0.17999999225139618,2.056196000012278
136.90021522700044,11,4.097969164008518,20.0,-77.0,-4.440000057220459,1.8482920004316838
136.90021522700044,13,-62.89082817162344,-61.0,0.0,1.649999976158142,1.8551080001998344
136.90021522700044,15,397.1756696651864,353.0,90.0,5.909999847412109,2.0033009996041073
136.90021522700044,17,-523.3049347430746,-531.0,66.0,0.9699999690055847,2.0177960004730267
137.00016443500044,11,38.74200667694003,12.0,-72.0,-4.329999923706055,1.8936359992949292
137.00016443500044,13,-103.64531436272154,-62.0,-10.0,3.7200000286102295,1.792099999875063
137.00016443500044,15,380.5792380521394,362.0,104.0,7.71999979019165,1.8326120007259306
137.00016443500044,17,-600.307568440137,-525.0,47.0,1.659999966621399,1.9850920007229433
137.10016237800028,11,38.74200667694003,7.0,-43.0,-5.440000057220459,1.896996000141371
137.10016237800028,13,-103.64531436272154,-62.0,0.0,3.4600000381469727,1.8175080003857147
137.10016237800028,15,380.5792380521394,373.0,104.0,7.819999694824219,1.8404200000077253
137.10016237800028,17,-600.307568440137,-522.0,23.0,1.8899999856948853,1.8102439998983755
137.20016521800062,11,38.74200667694003,3.0,-33.0,-4.889999866485596,1.9817960001091706
137.20016521800062,13,-103.64531436272154,-62.0,0.0,2.3499999046325684,1.8200360000264482
137.20016521800062,15,380.5792380521394,383.0,94.0,6.5,1.872900000307709
137.20016521800062,17,-600.307568440137,-520.0,2.0,1.1899999380111694,1.9479080001474358
137.30016620200058,11,38.74200667694003,1.0,-9.0,-3.75,1.9255730003351346
137.30016620200058,13,-103.64531436272154,-63.0,-1.0,0.17000000178813934,1.7875560006359592
137.30016620200058,15,380.5792380521394,389.0,28.0,2.5299999713897705,1.9072360000791377
137.30016620200058,17,-600.307568440137,-520.0,-4.0,-0.32999998331069946,1.8542119996709516
137.40023038600066,11,38.74200667694003,1.0,1.0,-4.380000114440918,1.9907570003852015
137.40023038600066,13,-103.64531436272154,-65.0,-34.0,1.5699999332427979,1.8679400000110036
137.40023038600066,15,380.5792380521394,390.0,4.0,6.389999866485596,1.9494759999361122
137.40023038600066,17,-600.307568440137,-523.0,-37.0,0.8299999833106995,1.8593639997561695
137.50018161000025,11,38.74200667694003,1.0,25.0,-4.949999809265137,1.9658279998111539
137.50018161000025,13,-103.64531436272154,-69.0,-38.0,2.3899998664855957,1.7525149996799883
137.50018161000025,15,380.5792380521394,391.0,17.0,7.480000019073486,1.8112039997504326
137.50018161000025,17,-600.307568440137,-528.0,-55.0,1.25,1.8899560000136262
137.60018310500072,11,38.74200667694003,4.0,28.0,-4.889999866485596,2.035907999925257
137.60018310500072,13,-103.64531436272154,-73.0,-42.0,1.7599999904632568,1.7592349995538825
137.60018310500072,15,380.5792380521394,393.0,20.0,7.009999752044678,1.8428519997542026
137.60018310500072,17,-600.307568440137,-535.0,-81.0,0.8299999833106995,1.877507999779482
137.700186905,11,38.74200667694003,8.0,52.0,-3.9800000190734863,2.0073639998372528
137.700186905,13,-103.64531436272154,-78.0,-64.0,0.6499999761581421,2.0171240003037383
137.700186905,15,380.5792380521394,395.0,9.0,5.509999752044678,1.9044520004172227
137.700186905,17,-600.307568440137,-544.0,-103.0,0.19999998807907104,1.8127080002159346
137.80017784100073,11,38.74200667694003,15.0,71.0,-3.069999933242798,1.8895080002039322
137.80017784100073,13,-103.64531436272154,-85.0,-65.0,-0.7799999713897705,1.9968040005551302
137.80017784100073,15,380.5792380521394,392.0,-68.0,3.5999999046325684,1.7424360003133188
137.80017784100073,17,-600.307568440137,-555.0,-123.0,-0.29999998211860657,1.822340000217082
137.900184137,11,38.74200667694003,23.0,80.0,-5.819999694824219,1.8282599994563498
137.900184137,13,-103.64531436272154,-92.0,-70.0,-0.20999999344348907,1.9533810000211815
137.900184137,15,380.5792380521394,385.0,-55.0,5.75,1.8073960000037914
137.900184137,17,-600.307568440137,-568.0,-125.0,-0.07999999821186066,2.04954099990573
138.0001803210007,11,61.6742236781368,29.0,46.0,-4.949999809265137,1.849283999945328
138.0001803210007,13,-127.57413649973087,-99.0,-53.0,1.3700000047683716,1.785475999895425
138.0001803210007,15,400.10065178758566,380.0,-52.0,6.0,1.9855399996231426
138.0001803210007,17,-563.2137186800727,-579.0,-100.0,0.029999999329447746,1.7413799996575108
138.10018309600036,11,61.6742236781368,33.0,42.0,-3.9599997997283936,1.939877000040724
138.10018309600036,13,-127.57413649973087,-102.0,-22.0,1.399999976158142,1.9305639998492552
138.10018309600036,15,400.10065178758566,376.0,-23.0,6.019999980926514,1.8792359996950836
138.10018309600036,17,-563.2137186800727,-588.0,-72.0,-0.32999998331069946,2.03587600026367
138.20018833599988,11,61.6742236781368,37.0,31.0,-5.480000019073486,1.9024359999093576
138.20018833599988,13,-127.57413649973087,-103.0,3.0,0.17000000178813934,1.7780520001906552
138.20018833599988,15,400.10065178758566,376.0,1.0,5.440000057220459,1.8266279994350043
138.20018833599988,17,-563.2137186800727,-594.0,-47.0,-0.9699999690055847,1.9366439992154483
138.300185479,11,61.6742236781368,39.0,15.0,-1.559999942779541,1.8982450001203688
138.300185479,13,-127.57413649973087,-101.0,19.0,-1.3299999237060547,1.8367080001553404
138.300185479,15,400.10065178758566,376.0,-13.0,2.5899999141693115,1.807780000490311
138.300185479,17,-563.2137186800727,-597.0,-12.0,-1.100000023841858,2.8707579995170818
138.4001643190004,11,61.6742236781368,42.0,33.0,-3.4099998474121094,1.9913320002160617
138.4001643190004,13,-127.57413649973087,-101.0,-18.0,-1.8600000143051147,1.755748000505264
138.4001643190004,15,400.10065178758566,377.0,39.0,3.9099998474121094,1.7650589998083888
138.4001643190004,17,-563.2137186800727,-597.0,1.0,-1.3199999332427979,1.7736359995979
138.50017704600032,11,61.6742236781368,46.0,44.0,-0.9199999570846558,1.930915999764693
138.50017704600032,13,-127.57413649973087,-105.0,-47.0,-1.0299999713897705,1.7966760005947435
138.50017704600032,15,400.10065178758566,384.0,79.0,3.5999999046325684,2.0365489999676356
138.50017704600032,17,-563.2137186800727,-597.0,21.0,-0.08999999612569809,1.9557159994292306
138.60016487800021,11,61.6742236781368,52.0,68.0,-1.1999999284744263,2.1915249999437947
138.60016487800021,13,-127.57413649973087,-110.0,-44.0,-0.6100000143051147,1.877987999250763
138.60016487800021,15,400.10065178758566,391.0,50.0,4.199999809265137,1.9354279993422097
138.60016487800021,17,-563.2137186800727,-592.0,61.0,-0.5899999737739563,1.7437790002077236
138.7001792050005,11,61.6742236781368,57.0,30.0,-2.309999942779541,1.8362279997745645
138.7001792050005,13,-127.57413649973087,-115.0,-51.0,-1.6200000047683716,2.022212000156287
138.7001792050005,15,400.10065178758566,395.0,38.0,3.9700000286102295,1.878019999821845
138.7001792050005,17,-563.2137186800727,-586.0,75.0,-0.29999998211860657,1.8084189996443456
138.8001847330006,11,61.6742236781368,59.0,19.0,0.4599999785423279,1.8614119999256218
138.8001847330006,13,-127.57413649973087,-119.0,-29.0,-1.659999966621399,1.770339999893622
138.8001847330006,15,400.10065178758566,396.0,-12.0,2.5999999046325684,1.8494759997338406
138.8001847330006,17,-563.2137186800727,-577.0,90.0,-0.25999999046325684,1.8349800002397387
138.90018641999995,11,61.6742236781368,62.0,19.0,-1.9399999380111694,2.0246439999027643
138.90018641999995,13,-127.57413649973087,-123.0,-38.0,-2.2300000190734863,1.961635999577993
138.90018641999995,15,400.10065178758566,396.0,-2.0,3.0,1.7308520000369754
138.90018641999995,17,-563.2137186800727,-570.0,61.0,-0.6299999952316284,1.9292530005259323
139.0009056130002,11,78.9823443605464,61.0,-10.0,-1.75,1.951684999767167
139.0009056130002,13,-82.22075558181136,-127.0,-29.0,-1.8199999332427979,1.813380000385223
139.0009056130002,15,395.30295634741185,396.0,1.0,3.4600000381469727,1.810980000300333
139.0009056130002,17,-573.095251319837,-565.0,24.0,0.28999999165534973,2.7723260000129812
139.10018633900017,11,78.9823443605464,61.0,3.0,-0.32999998331069946,2.45613399965805
139.10018633900017,13,-82.22075558181136,-129.0,-4.0,-1.6100000143051147,1.967236999917077
139.10018633900017,15,395.30295634741185,396.0,0.0,3.879999876022339,1.9505959999150946
139.10018633900017,17,-573.095251319837,-563.0,3.0,0.3799999952316284,1.8480359995010076
139.20019794600012,11,78.9823443605464,62.0,0.0,-2.619999885559082,1.926245000504423
139.20019794600012,13,-82.22075558181136,-128.0,11.0,-1.6299999952316284,2.061315999526414
139.20019794600012,15,395.30295634741185,396.0,2.0,4.179999828338623,1.8416360007904586
139.20019794600012,17,-573.095251319837,-563.0,0.0,0.1599999964237213,2.05379700037156
139.3001708010006,11,78.9823443605464,61.0,-6.0,-0.4699999988079071,1.9468520004011225
139.3001708010006,13,-82.22075558181136,-126.0,38.0,-1.7899999618530273,1.8075239995596348
139.3001708010006,15,395.30295634741185,395.0,-39.0,1.909999966621399,1.9685160004883073
139.3001708010006,17,-573.095251319837,-563.0,-4.0,-0.22999998927116394,1.8189470001743757
139.40019732100063,11,78.9823443605464,62.0,15.0,-0.7299999594688416,2.0522920003713807
139.40019732100063,13,-82.22075558181136,-123.0,23.0,-1.75,2.0857330000580987
139.40019732100063,15,395.30295634741185,392.0,-8.0,2.450000047683716,1.9487079998725676
139.40019732100063,17,-573.095251319837,-565.0,-33.0,-0.8100000023841858,1.8978280004375847
139.50021382400064,11,78.9823443605464,64.0,21.0,-0.07000000029802322,2.1318770004654652
139.50021382400064,13,-82.22075558181136,-120.0,38.0,-0.699999988079071,1.904067999930703
139.50021382400064,15,395.30295634741185,392.0,-3.0,2.929999828338623,1.980963999812957
139.50021382400064,17,-573.095251319837,-570.0,-49.0,-0.2800000011920929,1.7885150000438443
139.6001890790003,11,78.9823443605464,67.0,46.0,0.6299999952316284,2.07878899982461
139.6001890790003,13,-82.22075558181136,-114.0,64.0,0.07000000029802322,1.8584360004751943
139.6001890790003,15,395.30295634741185,391.0,-3.0,3.6599998474121094,1.9864360001520254
139.6001890790003,17,-573.095251319837,-572.0,-11.0,-0.32999998331069946,1.873412000350072
139.70018318200073,11,78.9823443605464,73.0,52.0,-1.1100000143051147,1.989540000067791
139.70018318200073,13,-82.22075558181136,-107.0,81.0,0.7400000095367432,1.7395240001860657
139.70018318200073,15,395.30295634741185,390.0,-10.0,4.779999732971191,1.7957159998331917
139.70018318200073,17,-573.095251319837,-573.0,0.0,-0.35999998450279236,3.026950000275974
139.80023421400074,11,78.9823443605464,76.0,21.0,0.019999999552965164,1.984771999559598
139.80023421400074,13,-82.22075558181136,-99.0,89.0,-0.4099999964237213,1.8906920004155836
139.80023421400074,15,395.30295634741185,388.0,-47.0,3.240000009536743,2.072164000310295
139.80023421400074,17,-573.095251319837,-572.0,2.0,-0.38999998569488525,1.761539000654011
139.90016562900018,11,78.9823443605464,78.0,14.0,0.1599999964237213,2.0394610000948887
139.90016562900018,13,-82.22075558181136,-92.0,50.0,0.029999999329447746,1.8727719998423709
139.90016562900018,15,395.30295634741185,387.0,10.0,4.75,1.835043999562913
139.90016562900018,17,-573.095251319837,-572.0,0.0,-0.5699999928474426,1.7917479999596253
140.00021858000036,11,24.98852608827366,78.0,-3.0,0.04999999701976776,2.0393009999679634
140.00021858000036,13,-56.498308444831636,-87.0,44.0,0.8299999833106995,1.8574759997136425
140.00021858000036,15,378.9275513017774,388.0,13.0,5.259999752044678,2.300804999322281
140.00021858000036,17,-552.7746876076998,-573.0,0.0,-0.38999998569488525,1.867236000180128
140.10017405899998,11,24.98852608827366,78.0,0.0,0.85999995470047,1.910115999635309
140.10017405899998,13,-56.498308444831636,-83.0,32.0,0.47999998927116394,1.7860520001704572
140.10017405899998,15,378.9275513017774,390.0,20.0,4.139999866485596,1.8305000003238092
140.10017405899998,17,-552.7746876076998,-573.0,0.0,-0.44999998807907104,1.779844000338926
140.20016493000003,11,24.98852608827366,78.0,1.0,1.0299999713897705,1.8484519996491144
140.20016493000003,13,-56.498308444831636,-81.0,12.0,0.3100000023841858,1.7634910000197124
140.20016493000003,15,378.9275513017774,392.0,11.0,4.0,1.8226279998998507
140.20016493000003,17,-552.7746876076998,-573.0,0.0,-0.47999998927116394,1.9907559999410296
140.30017490499995,11,24.98852608827366,78.0,-5.0,0.1899999976158142,1.9538599999577855
140.30017490499995,13,-56.498308444831636,-81.0,6.0,-0.1599999964237213,2.0401639994815923
140.30017490499995,15,378.9275513017774,391.0,-46.0,2.180000066757202,1.9364839999980177
140.30017490499995,17,-552.7746876076998,-572.0,9.0,-0.19999998807907104,1.9844519993057474
140.40017326399993,11,24.98852608827366,77.0,-16.0,-0.5399999618530273,1.87283600007504
140.40017326399993,13,-56.498308444831636,-80.0,6.0,0.9300000071525574,2.0229159999871626
140.40017326399993,15,378.9275513017774,386.0,-46.0,3.2799999713897705,1.9415400001889793
140.40017326399993,17,-552.7746876076998,-571.0,27.0,0.47999998927116394,1.7762600000423845
140.50018515900047,11,24.98852608827366,74.0,-39.0,-1.159999966621399,1.967363999938243
140.50018515900047,13,-56.498308444831636,-78.0,30.0,2.069999933242798,1.9478439999147668
140.50018515900047,15,378.9275513017774,380.0,-69.0,4.929999828338623,1.9407409999985248
140.50018515900047,17,-552.7746876076998,-566.0,59.0,0.6200000047683716,1.924036000673368
140.60016390200053,11,24.98852608827366,69.0,-53.0,-1.3399999141693115,1.9555879998733872
140.60016390200053,13,-56.498308444831636,-73.0,44.0,4.099999904632568,1.751970999976038
140.60016390200053,15,378.9275513017774,374.0,-43.0,5.940000057220459,1.7797790005715797
140.60016390200053,17,-552.7746876076998,-560.0,58.0,1.0199999809265137,2.231365000625374
140.70017954100058,11,24.98852608827366,63.0,-69.0,-2.7699999809265137,1.7232679992957856
140.70017954100058,13,-56.498308444831636,-68.0,63.0,4.699999809265137,1.7336680002699723
140.70017954100058,15,378.9275513017774,371.0,-15.0,7.299999713897705,1.8694440004765056
140.70017954100058,17,-552.7746876076998,-555.0,41.0,1.1999999284744263,2.0591729999068775
140.80023559600068,11,24.98852608827366,55.0,-93.0,-0.9399999976158142,1.9834919994536904
140.80023559600068,13,-56.498308444831636,-62.0,55.0,1.1299999952316284,1.7704029996821191
140.80023559600068,15,378.9275513017774,370.0,-49.0,3.429999828338623,1.8789160003507277
140.80023559600068,17,-552.7746876076998,-553.0,10.0,0.3100000023841858,2.005571999688982
140.90019385899996,11,24.98852608827366,46.0,-81.0,-3.419999837875366,2.0473320000746753
140.90019385899996,13,-56.498308444831636,-58.0,10.0,4.119999885559082,2.1036840007582214
140.90019385899996,15,378.9275513017774,367.0,-1.0,6.139999866485596,1.9697970001288923
140.90019385899996,17,-552.7746876076998,-552.0,0.0,0.28999999165534973,1.8850280002880027
141.0002360260005,11,23.163721035784526,39.0,-80.0,-4.190000057220459,2.0001639995825826
141.0002360260005,13,-95.2598093219822,-56.0,22.0,6.029999732971191,1.9791080003415118
141.0002360260005,15,419.5445632053368,367.0,9.0,8.720000267028809,2.0714279999083374
141.0002360260005,17,-603.8221637402016,-553.0,-8.0,1.559999942779541,2.059588000520307
141.10019454400026,11,23.163721035784526,32.0,-53.0,-3.929999828338623,2.10659599997598
141.10019454400026,13,-95.2598093219822,-52.0,35.0,4.739999771118164,1.94889999966108
141.10019454400026,15,419.5445632053368,370.0,41.0,7.009999752044678,1.9547890005924273
141.10019454400026,17,-603.8221637402016,-553.0,3.0,1.2699999809265137,1.8765160002658376
141.20018279099986,11,23.163721035784526,28.0,-33.0,-3.859999895095825,2.0093489993087132
141.20018279099986,13,-95.2598093219822,-50.0,15.0,2.2300000190734863,1.858276000348269
141.20018279099986,15,419.5445632053368,374.0,36.0,5.559999942779541,2.0063089996256167
141.20018279099986,17,-603.8221637402016,-552.0,6.0,0.04999999701976776,1.9846120003421674
141.3002144940001,11,23.163721035784526,26.0,-13.0,-2.9700000286102295,2.469924999786599
141.3002144940001,13,-95.2598093219822,-51.0,-16.0,0.4599999785423279,2.290276999701746
141.3002144940001,15,419.5445632053368,376.0,-7.0,2.740000009536743,1.7438109998693108
141.3002144940001,17,-603.8221637402016,-552.0,-4.0,-0.3100000023841858,1.8013799999607727
141.4002041800004,11,23.163721035784526,24.0,-3.0,-5.449999809265137,3.8023760007490637
141.4002041800004,13,-95.2598093219822,-54.0,-40.0,3.009999990463257,1.8731240006673033
141.4002041800004,15,419.5445632053368,376.0,4.0,7.269999980926514,3.152006000163965
141.4002041800004,17,-603.8221637402016,-555.0,-40.0,0.7599999904632568,1.8333480002183933
141.50017677899996,11,23.163721035784526,23.0,0.0,-5.789999961853027,2.0051889996466343
141.50017677899996,13,-95.2598093219822,-59.0,-43.0,4.480000019073486,2.016997000282572
141.50017677899996,15,419.5445632053368,379.0,65.0,9.979999542236328,2.278693000334897
141.50017677899996,17,-603.8221637402016,-559.0,-52.0,1.059999942779541,1.8514280000090366
141.6002135380004,11,23.163721035784526,23.0,0.0,-7.109999656677246,1.9376680002096691
141.6002135380004,13,-95.2598093219822,-64.0,-50.0,4.599999904632568,2.0986280005672597
141.6002135380004,15,419.5445632053368,389.0,110.0,10.489999771118164,1.7600030005269218
141.6002135380004,17,-603.8221637402016,-566.0,-80.0,1.25,2.048037000349723
141.70029026500015,11,23.163721035784526,22.0,-4.0,-4.980000019073486,2.8385980003804434
141.70029026500015,13,-95.2598093219822,-69.0,-49.0,2.0399999618530273,1.815780000470113
141.70029026500015,15,419.5445632053368,400.0,128.0,7.809999942779541,1.7985640006372705
141.70029026500015,17,-603.8221637402016,-575.0,-99.0,0.3799999952316284,2.1739570001955144
141.80018350299997,11,23.163721035784526,23.0,16.0,-2.809999942779541,2.0449329995244625
141.80018350299997,13,-95.2598093219822,-75.0,-66.0,-0.25,2.1063089998278883
141.80018350299997,15,419.5445632053368,411.0,61.0,3.43999981880188,1.836035999986052
141.80018350299997,17,-603.8221637402016,-585.0,-88.0,-0.6299999952316284,2.023908999944979
141.90017443800025,11,23.163721035784526,24.0,0.0,-4.46999979019165,1.9903399997929228
141.90017443800025,13,-95.2598093219822,-83.0,-79.0,1.2300000190734863,1.85728399992513
141.90017443800025,15,419.5445632053368,414.0,29.0,8.449999809265137,1.8637160001162556
141.90017443800025,17,-603.8221637402016,-593.0,-73.0,0.0,1.8238759994346765
142.0001714200007,11,38.23510319623026,23.0,-3.0,-5.769999980926514,1.851043999522517
142.0001714200007,13,-82.95023635139597,-90.0,-48.0,2.7799999713897705,1.9552359999579494
142.0001714200007,15,360.1304470504419,419.0,68.0,9.609999656677246,1.786468000318564
142.0001714200007,17,-609.5307541484398,-599.0,-41.0,0.5999999642372131,1.927651999722002
142.1001885630003,11,38.23510319623026,23.0,-8.0,-5.869999885559082,1.7716199999995297
142.1001885630003,13,-82.95023635139597,-93.0,-6.0,1.2699999809265137,1.7820519997258089
142.1001885630003,15,360.1304470504419,428.0,90.0,7.609999656677246,2.0268849993954063
142.1001885630003,17,-609.5307541484398,-602.0,-15.0,0.07000000029802322,1.8492200006221537
142.20018068100035,11,38.23510319623026,22.0,0.0,-4.289999961853027,2.0756840003741672
142.20018068100035,13,-82.95023635139597,-93.0,-9.0,0.07000000029802322,1.9671090003612335
142.20018068100035,15,360.1304470504419,436.0,75.0,4.569999694824219,1.8661479998627328
142.20018068100035,17,-609.5307541484398,-603.0,0.0,0.4099999964237213,1.947556000231998
142.30016643199997,11,38.23510319623026,23.0,20.0,-2.929999828338623,2.2650609998891014
142.30016643199997,13,-82.95023635139597,-94.0,-2.0,-0.23999999463558197,2.0761650002896204
142.30016643199997,15,360.1304470504419,439.0,-9.0,2.419999837875366,1.897443999951065
142.30016643199997,17,-609.5307541484398,-604.0,-6.0,0.04999999701976776,1.9587240003602346
142.40019797400055,11,38.23510319623026,25.0,15.0,-3.629999876022339,2.0786280001630075
142.40019797400055,13,-82.95023635139597,-94.0,0.0,0.75,1.933187999384245
142.40019797400055,15,360.1304470504419,436.0,-21.0,4.610000133514404,2.0520690004559583
142.40019797400055,17,-609.5307541484398,-606.0,-38.0,0.17000000178813934,1.7839399997683358
142.50035514899992,11,38.23510319623026,27.0,30.0,-3.4800000190734863,1.9679400002132752
142.50035514899992,13,-82.95023635139597,-93.0,23.0,1.71999990940094,2.03344500005187
142.50035514899992,15,360.1304470504419,435.0,-12.0,4.369999885559082,1.8613480006024474
142.50035514899992,17,-609.5307541484398,-609.0,-28.0,1.0399999618530273,2.0506599994405406
142.60016051500043,11,38.23510319623026,32.0,50.0,-4.210000038146973,1.9393000002310146
142.60016051500043,13,-82.95023635139597,-89.0,51.0,1.350000023841858,1.966787999663211
142.60016051500043,15,360.1304470504419,432.0,-33.0,4.409999847412109,1.8414759997540386
142.60016051500043,17,-609.5307541484398,-609.0,1.0,0.9300000071525574,1.664483999775257
142.70019573700029,11,38.23510319623026,35.0,22.0,-3.429999828338623,2.061412000330165
142.70019573700029,13,-82.95023635139597,-85.0,34.0,1.159999966621399,2.049892999821168
142.70019573700029,15,360.1304470504419,427.0,-59.0,4.420000076293945,1.984259999517235
142.70019573700029,17,-609.5307541484398,-609.0,3.0,0.7799999713897705,1.6897319992494886
142.8001708640004,11,38.23510319623026,38.0,29.0,-2.5999999046325684,1.9704679998540087
142.8001708640004,13,-82.95023635139597,-83.0,18.0,0.11999999731779099,1.8361960001129773
142.8001708640004,15,360.1304470504419,419.0,-119.0,2.5199999809265137,1.8041629991785157
142.8001708640004,17,-609.5307541484398,-609.0,0.0,0.08999999612569809,1.9023720005861833
142.90022803800002,11,38.23510319623026,39.0,1.0,-4.630000114440918,1.9549799999367679
142.90022803800002,13,-82.95023635139597,-83.0,0.0,0.7899999618530273,1.7938589999175747
142.90022803800002,15,360.1304470504419,404.0,-140.0,5.940000057220459,1.9670439996843925
142.90022803800002,17,-609.5307541484398,-609.0,0.0,-0.029999999329447746,2.328165000108129
143.0001830680003,11,56.634780300318106,38.0,-8.0,-4.929999828338623,1.9002919998456491
143.0001830680003,13,-136.57191342113126,-83.0,-1.0,1.1799999475479126,1.8296680000275956
143.0001830680003,15,402.74751455046896,393.0,-105.0,4.839999675750732,2.125156000147399
143.0001830680003,17,-550.0693611201374,-609.0,0.0,-0.05999999865889549,2.516165000088222
143.10018990700064,11,56.634780300318106,38.0,0.0,-4.029999732971191,2.077988000564801
143.10018990700064,13,-136.57191342113126,-83.0,9.0,0.6599999666213989,1.7619229993215413
143.10018990700064,15,402.74751455046896,382.0,-94.0,4.230000019073486,2.034020000792225
143.10018990700064,17,-550.0693611201374,-609.0,3.0,-0.4599999785423279,3.4497679998821695
143.20020336900052,11,56.634780300318106,38.0,-1.0,-4.349999904632568,2.7224380000916426
143.20020336900052,13,-136.57191342113126,-82.0,7.0,-0.25999999046325684,2.0058600002812454
143.20020336900052,15,402.74751455046896,374.0,-73.0,3.559999942779541,1.9597480004449608
143.20020336900052,17,-550.0693611201374,-608.0,3.0,-1.059999942779541,2.3317810000662575
143.30021635100002,11,56.634780300318106,38.0,14.0,-1.8799999952316284,2.109412999743654
143.30021635100002,13,-136.57191342113126,-81.0,8.0,-0.8199999928474426,1.8533160000515636
143.30021635100002,15,402.74751455046896,367.0,-93.0,2.419999837875366,2.0625970000764937
143.30021635100002,17,-550.0693611201374,-608.0,16.0,-0.9099999666213989,1.7423400004190626
143.4013117350005,11,56.634780300318106,40.0,19.0,-3.9800000190734863,2.0436520007933723
143.4013117350005,13,-136.57191342113126,-82.0,-22.0,-1.3399999141693115,1.938467999934801
143.4013117350005,15,402.74751455046896,360.0,-32.0,2.7899999618530273,1.9316520001666504
143.4013117350005,17,-550.0693611201374,-606.0,16.0,-0.8100000023841858,2.0119720002185204
143.50020394700005,11,56.634780300318106,42.0,23.0,-1.2999999523162842,1.9265319997430197
143.50020394700005,13,-136.57191342113126,-86.0,-40.0,-0.949999988079071,1.8851560007533408
143.50020394700005,15,402.74751455046896,359.0,0.0,2.929999828338623,2.1117169999342877
143.50020394700005,17,-550.0693611201374,-602.0,48.0,-0.7999999523162842,2.272037000693672
143.60016886500034,11,56.634780300318106,47.0,59.0,-0.85999995470047,1.9396839998080395
143.60016886500034,13,-136.57191342113126,-91.0,-52.0,-1.159999966621399,1.9754599998123012
143.60016886500034,15,402.74751455046896,360.0,20.0,3.2699999809265137,2.016964000176813
143.60016886500034,17,-550.0693611201374,-595.0,78.0,-0.7099999785423279,2.0753010003318195
143.70044056799998,11,56.634780300318106,52.0,39.0,-3.4499998092651367,2.1384689998740214
143.70044056799998,13,-136.57191342113126,-97.0,-73.0,-1.2699999809265137,1.7355239997414174
143.70044056799998,15,402.74751455046896,364.0,43.0,3.8299999237060547,1.9461490001049242
143.70044056799998,17,-550.0693611201374,-585.0,98.0,-0.3799999952316284,2.5428529997952865
143.80020103800052,11,56.634780300318106,55.0,22.0,-0.35999998450279236,2.0192040001347777
143.80020103800052,13,-136.57191342113126,-105.0,-69.0,-1.1899999380111694,1.8358440001975396
143.80020103800052,15,402.74751455046896,368.0,21.0,2.859999895095825,2.270052999847394
143.80020103800052,17,-550.0693611201374,-574.0,118.0,-0.44999998807907104,2.724805999605451
143.9001593640005,11,56.634780300318106,56.0,21.0,-1.9299999475479126,1.9881320004060399
143.9001593640005,13,-136.57191342113126,-113.0,-96.0,-1.6899999380111694,1.7816350000430248
143.9001593640005,15,402.74751455046896,374.0,86.0,3.93999981880188,1.9254449998697964
143.9001593640005,17,-550.0693611201374,-565.0,81.0,-0.2800000011920929,2.0068520007043844
144.00019756200072,11,-6.461756940163497,57.0,-9.0,-2.759999990463257,1.9677159998536808
144.00019756200072,13,-88.8266736606756,-122.0,-79.0,-0.5899999737739563,1.9552370004021213
144.00019756200072,15,414.9316227162539,383.0,79.0,4.909999847412109,2.218245000221941
144.00019756200072,17,-531.5855068364834,-558.0,64.0,0.029999999329447746,1.9110439998257789
144.10017086400057,11,-6.461756940163497,56.0,0.0,-0.09999999403953552,2.2053170005165157
144.10017086400057,13,-88.8266736606756,-128.0,-49.0,-0.6800000071525574,2.0610279998436454
144.10017086400057,15,414.9316227162539,391.0,77.0,4.069999694824219,2.0096360003662994
144.10017086400057,17,-531.5855068364834,-553.0,34.0,0.6899999976158142,1.928196000335447
144.20019053400028,11,-6.461756940163497,57.0,6.0,-2.669999837875366,2.2329969997372245
144.20019053400028,13,-88.8266736606756,-132.0,-24.0,-2.109999895095825,2.014116000282229
144.20019053400028,15,414.9316227162539,397.0,51.0,3.68999981880188,2.0030130008308333
144.20019053400028,17,-531.5855068364834,-550.0,15.0,0.23999999463558197,1.9708519994310336
144.30016169100054,11,-6.461756940163497,56.0,-6.0,-1.5799999237060547,1.8676520003282349
144.30016169100054,13,-88.8266736606756,-133.0,5.0,-1.6699999570846558,1.9200360002287198
144.30016169100054,15,414.9316227162539,400.0,0.0,2.440000057220459,1.8285159994775313
144.30016169100054,17,-531.5855068364834,-549.0,13.0,-0.5699999928474426,1.8886440002461313
144.40019249700072,11,-6.461756940163497,54.0,-21.0,-4.039999961853027,1.977635999537597
144.40019249700072,13,-88.8266736606756,-134.0,-17.0,-1.5899999141693115,1.9647409999379306
144.40019249700072,15,414.9316227162539,401.0,33.0,5.309999942779541,1.789284000551561
144.40019249700072,17,-531.5855068364834,-548.0,20.0,1.1200000047683716,2.076484000099299
144.50018867900053,11,-6.461756940163497,50.0,-58.0,-3.009999990463257,2.072709000458417
144.50018867900053,13,-88.8266736606756,-135.0,3.0,-0.3799999952316284,1.7901159999382799
144.50018867900053,15,414.9316227162539,404.0,34.0,6.279999732971191,2.314021000529465
144.50018867900053,17,-531.5855068364834,-543.0,56.0,0.8100000023841858,1.9356839993633912
144.6001895010004,11,-6.461756940163497,44.0,-53.0,-4.299999713897705,1.9341480001457967
144.6001895010004,13,-88.8266736606756,-132.0,38.0,-0.5299999713897705,1.9103730001006625
144.6001895010004,15,414.9316227162539,407.0,22.0,6.309999942779541,2.0392679998622043
144.6001895010004,17,-531.5855068364834,-537.0,63.0,0.7599999904632568,1.7431719998057815
144.7001714750004,11,-6.461756940163497,37.0,-88.0,-5.199999809265137,1.9036199992115144
144.7001714750004,13,-88.8266736606756,-127.0,54.0,-1.5899999141693115,1.731106999613985
144.7001714750004,15,414.9316227162539,409.0,13.0,6.299999713897705,2.061700999547611
144.7001714750004,17,-531.5855068364834,-533.0,27.0,0.8700000047683716,1.945539999724133
144.80017396099993,11,-6.461756940163497,28.0,-81.0,-3.629999876022339,1.9946920001530088
144.80017396099993,13,-88.8266736606756,-122.0,71.0,-1.1299999952316284,1.992452000195044
144.80017396099993,15,414.9316227162539,409.0,-21.0,2.8499999046325684,1.9670759993459797
144.80017396099993,17,-531.5855068364834,-531.0,-2.0,0.6800000071525574,1.8934760000774986
144.90019974300048,11,-6.461756940163497,19.0,-91.0,-6.75,1.9526440000845469
144.90019974300048,13,-88.8266736606756,-116.0,51.0,-0.23999999463558197,1.9678129992826143
144.90019974300048,15,414.9316227162539,406.0,-12.0,6.589999675750732,2.2193639997567516
144.90019974300048,17,-531.5855068364834,-531.0,-2.0,0.8700000047683716,2.380198000537348
145.00018418000036,11,69.51726520389079,9.0,-83.0,-4.920000076293945,2.046147999863024
145.00018418000036,13,-135.4467872939826,-110.0,73.0,1.899999976158142,1.890691999506089
145.00018418000036,15,339.6915240134861,405.0,0.0,7.46999979019165,2.726374000303622
145.00018418000036,17,-551.1240451762285,-532.0,0.0,1.059999942779541,1.8939880001198617
145.1001886820004,11,69.51726520389079,3.0,-46.0,-7.069999694824219,2.0427250001375796
145.1001886820004,13,-135.4467872939826,-102.0,87.0,0.5399999618530273,1.9938929999625543
145.1001886820004,15,339.6915240134861,406.0,6.0,8.329999923706055,1.976707999347127
145.1001886820004,17,-551.1240451762285,-531.0,2.0,1.209999918937683,1.8868839997594478
145.20018476800033,11,69.51726520389079,-1.0,-54.0,-6.079999923706055,2.3945009997987654
145.20018476800033,13,-135.4467872939826,-96.0,39.0,1.059999942779541,2.0666929995059036
145.20018476800033,15,339.6915240134861,408.0,33.0,6.589999675750732,2.037476999248611
145.20018476800033,17,-551.1240451762285,-531.0,1.0,0.9799999594688416,1.8975399998453213
145.3001695890007,11,69.51726520389079,-4.0,-5.0,-3.7200000286102295,2.04806900001131
145.3001695890007,13,-135.4467872939826,-92.0,33.0,0.009999999776482582,2.031140999861236
145.3001695890007,15,339.6915240134861,410.0,-1.0,2.129999876022339,2.152932000171859
145.3001695890007,17,-551.1240451762285,-531.0,-3.0,-0.17000000178813934,3.0633989999842015
145.40017281100063,11,69.51726520389079,-6.0,-24.0,-5.269999980926514,1.8050600001515704
145.40017281100063,13,-135.4467872939826,-91.0,0.0,1.1699999570846558,1.7754279997461708
145.40017281100063,15,339.6915240134861,408.0,-28.0,5.339999675750732,1.8357479993937886
145.40017281100063,17,-551.1240451762285,-534.0,-42.0,1.1200000047683716,2.0601329997589346
145.5001808320003,11,69.51726520389079,-7.0,-1.0,-5.380000114440918,1.941827999871748
145.5001808320003,13,-135.4467872939826,-91.0,0.0,1.7599999904632568,1.883715999611013
145.5001808320003,15,339.6915240134861,406.0,-14.0,5.829999923706055,1.9804200001090067
145.5001808320003,17,-551.1240451762285,-538.0,-43.0,0.44999998807907104,2.084900000227208
145.60017451800013,11,69.51726520389079,-6.0,21.0,-4.71999979019165,2.101348999531183
145.60017451800013,13,-135.4467872939826,-91.0,-1.0,0.5199999809265137,2.0357160001367447
145.60017451800013,15,339.6915240134861,405.0,-10.0,4.360000133514404,2.2310439999273513
145.60017451800013,17,-551.1240451762285,-544.0,-48.0,0.07999999821186066,1.7403239999111975
145.70016493999992,11,69.51726520389079,-3.0,36.0,-4.46999979019165,1.9623400003183633
145.70016493999992,13,-135.4467872939826,-93.0,-32.0,-0.10999999940395355,1.9429480007602251
145.70016493999992,15,339.6915240134861,403.0,-38.0,3.309999942779541,1.739682999868819
145.70016493999992,17,-551.1240451762285,-548.0,-46.0,0.8399999737739563,2.0153320001554675
145.80017392100035,11,69.51726520389079,1.0,80.0,-4.170000076293945,1.9008680001206812
145.80017392100035,13,-135.4467872939826,-97.0,-28.0,-0.9300000071525574,1.845028000388993
145.80017392100035,15,339.6915240134861,396.0,-104.0,1.909999966621399,1.8102439998983755
145.80017392100035,17,-551.1240451762285,-550.0,-8.0,-0.7099999785423279,1.8854760000976967
145.9001888870007,11,69.51726520389079,7.0,64.0,-5.440000057220459,1.8708520001382567
145.9001888870007,13,-135.4467872939826,-101.0,-58.0,-2.669999837875366,1.9472680005492293
145.9001888870007,15,339.6915240134861,383.0,-111.0,3.68999981880188,1.9088359995294013
145.9001888870007,17,-551.1240451762285,-551.0,0.0,-0.3400000035762787,1.896003999718232
146.00019111600068,11,57.98795343629374,14.0,72.0,-3.75,1.9090919995505828
146.00019111600068,13,-90.98759584281734,-109.0,-82.0,-3.0,2.0096680000278866
146.00019111600068,15,358.04572960462554,373.0,-97.0,2.3299999237060547,1.815652000004775
146.00019111600068,17,-538.5750282815064,-550.0,1.0,-0.5099999904632568,1.8564199999673292
146.1001637140007,11,57.98795343629374,24.0,109.0,-4.839999675750732,2.1169640003790846
146.1001637140007,13,-90.98759584281734,-116.0,-71.0,-4.819999694824219,2.041507999820169
146.1001637140007,15,358.04572960462554,363.0,-96.0,1.4900000095367432,1.7465640003138105
146.1001637140007,17,-538.5750282815064,-550.0,1.0,-0.6699999570846558,1.8093480002789875
146.20016568700066,11,57.98795343629374,35.0,108.0,-4.75,2.015459999711311
146.20016568700066,13,-90.98759584281734,-123.0,-67.0,-5.089999675750732,1.9025320007131086
146.20016568700066,15,358.04572960462554,355.0,-71.0,0.6800000071525574,1.687171999947168
146.20016568700066,17,-538.5750282815064,-550.0,0.0,-0.7199999690055847,1.921572000355809
146.30016468400026,11,57.98795343629374,45.0,95.0,-1.899999976158142,1.977253000404744
146.30016468400026,13,-90.98759584281734,-128.0,-16.0,-2.8299999237060547,1.8747560006886488
146.30016468400026,15,358.04572960462554,348.0,-78.0,1.2599999904632568,1.956899999640882
146.30016468400026,17,-538.5750282815064,-550.0,4.0,0.03999999910593033,1.9170280002072104
146.4002028499999,11,57.98795343629374,53.0,78.0,-4.059999942779541,1.831619999393297
146.4002028499999,13,-90.98759584281734,-131.0,-42.0,-4.049999713897705,2.0624689996111556
146.4002028499999,15,358.04572960462554,344.0,-2.0,-0.22999998927116394,2.2155890001158696
146.4002028499999,17,-538.5750282815064,-548.0,20.0,-0.23999999463558197,1.974916000108351
146.50015391099987,11,57.98795343629374,58.0,42.0,-1.0199999809265137,1.8556519999037846
146.50015391099987,13,-90.98759584281734,-135.0,-43.0,-4.809999942779541,2.01642100000754
146.50015391099987,15,358.04572960462554,345.0,13.0,-1.3399999141693115,1.7647399999987101
146.50015391099987,17,-538.5750282815064,-544.0,49.0,-0.7699999809265137,2.0487399997364264
146.60016718000043,11,57.98795343629374,63.0,43.0,0.9099999666213989,1.7898269998113392
146.60016718000043,13,-90.98759584281734,-138.0,-30.0,-4.650000095367432,1.778402999661921
146.60016718000043,15,358.04572960462554,346.0,24.0,-1.4900000095367432,2.038147999883222
146.60016718000043,17,-538.5750282815064,-540.0,28.0,-0.5799999833106995,1.8471399998816196
146.7001977939999,11,57.98795343629374,67.0,28.0,-0.9699999690055847,2.0124520005992963
146.7001977939999,13,-90.98759584281734,-139.0,-2.0,-3.9700000286102295,1.7640349997236626
146.7001977939999,15,358.04572960462554,349.0,20.0,0.20999999344348907,1.9334759999765083
146.7001977939999,17,-538.5750282815064,-538.0,13.0,-0.7599999904632568,1.8356199998379452
146.80018408700016,11,57.98795343629374,68.0,6.0,-0.17999999225139618,1.856452000538411
146.80018408700016,13,-90.98759584281734,-138.0,20.0,-1.1799999475479126,1.7604520007807878
146.80018408700016,15,358.04572960462554,351.0,3.0,1.459999918937683,1.8312680003873538
146.80018408700016,17,-538.5750282815064,-538.0,6.0,-0.7999999523162842,1.7668840000624186
146.90053946900025,11,57.98795343629374,68.0,-3.0,-0.28999999165534973,2.049605000138399
146.90053946900025,13,-90.98759584281734,-136.0,17.0,-2.2699999809265137,2.624837000439584
146.90053946900025,15,358.04572960462554,353.0,45.0,1.1699999570846558,2.0893800001431373
146.90053946900025,17,-538.5750282815064,-538.0,0.0,-0.8499999642372131,2.1021809998273966
147.00020300899996,11,34.85594877888049,66.0,-23.0,-1.2799999713897705,1.9900839997717412
147.00020300899996,13,-65.15197481465638,-133.0,42.0,-3.2899999618530273,1.9020200006707455
147.00020300899996,15,358.0108084255303,357.0,24.0,0.29999998211860657,1.816707000216411
147.00020300899996,17,-590.9094700697317,-538.0,0.0,-0.9599999785423279,1.9844199996441603
147.100171606,11,34.85594877888049,63.0,-46.0,-0.7299999594688416,1.9108520000372664
147.100171606,13,-65.15197481465638,-129.0,44.0,-3.4099998474121094,1.6758430001573288
147.100171606,15,358.0108084255303,358.0,3.0,0.04999999701976776,1.8401000006633694
147.100171606,17,-590.9094700697317,-538.0,0.0,-1.2400000095367432,1.8402599998808
147.20018605899986,11,34.85594877888049,59.0,-27.0,0.5999999642372131,2.0511399998213165
147.20018605899986,13,-65.15197481465638,-123.0,55.0,-2.440000057220459,1.8565159998615854
147.20018605899986,15,358.0108084255303,358.0,-6.0,0.4699999988079071,1.9595880003180355
147.20018605899986,17,-590.9094700697317,-538.0,-1.0,-1.3399999141693115,1.754147999236011
147.3002495690007,11,34.85594877888049,58.0,0.0,-0.26999998092651367,1.977187999727903
147.3002495690007,13,-65.15197481465638,-116.0,97.0,-1.4399999380111694,1.9223400004193536
147.3002495690007,15,358.0108084255303,356.0,-48.0,1.9399999380111694,2.0413479996932438
147.3002495690007,17,-590.9094700697317,-538.0,3.0,-0.5,1.7256989995075855
147.40016072600065,11,34.85594877888049,58.0,-9.0,-3.7899999618530273,2.013092000197503
147.40016072600065,13,-65.15197481465638,-106.0,85.0,-1.7599999904632568,1.8097960000886815
147.40016072600065,15,358.0108084255303,354.0,1.0,2.8399999141693115,1.8817319996742299
147.40016072600065,17,-590.9094700697317,-540.0,-31.0,-0.11999999731779099,2.10326799970062
147.5001628910004,11,34.85594877888049,54.0,-51.0,-1.8799999952316284,1.837347999753547
147.5001628910004,13,-65.15197481465638,-97.0,100.0,-1.2200000286102295,1.7352040003970615
147.5001628910004,15,358.0108084255303,354.0,0.0,3.1599998474121094,2.025443999627896
147.5001628910004,17,-590.9094700697317,-544.0,-47.0,-0.7099999785423279,1.7561320000822889
147.60019286400075,11,34.85594877888049,49.0,-42.0,-1.9799998998641968,1.9821799996861955
147.60019286400075,13,-65.15197481465638,-88.0,89.0,-1.46999990940094,1.8387879999863799
147.60019286400075,15,358.0108084255303,354.0,7.0,2.93999981880188,1.9470759998512222
147.60019286400075,17,-590.9094700697317,-551.0,-73.0,-0.7699999809265137,1.7228520000571734
147.70017010100037,11,34.85594877888049,44.0,-54.0,-4.779999732971191,1.8612519997986965
147.70017010100037,13,-65.15197481465638,-80.0,76.0,-1.7899999618530273,1.8219240000689751
147.70017010100037,15,358.0108084255303,355.0,6.0,2.8899998664855957,1.7974439997487934
147.70017010100037,17,-590.9094700697317,-560.0,-100.0,-1.059999942779541,1.7531879993839539
147.80016161000003,11,34.85594877888049,39.0,-37.0,-2.180000066757202,1.8162599999413942
147.80016161000003,13,-65.15197481465638,-73.0,68.0,-0.8999999761581421,1.764163999723678
147.80016161000003,15,358.0108084255303,355.0,-21.0,1.5799999237060547,1.8848360004994902
147.80016161000003,17,-590.9094700697317,-570.0,-91.0,-1.0,1.7373800001223572
147.90016038300018,11,34.85594877888049,35.0,-33.0,-4.960000038146973,1.9991409999420284
147.90016038300018,13,-65.15197481465638,-69.0,23.0,0.429999977350235,2.163941000617342
147.90016038300018,15,358.0108084255303,353.0,-2.0,3.379999876022339,1.959235999493103
147.90016038300018,17,-590.9094700697317,-579.0,-81.0,-0.9199999570846558,2.021283999965817
148.0001879880001,11,77.16155138654236,31.0,-34.0,-3.4600000381469727,1.9230119996791473
148.0001879880001,13,-55.973763338130844,-67.0,18.0,1.3199999332427979,1.9540839994078851
148.0001879880001,15,385.0276690391888,353.0,-3.0,3.879999876022339,1.8607080000947462
148.0001879880001,17,-559.9155934525321,-586.0,-65.0,-0.3799999952316284,1.8808680006259237
148.10018141700039,11,77.16155138654236,30.0,1.0,-3.049999952316284,1.8882599997596117
148.10018141700039,13,-55.973763338130844,-66.0,10.0,1.9799998998641968,2.0602290005626855
148.10018141700039,15,385.0276690391888,353.0,0.0,4.539999961853027,1.9312679996801307
148.10018141700039,17,-559.9155934525321,-591.0,-26.0,-0.9799999594688416,1.840292000451882
148.20017644500058,11,77.16155138654236,31.0,12.0,-3.9099998474121094,1.9294760004413547
148.20017644500058,13,-55.973763338130844,-66.0,2.0,2.2799999713897705,1.6627880004307372
148.20017644500058,15,385.0276690391888,353.0,4.0,4.920000076293945,1.8195880002167542
148.20017644500058,17,-559.9155934525321,-593.0,-4.0,-0.8499999642372131,1.862467999671935
148.30021678600042,11,77.16155138654236,33.0,40.0,-1.6699999570846558,1.947044000189635
148.30021678600042,13,-55.973763338130844,-66.0,-1.0,0.7599999904632568,1.7988199997489573
148.30021678600042,15,385.0276690391888,353.0,-29.0,1.8299999237060547,1.7130280002675136
148.30021678600042,17,-559.9155934525321,-592.0,8.0,-0.35999998450279236,2.3524210000687162
148.40020477500002,11,77.16155138654236,37.0,47.0,-3.4099998474121094,2.054820000012114
148.40020477500002,13,-55.973763338130844,-65.0,12.0,2.4700000286102295,1.794468000298366
148.40020477500002,15,385.0276690391888,350.0,-4.0,4.599999904632568,2.0322919999671285
148.40020477500002,17,-559.9155934525321,-591.0,32.0,-0.25999999046325684,2.2193329996298417
148.5001997720001,11,77.16155138654236,42.0,48.0,-2.5,2.1007720006309683
148.5001997720001,13,-55.973763338130844,-63.0,34.0,5.489999771118164,1.919587999509531
148.5001997720001,15,385.0276690391888,350.0,4.0,8.729999542236328,2.151523999600613
148.5001997720001,17,-559.9155934525321,-587.0,52.0,0.3400000035762787,1.8322589994568261
148.60017956899992,11,77.16155138654236,48.0,81.0,-1.6200000047683716,1.95872399945074
148.60017956899992,13,-55.973763338130844,-60.0,34.0,7.029999732971191,1.9458609995126608
148.60017956899992,15,385.0276690391888,356.0,80.0,9.069999694824219,1.8349480005781516
148.60017956899992,17,-559.9155934525321,-580.0,77.0,0.7999999523162842,1.8371559999650344
148.70017514100073,11,77.16155138654236,57.0,81.0,-2.7200000286102295,2.014499999859254
148.70017514100073,13,-55.973763338130844,-56.0,36.0,4.549999713897705,1.8432039996696403
148.70017514100073,15,385.0276690391888,366.0,114.0,7.269999980926514,2.009828000154812
148.70017514100073,17,-559.9155934525321,-572.0,84.0,0.38999998569488525,2.0410929992067395
148.8001886660004,11,77.16155138654236,64.0,66.0,-0.38999998569488525,1.9369640003787936
148.8001886660004,13,-55.973763338130844,-53.0,28.0,0.07999999821186066,1.8203240006187116
148.8001886660004,15,385.0276690391888,377.0,77.0,1.6699999570846558,1.9199400003344635
148.8001886660004,17,-559.9155934525321,-565.0,65.0,-0.38999998569488525,1.9219569994675112
148.90017687900036,11,77.16155138654236,70.0,54.0,0.09999999403953552,1.9248999997216742
148.90017687900036,13,-55.973763338130844,-51.0,3.0,0.5600000023841858,1.7908840000018245
148.90017687900036,15,385.0276690391888,383.0,67.0,3.7699999809265137,1.9066920003751875
148.90017687900036,17,-559.9155934525321,-560.0,29.0,0.29999998211860657,1.8924839996543596
149.00019462799992,11,-3.7628196486566594,74.0,32.0,-1.5399999618530273,1.9813160006378894
149.00019462799992,13,-82.06554821540635,-52.0,-12.0,2.5899999141693115,1.8046119994323817
149.00019462799992,15,386.94722125265054,387.0,32.0,6.710000038146973,1.9165160001648474
149.00019462799992,17,-622.0072327954642,-558.0,16.0,0.6299999952316284,2.0804530004170374
149.10018127200055,11,-3.7628196486566594,76.0,15.0,-1.5999999046325684,1.9093800001428463
149.10018127200055,13,-82.06554821540635,-53.0,-14.0,3.129999876022339,1.7841319995568483
149.10018127200055,15,386.94722125265054,391.0,46.0,7.039999961853027,2.016868999817234
149.10018127200055,17,-622.0072327954642,-558.0,-5.0,0.4099999964237213,1.8915559994638897
149.2001742530001,11,-3.7628196486566594,77.0,0.0,-2.009999990463257,2.1453160006785765
149.2001742530001,13,-82.06554821540635,-55.0,-14.0,2.359999895095825,1.983204999305599
149.2001742530001,15,386.94722125265054,396.0,35.0,6.299999713897705,2.0071720000487403
149.2001742530001,17,-622.0072327954642,-560.0,-11.0,1.1100000143051147,1.8892839998443378
149.30018243300037,11,-3.7628196486566594,77.0,9.0,-1.3399999141693115,1.9835889997921186
149.30018243300037,13,-82.06554821540635,-56.0,-14.0,0.699999988079071,1.9300519998068921
149.30018243300037,15,386.94722125265054,397.0,-23.0,1.7699999809265137,2.1257329999571084
149.30018243300037,17,-622.0072327954642,-560.0,-7.0,0.429999977350235,1.9817000002149143
149.40016850200027,11,-3.7628196486566594,76.0,-14.0,-2.119999885559082,1.9590759993661777
149.40016850200027,13,-82.06554821540635,-58.0,-25.0,1.709999918937683,2.5259260000893846
149.40016850200027,15,386.94722125265054,391.0,-54.0,5.130000114440918,2.033989000665315
149.40016850200027,17,-622.0072327954642,-562.0,-28.0,0.09999999403953552,2.063716000520799
149.50016740200044,11,-3.7628196486566594,73.0,-41.0,-2.6599998474121094,1.6662440002619405
149.50016740200044,13,-82.06554821540635,-61.0,-37.0,2.6599998474121094,1.8094440001732437
149.50016740200044,15,386.94722125265054,387.0,-40.0,5.779999732971191,1.952644999619224
149.50016740200044,17,-622.0072327954642,-566.0,-58.0,0.6499999761581421,1.883812000414764
149.60015871900032,11,-3.7628196486566594,68.0,-53.0,-1.7899999618530273,1.6904990006878506
149.60015871900032,13,-82.06554821540635,-65.0,-46.0,2.2799999713897705,1.9951080003011157
149.60015871900032,15,386.94722125265054,384.0,-16.0,4.839999675750732,1.9242279995523859
149.60015871900032,17,-622.0072327954642,-572.0,-74.0,0.08999999612569809,1.9960680001531728
149.70018462700045,11,-3.7628196486566594,62.0,-61.0,-2.8899998664855957,1.9835889997921186
149.70018462700045,13,-82.06554821540635,-70.0,-57.0,1.5299999713897705,1.7030119997798465
149.70018462700045,15,386.94722125265054,383.0,-6.0,4.819999694824219,1.877668000815902
149.70018462700045,17,-622.0072327954642,-581.0,-101.0,-0.26999998092651367,1.7034279999279534
149.80015911200007,11,-3.7628196486566594,55.0,-68.0,-1.96999990940094,2.0472359992709244
149.80015911200007,13,-82.06554821540635,-76.0,-58.0,0.14000000059604645,1.8682600002648542
149.80015911200007,15,386.94722125265054,382.0,-37.0,2.2300000190734863,1.8409320000500884
149.80015911200007,17,-622.0072327954642,-592.0,-112.0,-0.5,1.8916839999292279
149.90017020400046,11,-3.7628196486566594,46.0,-91.0,-4.509999752044678,1.7951079998965724
149.90017020400046,13,-82.06554821540635,-81.0,-48.0,1.5899999141693115,1.8035559996860684
149.90017020400046,15,386.94722125265054,378.0,-8.0,5.739999771118164,1.7800039995563566
149.90017020400046,17,-622.0072327954642,-602.0,-96.0,-1.0199999809265137,2.0086450003873324
150.0001709600001,11,30.406348639131593,35.0,-136.0,-4.819999694824219,1.8403879994366434
150.0001709600001,13,-76.77718329894658,-84.0,-13.0,2.740000009536743,1.9572520004658145
150.0001709600001,15,416.64486272170166,378.0,0.0,6.940000057220459,1.9142439996358007
150.0001709600001,17,-541.1374777982762,-611.0,-73.0,-0.7299999594688416,1.8507880004108301
150.10017066100045,11,30.406348639131593,23.0,-92.0,-3.179999828338623,1.975844000298821
150.10017066100045,13,-76.77718329894658,-84.0,13.0,1.5799999237060547,2.01472500066302
150.10017066100045,15,416.64486272170166,380.0,29.0,5.87999963760376,1.9142760002068826
150.10017066100045,17,-541.1374777982762,-617.0,-41.0,-1.0799999237060547,1.7918760004249634
150.20021180100048,11,30.406348639131593,15.0,-81.0,-6.859999656677246,1.86710799971479
150.20021180100048,13,-76.77718329894658,-82.0,23.0,0.38999998569488525,1.8982440005856915
150.20021180100048,15,416.64486272170166,382.0,17.0,5.21999979019165,1.86950799979968
150.20021180100048,17,-541.1374777982762,-620.0,-21.0,-1.5899999141693115,2.0941479997418355
150.30017246100033,11,30.406348639131593,8.0,-46.0,-3.419999837875366,1.9646760001705843
150.30017246100033,13,-76.77718329894658,-81.0,1.0,0.019999999552965164,1.731715000460099
150.30017246100033,15,416.64486272170166,384.0,4.0,1.71999990940094,2.0942119999745046
150.30017246100033,17,-541.1374777982762,-621.0,0.0,-0.550000011920929,2.2811879998698714
150.40016646500044,11,30.406348639131593,3.0,-47.0,-7.389999866485596,1.9607400008680997
150.40016646500044,13,-76.77718329894658,-81.0,1.0,1.6799999475479126,1.8334120004510623
150.40016646500044,15,416.64486272170166,384.0,3.0,5.559999942779541,1.8571560003692866
150.40016646500044,17,-541.1374777982762,-621.0,7.0,-0.07999999821186066,2.0634289994632127
150.50020821399994,11,30.406348639131593,-2.0,-52.0,-8.539999961853027,1.9037800002479344
150.50020821399994,13,-76.77718329894658,-80.0,8.0,3.919999837875366,3.0052869997234666
150.50020821399994,15,416.64486272170166,387.0,63.0,7.859999656677246,2.0813170003748382
150.50020821399994,17,-541.1374777982762,-618.0,38.0,0.0,2.1532210002987995
150.6001765860001,11,30.406348639131593,-6.0,-24.0,-6.839999675750732,1.9564840004022699
150.6001765860001,13,-76.77718329894658,-77.0,31.0,2.129999876022339,1.7526109995742445
150.6001765860001,15,416.64486272170166,397.0,109.0,6.579999923706055,1.9083239994870382
150.6001765860001,17,-541.1374777982762,-613.0,67.0,-0.12999999523162842,1.922532000207866
150.7001732460003,11,30.406348639131593,-7.0,-6.0,-5.87999963760376,1.9212839997635456
150.7001732460003,13,-76.77718329894658,-75.0,10.0,0.26999998092651367,1.8432039996696403
150.7001732460003,15,416.64486272170166,407.0,96.0,4.400000095367432,1.9128679996356368
150.7001732460003,17,-541.1374777982762,-605.0,83.0,-0.23999999463558197,1.9620200000645127
150.80017006600065,11,30.406348639131593,-7.0,30.0,-2.8999998569488525,1.9996519995402195
150.80017006600065,13,-76.77718329894658,-76.0,-16.0,0.10999999940395355,1.742980000017269
150.80017006600065,15,416.64486272170166,413.0,22.0,1.6799999475479126,2.0354919997771503
150.80017006600065,17,-541.1374777982762,-595.0,112.0,-0.12999999523162842,2.059973000541504
150.90019437499996,11,30.406348639131593,-5.0,25.0,-5.980000019073486,1.9855719992847298
150.90019437499996,13,-76.77718329894658,-77.0,-17.0,1.5799999237060547,1.7419240002709557
150.90019437499996,15,416.64486272170166,411.0,-30.0,6.099999904632568,1.8277480003234814
150.90019437499996,17,-541.1374777982762,-583.0,123.0,1.0499999523162842,1.8601960000523832
151.0001823950006,11,-9.919964018042364,-3.0,32.0,-5.900000095367432,1.8195879993072595
151.0001823950006,13,-99.58817163756996,-78.0,2.0,2.9800000190734863,1.762787999723514
151.0001823950006,15,348.3734689679615,410.0,0.0,6.679999828338623,1.8160680001528817
151.0001823950006,17,-570.5849223093147,-571.0,125.0,1.409999966621399,1.997604000280262
151.1001792470006,11,-9.919964018042364,0.0,45.0,-4.619999885559082,2.041188000475813
151.1001792470006,13,-99.58817163756996,-77.0,22.0,1.2599999904632568,1.8355559996052762
151.1001792470006,15,348.3734689679615,410.0,2.0,6.019999980926514,1.8729319999692962
151.1001792470006,17,-570.5849223093147,-559.0,102.0,0.7999999523162842,2.0187560003250837
151.20018525100022,11,-9.919964018042364,6.0,63.0,-3.4499998092651367,1.782628000000841
151.20018525100022,13,-99.58817163756996,-76.0,-1.0,1.1799999475479126,1.7572519991517765
151.20018525100022,15,348.3734689679615,411.0,11.0,6.179999828338623,1.8844200003513834
151.20018525100022,17,-570.5849223093147,-551.0,74.0,1.0399999618530273,1.7936360000021523
151.30025691900028,11,-9.919964018042364,14.0,114.0,-3.259999990463257,2.0649010002671275
151.30025691900028,13,-99.58817163756996,-76.0,-9.0,0.09999999403953552,2.0795880000150646
151.30025691900028,15,348.3734689679615,411.0,-24.0,1.350000023841858,1.7859240006146138
151.30025691900028,17,-570.5849223093147,-545.0,54.0,-0.2199999988079071,1.8453480006428435
151.40016234700033,11,-9.919964018042364,22.0,66.0,-3.43999981880188,1.9842600004267297
151.40016234700033,13,-99.58817163756996,-78.0,-30.0,1.0699999332427979,1.8419870002617245
151.40016234700033,15,348.3734689679615,404.0,-77.0,5.559999942779541,1.881412000329874
151.40016234700033,17,-570.5849223093147,-542.0,18.0,1.2400000095367432,1.8418280005789711
151.50019417500062,11,-9.919964018042364,27.0,44.0,-4.349999904632568,1.8701799999689683
151.50019417500062,13,-99.58817163756996,-82.0,-41.0,2.299999952316284,1.8992360000993358
151.50019417500062,15,348.3734689679615,397.0,-63.0,7.299999713897705,2.0361000006232643
151.50019417500062,17,-570.5849223093147,-542.0,5.0,2.129999876022339,1.8777319992295816
151.60015521900004,11,-9.919964018042364,31.0,33.0,-4.089999675750732,1.9197479996364564
151.60015521900004,13,-99.58817163756996,-85.0,-35.0,1.209999918937683,1.7979559997911565
151.60015521900004,15,348.3734689679615,392.0,-47.0,5.940000057220459,1.8724519995885203
151.60015521900004,17,-570.5849223093147,-542.0,-8.0,0.9799999594688416,1.7336680002699723
151.70019987900014,11,-9.919964018042364,33.0,15.0,-3.5,1.917284000228392
151.70019987900014,13,-99.58817163756996,-90.0,-47.0,-0.09999999403953552,2.0510770000328193
151.70019987900014,15,348.3734689679615,386.0,-68.0,4.589999675750732,1.897891999760759
151.70019987900014,17,-570.5849223093147,-544.0,-41.0,0.029999999329447746,1.940420000209997
151.80018002700035,11,-9.919964018042364,35.0,23.0,-2.690000057220459,1.9535399997039349
151.80018002700035,13,-99.58817163756996,-94.0,-27.0,-1.0499999523162842,1.805251999940083
151.80018002700035,15,348.3734689679615,377.0,-143.0,2.2200000286102295,1.857731999734824
151.80018002700035,17,-570.5849223093147,-550.0,-53.0,-0.3499999940395355,1.8207080001957365
151.9001753749999,11,-9.919964018042364,34.0,-8.0,-7.529999732971191,1.8457639998814557
151.9001753749999,13,-99.58817163756996,-96.0,-31.0,-1.6799999475479126,1.6203229997699964
151.9001753749999,15,348.3734689679615,361.0,-116.0,4.190000057220459,2.4675259992363863
151.9001753749999,17,-570.5849223093147,-557.0,-83.0,-0.4699999988079071,2.655014000083611
152.0001663060002,11,30.609777511012418,30.0,-61.0,-4.239999771118164,1.9960039999205037
152.0001663060002,13,-46.60273688007839,-99.0,-27.0,-0.019999999552965164,1.7316520006716019
152.0001663060002,15,333.8295207074185,353.0,-65.0,4.110000133514404,2.02032400011376
152.0001663060002,17,-547.1161412583966,-564.0,-55.0,-0.5199999809265137,1.9020200006707455
152.10017934999996,11,30.609777511012418,25.0,-42.0,-3.179999828338623,1.8807719998221728
152.10017934999996,13,-46.60273688007839,-100.0,0.0,0.8499999642372131,1.9083560000581201
152.10017934999996,15,333.8295207074185,348.0,-33.0,3.759999990463257,2.034787999946275
152.10017934999996,17,-547.1161412583966,-568.0,-37.0,0.10999999940395355,2.041028000348888
152.20019265000064,11,30.609777511012418,21.0,-61.0,-8.510000228881836,1.9950440000684466
152.20019265000064,13,-46.60273688007839,-99.0,17.0,-0.5299999713897705,2.029571999628388
152.20019265000064,15,333.8295207074185,347.0,-7.0,2.8399999141693115,1.8564519996289164
152.20019265000064,17,-547.1161412583966,-570.0,0.0,-1.25,1.6998430000967346
152.30016127700037,11,30.609777511012418,12.0,-69.0,-2.8299999237060547,1.8915880000349716
152.30016127700037,13,-46.60273688007839,-97.0,38.0,-1.5199999809265137,1.7937959992195829
152.30016127700037,15,333.8295207074185,347.0,-14.0,1.0799999237060547,1.7883239997900091
152.30016127700037,17,-547.1161412583966,-569.0,14.0,-0.8100000023841858,2.2023720002835034
152.40024619300038,11,30.609777511012418,4.0,-69.0,-7.25,2.142147999620647
152.40024619300038,13,-46.60273688007839,-94.0,27.0,-1.309999942779541,1.971587999832991
152.40024619300038,15,333.8295207074185,345.0,-17.0,1.6399999856948853,1.99849999989965
152.40024619300038,17,-547.1161412583966,-568.0,22.0,-0.1899999976158142,1.8278440002177376
152.50017894900066,11,30.609777511012418,-3.0,-79.0,-9.699999809265137,1.8839080003090203
152.50017894900066,13,-46.60273688007839,-91.0,32.0,0.04999999701976776,1.9025319998036139
152.50017894900066,15,333.8295207074185,342.0,-44.0,2.25,2.1314599998731865
152.50017894900066,17,-547.1161412583966,-564.0,52.0,-0.5199999809265137,1.928196000335447
152.60025112900075,11,30.609777511012418,-10.0,-59.0,-5.849999904632568,1.9075879999945755
152.60025112900075,13,-46.60273688007839,-87.0,54.0,1.559999942779541,1.8601639994813013
152.60025112900075,15,333.8295207074185,336.0,-61.0,3.0399999618530273,1.8276840000908123
152.60025112900075,17,-547.1161412583966,-558.0,74.0,0.029999999329447746,2.0638119995055604
152.70016567600032,11,30.609777511012418,-13.0,-14.0,-10.269999504089355,1.9024680004804395
152.70016567600032,13,-46.60273688007839,-80.0,79.0,2.3299999237060547,1.9123239999316866
152.70016567600032,15,333.8295207074185,331.0,-33.0,3.4700000286102295,1.9477480000205105
152.70016567600032,17,-547.1161412583966,-552.0,53.0,0.3100000023841858,2.454212999509764
152.80017782400046,11,30.609777511012418,-15.0,21.0,-4.710000038146973,1.9505000000208383
152.80017782400046,13,-46.60273688007839,-71.0,79.0,0.6699999570846558,1.9066919994656928
152.80017782400046,15,333.8295207074185,329.0,-21.0,0.8399999737739563,1.7572199994901894
152.80017782400046,17,-547.1161412583966,-548.0,35.0,-0.2199999988079071,1.9611570005508838
152.90019035600017,11,30.609777511012418,-16.0,-6.0,-10.429999351501465,1.912676000756619
152.90019035600017,13,-46.60273688007839,-62.0,77.0,0.0,1.807171999644197
152.90019035600017,15,333.8295207074185,328.0,7.0,2.609999895095825,1.8079399997077417
152.90019035600017,17,-547.1161412583966,-546.0,8.0,-0.7099999785423279,1.9626599996627192
153.0001651270004,11,43.904580345593686,-18.0,-22.0,-6.899999618530273,2.026307999585697
153.0001651270004,13,-90.47669780122615,-55.0,59.0,1.059999942779541,1.7780830003175652
153.0001651270004,15,337.6989342934926,330.0,12.0,2.679999828338623,1.8416040002193768
153.0001651270004,17,-536.1391817997218,-546.0,-3.0,-0.8100000023841858,1.9894440001735347
153.1001613389999,11,43.904580345593686,-17.0,36.0,-5.389999866485596,1.9700519997059018
153.1001613389999,13,-90.47669780122615,-50.0,57.0,0.5399999618530273,1.8443560002197046
153.1001613389999,15,337.6989342934926,330.0,6.0,2.8299999237060547,1.914564000799146
153.1001613389999,17,-536.1391817997218,-546.0,0.0,-0.6800000071525574,2.008355999350897
153.20017419000033,11,43.904580345593686,-14.0,43.0,-7.509999752044678,2.021285000409989
153.20017419000033,13,-90.47669780122615,-46.0,30.0,0.4599999785423279,1.8798119999701157
153.20017419000033,15,337.6989342934926,331.0,5.0,2.929999828338623,1.8711719994826126
153.20017419000033,17,-536.1391817997218,-546.0,0.0,-0.6899999976158142,1.9900839997717412
153.30016432200046,11,43.904580345593686,-9.0,80.0,-3.559999942779541,1.8909159998656833
153.30016432200046,13,-90.47669780122615,-44.0,11.0,0.05999999865889549,1.7419240002709557
153.30016432200046,15,337.6989342934926,331.0,-6.0,0.550000011920929,1.8041000002995133
153.30016432200046,17,-536.1391817997218,-546.0,15.0,-0.9199999570846558,2.1225319997029146
153.40018738100025,11,43.904580345593686,-3.0,71.0,-7.109999656677246,1.7916200004037819
153.40018738100025,13,-90.47669780122615,-44.0,-8.0,0.6499999761581421,1.8342439998377813
153.40018738100025,15,337.6989342934926,330.0,0.0,2.9800000190734863,2.0228520006639883
153.40018738100025,17,-536.1391817997218,-545.0,12.0,0.5799999833106995,2.0288679997975123
153.50018080800055,11,43.904580345593686,2.0,52.0,-5.739999771118164,2.3281330004465417
153.50018080800055,13,-90.47669780122615,-46.0,-25.0,1.959999918937683,1.9902439998986665
153.50018080800055,15,337.6989342934926,330.0,13.0,4.529999732971191,1.9317480000609066
153.50018080800055,17,-536.1391817997218,-541.0,39.0,0.9199999570846558,1.7614759999560192
153.60020332400018,11,43.904580345593686,10.0,96.0,-3.2699999809265137,1.8451240002832492
153.60020332400018,13,-90.47669780122615,-48.0,-24.0,1.0299999713897705,2.0232050001141033
153.60020332400018,15,337.6989342934926,333.0,17.0,3.859999895095825,2.029123999818694
153.60020332400018,17,-536.1391817997218,-537.0,36.0,0.10999999940395355,1.8073960000037914
153.7001850710003,11,43.904580345593686,20.0,91.0,-5.869999885559082,1.840131999415462
153.7001850710003,13,-90.47669780122615,-52.0,-50.0,0.429999977350235,1.767556000231707
153.7001850710003,15,337.6989342934926,334.0,3.0,4.110000133514404,1.9664999999804422
153.7001850710003,17,-536.1391817997218,-536.0,5.0,0.19999998807907104,1.9331240000610705
153.80018585900052,11,43.904580345593686,28.0,87.0,-1.8499999046325684,1.8652840008144267
153.80018585900052,13,-90.47669780122615,-58.0,-73.0,0.019999999552965164,1.769380000041565
153.80018585900052,15,337.6989342934926,334.0,-22.0,1.3299999237060547,1.9492840001475997
153.80018585900052,17,-536.1391817997218,-536.0,4.0,-0.5,1.8467240006430075
153.90016597400063,11,43.904580345593686,35.0,66.0,-4.089999675750732,1.8680350003705826
153.90016597400063,13,-90.47669780122615,-66.0,-100.0,0.6800000071525574,1.7909159996634116
153.90016597400063,15,337.6989342934926,332.0,0.0,3.879999876022339,1.9816679996438324
153.90016597400063,17,-536.1391817997218,-536.0,-2.0,0.04999999701976776,1.8074279996653786
154.0001853220001,11,-14.846079324601718,39.0,26.0,-4.5,1.9958120001319912
154.0001853220001,13,-108.4561446752384,-76.0,-88.0,2.3899998664855957,2.0009969994134735
154.0001853220001,15,385.75699584650437,332.0,-1.0,4.759999752044678,1.8871080001190421
154.0001853220001,17,-534.1069739874849,-536.0,0.0,0.550000011920929,1.8673640006454661
154.1001941730001,11,-14.846079324601718,41.0,23.0,-1.6799999475479126,2.0049639997523627
154.1001941730001,13,-108.4561446752384,-82.0,-51.0,2.5,1.8718440005613957
154.1001941730001,15,385.75699584650437,332.0,0.0,5.279999732971191,1.81434000023728
154.1001941730001,17,-534.1069739874849,-536.0,0.0,0.7799999713897705,1.8731239997578086
154.20022280000012,11,-14.846079324601718,43.0,19.0,-3.4700000286102295,1.9188520000170683
154.20022280000012,13,-108.4561446752384,-86.0,-25.0,1.559999942779541,1.9111729998257942
154.20022280000012,15,385.75699584650437,332.0,13.0,5.019999980926514,1.8094119996021618
154.20022280000012,17,-534.1069739874849,-536.0,1.0,0.8899999856948853,1.8593959994177567
154.30018048300008,11,-14.846079324601718,44.0,4.0,-1.2599999904632568,1.9860520005750004
154.30018048300008,13,-108.4561446752384,-87.0,-18.0,-0.3999999761581421,1.8491870005163946
154.30018048300008,15,385.75699584650437,334.0,10.0,1.6899999380111694,1.786019000064698
154.30018048300008,17,-534.1069739874849,-536.0,3.0,-0.1899999976158142,1.9568679999792948
154.4001608540002,11,-14.846079324601718,42.0,-25.0,-2.5899999141693115,1.79251600002317
154.4001608540002,13,-108.4561446752384,-89.0,-31.0,-1.4499999284744263,1.8663720002223272
154.4001608540002,15,385.75699584650437,337.0,51.0,2.3299999237060547,1.7513640004835906
154.4001608540002,17,-534.1069739874849,-534.0,9.0,0.1899999976158142,1.8087400003423681
154.5001743769999,11,-14.846079324601718,38.0,-49.0,-3.9099998474121094,2.0293479992687935
154.5001743769999,13,-108.4561446752384,-94.0,-60.0,-0.8100000023841858,1.7630439997446956
154.5001743769999,15,385.75699584650437,344.0,71.0,3.429999828338623,1.81434000023728
154.5001743769999,17,-534.1069739874849,-534.0,0.0,0.3400000035762787,1.8720680000114953
154.60017884400077,11,-14.846079324601718,32.0,-61.0,-3.0299999713897705,1.9623399994088686
154.60017884400077,13,-108.4561446752384,-100.0,-62.0,0.2199999988079071,2.0776999999725376
154.60017884400077,15,385.75699584650437,352.0,91.0,5.0,1.916227999572584
154.60017884400077,17,-534.1069739874849,-534.0,0.0,0.6699999570846558,2.171748999899137
154.7002326239999,11,-14.846079324601718,26.0,-66.0,-6.589999675750732,1.9311079995532054
154.7002326239999,13,-108.4561446752384,-105.0,-31.0,0.8100000023841858,2.113188999828708
154.7002326239999,15,385.75699584650437,361.0,78.0,6.769999980926514,1.9066599998041056
154.7002326239999,17,-534.1069739874849,-534.0,-1.0,1.0799999237060547,2.0059250000485918
154.80020573100046,11,-14.846079324601718,17.0,-55.0,-3.3999998569488525,2.0883249999315012
154.80020573100046,13,-108.4561446752384,-107.0,-6.0,-0.32999998331069946,2.03974800024298
154.80020573100046,15,385.75699584650437,369.0,51.0,2.299999952316284,1.766628000041237
154.80020573100046,17,-534.1069739874849,-534.0,-1.0,0.2800000011920929,1.896100000521983
154.90060866300064,11,-14.846079324601718,9.0,-77.0,-8.0,2.0525159998214804
154.90060866300064,13,-108.4561446752384,-106.0,5.0,-2.7100000381469727,2.0151720000285422
154.90060866300064,15,385.75699584650437,372.0,46.0,4.429999828338623,2.0148210005572764
154.90060866300064,17,-534.1069739874849,-534.0,0.0,0.5099999904632568,1.9115880004392238
155.00023578499986,11,30.2012586761999,0.0,-89.0,-7.519999980926514,2.063779999843973
155.00023578499986,13,-115.38783112839775,-107.0,-16.0,-1.6899999380111694,1.9086439997408888
155.00023578499986,15,389.5156690772816,378.0,48.0,4.289999961853027,2.602598000521539
155.00023578499986,17,-606.4362426323233,-534.0,0.0,0.5999999642372131,1.8811240006471053
155.100219164,11,30.2012586761999,-6.0,-56.0,-4.889999866485596,2.055652999843005
155.100219164,13,-115.38783112839775,-108.0,-9.0,-1.0299999713897705,1.8221800000901567
155.100219164,15,389.5156690772816,382.0,37.0,3.68999981880188,1.840707999690494
155.100219164,17,-606.4362426323233,-534.0,1.0,0.6100000143051147,2.220485000179906
155.20017089500016,11,30.2012586761999,-10.0,-43.0,-7.349999904632568,1.928963999489497
155.20017089500016,13,-115.38783112839775,-108.0,5.0,-1.399999976158142,1.939811999363883
155.20017089500016,15,389.5156690772816,384.0,12.0,3.0799999237060547,1.9795880007222877
155.20017089500016,17,-606.4362426323233,-534.0,0.0,0.7799999713897705,1.8283879999216879
155.30027817800055,11,30.2012586761999,-13.0,7.0,-2.9700000286102295,2.119844999469933
155.30027817800055,13,-115.38783112839775,-108.0,18.0,-1.1699999570846558,1.994340000237571
155.30027817800055,15,389.5156690772816,384.0,-4.0,0.8299999833106995,1.9751090003410354
155.30027817800055,17,-606.4362426323233,-534.0,-6.0,0.41999998688697815,2.0975400002498645
155.40019730099993,11,30.2012586761999,-14.0,-4.0,-8.239999771118164,1.8047080002361326
155.40019730099993,13,-115.38783112839775,-107.0,-3.0,-2.629999876022339,1.8942440001410432
155.40019730099993,15,389.5156690772816,384.0,7.0,2.9800000190734863,1.9913010000891518
155.40019730099993,17,-606.4362426323233,-535.0,-14.0,-0.7400000095367432,1.9720039999810979
155.50017962400034,11,30.2012586761999,-16.0,-14.0,-4.900000095367432,2.021380000769568
155.50017962400034,13,-115.38783112839775,-110.0,-45.0,-2.2300000190734863,2.0850609998888103
155.50017962400034,15,389.5156690772816,386.0,28.0,1.3799999952316284,1.8520040002840688
155.50017962400034,17,-606.4362426323233,-539.0,-45.0,-0.4699999988079071,2.559653000389517
155.60016181800074,11,30.2012586761999,-15.0,36.0,-5.009999752044678,1.995107999391621
155.60016181800074,13,-115.38783112839775,-114.0,-24.0,-1.6399999856948853,1.773156000126619
155.60016181800074,15,389.5156690772816,387.0,-7.0,2.1599998474121094,1.789123999515141
155.60016181800074,17,-606.4362426323233,-545.0,-76.0,-0.09999999403953552,1.844483999775548
155.70018017300026,11,30.2012586761999,-11.0,37.0,-7.429999828338623,1.8551399998614215
155.70018017300026,13,-115.38783112839775,-115.0,-1.0,-1.3700000047683716,2.028067999162886
155.70018017300026,15,389.5156690772816,386.0,-18.0,3.8999998569488525,1.8162599999413942
155.70018017300026,17,-606.4362426323233,-554.0,-103.0,0.11999999731779099,4.040745000565948
155.8001791679999,11,30.2012586761999,-7.0,88.0,-3.359999895095825,1.885700000457291
155.8001791679999,13,-115.38783112839775,-115.0,14.0,-0.8799999952316284,1.8577000000732369
155.8001791679999,15,389.5156690772816,386.0,-12.0,1.4900000095367432,1.805219999369001
155.8001791679999,17,-606.4362426323233,-565.0,-112.0,-0.3999999761581421,1.7500520007160958
155.90016421100063,11,30.2012586761999,0.0,76.0,-11.139999389648438,1.8889000002673129
155.90016421100063,13,-115.38783112839775,-113.0,2.0,-1.8399999141693115,1.6711070002202177
155.90016421100063,15,389.5156690772816,383.0,-6.0,4.549999713897705,1.8863720006265794
155.90016421100063,17,-606.4362426323233,-577.0,-116.0,-1.0199999809265137,1.7739559998517507
156.00017485400076,11,81.34925561753877,4.0,46.0,-5.039999961853027,1.8898280004577828
156.00017485400076,13,-92.8787899297274,-115.0,-12.0,-0.7999999523162842,1.7909480002344935
156.00017485400076,15,328.58462937159993,383.0,3.0,4.699999809265137,2.0057649999216665
156.00017485400076,17,-524.0845590038052,-588.0,-99.0,-0.7199999690055847,2.76224600020214
156.10018072900039,11,81.34925561753877,12.0,100.0,-4.529999732971191,1.9069159998252871
156.10018072900039,13,-92.8787899297274,-115.0,2.0,-0.8799999952316284,1.9241640002292115
156.10018072900039,15,328.58462937159993,384.0,4.0,4.529999732971191,1.8578600002001622
156.10018072900039,17,-524.0845590038052,-596.0,-62.0,-1.4499999284744263,1.7839720003394177
156.20015719500043,11,81.34925561753877,20.0,45.0,-8.0,1.8543079995652079
156.20015719500043,13,-92.8787899297274,-114.0,4.0,-1.559999942779541,1.9176040004822426
156.20015719500043,15,328.58462937159993,385.0,10.0,4.650000095367432,2.050981000138563
156.20015719500043,17,-524.0845590038052,-601.0,-52.0,-1.659999966621399,1.8037469999399036
156.30016227000033,11,81.34925561753877,24.0,51.0,-1.7999999523162842,1.986723999834794
156.30016227000033,13,-92.8787899297274,-114.0,10.0,-0.6899999976158142,1.8030760002147872
156.30016227000033,15,328.58462937159993,386.0,5.0,1.7400000095367432,2.0280690005165525
156.30016227000033,17,-524.0845590038052,-605.0,-13.0,-0.8199999928474426,2.1176370000830502
156.40023998500055,11,81.34925561753877,28.0,54.0,-4.259999752044678,1.8402919995423872
156.40023998500055,13,-92.8787899297274,-112.0,21.0,-1.3899999856948853,1.709443999970972
156.40023998500055,15,328.58462937159993,384.0,-12.0,3.259999990463257,1.9109799995931098
156.40023998500055,17,-524.0845590038052,-605.0,0.0,-1.959999918937683,1.9863719999193563
156.50018774700038,11,81.34925561753877,33.0,48.0,-2.990000009536743,1.859203000094567
156.50018774700038,13,-92.8787899297274,-110.0,28.0,-1.0099999904632568,1.922948000355973
156.50018774700038,15,328.58462937159993,383.0,-12.0,2.809999942779541,1.9568039997466258
156.50018774700038,17,-524.0845590038052,-604.0,17.0,-1.1899999380111694,2.025988000241341
156.60019522200037,11,81.34925561753877,39.0,80.0,-0.19999998807907104,1.9956200003434788
156.60019522200037,13,-92.8787899297274,-106.0,47.0,-0.6800000071525574,1.7796520005504135
156.60019522200037,15,328.58462937159993,381.0,-34.0,2.2300000190734863,1.9719080000868416
156.60019522200037,17,-524.0845590038052,-601.0,57.0,-0.7299999594688416,1.9840690001728944
156.7001871120001,11,81.34925561753877,49.0,99.0,-1.8799999952316284,1.8057630004477687
156.7001871120001,13,-92.8787899297274,-100.0,61.0,-1.209999918937683,1.7837790001067333
156.7001871120001,15,328.58462937159993,375.0,-69.0,2.8899998664855957,1.9256360001236317
156.7001871120001,17,-524.0845590038052,-595.0,74.0,-0.8999999761581421,1.94333200033725
156.80018210700018,11,81.34925561753877,58.0,89.0,-0.6699999570846558,1.942723999491136
156.80018210700018,13,-92.8787899297274,-95.0,56.0,-1.8299999237060547,1.8787880007948843
156.80018210700018,15,328.58462937159993,368.0,-79.0,0.7299999594688416,1.7686750006760121
156.80018210700018,17,-524.0845590038052,-586.0,100.0,-0.3400000035762787,1.7448030002924497
156.9001832140002,11,81.34925561753877,66.0,75.0,0.3100000023841858,1.773571999365231
156.9001832140002,13,-92.8787899297274,-90.0,37.0,-2.4600000381469727,1.7735399997036438
156.9001832140002,15,328.58462937159993,358.0,-92.0,1.25,1.8355559996052762
156.9001832140002,17,-524.0845590038052,-574.0,117.0,-0.7599999904632568,1.677283999924839
157.0001861440005,11,44.74423982484324,72.0,57.0,-0.25999999046325684,2.146212999832642
157.0001861440005,13,-103.65528294856503,-89.0,10.0,-2.4800000190734863,1.9833320002362598
157.0001861440005,15,385.71523318891167,348.0,-96.0,0.7999999523162842,1.852867999332375
157.0001861440005,17,-538.1490514296188,-561.0,136.0,-0.7799999713897705,1.9611559991972172
157.10019185800047,11,44.74423982484324,77.0,34.0,0.29999998211860657,1.987652000025264
157.10019185800047,13,-103.65528294856503,-89.0,-12.0,-2.1399998664855957,1.9665319996420294
157.10019185800047,15,385.71523318891167,339.0,-78.0,1.1799999475479126,2.051876999757951
157.10019185800047,17,-538.1490514296188,-549.0,110.0,-0.4399999976158142,1.8069479992846027
157.2001574450005,11,44.74423982484324,79.0,23.0,1.9799998998641968,1.9354280002517044
157.2001574450005,13,-103.65528294856503,-91.0,-24.0,-1.46999990940094,1.910627999677672
157.2001574450005,15,385.71523318891167,333.0,-56.0,1.1399999856948853,1.8134760002794792
157.2001574450005,17,-538.1490514296188,-539.0,90.0,-0.3499999940395355,1.809571999729087
157.30015922300026,11,44.74423982484324,81.0,1.0,1.1799999475479126,2.064645000245946
157.30015922300026,13,-103.65528294856503,-93.0,-8.0,-0.5,1.8467879999661818
157.30015922300026,15,385.71523318891167,329.0,-45.0,0.6800000071525574,1.933251999616914
157.30015922300026,17,-538.1490514296188,-532.0,65.0,-0.25,2.0408039999892935
157.40016602500054,11,44.74423982484324,81.0,-4.0,2.4600000381469727,1.994276000004902
157.40016602500054,13,-103.65528294856503,-94.0,-25.0,-2.4800000190734863,1.8139240000891732
157.40016602500054,15,385.71523318891167,326.0,0.0,0.10999999940395355,1.8665960005819215
157.40016602500054,17,-538.1490514296188,-527.0,34.0,0.28999999165534973,1.8136999997295788
157.50019010800042,11,44.74423982484324,80.0,-10.0,1.4499999284744263,2.185925000048883
157.50019010800042,13,-103.65528294856503,-98.0,-37.0,-3.1499998569488525,1.8566119997558417
157.50019010800042,15,385.71523318891167,327.0,16.0,-0.3499999940395355,1.9809320001513697
157.50019010800042,17,-538.1490514296188,-525.0,15.0,-0.38999998569488525,2.214244999777293
157.60018542200032,11,44.74423982484324,77.0,-37.0,0.44999998807907104,1.941892000104417
157.60018542200032,13,-103.65528294856503,-101.0,-26.0,-3.4600000381469727,1.81101199996192
157.60018542200032,15,385.71523318891167,329.0,28.0,-0.14999999105930328,1.8657000000530388
157.60018542200032,17,-538.1490514296188,-525.0,-4.0,-0.429999977350235,1.7671079995125183
157.700173921,11,44.74423982484324,72.0,-54.0,0.9799999594688416,2.0114600001761573
157.700173921,13,-103.65528294856503,-103.0,-20.0,-1.96999990940094,1.8967400001201895
157.700173921,15,385.71523318891167,332.0,36.0,1.309999942779541,1.8406760000289069
157.700173921,17,-538.1490514296188,-527.0,-26.0,-0.8100000023841858,2.0491569994192105
157.8001685950003,11,44.74423982484324,66.0,-65.0,-0.05999999865889549,2.028389000770403
157.8001685950003,13,-103.65528294856503,-104.0,2.0,-0.5600000023841858,1.9219240002712468
157.8001685950003,15,385.71523318891167,337.0,51.0,0.949999988079071,2.068549000796338
157.8001685950003,17,-538.1490514296188,-532.0,-51.0,-0.5699999928474426,1.9083239994870382
157.9001674609999,11,44.74423982484324,60.0,-73.0,-1.309999942779541,1.832738999837602
157.9001674609999,13,-103.65528294856503,-103.0,9.0,-1.409999966621399,1.7258590005440055
157.9001674609999,15,385.71523318891167,341.0,67.0,3.059999942779541,1.8300510000699433
157.9001674609999,17,-538.1490514296188,-536.0,-36.0,-0.11999999731779099,1.8109160000676638
158.00016152800072,11,55.7767472465672,53.0,-59.0,0.23999999463558197,1.8753639997157734
158.00016152800072,13,-128.58475117261918,-103.0,0.0,-1.090000033378601,1.9729959994947421
158.00016152800072,15,392.47916360885836,351.0,101.0,3.7899999618530273,2.0180530000288854
158.00016152800072,17,-573.9365408736361,-538.0,-13.0,-0.35999998450279236,2.004708000640676
158.10016945000007,11,55.7767472465672,49.0,-26.0,-1.409999966621399,1.914403999762726
158.10016945000007,13,-128.58475117261918,-103.0,0.0,-1.2899999618530273,2.136068000254454
158.10016945000007,15,392.47916360885836,362.0,106.0,3.799999952316284,2.1498610003618523
158.10016945000007,17,-573.9365408736361,-539.0,12.0,0.4399999976158142,1.7609959995752433
158.20023330799995,11,55.7767472465672,46.0,-29.0,-2.059999942779541,2.075748999232019
158.20023330799995,13,-128.58475117261918,-103.0,0.0,-1.3600000143051147,1.8867879998651915
158.20023330799995,15,392.47916360885836,371.0,82.0,3.5999999046325684,2.2339890001603635
158.20023330799995,17,-573.9365408736361,-537.0,0.0,-0.25999999046325684,1.9559400006983196
158.3001789580003,11,55.7767472465672,44.0,-7.0,-0.22999998927116394,1.8878119999499177
158.3001789580003,13,-128.58475117261918,-103.0,8.0,-0.8100000023841858,1.8148199997085612
158.3001789580003,15,392.47916360885836,378.0,46.0,1.0799999237060547,1.7848039997261367
158.3001789580003,17,-573.9365408736361,-538.0,1.0,-0.2199999988079071,1.8415719996482949
158.40024134400028,11,55.7767472465672,44.0,15.0,-2.299999952316284,1.9255080005677883
158.40024134400028,13,-128.58475117261918,-103.0,-8.0,-1.8799999952316284,1.9274280002719024
158.40024134400028,15,392.47916360885836,380.0,35.0,4.039999961853027,1.9728359993678168
158.40024134400028,17,-573.9365408736361,-539.0,-29.0,-0.09999999403953552,2.031107999755477
158.50016523400063,11,55.7767472465672,46.0,10.0,-1.6999999284744263,1.9082600001638639
158.50016523400063,13,-128.58475117261918,-106.0,-40.0,-1.5,1.7789149997042841
158.50016523400063,15,392.47916360885836,384.0,44.0,3.929999828338623,1.8760040002234746
158.50016523400063,17,-573.9365408736361,-543.0,-57.0,0.14999999105930328,1.9392680005694274
158.6001811240003,11,55.7767472465672,49.0,41.0,-0.8799999952316284,1.963141000487667
158.6001811240003,13,-128.58475117261918,-110.0,-49.0,-1.8199999332427979,1.743044000249938
158.6001811240003,15,392.47916360885836,388.0,27.0,3.4099998474121094,2.010883999901125
158.6001811240003,17,-573.9365408736361,-549.0,-76.0,-0.04999999701976776,1.797764000002644
158.70021419800014,11,55.7767472465672,53.0,36.0,-3.069999933242798,1.9544040005712304
158.70021419800014,13,-128.58475117261918,-115.0,-57.0,-3.240000009536743,1.7284519999520853
158.70021419800014,15,392.47916360885836,389.0,1.0,3.7799999713897705,1.9024040002477705
158.70021419800014,17,-573.9365408736361,-557.0,-90.0,-0.6200000047683716,1.9933799994760193
158.80016503200022,11,55.7767472465672,55.0,14.0,-1.7599999904632568,1.9704679998540087
158.80016503200022,13,-128.58475117261918,-121.0,-47.0,-1.3199999332427979,1.8731880008999724
158.80016503200022,15,392.47916360885836,389.0,-10.0,1.0799999237060547,1.8212200002380996
158.80016503200022,17,-573.9365408736361,-565.0,-66.0,-0.26999998092651367,1.7990440001085517
158.9001857860003,11,55.7767472465672,56.0,12.0,-2.5399999618530273,1.9665319996420294
158.9001857860003,13,-128.58475117261918,-125.0,-36.0,-2.359999895095825,1.9687720005094889
158.9001857860003,15,392.47916360885836,386.0,-4.0,3.9800000190734863,1.833188000091468
158.9001857860003,17,-573.9365408736361,-570.0,-37.0,-1.100000023841858,2.3637809999854653
159.00021175600068,11,-4.872802968227205,56.0,-9.0,-2.9600000381469727,1.801059999706922
159.00021175600068,13,-104.65119034531997,-129.0,-35.0,-1.9299999475479126,1.7031070001394255
159.00021175600068,15,418.53345872879385,387.0,14.0,3.490000009536743,2.023204000579426
159.00021175600068,17,-546.2799053418984,-573.0,-20.0,-1.100000023841858,3.1583109994244296
159.10018450999996,11,-4.872802968227205,55.0,0.0,-0.5600000023841858,1.8457959995430429
159.10018450999996,13,-104.65119034531997,-131.0,-11.0,-2.0899999141693115,2.0411239993336494
159.10018450999996,15,418.53345872879385,389.0,18.0,2.8999998569488525,2.0786599998245947
159.10018450999996,17,-546.2799053418984,-575.0,0.0,-0.3100000023841858,2.0234280000295257
159.20018257599986,11,-4.872802968227205,55.0,7.0,-2.2200000286102295,1.927620000060415
159.20018257599986,13,-104.65119034531997,-131.0,3.0,-2.490000009536743,1.9209000001865206
159.20018257599986,15,418.53345872879385,390.0,10.0,2.5199999809265137,2.024964000156615
159.20018257599986,17,-546.2799053418984,-574.0,15.0,-0.4099999964237213,1.8759399999908055
159.30016413000067,11,-4.872802968227205,55.0,1.0,-0.11999999731779099,1.880452000477817
159.30016413000067,13,-104.65119034531997,-130.0,27.0,-1.5399999618530273,1.8877800002883305
159.30016413000067,15,418.53345872879385,391.0,-2.0,0.6100000143051147,2.007876999414293
159.30016413000067,17,-546.2799053418984,-573.0,1.0,-0.22999998927116394,2.0927409996147617
159.40016616400044,11,-4.872802968227205,55.0,-7.0,-2.4099998474121094,1.903491999655671
159.40016616400044,13,-104.65119034531997,-127.0,25.0,-1.3600000143051147,1.7265959995711455
159.40016616400044,15,418.53345872879385,389.0,-8.0,3.629999876022339,2.1017649996792898
159.40016616400044,17,-546.2799053418984,-572.0,14.0,-0.009999999776482582,1.8637160001162556
159.50019613400036,11,-4.872802968227205,52.0,-38.0,-3.6599998474121094,1.8687399997361354
159.50019613400036,13,-104.65119034531997,-125.0,30.0,0.17999999225139618,2.1073640000395244
159.50019613400036,15,418.53345872879385,389.0,11.0,6.730000019073486,1.7518750000817818
159.50019613400036,17,-546.2799053418984,-568.0,42.0,0.3400000035762787,2.7044529997510836
159.60021272700033,11,-4.872802968227205,48.0,-45.0,-2.7799999713897705,1.9050920000154292
159.60021272700033,13,-104.65119034531997,-121.0,53.0,1.909999966621399,1.9070440002906253
159.60021272700033,15,418.53345872879385,393.0,56.0,8.309999465942383,1.8051879997074138
159.60021272700033,17,-546.2799053418984,-562.0,68.0,1.209999918937683,2.0039719993292238
159.70018279300075,11,-4.872802968227205,42.0,-69.0,-5.039999961853027,1.9966449999628821
159.70018279300075,13,-104.65119034531997,-114.0,74.0,0.9199999570846558,2.1338599999580765
159.70018279300075,15,418.53345872879385,400.0,79.0,8.84000015258789,2.1159080006327713
159.70018279300075,17,-546.2799053418984,-555.0,74.0,0.6200000047683716,2.7252859999862267
159.80018060300063,11,-4.872802968227205,34.0,-90.0,-0.5699999928474426,1.9164839995937655
159.80018060300063,13,-104.65119034531997,-108.0,33.0,1.25,2.0804519999728655
159.80018060300063,15,418.53345872879385,409.0,84.0,1.649999976158142,1.7536989998916397
159.80018060300063,17,-546.2799053418984,-549.0,52.0,-0.4399999976158142,1.76477100012562
159.90019284500067,11,-4.872802968227205,25.0,-92.0,-3.5799999237060547,1.9829479997497401
159.90019284500067,13,-104.65119034531997,-103.0,19.0,-0.5099999904632568,1.73629099936079
159.90019284500067,15,418.53345872879385,411.0,12.0,6.349999904632568,1.9972199997937423
159.90019284500067,17,-546.2799053418984,-546.0,28.0,0.2199999988079071,1.8376039997747284
160.00020572700032,11,-9.358735891218572,16.0,-95.0,-4.779999732971191,2.001028000449878
160.00020572700032,13,-77.11030741077028,-102.0,3.0,1.659999966621399,1.996644000428205
160.00020572700032,15,416.8304105688493,414.0,28.0,8.639999389648438,1.7332509996776935
160.00020572700032,17,-594.53477445061,-546.0,0.0,1.4399999380111694,2.069379999738885
160.10017876800066,11,-9.358735891218572,8.0,-67.0,-5.619999885559082,2.0658610001191846
160.10017876800066,13,-77.11030741077028,-102.0,15.0,0.9300000071525574,1.76899600046454
160.10017876800066,15,416.8304105688493,418.0,51.0,8.170000076293945,1.8457320002198685
160.10017876800066,17,-594.53477445061,-546.0,-3.0,0.9899999499320984,2.075395999781904
160.20016867400045,11,-9.358735891218572,2.0,-52.0,-5.089999675750732,1.8762599993351614
160.20016867400045,13,-77.11030741077028,-101.0,-1.0,-0.38999998569488525,1.9442599996182253
160.20016867400045,15,416.8304105688493,423.0,43.0,6.079999923706055,2.258821000395983
160.20016867400045,17,-594.53477445061,-546.0,3.0,0.7199999690055847,2.015555999605567
160.30018520300018,11,-9.358735891218572,-1.0,-31.0,-0.9199999570846558,2.07472400052211
160.30018520300018,13,-77.11030741077028,-103.0,-25.0,0.009999999776482582,1.6918760002226918
160.30018520300018,15,416.8304105688493,426.0,11.0,1.149999976158142,1.8757799998638802
160.30018520300018,17,-594.53477445061,-546.0,0.0,0.04999999701976776,1.780420000613958
160.4001603249999,11,-9.358735891218572,-4.0,-46.0,-5.46999979019165,1.9220519998270902
160.4001603249999,13,-77.11030741077028,-104.0,-20.0,-0.5600000023841858,1.9504679994497565
160.4001603249999,15,416.8304105688493,421.0,-62.0,5.289999961853027,1.8924519999927725
160.4001603249999,17,-594.53477445061,-547.0,-25.0,0.009999999776482582,1.961668000149075
160.5001817500006,11,-9.358735891218572,-7.0,-24.0,-5.849999904632568,1.8715879996307194
160.5001817500006,13,-77.11030741077028,-105.0,-7.0,1.0399999618530273,1.9731880001927493
160.5001817500006,15,416.8304105688493,417.0,-26.0,5.109999656677246,1.825507999456022
160.5001817500006,17,-594.53477445061,-551.0,-54.0,1.209999918937683,1.8703720006669755
160.60020573600013,11,-9.358735891218572,-9.0,-9.0,-5.130000114440918,1.910244000100647
160.60020573600013,13,-77.11030741077028,-103.0,35.0,0.5199999809265137,1.9829480006592348
160.60020573600013,15,416.8304105688493,414.0,-27.0,4.880000114440918,1.803363999897556
160.60020573600013,17,-594.53477445061,-557.0,-64.0,0.4099999964237213,2.4212849994000862
160.70053615400047,11,-9.358735891218572,-9.0,0.0,-5.559999942779541,1.8300510000699433
160.70053615400047,13,-77.11030741077028,-99.0,35.0,0.7599999904632568,1.9527079994077212
160.70053615400047,15,416.8304105688493,413.0,-6.0,4.75,1.8698280000535306
160.70053615400047,17,-594.53477445061,-565.0,-93.0,0.1599999964237213,1.7740520006555016
160.8001651630002,11,-9.358735891218572,-9.0,0.0,-1.5799999237060547,1.9731890006369213
160.8001651630002,13,-77.11030741077028,-95.0,48.0,0.25999999046325684,1.906436000354006
160.8001651630002,15,416.8304105688493,413.0,0.0,1.2799999713897705,1.8946279997180682
160.8001651630002,17,-594.53477445061,-575.0,-95.0,-0.3199999928474426,2.0446759999686037
160.90018761300053,11,-9.358735891218572,-8.0,0.0,-5.819999694824219,1.9596520005507045
160.90018761300053,13,-77.11030741077028,-90.0,47.0,1.4900000095367432,1.9387559996175696
160.90018761300053,15,416.8304105688493,408.0,-47.0,6.62999963760376,1.9802280003204942
160.90018761300053,17,-594.53477445061,-584.0,-81.0,0.11999999731779099,1.9014429999515414
161.00016763000076,11,44.35042332057945,-8.0,-6.0,-6.960000038146973,1.9296039999971981
161.00016763000076,13,-87.17842486739934,-86.0,41.0,3.759999990463257,1.763747000040894
161.00016763000076,15,387.55821321542584,407.0,1.0,7.480000019073486,1.8638110004758346
161.00016763000076,17,-593.1593097489125,-591.0,-44.0,0.41999998688697815,1.765666999745008
161.10017670300022,11,44.35042332057945,-8.0,-1.0,-7.809999942779541,1.8843560001187143
161.10017670300022,13,-87.17842486739934,-81.0,50.0,2.440000057220459,1.8815719995473046
161.10017670300022,15,387.55821321542584,408.0,13.0,7.409999847412109,1.9692200003191829
161.10017670300022,17,-593.1593097489125,-594.0,-28.0,0.4699999988079071,1.8636839995451737
161.2001600170006,11,44.35042332057945,-9.0,0.0,-5.929999828338623,1.861156000813935
161.2001600170006,13,-87.17842486739934,-77.0,17.0,1.8499999046325684,2.017731999330863
161.2001600170006,15,387.55821321542584,411.0,44.0,5.389999866485596,1.8138919995180913
161.2001600170006,17,-593.1593097489125,-595.0,-1.0,0.10999999940395355,2.349444999708794
161.3002622740005,11,44.35042332057945,-9.0,0.0,-3.679999828338623,1.922467999975197
161.3002622740005,13,-87.17842486739934,-76.0,0.0,0.3999999761581421,1.9493160007186816
161.3002622740005,15,387.55821321542584,414.0,16.0,1.649999976158142,1.9296370001029572
161.3002622740005,17,-593.1593097489125,-595.0,14.0,0.3100000023841858,2.3777010001140297
161.40017624300071,11,44.35042332057945,-7.0,14.0,-4.199999809265137,1.8392350002613966
161.40017624300071,13,-87.17842486739934,-78.0,-23.0,0.7199999690055847,2.013604000239866
161.40017624300071,15,387.55821321542584,410.0,-50.0,4.380000114440918,1.6782430002422188
161.40017624300071,17,-593.1593097489125,-593.0,27.0,-0.4599999785423279,2.223268999841821
161.5002056050007,11,44.35042332057945,-5.0,29.0,-4.859999656677246,1.8424680001771776
161.5002056050007,13,-87.17842486739934,-80.0,-30.0,0.9300000071525574,2.033411999946111
161.5002056050007,15,387.55821321542584,406.0,-29.0,4.589999675750732,2.3913329996503307
161.5002056050007,17,-593.1593097489125,-593.0,0.0,-0.04999999701976776,1.8339560001550126
161.60018223000043,11,44.35042332057945,-1.0,51.0,-5.0,1.8504999998185667
161.60018223000043,13,-87.17842486739934,-83.0,-25.0,0.5199999809265137,1.8296680000275956
161.60018223000043,15,387.55821321542584,403.0,-37.0,4.079999923706055,1.7948200002138037
161.60018223000043,17,-593.1593097489125,-593.0,0.0,-0.20999999344348907,1.9069160007347818
161.7001583430001,11,44.35042332057945,3.0,63.0,-4.809999942779541,1.9104359998891596
161.7001583430001,13,-87.17842486739934,-85.0,-14.0,-0.029999999329447746,1.7016990004776744
161.7001583430001,15,387.55821321542584,398.0,-72.0,4.319999694824219,1.9774439997490845
161.7001583430001,17,-593.1593097489125,-592.0,0.0,-0.3700000047683716,2.908326000579109
161.8001523440007,11,44.35042332057945,11.0,82.0,-4.730000019073486,1.7538270003569778
161.8001523440007,13,-87.17842486739934,-86.0,0.0,0.019999999552965164,1.902596000036283
161.8001523440007,15,387.55821321542584,390.0,-63.0,4.889999866485596,1.9901800005754922
161.8001523440007,17,-593.1593097489125,-592.0,-1.0,-0.429999977350235,1.8544040003689588
161.9001796900002,11,44.35042332057945,21.0,101.0,-5.599999904632568,1.9228840001233038
161.9001796900002,13,-87.17842486739934,-86.0,0.0,-0.75,1.768004000041401
161.9001796900002,15,387.55821321542584,379.0,-89.0,5.529999732971191,1.9038760001421906
161.9001796900002,17,-593.1593097489125,-592.0,2.0,-0.9099999666213989,1.7667550000624033
162.00016111500008,11,77.95316634735354,29.0,55.0,-5.929999828338623,2.0053479993293877
162.00016111500008,13,-126.04619328991927,-88.0,-23.0,1.6100000143051147,1.7684200001895078
162.00016111500008,15,383.14190829719746,375.0,-19.0,6.009999752044678,1.8607720003274153
162.00016111500008,17,-525.7556696785471,-592.0,-5.0,-0.44999998807907104,1.715074999992794
162.10015754800042,11,77.95316634735354,34.0,57.0,-3.1599998474121094,1.7265960004806402
162.10015754800042,13,-126.04619328991927,-89.0,1.0,2.619999885559082,1.7294760000368115
162.10015754800042,15,383.14190829719746,375.0,3.0,7.079999923706055,2.0269799997549853
162.10015754800042,17,-525.7556696785471,-593.0,0.0,-0.5600000023841858,1.830788000006578
162.20015602900003,11,77.95316634735354,40.0,49.0,-6.079999923706055,2.0810610003536567
162.20015602900003,13,-126.04619328991927,-87.0,16.0,1.309999942779541,1.957827999831352
162.20015602900003,15,383.14190829719746,377.0,37.0,7.609999656677246,1.7758759995558648
162.20015602900003,17,-525.7556696785471,-592.0,0.0,-0.6800000071525574,1.7232669997611083
162.3001581260005,11,77.95316634735354,42.0,7.0,-3.0,2.065476999632665
162.3001581260005,13,-126.04619328991927,-86.0,9.0,0.5099999904632568,1.7687079998722766
162.3001581260005,15,383.14190829719746,383.0,57.0,4.819999694824219,1.8434909998177318
162.3001581260005,17,-525.7556696785471,-592.0,0.0,-0.85999995470047,1.9229479994464782
162.4001551350002,11,77.95316634735354,44.0,27.0,-1.4399999380111694,1.9441000004007947
162.4001551350002,13,-126.04619328991927,-85.0,1.0,-1.0,1.7271070000788313
162.4001551350002,15,383.14190829719746,383.0,6.0,3.509999990463257,1.990947999729542
162.4001551350002,17,-525.7556696785471,-591.0,21.0,-0.25999999046325684,1.933796000230359
162.5001915040002,11,77.95316634735354,47.0,32.0,-2.059999942779541,1.8915880000349716
162.5001915040002,13,-126.04619328991927,-88.0,-27.0,-0.25999999046325684,1.940484000442666
162.5001915040002,15,383.14190829719746,385.0,6.0,4.039999961853027,1.8325800001548487
162.5001915040002,17,-525.7556696785471,-588.0,37.0,0.0,2.0016040007249103
162.6001753290002,11,77.95316634735354,51.0,55.0,-0.3700000047683716,1.8410909997328417
162.6001753290002,13,-126.04619328991927,-91.0,-39.0,0.04999999701976776,1.8124199996236712
162.6001753290002,15,383.14190829719746,385.0,0.0,3.549999952316284,1.932355999997526
162.6001753290002,17,-525.7556696785471,-582.0,65.0,0.029999999329447746,1.911172000291117
162.70019787399997,11,77.95316634735354,58.0,71.0,-0.5099999904632568,1.8400999997538747
162.70019787399997,13,-126.04619328991927,-95.0,-45.0,-0.6599999666213989,1.9951399999627029
162.70019787399997,15,383.14190829719746,384.0,-24.0,2.919999837875366,1.8243559998154524
162.70019787399997,17,-525.7556696785471,-573.0,93.0,-0.17999999225139618,1.8628520001584548
162.80017334700005,11,77.95316634735354,65.0,68.0,0.07000000029802322,1.8552999999883468
162.80017334700005,13,-126.04619328991927,-101.0,-70.0,-1.1399999856948853,1.833219000218378
162.80017334700005,15,383.14190829719746,381.0,-22.0,3.559999942779541,1.9041959994865465
162.80017334700005,17,-525.7556696785471,-563.0,116.0,0.10999999940395355,1.8653160004760139
162.9001899720006,11,77.95316634735354,71.0,49.0,0.5399999618530273,1.8956519998027943
162.9001899720006,13,-126.04619328991927,-108.0,-68.0,-1.899999976158142,1.7221150001205388
162.9001899720006,15,383.14190829719746,376.0,-30.0,3.9700000286102295,1.8774749996737228
162.9001899720006,17,-525.7556696785471,-551.0,107.0,0.29999998211860657,1.7555869999341667
163.00018739700045,11,18.029344107921744,75.0,33.0,-0.3799999952316284,2.0035560000906116
163.00018739700045,13,-75.30143495393517,-116.0,-70.0,-0.47999998927116394,1.91261200052395
163.00018739700045,15,410.58910686482375,376.0,11.0,4.96999979019165,1.8026600000666804
163.00018739700045,17,-588.4330265778628,-541.0,82.0,0.8100000023841858,1.8631399998412235
163.10017192600026,11,18.029344107921744,77.0,13.0,0.6200000047683716,1.6918119999900227
163.10017192600026,13,-75.30143495393517,-121.0,-35.0,-0.6200000047683716,1.9339880000188714
163.10017192600026,15,410.58910686482375,378.0,18.0,4.210000038146973,2.093955999953323
163.10017192600026,17,-588.4330265778628,-534.0,66.0,0.8399999737739563,1.8869479999921168
163.20061376800004,11,18.029344107921744,78.0,0.0,1.0099999904632568,1.9108840006083483
163.20061376800004,13,-75.30143495393517,-123.0,-9.0,-2.440000057220459,2.1226280005066656
163.20061376800004,15,410.58910686482375,380.0,29.0,2.629999876022339,2.358372999879066
163.20061376800004,17,-588.4330265778628,-528.0,46.0,0.14000000059604645,2.104707999933453
163.30021698400014,11,18.029344107921744,77.0,-3.0,1.5499999523162842,1.9480999999359483
163.30021698400014,13,-75.30143495393517,-124.0,-6.0,-3.18999981880188,1.792580000255839
163.30021698400014,15,410.58910686482375,383.0,19.0,1.5699999332427979,1.9369960000403807
163.30021698400014,17,-588.4330265778628,-525.0,14.0,0.05999999865889549,1.8417960000078892
163.40018672800034,11,18.029344107921744,76.0,-8.0,0.8499999642372131,1.8616999996083905
163.40018672800034,13,-75.30143495393517,-122.0,14.0,-1.75,1.9750439996641944
163.40018672800034,15,410.58910686482375,383.0,6.0,3.25,2.160451999770885
163.40018672800034,17,-588.4330265778628,-525.0,-5.0,0.12999999523162842,2.0785320002687513
163.50019237700053,11,18.029344107921744,74.0,-25.0,-1.2899999618530273,1.8249320000904845
163.50019237700053,13,-75.30143495393517,-121.0,14.0,0.08999999612569809,1.7777960001694737
163.50019237700053,15,410.58910686482375,386.0,39.0,4.859999656677246,1.8787240005622152
163.50019237700053,17,-588.4330265778628,-528.0,-47.0,0.8199999928474426,1.8491560003894847
163.60019009000007,11,18.029344107921744,70.0,-52.0,-1.1299999952316284,1.8513320001147804
163.60019009000007,13,-75.30143495393517,-118.0,39.0,1.3199999332427979,1.9945640005971654
163.60019009000007,15,410.58910686482375,391.0,61.0,6.899999618530273,1.8290919997525634
163.60019009000007,17,-588.4330265778628,-533.0,-52.0,0.550000011920929,1.8962920003104955
163.70018105100007,11,18.029344107921744,64.0,-61.0,-1.8399999141693115,1.904548000311479
163.70018105100007,13,-75.30143495393517,-111.0,76.0,0.6599999666213989,1.6193000001294422
163.70018105100007,15,410.58910686482375,398.0,66.0,6.599999904632568,1.7469800004619174
163.70018105100007,17,-588.4330265778628,-540.0,-79.0,0.6699999570846558,2.140805000635737
163.80017866700018,11,18.029344107921744,57.0,-83.0,-2.5999999046325684,1.9150440002704272
163.80017866700018,13,-75.30143495393517,-103.0,85.0,0.09999999403953552,1.9108520000372664
163.80017866700018,15,410.58910686482375,403.0,45.0,6.069999694824219,1.9427880006332998
163.80017866700018,17,-588.4330265778628,-549.0,-106.0,0.23999999463558197,1.8455080007697688
163.900176956,11,18.029344107921744,48.0,-92.0,-2.7699999809265137,1.8279070000062347
163.900176956,13,-75.30143495393517,-94.0,73.0,0.429999977350235,1.7265629994653864
163.900176956,15,410.58910686482375,402.0,-18.0,5.420000076293945,1.963620000424271
163.900176956,17,-588.4330265778628,-561.0,-126.0,0.4399999976158142,1.8084200000885176
164.00022695700045,11,33.60379548159215,39.0,-88.0,-5.009999752044678,1.8225639996671816
164.00022695700045,13,-83.5657784989894,-89.0,55.0,2.559999942779541,1.824228000259609
164.00022695700045,15,400.9279678364738,401.0,0.0,7.199999809265137,2.0034279996252735
164.00022695700045,17,-553.6198300455378,-571.0,-94.0,0.9599999785423279,2.1894759993301705
164.1002138849999,11,33.60379548159215,31.0,-76.0,-3.4800000190734863,2.0744680005009286
164.1002138849999,13,-83.5657784989894,-83.0,61.0,2.5399999618530273,1.7102120000345167
164.1002138849999,15,400.9279678364738,402.0,4.0,7.769999980926514,1.9885159999830648
164.1002138849999,17,-553.6198300455378,-579.0,-60.0,0.3199999928474426,1.9127719997413806
164.20026817400048,11,33.60379548159215,25.0,-55.0,-4.319999694824219,1.7728999991959427
164.20026817400048,13,-83.5657784989894,-78.0,47.0,1.0299999713897705,1.8440679996274412
164.20026817400048,15,400.9279678364738,403.0,25.0,6.779999732971191,2.275812000334554
164.20026817400048,17,-553.6198300455378,-584.0,-43.0,-0.07999999821186066,2.020707999690785
164.30015919800007,11,33.60379548159215,21.0,-38.0,-3.3899998664855957,1.9631719997050823
164.30015919800007,13,-83.5657784989894,-75.0,17.0,0.7199999690055847,1.9457640000837273
164.30015919800007,15,400.9279678364738,407.0,32.0,4.96999979019165,1.9210280006518587
164.30015919800007,17,-553.6198300455378,-587.0,-18.0,-0.25,1.8294759993295884
164.40016526300042,11,33.60379548159215,18.0,-23.0,-3.9700000286102295,1.7744679998941137
164.40016526300042,13,-83.5657784989894,-74.0,-8.0,0.6100000143051147,1.6897320001589833
164.40016526300042,15,400.9279678364738,405.0,-38.0,4.659999847412109,1.9244199993408984
164.40016526300042,17,-553.6198300455378,-587.0,0.0,-0.3199999928474426,1.8305960002180655
164.50019673499992,11,33.60379548159215,17.0,-17.0,-4.960000038146973,2.0818279999730294
164.50019673499992,13,-83.5657784989894,-76.0,-25.0,1.7400000095367432,1.9773800004259101
164.50019673499992,15,400.9279678364738,402.0,-22.0,5.769999980926514,2.002692000132811
164.50019673499992,17,-553.6198300455378,-586.0,21.0,1.0,1.8493159996069153
164.6001614880006,11,33.60379548159215,16.0,0.0,-4.170000076293945,2.0459879997360986
164.6001614880006,13,-83.5657784989894,-79.0,-25.0,1.8199999332427979,1.8134749998353072
164.6001614880006,15,400.9279678364738,400.0,-27.0,5.62999963760376,1.8353960003878456
164.6001614880006,17,-553.6198300455378,-581.0,53.0,0.7799999713897705,1.8097960000886815
164.7001633280006,11,33.60379548159215,18.0,25.0,-4.480000019073486,1.8315229999643634
164.7001633280006,13,-83.5657784989894,-81.0,-28.0,1.559999942779541,1.8935079997390858
164.7001633280006,15,400.9279678364738,397.0,-30.0,6.109999656677246,1.7653149998295703
164.7001633280006,17,-553.6198300455378,-574.0,81.0,0.8199999928474426,1.9144359994243132
164.80016120100026,11,33.60379548159215,21.0,39.0,-4.900000095367432,1.8722280001384206
164.80016120100026,13,-83.5657784989894,-84.0,-18.0,2.700000047683716,1.7591719997653854
164.80016120100026,15,400.9279678364738,394.0,-16.0,7.399999618530273,2.007588000196847
164.80016120100026,17,-553.6198300455378,-566.0,80.0,1.0799999237060547,1.8004520006797975
164.90019152100012,11,33.60379548159215,27.0,53.0,-3.43999981880188,1.9920039994758554
164.90019152100012,13,-83.5657784989894,-85.0,-10.0,0.6800000071525574,1.90595599997323
164.90019152100012,15,400.9279678364738,388.0,-57.0,6.399999618530273,2.0450920001167106
164.90019152100012,17,-553.6198300455378,-559.0,48.0,0.8199999928474426,2.169411999602744
165.00016001800032,11,65.11806181756184,31.0,28.0,-5.929999828338623,1.9247079999331618
165.00016001800032,13,-51.80345234982944,-86.0,-12.0,3.919999837875366,1.7447720001655398
165.00016001800032,15,400.4070696976138,387.0,0.0,9.269999504089355,1.8347240002185572
165.00016001800032,17,-621.0294667619503,-556.0,21.0,2.2699999809265137,1.9071400001848815
165.1001828819999,11,65.11806181756184,32.0,11.0,-3.299999952316284,2.080805000332475
165.1001828819999,13,-51.80345234982944,-86.0,22.0,4.75,1.9492199999149307
165.1001828819999,15,400.4070696976138,388.0,27.0,10.09999942779541,2.21853299990471
165.1001828819999,17,-621.0294667619503,-554.0,6.0,2.3399999141693115,2.023492000262195
165.20016414600013,11,65.11806181756184,33.0,0.0,-3.7699999809265137,2.064547999907518
165.20016414600013,13,-51.80345234982944,-83.0,33.0,2.0199999809265137,1.9548199998098426
165.20016414600013,15,400.4070696976138,392.0,46.0,7.710000038146973,1.8423719993734267
165.20016414600013,17,-621.0294667619503,-553.0,4.0,1.7699999809265137,1.7392680001648841
165.3002001949999,11,65.11806181756184,33.0,0.0,-3.0299999713897705,1.9348519999766722
165.3002001949999,13,-51.80345234982944,-82.0,0.0,0.7799999713897705,1.9490599997880054
165.3002001949999,15,400.4070696976138,398.0,52.0,4.929999828338623,1.9158760005666409
165.3002001949999,17,-621.0294667619503,-553.0,4.0,0.6200000047683716,2.0227249997333274
165.40029803500056,11,65.11806181756184,34.0,14.0,-2.609999895095825,2.0515559999694233
165.40029803500056,13,-51.80345234982944,-81.0,1.0,1.1200000047683716,1.8561639999461477
165.40029803500056,15,400.4070696976138,398.0,-17.0,4.579999923706055,1.9974770002590958
165.40029803500056,17,-621.0294667619503,-554.0,-26.0,0.5799999833106995,1.7581789998075692
165.50021049899988,11,65.11806181756184,37.0,24.0,-3.9499998092651367,1.9430450001891586
165.50021049899988,13,-51.80345234982944,-80.0,21.0,2.950000047683716,2.0396519994392293
165.50021049899988,15,400.4070696976138,396.0,-11.0,6.170000076293945,1.9268519999968703
165.50021049899988,17,-621.0294667619503,-558.0,-55.0,1.0,1.8659560000742204
165.60126734999994,11,65.11806181756184,40.0,45.0,-3.859999895095825,1.9909480006390368
165.60126734999994,13,-51.80345234982944,-76.0,58.0,3.2699999809265137,1.9519719999152585
165.60126734999994,15,400.4070696976138,395.0,-3.0,6.0,2.134532000127365
165.60126734999994,17,-621.0294667619503,-564.0,-73.0,0.9899999499320984,2.0619560000341153
165.70020102800027,11,65.11806181756184,46.0,58.0,-2.6399998664855957,1.7776360000425484
165.70020102800027,13,-51.80345234982944,-69.0,71.0,2.919999837875366,1.9198759991922998
165.70020102800027,15,400.4070696976138,394.0,-11.0,6.489999771118164,1.9085799995082198
165.70020102800027,17,-621.0294667619503,-571.0,-90.0,0.4699999988079071,1.838404000409355
165.80019355600052,11,65.11806181756184,53.0,64.0,-2.8399999141693115,1.975363999918045
165.80019355600052,13,-51.80345234982944,-62.0,59.0,2.93999981880188,1.9761640005526715
165.80019355600052,15,400.4070696976138,394.0,0.0,7.099999904632568,2.0298279996495694
165.80019355600052,17,-621.0294667619503,-582.0,-114.0,0.23999999463558197,1.8911079996541957
165.90018234000036,11,65.11806181756184,59.0,55.0,-1.8799999952316284,1.8967719997817767
165.90018234000036,13,-51.80345234982944,-58.0,35.0,2.0199999809265137,1.7365799994877307
165.90018234000036,15,400.4070696976138,390.0,-46.0,5.809999942779541,1.9813170001725666
165.90018234000036,17,-621.0294667619503,-594.0,-116.0,-0.25,1.8312029997105128
166.000177076,11,13.11609539043792,63.0,26.0,-2.819999933242798,2.0257000005585724
166.000177076,13,-71.7909719800897,-56.0,18.0,4.710000038146973,1.7492200004198821
166.000177076,15,406.7916531938662,389.0,3.0,7.949999809265137,2.016613000705547
166.000177076,17,-545.3042227073695,-604.0,-94.0,0.09999999403953552,1.9613160002336372
166.10018493200005,11,13.11609539043792,65.0,16.0,-1.9499999284744263,1.903651000247919
166.10018493200005,13,-71.7909719800897,-53.0,34.0,3.43999981880188,1.9024039993382758
166.10018493200005,15,406.7916531938662,392.0,43.0,6.279999732971191,1.7489320007371134
166.10018493200005,17,-545.3042227073695,-612.0,-66.0,0.25,1.712258999759797
166.20016354000018,11,13.11609539043792,66.0,1.0,-1.2599999904632568,1.9047400000999914
166.20016354000018,13,-71.7909719800897,-50.0,17.0,1.75,1.7854110001280787
166.20016354000018,15,406.7916531938662,396.0,38.0,4.389999866485596,1.815235999856668
166.20016354000018,17,-545.3042227073695,-617.0,-31.0,-0.8899999856948853,2.044836000095529
166.30017498000052,11,13.11609539043792,65.0,-11.0,-1.8899999856948853,1.8519389996072277
166.30017498000052,13,-71.7909719800897,-50.0,-11.0,1.459999918937683,1.7800349996832665
166.30017498000052,15,406.7916531938662,398.0,11.0,4.289999961853027,1.6969640000752406
166.30017498000052,17,-545.3042227073695,-620.0,-17.0,-0.7199999690055847,1.9943719998991583
166.40019461200063,11,13.11609539043792,64.0,-25.0,-1.6100000143051147,1.9134759995722561
166.40019461200063,13,-71.7909719800897,-53.0,-32.0,1.46999990940094,1.8362920000072336
166.40019461200063,15,406.7916531938662,395.0,-30.0,4.360000133514404,2.009316000112449
166.40019461200063,17,-545.3042227073695,-620.0,1.0,-0.2800000011920929,2.052324000032968
166.50020541200047,11,13.11609539043792,60.0,-44.0,-3.809999942779541,1.9485800003167242
166.50020541200047,13,-71.7909719800897,-57.0,-48.0,2.8999998569488525,1.9411559997024597
166.50020541200047,15,406.7916531938662,395.0,9.0,6.739999771118164,1.9060840004385682
166.50020541200047,17,-545.3042227073695,-618.0,28.0,-0.09999999403953552,2.1290289996613865
166.60016782799994,11,13.11609539043792,55.0,-60.0,-3.2899999618530273,2.0019249996039434
166.60016782799994,13,-71.7909719800897,-62.0,-50.0,3.0899999141693115,1.7711709997456637
166.60016782799994,15,406.7916531938662,398.0,36.0,6.199999809265137,1.9775079999817535
166.60016782799994,17,-545.3042227073695,-615.0,52.0,0.5999999642372131,1.8402599998808
166.7001973160004,11,13.11609539043792,48.0,-73.0,-4.239999771118164,1.7935719997694832
166.7001973160004,13,-71.7909719800897,-66.0,-34.0,2.309999942779541,1.7500520007160958
166.7001973160004,15,406.7916531938662,400.0,5.0,6.559999942779541,1.905891999740561
166.7001973160004,17,-545.3042227073695,-608.0,76.0,0.5,1.9032680002055713
166.80016942800012,11,13.11609539043792,39.0,-91.0,-4.859999656677246,1.9973810003648396
166.80016942800012,13,-71.7909719800897,-70.0,-32.0,3.169999837875366,1.7964509997909772
166.80016942800012,15,406.7916531938662,400.0,2.0,7.109999656677246,1.9061160001001554
166.80016942800012,17,-545.3042227073695,-599.0,100.0,0.4899999797344208,2.070788000310131
166.90022893200057,11,13.11609539043792,31.0,-77.0,-3.549999952316284,2.041924999502953
166.90022893200057,13,-71.7909719800897,-73.0,-25.0,1.8700000047683716,1.9541479996405542
166.90022893200057,15,406.7916531938662,396.0,-54.0,6.420000076293945,1.9115879995297291
166.90022893200057,17,-545.3042227073695,-588.0,121.0,0.4699999988079071,1.757251000526594
167.00018373200055,11,-3.752758702758939,24.0,-77.0,-5.849999904632568,1.8065000003844034
167.00018373200055,13,-139.32523152816248,-75.0,-7.0,4.429999828338623,1.7571879998286022
167.00018373200055,15,333.2357474012373,394.0,0.0,8.90999984741211,1.9968360002167174
167.00018373200055,17,-568.6307397280699,-576.0,117.0,1.3199999332427979,1.9353960005901172
167.10022771600052,11,-3.752758702758939,18.0,-57.0,-4.639999866485596,1.883236000139732
167.10022771600052,13,-139.32523152816248,-73.0,14.0,4.309999942779541,1.8765160002658376
167.10022771600052,15,333.2357474012373,395.0,29.0,8.559999465942383,1.9123880001643556
167.10022771600052,17,-568.6307397280699,-564.0,103.0,1.1799999475479126,2.340484999876935
167.20016405100068,11,-3.752758702758939,14.0,-38.0,-4.889999866485596,1.8742759993983782
167.20016405100068,13,-139.32523152816248,-71.0,23.0,1.6200000047683716,1.7772510000213515
167.20016405100068,15,333.2357474012373,399.0,40.0,6.960000038146973,1.8886440002461313
167.20016405100068,17,-568.6307397280699,-556.0,72.0,1.100000023841858,1.8039079996015062
167.30020080300073,11,-3.752758702758939,11.0,-15.0,-3.869999885559082,1.9019560004380764
167.30020080300073,13,-139.32523152816248,-70.0,-2.0,1.3700000047683716,1.869955999609374
167.30020080300073,15,333.2357474012373,403.0,31.0,5.569999694824219,2.6591420000841026
167.30020080300073,17,-568.6307397280699,-550.0,42.0,1.2300000190734863,1.8990439994013286
167.40016241900048,11,-3.752758702758939,11.0,-23.0,-4.630000114440918,1.9000360007339623
167.40016241900048,13,-139.32523152816248,-71.0,-28.0,1.2999999523162842,1.8772519997583004
167.40016241900048,15,333.2357474012373,400.0,-52.0,5.099999904632568,1.9023080003535142
167.40016241900048,17,-568.6307397280699,-547.0,30.0,1.0399999618530273,1.966339999853517
167.5002292830004,11,-3.752758702758939,7.0,-44.0,-6.46999979019165,1.9864679998136126
167.5002292830004,13,-139.32523152816248,-75.0,-35.0,2.2899999618530273,1.9430760003160685
167.5002292830004,15,333.2357474012373,396.0,-36.0,7.009999752044678,2.0468519996938994
167.5002292830004,17,-568.6307397280699,-545.0,0.0,2.0799999237060547,3.8381200001822435
167.60017048200007,11,-3.752758702758939,2.0,-50.0,-6.039999961853027,1.973987999917881
167.60017048200007,13,-139.32523152816248,-78.0,-32.0,2.049999952316284,1.8110759992850944
167.60017048200007,15,333.2357474012373,394.0,-16.0,5.960000038146973,2.011747999858926
167.60017048200007,17,-568.6307397280699,-546.0,-3.0,0.8899999856948853,2.0172519998595817
167.70017225800075,11,-3.752758702758939,-1.0,-32.0,-6.099999904632568,2.026500000283704
167.70017225800075,13,-139.32523152816248,-82.0,-37.0,-0.3799999952316284,1.7323229994872236
167.70017225800075,15,333.2357474012373,392.0,-15.0,3.4499998092651367,1.9373160002942313
167.70017225800075,17,-568.6307397280699,-548.0,-47.0,0.3999999761581421,1.8182750000050873
167.800177266,11,-3.752758702758939,-3.0,-12.0,-5.130000114440918,1.9476520001262543
167.800177266,13,-139.32523152816248,-88.0,-70.0,-1.959999918937683,1.7549800004417193
167.800177266,15,333.2357474012373,388.0,-62.0,2.190000057220459,1.7243869997400907
167.800177266,17,-568.6307397280699,-553.0,-61.0,-0.85999995470047,1.8760360007945565
167.9001714570004,11,-3.752758702758939,-2.0,15.0,-6.75,1.822403000005579
167.9001714570004,13,-139.32523152816248,-94.0,-82.0,-2.2899999618530273,1.9799399997282308
167.9001714570004,15,333.2357474012373,378.0,-114.0,3.129999876022339,1.927620000060415
167.9001714570004,17,-568.6307397280699,-560.0,-66.0,-0.38999998569488525,1.9122280000374303
168.00020059300005,11,40.87879011602887,-1.0,-6.0,-11.300000190734863,2.007877000323788
168.00020059300005,13,-140.48882481858465,-104.0,-108.0,-3.009999990463257,1.7509150002297247
168.00020059300005,15,404.1005799301438,368.0,-86.0,2.2899999618530273,1.724996000120882
168.00020059300005,17,-617.7310472565904,-565.0,-31.0,-1.46999990940094,2.1345000004657777
168.10056249700028,11,40.87879011602887,-3.0,-12.0,-7.889999866485596,1.9731239999600803
168.10056249700028,13,-140.48882481858465,-114.0,-95.0,-3.369999885559082,1.7535389997647144
168.10056249700028,15,404.1005799301438,358.0,-102.0,1.3600000143051147,1.8160990002797917
168.10056249700028,17,-617.7310472565904,-567.0,-9.0,-1.909999966621399,1.749027999721875
168.20016011200005,11,40.87879011602887,-3.0,6.0,-8.859999656677246,1.8483559997548582
168.20016011200005,13,-140.48882481858465,-122.0,-70.0,-3.509999990463257,1.9299559999126359
168.20016011200005,15,404.1005799301438,350.0,-80.0,0.550000011920929,1.8340200003876816
168.20016011200005,17,-617.7310472565904,-568.0,-3.0,-0.9099999666213989,1.7943720004041097
168.30017311900065,11,40.87879011602887,-3.0,-2.0,-8.779999732971191,1.8701159997362993
168.30017311900065,13,-140.48882481858465,-128.0,-56.0,-4.710000038146973,1.6903069999898435
168.30017311900065,15,404.1005799301438,344.0,-46.0,-1.1100000143051147,1.986147999559762
168.30017311900065,17,-617.7310472565904,-568.0,0.0,-0.6599999666213989,1.694786999905773
168.40026871900045,11,40.87879011602887,-1.0,21.0,-6.639999866485596,2.051876999757951
168.40026871900045,13,-140.48882481858465,-131.0,-27.0,-4.480000019073486,1.8936999995275983
168.40026871900045,15,404.1005799301438,341.0,-5.0,-0.7799999713897705,1.8891879999500816
168.40026871900045,17,-617.7310472565904,-569.0,-7.0,-1.559999942779541,1.8026280004050932
168.5001667180004,11,40.87879011602887,0.0,8.0,-8.489999771118164,2.0790440003111144
168.5001667180004,13,-140.48882481858465,-133.0,-29.0,-7.549999713897705,1.9134759995722561
168.5001667180004,15,404.1005799301438,344.0,40.0,-2.619999885559082,1.809955999306112
168.5001667180004,17,-617.7310472565904,-571.0,-44.0,-2.129999876022339,1.7969319997064304
168.60033374200066,11,40.87879011602887,2.0,36.0,-2.690000057220459,1.9051879999096855
168.60033374200066,13,-140.48882481858465,-137.0,-46.0,-5.480000019073486,1.9760040004257462
168.60033374200066,15,404.1005799301438,347.0,23.0,-1.6399999856948853,1.9583719995353022
168.60033374200066,17,-617.7310472565904,-578.0,-78.0,-1.459999918937683,1.8412519993944443
168.70017407700016,11,40.87879011602887,8.0,80.0,-4.909999847412109,1.9636839997474453
168.70017407700016,13,-140.48882481858465,-141.0,-20.0,-3.069999933242798,1.7539549999128212
168.70017407700016,15,404.1005799301438,348.0,16.0,1.4499999284744263,1.9345320006323163
168.70017407700016,17,-617.7310472565904,-586.0,-95.0,-1.209999918937683,1.7993960000239895
168.80018033300075,11,40.87879011602887,16.0,71.0,-5.609999656677246,1.9518760000210023
168.80018033300075,13,-140.48882481858465,-142.0,0.0,-2.0199999809265137,1.9091880003543338
168.80018033300075,15,404.1005799301438,353.0,65.0,2.809999942779541,1.830722999329737
168.80018033300075,17,-617.7310472565904,-597.0,-104.0,-1.2200000286102295,2.96304599942232
168.90017058800004,11,40.87879011602887,24.0,77.0,-2.7699999809265137,2.049028999863367
168.90017058800004,13,-140.48882481858465,-139.0,41.0,-3.509999990463257,1.92298000001756
168.90017058800004,15,404.1005799301438,360.0,98.0,1.1999999284744263,1.8168999995396007
168.90017058800004,17,-617.7310472565904,-605.0,-75.0,-1.7599999904632568,1.941763999639079
169.00021418800043,11,27.563868052951754,31.0,64.0,-6.5,2.018468000642315
169.00021418800043,13,-42.42247275580844,-137.0,7.0,-5.539999961853027,1.9743399998333189
169.00021418800043,15,369.45425220229254,372.0,135.0,0.3499999940395355,1.7412509996574954
169.00021418800043,17,-600.4171491898396,-612.0,-65.0,-3.009999990463257,2.0196200002828846
169.10020373899988,11,27.563868052951754,34.0,27.0,-1.899999976158142,2.0001960001536645
169.10020373899988,13,-42.42247275580844,-138.0,-26.0,-4.739999771118164,1.7157479996967595
169.10020373899988,15,369.45425220229254,385.0,106.0,-0.35999998450279236,1.8639719992279424
169.10020373899988,17,-600.4171491898396,-618.0,-53.0,-1.649999976158142,2.332484999897133
169.20017684200047,11,27.563868052951754,39.0,44.0,-4.049999713897705,1.832195999668329
169.20017684200047,13,-42.42247275580844,-139.0,-2.0,-4.949999809265137,1.6963239995675394
169.20017684200047,15,369.45425220229254,392.0,50.0,1.3399999141693115,1.6520029994353536
169.20017684200047,17,-600.4171491898396,-621.0,-23.0,-1.4499999284744263,1.8601639994813013
169.30017397700067,11,27.563868052951754,41.0,2.0,-5.769999980926514,1.9097959993814584
169.30017397700067,13,-42.42247275580844,-139.0,0.0,-5.210000038146973,1.733027999762271
169.30017397700067,15,369.45425220229254,396.0,40.0,2.450000047683716,1.8252840000059223
169.30017397700067,17,-600.4171491898396,-621.0,3.0,-1.4199999570846558,1.7168040003525675
169.40018423200036,11,27.563868052951754,41.0,-7.0,-4.039999961853027,1.917796000270755
169.40018423200036,13,-42.42247275580844,-136.0,27.0,-3.5199999809265137,1.9141160000799573
169.40018423200036,15,369.45425220229254,397.0,3.0,2.700000047683716,1.8436199998177472
169.40018423200036,17,-600.4171491898396,-619.0,34.0,-1.6799999475479126,2.009924000049068
169.500169336,11,27.563868052951754,39.0,-35.0,-6.839999675750732,2.0134120004513534
169.500169336,13,-42.42247275580844,-134.0,14.0,-3.7200000286102295,1.795747999494779
169.500169336,15,369.45425220229254,399.0,12.0,2.1599998474121094,2.0582129991453257
169.500169336,17,-600.4171491898396,-616.0,45.0,-1.909999966621399,2.156611999453162
169.60018211900024,11,27.563868052951754,33.0,-54.0,-1.96999990940094,1.9586919997891528
169.60018211900024,13,-42.42247275580844,-132.0,22.0,-2.049999952316284,1.6984359999696608
169.60018211900024,15,369.45425220229254,399.0,-3.0,1.5499999523162842,1.9345959999554907
169.60018211900024,17,-600.4171491898396,-611.0,55.0,-0.5699999928474426,2.068484000119497
169.70016783000028,11,27.563868052951754,30.0,-19.0,-4.259999752044678,1.8972519992530579
169.70016783000028,13,-42.42247275580844,-127.0,69.0,-2.2200000286102295,1.7633959996601334
169.70016783000028,15,369.45425220229254,397.0,-38.0,1.5299999713897705,1.9795560001512058
169.70016783000028,17,-600.4171491898396,-605.0,54.0,-1.1200000047683716,1.8645480004124693
169.80018150900014,11,27.563868052951754,28.0,-21.0,-3.919999837875366,1.9684839999172254
169.80018150900014,13,-42.42247275580844,-119.0,81.0,-3.0999999046325684,1.6610909997325507
169.80018150900014,15,369.45425220229254,392.0,-52.0,0.6599999666213989,2.015140000366955
169.80018150900014,17,-600.4171491898396,-601.0,30.0,-1.4800000190734863,1.7532840001877048
169.9001642760004,11,27.563868052951754,26.0,-15.0,-3.7899999618530273,1.943748000485357
169.9001642760004,13,-42.42247275580844,-109.0,91.0,-1.5999999046325684,1.7672349995336845
169.9001642760004,15,369.45425220229254,384.0,-98.0,2.5399999618530273,1.8041960001937696
169.9001642760004,17,-600.4171491898396,-599.0,9.0,-1.090000033378601,1.7616670002098545
170.00021818000005,11,70.87631021462616,26.0,-13.0,-4.699999809265137,2.3028850000628154
170.00021818000005,13,-91.02748746752991,-99.0,91.0,-0.5999999642372131,1.9094439994660206
170.00021818000005,15,359.52398252822417,375.0,-85.0,3.429999828338623,1.782308000656485
170.00021818000005,17,-559.3292783966996,-599.0,0.0,-1.4299999475479126,1.7742749996614293
170.1001632180005,11,70.87631021462616,26.0,21.0,-3.6399998664855957,2.0017960005134228
170.1001632180005,13,-91.02748746752991,-89.0,104.0,1.9399999380111694,1.8049959999189014
170.1001632180005,15,359.52398252822417,368.0,-63.0,5.119999885559082,1.885700000457291
170.1001632180005,17,-559.3292783966996,-600.0,-13.0,-0.28999999165534973,2.1721640005125664
170.20018284900016,11,70.87631021462616,28.0,9.0,-6.649999618530273,1.8272990000696154
170.20018284900016,13,-91.02748746752991,-79.0,101.0,3.7200000286102295,1.824676000069303
170.20018284900016,15,359.52398252822417,363.0,-35.0,6.679999828338623,2.0100210003874963
170.20018284900016,17,-559.3292783966996,-600.0,0.0,-0.4699999988079071,1.9906279994756915
170.30016891200012,11,70.87631021462616,27.0,-10.0,-5.400000095367432,1.9840040004055481
170.30016891200012,13,-91.02748746752991,-69.0,102.0,4.329999923706055,1.8599080003696145
170.30016891200012,15,359.52398252822417,362.0,1.0,7.159999847412109,1.8778280000333325
170.30016891200012,17,-559.3292783966996,-600.0,-1.0,0.009999999776482582,1.761923000231036
170.4001624950006,11,70.87631021462616,27.0,8.0,-2.359999895095825,1.9254749995525344
170.4001624950006,13,-91.02748746752991,-59.0,102.0,0.6399999856948853,1.9714600002771476
170.4001624950006,15,359.52398252822417,358.0,-50.0,3.2899999618530273,1.8912040004579467
170.4001624950006,17,-559.3292783966996,-599.0,29.0,-0.9899999499320984,1.6927720007515745
170.50020526200024,11,70.87631021462616,29.0,21.0,-3.3399999141693115,2.1813799994561123
170.50020526200024,13,-91.02748746752991,-52.0,68.0,2.9700000286102295,1.8904999997175764
170.50020526200024,15,359.52398252822417,354.0,-27.0,4.569999694824219,1.8485149994376116
170.50020526200024,17,-559.3292783966996,-596.0,35.0,0.009999999776482582,1.9572840001274017
170.60019849299988,11,70.87631021462616,32.0,36.0,-2.429999828338623,1.9202280000172323
170.60019849299988,13,-91.02748746752991,-45.0,61.0,5.139999866485596,1.8654759996934445
170.60019849299988,15,359.52398252822417,353.0,0.0,5.019999980926514,2.0633960002669482
170.60019849299988,17,-559.3292783966996,-591.0,57.0,0.699999988079071,1.9618599999375874
170.70019278000018,11,70.87631021462616,37.0,58.0,-3.169999837875366,1.9027559992537135
170.70019278000018,13,-91.02748746752991,-39.0,62.0,4.440000057220459,1.9544039996617357
170.70019278000018,15,359.52398252822417,353.0,1.0,5.690000057220459,1.7200029997184174
170.70019278000018,17,-559.3292783966996,-583.0,94.0,0.3199999928474426,1.8439080004100106
170.80017545100054,11,70.87631021462616,43.0,62.0,-1.8799999952316284,1.9398439999349648
170.80017545100054,13,-91.02748746752991,-34.0,37.0,3.359999895095825,1.966371999515104
170.80017545100054,15,359.52398252822417,354.0,12.0,5.71999979019165,1.9936680000682827
170.80017545100054,17,-559.3292783966996,-573.0,80.0,0.2800000011920929,1.994725000258768
170.90017575399997,11,70.87631021462616,51.0,83.0,-0.75,2.1257010002955212
170.90017575399997,13,-91.02748746752991,-32.0,11.0,2.009999990463257,2.044259999820497
170.90017575399997,15,359.52398252822417,352.0,-16.0,4.029999732971191,2.0531879999907687
170.90017575399997,17,-559.3292783966996,-565.0,66.0,-0.029999999329447746,1.7425639998691622
171.00016613700063,11,70.74149032815312,58.0,61.0,-2.619999885559082,1.8912999994427082
171.00016613700063,13,-57.99901776462288,-32.0,-9.0,4.699999809265137,1.895555999908538
171.00016613700063,15,343.36012489119184,352.0,-7.0,5.960000038146973,1.870531999884406
171.00016613700063,17,-523.0316609769685,-560.0,46.0,0.7599999904632568,1.8938599996545236
171.10017744700053,11,70.74149032815312,64.0,45.0,-2.059999942779541,2.097860000503715
171.10017744700053,13,-57.99901776462288,-32.0,1.0,5.170000076293945,1.906948000396369
171.10017744700053,15,343.36012489119184,352.0,0.0,6.559999942779541,1.7095399998652283
171.10017744700053,17,-523.0316609769685,-557.0,21.0,1.0399999618530273,1.8183719994340208
171.2001900060004,11,70.74149032815312,67.0,33.0,-1.3299999237060547,2.0208690002618823
171.2001900060004,13,-57.99901776462288,-33.0,-8.0,4.130000114440918,1.9800039999608998
171.2001900060004,15,343.36012489119184,352.0,1.0,7.299999713897705,1.8341480008530198
171.2001900060004,17,-523.0316609769685,-556.0,1.0,1.3399999141693115,1.868674999968789
171.30018400500012,11,70.74149032815312,70.0,19.0,-1.75,1.9981479999842122
171.30018400500012,13,-57.99901776462288,-36.0,-32.0,3.3899998664855957,1.791140000023006
171.30018400500012,15,343.36012489119184,353.0,11.0,7.119999885559082,2.019235999796365
171.30018400500012,17,-523.0316609769685,-557.0,-17.0,0.5299999713897705,1.9837159998132847
171.40021841999987,11,70.74149032815312,71.0,9.0,-0.2199999988079071,1.8261799996253103
171.40021841999987,13,-57.99901776462288,-41.0,-56.0,1.3299999237060547,1.8905639999502455
171.40021841999987,15,343.36012489119184,350.0,-43.0,3.5399999618530273,1.922467999975197
171.40021841999987,17,-523.0316609769685,-558.0,2.0,-0.23999999463558197,2.040419999502774
171.50018169800023,11,70.74149032815312,71.0,-8.0,-2.259999990463257,2.170340999327891
171.50018169800023,13,-57.99901776462288,-48.0,-65.0,2.419999837875366,1.8573799998193863
171.50018169800023,15,343.36012489119184,347.0,-33.0,4.139999866485596,1.920067999890307
171.50018169800023,17,-523.0316609769685,-556.0,21.0,0.9199999570846558,1.8256040002597729
171.6001688490005,11,70.74149032815312,70.0,-9.0,-0.550000011920929,1.8372519998592907
171.6001688490005,13,-57.99901776462288,-53.0,-36.0,2.129999876022339,1.8147560003853869
171.6001688490005,15,343.36012489119184,343.0,-35.0,3.4700000286102295,2.0555239998429897
171.6001688490005,17,-523.0316609769685,-552.0,59.0,0.3400000035762787,1.9798769999397337
171.70022041599987,11,70.74149032815312,70.0,3.0,0.9899999499320984,1.817156000470277
171.70022041599987,13,-57.99901776462288,-56.0,-28.0,2.759999990463257,1.82246800068242
171.70022041599987,15,343.36012489119184,341.0,-28.0,4.150000095367432,1.8026279994955985
171.70022041599987,17,-523.0316609769685,-545.0,77.0,1.1299999952316284,2.235940999526065
171.80017310200037,11,70.74149032815312,70.0,3.0,-0.6499999761581421,1.8960040006277268
171.80017310200037,13,-57.99901776462288,-59.0,-19.0,3.9800000190734863,1.8214760002592811
171.80017310200037,15,343.36012489119184,338.0,-23.0,6.199999809265137,1.888484000119206
171.80017310200037,17,-523.0316609769685,-536.0,82.0,1.3700000047683716,1.9249639999543433
171.90019036500053,11,70.74149032815312,70.0,2.0,0.26999998092651367,1.8864359999497538
171.90019036500053,13,-57.99901776462288,-61.0,-6.0,1.2599999904632568,2.0148519997746916
171.90019036500053,15,343.36012489119184,334.0,-32.0,3.359999895095825,1.8630439999469672
171.90019036500053,17,-523.0316609769685,-530.0,48.0,0.9599999785423279,1.9828200001938967
172.00016125900038,11,28.3519291169317,70.0,1.0,-0.1599999964237213,1.9557160003387253
172.00016125900038,13,-71.69903013227119,-62.0,-4.0,3.8899998664855957,1.9978599993919488
172.00016125900038,15,403.11817127307376,332.0,-1.0,5.839999675750732,1.8351709995840793
172.00016125900038,17,-544.0060282048984,-526.0,38.0,1.3399999141693115,1.878148000287183
172.1001694659999,11,28.3519291169317,70.0,-1.0,-0.22999998927116394,1.9895080004062038
172.1001694659999,13,-71.69903013227119,-61.0,31.0,3.9599997997283936,1.9020509998881607
172.1001694659999,15,403.11817127307376,333.0,22.0,7.149999618530273,1.8263399997522356
172.1001694659999,17,-544.0060282048984,-523.0,24.0,0.7999999523162842,1.8919080002888222
172.2001848079999,11,28.3519291169317,70.0,-3.0,0.8299999833106995,1.9877799995811074
172.2001848079999,13,-71.69903013227119,-57.0,30.0,1.7899999618530273,1.7277469996770378
172.2001848079999,15,403.11817127307376,338.0,54.0,4.139999866485596,1.7086110001400812
172.2001848079999,17,-544.0060282048984,-523.0,4.0,0.6699999570846558,1.830371999858471
172.3002023910003,11,28.3519291169317,70.0,0.0,1.2599999904632568,1.9580839998525335
172.3002023910003,13,-71.69903013227119,-55.0,9.0,-0.4699999988079071,1.7866919997686637
172.3002023910003,15,403.11817127307376,342.0,38.0,2.0799999237060547,1.8478759993740823
172.3002023910003,17,-544.0060282048984,-522.0,1.0,0.6899999976158142,2.02534799973364
172.4001692210004,11,28.3519291169317,69.0,-7.0,0.47999998927116394,1.9984050004495657
172.4001692210004,13,-71.69903013227119,-55.0,-6.0,-0.7899999618530273,2.1127730005900958
172.4001692210004,15,403.11817127307376,344.0,18.0,2.859999895095825,1.9576680006139213
172.4001692210004,17,-544.0060282048984,-523.0,-13.0,-0.26999998092651367,1.7633959996601334
172.50020878800024,11,28.3519291169317,68.0,-21.0,-1.2300000190734863,2.003683999646455
172.50020878800024,13,-71.69903013227119,-59.0,-42.0,0.9699999690055847,1.7801960002543638
172.50020878800024,15,403.11817127307376,348.0,47.0,4.909999847412109,1.8423400006213342
172.50020878800024,17,-544.0060282048984,-526.0,-36.0,-0.04999999701976776,2.2686130005240557
172.60018368200053,11,28.3519291169317,64.0,-47.0,-1.4399999380111694,1.8454759992891923
172.60018368200053,13,-71.69903013227119,-64.0,-48.0,2.5799999237060547,1.9401959998504026
172.60018368200053,15,403.11817127307376,354.0,73.0,7.399999618530273,1.8428200000926154
172.60018368200053,17,-544.0060282048984,-532.0,-64.0,0.5399999618530273,1.8910759999926086
172.7001661280001,11,28.3519291169317,58.0,-56.0,-3.669999837875366,1.925284000208194
172.7001661280001,13,-71.69903013227119,-69.0,-49.0,4.349999904632568,1.8793319995893398
172.7001661280001,15,403.11817127307376,364.0,105.0,9.25,2.065571999992244
172.7001661280001,17,-544.0060282048984,-539.0,-49.0,1.2400000095367432,2.037155999460083
172.8001581110002,11,28.3519291169317,51.0,-78.0,-4.139999866485596,1.8560999997134786
172.8001581110002,13,-71.69903013227119,-72.0,-18.0,4.400000095367432,1.876515999356343
172.8001581110002,15,403.11817127307376,374.0,102.0,10.119999885559082,1.849219999712659
172.8001581110002,17,-544.0060282048984,-543.0,-34.0,1.6999999284744263,2.093924999826413
172.90015489300004,11,28.3519291169317,44.0,-74.0,-1.559999942779541,1.9093159999101772
172.90015489300004,13,-71.69903013227119,-72.0,0.0,0.9300000071525574,1.938020000125107
172.90015489300004,15,403.11817127307376,379.0,18.0,6.429999828338623,1.8131550004909514
172.90015489300004,17,-544.0060282048984,-544.0,-2.0,0.04999999701976776,2.2490929995910847
173.00016441200023,11,78.25642843718562,38.0,-51.0,-6.62999963760376,1.8868520000978606
173.00016441200023,13,-62.2320992422537,-73.0,-16.0,3.5799999237060547,2.237444999991567
173.00016441200023,15,358.4323963049918,382.0,32.0,9.649999618530273,1.7700190001050942
173.00016441200023,17,-618.1159669559423,-544.0,-4.0,0.9799999594688416,2.1106280000822153
173.10019009000007,11,78.25642843718562,33.0,-49.0,-4.460000038146973,1.9652200007840293
173.10019009000007,13,-62.2320992422537,-73.0,4.0,4.210000038146973,1.6462120001961011
173.10019009000007,15,358.4323963049918,387.0,69.0,9.279999732971191,1.7273630001000129
173.10019009000007,17,-618.1159669559423,-545.0,0.0,1.8399999141693115,1.8899560000136262
173.20017820000066,11,78.25642843718562,29.0,-26.0,-3.4099998474121094,1.9114280003122985
173.20017820000066,13,-62.2320992422537,-71.0,24.0,2.3899998664855957,1.7585959994903533
173.20017820000066,15,358.4323963049918,395.0,82.0,6.059999942779541,1.8570919992271229
173.20017820000066,17,-618.1159669559423,-544.0,17.0,0.75,2.0114610006203293
173.30017696600044,11,78.25642843718562,28.0,-7.0,-3.1999998092651367,1.9202280000172323
173.30017696600044,13,-62.2320992422537,-70.0,9.0,0.3400000035762787,2.0455399999264046
173.30017696600044,15,358.4323963049918,402.0,43.0,3.75,1.9462760001260904
173.30017696600044,17,-618.1159669559423,-543.0,1.0,0.11999999731779099,1.8920040001830785
173.40026229200066,11,78.25642843718562,28.0,0.0,-2.679999828338623,1.8615399994814652
173.40026229200066,13,-62.2320992422537,-70.0,-2.0,1.2200000286102295,1.858595999692625
173.40026229200066,15,358.4323963049918,401.0,-28.0,3.75,1.968675999705738
173.40026229200066,17,-618.1159669559423,-544.0,-16.0,-0.17000000178813934,1.9794609997916268
173.50016643400068,11,78.25642843718562,29.0,12.0,-3.0399999618530273,2.0886120000795927
173.50016643400068,13,-62.2320992422537,-69.0,9.0,4.139999866485596,1.9175719999111607
173.50016643400068,15,358.4323963049918,397.0,-40.0,6.619999885559082,1.9249639999543433
173.50016643400068,17,-618.1159669559423,-547.0,-41.0,1.1399999856948853,1.7322590001640492
173.60019329700026,11,78.25642843718562,31.0,27.0,-3.9599997997283936,2.0715239998025936
173.60019329700026,13,-62.2320992422537,-66.0,39.0,3.9099998474121094,1.9901480000044103
173.60019329700026,15,358.4323963049918,394.0,-26.0,6.920000076293945,1.883651999378344
173.60019329700026,17,-618.1159669559423,-553.0,-53.0,1.0399999618530273,1.8881320002037683
173.70018204700045,11,78.25642843718562,35.0,49.0,-3.549999952316284,1.8537960004323395
173.70018204700045,13,-62.2320992422537,-63.0,26.0,3.6599998474121094,1.7256040000575013
173.70018204700045,15,358.4323963049918,392.0,-23.0,5.449999809265137,2.0125159999224707
173.70018204700045,17,-618.1159669559423,-560.0,-86.0,0.7400000095367432,1.9042280000576284
173.8001856130004,11,78.25642843718562,41.0,62.0,-1.959999918937683,1.8201000002591172
173.8001856130004,13,-62.2320992422537,-61.0,11.0,2.129999876022339,1.7342439996355097
173.8001856130004,15,358.4323963049918,388.0,-51.0,4.409999847412109,1.9549799999367679
173.8001856130004,17,-618.1159669559423,-570.0,-108.0,-0.08999999612569809,1.99200400038535
173.90016831499997,11,78.25642843718562,49.0,76.0,-0.41999998688697815,1.8174120004914585
173.90016831499997,13,-62.2320992422537,-61.0,-2.0,0.3700000047683716,1.7715880003379425
173.90016831499997,15,358.4323963049918,378.0,-127.0,4.199999809265137,1.9840039994960534
173.90016831499997,17,-618.1159669559423,-582.0,-125.0,-0.7299999594688416,1.8196519995399285
174.00016909700025,11,-12.523145410314783,58.0,86.0,-1.96999990940094,2.0943090003129328
174.00016909700025,13,-95.6812073864298,-63.0,-26.0,2.240000009536743,2.269253000122262
174.00016909700025,15,378.1450004009454,366.0,-102.0,5.179999828338623,2.044804000433942
174.00016909700025,17,-541.243146270368,-594.0,-109.0,-0.5999999642372131,1.9019560004380764
174.10017154300022,11,-12.523145410314783,65.0,59.0,-0.9300000071525574,2.0040039999003056
174.10017154300022,13,-95.6812073864298,-64.0,-6.0,3.879999876022339,1.9044830005441327
174.10017154300022,15,378.1450004009454,358.0,-63.0,6.039999961853027,2.273443999911251
174.10017154300022,17,-541.243146270368,-604.0,-92.0,-0.14000000059604645,1.8128040001101908
174.20016762100022,11,-12.523145410314783,70.0,53.0,0.14000000059604645,1.8710439999267692
174.20016762100022,13,-95.6812073864298,-64.0,11.0,4.029999732971191,1.7973479998545372
174.20016762100022,15,378.1450004009454,355.0,-7.0,4.630000114440918,2.227619999757735
174.20016762100022,17,-541.243146270368,-611.0,-52.0,-0.9199999570846558,1.9509169997036224
174.30018677099997,11,-12.523145410314783,75.0,32.0,0.0,2.082019999761542
174.30018677099997,13,-95.6812073864298,-61.0,27.0,1.3899999856948853,1.780771000085224
174.30018677099997,15,378.1450004009454,355.0,6.0,3.990000009536743,1.8702759998632246
174.30018677099997,17,-541.243146270368,-615.0,-39.0,-0.8999999761581421,1.9538599999577855
174.4001713610005,11,-12.523145410314783,76.0,14.0,1.0799999237060547,1.9351079999978538
174.4001713610005,13,-95.6812073864298,-59.0,23.0,-0.5899999737739563,1.6564520001338678
174.4001713610005,15,378.1450004009454,355.0,5.0,2.2899999618530273,1.8222440003228257
174.4001713610005,17,-541.243146270368,-616.0,-5.0,-1.959999918937683,2.0359720001579262
174.50017105500046,11,-12.523145410314783,78.0,3.0,0.20999999344348907,2.061763999336108
174.50017105500046,13,-95.6812073864298,-58.0,-8.0,-0.029999999329447746,2.0077159997526905
174.50017105500046,15,378.1450004009454,358.0,45.0,2.8499999046325684,2.146980000361509
174.50017105500046,17,-541.243146270368,-616.0,3.0,-1.1799999475479126,2.094821000355296
174.60023266900043,11,-12.523145410314783,77.0,-23.0,-1.25,2.067555999929027
174.60023266900043,13,-95.6812073864298,-61.0,-28.0,1.5699999332427979,1.9785320000664797
174.60023266900043,15,378.1450004009454,364.0,59.0,4.179999828338623,2.0492519997787895
174.60023266900043,17,-541.243146270368,-614.0,27.0,-0.10999999940395355,1.895555999908538
174.70016551400022,11,-12.523145410314783,74.0,-33.0,-0.5399999618530273,1.8211229998996714
174.70016551400022,13,-95.6812073864298,-64.0,-34.0,2.25,1.850724000178161
174.70016551400022,15,378.1450004009454,369.0,43.0,5.009999752044678,2.0453479992283974
174.70016551400022,17,-541.243146270368,-609.0,63.0,-0.20999999344348907,1.8968040003528586
174.80017128800046,11,-12.523145410314783,70.0,-43.0,-1.909999966621399,1.7697630000839126
174.80017128800046,13,-95.6812073864298,-67.0,-35.0,1.0699999332427979,1.79491600010806
174.80017128800046,15,378.1450004009454,372.0,30.0,4.880000114440918,1.9165800003975164
174.80017128800046,17,-541.243146270368,-602.0,86.0,-0.4099999964237213,1.963011999578157
174.90016135000042,11,-12.523145410314783,64.0,-63.0,-2.0199999809265137,1.8111389999830863
174.90016135000042,13,-95.6812073864298,-72.0,-54.0,-0.17000000178813934,1.7875559997264645
174.90016135000042,15,378.1450004009454,372.0,-9.0,3.68999981880188,1.8150440000681556
174.90016135000042,17,-541.243146270368,-592.0,105.0,-0.4899999797344208,1.801540000087698
175.0001780040002,11,65.78101282812281,57.0,-87.0,-3.1999998092651367,1.8088039996655425
175.0001780040002,13,-109.47587800687404,-79.0,-73.0,0.4099999964237213,1.673604000643536
175.0001780040002,15,385.5270678521233,372.0,0.0,4.329999923706055,2.0047719999638502
175.0001780040002,17,-597.7837879681678,-580.0,125.0,-0.1599999964237213,2.0758760001626797
175.1001616980002,11,65.78101282812281,47.0,-101.0,-3.129999876022339,1.8656359998203698
175.1001616980002,13,-109.47587800687404,-86.0,-60.0,1.0199999809265137,2.0881000000372296
175.1001616980002,15,385.5270678521233,372.0,-1.0,5.159999847412109,1.8784350004352746
175.1001616980002,17,-597.7837879681678,-568.0,112.0,0.04999999701976776,1.8175080003857147
175.20017355100026,11,65.78101282812281,36.0,-114.0,-4.869999885559082,1.8956839994643815
175.20017355100026,13,-109.47587800687404,-90.0,-37.0,0.8499999642372131,1.7864989995359792
175.20017355100026,15,385.5270678521233,372.0,0.0,5.549999713897705,1.781668000148784
175.20017355100026,17,-597.7837879681678,-558.0,92.0,0.2199999988079071,1.893764000669762
175.30020351700023,11,65.78101282812281,24.0,-120.0,-4.739999771118164,2.0078760007891105
175.30020351700023,13,-109.47587800687404,-93.0,-18.0,-0.009999999776482582,3.00282199987123
175.30020351700023,15,385.5270678521233,372.0,4.0,6.079999923706055,1.9800680001935689
175.30020351700023,17,-597.7837879681678,-550.0,64.0,0.5199999809265137,1.8060519996652147
175.40016820300025,11,65.78101282812281,14.0,-97.0,-4.569999694824219,2.0795880000150646
175.40016820300025,13,-109.47587800687404,-94.0,-13.0,-1.9499999284744263,1.8703400000958936
175.40016820300025,15,385.5270678521233,371.0,-17.0,3.759999990463257,1.7354279998471611
175.40016820300025,17,-597.7837879681678,-544.0,43.0,0.1899999976158142,2.050819999567466
175.50089260200002,11,65.78101282812281,5.0,-93.0,-7.529999732971191,2.0809320003536413
175.50089260200002,13,-109.47587800687404,-98.0,-54.0,-1.8899999856948853,1.9718120001925854
175.50089260200002,15,385.5270678521233,373.0,39.0,5.099999904632568,1.877059999969788
175.50089260200002,17,-597.7837879681678,-541.0,30.0,-0.019999999552965164,2.147717000298144
175.60019463000026,11,65.78101282812281,-3.0,-82.0,-5.579999923706055,1.842595999733021
175.60019463000026,13,-109.47587800687404,-105.0,-59.0,0.38999998569488525,2.0971250005459297
175.60019463000026,15,385.5270678521233,377.0,39.0,5.139999866485596,2.168677000554453
175.60019463000026,17,-597.7837879681678,-540.0,0.0,0.5799999833106995,2.0430759996088454
175.70019931600018,11,65.78101282812281,-9.0,-48.0,-8.260000228881836,1.9746600000871695
175.70019931600018,13,-109.47587800687404,-108.0,-15.0,0.17999999225139618,1.7040359998645727
175.70019931600018,15,385.5270678521233,379.0,10.0,5.920000076293945,1.852067999607243
175.70019931600018,17,-597.7837879681678,-541.0,-17.0,0.019999999552965164,2.1844840002813726
175.80022390500017,11,65.78101282812281,-14.0,-50.0,-8.300000190734863,1.9793640003626933
175.80022390500017,13,-109.47587800687404,-109.0,-2.0,-0.6399999856948853,2.3012210003798828
175.80022390500017,15,385.5270678521233,381.0,21.0,5.239999771118164,1.9151719998262706
175.80022390500017,17,-597.7837879681678,-545.0,-45.0,0.14000000059604645,1.7872039998110267
175.90018708700063,11,65.78101282812281,-16.0,-17.0,-6.699999809265137,1.9431079999776557
175.90018708700063,13,-109.47587800687404,-108.0,4.0,-1.090000033378601,1.9915240000045742
175.90018708700063,15,385.5270678521233,381.0,-5.0,2.629999876022339,1.922532000207866
175.90018708700063,17,-597.7837879681678,-551.0,-74.0,-0.429999977350235,1.8245159999423777
176.00019410799996,11,23.84298411854536,-18.0,-35.0,-10.319999694824219,2.01312399985909
176.00019410799996,13,-66.8029036821774,-108.0,-5.0,-0.8700000047683716,2.1276520001265453
176.00019410799996,15,385.2144251969784,381.0,-4.0,3.6599998474121094,1.9744360006370698
176.00019410799996,17,-598.3393642947296,-560.0,-102.0,0.009999999776482582,2.0819239998672856
176.1001738340001,11,23.84298411854536,-20.0,-3.0,-5.429999828338623,1.9552040002963622
176.1001738340001,13,-66.8029036821774,-109.0,-5.0,-0.3499999940395355,1.969699999790464
176.1001738340001,15,385.2144251969784,381.0,8.0,3.240000009536743,1.8072359998768661
176.1001738340001,17,-598.3393642947296,-571.0,-114.0,-0.14000000059604645,1.7930919993887073
176.20018879100007,11,23.84298411854536,-17.0,32.0,-7.119999885559082,1.9401959998504026
176.20018879100007,13,-66.8029036821774,-109.0,8.0,-1.090000033378601,1.8386920000921236
176.20018879100007,15,385.2144251969784,382.0,6.0,3.129999876022339,2.0285480004531564
176.20018879100007,17,-598.3393642947296,-581.0,-89.0,-0.6899999976158142,1.8110760001945891
176.3003224690001,11,23.84298411854536,-15.0,33.0,-6.12999963760376,2.1243890005280264
176.3003224690001,13,-66.8029036821774,-108.0,1.0,-1.559999942779541,2.105572999425931
176.3003224690001,15,385.2144251969784,382.0,11.0,3.0299999713897705,1.9328999997014762
176.3003224690001,17,-598.3393642947296,-588.0,-65.0,-0.9699999690055847,1.793859999452252
176.40016753800046,11,23.84298411854536,-9.0,66.0,-6.389999866485596,1.8872359996748855
176.40016753800046,13,-66.8029036821774,-107.0,18.0,-1.2799999713897705,1.8205799997303984
176.40016753800046,15,385.2144251969784,382.0,-20.0,2.869999885559082,1.7764840004019788
176.40016753800046,17,-598.3393642947296,-594.0,-39.0,-1.4499999284744263,1.8735069998001563
176.50017788700006,11,23.84298411854536,-3.0,54.0,-8.109999656677246,1.935268000124779
176.50017788700006,13,-66.8029036821774,-105.0,18.0,-1.3700000047683716,1.9381479996809503
176.50017788700006,15,385.2144251969784,381.0,-3.0,3.009999990463257,1.824356000724947
176.50017788700006,17,-598.3393642947296,-597.0,-40.0,-0.9699999690055847,1.964835999388015
176.60018014100024,11,23.84298411854536,2.0,82.0,-3.5199999809265137,1.9364520003364305
176.60018014100024,13,-66.8029036821774,-102.0,36.0,-0.429999977350235,1.9062760002270807
176.60018014100024,15,385.2144251969784,381.0,0.0,2.9800000190734863,1.9705000004250905
176.60018014100024,17,-598.3393642947296,-599.0,0.0,-1.5,2.8408059997673263
176.70016332200066,11,23.84298411854536,11.0,74.0,-8.510000228881836,1.8935720008812496
176.70016332200066,13,-66.8029036821774,-97.0,58.0,-0.17999999225139618,1.887907999844174
176.70016332200066,15,385.2144251969784,381.0,-11.0,4.420000076293945,2.032965000580589
176.70016332200066,17,-598.3393642947296,-598.0,14.0,-1.0699999332427979,2.1545640001932043
176.8001687120004,11,23.84298411854536,15.0,37.0,-5.489999771118164,2.0071079998160712
176.8001687120004,13,-66.8029036821774,-90.0,73.0,0.3499999940395355,1.8193000005339854
176.8001687120004,15,385.2144251969784,380.0,0.0,4.75,1.7532510000819457
176.8001687120004,17,-598.3393642947296,-598.0,0.0,-0.7899999618530273,2.2042290001991205
176.90015013300035,11,23.84298411854536,21.0,44.0,-4.809999942779541,2.0808999997825595
176.90015013300035,13,-66.8029036821774,-83.0,72.0,0.07000000029802322,2.217348000158381
176.90015013300035,15,385.2144251969784,377.0,-49.0,4.739999771118164,1.9242280004618806
176.90015013300035,17,-598.3393642947296,-597.0,7.0,-0.8100000023841858,1.9907240002794424
177.0001686100004,11,27.4050935398827,23.0,7.0,-7.549999713897705,2.118852999956289
177.0001686100004,13,-140.10873688576518,-78.0,41.0,2.129999876022339,1.876196000011987
177.0001686100004,15,413.09748622530725,376.0,0.0,6.839999675750732,1.8703719997574808
177.0001686100004,17,-617.0721515141956,-597.0,-4.0,-0.5600000023841858,1.8191389999628882
177.1002107990007,11,27.4050935398827,23.0,-1.0,-4.610000133514404,1.9615720002548187
177.1002107990007,13,-140.10873688576518,-73.0,50.0,2.299999952316284,2.199397000367753
177.1002107990007,15,413.09748622530725,377.0,14.0,6.589999675750732,2.210052000009455
177.1002107990007,17,-617.0721515141956,-598.0,0.0,-0.17000000178813934,2.043012000285671
177.20016521200068,11,27.4050935398827,23.0,5.0,-5.359999656677246,1.9132839997837436
177.20016521200068,13,-140.10873688576518,-69.0,35.0,2.129999876022339,1.689506999355217
177.20016521200068,15,413.09748622530725,379.0,18.0,6.069999694824219,1.6681309998602956
177.20016521200068,17,-617.0721515141956,-598.0,0.0,-0.25999999046325684,1.7840670006989967
177.30020785000033,11,27.4050935398827,23.0,-7.0,-4.259999752044678,2.057988000160549
177.30020785000033,13,-140.10873688576518,-66.0,10.0,1.5299999713897705,1.8599080003696145
177.30020785000033,15,413.09748622530725,380.0,24.0,5.369999885559082,2.1153970001250855
177.30020785000033,17,-617.0721515141956,-598.0,0.0,-0.25,2.0240999992893194
177.40016091899997,11,27.4050935398827,24.0,6.0,-2.059999942779541,1.8943079994642176
177.40016091899997,13,-140.10873688576518,-67.0,-15.0,0.429999977350235,1.7247719997612876
177.40016091899997,15,413.09748622530725,381.0,-10.0,3.869999885559082,1.876131999779318
177.40016091899997,17,-617.0721515141956,-598.0,-5.0,-1.0199999809265137,2.0186600004308275
177.50020352400043,11,27.4050935398827,26.0,23.0,-4.139999866485596,1.945923999301158
177.50020352400043,13,-140.10873688576518,-70.0,-39.0,1.7999999523162842,1.8684520000533666
177.50020352400043,15,413.09748622530725,382.0,31.0,6.710000038146973,1.7738279993864126
177.50020352400043,17,-617.0721515141956,-601.0,-54.0,-0.3799999952316284,1.9801959997494123
177.60016936100055,11,27.4050935398827,27.0,6.0,-4.349999904632568,1.9949800007452723
177.60016936100055,13,-140.10873688576518,-74.0,-45.0,2.7799999713897705,1.7115239998020115
177.60016936100055,15,413.09748622530725,389.0,81.0,7.639999866485596,1.8507559998397483
177.60016936100055,17,-617.0721515141956,-607.0,-68.0,-0.14999999105930328,1.7603229998712777
177.70015753400003,11,27.4050935398827,27.0,-2.0,-4.579999923706055,1.7090920000555343
177.70015753400003,13,-140.10873688576518,-78.0,-41.0,1.7300000190734863,1.9661799997265916
177.70015753400003,15,413.09748622530725,397.0,92.0,6.730000019073486,1.834019999478187
177.70015753400003,17,-617.0721515141956,-612.0,-46.0,-0.3499999940395355,1.813763999962248
177.80016317900026,11,27.4050935398827,27.0,-3.0,-4.460000038146973,2.002692000132811
177.80016317900026,13,-140.10873688576518,-83.0,-63.0,-0.04999999701976776,1.8630439999469672
177.80016317900026,15,413.09748622530725,406.0,73.0,5.019999980926514,1.8858599996747216
177.80016317900026,17,-617.0721515141956,-616.0,-25.0,-0.6899999976158142,2.2062130001359037
177.9001712879999,11,27.4050935398827,28.0,-1.0,-2.799999952316284,2.021635999881255
177.9001712879999,13,-140.10873688576518,-91.0,-83.0,-0.8799999952316284,1.7185309998239973
177.9001712879999,15,413.09748622530725,408.0,-11.0,4.569999694824219,1.6657000005579903
177.9001712879999,17,-617.0721515141956,-616.0,0.0,-1.2599999904632568,1.9241950003561215
178.00017254900013,11,8.928992895888413,28.0,-1.0,-6.319999694824219,1.8183709998993436
178.00017254900013,13,-43.2067494738562,-101.0,-113.0,-0.41999998688697815,1.977668999643356
178.00017254900013,15,332.18504256681985,408.0,1.0,6.309999942779541,2.013604000239866
178.00017254900013,17,-536.7187816422804,-616.0,-2.0,-1.4900000095367432,1.992772999983572
178.1001786100005,11,8.928992895888413,27.0,-6.0,-4.519999980926514,1.7942110007425072
178.1001786100005,13,-43.2067494738562,-112.0,-100.0,0.0,1.756163999743876
178.1001786100005,15,332.18504256681985,408.0,13.0,6.5,1.977699999770266
178.1001786100005,17,-536.7187816422804,-616.0,-1.0,-1.2899999618530273,1.9532520000211662
178.20016220700018,11,8.928992895888413,27.0,0.0,-4.869999885559082,1.8450279994794982
178.20016220700018,13,-43.2067494738562,-120.0,-66.0,-1.2699999809265137,1.7200040001625894
178.20016220700018,15,332.18504256681985,410.0,9.0,4.779999732971191,1.8696999995881924
178.20016220700018,17,-536.7187816422804,-616.0,0.0,-1.4399999380111694,1.7800349996832665
178.3001785080005,11,8.928992895888413,27.0,0.0,-4.799999713897705,1.85581200003071
178.3001785080005,13,-43.2067494738562,-126.0,-61.0,-2.2899999618530273,1.6948840002442012
178.3001785080005,15,332.18504256681985,411.0,13.0,3.6399998664855957,1.8211560000054305
178.3001785080005,17,-536.7187816422804,-616.0,0.0,-1.6699999570846558,1.8797160000758595
178.40016652100076,11,8.928992895888413,27.0,-3.0,-3.809999942779541,1.9563239993658499
178.40016652100076,13,-43.2067494738562,-130.0,-40.0,-2.369999885559082,4.155591999733588
178.40016652100076,15,332.18504256681985,410.0,-28.0,2.93999981880188,1.8878119999499177
178.40016652100076,17,-536.7187816422804,-615.0,16.0,-0.9300000071525574,2.0432040000741836
178.5001684859999,11,8.928992895888413,25.0,-41.0,-5.150000095367432,1.9680679997691186
178.5001684859999,13,-43.2067494738562,-134.0,-45.0,-2.8399999141693115,1.803940000172588
178.5001684859999,15,332.18504256681985,408.0,-16.0,2.7100000381469727,1.7943389993888559
178.5001684859999,17,-536.7187816422804,-612.0,32.0,-0.9599999785423279,1.8935719999717548
178.6001760830004,11,8.928992895888413,21.0,-38.0,-5.009999752044678,1.867748000222491
178.6001760830004,13,-43.2067494738562,-138.0,-29.0,-2.2699999809265137,1.8475560000297264
178.6001760830004,15,332.18504256681985,406.0,-32.0,2.7200000286102295,2.0142759994996595
178.6001760830004,17,-536.7187816422804,-607.0,56.0,-0.699999988079071,1.747587999489042
178.7002005760005,11,8.928992895888413,16.0,-47.0,-6.989999771118164,1.922532000207866
178.7002005760005,13,-43.2067494738562,-139.0,1.0,-2.7899999618530273,1.9973799999206676
178.7002005760005,15,332.18504256681985,401.0,-56.0,2.740000009536743,1.763715999913984
178.7002005760005,17,-536.7187816422804,-599.0,85.0,-1.059999942779541,1.966020000509161
178.8002043330007,11,8.928992895888413,11.0,-41.0,-4.019999980926514,1.9175400002495735
178.8002043330007,13,-43.2067494738562,-138.0,19.0,-3.0999999046325684,1.7675550006970298
178.8002043330007,15,332.18504256681985,395.0,-69.0,1.1299999952316284,1.9143079998684698
178.8002043330007,17,-536.7187816422804,-590.0,108.0,-0.8799999952316284,1.829859999816108
178.90019461700012,11,8.928992895888413,10.0,-4.0,-5.900000095367432,1.931299999341718
178.90019461700012,13,-43.2067494738562,-134.0,50.0,-2.7899999618530273,1.816642999983742
178.90019461700012,15,332.18504256681985,385.0,-115.0,2.2200000286102295,2.0328680002421606
178.90019461700012,17,-536.7187816422804,-577.0,137.0,-0.8100000023841858,1.9050279997827602
179.00020397400021,11,65.80657830695569,8.0,-38.0,-6.349999904632568,1.9973490007032524
179.00020397400021,13,-136.54422631304607,-129.0,43.0,-3.8899998664855957,1.788804000170785
179.00020397400021,15,341.38968609430106,375.0,-91.0,0.4099999964237213,1.9567400004234514
179.00020397400021,17,-598.6572546080076,-564.0,113.0,-0.8399999737739563,1.896484000099008
179.1001773630005,11,65.80657830695569,7.0,4.0,-2.429999828338623,1.804835999791976
179.1001773630005,13,-136.54422631304607,-125.0,49.0,-2.619999885559082,1.8811559993991978
179.1001773630005,15,341.38968609430106,365.0,-119.0,0.07000000029802322,1.891651999358146
179.1001773630005,17,-598.6572546080076,-554.0,95.0,-0.5399999618530273,1.7541789993629209
179.200161535,11,65.80657830695569,9.0,15.0,-6.460000038146973,1.8353949999436736
179.200161535,13,-136.54422631304607,-119.0,73.0,-2.379999876022339,1.7214440003954223
179.200161535,15,341.38968609430106,352.0,-119.0,1.3799999952316284,1.7327710002064123
179.200161535,17,-598.6572546080076,-546.0,69.0,-0.25999999046325684,2.275269000165281
179.30018618800023,11,65.80657830695569,9.0,-7.0,-7.069999694824219,1.8418279996694764
179.30018618800023,13,-136.54422631304607,-111.0,85.0,-0.8799999952316284,1.6972200000964222
179.30018618800023,15,341.38968609430106,342.0,-85.0,2.3899998664855957,1.7250920000151382
179.30018618800023,17,-598.6572546080076,-541.0,47.0,-0.1899999976158142,1.7328359999737586
179.40021205700032,11,65.80657830695569,8.0,-3.0,-5.259999752044678,1.9776039998760098
179.40021205700032,13,-136.54422631304607,-101.0,101.0,-1.8199999332427979,2.021635999881255
179.40021205700032,15,341.38968609430106,333.0,-79.0,1.8700000047683716,1.6685790005794843
179.40021205700032,17,-598.6572546080076,-537.0,34.0,-0.5799999833106995,1.816676000089501
179.50016960500034,11,65.80657830695569,8.0,-6.0,-8.09000015258789,1.8581790000098408
179.50016960500034,13,-136.54422631304607,-93.0,65.0,-2.5299999713897705,1.9630120004876517
179.50016960500034,15,341.38968609430106,329.0,-19.0,0.5399999618530273,1.7721630001688027
179.50016960500034,17,-598.6572546080076,-537.0,0.0,-0.1599999964237213,1.9155559994032956
179.6001703540005,11,65.80657830695569,7.0,5.0,-3.3399999141693115,1.8354920002821018
179.6001703540005,13,-136.54422631304607,-88.0,44.0,-2.3499999046325684,1.7788200002541998
179.6001703540005,15,341.38968609430106,329.0,-2.0,0.11999999731779099,1.875746999758121
179.6001703540005,17,-598.6572546080076,-538.0,-16.0,-1.4399999380111694,2.353732999836211
179.70016182200015,11,65.80657830695569,11.0,55.0,-5.029999732971191,1.8990759999724105
179.70016182200015,13,-136.54422631304607,-85.0,26.0,-2.419999837875366,1.8087389998981962
179.70016182200015,15,341.38968609430106,329.0,2.0,0.8499999642372131,2.0814130002690945
179.70016182200015,17,-598.6572546080076,-542.0,-50.0,-0.9099999666213989,2.6591089999783435
179.8001669230007,11,65.80657830695569,16.0,40.0,-5.929999828338623,1.967811999747937
179.8001669230007,13,-136.54422631304607,-83.0,3.0,-1.1999999284744263,2.0502449997366057
179.8001669230007,15,341.38968609430106,330.0,22.0,1.9199999570846558,1.99293200057582
179.8001669230007,17,-598.6572546080076,-549.0,-80.0,-0.7199999690055847,1.9942439994338201
179.90029013599997,11,65.80657830695569,22.0,57.0,-3.18999981880188,1.8419879997964017
179.90029013599997,13,-136.54422631304607,-83.0,0.0,-1.159999966621399,1.8655080002645263
179.90029013599997,15,341.38968609430106,332.0,17.0,2.509999990463257,1.8200360000264482
179.90029013599997,17,-598.6572546080076,-557.0,-103.0,-0.9199999570846558,2.0059560001755017
