timestamp_s,obs_0: base_lin_vel_x,obs_1: base_lin_vel_y,obs_2: base_lin_vel_z,obs_3: base_ang_vel_x,obs_4: base_ang_vel_y,obs_5: base_ang_vel_z,obs_6: projected_gravity_x,obs_7: projected_gravity_y,obs_8: projected_gravity_z,obs_9: pose_commands_cmd_0,obs_10: pose_commands_cmd_1,obs_11: pose_commands_cmd_2,obs_12: pose_commands_cmd_3,obs_13: joint_pos_FL_HAA,obs_14: joint_pos_FR_HAA,obs_15: joint_pos_HL_HAA,obs_16: joint_pos_HR_HAA,obs_17: joint_pos_FL_HFE,obs_18: joint_pos_FR_HFE,obs_19: joint_pos_HL_HFE,obs_20: joint_pos_HR_HFE,obs_21: joint_pos_FL_KFE,obs_22: joint_pos_FR_KFE,obs_23: joint_pos_HL_KFE,obs_24: joint_pos_HR_KFE,obs_25: joint_pos_HL_AFE,obs_26: joint_pos_HR_AFE,obs_27: joint_vel_FL_HAA,obs_28: joint_vel_FR_HAA,obs_29: joint_vel_HL_HAA,obs_30: joint_vel_HR_HAA,obs_31: joint_vel_FL_HFE,obs_32: joint_vel_FR_HFE,obs_33: joint_vel_HL_HFE,obs_34: joint_vel_HR_HFE,obs_35: joint_vel_FL_KFE,obs_36: joint_vel_FR_KFE,obs_37: joint_vel_HL_KFE,obs_38: joint_vel_HR_KFE,obs_39: joint_vel_HL_AFE,obs_40: joint_vel_HR_AFE,obs_41: actions_FL_HAA,obs_42: actions_FR_HAA,obs_43: actions_HL_HAA,obs_44: actions_HR_HAA,obs_45: actions_FL_HFE,obs_46: actions_FR_HFE,obs_47: actions_HL_HFE,obs_48: actions_HR_HFE,obs_49: actions_FL_KFE,obs_50: actions_FR_KFE,obs_51: actions_HL_KFE,obs_52: actions_HR_KFE,obs_53: actions_HL_AFE,obs_54: actions_HR_AFE,obs_55: time_remaining_s_time,action_IA_FL_HAA,action_IA_FR_HAA,action_IA_HL_HAA,action_IA_HR_HAA,action_IA_FL_HFE,action_IA_FR_HFE,action_IA_HL_HFE,action_IA_HR_HFE,action_IA_FL_KFE,action_IA_FR_KFE,action_IA_HL_KFE,action_IA_HR_KFE,action_IA_HL_AFE,action_IA_HR_AFE,target_envoyee_FL_HAA,target_envoyee_FR_HAA,target_envoyee_HL_HAA,target_envoyee_HR_HAA,target_envoyee_FL_HFE,target_envoyee_FR_HFE,target_envoyee_HL_HFE,target_envoyee_HR_HFE,target_envoyee_FL_KFE,target_envoyee_FR_KFE,target_envoyee_HL_KFE,target_envoyee_HR_KFE,target_envoyee_HL_AFE,target_envoyee_HR_AFE,position_reelle_FL_HAA,position_reelle_FR_HAA,position_reelle_HL_HAA,position_reelle_HR_HAA,position_reelle_FL_HFE,position_reelle_FR_HFE,position_reelle_HL_HFE,position_reelle_HR_HFE,position_reelle_FL_KFE,position_reelle_FR_KFE,position_reelle_HL_KFE,position_reelle_HR_KFE,position_reelle_HL_AFE,position_reelle_HR_AFE,vitesse_reelle_FL_HAA,vitesse_reelle_FR_HAA,vitesse_reelle_HL_HAA,vitesse_reelle_HR_HAA,vitesse_reelle_FL_HFE,vitesse_reelle_FR_HFE,vitesse_reelle_HL_HFE,vitesse_reelle_HR_HFE,vitesse_reelle_FL_KFE,vitesse_reelle_FR_KFE,vitesse_reelle_HL_KFE,vitesse_reelle_HR_KFE,vitesse_reelle_HL_AFE,vitesse_reelle_HR_AFE
0.103,0.01643356680870056,-0.0018675895407795906,-0.2177095264196396,0.0029917594511061907,-0.11380700767040253,0.028203072026371956,0.017320385202765465,-0.000446566438768059,-0.9998499155044556,0.20000000298023224,0.0,0.0,0.0,0.0006298081134445965,-0.0020765066146850586,0.0003393171646166593,0.00014858612848911434,0.42534831166267395,0.4260559380054474,-0.7191466689109802,-0.7184190154075623,-1.3252671957015991,-1.3249460458755493,1.7142751216888428,1.716115951538086,-1.774039387702942,-1.776598334312439,-0.02113936096429825,-0.019638782367110252,0.017380038276314735,0.017926113680005074,0.22818350791931152,0.24954436719417572,-0.02916516363620758,-0.022905215620994568,-0.3116084635257721,-0.29598817229270935,0.41311782598495483,0.46897223591804504,-0.4677425026893616,-0.48862767219543457,0.0,0.0,0.0,0.0,0.0,0.0,0.0,0.0,0.0,0.0,0.0,0.0,0.0,0.0,6.0,0.37819182872772217,-0.15475426614284515,-0.8544173240661621,0.9043720364570618,-0.1249331533908844,0.20253807306289673,0.5916322469711304,-0.38786783814430237,1.0369360446929932,0.32455146312713623,0.7938716411590576,1.0445131063461304,-0.5646218657493591,-0.9209717512130737,0.17018631100654602,-0.0696394145488739,-0.3844877779483795,0.4069674015045166,0.35398009419441223,0.5013420581817627,-0.4318654537200928,-0.8726404309272766,-0.8049787878990173,-1.125551700592041,2.0332422256469727,2.1460306644439697,-1.9759798049926758,-2.1363372802734375,0.0006298081134445965,-0.0020765066146850586,0.0003393171646166593,0.00014858612848911434,0.42534831166267395,0.4260559380054474,-0.7191466689109802,-0.7184190154075623,-1.3252671957015991,-1.3249460458755493,1.7142751216888428,1.716115951538086,-1.774039387702942,-1.776598334312439,-0.02113936096429825,-0.019638782367110252,0.017380038276314735,0.017926113680005074,0.22818350791931152,0.24954436719417572,-0.02916516363620758,-0.022905215620994568,-0.3116084635257721,-0.29598817229270935,0.41311782598495483,0.46897223591804504,-0.4677425026893616,-0.48862767219543457
0.108,0.01643356680870056,-0.0018675895407795906,-0.2177095264196396,0.0029917594511061907,-0.11380700767040253,0.028203072026371956,0.017320385202765465,-0.000446566438768059,-0.9998499155044556,0.20000000298023224,0.0,0.0,0.0,0.0006298081134445965,-0.0020765066146850586,0.0003393171646166593,0.00014858612848911434,0.42534831166267395,0.4260559380054474,-0.7191466689109802,-0.7184190154075623,-1.3252671957015991,-1.3249460458755493,1.7142751216888428,1.716115951538086,-1.774039387702942,-1.776598334312439,-0.02113936096429825,-0.019638782367110252,0.017380038276314735,0.017926113680005074,0.22818350791931152,0.24954436719417572,-0.02916516363620758,-0.022905215620994568,-0.3116084635257721,-0.29598817229270935,0.41311782598495483,0.46897223591804504,-0.4677425026893616,-0.48862767219543457,0.37819182872772217,-0.15475426614284515,-0.8544173240661621,0.9043720364570618,-0.1249331533908844,0.20253807306289673,0.5916322469711304,-0.38786783814430237,1.0369360446929932,0.32455146312713623,0.7938716411590576,1.0445131063461304,-0.5646218657493591,-0.9209717512130737,5.998000144958496,0.2683582603931427,-0.03290426358580589,-0.9256874322891235,0.9457300305366516,-0.2609540522098541,0.15373408794403076,0.5868886709213257,-0.4396223723888397,1.1532295942306519,0.4299355149269104,0.7749509811401367,1.1123260259628296,-0.8173884153366089,-1.06182062625885,0.1377798467874527,-0.021770859137177467,-0.4550081193447113,0.46627524495124817,0.28714868426322937,0.48849454522132874,-0.40737661719322205,-0.9133840799331665,-0.7059845328330994,-1.0635242462158203,2.0604522228240967,2.2235498428344727,-2.1151328086853027,-2.2411630153656006,0.0003748699091374874,-0.0023113093338906765,0.0005729445838369429,0.00039960912545211613,0.4263266921043396,0.4272925853729248,-0.718751847743988,-0.717931866645813,-1.325244665145874,-1.3246917724609375,1.717350959777832,1.7198673486709595,-1.7778254747390747,-1.780606746673584,-0.020175866782665253,-0.01911294274032116,0.022058529779314995,0.023236997425556183,-0.022464530542492867,-0.0014132990036159754,0.069546639919281,0.07885030657052994,0.19976288080215454,0.22237306833267212,0.13030269742012024,0.1861758679151535,-0.19597767293453217,-0.21404534578323364
0.124,-0.006747819017618895,-0.002143519464880228,-0.05588554963469505,-0.014519544318318367,-0.061446987092494965,0.024470187723636627,0.01540482509881258,-0.00042182966717518866,-0.9998812675476074,0.20000000298023224,0.0,0.0,0.0,0.0002252472040709108,-0.002453114138916135,0.0007581234676763415,0.000597842619754374,0.42577898502349854,0.4269070625305176,-0.7180790901184082,-0.7171744704246521,-1.323124647140503,-1.3223785161972046,1.7177236080169678,1.7206684350967407,-1.7787888050079346,-1.781707763671875,-0.017590031027793884,-0.016799118369817734,0.024341538548469543,0.025483030825853348,-0.1019490659236908,-0.08244311064481735,0.09288646280765533,0.10390430688858032,0.30886873602867126,0.33418092131614685,-0.014852852560579777,0.037056632339954376,-0.06493424624204636,-0.08114193379878998,0.2683582603931427,-0.03290426358580589,-0.9256874322891235,0.9457300305366516,-0.2609540522098541,0.15373408794403076,0.5868886709213257,-0.4396223723888397,1.1532295942306519,0.4299355149269104,0.7749509811401367,1.1123260259628296,-0.8173884153366089,-1.06182062625885,5.979000091552734,0.24362686276435852,-0.0036897207610309124,-0.9299835562705994,1.0006753206253052,-0.25836610794067383,0.1755170226097107,0.6313583254814148,-0.45525455474853516,1.121630072593689,0.4212473928928375,0.7908560633659363,1.1685541868209839,-0.8690319657325745,-1.1234451532363892,0.12341006845235825,-0.0038374601863324642,-0.4639934003353119,0.49693140387535095,0.28163009881973267,0.49701210856437683,-0.38491636514663696,-0.9244928956031799,-0.710304856300354,-1.061231017112732,2.0703303813934326,2.2566041946411133,-2.152287483215332,-2.27937650680542,0.0001589868770679459,-0.002512007486075163,0.0011317998869344592,0.000976976240053773,0.4242124557495117,0.42544734477996826,-0.717135488986969,-0.7162342667579651,-1.3193682432174683,-1.318169355392456,1.7177387475967407,1.7220433950424194,-1.7802138328552246,-1.7843602895736694,0.010136275552213192,0.010514047928154469,0.039938878268003464,0.03944092616438866,-0.15027230978012085,-0.15604105591773987,0.048785656690597534,0.01979096606373787,0.29073986411094666,0.34551846981048584,0.046444594860076904,0.07552987337112427,-0.19433152675628662,-0.10479626059532166
0.145,-0.007067797239869833,-0.001266652368940413,-0.0028892219997942448,0.002030501840636134,0.06102399900555611,0.01625841297209263,0.015680138021707535,-0.00023459934163838625,-0.9998770356178284,0.20000000298023224,0.0,0.0,0.0,0.0001420518383383751,-0.0025256583467125893,0.0013598123332485557,0.0012053699465468526,0.4228323698043823,0.42411455512046814,-0.7169173359870911,-0.7161186337471008,-1.317211627960205,-1.3157453536987305,1.7172811031341553,1.7219576835632324,-1.7806141376495361,-1.7845786809921265,-0.008904751390218735,-0.008618590421974659,0.02091164141893387,0.02146463468670845,-0.1856318712234497,-0.1739787459373474,0.017961187288165092,0.019820408895611763,0.2529187798500061,0.27514198422431946,-0.11831081658601761,-0.08363455533981323,0.021392034366726875,0.027334874495863914,0.24362686276435852,-0.0036897207610309124,-0.9299835562705994,1.0006753206253052,-0.25836610794067383,0.1755170226097107,0.6313583254814148,-0.45525455474853516,1.121630072593689,0.4212473928928375,0.7908560633659363,1.1685541868209839,-0.8690319657325745,-1.1234451532363892,5.959000110626221,0.23340696096420288,0.008518006652593613,-0.9563829898834229,1.0189201831817627,-0.27032291889190674,0.18064433336257935,0.6368001699447632,-0.4466868042945862,1.110917091369629,0.4165809452533722,0.8064799308776855,1.2069120407104492,-0.9010476469993591,-1.158367395401001,0.11737413704395294,0.003449356881901622,-0.47677165269851685,0.5082072019577026,0.2756976783275604,0.5001711249351501,-0.38022151589393616,-0.9217482805252075,-0.7155578136444092,-1.0631016492843628,2.0783488750457764,2.2771708965301514,-2.17041015625,-2.298912763595581,-4.7583951527485624e-05,-0.0026835103053599596,0.001483140280470252,0.0013433954445645213,0.42106136679649353,0.4219535291194916,-0.7165595293045044,-0.715721845626831,-1.3154206275939941,-1.312781810760498,1.7149372100830078,1.7200276851654053,-1.77963387966156,-1.7837163209915161,-0.020607275888323784,-0.020390184596180916,-0.005097657907754183,-0.004243476781994104,-0.05573035404086113,-0.1809787005186081,0.04533524811267853,0.03446132317185402,-0.028881052508950233,0.23254093527793884,-0.24060983955860138,-0.19571006298065186,0.11651241779327393,0.10401112586259842
0.164,-0.0003893594548571855,-0.001113969599828124,0.019602494314312935,1.6006253957748413,-1.6308047771453857,-0.9033766984939575,0.00512378104031086,-0.007302581798285246,-0.99996018409729,0.20000000298023224,0.0,0.0,0.0,-0.00023383372172247618,-0.0028899998869746923,0.0013705947203561664,0.0012371514458209276,0.420376718044281,0.4209916889667511,-0.716177761554718,-0.7154386639595032,-1.3150407075881958,-1.3117327690124512,1.7130109071731567,1.7184978723526,-1.77854585647583,-1.7828283309936523,-0.025214357301592827,-0.02516401745378971,-0.015879465267062187,-0.015347187407314777,-0.09357493370771408,-0.05568370595574379,0.04883390665054321,0.03983845189213753,0.08284007757902145,0.025029713287949562,-0.23324929177761078,-0.1867014765739441,0.14683622121810913,0.11297784000635147,0.23340696096420288,0.008518006652593613,-0.9563829898834229,1.0189201831817627,-0.27032291889190674,0.18064433336257935,0.6368001699447632,-0.4466868042945862,1.110917091369629,0.4165809452533722,0.8064799308776855,1.2069120407104492,-0.9010476469993591,-1.158367395401001,5.939000129699707,-0.21057941019535065,0.503244936466217,-0.8204640746116638,1.0400984287261963,-0.3184695243835449,-0.1313835084438324,0.6314648985862732,-0.5097252130508423,0.8453380465507507,0.7258752584457397,0.7109094858169556,1.203012228012085,-0.8314162492752075,-1.1750717163085938,-0.0830233171582222,0.22680515050888062,-0.41688597202301025,0.5188649892807007,0.25343847274780273,0.360074520111084,-0.3821529150009155,-0.9498411417007446,-0.8355936408042908,-0.9241062998771667,2.036144256591797,2.277472496032715,-2.140888214111328,-2.3083834648132324,-0.002277232939377427,0.006617633160203695,-0.060586851090192795,0.06493917852640152,0.39284610748291016,0.4519009590148926,-0.6935707926750183,-0.8053266406059265,-1.220725655555725,-1.3094685077667236,1.80191171169281,1.9237350225448608,-1.8810971975326538,-1.9252454042434692,-0.13129651546478271,0.6936054825782776,-7.7549285888671875,7.892482280731201,-3.1667230129241943,1.5866525173187256,4.925459861755371,-6.069991588592529,11.150821685791016,2.737140655517578,9.48193073272705,20.359115600585938,-21.138181686401367,-26.855680465698242
0.187,-0.05229537561535835,-0.18627667427062988,0.3026067912578583,0.44676634669303894,-1.866117000579834,-0.9898436665534973,-0.03400955721735954,-0.01542427483946085,-0.9993025064468384,0.20000000298023224,0.0,0.0,0.0,-0.005156027153134346,0.02398228459060192,-0.1094081774353981,0.1362680345773697,0.3839195668697357,0.4534565806388855,-0.6400254964828491,-0.8442813754081726,-1.216077208518982,-1.284363865852356,1.8278967142105103,2.0105795860290527,-1.8995261192321777,-1.9756509065628052,-1.877739667892456,2.944349765777588,-1.7764972448349,12.850772857666016,2.896071195602417,-2.1970670223236084,8.168174743652344,-3.447150707244873,-21.321086883544922,5.750865459442139,-6.526989936828613,12.555237770080566,25.670305252075195,-23.448278427124023,-0.21057941019535065,0.503244936466217,-0.8204640746116638,1.0400984287261963,-0.3184695243835449,-0.1313835084438324,0.6314648985862732,-0.5097252130508423,0.8453380465507507,0.7258752584457397,0.7109094858169556,1.203012228012085,-0.8314162492752075,-1.1750717163085938,5.918000221252441,-0.32416945695877075,0.41335242986679077,-1.9101165533065796,0.15833421051502228,-0.5454441905021667,-0.3380698561668396,-0.10129991918802261,-0.29350611567497253,0.7493746280670166,1.4141699075698853,0.7121025919914246,0.6246559023857117,-0.6943551898002625,-0.5778232216835022,-0.15417858958244324,0.2086891084909439,-0.9012410640716553,0.12313689291477203,0.14907395839691162,0.25305601954460144,-0.7120901942253113,-0.8553518056869507,-0.8907808065414429,-0.6004741787910461,2.0324604511260986,2.017242431640625,-2.076258659362793,-2.0405688285827637,-0.012502668425440788,0.0685243159532547,-0.1518797129392624,0.2652618885040283,0.33638426661491394,0.4418236017227173,-0.5704757571220398,-0.8812192678451538,-1.1179982423782349,-1.2833257913589478,1.8596506118774414,2.0949740409851074,-1.9826622009277344,-2.0658950805664062,0.058631621301174164,3.8308472633361816,-5.825314998626709,9.939043045043945,0.6259284615516663,-1.4252188205718994,4.873399257659912,-0.8584328293800354,-7.009253025054932,1.9332090616226196,7.478059768676758,9.580268859863281,-17.3814640045166,-25.655149459838867
0.204,-0.11220059543848038,-0.21224577724933624,0.21771134436130524,5.20945930480957,-1.4814751148223877,-1.441801905632019,-0.07071886211633682,-0.0617220401763916,-0.9955848455429077,0.20000000298023224,0.0,0.0,0.0,-0.021337663754820824,0.09274342656135559,-0.20673976838588715,0.3239884376525879,0.31211718916893005,0.431236207485199,-0.5329207181930542,-0.8976411819458008,-1.0550119876861572,-1.2767046689987183,1.8973784446716309,2.123277187347412,-2.000994920730591,-2.078446388244629,-2.0722029209136963,2.390684127807617,-6.69760799407959,7.240817546844482,-5.265009880065918,-0.688614547252655,3.864929437637329,-1.1159220933914185,16.450904846191406,-1.6271328926086426,0.9707723259925842,6.27487850189209,20.138601303100586,-14.122052192687988,-0.32416945695877075,0.41335242986679077,-1.9101165533065796,0.15833421051502228,-0.5454441905021667,-0.3380698561668396,-0.10129991918802261,-0.29350611567497253,0.7493746280670166,1.4141699075698853,0.7121025919914246,0.6246559023857117,-0.6943551898002625,-0.5778232216835022,5.89900016784668,-1.012176752090454,1.0164361000061035,-1.371543049812317,0.41215068101882935,-0.7623948454856873,-1.540511131286621,0.429574579000473,0.012265287339687347,0.4377046525478363,1.9853826761245728,0.6983561515808105,0.8465214371681213,-1.0274620056152344,-0.526310920715332,-0.470897376537323,0.4782651364803314,-0.7073184847831726,0.1977814882993698,0.04100971668958664,-0.29874441027641296,-0.5061904191970825,-0.7083057165145874,-1.0365509986877441,-0.3110652267932892,2.0259060859680176,2.0910589694976807,-2.219693660736084,-1.990606665611267,-0.11732085049152374,0.06856817752122879,-0.3582202196121216,0.26287373900413513,0.24760815501213074,0.37697771191596985,-0.5545822978019714,-0.8530833721160889,-1.0299016237258911,-1.271883249282837,1.9636310338974,2.0791189670562744,-2.0100507736206055,-2.1012637615203857,-6.210384845733643,-0.21864041686058044,-13.301902770996094,-5.996847629547119,-8.768088340759277,-4.012526035308838,-4.6693501472473145,-1.243472933769226,14.423770904541016,-4.26035213470459,3.3172264099121094,0.7653268575668335,18.218711853027344,0.8430265188217163
0.223,-0.2476300597190857,-0.0019488438265398145,0.16955451667308807,0.5349884629249573,-0.7980915904045105,-1.38479745388031,-0.08706386387348175,-0.1118636205792427,-0.9899021983146667,0.20000000298023224,0.0,0.0,0.0,-0.1538311392068863,0.08712782710790634,-0.4476163685321808,0.22860993444919586,0.19638623297214508,0.3255094289779663,-0.5760130286216736,-0.8584313988685608,-0.9983495473861694,-1.2509191036224365,1.988102674484253,2.0899405479431152,-2.027205228805542,-2.120265245437622,-5.621363162994385,3.003246784210205,-7.6178483963012695,-3.594831943511963,-9.244553565979004,-10.23624324798584,-1.3327720165252686,-0.6506282687187195,5.372707843780518,8.846480369567871,0.8862125277519226,-0.04103585332632065,-16.518152236938477,-0.5448581576347351,-1.012176752090454,1.0164361000061035,-1.371543049812317,0.41215068101882935,-0.7623948454856873,-1.540511131286621,0.429574579000473,0.012265287339687347,0.4377046525478363,1.9853826761245728,0.6983561515808105,0.8465214371681213,-1.0274620056152344,-0.526310920715332,5.879000186920166,0.004130680114030838,-0.03613933548331261,-1.2587168216705322,1.1347423791885376,0.2056855708360672,-0.39843255281448364,0.9410855174064636,-0.09330541640520096,0.9886291027069092,1.1328495740890503,1.001678466796875,0.5312530994415283,-1.184544563293457,-0.755916178226471,-0.045230932533741,0.031563811004161835,-0.6371544599533081,0.5304121971130371,0.4658395051956177,0.1600109040737152,-0.2554205358028412,-0.7411080002784729,-0.8032119870185852,-0.6657642126083374,2.161746025085449,1.9565696716308594,-2.3047244548797607,-2.088932752609253,-0.1538311392068863,0.08712782710790634,-0.4476163685321808,0.22860993444919586,0.19638623297214508,0.3255094289779663,-0.5760130286216736,-0.8584313988685608,-0.9983495473861694,-1.2509191036224365,1.988102674484253,2.0899405479431152,-2.027205228805542,-2.120265245437622,-5.621363162994385,3.003246784210205,-7.6178483963012695,-3.594831943511963,-9.244553565979004,-10.23624324798584,-1.3327720165252686,-0.6506282687187195,5.372707843780518,8.846480369567871,0.8862125277519226,-0.04103585332632065,-16.518152236938477,-0.5448581576347351
0.245,-0.025540415197610855,-0.2356884479522705,0.013768133707344532,-1.875623106956482,-1.6455698013305664,-1.2233918905258179,-0.10808407515287399,-0.08639614284038544,-0.9903805255889893,0.20000000298023224,0.0,0.0,0.0,-0.23485319316387177,0.28460803627967834,-0.5379665493965149,0.22911439836025238,0.09304767847061157,0.15575073659420013,-0.5373937487602234,-0.8414653539657593,-1.0187931060791016,-1.2687196731567383,2.0029282569885254,2.095777750015259,-2.2614331245422363,-2.2166333198547363,1.766714334487915,11.505316734313965,-0.012980110011994839,6.962785243988037,-4.514636993408203,-3.1704812049865723,3.0905277729034424,6.381870269775391,16.02580451965332,-9.784649848937988,8.083287239074707,-2.6807689666748047,-25.062355041503906,-32.607078552246094,0.004130680114030838,-0.03613933548331261,-1.2587168216705322,1.1347423791885376,0.2056855708360672,-0.39843255281448364,0.9410855174064636,-0.09330541640520096,0.9886291027069092,1.1328495740890503,1.001678466796875,0.5312530994415283,-1.184544563293457,-0.755916178226471,5.859000205993652,-0.3029148578643799,-0.5207822918891907,-1.260653018951416,1.016169548034668,-0.08637598156929016,-0.49339914321899414,0.840078592300415,-0.440182089805603,0.7846899032592773,1.4031684398651123,0.5532386898994446,0.1519276201725006,-1.283430814743042,-0.7371848225593567,-0.140834778547287,-0.23119564354419708,-0.6310092806816101,0.5103175044059753,0.3768947720527649,0.16315147280693054,-0.27579665184020996,-0.900482714176178,-0.8716506958007812,-0.5795906186103821,1.97353196144104,1.7724244594573975,-2.357726573944092,-2.090336322784424,-0.22148415446281433,0.3413751423358917,-0.5558344721794128,0.26128143072128296,0.11541604995727539,0.11348161101341248,-0.4810139536857605,-0.8140652179718018,-0.9763768315315247,-1.2711806297302246,2.0401499271392822,2.068089246749878,-2.278001308441162,-2.2208995819091797,1.0906630754470825,0.41294145584106445,-3.5679526329040527,1.3088886737823486,3.839066743850708,-1.3854256868362427,7.332051753997803,0.781114935874939,4.378847599029541,-2.3850924968719482,4.3770880699157715,1.1602201461791992,-16.85848617553711,0.1538114994764328
0.263,0.16790986061096191,0.09112744778394699,-0.0662725418806076,-1.236462116241455,0.31614968180656433,0.10751219093799591,-0.12170485407114029,-0.07130170613527298,-0.9900020360946655,0.20000000298023224,0.0,0.0,0.0,-0.22691820561885834,0.3131888508796692,-0.573750913143158,0.2650688886642456,0.14344224333763123,0.10239268094301224,-0.42926737666130066,-0.8130063414573669,-0.9715412259101868,-1.2834594249725342,2.027848958969116,2.0750997066497803,-2.25756573677063,-2.213181257247925,-5.195556640625,-8.645088195800781,-3.1168079376220703,-1.6961950063705444,4.685938358306885,-2.171725034713745,9.82013988494873,-1.955365538597107,-16.611413955688477,1.353460431098938,-6.557188510894775,1.33805513381958,-22.802696228027344,3.411252737045288,-0.3029148578643799,-0.5207822918891907,-1.260653018951416,1.016169548034668,-0.08637598156929016,-0.49339914321899414,0.840078592300415,-0.440182089805603,0.7846899032592773,1.4031684398651123,0.5532386898994446,0.1519276201725006,-1.283430814743042,-0.7371848225593567,5.839000225067139,0.7898477911949158,0.2489745169878006,-1.4890424013137817,1.1370171308517456,-0.25697919726371765,-0.03492511063814163,0.7629473805427551,-0.2941494584083557,1.302241325378418,0.5693690180778503,1.1046162843704224,1.1657885313034058,-1.4451935291290283,-0.8249780535697937,0.3413480222225189,0.08891896903514862,-0.7331699728965759,0.562689483165741,0.2912288308143616,0.3697788119316101,-0.3125433027744293,-0.8507054448127747,-0.645596444606781,-0.9461829662322998,2.2028305530548096,2.210247278213501,-2.435819625854492,-2.12998366355896,-0.22691820561885834,0.3131888508796692,-0.573750913143158,0.2650688886642456,0.14344224333763123,0.10239268094301224,-0.42926737666130066,-0.8130063414573669,-0.9715412259101868,-1.2834594249725342,2.027848958969116,2.0750997066497803,-2.25756573677063,-2.213181257247925,-5.195556640625,-8.645088195800781,-3.1168079376220703,-1.6961950063705444,4.685938358306885,-2.171725034713745,9.82013988494873,-1.955365538597107,-16.611413955688477,1.353460431098938,-6.557188510894775,1.33805513381958,-22.802696228027344,3.411252737045288
0.284,0.03815809264779091,-0.039461586624383926,-0.23654566705226898,-5.840664863586426,-0.23993252217769623,-0.841890275478363,-0.11648914963006973,0.005675658583641052,-0.993175745010376,0.20000000298023224,0.0,0.0,0.0,-0.2290387600660324,0.1281108409166336,-0.5804191827774048,0.29220911860466003,0.16702719032764435,0.08136895298957825,-0.3584670126438141,-0.8010066747665405,-0.9432570338249207,-1.2800285816192627,1.9783719778060913,2.0459847450256348,-2.2799980640411377,-2.2029495239257812,2.5554416179656982,-9.72399616241455,0.8991425633430481,2.538719415664673,0.7721593379974365,-0.33390212059020996,0.6858509182929993,0.3418475091457367,7.318735122680664,0.001093382714316249,-1.9754198789596558,-2.624667167663574,15.178169250488281,1.4173997640609741,0.7898477911949158,0.2489745169878006,-1.4890424013137817,1.1370171308517456,-0.25697919726371765,-0.03492511063814163,0.7629473805427551,-0.2941494584083557,1.302241325378418,0.5693690180778503,1.1046162843704224,1.1657885313034058,-1.4451935291290283,-0.8249780535697937,5.818999767303467,0.24306538701057434,0.1989172250032425,-0.8344692587852478,1.2584832906723022,-0.652957558631897,0.32889723777770996,0.6982710957527161,-0.44843947887420654,1.6995153427124023,0.10801240056753159,0.8150553703308105,1.5466396808624268,-1.2972090244293213,-1.2744377851486206,0.1435142159461975,0.0984046459197998,-0.44882816076278687,0.6225863695144653,0.10447198152542114,0.5541616082191467,-0.34532228112220764,-0.9151582717895508,-0.4442177414894104,-1.1904526948928833,2.0954577922821045,2.425412654876709,-2.3770358562469482,-2.33620548248291,-0.14355319738388062,0.10376391559839249,-0.613071084022522,0.4098801612854004,0.17781266570091248,0.12510667741298676,-0.36478617787361145,-0.8053818345069885,-0.9039060473442078,-1.287387728691101,2.0965189933776855,2.12255597114563,-2.3111484050750732,-2.239147186279297,6.181032180786133,-1.0281606912612915,-3.762099266052246,7.715865612030029,2.5111496448516846,3.8715038299560547,2.893484354019165,1.8352023363113403,-2.1747541427612305,4.000321865081787,5.693458557128906,5.496482849121094,-1.9405556917190552,-11.278203010559082
0.303,-0.13195450603961945,-0.3384736478328705,0.12868764996528625,-3.0967440605163574,-2.057328462600708,-0.40934813022613525,-0.14625898003578186,0.07286135852336884,-0.9865594506263733,0.20000000298023224,0.0,0.0,0.0,-0.1062489002943039,0.08701316267251968,-0.6327290534973145,0.47719845175743103,0.1608259081840515,0.17972974479198456,-0.3345683515071869,-0.8133212327957153,-0.8440789580345154,-1.3045971393585205,2.10400128364563,2.2162704467773438,-2.309230089187622,-2.362339735031128,2.427971363067627,-3.8247568607330322,2.734440565109253,13.010807037353516,-7.684689044952393,10.641824722290039,1.2095175981521606,-6.403098106384277,17.78934097290039,-7.817752838134766,-8.019288063049316,24.098215103149414,28.18813133239746,-26.26724624633789,0.24306538701057434,0.1989172250032425,-0.8344692587852478,1.2584832906723022,-0.652957558631897,0.32889723777770996,0.6982710957527161,-0.44843947887420654,1.6995153427124023,0.10801240056753159,0.8150553703308105,1.5466396808624268,-1.2972090244293213,-1.2744377851486206,5.798999786376953,-0.30121761560440063,0.2861636281013489,-1.4338809251785278,0.6581650376319885,-0.01542476937174797,-0.4392337203025818,-0.16110169887542725,0.20074021816253662,1.2027844190597534,1.0715301036834717,0.6208800673484802,0.2961687445640564,-1.0924956798553467,-0.8149343132972717,-0.12119650095701218,0.13861408829689026,-0.6901292204856873,0.3584328889846802,0.3726860284805298,0.22694098949432373,-0.7353179454803467,-0.6294726729393005,-0.6476088166236877,-0.7812967300415039,1.9973417520523071,1.8842172622680664,-2.2790367603302,-2.1500508785247803,-0.1062489002943039,0.08701316267251968,-0.6327290534973145,0.47719845175743103,0.1608259081840515,0.17972974479198456,-0.3345683515071869,-0.8133212327957153,-0.8440789580345154,-1.3045971393585205,2.10400128364563,2.2162704467773438,-2.309230089187622,-2.362339735031128,2.427971363067627,-3.8247568607330322,2.734440565109253,13.010807037353516,-7.684689044952393,10.641824722290039,1.2095175981521606,-6.403098106384277,17.78934097290039,-7.817752838134766,-8.019288063049316,24.098215103149414,28.18813133239746,-26.26724624633789
0.325,-0.04933604598045349,-0.12225130945444107,0.2712307870388031,0.33108216524124146,-0.6446539759635925,-1.3011932373046875,-0.17400705814361572,0.09048299491405487,-0.980578601360321,0.20000000298023224,0.0,0.0,0.0,-0.04758095368742943,0.0655084103345871,-0.5990490913391113,0.5462958216667175,0.14549538493156433,0.32675430178642273,-0.30844151973724365,-0.8367404341697693,-0.7798659801483154,-1.2672446966171265,2.1132586002349854,2.216813802719116,-2.3652122020721436,-2.180462121963501,-2.8704957962036133,-2.1908926963806152,-1.8693934679031372,-13.194546699523926,9.261963844299316,1.9434912204742432,-0.2587580382823944,8.166741371154785,-25.232799530029297,8.275470733642578,0.8746265172958374,-23.30324363708496,3.8613288402557373,26.7098331451416,-0.30121761560440063,0.2861636281013489,-1.4338809251785278,0.6581650376319885,-0.01542476937174797,-0.4392337203025818,-0.16110169887542725,0.20074021816253662,1.2027844190597534,1.0715301036834717,0.6208800673484802,0.2961687445640564,-1.0924956798553467,-0.8149343132972717,5.7779998779296875,-0.4748278260231018,0.41893470287323,-1.4093737602233887,0.9263757467269897,-0.6769306063652039,-0.5401465892791748,0.1327289193868637,-0.17513889074325562,0.8173209428787231,1.2633016109466553,0.8468011617660522,1.1707364320755005,-0.8302367329597473,-1.193697214126587,-0.22579216957092285,0.20238201320171356,-0.7032310962677002,0.45271235704421997,0.10182982683181763,0.14880812168121338,-0.6420937180519104,-0.7700497508049011,-0.8414064049720764,-0.6540839076042175,2.0891945362091064,2.2236530780792236,-2.1512203216552734,-2.3018786907196045,-0.08214085549116135,0.04883039742708206,-0.6097656488418579,0.4739513099193573,0.16459527611732483,0.34472784399986267,-0.3864632248878479,-0.7655779719352722,-0.7236473560333252,-1.2639979124069214,2.1597142219543457,2.1155283451080322,-2.3222622871398926,-2.2452218532562256,-1.3276951313018799,0.8040249347686768,-0.07076476514339447,0.7113551497459412,6.130093574523926,-0.36823520064353943,-5.430975437164307,3.115074396133423,-10.61866283416748,1.5852210521697998,2.223019599914551,3.2984700202941895,8.514780044555664,-25.623981475830078
0.343,-0.4478795826435089,-0.34295573830604553,0.1237911805510521,0.0312773659825325,-0.01923978328704834,-1.947000503540039,-0.1818578690290451,0.08376245200634003,-0.9797507524490356,0.20000000298023224,0.0,0.0,0.0,-0.10181523114442825,0.06406928598880768,-0.616853654384613,0.4577576518058777,0.21783208847045898,0.33789682388305664,-0.42144420742988586,-0.7479614615440369,-0.829167366027832,-1.2603262662887573,2.1724419593811035,2.074903964996338,-2.3065600395202637,-2.2405805587768555,-4.94088077545166,4.230818271636963,-1.0513906478881836,-1.5285075902938843,9.582816123962402,-0.13099177181720734,-2.881178855895996,3.993497848510742,-25.076570510864258,-2.563253879547119,0.678750216960907,-1.1545857191085815,-10.527544021606445,-20.318845748901367,-0.4748278260231018,0.41893470287323,-1.4093737602233887,0.9263757467269897,-0.6769306063652039,-0.5401465892791748,0.1327289193868637,-0.17513889074325562,0.8173209428787231,1.2633016109466553,0.8468011617660522,1.1707364320755005,-0.8302367329597473,-1.193697214126587,5.758999824523926,0.02768709510564804,-0.005609279032796621,-1.8126254081726074,0.5982108116149902,-0.13236454129219055,-0.8485221862792969,1.10740065574646,-0.23594018816947937,0.7944377660751343,1.6543855667114258,1.0256609916687012,1.0193893909454346,-1.4716464281082153,-0.8674776554107666,-0.010120024904608727,0.01771402731537819,-0.8860045075416565,0.31446611881256104,0.31979894638061523,0.0022258292883634567,-0.1941690444946289,-0.8114680051803589,-0.871083676815033,-0.4653748869895935,2.1788668632507324,2.189490556716919,-2.427072763442993,-2.170262575149536,-0.10181523114442825,0.06406928598880768,-0.616853654384613,0.4577576518058777,0.21783208847045898,0.33789682388305664,-0.42144420742988586,-0.7479614615440369,-0.829167366027832,-1.2603262662887573,2.1724419593811035,2.074903964996338,-2.3065600395202637,-2.2405805587768555,-4.94088077545166,4.230818271636963,-1.0513906478881836,-1.5285075902938843,9.582816123962402,-0.13099177181720734,-2.881178855895996,3.993497848510742,-25.076570510864258,-2.563253879547119,0.678750216960907,-1.1545857191085815,-10.527544021606445,-20.318845748901367
0.364,-0.10318707674741745,-0.0855056568980217,-0.054804615676403046,1.2975108623504639,-0.15156659483909607,-3.2580981254577637,-0.18460962176322937,0.04129474610090256,-0.9819440245628357,0.20000000298023224,0.0,0.0,0.0,-0.18226654827594757,0.12276694178581238,-0.6823150515556335,0.4658912420272827,0.2205193042755127,0.2390027642250061,-0.48477622866630554,-0.8111821413040161,-0.8535427451133728,-1.2338072061538696,2.223564386367798,2.1233601570129395,-2.3426027297973633,-2.2417919635772705,-3.2292933464050293,-2.7307822704315186,-14.493342399597168,-11.877626419067383,5.22068977355957,-10.385885238647461,2.7987329959869385,-3.9810287952423096,-11.810234069824219,10.429670333862305,8.483515739440918,-10.431614875793457,-28.313383102416992,30.558185577392578,0.02768709510564804,-0.005609279032796621,-1.8126254081726074,0.5982108116149902,-0.13236454129219055,-0.8485221862792969,1.10740065574646,-0.23594018816947937,0.7944377660751343,1.6543855667114258,1.0256609916687012,1.0193893909454346,-1.4716464281082153,-0.8674776554107666,5.738999843597412,-0.49945008754730225,-0.060489825904369354,-1.184860348701477,1.411403775215149,-0.47009435296058655,-0.4407992959022522,0.43979623913764954,0.04072883352637291,0.7149847745895386,1.1705611944198608,1.011941909790039,0.8397208452224731,-1.3729802370071411,-0.8413068652153015,-0.22576452791690826,-0.02544901706278324,-0.6217876076698303,0.6665782928466797,0.18961742520332336,0.17104288935661316,-0.4497985541820526,-0.691108763217926,-0.9098052382469177,-0.6642249822616577,2.1816606521606445,2.1052234172821045,-2.4102582931518555,-2.145324230194092,-0.18226654827594757,0.12276694178581238,-0.6823150515556335,0.4658912420272827,0.2205193042755127,0.2390027642250061,-0.48477622866630554,-0.8111821413040161,-0.8535427451133728,-1.2338072061538696,2.223564386367798,2.1233601570129395,-2.3426027297973633,-2.2417919635772705,-3.2292933464050293,-2.7307822704315186,-14.493342399597168,-11.877626419067383,5.22068977355957,-10.385885238647461,2.7987329959869385,-3.9810287952423096,-11.810234069824219,10.429670333862305,8.483515739440918,-10.431614875793457,-28.313383102416992,30.558185577392578
0.383,-0.1476246565580368,-0.29314592480659485,-0.10076109319925308,-1.0770668983459473,0.32536426186561584,-0.5007153749465942,-0.18609163165092468,0.03487946838140488,-0.9819130897521973,0.20000000298023224,0.0,0.0,0.0,-0.15859732031822205,0.11013477295637131,-0.7968146800994873,0.3748408257961273,0.27717068791389465,0.12345190346240997,-0.3807320296764374,-0.8265908360481262,-0.9027930498123169,-1.2658640146255493,2.1857309341430664,2.1257588863372803,-2.321977138519287,-2.2298507690429688,-0.04910311847925186,-0.4106300473213196,1.1066453456878662,-4.699580192565918,5.409387111663818,-2.8592240810394287,7.347885608673096,4.535739898681641,-14.549064636230469,-5.196906566619873,-3.798062562942505,-10.027915954589844,-11.214179039001465,26.350461959838867,-0.49945008754730225,-0.060489825904369354,-1.184860348701477,1.411403775215149,-0.47009435296058655,-0.4407992959022522,0.43979623913764954,0.04072883352637291,0.7149847745895386,1.1705611944198608,1.011941909790039,0.8397208452224731,-1.3729802370071411,-0.8413068652153015,5.718999862670898,-0.02175251394510269,-0.01144275814294815,-1.4087674617767334,0.8462935090065002,-0.2146279364824295,-0.46571457386016846,0.7230733036994934,-0.4844287633895874,1.0882658958435059,1.3657910823822021,1.0777324438095093,1.1580983400344849,-1.2886698246002197,-0.9446869492530823,-0.03236508369445801,-0.007694142870604992,-0.6961240768432617,0.4474899172782898,0.2915591597557068,0.17671272158622742,-0.347886860370636,-0.9153937697410583,-0.7457008957862854,-0.5962565541267395,2.211545467376709,2.2400667667388916,-2.3706371784210205,-2.1893515586853027,-0.15859732031822205,0.11013477295637131,-0.7968146800994873,0.3748408257961273,0.27717068791389465,0.12345190346240997,-0.3807320296764374,-0.8265908360481262,-0.9027930498123169,-1.2658640146255493,2.1857309341430664,2.1257588863372803,-2.321977138519287,-2.2298507690429688,-0.04910311847925186,-0.4106300473213196,1.1066453456878662,-4.699580192565918,5.409387111663818,-2.8592240810394287,7.347885608673096,4.535739898681641,-14.549064636230469,-5.196906566619873,-3.798062562942505,-10.027915954589844,-11.214179039001465,26.350461959838867
0.406,0.025278694927692413,-0.2559066712856293,-0.4539240002632141,-1.4472473859786987,-0.5188649296760559,-1.6526705026626587,-0.19485211372375488,0.03714335337281227,-0.980129063129425,0.20000000298023224,0.0,0.0,0.0,-0.16400974988937378,0.046485353261232376,-0.7202721238136292,0.4038619101047516,0.23108527064323425,0.07407351583242416,-0.39025065302848816,-0.7942259907722473,-0.8396354913711548,-0.9719812273979187,2.206509590148926,2.131988763809204,-2.2975525856018066,-2.3350300788879395,0.1076846644282341,-4.102936744689941,-4.282900333404541,-1.5511192083358765,-3.3295300006866455,-4.17365837097168,2.03961181640625,-8.203756332397461,24.713687896728516,30.003446578979492,0.7300648093223572,19.614017486572266,21.500085830688477,-23.262914657592773,-0.02175251394510269,-0.01144275814294815,-1.4087674617767334,0.8462935090065002,-0.2146279364824295,-0.46571457386016846,0.7230733036994934,-0.4844287633895874,1.0882658958435059,1.3657910823822021,1.0777324438095093,1.1580983400344849,-1.2886698246002197,-0.9446869492530823,5.697999954223633,-0.6743454933166504,-0.14106103777885437,-1.5468449592590332,1.0677903890609741,-0.28306129574775696,-0.07192747294902802,-0.22661763429641724,0.24901732802391052,1.0709367990493774,1.1704216003417969,1.1538941860198975,0.33225497603416443,-1.3276805877685547,-0.8103591203689575,-0.306691974401474,-0.06424687802791595,-0.7656925916671753,0.5252546668052673,0.2709583342075348,0.3544839024543762,-0.7650565505027771,-0.6077715158462524,-0.7370885610580444,-0.6773759126663208,2.2488067150115967,1.8819212913513184,-2.384229898452759,-2.1333067417144775,-0.12331996858119965,0.03818808123469353,-0.730970561504364,0.384274959564209,0.26435357332229614,0.09790033102035522,-0.3419259190559387,-0.8515354990959167,-0.8248513340950012,-0.879090428352356,2.220818042755127,2.1842615604400635,-2.3037667274475098,-2.295549154281616,4.664243221282959,-0.08233380317687988,2.6103594303131104,-0.6766669154167175,-0.845116913318634,-0.4583459198474884,0.6816011667251587,-3.048130989074707,11.77273178100586,16.693668365478516,-0.6662154197692871,-1.3830255270004272,15.696428298950195,9.388782501220703
0.425,-0.10986107587814331,-0.20078925788402557,-0.38197895884513855,-0.7359054684638977,-0.015871752053499222,-0.4762043356895447,-0.1996813863515854,0.044587042182683945,-0.9788458943367004,0.20000000298023224,0.0,0.0,0.0,-0.10925152897834778,0.01735646091401577,-0.7247952818870544,0.37988385558128357,0.27330297231674194,0.1126963347196579,-0.3235483169555664,-0.8746780157089233,-0.7986319065093994,-0.8130443692207336,2.2298672199249268,2.2014575004577637,-2.349201202392578,-2.290543794631958,-4.087042331695557,-7.951137065887451,-0.6105790138244629,-1.4598991870880127,2.932429790496826,4.4018354415893555,0.5378139615058899,-1.7144155502319336,-5.24110221862793,-0.9571589231491089,-0.9634235501289368,8.956475257873535,7.635985851287842,-23.739892959594727,-0.6743454933166504,-0.14106103777885437,-1.5468449592590332,1.0677903890609741,-0.28306129574775696,-0.07192747294902802,-0.22661763429641724,0.24901732802391052,1.0709367990493774,1.1704216003417969,1.1538941860198975,0.33225497603416443,-1.3276805877685547,-0.8103591203689575,5.677999973297119,0.07462228089570999,0.13806621730327606,-1.109682321548462,0.9472267627716064,-0.10971146821975708,-0.1798851490020752,0.2806742191314697,-0.15305307507514954,1.369084119796753,0.9844231605529785,1.227643370628357,1.0703026056289673,-1.3058735132217407,-0.9119859337806702,0.0029108263552188873,0.05570510774850845,-0.5759263038635254,0.4787774980068207,0.3469056487083435,0.3236800730228424,-0.5784922242164612,-0.757940948009491,-0.6020609736442566,-0.7691871523857117,2.285720109939575,2.1782283782958984,-2.3757758140563965,-2.173434257507324,-0.11299882084131241,-0.038006823509931564,-0.7435926795005798,0.37954986095428467,0.28310149908065796,0.1872829794883728,-0.39330071210861206,-0.8252754807472229,-0.8047754168510437,-0.8316694498062134,2.303208351135254,2.153236150741577,-2.3412442207336426,-2.329073190689087,1.3786027431488037,-2.9924731254577637,0.25346648693084717,0.35807982087135315,1.4523605108261108,-0.36933231353759766,-7.94695520401001,3.9129481315612793,-2.826261520385742,22.356319427490234,2.8761391639709473,-4.3233537673950195,5.7633562088012695,-3.961052417755127
0.445,-0.10793380439281464,-0.36242592334747314,-0.03379179909825325,-1.7503522634506226,-0.760590136051178,-1.4657611846923828,-0.2075836956501007,0.06463627517223358,-0.9760794639587402,0.20000000298023224,0.0,0.0,0.0,-0.09779315441846848,-0.04114091396331787,-0.7327691316604614,0.39732274413108826,0.2847372591495514,0.2463376373052597,-0.4340759515762329,-0.8218923807144165,-0.8021350502967834,-0.9126083254814148,2.313624143600464,2.17130446434021,-2.342242479324341,-2.3768246173858643,3.605767011642456,4.495237350463867,0.7019874453544617,6.2021379470825195,-0.5467680096626282,9.786057472229004,-0.48300597071647644,-5.059154033660889,3.246870279312134,-24.65157699584961,2.6414849758148193,13.534982681274414,0.11135382950305939,-10.853270530700684,0.07462228089570999,0.13806621730327606,-1.109682321548462,0.9472267627716064,-0.10971146821975708,-0.1798851490020752,0.2806742191314697,-0.15305307507514954,1.369084119796753,0.9844231605529785,1.227643370628357,1.0703026056289673,-1.3058735132217407,-0.9119859337806702,5.6579999923706055,-0.15005014836788177,-0.1109016165137291,-1.4678882360458374,1.1104212999343872,-0.15593047440052032,-0.6028220653533936,0.20016299188137054,0.12572360038757324,1.164826512336731,0.9736508131027222,1.0601270198822021,1.1192549467086792,-1.4563066959381104,-1.316031575202942,-0.06723148375749588,-0.04433521255850792,-0.7181423306465149,0.5475673079490662,0.33370184898376465,0.130278080701828,-0.5960658192634583,-0.647508442401886,-0.6804741621017456,-0.7832158207893372,2.21402907371521,2.2298874855041504,-2.4426255226135254,-2.359267473220825,-0.05808374658226967,0.005389293655753136,-0.7349399328231812,0.4107818603515625,0.28375235199928284,0.2621963918209076,-0.43470481038093567,-0.8460672497749329,-0.7755609154701233,-0.8443393111228943,2.3465263843536377,2.179548501968384,-2.3423476219177246,-2.339146137237549,3.002037286758423,3.419370412826538,0.4085851013660431,0.8284879922866821,-0.5171747803688049,5.511175155639648,-0.4713194966316223,-0.9850906729698181,2.6409084796905518,-11.052653312683105,2.0166549682617188,-2.001678228378296,0.7918557524681091,4.579651355743408
0.465,-0.14124083518981934,-0.31285521388053894,0.05334323272109032,2.0082831382751465,0.26358091831207275,-0.9209371209144592,-0.216152623295784,0.062148675322532654,-0.9743795990943909,0.20000000298023224,0.0,0.0,0.0,-0.03667250648140907,0.02614215388894081,-0.7312719225883484,0.43538224697113037,0.27600178122520447,0.27910783886909485,-0.44030138850212097,-0.8531618118286133,-0.7506428360939026,-0.8337745070457458,2.36191725730896,2.192491054534912,-2.3356339931488037,-2.3328497409820557,2.332273244857788,1.7913107872009277,0.7215454578399658,3.9682204723358154,-1.632076621055603,-0.8495237827301025,-0.9209113717079163,-1.2572710514068604,3.9339511394500732,12.464147567749023,1.80148446559906,1.9455634355545044,0.8212542533874512,2.1548140048980713,-0.15005014836788177,-0.1109016165137291,-1.4678882360458374,1.1104212999343872,-0.15593047440052032,-0.6028220653533936,0.20016299188137054,0.12572360038757324,1.164826512336731,0.9736508131027222,1.0601270198822021,1.1192549467086792,-1.4563066959381104,-1.316031575202942,5.638999938964844,-0.7367370128631592,0.1473727971315384,-1.273688793182373,1.1126072406768799,-0.38814854621887207,-0.6001283526420593,0.9971024394035339,-0.26102349162101746,0.9666105508804321,1.4033325910568237,1.2179018259048462,1.4587812423706055,-1.6060736179351807,-1.1654123067855835,-0.33825477957725525,0.06188423931598663,-0.6449741721153259,0.5554299354553223,0.22788332402706146,0.11215005069971085,-0.23920045793056488,-0.8105013966560364,-0.7775126695632935,-0.5912619233131409,2.2778587341308594,2.387840509414673,-2.5167055130004883,-2.310072422027588,-0.052884865552186966,-0.025546375662088394,-0.7591071724891663,0.4362863004207611,0.27002793550491333,0.25918710231781006,-0.44785061478614807,-0.8188496828079224,-0.7672772407531738,-0.8216162323951721,2.3348491191864014,2.2184407711029053,-2.392099142074585,-2.381694793701172,0.537184476852417,-2.6080548763275146,1.2350778579711914,2.915971279144287,-6.43256950378418,-3.023709774017334,-1.0405967235565186,5.950924396514893,22.047948837280273,2.9659273624420166,0.9582428336143494,1.7508611679077148,-14.770471572875977,-15.047890663146973
0.486,-0.11223508417606354,-0.30078691244125366,-0.05834941938519478,1.3740546703338623,-0.31413692235946655,-0.5250862836837769,-0.21864449977874756,0.05227849632501602,-0.9744031429290771,0.20000000298023224,0.0,0.0,0.0,-0.048261865973472595,-0.025866977870464325,-0.7396842241287231,0.48052629828453064,0.28052854537963867,0.2138567715883255,-0.4426986575126648,-0.8078632354736328,-0.8602328896522522,-0.7150848507881165,2.3403704166412354,2.2584991455078125,-2.5150537490844727,-2.3707025051116943,-0.699500560760498,3.199937105178833,4.014850616455078,10.067611694335938,2.202625274658203,-9.317997932434082,4.403114318847656,-7.374884128570557,-23.915828704833984,27.790874481201172,2.6659786701202393,13.045930862426758,-28.94166374206543,23.786304473876953,-0.7367370128631592,0.1473727971315384,-1.273688793182373,1.1126072406768799,-0.38814854621887207,-0.6001283526420593,0.9971024394035339,-0.26102349162101746,0.9666105508804321,1.4033325910568237,1.2179018259048462,1.4587812423706055,-1.6060736179351807,-1.1654123067855835,5.617000102996826,-0.5121275782585144,-0.2520899772644043,-1.8702776432037354,0.5487655997276306,-0.0409424863755703,-0.3900333046913147,0.7286201119422913,0.058848027139902115,1.025269627571106,1.582423448562622,1.0169013738632202,0.6530874371528625,-1.7607182264328003,-0.4248763620853424,-0.26428288221359253,-0.10725206136703491,-0.9061223268508911,0.3024875223636627,0.37354421615600586,0.2048800140619278,-0.32433098554611206,-0.6828585267066956,-0.7608199119567871,-0.4914756417274475,2.193791389465332,2.0410733222961426,-2.5937037467956543,-1.9719115495681763,-0.10949424654245377,-0.013317888602614403,-0.7135989665985107,0.5194844007492065,0.23258882761001587,0.1937117725610733,-0.41472291946411133,-0.8084650635719299,-0.8211526274681091,-0.7043019533157349,2.3150634765625,2.3262977600097656,-2.5193541049957275,-2.354065418243408,-6.518751621246338,1.0055568218231201,0.7557930946350098,-0.9496257305145264,1.141655445098877,-5.555184364318848,2.622589349746704,2.1943039894104004,-12.27353286743164,16.74801254272461,-4.075567722320557,-0.45863837003707886,8.196682929992676,-3.804645299911499
0.505,-0.11223508417606354,-0.30078691244125366,-0.05834941938519478,1.8723636865615845,0.9066187739372253,-1.3896431922912598,-0.2196761816740036,0.021214544773101807,-0.9753421545028687,0.20000000298023224,0.0,0.0,0.0,-0.16027474403381348,-0.0017942467238754034,-0.7232582569122314,0.5237124562263489,0.21818900108337402,0.1788412630558014,-0.396655410528183,-0.8026124238967896,-0.8159970045089722,-0.6812668442726135,2.3038923740386963,2.336212396621704,-2.537344455718994,-2.363490581512451,-6.0167670249938965,1.8564033508300781,-0.9400085210800171,0.401197612285614,-3.9695756435394287,0.8497611880302429,2.099618911743164,-1.60551118850708,10.17874813079834,-7.208230495452881,-0.9021176099777222,-2.630801200866699,-2.4064037799835205,20.908517837524414,-0.5121275782585144,-0.2520899772644043,-1.8702776432037354,0.5487655997276306,-0.0409424863755703,-0.3900333046913147,0.7286201119422913,0.058848027139902115,1.025269627571106,1.582423448562622,1.0169013738632202,0.6530874371528625,-1.7607182264328003,-0.4248763620853424,5.598999977111816,0.08373592048883438,-0.2936350405216217,-1.1280546188354492,1.0454293489456177,0.2584551274776459,-0.6328139305114746,1.1161668300628662,-0.14584729075431824,1.2709499597549438,1.48989999294281,1.1895447969436646,1.3469440937042236,-1.8155995607376099,-0.957438588142395,0.0112528745085001,-0.14286096394062042,-0.5982367992401123,0.5006919503211975,0.5228392481803894,0.10490173101425171,-0.1584480106830597,-0.7622071504592896,-0.6485944986343384,-0.5231325626373291,2.2630743980407715,2.318632125854492,-2.6261000633239746,-2.177748441696167,-0.20590002834796906,-0.023201657459139824,-0.7694302201271057,0.4914589822292328,0.23492403328418732,0.17984415590763092,-0.39001089334487915,-0.7925945520401001,-0.812467634677887,-0.6099535822868347,2.2465884685516357,2.3070271015167236,-2.5774483680725098,-2.3703110218048096,-2.435774326324463,-1.6913173198699951,-2.9332287311553955,-2.0360777378082275,1.1249605417251587,3.6513726711273193,1.537980079650879,0.11738723516464233,4.208162784576416,-6.88007926940918,-2.6748275756835938,-2.100065231323242,-14.735184669494629,-0.11306889355182648
0.526,0.1244668960571289,-0.16294239461421967,-0.008760515600442886,-1.7491230964660645,0.20294898748397827,-1.2156648635864258,-0.20695853233337402,0.026928935199975967,-0.9779790639877319,0.20000000298023224,0.0,0.0,0.0,-0.2049209028482437,-0.02833300456404686,-0.7815151214599609,0.5197712779045105,0.2377394288778305,0.17861886322498322,-0.38019344210624695,-0.8155974745750427,-0.7657982707023621,-0.5917943716049194,2.241046905517578,2.3606932163238525,-2.65388822555542,-2.4756343364715576,3.3971362113952637,0.5796780586242676,1.768052339553833,14.367692947387695,-1.3095970153808594,-2.515998125076294,1.75192391872406,-8.644728660583496,2.407395124435425,2.2206640243530273,2.408656358718872,22.668163299560547,-3.9636449813842773,-28.06816291809082,0.08373592048883438,-0.2936350405216217,-1.1280546188354492,1.0454293489456177,0.2584551274776459,-0.6328139305114746,1.1161668300628662,-0.14584729075431824,1.2709499597549438,1.48989999294281,1.1895447969436646,1.3469440937042236,-1.8155995607376099,-0.957438588142395,5.578999996185303,-0.45575475692749023,-0.21172454953193665,-1.8860750198364258,0.8767799735069275,-0.1935969442129135,-0.02103836089372635,0.12353332340717316,0.31377777457237244,1.2344931364059448,1.090280532836914,0.9963034391403198,0.6024163961410522,-1.3827201128005981,-1.1890802383422852,-0.20396433770656586,-0.10956213623285294,-0.9085574150085449,0.44462016224861145,0.334345281124115,0.370202898979187,-0.5885447859764099,-0.5633106827735901,-0.653777539730072,-0.7061270475387573,2.183043956756592,2.011350393295288,-2.4345438480377197,-2.3025708198547363,-0.16872042417526245,-0.03310764208436012,-0.7477057576179504,0.5517467260360718,0.25704172253608704,0.15865777432918549,-0.32598063349723816,-0.8307082056999207,-0.7939233779907227,-0.5750044584274292,2.2285289764404297,2.342170000076294,-2.649352788925171,-2.4169299602508545,2.3461804389953613,-1.7316782474517822,2.231619119644165,-1.0899773836135864,-0.18321283161640167,-1.6554665565490723,5.807672023773193,3.284315586090088,1.940521001815796,3.2695679664611816,-1.0351018905639648,-3.5776662826538086,-2.7820568084716797,-6.953149795532227
0.544,0.13537484407424927,-0.30864039063453674,-0.014552068896591663,1.7706102132797241,-0.0780671238899231,-1.4643734693527222,-0.21111151576042175,0.020971830934286118,-0.9772369861602783,0.20000000298023224,0.0,0.0,0.0,-0.15082454681396484,-0.04921264201402664,-0.7285444140434265,0.5505006909370422,0.2598245143890381,0.1503962278366089,-0.28719958662986755,-0.8265902400016785,-0.784199595451355,-0.5664065480232239,2.225252151489258,2.331751823425293,-2.6290431022644043,-2.399580955505371,2.4156250953674316,-1.8572499752044678,2.218433380126953,2.026750326156616,0.7915352582931519,-0.7462403178215027,5.613287448883057,1.2650010585784912,0.6815985441207886,0.3921833038330078,1.119735598564148,5.3763580322265625,-7.0309953689575195,-20.231910705566406,-0.45575475692749023,-0.21172454953193665,-1.8860750198364258,0.8767799735069275,-0.1935969442129135,-0.02103836089372635,0.12353332340717316,0.31377777457237244,1.2344931364059448,1.090280532836914,0.9963034391403198,0.6024163961410522,-1.3827201128005981,-1.1890802383422852,5.558000087738037,-0.19509290158748627,-0.013905921950936317,-1.245355486869812,1.156585693359375,-0.09464147686958313,-0.27928000688552856,0.5852803587913513,-0.15484577417373657,1.1445897817611694,1.143609642982483,1.303849220275879,1.0738449096679688,-1.8122189044952393,-1.2369961738586426,-0.10818823426961899,-0.01721387915313244,-0.6512656807899475,0.5649255514144897,0.36002588272094727,0.28052428364753723,-0.4237682819366455,-0.7543015480041504,-0.6947523355484009,-0.7004283666610718,2.313436508178711,2.192765235900879,-2.6086628437042236,-2.3366153240203857,-0.15600097179412842,-0.09596533328294754,-0.7522164583206177,0.4632384479045868,0.23606878519058228,0.18619871139526367,-0.3031172752380371,-0.7440837621688843,-0.7462674975395203,-0.6286041140556335,2.2134740352630615,2.221421718597412,-2.57759428024292,-2.503028154373169,0.33044272661209106,-2.4239702224731445,-0.9409183263778687,1.689894676208496,-0.7322284579277039,-1.3486188650131226,-8.80350399017334,2.522651433944702,-1.9084863662719727,12.327995300292969,0.33644071221351624,3.3002662658691406,29.015172958374023,-18.48953628540039
0.563,0.04400959610939026,-0.2423965483903885,-0.0449393205344677,-1.2204819917678833,0.10521724820137024,-1.3426647186279297,-0.21024994552135468,0.04033440351486206,-0.9768152832984924,0.20000000298023224,0.0,0.0,0.0,-0.12874804437160492,-0.0853332057595253,-0.7621784210205078,0.4944626986980438,0.2405044138431549,0.2013864368200302,-0.3554997146129608,-0.7622143030166626,-0.7762614488601685,-0.6568477749824524,2.2673861980438232,2.249969005584717,-2.596038579940796,-2.485591173171997,10.232447624206543,8.107893943786621,-1.4877116680145264,14.058324813842773,3.372805118560791,-3.246154308319092,-7.817294597625732,-10.54317855834961,-14.414948463439941,5.927701950073242,15.710052490234375,15.9580078125,-17.5422420501709,6.53033971786499,-0.19509290158748627,-0.013905921950936317,-1.245355486869812,1.156585693359375,-0.09464147686958313,-0.27928000688552856,0.5852803587913513,-0.15484577417373657,1.1445897817611694,1.143609642982483,1.303849220275879,1.0738449096679688,-1.8122189044952393,-1.2369961738586426,5.539000034332275,-0.666064441204071,-0.24280476570129395,-1.90664541721344,0.7735958695411682,-0.42522692680358887,-0.48451441526412964,1.1888415813446045,0.24824190139770508,1.1264634132385254,1.4931055307388306,0.7674474120140076,1.141762375831604,-1.9053759574890137,-1.2402478456497192,-0.310547798871994,-0.11098352819681168,-0.9231170415878296,0.40461069345474243,0.21383047103881836,0.1792009472846985,-0.13568808138370514,-0.5920112729072571,-0.7070066928863525,-0.5425853133201599,2.085094928741455,2.241469383239746,-2.6679954528808594,-2.3414831161499023,-0.12874804437160492,-0.0853332057595253,-0.7621784210205078,0.4944626986980438,0.2405044138431549,0.2013864368200302,-0.3554997146129608,-0.7622143030166626,-0.7762614488601685,-0.6568477749824524,2.2673861980438232,2.249969005584717,-2.596038579940796,-2.485591173171997,10.232447624206543,8.107893943786621,-1.4877116680145264,14.058324813842773,3.372805118560791,-3.246154308319092,-7.817294597625732,-10.54317855834961,-14.414948463439941,5.927701950073242,15.710052490234375,15.9580078125,-17.5422420501709,6.53033971786499
0.585,0.07529199868440628,-0.26056134700775146,-0.1675204634666443,2.912301540374756,-0.30479100346565247,-1.7983486652374268,-0.21480639278888702,-0.0250927172601223,-0.976334273815155,0.20000000298023224,0.0,0.0,0.0,-0.0890473797917366,-0.0549972839653492,-0.7370414137840271,0.5237415432929993,0.24699793756008148,0.17976950109004974,-0.33972182869911194,-0.7710307836532593,-0.753593921661377,-0.578904390335083,2.268697738647461,2.266310453414917,-2.740070104598999,-2.484866142272949,-10.796961784362793,-11.896268844604492,-10.304829597473145,-8.266708374023438,-3.641087293624878,-8.586764335632324,9.319782257080078,-0.5731865167617798,5.9653825759887695,25.044158935546875,-10.056391716003418,5.642094135284424,-13.699533462524414,-4.27031135559082,-0.666064441204071,-0.24280476570129395,-1.90664541721344,0.7735958695411682,-0.42522692680358887,-0.48451441526412964,1.1888415813446045,0.24824190139770508,1.1264634132385254,1.4931055307388306,0.7674474120140076,1.141762375831604,-1.9053759574890137,-1.2402478456497192,5.51800012588501,-0.14860770106315613,0.014673717319965363,-1.3259177207946777,1.545265555381775,-0.011622108519077301,-0.1691480576992035,0.4609692096710205,-0.42317211627960205,1.123940110206604,1.0593667030334473,1.4442027807235718,0.9844755530357361,-1.9415947198867798,-1.1524875164031982,-0.0979282408952713,-0.004495180677622557,-0.6889746189117432,0.735830545425415,0.3853330910205841,0.31098344922065735,-0.43442264199256897,-0.877918541431427,-0.709367573261261,-0.7219834923744202,2.366800546646118,2.175560712814331,-2.6902270317077637,-2.3024775981903076,-0.16794604063034058,-0.12487232685089111,-0.8091014623641968,0.46575289964675903,0.22506673634052277,0.16774393618106842,-0.2641942501068115,-0.7545984387397766,-0.7476484775543213,-0.5972211360931396,2.175218105316162,2.285433530807495,-2.7262730598449707,-2.5334696769714355,-2.5348761081695557,-0.5284279584884644,-4.278011322021484,-2.3387293815612793,-2.165278434753418,-5.1183319091796875,5.515829086303711,1.276989459991455,3.131272315979004,15.929130554199219,-2.7597551345825195,-0.06971047818660736,-10.536402702331543,-2.4599242210388184
0.604,0.16393974423408508,-0.1406635046005249,-0.12695564329624176,-3.130405902862549,0.17596282064914703,-1.1783251762390137,-0.21297010779380798,0.01566099002957344,-0.9769331812858582,0.20000000298023224,0.0,0.0,0.0,-0.15523609519004822,-0.08985351026058197,-0.8040793538093567,0.46987828612327576,0.22470849752426147,0.18297244608402252,-0.2574077546596527,-0.7528156042098999,-0.7596322894096375,-0.6562624573707581,2.1794321537017822,2.2722156047821045,-2.7061305046081543,-2.522623062133789,10.410911560058594,13.913288116455078,7.318442344665527,6.071084022521973,3.726760149002075,9.120684623718262,-2.5925281047821045,-1.6243741512298584,-8.875591278076172,-28.65363311767578,10.118325233459473,-4.242770195007324,-21.848674774169922,7.5770182609558105,-0.14860770106315613,0.014673717319965363,-1.3259177207946777,1.545265555381775,-0.011622108519077301,-0.1691480576992035,0.4609692096710205,-0.42317211627960205,1.123940110206604,1.0593667030334473,1.4442027807235718,0.9844755530357361,-1.9415947198867798,-1.1524875164031982,5.499000072479248,-0.11431708931922913,-0.4224366247653961,-1.6433175802230835,1.4363855123519897,-0.45005613565444946,-0.19167689979076385,1.2521460056304932,-0.1938636600971222,1.103506088256836,0.7849686741828918,0.7399668097496033,1.6972473859786987,-1.8972697257995605,-1.3316112756729126,-0.06123551353812218,-0.19054600596427917,-0.8083903789520264,0.7199565172195435,0.20518805086612701,0.3140237033367157,-0.10826653242111206,-0.8033204674720764,-0.7187989950180054,-0.8634024262428284,2.0780649185180664,2.4897172451019287,-2.67250394821167,-2.3791825771331787,-0.0811435654759407,0.005110785830765963,-0.7419261932373047,0.5181585550308228,0.24736668169498444,0.20398807525634766,-0.31744226813316345,-0.7934302687644958,-0.7754638195037842,-0.6528777480125427,2.2654712200164795,2.270207405090332,-2.7008180618286133,-2.471508741378784,3.128871440887451,3.176633596420288,1.5083634853363037,1.7231602668762207,3.6286051273345947,6.177717685699463,-1.1057133674621582,-2.7504873275756836,-5.410942077636719,-14.942954063415527,5.2924628257751465,1.5597140789031982,-17.53573226928711,3.3447937965393066
0.624,0.1027996689081192,-0.2546935975551605,-0.18296203017234802,0.6912311911582947,-0.16295446455478668,-1.3865972757339478,-0.21648629009723663,0.005997377447783947,-0.9762672185897827,0.20000000298023224,0.0,0.0,0.0,-0.0729847401380539,-0.0013702561846002936,-0.7414544820785522,0.5247718095779419,0.24769899249076843,0.25175026059150696,-0.3216427266597748,-0.7970343232154846,-0.7636557221412659,-0.7742114067077637,2.2635250091552734,2.3259050846099854,-2.6617093086242676,-2.5789732933044434,-2.0490527153015137,-6.574865818023682,-3.9462029933929443,-0.7516893148422241,-3.2943613529205322,8.367110252380371,3.8892128467559814,2.219087839126587,8.443360328674316,-25.8487491607666,-8.340594291687012,16.407337188720703,21.3181209564209,-32.99966049194336,-0.11431708931922913,-0.4224366247653961,-1.6433175802230835,1.4363855123519897,-0.45005613565444946,-0.19167689979076385,1.2521460056304932,-0.1938636600971222,1.103506088256836,0.7849686741828918,0.7399668097496033,1.6972473859786987,-1.8972697257995605,-1.3316112756729126,5.479000091552734,-0.39982128143310547,0.2800295650959015,-1.3054864406585693,1.2260621786117554,-0.1902783066034317,-0.5973506569862366,-0.3730972707271576,-0.02942749112844467,1.352794885635376,1.086152195930481,1.0201562643051147,0.7134842872619629,-1.2840628623962402,-1.2510191202163696,-0.1860431283712387,0.10695869475603104,-0.668307900428772,0.6237236261367798,0.3040735721588135,0.13177457451820374,-0.8070104122161865,-0.7218644022941589,-0.607562243938446,-0.7420117259025574,2.175276756286621,2.078439474105835,-2.3947885036468506,-2.3505868911743164,-0.06631852686405182,-0.05725867301225662,-0.7703822255134583,0.5352250337600708,0.2325974702835083,0.26516586542129517,-0.24860917031764984,-0.7959988117218018,-0.7557916641235352,-0.7759893536567688,2.1945769786834717,2.4046566486358643,-2.7106099128723145,-2.545546770095825,1.5855506658554077,-3.669565200805664,-0.8604959845542908,5.2401323318481445,-2.207186460494995,5.070356369018555,2.9835078716278076,3.3651607036590576,3.0868113040924072,-16.4035587310791,-2.6447293758392334,9.787996292114258,-2.007101535797119,-25.287755966186523
0.646,0.10924811661243439,-0.2898356318473816,-0.17269830405712128,-0.3954509496688843,0.7492156624794006,-0.7590144276618958,-0.21273209154605865,0.004696427378803492,-0.9770992994308472,0.20000000298023224,0.0,0.0,0.0,-0.05415194481611252,-0.0745849460363388,-0.7719294428825378,0.5622067451477051,0.21206118166446686,0.2514243423938751,-0.23642557859420776,-0.7792908549308777,-0.7046363353729248,-0.7240545749664307,2.1813485622406006,2.4062325954437256,-2.7135446071624756,-2.475062608718872,2.1095845699310303,1.0858564376831055,1.3179032802581787,3.5189332962036133,-3.6682209968566895,-8.71695613861084,-1.2117973566055298,6.8981099128723145,8.592230796813965,27.748138427734375,-0.27419430017471313,-1.4615094661712646,3.6498913764953613,-5.720852375030518,-0.39982128143310547,0.2800295650959015,-1.3054864406585693,1.2260621786117554,-0.1902783066034317,-0.5973506569862366,-0.3730972707271576,-0.02942749112844467,1.352794885635376,1.086152195930481,1.0201562643051147,0.7134842872619629,-1.2840628623962402,-1.2510191202163696,5.456999778747559,-0.493105947971344,-0.5643640756607056,-1.1017998456954956,1.3435968160629272,-0.22116310894489288,0.2587707042694092,1.3502103090286255,-0.7412768006324768,1.205318808555603,0.9383567571640015,1.16377592086792,1.0202027559280396,-1.6115727424621582,-1.3150604963302612,-0.2405019849538803,-0.2432679533958435,-0.5626407265663147,0.6669909358024597,0.30006396770477295,0.4988042712211609,-0.10139638185501099,-1.0340509414672852,-0.6628027558326721,-0.7963806390762329,2.249626636505127,2.175335168838501,-2.5143964290618896,-2.3765459060668945,-0.038951411843299866,-0.0528620220720768,-0.7595398426055908,0.5586449503898621,0.2089509218931198,0.230499267578125,-0.3458307385444641,-0.7138767838478088,-0.7110253572463989,-0.7520444393157959,2.263430595397949,2.3320889472961426,-2.62296986579895,-2.530941963195801,1.4220752716064453,2.5130903720855713,1.7094998359680176,-0.8384923934936523,-0.6944929957389832,-6.289831161499023,-9.272940635681152,-0.342472642660141,1.0845905542373657,13.136262893676758,4.278957366943359,-2.7422754764556885,-1.8429566621780396,1.0813809633255005
0.663,0.025907833129167557,-0.311474472284317,0.007998564280569553,1.940087914466858,0.8285990953445435,-0.04531361907720566,-0.19574570655822754,-0.016631176695227623,-0.9805136322975159,0.20000000298023224,0.0,0.0,0.0,-0.043683506548404694,-0.03703317418694496,-0.7526346445083618,0.561283528804779,0.2157464176416397,0.2183724045753479,-0.41365090012550354,-0.7458294034004211,-0.7596877217292786,-0.797889232635498,2.2810399532318115,2.351418972015381,-2.549630641937256,-2.509763717651367,-4.176277160644531,0.9086169600486755,-0.0100021380931139,3.760518789291382,4.192873001098633,4.506143093109131,-7.558696746826172,-10.859956741333008,-20.734399795532227,-30.11591911315918,0.7992001175880432,13.255218505859375,9.5056734085083,5.172275543212891,-0.493105947971344,-0.5643640756607056,-1.1017998456954956,1.3435968160629272,-0.22116310894489288,0.2587707042694092,1.3502103090286255,-0.7412768006324768,1.205318808555603,0.9383567571640015,1.16377592086792,1.0202027559280396,-1.6115727424621582,-1.3150604963302612,5.439000129699707,0.28100019693374634,0.18392054736614227,-1.5710196495056152,0.6518624424934387,-0.5303279161453247,-0.9472299218177795,0.6889210343360901,0.19332823157310486,1.3450422286987305,1.3364557027816772,0.9711781740188599,1.7106962203979492,-1.7524266242980957,-1.5594998598098755,0.10239989310503006,0.05843745172023773,-0.7632229328155518,0.3600371778011322,0.16053882241249084,-0.007193036377429962,-0.3284151554107666,-0.644697368144989,-0.605451226234436,-0.622672975063324,2.1703927516937256,2.4957468509674072,-2.5897414684295654,-2.4891395568847656,-0.043683506548404694,-0.03703317418694496,-0.7526346445083618,0.561283528804779,0.2157464176416397,0.2183724045753479,-0.41365090012550354,-0.7458294034004211,-0.7596877217292786,-0.797889232635498,2.2810399532318115,2.351418972015381,-2.549630641937256,-2.509763717651367,-4.176277160644531,0.9086169600486755,-0.0100021380931139,3.760518789291382,4.192873001098633,4.506143093109131,-7.558696746826172,-10.859956741333008,-20.734399795532227,-30.11591911315918,0.7992001175880432,13.255218505859375,9.5056734085083,5.172275543212891
0.683,0.045179583132267,-0.27635031938552856,0.10178039222955704,-0.429497629404068,-0.45767995715141296,-1.381367564201355,-0.18983572721481323,-0.05208882689476013,-0.9804331660270691,0.20000000298023224,0.0,0.0,0.0,-0.0881262719631195,-0.08952737599611282,-0.718100905418396,0.563193678855896,0.17218907177448273,0.25856372714042664,-0.3606213927268982,-0.8000093698501587,-0.6918489933013916,-0.7607641220092773,2.2458481788635254,2.387056350708008,-2.6929845809936523,-2.607781410217285,-1.6410354375839233,-1.242486596107483,-1.9418877363204956,-5.138228893280029,-10.4059419631958,-5.224823474884033,4.981760025024414,3.947310209274292,20.519290924072266,24.53357696533203,-5.680264472961426,7.978777885437012,-11.460768699645996,-32.46834182739258,0.28100019693374634,0.18392054736614227,-1.5710196495056152,0.6518624424934387,-0.5303279161453247,-0.9472299218177795,0.6889210343360901,0.19332823157310486,1.3450422286987305,1.3364557027816772,0.9711781740188599,1.7106962203979492,-1.7524266242980957,-1.5594998598098755,5.419000148773193,-0.5698143243789673,-0.1688397377729416,-1.6167280673980713,1.0009981393814087,0.08036373555660248,-0.18704694509506226,-0.23576092720031738,0.034864746034145355,1.216369867324829,1.0743787288665771,1.2633639574050903,0.2415875941514969,-1.5418154001235962,-1.261496901512146,-0.24617645144462585,-0.07013413310050964,-0.8038499355316162,0.4864528477191925,0.4213975667953491,0.28428956866264343,-0.7672238945960999,-0.6770705580711365,-0.6576187014579773,-0.7232368588447571,2.2939531803131104,1.8666890859603882,-2.5025007724761963,-2.366297483444214,-0.0881262719631195,-0.08952737599611282,-0.718100905418396,0.563193678855896,0.17218907177448273,0.25856372714042664,-0.3606213927268982,-0.8000093698501587,-0.6918489933013916,-0.7607641220092773,2.2458481788635254,2.387056350708008,-2.6929845809936523,-2.607781410217285,-1.6410354375839233,-1.242486596107483,-1.9418877363204956,-5.138228893280029,-10.4059419631958,-5.224823474884033,4.981760025024414,3.947310209274292,20.519290924072266,24.53357696533203,-5.680264472961426,7.978777885437012,-11.460768699645996,-32.46834182739258
0.703,0.0380125418305397,-0.17551235854625702,0.010973834432661533,-0.35850608348846436,0.12616883218288422,-0.2865731120109558,-0.1979733556509018,-0.048910677433013916,-0.978986382484436,0.20000000298023224,0.0,0.0,0.0,-0.034188300371170044,-0.0748237669467926,-0.7326132655143738,0.4799654185771942,0.13576270639896393,0.2541786730289459,-0.3597470819950104,-0.7522740364074707,-0.7347069978713989,-0.7977806925773621,2.2342801094055176,2.379594087600708,-2.524393081665039,-2.444768190383911,-1.4917211532592773,-3.5147690773010254,-4.533555030822754,-1.5384489297866821,6.833846569061279,8.514993667602539,-9.123077392578125,0.052598219364881516,-24.723234176635742,-27.091270446777344,10.608473777770996,-2.0570943355560303,17.945838928222656,2.849085807800293,-0.5698143243789673,-0.1688397377729416,-1.6167280673980713,1.0009981393814087,0.08036373555660248,-0.18704694509506226,-0.23576092720031738,0.034864746034145355,1.216369867324829,1.0743787288665771,1.2633639574050903,0.2415875941514969,-1.5418154001235962,-1.261496901512146,5.39900016784668,0.14985914528369904,0.3774673044681549,-1.4756567478179932,0.7932433485984802,-0.6170303821563721,-0.717782735824585,0.5572497248649597,-0.17289286851882935,1.2074952125549316,1.0627946853637695,1.0123190879821777,1.4478895664215088,-1.3606857061386108,-1.3493759632110596,0.04281896725296974,0.1628468781709671,-0.7444304823875427,0.4056047797203064,0.1336560845375061,0.07460672408342361,-0.4542499780654907,-0.7737987637519836,-0.666828989982605,-0.7385060787200928,2.1933388710021973,2.346619129180908,-2.41226863861084,-2.3935587406158447,-0.034188300371170044,-0.0748237669467926,-0.7326132655143738,0.4799654185771942,0.13576270639896393,0.2541786730289459,-0.3597470819950104,-0.7522740364074707,-0.7347069978713989,-0.7977806925773621,2.2342801094055176,2.379594087600708,-2.524393081665039,-2.444768190383911,-1.4917211532592773,-3.5147690773010254,-4.533555030822754,-1.5384489297866821,6.833846569061279,8.514993667602539,-9.123077392578125,0.052598219364881516,-24.723234176635742,-27.091270446777344,10.608473777770996,-2.0570943355560303,17.945838928222656,2.849085807800293
0.724,0.02025984786450863,-0.32509708404541016,0.10449152439832687,-1.922706961631775,0.628558874130249,-1.9712897539138794,-0.18578015267848969,-0.02546679601073265,-0.9822612404823303,0.20000000298023224,0.0,0.0,0.0,-0.060028076171875,-0.08485908806324005,-0.7305684089660645,0.47307977080345154,0.17110107839107513,0.25256025791168213,-0.4906899034976959,-0.7056846618652344,-0.6928056478500366,-0.7526863217353821,2.2890827655792236,2.2957053184509277,-2.5257301330566406,-2.5467264652252197,3.302744150161743,4.903033256530762,8.411543846130371,1.7014050483703613,-2.7467894554138184,-6.344688892364502,-1.5253440141677856,-4.985220909118652,13.766667366027832,11.586372375488281,-15.271639823913574,7.503627777099609,28.050045013427734,-6.354875087738037,0.14985914528369904,0.3774673044681549,-1.4756567478179932,0.7932433485984802,-0.6170303821563721,-0.717782735824585,0.5572497248649597,-0.17289286851882935,1.2074952125549316,1.0627946853637695,1.0123190879821777,1.4478895664215088,-1.3606857061386108,-1.3493759632110596,5.379000186920166,-0.947037398815155,-0.46382367610931396,-1.2298113107681274,1.0844186544418335,-0.2688944339752197,0.14850109815597534,0.4286186099052429,-0.06114073097705841,1.1973795890808105,1.073382019996643,1.313646912574768,0.6010401844978333,-1.6745643615722656,-1.1663135290145874,-0.4218849241733551,-0.19243596494197845,-0.6278581023216248,0.5285488367080688,0.2615430951118469,0.4434661567211151,-0.4808366000652313,-0.7331832051277161,-0.6723020672798157,-0.7352687120437622,2.3188750743865967,2.0135297775268555,-2.5444908142089844,-2.3139069080352783,-0.060028076171875,-0.08485908806324005,-0.7305684089660645,0.47307977080345154,0.17110107839107513,0.25256025791168213,-0.4906899034976959,-0.7056846618652344,-0.6928056478500366,-0.7526863217353821,2.2890827655792236,2.2957053184509277,-2.5257301330566406,-2.5467264652252197,3.302744150161743,4.903033256530762,8.411543846130371,1.7014050483703613,-2.7467894554138184,-6.344688892364502,-1.5253440141677856,-4.985220909118652,13.766667366027832,11.586372375488281,-15.271639823913574,7.503627777099609,28.050045013427734,-6.354875087738037
0.744,0.1307820975780487,-0.2527155876159668,-0.002625826746225357,-0.5829281806945801,0.35737213492393494,0.2991314232349396,-0.17663560807704926,0.009647378697991371,-0.9842290282249451,0.20000000298023224,0.0,0.0,0.0,0.0038775408174842596,0.010108544491231441,-0.7159291505813599,0.4388718903064728,0.17693068087100983,0.19775556027889252,-0.4736038148403168,-0.7614075541496277,-0.680759847164154,-0.7489829063415527,2.237175703048706,2.319828510284424,-2.5119693279266357,-2.4854166507720947,3.0604758262634277,3.245034694671631,0.8665574789047241,-1.2579224109649658,1.5390297174453735,-0.6050209403038025,-0.49804314970970154,0.09044262021780014,-3.5035581588745117,-0.93379145860672,-1.8389917612075806,3.142216205596924,9.532867431640625,-11.4081392288208,-0.947037398815155,-0.46382367610931396,-1.2298113107681274,1.0844186544418335,-0.2688944339752197,0.14850109815597534,0.4286186099052429,-0.06114073097705841,1.1973795890808105,1.073382019996643,1.313646912574768,0.6010401844978333,-1.6745643615722656,-1.1663135290145874,5.359000205993652,0.15299606323242188,-0.0832851231098175,-0.711348831653595,0.9555034637451172,-0.22540847957134247,-0.14251020550727844,1.0202654600143433,-0.5906473398208618,1.3059017658233643,1.036195993423462,1.2507966756820679,1.04392671585083,-1.3640002012252808,-0.998801589012146,0.026659738272428513,-0.05672190338373184,-0.38289275765419006,0.4828314483165741,0.2939004898071289,0.3493970036506653,-0.217254176735878,-0.967399537563324,-0.6240144371986389,-0.7516786456108093,2.3031458854675293,2.1795198917388916,-2.417959213256836,-2.2305612564086914,0.021091774106025696,-0.011037754826247692,-0.6744352579116821,0.4407980144023895,0.1954793930053711,0.23846018314361572,-0.5065004825592041,-0.7295637130737305,-0.717708945274353,-0.7532159090042114,2.278202772140503,2.2464895248413086,-2.521674633026123,-2.4344658851623535,-0.9665799736976624,-6.616584300994873,1.2219631671905518,-1.5593239068984985,-1.9162590503692627,3.1089789867401123,-0.9092026352882385,0.18997855484485626,3.2320191860198975,4.496838569641113,1.5978577136993408,-2.9270427227020264,-5.821040153503418,2.731834650039673
0.765,0.06336557865142822,-0.2965998947620392,-0.0729510709643364,-2.036391258239746,-0.4341637194156647,-0.7069687247276306,-0.17816489934921265,0.009062256664037704,-0.983958899974823,0.20000000298023224,0.0,0.0,0.0,0.01371273584663868,-0.051253996789455414,-0.6499499082565308,0.43685486912727356,0.18401606380939484,0.26560458540916443,-0.49333593249320984,-0.7514646649360657,-0.6954407691955566,-0.7565065026283264,2.263291597366333,2.266850233078003,-2.5340332984924316,-2.426011800765991,1.7077032327651978,-0.3720141351222992,8.995348930358887,0.4401620924472809,-2.426238536834717,0.7259705662727356,3.22723650932312,-11.410443305969238,6.095001220703125,0.15956713259220123,-9.278724670410156,7.957805633544922,29.56065559387207,12.805017471313477,0.15299606323242188,-0.0832851231098175,-0.711348831653595,0.9555034637451172,-0.22540847957134247,-0.14251020550727844,1.0202654600143433,-0.5906473398208618,1.3059017658233643,1.036195993423462,1.2507966756820679,1.04392671585083,-1.3640002012252808,-0.998801589012146,5.339000225067139,-0.12786604464054108,0.18635837733745575,-0.9480565786361694,0.7388215661048889,-0.059491075575351715,-0.07091985642910004,0.36383986473083496,0.0642429068684578,1.3145865201950073,1.0084036588668823,0.9529781341552734,1.0297784805297852,-1.441619873046875,-0.7243873476982117,-0.0548737458884716,0.07818907499313354,-0.4649147391319275,0.3807528614997864,0.3717990219593048,0.3722057640552521,-0.4862874448299408,-0.69612056016922,-0.6152775287628174,-0.7658262252807617,2.1675548553466797,2.1897523403167725,-2.440234899520874,-2.098740339279175,0.044445425271987915,-0.03413299471139908,-0.5977950692176819,0.43552324175834656,0.18957094848155975,0.27912724018096924,-0.4290125370025635,-0.8269146084785461,-0.6911045908927917,-0.7562796473503113,2.2426793575286865,2.28035569190979,-2.55222225189209,-2.3739025592803955,2.8411715030670166,1.3782551288604736,2.6699583530426025,1.0382578372955322,0.34713873267173767,1.32450270652771,1.1792974472045898,-4.511456489562988,0.6917888522148132,-0.6305451989173889,1.1207449436187744,-0.11206336319446564,0.3639526665210724,8.636635780334473
0.784,0.2303232103586197,-0.1721138060092926,0.09441064298152924,0.7168223857879639,0.2462121844291687,-0.9525414705276489,-0.1814437061548233,0.02610187791287899,-0.9830548763275146,0.20000000298023224,0.0,0.0,0.0,0.06596267223358154,-0.01667805388569832,-0.5840452313423157,0.4489317238330841,0.1939970850944519,0.2891221344470978,-0.41740143299102783,-0.8513140082359314,-0.6881663799285889,-0.7532830834388733,2.25321888923645,2.287827968597412,-2.5609753131866455,-2.35196852684021,2.653359889984131,4.827868461608887,1.6489671468734741,0.8749908804893494,0.8151861429214478,1.8610682487487793,1.710655927658081,-1.8673511743545532,-0.010310065932571888,-0.46159783005714417,1.0157850980758667,-2.476958990097046,-1.5662494897842407,4.853435516357422,-0.12786604464054108,0.18635837733745575,-0.9480565786361694,0.7388215661048889,-0.059491075575351715,-0.07091985642910004,0.36383986473083496,0.0642429068684578,1.3145865201950073,1.0084036588668823,0.9529781341552734,1.0297784805297852,-1.441619873046875,-0.7243873476982117,5.318999767303467,-0.4019104838371277,0.1846407949924469,-1.0102280378341675,1.2361102104187012,-0.34534022212028503,-0.5413674116134644,1.0976146459579468,-0.3795585334300995,1.0414835214614868,1.3244667053222656,1.1727256774902344,1.5652384757995605,-1.7073498964309692,-1.213659644126892,-0.1863470822572708,0.0909072607755661,-0.5010941028594971,0.5943248271942139,0.25095680356025696,0.16278524696826935,-0.1829921305179596,-0.8687033653259277,-0.7373001575469971,-0.6250125765800476,2.2528820037841797,2.431732416152954,-2.5620408058166504,-2.3057308197021484,0.05884186178445816,0.005219652783125639,-0.586820662021637,0.4381253123283386,0.22181493043899536,0.3158326745033264,-0.41341081261634827,-0.8606938719749451,-0.696118950843811,-0.7610885500907898,2.2335026264190674,2.276714563369751,-2.537726879119873,-2.3198955059051514,0.1652095913887024,2.046034097671509,0.26413923501968384,-0.6214854121208191,0.2482418715953827,0.5559516549110413,-1.1410484313964844,1.5665920972824097,0.8858096599578857,5.094099044799805,-0.953251302242279,-2.7060368061065674,3.157137393951416,-0.17314888536930084
0.807,0.09678047895431519,-0.14796656370162964,0.22523066401481628,-0.5406947135925293,-0.6363571882247925,0.027751781046390533,-0.18414001166820526,0.026430631056427956,-0.9825446009635925,0.20000000298023224,0.0,0.0,0.0,0.0543079599738121,0.015297261998057365,-0.5985193848609924,0.46898001432418823,0.2281840592622757,0.3058754503726959,-0.4071362018585205,-0.8713805079460144,-0.74791020154953,-0.734843373298645,2.2539350986480713,2.3311922550201416,-2.6229166984558105,-2.430344820022583,-2.6552038192749023,1.0529587268829346,-4.782684326171875,13.065232276916504,2.3337085247039795,-7.912052154541016,3.680288791656494,-8.451519966125488,-22.134822845458984,15.32275676727295,9.36417007446289,24.542564392089844,-27.698183059692383,-28.607139587402344,-0.4019104838371277,0.1846407949924469,-1.0102280378341675,1.2361102104187012,-0.34534022212028503,-0.5413674116134644,1.0976146459579468,-0.3795585334300995,1.0414835214614868,1.3244667053222656,1.1727256774902344,1.5652384757995605,-1.7073498964309692,-1.213659644126892,5.296999931335449,-0.006477952003479004,-0.08322343975305557,-2.1170814037323,0.6852338910102844,-0.2072567194700241,-0.007336162030696869,0.2052287757396698,0.2615199387073517,1.2485653162002563,1.0715302228927612,0.7177010178565979,0.447971910238266,-1.2932569980621338,-0.8724748492240906,-0.021549787372350693,-0.028359822928905487,-1.0027960538864136,0.3677877187728882,0.3010101318359375,0.38215726613998413,-0.5542362332344055,-0.5974763035774231,-0.6563155651092529,-0.72475266456604,2.0566537380218506,1.9531605243682861,-2.3878796100616455,-2.17289662361145,0.0032921696547418833,0.031181776896119118,-0.5952306985855103,0.5267066955566406,0.19931429624557495,0.27654677629470825,-0.3528311550617218,-0.895185649394989,-0.7370657324790955,-0.7114545702934265,2.2610909938812256,2.364720344543457,-2.611201286315918,-2.4037067890167236,-4.713685989379883,2.0222716331481934,0.5393252372741699,1.7476261854171753,1.502436637878418,-2.856531858444214,9.144821166992188,2.277249574661255,-8.84505558013916,5.152426719665527,-0.36446502804756165,-1.9236810207366943,-22.38196563720703,-2.2355308532714844
0.825,0.24828583002090454,0.0212389063090086,0.09892021119594574,1.8695940971374512,-0.15454545617103577,-0.9264494180679321,-0.19511450827121735,0.019449247047305107,-0.9805876016616821,0.20000000298023224,0.0,0.0,0.0,-0.03886964172124863,0.04331352561712265,-0.5797961354255676,0.5490524768829346,0.19651705026626587,0.25535446405410767,-0.3144300580024719,-0.8937891125679016,-0.7463169097900391,-0.6801571249961853,2.247912645339966,2.370004415512085,-2.5513532161712646,-2.3807857036590576,-5.3057122230529785,1.5115989446640015,1.6769083738327026,4.833951950073242,-2.1971826553344727,-1.0509438514709473,5.099593162536621,1.2574760913848877,7.05798864364624,-1.991285800933838,0.1457277238368988,7.262520790100098,-2.1890904903411865,-19.215192794799805,-0.006477952003479004,-0.08322343975305557,-2.1170814037323,0.6852338910102844,-0.2072567194700241,-0.007336162030696869,0.2052287757396698,0.2615199387073517,1.2485653162002563,1.0715302228927612,0.7177010178565979,0.447971910238266,-1.2932569980621338,-0.8724748492240906,5.2789998054504395,-0.007327750325202942,0.19941753149032593,-1.131040096282959,1.1663693189620972,0.010680854320526123,-0.5394822359085083,0.5043855309486389,-0.1933627426624298,1.093022346496582,1.2629964351654053,1.118113398551941,1.053705096244812,-1.5103780031204224,-1.1308077573776245,-0.005452466197311878,0.08690190315246582,-0.6092476844787598,0.5616449117660522,0.4040873646736145,0.16462871432304382,-0.4567400813102722,-0.7750508189201355,-0.7182115316390991,-0.6485668420791626,2.2172162532806396,2.1778831481933594,-2.468167781829834,-2.2758631706237793,-0.054927460849285126,-0.00015969210653565824,-0.6215362548828125,0.4872724413871765,0.1726359724998474,0.2717716097831726,-0.31622251868247986,-0.8130653500556946,-0.7292945981025696,-0.73832768201828,2.2165393829345703,2.267646551132202,-2.4892756938934326,-2.3749141693115234,-0.338901162147522,-4.063808441162109,-5.319469451904297,-3.936939239501953,-0.35745444893836975,-4.962071418762207,-6.539673328399658,3.3050384521484375,-3.6376895904541016,19.20905303955078,-3.8031091690063477,-4.8020172119140625,34.06568145751953,-1.0157272815704346
0.843,0.253150999546051,-0.07489853352308273,0.016007117927074432,-0.60074383020401,0.09941145032644272,-0.8982548117637634,-0.19389458000659943,0.022856714203953743,-0.9807560443878174,0.20000000298023224,0.0,0.0,0.0,-0.031143853440880775,0.004988343454897404,-0.632166862487793,0.5136409401893616,0.19040942192077637,0.25531843304634094,-0.32887783646583557,-0.8031865954399109,-0.782771646976471,-0.6805568933486938,2.2363200187683105,2.3094284534454346,-2.6065099239349365,-2.503086566925049,8.59117317199707,8.097360610961914,3.009871244430542,15.916833877563477,10.94538402557373,-9.647464752197266,1.104795217514038,-4.714692115783691,-31.977582931518555,30.59918785095215,6.631616115570068,20.726898193359375,-25.5377254486084,-29.55980110168457,-0.007327750325202942,0.19941753149032593,-1.131040096282959,1.1663693189620972,0.010680854320526123,-0.5394822359085083,0.5043855309486389,-0.1933627426624298,1.093022346496582,1.2629964351654053,1.118113398551941,1.053705096244812,-1.5103780031204224,-1.1308077573776245,5.258999824523926,-0.5957863330841064,-0.2491026073694229,-2.029003858566284,0.7020846009254456,-0.39844396710395813,-0.14599023759365082,0.6583701968193054,0.017203420400619507,1.0164395570755005,1.2114677429199219,0.7387198805809021,0.5108178853988647,-1.025817632675171,-0.49138596653938293,-0.26864907145500183,-0.10340597480535507,-0.9739764928817749,0.3721025586128235,0.23028895258903503,0.3199472427368164,-0.3776973783969879,-0.6980534791946411,-0.7588633298873901,-0.6641362309455872,2.0625452995300293,1.9560562372207642,-2.2581448554992676,-1.9984198808670044,-0.031143853440880775,0.004988343454897404,-0.632166862487793,0.5136409401893616,0.19040942192077637,0.25531843304634094,-0.32887783646583557,-0.8031865954399109,-0.782771646976471,-0.6805568933486938,2.2363200187683105,2.3094284534454346,-2.6065099239349365,-2.503086566925049,8.59117317199707,8.097360610961914,3.009871244430542,15.916833877563477,10.94538402557373,-9.647464752197266,1.104795217514038,-4.714692115783691,-31.977582931518555,30.59918785095215,6.631616115570068,20.726898193359375,-25.5377254486084,-29.55980110168457
0.864,0.3364463448524475,0.20953711867332458,0.12823735177516937,4.074981689453125,0.7531880736351013,-1.5227619409561157,-0.18751268088817596,-0.04233171418309212,-0.9813495874404907,0.20000000298023224,0.0,0.0,0.0,-0.017850976437330246,0.031233852729201317,-0.6135281324386597,0.5181128978729248,0.26545464992523193,0.22431780397891998,-0.3590378761291504,-0.7900127172470093,-0.8039179444313049,-0.6822361946105957,2.2114369869232178,2.243722438812256,-2.4911062717437744,-2.424703598022461,-11.19359302520752,-9.593460083007812,-3.4963786602020264,-10.448362350463867,5.435586929321289,3.2274293899536133,1.9151408672332764,7.372276782989502,-7.031136989593506,-16.666210174560547,-11.419781684875488,-1.4400092363357544,2.2160885334014893,-19.274309158325195,-0.5957863330841064,-0.2491026073694229,-2.029003858566284,0.7020846009254456,-0.39844396710395813,-0.14599023759365082,0.6583701968193054,0.017203420400619507,1.0164395570755005,1.2114677429199219,0.7387198805809021,0.5108178853988647,-1.025817632675171,-0.49138596653938293,5.238999843597412,0.24087418615818024,0.5580314993858337,-1.1383581161499023,1.2274008989334106,-0.2674800753593445,-0.5284534096717834,0.24176254868507385,-0.5169392228126526,1.1525027751922607,0.9591302275657654,1.2912218570709229,1.4133124351501465,-1.2188161611557007,-1.1743131875991821,0.08152846992015839,0.24077355861663818,-0.6096587777137756,0.5895406007766724,0.2718428373336792,0.16337069869041443,-0.5572665333747864,-0.9307178854942322,-0.7017000317573547,-0.7792450189590454,2.2957043647766113,2.339995861053467,-2.3239917755126953,-2.2779927253723145,-0.11837172508239746,-0.045935340225696564,-0.6832547783851624,0.4359525740146637,0.2630690038204193,0.23922258615493774,-0.3520997166633606,-0.7671197652816772,-0.774748682975769,-0.6936819553375244,2.1475589275360107,2.212068796157837,-2.4425294399261475,-2.4326272010803223,-4.39584493637085,-1.4827872514724731,-4.9823317527771,-3.988043785095215,2.3328189849853516,2.3406169414520264,-0.5849205851554871,-0.10554942488670349,-9.596904754638672,-5.725869178771973,-1.7209783792495728,-1.7686530351638794,3.447946071624756,1.365264892578125
0.886,0.2080880105495453,-0.020498711615800858,0.08148708939552307,-3.5529487133026123,1.0032744407653809,-1.7476778030395508,-0.16937293112277985,-0.01492390688508749,-0.9854390025138855,0.20000000298023224,0.0,0.0,0.0,-0.11552464962005615,-0.02328556589782238,-0.7014065384864807,0.4649052023887634,0.24455788731575012,0.2582354247570038,-0.37723302841186523,-0.787426769733429,-0.6999056339263916,-0.7928599715232849,2.1795527935028076,2.262209892272949,-2.5063881874084473,-2.5286214351654053,8.78476619720459,10.881272315979004,3.4645228385925293,18.2228946685791,-6.266391277313232,2.8338046073913574,-8.449898719787598,-8.390685081481934,27.988880157470703,-26.99530029296875,14.631196975708008,20.978307723999023,-25.78285026550293,-26.707246780395508,0.24087418615818024,0.5580314993858337,-1.1383581161499023,1.2274008989334106,-0.2674800753593445,-0.5284534096717834,0.24176254868507385,-0.5169392228126526,1.1525027751922607,0.9591302275657654,1.2912218570709229,1.4133124351501465,-1.2188161611557007,-1.1743131875991821,5.2179999351501465,-0.9766059517860413,-0.7910714745521545,-1.3748741149902344,1.5675084590911865,-0.31162965297698975,-0.7850406765937805,0.30464813113212585,0.5002663135528564,0.9641274213790894,1.2517070770263672,0.314323365688324,0.38136276602745056,-1.2761082649230957,-1.140005111694336,-0.43131983280181885,-0.331904798746109,-0.6796592473983765,0.7643328309059143,0.2561309337615967,0.03224876523017883,-0.5469249486923218,-0.49624189734458923,-0.7807526588439941,-0.6590963006019592,1.8794158697128296,1.9140127897262573,-2.3563578128814697,-2.2905113697052,-0.05434655770659447,0.06845242530107498,-0.6610674262046814,0.5492914915084839,0.2722332775592804,0.21116214990615845,-0.4586886763572693,-0.8490772247314453,-0.7524188160896301,-0.7697198987007141,2.2378342151641846,2.289652109146118,-2.4684252738952637,-2.4747002124786377,2.66082501411438,2.6319308280944824,0.18495158851146698,0.8725219368934631,-1.129210114479065,1.5048375129699707,-1.1295961141586304,-1.3062922954559326,3.2798407077789307,-13.220422744750977,2.812403440475464,-0.3020988702774048,-20.72555923461914,-5.104525089263916
0.904,0.2080880105495453,-0.020498711615800858,0.08148708939552307,1.7540875673294067,0.2098522037267685,-0.9207382202148438,-0.16108308732509613,-0.01838967762887478,-0.9867694973945618,0.20000000298023224,0.0,0.0,0.0,-0.04715116694569588,0.07226662337779999,-0.6571292281150818,0.5622658729553223,0.2675922214984894,0.20009303092956543,-0.48898667097091675,-0.8808607459068298,-0.737220048904419,-0.7774654030799866,2.2362220287323,2.306628465652466,-2.394378662109375,-2.4333767890930176,-2.3160810470581055,-3.6970577239990234,-0.8869644403457642,5.789117813110352,-0.22231297194957733,-3.6317014694213867,-2.980501413345337,-4.584248065948486,0.1084476113319397,9.277442932128906,0.9892608523368835,11.599902153015137,-0.712212324142456,-15.71275806427002,-0.9766059517860413,-0.7910714745521545,-1.3748741149902344,1.5675084590911865,-0.31162965297698975,-0.7850406765937805,0.30464813113212585,0.5002663135528564,0.9641274213790894,1.2517070770263672,0.314323365688324,0.38136276602745056,-1.2761082649230957,-1.140005111694336,5.198999881744385,-0.03117109090089798,-0.04099520295858383,-1.380401372909546,1.1214358806610107,-0.18833406269550323,-0.17048043012619019,0.6644924879074097,-0.13097259402275085,1.137994647026062,1.0055161714553833,1.2003334760665894,1.022770643234253,-1.4224798679351807,-1.2495595216751099,-0.057158976793289185,-0.051638320088386536,-0.6891465187072754,0.5810794234275818,0.31004276871681213,0.2956886887550354,-0.3839608430862427,-0.7368518114089966,-0.7104176878929138,-0.7578673362731934,2.2364914417266846,2.160048007965088,-2.425461530685425,-2.3410627841949463,-0.12860789895057678,0.028787894174456596,-0.671802818775177,0.5399156808853149,0.26043209433555603,0.14118820428848267,-0.47318172454833984,-0.8087956309318542,-0.7551052570343018,-0.7526959776878357,2.1405189037323,2.193315029144287,-2.392085552215576,-2.4258475303649902,-8.796573638916016,-5.623837471008301,-0.5442789793014526,1.7081809043884277,-3.6660823822021484,-3.2935941219329834,1.4139275550842285,9.796015739440918,9.202068328857422,-3.0125975608825684,-7.950390815734863,-4.768030643463135,-6.700778961181641,-24.094329833984375
0.924,0.26646044850349426,0.16819341480731964,0.3173086941242218,-0.8371390104293823,-0.9339713454246521,-1.3187867403030396,-0.16511490941047668,-0.04987668618559837,-0.9850123524665833,0.20000000298023224,0.0,0.0,0.0,-0.1989995539188385,-0.023418381810188293,-0.6760472655296326,0.5577670931816101,0.26159611344337463,0.09708413481712341,-0.47543513774871826,-0.7577822804450989,-0.799258291721344,-0.6949509382247925,2.0846750736236572,2.1313705444335938,-2.4018306732177734,-2.3803789615631104,-9.346319198608398,-7.862205505371094,0.9180504679679871,1.0225179195404053,-1.1694364547729492,-2.660097360610962,-3.5538482666015625,7.427799701690674,-1.0474519729614258,-2.114846706390381,-9.228614807128906,-5.502416610717773,28.608257293701172,-4.813361644744873,-0.03117109090089798,-0.04099520295858383,-1.380401372909546,1.1214358806610107,-0.18833406269550323,-0.17048043012619019,0.6644924879074097,-0.13097259402275085,1.137994647026062,1.0055161714553833,1.2003334760665894,1.022770643234253,-1.4224798679351807,-1.2495595216751099,5.178999900817871,0.18447691202163696,0.3211737275123596,-0.943058431148529,1.3078237771987915,-0.25886034965515137,0.05603289231657982,0.37402576208114624,-0.8093269467353821,1.3445124626159668,0.7569649815559387,1.0249122381210327,1.8231186866760254,-1.4854844808578491,-1.1997476816177368,0.07729870826005936,0.1393643468618393,-0.4932909309864044,0.6466286182403564,0.28369712829589844,0.42396366596221924,-0.49837443232536316,-1.0661722421646118,-0.6104511618614197,-0.8795924782752991,2.1932597160339355,2.5448081493377686,-2.460724115371704,-2.323702573776245,-0.21181434392929077,-0.027662063017487526,-0.7063126564025879,0.58542799949646,0.26763397455215454,0.1112125888466835,-0.4689483046531677,-0.7401489019393921,-0.7739986181259155,-0.7566702365875244,2.1029810905456543,2.172543525695801,-2.4099154472351074,-2.437511920928955,2.9074251651763916,2.0329205989837646,-1.2323640584945679,2.3839104175567627,1.5783042907714844,-3.10426664352417,-0.2768559753894806,2.5772366523742676,-3.135684013366699,15.973130226135254,2.580554246902466,2.2514567375183105,10.570408821105957,-12.970659255981445
0.945,0.2139509618282318,0.026789186522364616,-0.087836854159832,-3.4996821880340576,-1.279854416847229,-1.218351125717163,-0.18523195385932922,-0.008897557854652405,-0.9826545715332031,0.20000000298023224,0.0,0.0,0.0,-0.1867772787809372,-0.015853475779294968,-0.7153991460800171,0.5946937203407288,0.26439157128334045,0.13669051229953766,-0.45539018511772156,-0.7281688451766968,-0.7310121059417725,-0.79813152551651,2.1299209594726562,2.158850908279419,-2.44647479057312,-2.4035871028900146,2.9523701667785645,0.7080796360969543,-0.3142649829387665,-0.12876586616039276,0.9633722901344299,3.6315042972564697,0.831833004951477,-0.1421499401330948,-0.13192658126354218,-5.833186149597168,1.1716225147247314,-4.4415435791015625,10.26651668548584,19.399982452392578,0.18447691202163696,0.3211737275123596,-0.943058431148529,1.3078237771987915,-0.25886034965515137,0.05603289231657982,0.37402576208114624,-0.8093269467353821,1.3445124626159668,0.7569649815559387,1.0249122381210327,1.8231186866760254,-1.4854844808578491,-1.1997476816177368,5.1579999923706055,0.04058244824409485,0.07326822727918625,-0.9842846393585205,1.0082173347473145,-0.23634649813175201,-0.362545371055603,0.5699129700660706,-0.4840806722640991,1.239046573638916,0.8431496620178223,1.0424518585205078,1.337990641593933,-1.489457130432129,-1.1507869958877563,0.025991972535848618,0.04690713435411453,-0.49225717782974243,0.5183606743812561,0.29119381308555603,0.24843093752861023,-0.42166656255722046,-0.9527434706687927,-0.6479141712188721,-0.8529818654060364,2.196829319000244,2.364976406097412,-2.466038227081299,-2.2999343872070312,-0.12083891779184341,0.06296419352293015,-0.6486443877220154,0.6970333456993103,0.26482245326042175,0.20040689408779144,-0.4692270755767822,-0.8122478723526001,-0.6935982704162598,-0.842602014541626,2.1472859382629395,2.298896551132202,-2.4573421478271484,-2.371987819671631,2.4828410148620605,4.250131607055664,-0.3469977080821991,3.3302550315856934,2.1649723052978516,1.6952991485595703,-1.5225446224212646,-7.120567321777344,-3.8040175437927246,10.96785831451416,4.631073474884033,8.639816284179688,2.050326347351074,2.341989278793335
0.964,0.08781790733337402,-0.008163307793438435,-0.21785855293273926,1.4867738485336304,-0.825942873954773,-1.0214124917984009,-0.2022433876991272,0.0033703241497278214,-0.9793294668197632,0.20000000298023224,0.0,0.0,0.0,-0.0987815111875534,0.09142178297042847,-0.6524137258529663,0.685462474822998,0.269307404756546,0.2302687019109726,-0.469242125749588,-0.8280770778656006,-0.7091823816299438,-0.8419165015220642,2.179746627807617,2.295491933822632,-2.463395833969116,-2.3615825176239014,4.524957180023193,4.43484354019165,0.6229422092437744,-7.314345836639404,4.3491597175598145,-2.395962715148926,0.6750457882881165,4.150518894195557,-18.119871139526367,15.908215522766113,2.7206201553344727,-18.222919464111328,-0.4249860346317291,23.4674015045166,0.04058244824409485,0.07326822727918625,-0.9842846393585205,1.0082173347473145,-0.23634649813175201,-0.362545371055603,0.5699129700660706,-0.4840806722640991,1.239046573638916,0.8431496620178223,1.0424518585205078,1.337990641593933,-1.489457130432129,-1.1507869958877563,5.138999938964844,-0.9691830277442932,0.24449704587459564,-1.3695201873779297,0.701770007610321,-0.6504875421524048,-0.7854697704315186,0.5775207281112671,-0.2632579207420349,0.6372617483139038,1.737051248550415,1.02682626247406,0.9793886542320251,-0.9460700154304504,-0.9112110137939453,-0.4335331320762634,0.11471438407897949,-0.665509819984436,0.36763256788253784,0.10557998716831207,0.040561698377132416,-0.4105722904205322,-0.8420303463935852,-0.9224636554718018,-0.4480651021003723,2.190154552459717,2.185622453689575,-2.222045421600342,-2.1897482872009277,-0.11050909757614136,0.058331914246082306,-0.6853059530258179,0.5937288999557495,0.25944623351097107,0.24679720401763916,-0.42700448632240295,-0.8362557888031006,-0.6774768233299255,-0.8487377166748047,2.172863483428955,2.282775640487671,-2.4931833744049072,-2.348247766494751,2.0870978832244873,-0.7780057191848755,-1.4378488063812256,-3.0890378952026367,1.2273510694503784,-0.002245584037154913,0.38617733120918274,-6.118380069732666,-5.747535228729248,1.7774980068206787,2.5837903022766113,1.1952406167984009,-0.49972447752952576,21.18534278869629
0.983,0.07475166767835617,-0.041503459215164185,-0.3257487416267395,1.2901133298873901,0.741560697555542,-0.9503546953201294,-0.2030463069677353,0.0030424336437135935,-0.9791644215583801,0.20000000298023224,0.0,0.0,0.0,-0.09419367462396622,0.06400930881500244,-0.7021013498306274,0.569144606590271,0.2722914516925812,0.22290794551372528,-0.42287710309028625,-0.8518638610839844,-0.7693831920623779,-0.7390133142471313,2.1944472789764404,2.277369737625122,-2.494650363922119,-2.3165602684020996,-0.5529941320419312,2.1373016834259033,-4.843315124511719,-2.206023931503296,1.2371221780776978,-6.129415512084961,1.391815423965454,-0.49766263365745544,-19.748065948486328,26.632461547851562,1.1757686138153076,-3.8256924152374268,1.035348892211914,5.360362529754639,-0.9691830277442932,0.24449704587459564,-1.3695201873779297,0.701770007610321,-0.6504875421524048,-0.7854697704315186,0.5775207281112671,-0.2632579207420349,0.6372617483139038,1.737051248550415,1.02682626247406,0.9793886542320251,-0.9460700154304504,-0.9112110137939453,5.11899995803833,-0.6312764286994934,0.13022956252098083,-1.4269465208053589,1.0519044399261475,-0.4147186279296875,-0.710869550704956,0.7408298850059509,-0.5013986229896545,0.8396636247634888,1.7287479639053345,1.2715916633605957,1.1674531698226929,-1.282300353050232,-0.8370257019996643,-0.3274277150630951,0.07007473707199097,-0.7086768746376038,0.5101202726364136,0.19311460852622986,0.05334487184882164,-0.33597373962402344,-0.9381223917007446,-0.8588377237319946,-0.4113099277019501,2.299631357192993,2.2523159980773926,-2.348949670791626,-2.145346164703369,-0.09419367462396622,0.06400930881500244,-0.7021013498306274,0.569144606590271,0.2722914516925812,0.22290794551372528,-0.42287710309028625,-0.8518638610839844,-0.7693831920623779,-0.7390133142471313,2.1944472789764404,2.277369737625122,-2.494650363922119,-2.3165602684020996,-0.5529941320419312,2.1373016834259033,-4.843315124511719,-2.206023931503296,1.2371221780776978,-6.129415512084961,1.391815423965454,-0.49766263365745544,-19.748065948486328,26.632461547851562,1.1757686138153076,-3.8256924152374268,1.035348892211914,5.360362529754639
1.005,0.14002925157546997,0.14249734580516815,-0.07681306451559067,-1.7869924306869507,0.17607128620147705,-1.0404282808303833,-0.19644804298877716,-0.0015355685027316213,-0.9805130362510681,0.20000000298023224,0.0,0.0,0.0,-0.18999527394771576,0.06994778662919998,-0.7489226460456848,0.5417345762252808,0.19134116172790527,0.1309942901134491,-0.4496922791004181,-0.898502767086029,-0.7740041017532349,-0.5697194337844849,2.210365056991577,2.311647891998291,-2.526928663253784,-2.282564640045166,-1.4819908142089844,1.0784040689468384,-6.982196807861328,4.638906002044678,-5.514064788818359,-4.9703521728515625,3.555555820465088,-13.734393119812012,22.350688934326172,15.50153923034668,9.555512428283691,15.063565254211426,-29.115602493286133,19.250747680664062,-0.6312764286994934,0.13022956252098083,-1.4269465208053589,1.0519044399261475,-0.4147186279296875,-0.710869550704956,0.7408298850059509,-0.5013986229896545,0.8396636247634888,1.7287479639053345,1.2715916633605957,1.1674531698226929,-1.282300353050232,-0.8370257019996643,5.0980000495910645,-0.07756832242012024,-0.09294885396957397,-1.4221147298812866,1.3341985940933228,-0.08133754879236221,-0.17876140773296356,0.3648553788661957,0.4787417948246002,1.1084272861480713,0.9715614318847656,0.9591346979141235,0.9319702386856079,-1.9679476022720337,-0.7011796832084656,-0.0676485151052475,-0.03481950983405113,-0.7108192443847656,0.6514014005661011,0.35188955068588257,0.29407185316085815,-0.497702419757843,-0.5066683888435364,-0.7315315008163452,-0.7483683824539185,2.169973850250244,2.1530182361602783,-2.6701812744140625,-2.079775333404541,-0.20708994567394257,0.09280379861593246,-0.7619401216506958,0.5427646636962891,0.20642784237861633,0.12256835401058197,-0.415926069021225,-0.9267758131027222,-0.8174967169761658,-0.5522521138191223,2.2381768226623535,2.3284659385681152,-2.487715721130371,-2.2596595287323,-1.1296392679214478,2.551501750946045,-0.08419054001569748,1.2878230810165405,-2.6303539276123047,-3.01846981048584,5.575416088104248,0.10300793498754501,10.149072647094727,5.695453643798828,3.906235933303833,-0.6076651811599731,-23.80329132080078,1.2864031791687012
1.025,0.22619900107383728,0.11257795989513397,-0.17254403233528137,-2.982839345932007,0.514008641242981,-0.2769978642463684,-0.19215995073318481,0.047064874321222305,-0.9802343845367432,0.20000000298023224,0.0,0.0,0.0,-0.22518888115882874,0.10923531651496887,-0.7504972815513611,0.5501479506492615,0.20415638387203217,0.1061982735991478,-0.39913925528526306,-0.9275913238525391,-0.8173139095306396,-0.5206542015075684,2.244948387145996,2.32574462890625,-2.4165122509002686,-2.2507147789001465,-2.7522709369659424,1.9742984771728516,1.0407264232635498,0.7832349538803101,2.4498379230499268,-0.9430828094482422,2.681384801864624,-0.24453024566173553,-10.55632495880127,2.0440738201141357,1.494342565536499,-0.22453004121780396,0.4454296827316284,1.5347970724105835,-0.07756832242012024,-0.09294885396957397,-1.4221147298812866,1.3341985940933228,-0.08133754879236221,-0.17876140773296356,0.3648553788661957,0.4787417948246002,1.1084272861480713,0.9715614318847656,0.9591346979141235,0.9319702386856079,-1.9679476022720337,-0.7011796832084656,5.078999996185303,0.5031408071517944,-0.2332809716463089,-0.9538478851318359,1.2719961404800415,-0.41656604409217834,-0.19580797851085663,1.2343697547912598,-0.7205412983894348,1.4001538753509521,0.7166842222213745,1.3654611110687256,1.548317551612854,-1.8043596744537354,-1.0685573816299438,0.21964851021766663,-0.10845839232206345,-0.5003134608268738,0.6375383734703064,0.21691423654556274,0.31047356128692627,-0.12259382754564285,-1.0032002925872803,-0.587523877620697,-0.8967689275741577,2.3398547172546387,2.4204447269439697,-2.628689765930176,-2.2385382652282715,-0.19764436781406403,0.110845647752285,-0.6986478567123413,0.5724435448646545,0.22725529968738556,0.14955556392669678,-0.3920416533946991,-0.8729457855224609,-0.8249186873435974,-0.6011160016059875,2.23238205909729,2.2604217529296875,-2.5025041103363037,-2.259679079055786,2.0821430683135986,-2.4150612354278564,0.06813546270132065,0.9418283104896545,2.0519585609436035,0.013384111225605011,0.4070286750793457,4.476741790771484,-2.696624755859375,9.074731826782227,2.636871099472046,-4.251646995544434,-21.97055435180664,-2.1788504123687744
1.045,-0.009224100038409233,0.07508372515439987,0.009951208718121052,-2.4158568382263184,-1.260231375694275,-0.42768654227256775,-0.20290906727313995,0.061488062143325806,-0.9772651195526123,0.20000000298023224,0.0,0.0,0.0,-0.1959790289402008,0.0646900162100792,-0.6946683526039124,0.5921499729156494,0.20840227603912354,0.20476391911506653,-0.41533902287483215,-0.8598297834396362,-0.7778593301773071,-0.7334752678871155,2.250152349472046,2.3001294136047363,-2.5109663009643555,-2.3815019130706787,-2.3258726596832275,-10.825778007507324,0.5531587600708008,5.850289344787598,-8.990413665771484,9.663956642150879,-7.0369062423706055,-5.024591445922852,18.441585540771484,-26.008649826049805,5.589513778686523,20.587800979614258,11.254472732543945,-28.767744064331055,0.5031408071517944,-0.2332809716463089,-0.9538478851318359,1.2719961404800415,-0.41656604409217834,-0.19580797851085663,1.2343697547912598,-0.7205412983894348,1.4001538753509521,0.7166842222213745,1.3654611110687256,1.548317551612854,-1.8043596744537354,-1.0685573816299438,5.059000015258789,0.027597108855843544,0.5255119204521179,-1.2097761631011963,1.0379364490509033,-0.14328525960445404,-0.3520295023918152,-0.12380202859640121,0.21966779232025146,1.531630516052246,0.460895836353302,0.6415252685546875,0.8327398896217346,-0.9203900694847107,-1.422725796699524,0.03438355028629303,0.22563451528549194,-0.5944306254386902,0.5308251976966858,0.3263930380344391,0.24181407690048218,-0.6962602734565735,-0.6297594904899597,-0.5139586925506592,-1.0267137289047241,2.031071901321411,2.1251773834228516,-2.2267544269561768,-2.413790225982666,-0.1469011753797531,0.003621896496042609,-0.6483727097511292,0.6255653500556946,0.19394196569919586,0.23864701390266418,-0.3860366940498352,-0.8941275477409363,-0.739176332950592,-0.7529557347297668,2.262291193008423,2.349195718765259,-2.5441060066223145,-2.3453335762023926,6.462576866149902,-2.6357691287994385,6.730079650878906,2.172753095626831,-1.5886187553405762,6.996978282928467,4.111200332641602,-0.21360118687152863,6.38985013961792,-19.338529586791992,-2.0683677196502686,-0.4142310619354248,11.845781326293945,0.3554932475090027
1.065,0.23693817853927612,0.0012815451482310891,0.01821240969002247,-1.11062753200531,-0.3186774253845215,-1.4031860828399658,-0.223984032869339,0.09030319005250931,-0.9704001545906067,0.20000000298023224,0.0,0.0,0.0,-0.09304934740066528,-0.01968695968389511,-0.6457213163375854,0.6395735144615173,0.18743877112865448,0.25311481952667236,-0.35101690888404846,-0.9111030697822571,-0.7043647766113281,-0.769701361656189,2.275890827178955,2.3601343631744385,-2.574026584625244,-2.323453426361084,7.6668901443481445,-2.6396074295043945,-0.1658582091331482,3.458685874938965,0.23795418441295624,-0.6021865606307983,4.654996395111084,-0.9052214622497559,1.2018150091171265,5.990420818328857,1.9221161603927612,7.539315223693848,-4.223829746246338,-21.360912322998047,0.027597108855843544,0.5255119204521179,-1.2097761631011963,1.0379364490509033,-0.14328525960445404,-0.3520295023918152,-0.12380202859640121,0.21966779232025146,1.531630516052246,0.460895836353302,0.6415252685546875,0.8327398896217346,-0.9203900694847107,-1.422725796699524,5.038000106811523,-0.23548291623592377,0.20758934319019318,-1.2877768278121948,1.1771795749664307,-0.2746732831001282,0.020616069436073303,0.1376958191394806,-0.0815119668841362,1.2899975776672363,0.7696099281311035,1.246212363243103,1.0540482997894287,-1.6102083921432495,-1.2412687540054321,-0.10252895951271057,0.1159786507487297,-0.6389425992965698,0.5828133225440979,0.27821633219718933,0.40263861417770386,-0.635952889919281,-0.7279462814331055,-0.6153369545936584,-0.9007868766784668,2.2723026275634766,2.195239543914795,-2.496979236602783,-2.3496599197387695,-0.07242173701524734,-0.025584794580936432,-0.6518092155456543,0.541927695274353,0.1801997721195221,0.24816107749938965,-0.3766767382621765,-0.8235810995101929,-0.6523106098175049,-0.8632297515869141,2.294945001602173,2.2216219902038574,-2.5013670921325684,-2.3978559970855713,3.556511163711548,3.3170716762542725,0.3809703588485718,-0.5614978671073914,0.8037403225898743,-4.509182453155518,-3.944732666015625,4.672305583953857,0.2295534759759903,5.700935363769531,3.419638156890869,-0.6695018410682678,6.872770309448242,-17.2540283203125
1.085,0.13657903671264648,0.07324042171239853,0.04699010029435158,-0.610056459903717,-0.13315054774284363,-0.3578210473060608,-0.23013198375701904,0.08926978707313538,-0.9690563082695007,0.20000000298023224,0.0,0.0,0.0,-0.0674954205751419,-0.014848515391349792,-0.6575610637664795,0.5338146686553955,0.20141613483428955,0.2380102276802063,-0.4001665711402893,-0.821514368057251,-0.7140398025512695,-0.9112347364425659,2.3053739070892334,2.2192482948303223,-2.4526381492614746,-2.3824684619903564,-5.671370029449463,-4.8517985343933105,-3.4469919204711914,-4.657526969909668,7.761172294616699,-0.12062323093414307,-2.4672353267669678,-6.1376566886901855,-30.11450958251953,-10.39371109008789,-1.421195149421692,-1.4375231266021729,6.205028533935547,25.406137466430664,-0.23548291623592377,0.20758934319019318,-1.2877768278121948,1.1771795749664307,-0.2746732831001282,0.020616069436073303,0.1376958191394806,-0.0815119668841362,1.2899975776672363,0.7696099281311035,1.246212363243103,1.0540482997894287,-1.6102083921432495,-1.2412687540054321,5.01800012588501,0.312686026096344,0.4014374017715454,-1.366558313369751,0.6544156670570374,-0.5473536252975464,-0.47833752632141113,0.17867523431777954,0.01179654523730278,1.273847222328186,0.9874270558357239,1.1615703105926514,1.4508764743804932,-1.4486865997314453,-1.1300510168075562,0.13045582175254822,0.19224469363689423,-0.6788455247879028,0.3527683615684509,0.15069249272346497,0.19419197738170624,-0.6114814281463623,-0.695776104927063,-0.6327424049377441,-0.7901765704154968,2.2583367824554443,2.3808183670043945,-2.4513168334960938,-2.293199062347412,-0.09363465756177902,-0.013704955577850342,-0.6778818368911743,0.568560779094696,0.17991825938224792,0.25650301575660706,-0.4294106364250183,-0.8399545550346375,-0.6684572696685791,-0.8995353579521179,2.361046314239502,2.2704379558563232,-2.4580440521240234,-2.3427927494049072,0.6467374563217163,4.202369213104248,2.446385622024536,-1.6150290966033936,4.1623945236206055,6.054368019104004,0.09388221800327301,4.236151695251465,-15.040523529052734,-11.803068161010742,0.9307600259780884,-14.814563751220703,-11.159113883972168,30.428871154785156
1.104,0.23409949243068695,-0.04288545250892639,-0.04668141156435013,-0.6090627312660217,0.15228058397769928,-2.160078287124634,-0.23285213112831116,0.10748306661844254,-0.9665543437004089,0.20000000298023224,0.0,0.0,0.0,-0.08081470429897308,0.023752694949507713,-0.6649724245071411,0.5660629868507385,0.1764775961637497,0.24723920226097107,-0.440612256526947,-0.8079489469528198,-0.6668992638587952,-0.8068759441375732,2.3552205562591553,2.237469434738159,-2.469513416290283,-2.3033223152160645,4.581640720367432,6.9726033210754395,-0.0019959253259003162,-2.652780294418335,-5.490172386169434,-7.815723419189453,-3.4090523719787598,0.13401198387145996,12.335275650024414,26.883161544799805,-3.5207910537719727,-2.3800573348999023,20.912809371948242,28.91874122619629,0.312686026096344,0.4014374017715454,-1.366558313369751,0.6544156670570374,-0.5473536252975464,-0.47833752632141113,0.17867523431777954,0.01179654523730278,1.273847222328186,0.9874270558357239,1.1615703105926514,1.4508764743804932,-1.4486865997314453,-1.1300510168075562,4.999000072479248,-0.9602256417274475,-0.5795539617538452,-1.1229338645935059,1.1888163089752197,-0.10287684947252274,-0.608608603477478,0.7324632406234741,-0.35544705390930176,1.0197091102600098,1.3830145597457886,1.137610912322998,0.6864029169082642,-1.3268543481826782,-0.7490401268005371,-0.4190559387207031,-0.24157482385635376,-0.5732048153877258,0.5702441334724426,0.33795467019081116,0.11472532898187637,-0.3598296344280243,-0.8578187823295593,-0.7488451600074768,-0.6011011004447937,2.2461583614349365,2.055363178253174,-2.3919260501861572,-2.116097927093506,-0.08081470429897308,0.023752694949507713,-0.6649724245071411,0.5660629868507385,0.1764775961637497,0.24723920226097107,-0.440612256526947,-0.8079489469528198,-0.6668992638587952,-0.8068759441375732,2.3552205562591553,2.237469434738159,-2.469513416290283,-2.3033223152160645,4.581640720367432,6.9726033210754395,-0.0019959253259003162,-2.652780294418335,-5.490172386169434,-7.815723419189453,-3.4090523719787598,0.13401198387145996,12.335275650024414,26.883161544799805,-3.5207910537719727,-2.3800573348999023,20.912809371948242,28.91874122619629
1.125,0.2722387909889221,0.10459745675325394,-0.09240362048149109,2.590907573699951,1.0024937391281128,-0.526066243648529,-0.22335132956504822,0.0833735316991806,-0.9711658358573914,0.20000000298023224,0.0,0.0,0.0,-0.008579752407968044,0.11473695933818817,-0.6916196346282959,0.4822167754173279,0.16743260622024536,0.1989724338054657,-0.47670212388038635,-0.7665719985961914,-0.7338218092918396,-0.7130866646766663,2.3295514583587646,2.285219430923462,-2.4588236808776855,-2.2489733695983887,-0.7443024516105652,-0.9683325290679932,-1.1648043394088745,-4.619608402252197,8.02658462524414,-10.051871299743652,-0.6028041243553162,-3.620532274246216,-27.71173667907715,23.652057647705078,-4.740544319152832,-6.88821268081665,4.919107437133789,33.080326080322266,-0.9602256417274475,-0.5795539617538452,-1.1229338645935059,1.1888163089752197,-0.10287684947252274,-0.608608603477478,0.7324632406234741,-0.35544705390930176,1.0197091102600098,1.3830145597457886,1.137610912322998,0.6864029169082642,-1.3268543481826782,-0.7490401268005371,4.978000164031982,-0.5623874068260193,0.12918558716773987,-1.3732860088348389,0.9214820265769958,-0.715225100517273,-0.49202823638916016,0.47629767656326294,-0.2059590220451355,0.7366657257080078,1.5024091005325317,1.0570179224014282,1.2644457817077637,-1.0396448373794556,-0.8457592725753784,-0.29497990012168884,0.033976029604673386,-0.6752991676330566,0.4716913104057312,0.08112417161464691,0.15923982858657837,-0.44993898272514343,-0.806753396987915,-0.8878249526023865,-0.528465986251831,2.2086739540100098,2.2829368114471436,-2.256742477416992,-2.141911506652832,-0.08132163435220718,0.04761587455868721,-0.7099238038063049,0.4478437900543213,0.1779695302248001,0.16350901126861572,-0.4655797779560089,-0.7735997438430786,-0.7188401818275452,-0.7081143260002136,2.2807681560516357,2.255084276199341,-2.4551165103912354,-2.2340164184570312,-7.607481956481934,-6.783141613006592,-1.8906760215759277,-3.4442079067230225,5.297227382659912,-6.3468828201293945,0.5664922595024109,-0.8595194220542908,-14.051376342773438,15.84125804901123,-3.7926039695739746,-0.9081401228904724,1.8751612901687622,1.3887238502502441
1.144,0.19729876518249512,0.0740259662270546,-0.21886451542377472,-0.07563460618257523,1.3319072723388672,-0.7200859785079956,-0.2010224610567093,0.056663237512111664,-0.9779464602470398,0.20000000298023224,0.0,0.0,0.0,-0.14038972556591034,-0.0029371120035648346,-0.7103604674339294,0.43903446197509766,0.19518545269966125,0.1462494432926178,-0.46244487166404724,-0.7771055102348328,-0.7314566373825073,-0.6929134726524353,2.258226156234741,2.2472643852233887,-2.4514050483703613,-2.249818801879883,-6.9871110916137695,-5.858597278594971,1.1106493473052979,-1.3859411478042603,-0.5354624390602112,0.34660664200782776,0.22231832146644592,-1.1955630779266357,9.125215530395508,-6.562405109405518,-2.247891426086426,-1.8162500858306885,-0.07135461270809174,3.4943675994873047,-0.5623874068260193,0.12918558716773987,-1.3732860088348389,0.9214820265769958,-0.715225100517273,-0.49202823638916016,0.47629767656326294,-0.2059590220451355,0.7366657257080078,1.5024091005325317,1.0570179224014282,1.2644457817077637,-1.0396448373794556,-0.8457592725753784,4.959000110626221,0.2706892192363739,0.10452619940042496,-0.9455080032348633,1.0604132413864136,-0.12148596346378326,-0.23977027833461761,0.6347869634628296,-0.25165122747421265,1.430335521697998,0.8156949281692505,1.1124341487884521,1.7185935974121094,-1.6030076742172241,-1.37363862991333,0.09231215715408325,0.05043439194560051,-0.49300849437713623,0.5243550539016724,0.32262375950813293,0.2772073447704315,-0.38762974739074707,-0.8222084045410156,-0.589571475982666,-0.8302238583564758,2.229862689971924,2.5100607872009277,-2.496737480163574,-2.3820385932922363,-0.17616043984889984,-0.020178303122520447,-0.7045838236808777,0.40617871284484863,0.1868550032377243,0.13826295733451843,-0.5197759866714478,-0.7775548100471497,-0.7914413213729858,-0.6294698119163513,2.2646312713623047,2.276845693588257,-2.4095566272735596,-2.272667646408081,-1.6452099084854126,0.8350109457969666,2.5359315872192383,-0.253460168838501,-4.615983009338379,4.072869300842285,-1.8051671981811523,1.3623404502868652,7.6469340324401855,-10.205639839172363,-1.1845316886901855,3.8642020225524902,0.5924193859100342,-10.30294132232666
1.164,0.34195226430892944,-0.1731087863445282,-0.07108724117279053,-1.1202298402786255,-0.18063248693943024,-1.1372196674346924,-0.18956303596496582,0.08334597200155258,-0.9783247709274292,0.20000000298023224,0.0,0.0,0.0,-0.17134003341197968,0.005560025572776794,-0.682029664516449,0.44236186146736145,0.1704523116350174,0.17260879278182983,-0.5094658136367798,-0.7766380310058594,-0.7745260000228882,-0.6878454685211182,2.259861469268799,2.3504133224487305,-2.4876456260681152,-2.395151138305664,4.765941619873047,7.515852928161621,7.743010997772217,14.026434898376465,-0.10153508931398392,11.31816291809082,6.808084011077881,-1.3212766647338867,2.381471633911133,-23.8739070892334,-0.8243259191513062,22.115144729614258,-24.098003387451172,-30.682025909423828,0.2706892192363739,0.10452619940042496,-0.9455080032348633,1.0604132413864136,-0.12148596346378326,-0.23977027833461761,0.6347869634628296,-0.25165122747421265,1.430335521697998,0.8156949281692505,1.1124341487884521,1.7185935974121094,-1.6030076742172241,-1.37363862991333,4.939000129699707,-0.5989338755607605,-0.5385631322860718,-1.8042668104171753,1.2102481126785278,0.0733136534690857,-0.9224988222122192,-0.25392481684684753,0.2860013544559479,0.8979865312576294,1.1571855545043945,0.8046423196792603,0.46701228618621826,-1.0669491291046143,-0.9740036725997925,-0.2602890133857727,-0.23730997741222382,-0.8612208962440491,0.5970471501350403,0.4344335198402405,-0.018223732709884644,-0.7813191413879395,-0.5818101763725281,-0.7993032336235046,-0.7067289352416992,2.093475341796875,1.9695615768432617,-2.279510736465454,-2.226215362548828,-0.13967233896255493,0.05505692586302757,-0.6569017171859741,0.4875241219997406,0.18464434146881104,0.2251729518175125,-0.4799438714981079,-0.7829994559288025,-0.7734097838401794,-0.7050118446350098,2.2466399669647217,2.421003818511963,-2.495091676712036,-2.385812759399414,1.6131154298782349,2.1034038066864014,-0.18864548206329346,-0.2815757095813751,-0.30671778321266174,6.0292253494262695,1.6419240236282349,1.4556385278701782,3.15063214302063,-10.856841087341309,-0.2810532748699188,1.2454167604446411,0.47499263286590576,-0.7871082425117493
