timestamp_s,obs_0: base_lin_vel_x,obs_1: base_lin_vel_y,obs_2: base_lin_vel_z,obs_3: base_ang_vel_x,obs_4: base_ang_vel_y,obs_5: base_ang_vel_z,obs_6: projected_gravity_x,obs_7: projected_gravity_y,obs_8: projected_gravity_z,obs_9: pose_commands_cmd_0,obs_10: pose_commands_cmd_1,obs_11: pose_commands_cmd_2,obs_12: pose_commands_cmd_3,obs_13: joint_pos_FL_HAA,obs_14: joint_pos_FR_HAA,obs_15: joint_pos_HL_HAA,obs_16: joint_pos_HR_HAA,obs_17: joint_pos_FL_HFE,obs_18: joint_pos_FR_HFE,obs_19: joint_pos_HL_HFE,obs_20: joint_pos_HR_HFE,obs_21: joint_pos_FL_KFE,obs_22: joint_pos_FR_KFE,obs_23: joint_pos_HL_KFE,obs_24: joint_pos_HR_KFE,obs_25: joint_pos_HL_AFE,obs_26: joint_pos_HR_AFE,obs_27: joint_vel_FL_HAA,obs_28: joint_vel_FR_HAA,obs_29: joint_vel_HL_HAA,obs_30: joint_vel_HR_HAA,obs_31: joint_vel_FL_HFE,obs_32: joint_vel_FR_HFE,obs_33: joint_vel_HL_HFE,obs_34: joint_vel_HR_HFE,obs_35: joint_vel_FL_KFE,obs_36: joint_vel_FR_KFE,obs_37: joint_vel_HL_KFE,obs_38: joint_vel_HR_KFE,obs_39: joint_vel_HL_AFE,obs_40: joint_vel_HR_AFE,obs_41: actions_FL_HAA,obs_42: actions_FR_HAA,obs_43: actions_HL_HAA,obs_44: actions_HR_HAA,obs_45: actions_FL_HFE,obs_46: actions_FR_HFE,obs_47: actions_HL_HFE,obs_48: actions_HR_HFE,obs_49: actions_FL_KFE,obs_50: actions_FR_KFE,obs_51: actions_HL_KFE,obs_52: actions_HR_KFE,obs_53: actions_HL_AFE,obs_54: actions_HR_AFE,obs_55: time_remaining_s_time,action_IA_FL_HAA,action_IA_FR_HAA,action_IA_HL_HAA,action_IA_HR_HAA,action_IA_FL_HFE,action_IA_FR_HFE,action_IA_HL_HFE,action_IA_HR_HFE,action_IA_FL_KFE,action_IA_FR_KFE,action_IA_HL_KFE,action_IA_HR_KFE,action_IA_HL_AFE,action_IA_HR_AFE,target_envoyee_FL_HAA,target_envoyee_FR_HAA,target_envoyee_HL_HAA,target_envoyee_HR_HAA,target_envoyee_FL_HFE,target_envoyee_FR_HFE,target_envoyee_HL_HFE,target_envoyee_HR_HFE,target_envoyee_FL_KFE,target_envoyee_FR_KFE,target_envoyee_HL_KFE,target_envoyee_HR_KFE,target_envoyee_HL_AFE,target_envoyee_HR_AFE,position_reelle_FL_HAA,position_reelle_FR_HAA,position_reelle_HL_HAA,position_reelle_HR_HAA,position_reelle_FL_HFE,position_reelle_FR_HFE,position_reelle_HL_HFE,position_reelle_HR_HFE,position_reelle_FL_KFE,position_reelle_FR_KFE,position_reelle_HL_KFE,position_reelle_HR_KFE,position_reelle_HL_AFE,position_reelle_HR_AFE,vitesse_reelle_FL_HAA,vitesse_reelle_FR_HAA,vitesse_reelle_HL_HAA,vitesse_reelle_HR_HAA,vitesse_reelle_FL_HFE,vitesse_reelle_FR_HFE,vitesse_reelle_HL_HFE,vitesse_reelle_HR_HFE,vitesse_reelle_FL_KFE,vitesse_reelle_FR_KFE,vitesse_reelle_HL_KFE,vitesse_reelle_HR_KFE,vitesse_reelle_HL_AFE,vitesse_reelle_HR_AFE
0.022,0.0,0.0,0.0,1.6663001645156328e-07,-1.3683846873391303e-06,-2.6233957228782856e-08,-9.703873260491491e-09,5.090569632493214e-10,-1.0,0.20000000298023224,0.0,0.0,0.0,-0.00034043259802274406,0.0003405645547900349,-0.0004893657751381397,0.0005477680824697018,0.4100668728351593,0.4100668728351593,-0.6978973746299744,-0.697740375995636,-1.2714492082595825,-1.2714492082595825,1.6755321025848389,1.6756643056869507,-1.7219301462173462,-1.7221901416778564,-0.03802245855331421,0.03802088275551796,-0.06807605177164078,0.06982401013374329,-0.012882398441433907,-0.012877571396529675,0.014363630674779415,0.039417482912540436,0.010087912902235985,0.010081709362566471,-0.045430541038513184,-0.02924966812133789,-0.01812308467924595,-0.03674262389540672,0.0,0.0,0.0,0.0,0.0,0.0,0.0,0.0,0.0,0.0,0.0,0.0,0.0,0.0,6.0,0.3942199945449829,-0.1580621600151062,-0.8746665120124817,0.9511682391166687,-0.11232884228229523,0.2565067410469055,0.6249117851257324,-0.37126055359840393,1.0031660795211792,0.2809569239616394,0.7976729273796082,1.0916433334350586,-0.5392976999282837,-0.9414724111557007,0.03942200168967247,-0.01580621674656868,-0.08746664971113205,0.09511682391166687,0.3989671468734741,0.43585067987442017,-0.6356087923049927,-0.735226035118103,-1.1712833642959595,-1.243504285812378,1.7557673454284668,1.7851643562316895,-1.775829792022705,-1.816047191619873,-0.0006954043637961149,0.0006955077406018972,-0.0011461734538897872,0.001183304120786488,0.40995004773139954,0.40995004773139954,-0.6978395581245422,-0.6974380612373352,-1.2713797092437744,-1.2713797092437744,1.6751335859298706,1.6754111051559448,-1.7221542596817017,-1.7223491668701172,-0.03339251130819321,0.033389508724212646,-0.06073373183608055,0.05724404379725456,-0.010711032897233963,-0.010710606351494789,-7.967820420162752e-05,0.021631889045238495,0.005149596370756626,0.005149050150066614,-0.03499282896518707,-0.02052590623497963,-0.023319553583860397,-0.004372090566903353
0.041,0.0,0.0,0.0,-1.0171546271919851e-08,1.1857824944172535e-07,8.112444049857004e-09,-1.268069560467211e-08,2.365720674912808e-10,-1.0,0.20000000298023224,0.0,0.0,0.0,-0.0010054494487121701,0.0010055252350866795,-0.00167642324231565,0.0016769680660218,0.4098537862300873,0.4098537862300873,-0.6978750228881836,-0.6973036527633667,-1.2713404893875122,-1.2713404893875122,1.6748394966125488,1.6752445697784424,-1.7223650217056274,-1.7223498821258545,-0.029136935248970985,0.029134385287761688,-0.046897489577531815,0.04342474788427353,-0.008786678314208984,-0.008786576800048351,-0.0050357612781226635,0.00792231410741806,0.0031352192163467407,0.003135428298264742,-0.0251079760491848,-0.013822871260344982,-0.018391137942671776,0.00043918221490457654,0.3942199945449829,-0.1580621600151062,-0.8746665120124817,0.9511682391166687,-0.11232884228229523,0.2565067410469055,0.6249117851257324,-0.37126055359840393,1.0031660795211792,0.2809569239616394,0.7976729273796082,1.0916433334350586,-0.5392976999282837,-0.9414724111557007,5.980999946594238,0.28701502084732056,-0.04215037077665329,-0.9562747478485107,0.9946695566177368,-0.25251808762550354,0.21488067507743835,0.6113481521606445,-0.4203506112098694,1.1160633563995361,0.3760360777378082,0.7834839820861816,1.1691612005233765,-0.8083881139755249,-1.0941811800003052,0.06023910641670227,-0.016860010102391243,-0.16560080647468567,0.17556041479110718,0.37596192955970764,0.45220863819122314,-0.5869722366333008,-0.769835889339447,-1.079740285873413,-1.2115198373794556,1.818162202835083,1.8802475929260254,-1.8458826541900635,-1.9066359996795654,-0.0012759719975292683,0.0012760250829160213,-0.0020799196790903807,0.002050520619377494,0.4097749888896942,0.4097749888896942,-0.6979212164878845,-0.6972654461860657,-1.271315574645996,-1.2713154554367065,1.6746342182159424,1.6751309633255005,-1.722503900527954,-1.722365140914917,-0.025422601029276848,0.02542055957019329,-0.03542234003543854,0.03284940868616104,-0.007186681963503361,-0.007186609786003828,-0.003742639906704426,0.001341665512882173,0.0020603896118700504,0.0020607076585292816,-0.017067676410079002,-0.009602848440408707,-0.010016272775828838,-0.003168688155710697
0.06,-5.468852393164525e-08,-9.818058366306559e-09,-0.0003920261515304446,-2.6648976358956133e-08,4.779023754508671e-08,-2.7550887793381662e-08,-1.101534685687966e-08,7.167560434062636e-10,-1.0,0.20000000298023224,0.0,0.0,0.0,-0.0015120099997147918,0.0015120452735573053,-0.0023836446925997734,0.0023335327859967947,0.409710556268692,0.409710556268692,-0.6979427337646484,-0.6972663998603821,-1.2712987661361694,-1.2712987661361694,1.6744989156723022,1.6750518083572388,-1.7225590944290161,-1.7224065065383911,-0.02218199521303177,0.02218042127788067,-0.026601145043969154,0.02491937205195427,-0.005871907342225313,-0.005871866829693317,-0.0008595348335802555,-0.00081068609142676,0.001408517942763865,0.0014087178278714418,-0.010898802429437637,-0.006677337922155857,-0.0021553342230618,-0.00441025709733367,0.28701502084732056,-0.04215037077665329,-0.9562747478485107,0.9946695566177368,-0.25251808762550354,0.21488067507743835,0.6113481521606445,-0.4203506112098694,1.1160633563995361,0.3760360777378082,0.7834839820861816,1.1691612005233765,-0.8083881139755249,-1.0941811800003052,5.960999965667725,0.24924859404563904,-0.005677003879100084,-0.9508713483810425,1.013816475868225,-0.26948976516723633,0.19496387243270874,0.6222168207168579,-0.4313988983631134,1.1177140474319458,0.4004247188568115,0.7836899757385254,1.1836152076721191,-0.8683797121047974,-1.1270419359207153,0.07311614602804184,-0.014055709354579449,-0.22756779193878174,0.2418299913406372,0.35586056113243103,0.4633032977581024,-0.5469760894775391,-0.7986286282539368,-1.0063408613204956,-1.1834933757781982,1.8680987358093262,1.9577596187591553,-1.9079241752624512,-1.9823930263519287,-0.0015120099997147918,0.0015120452735573053,-0.0023836446925997734,0.0023335327859967947,0.409710556268692,0.409710556268692,-0.6979427337646484,-0.6972663998603821,-1.2712987661361694,-1.2712987661361694,1.6744989156723022,1.6750518083572388,-1.7225590944290161,-1.7224065065383911,-0.02218199521303177,0.02218042127788067,-0.026601145043969154,0.02491937205195427,-0.005871907342225313,-0.005871866829693317,-0.0008595348335802555,-0.00081068609142676,0.001408517942763865,0.0014087178278714418,-0.010898802429437637,-0.006677337922155857,-0.0021553342230618,-0.00441025709733367
0.08,-5.468852393164525e-08,-9.818058366306559e-09,-0.0003920261515304446,-4.031795786119119e-09,1.0287459772939656e-08,-3.5677905074749106e-09,-1.0587312360144097e-08,1.007397165686541e-09,-1.0,0.20000000298023224,0.0,0.0,0.0,-0.0018976624123752117,0.0018976739374920726,-0.0027814863715320826,0.002711889799684286,0.4096149802207947,0.4096149802207947,-0.6979219913482666,-0.697282075881958,-1.2712788581848145,-1.271278738975525,1.6743667125701904,1.6749615669250488,-1.7225133180618286,-1.7224615812301636,-0.016887737438082695,0.016886843368411064,-0.014870789833366871,0.014405669644474983,-0.003914181608706713,-0.00391416996717453,0.0019062523497268558,-0.00037964410148561,0.0007144484552554786,0.0007144806440919638,-0.003726306837052107,-0.0029139898251742125,0.004235521890223026,-0.0008496966329403222,0.24924859404563904,-0.005677003879100084,-0.9508713483810425,1.013816475868225,-0.26948976516723633,0.19496387243270874,0.6222168207168579,-0.4313988983631134,1.1177140474319458,0.4004247188568115,0.7836899757385254,1.1836152076721191,-0.8683797121047974,-1.1270419359207153,5.940999984741211,0.24022965133190155,0.003979076631367207,-0.9501053094863892,1.0180494785308838,-0.2718465328216553,0.18714968860149384,0.6233042478561401,-0.43397238850593567,1.1114035844802856,0.4086899757385254,0.7871842384338379,1.1863255500793457,-0.8827385902404785,-1.1346590518951416,0.08251588046550751,-0.01084666047245264,-0.2770647704601288,0.2952689528465271,0.33954378962516785,0.47139760851860046,-0.5148704648017883,-0.8219201564788818,-0.9482523798942566,-1.160245656967163,1.9083974361419678,2.020040273666382,-1.9589933156967163,-2.043760299682617,-0.0018976624123752117,0.0018976739374920726,-0.0027814863715320826,0.002711889799684286,0.4096149802207947,0.4096149802207947,-0.6979219913482666,-0.697282075881958,-1.2712788581848145,-1.271278738975525,1.6743667125701904,1.6749615669250488,-1.7225133180618286,-1.7224615812301636,-0.016887737438082695,0.016886843368411064,-0.014870789833366871,0.014405669644474983,-0.003914181608706713,-0.00391416996717453,0.0019062523497268558,-0.00037964410148561,0.0007144484552554786,0.0007144806440919638,-0.003726306837052107,-0.0029139898251742125,0.004235521890223026,-0.0008496966329403222
0.1,-5.2042643972072256e-08,-1.0961388241526038e-08,-0.0007763519533909857,5.10554487576087e-09,9.467251871342341e-09,8.842889087645744e-09,-1.0404609618319682e-08,9.62885104982547e-10,-1.0,0.20000000298023224,0.0,0.0,0.0,-0.0021912704687565565,0.002191268838942051,-0.003003551624715328,0.0029307911172509193,0.40955132246017456,0.40955132246017456,-0.6978906989097595,-0.6972819566726685,-1.2712682485580444,-1.2712682485580444,1.674323558807373,1.6749249696731567,-1.7224446535110474,-1.722453236579895,-0.012857058085501194,0.012856584042310715,-0.008306948468089104,0.008336358703672886,-0.0026059052906930447,-0.0026058931834995747,0.0010119996732100844,0.00019592077296692878,0.00039607781218364835,0.00039609766099601984,-0.001210775226354599,-0.0010960432700812817,0.00219072587788105,0.0009808337781578302,0.24022965133190155,0.003979076631367207,-0.9501053094863892,1.0180494785308838,-0.2718465328216553,0.18714968860149384,0.6233042478561401,-0.43397238850593567,1.1114035844802856,0.4086899757385254,0.7871842384338379,1.1863255500793457,-0.8827385902404785,-1.1346590518951416,5.921000003814697,0.23778292536735535,0.008155676536262035,-0.9495208263397217,1.016622543334961,-0.2707490921020508,0.18127301335334778,0.6225978136062622,-0.43542471528053284,1.1072437763214111,0.41309526562690735,0.7896155714988708,1.1871914863586426,-0.887082576751709,-1.136163592338562,0.08979099988937378,-0.007861761376261711,-0.3166038990020752,0.33787742257118225,0.3266001045703888,0.47728538513183594,-0.4892565906047821,-0.8406985998153687,-0.902197539806366,-1.141206979751587,1.9408795833587646,2.069951295852661,-2.0002830028533936,-2.0930047035217285,-0.0021912704687565565,0.002191268838942051,-0.003003551624715328,0.0029307911172509193,0.40955132246017456,0.40955132246017456,-0.6978906989097595,-0.6972819566726685,-1.2712682485580444,-1.2712682485580444,1.674323558807373,1.6749249696731567,-1.7224446535110474,-1.722453236579895,-0.012857058085501194,0.012856584042310715,-0.008306948468089104,0.008336358703672886,-0.0026059052906930447,-0.0026058931834995747,0.0010119996732100844,0.00019592077296692878,0.00039607781218364835,0.00039609766099601984,-0.001210775226354599,-0.0010960432700812817,0.00219072587788105,0.0009808337781578302
0.122,-5.2042643972072256e-08,-1.0961388241526038e-08,-0.0007763519533909857,2.428425904810183e-09,7.23308835048897e-09,4.707099154899197e-09,-1.0183066834201782e-08,8.598990408614782e-10,-1.0,0.20000000298023224,0.0,0.0,0.0,-0.0025056733284145594,0.0025056637823581696,-0.0031682185363024473,0.003099014749750495,0.40949341654777527,0.40949344635009766,-0.6978822350502014,-0.6972781419754028,-1.271260142326355,-1.271260142326355,1.6743040084838867,1.6749083995819092,-1.7224268913269043,-1.7224338054656982,-0.008539979346096516,0.008539875969290733,-0.0035203727893531322,0.003664302872493863,-0.0014130371855571866,-0.0014130291528999805,-8.082144631771371e-05,2.4959215807029977e-05,0.00018391740741208196,0.00018392894708085805,-0.00034612201852723956,-0.00024973577819764614,-0.0001850285188993439,0.00023106262960936874,0.23778292536735535,0.008155676536262035,-0.9495208263397217,1.016622543334961,-0.2707490921020508,0.18127301335334778,0.6225978136062622,-0.43542471528053284,1.1072437763214111,0.41309526562690735,0.7896155714988708,1.1871914863586426,-0.887082576751709,-1.136163592338562,5.89900016784668,0.23719856142997742,0.011245457455515862,-0.9480428695678711,1.0139517784118652,-0.26868149638175964,0.17569752037525177,0.6226085424423218,-0.4371129274368286,1.1040271520614624,0.41653236746788025,0.791496217250824,1.1875842809677124,-0.8892350196838379,-1.1358859539031982,0.09555265307426453,-0.00516486307606101,-0.3480874001979828,0.3716971278190613,0.31645193696022034,0.4814380705356598,-0.46876442432403564,-0.8558902144432068,-0.8656753301620483,-1.125632405281067,1.9670534133911133,2.109919548034668,-2.0335299968719482,-2.1323723793029785,-0.0025056733284145594,0.0025056637823581696,-0.0031682185363024473,0.003099014749750495,0.40949341654777527,0.40949344635009766,-0.6978822350502014,-0.6972781419754028,-1.271260142326355,-1.271260142326355,1.6743040084838867,1.6749083995819092,-1.7224268913269043,-1.7224338054656982,-0.008539979346096516,0.008539875969290733,-0.0035203727893531322,0.003664302872493863,-0.0014130371855571866,-0.0014130291528999805,-8.082144631771371e-05,2.4959215807029977e-05,0.00018391740741208196,0.00018392894708085805,-0.00034612201852723956,-0.00024973577819764614,-0.0001850285188993439,0.00023106262960936874
0.143,-5.076782727542195e-08,-1.0628883551078161e-08,-0.0011530675692483783,4.3140996330848225e-10,3.579008200915723e-09,1.2530617654604725e-09,-1.0078571754945642e-08,8.356781378004996e-10,-1.0,0.20000000298023224,0.0,0.0,0.0,-0.002584960777312517,0.00258495076559484,-0.0031984196975827217,0.0031306177843362093,0.4094807803630829,0.4094807803630829,-0.697883129119873,-0.6972781419754028,-1.2712584733963013,-1.2712584733963013,1.674301266670227,1.6749064922332764,-1.7224289178848267,-1.7224324941635132,-0.007450887467712164,0.0074508604593575,-0.002647672314196825,0.0027838475070893764,-0.0011517328675836325,-0.0011517270468175411,-8.751764835324138e-05,-1.254218295798637e-05,0.00014535327500198036,0.00014535935770254582,-0.00022569342399947345,-0.00015489367069676518,-0.00018782787083182484,7.426462252624333e-05,0.23719856142997742,0.011245457455515862,-0.9480428695678711,1.0139517784118652,-0.26868149638175964,0.17569752037525177,0.6226085424423218,-0.4371129274368286,1.1040271520614624,0.41653236746788025,0.791496217250824,1.1875842809677124,-0.8892350196838379,-1.1358859539031982,5.880000114440918,0.23685334622859955,0.013923360034823418,-0.9463788866996765,1.0116430521011353,-0.2668154239654541,0.17077626287937164,0.6229138374328613,-0.4387352168560028,1.1017074584960938,0.41973263025283813,0.7928528189659119,1.187669038772583,-0.8905525803565979,-1.1350915431976318,0.1001274585723877,-0.0027395542711019516,-0.37310782074928284,0.3985220193862915,0.30852001905441284,0.48426809906959534,-0.45234015583992004,-0.8682056665420532,-0.8366895318031311,-1.112852692604065,1.9881279468536377,2.1419026851654053,-2.0602593421936035,-2.1637871265411377,-0.0026541356928646564,0.0026541256811469793,-0.0032211183570325375,0.0031546170357614756,0.40947046875953674,0.40947046875953674,-0.6978837847709656,-0.6972783207893372,-1.2712572813034058,-1.2712571620941162,1.6742994785308838,1.6749053001403809,-1.7224302291870117,-1.7224321365356445,-0.0065004583448171616,0.0065004900097846985,-0.001988369971513748,0.00211313390173018,-0.0009385188459418714,-0.0009385150042362511,-4.1584866266930476e-05,-2.2095960957813077e-05,0.00011561958672245964,0.00011562160216271877,-0.0001329828955931589,-9.347451123176143e-05,-8.117072138702497e-05,1.7325310182059184e-05
0.162,-5.076782727542195e-08,-1.0628883551078161e-08,-0.0011530675692483783,6.999393372097984e-05,3.0383276680368e-05,9.519750892650336e-05,5.792631441181584e-07,-8.712501653462823e-07,-1.0,0.20000000298023224,0.0,0.0,0.0,0.0010549629805609584,0.0020307886879891157,-0.003413659520447254,0.008642262779176235,0.401170015335083,0.4107469618320465,-0.6893936991691589,-0.7033849358558655,-1.237762451171875,-1.256183385848999,1.6737052202224731,1.6824524402618408,-1.774098515510559,-1.7323275804519653,1.2087633609771729,-0.666018545627594,-0.3644599914550781,2.8864824771881104,-2.321779251098633,1.2328697443008423,3.687739133834839,-2.4445126056671143,11.915693283081055,4.0660295486450195,-0.2111746221780777,5.054250717163086,-20.174467086791992,-13.475944519042969,0.23685334622859955,0.013923360034823418,-0.9463788866996765,1.0116430521011353,-0.2668154239654541,0.17077626287937164,0.6229138374328613,-0.4387352168560028,1.1017074584960938,0.41973263025283813,0.7928528189659119,1.187669038772583,-0.8905525803565979,-1.1350915431976318,5.860000133514404,0.03957187011837959,0.0641583651304245,-1.1679123640060425,1.0094529390335083,-0.09429171681404114,0.3261749744415283,0.2934657335281372,-0.03499244898557663,1.0088484287261963,0.27395719289779663,0.6748012900352478,0.773887038230896,-1.0607918500900269,-0.9900298118591309,0.08405915647745132,0.004224193282425404,-0.41527751088142395,0.41976290941238403,0.31942686438560486,0.5020719766616821,-0.47214555740356445,-0.8376837968826294,-0.822786808013916,-1.1172064542770386,1.9931825399398804,2.126110792160034,-2.0986666679382324,-2.174412727355957,0.01266502309590578,0.0010537110501900315,-0.03344579413533211,0.06508398056030273,0.383758544921875,0.4238804876804352,-0.6221283078193665,-0.750175952911377,-1.1058138608932495,-1.20840322971344,1.6675782203674316,1.6950111389160156,-1.9868699312210083,-1.89628267288208,1.1072874069213867,-0.010486847721040249,-5.267446994781494,7.940314292907715,-1.4437090158462524,1.2504453659057617,8.6886625289917,-7.128485679626465,12.4085111618042,4.633141040802002,-0.6281697750091553,-0.24196533858776093,-17.738075256347656,-16.144451141357422
0.181,4.983884991816012e-06,-1.1297343917249236e-05,-0.0014737764140591025,-7.217490201583132e-05,-5.0223126891069114e-05,-0.0001041060677380301,8.903811021809815e-08,2.8544977226374613e-07,-1.0,0.20000000298023224,0.0,0.0,0.0,0.020535718649625778,0.003217276418581605,-0.10733149200677872,0.14489859342575073,0.37269049882888794,0.4380415380001068,-0.5371559858322144,-0.8132088780403137,-0.9961907863616943,-1.1750975847244263,1.6691569089889526,1.684252381324768,-2.092461109161377,-2.0695950984954834,0.7201635837554932,0.13613131642341614,-8.082205772399902,7.597014904022217,-0.9033551812171936,1.3047765493392944,7.235074520111084,-4.646193504333496,9.459760665893555,2.898157835006714,0.3494087755680084,-1.0757776498794556,-4.2212748527526855,-17.337486267089844,0.03957187011837959,0.0641583651304245,-1.1679123640060425,1.0094529390335083,-0.09429171681404114,0.3261749744415283,0.2934657335281372,-0.03499244898557663,1.0088484287261963,0.27395719289779663,0.6748012900352478,0.773887038230896,-1.0607918500900269,-0.9900298118591309,5.841000080108643,0.021116483956575394,0.3169378638267517,-1.037750005722046,1.0485495328903198,-0.4322185814380646,0.2768826484680176,0.34656956791877747,-0.04118049889802933,1.1381996870040894,0.5372975468635559,0.7073184847831726,0.6469900012016296,-0.9539661407470703,-0.7061553597450256,0.06935897469520569,0.03507314249873161,-0.43599700927734375,0.4406653046607971,0.29435965418815613,0.5113858580589294,-0.48267948627471924,-0.8138850927352905,-0.7987295389175415,-1.0943553447723389,2.0004780292510986,2.10078763961792,-2.1187100410461426,-2.1545257568359375,0.028000149875879288,0.0037995660677552223,-0.18073523044586182,0.20963823795318604,0.3640572130680084,0.44984978437423706,-0.4853816628456116,-0.8427308797836304,-0.9263395667076111,-1.1513744592666626,1.6731089353561401,1.6737562417984009,-2.0869688987731934,-2.186293840408325,0.7165689468383789,0.04301967844367027,-6.572305679321289,5.692835330963135,-0.8215904831886292,1.0778106451034546,3.5966694355010986,-1.7677156925201416,5.377471446990967,1.9381946325302124,0.41073718667030334,-0.7062631845474243,2.3857572078704834,-7.209418773651123
0.201,4.983884991816012e-06,-1.1297343917249236e-05,-0.0014737764140591025,4.521947994362563e-05,-5.024433903599856e-06,5.554040035349317e-05,-4.1109740323008737e-07,5.188184672988427e-07,-1.0,0.20000000298023224,0.0,0.0,0.0,0.03233272209763527,0.00733964191749692,-0.24001078307628632,0.2613683342933655,0.3521539568901062,0.46076393127441406,-0.46588334441185,-0.845910906791687,-0.8667895793914795,-1.1224642992019653,1.677751064300537,1.6687507629394531,-2.0755693912506104,-2.2123379707336426,0.3500746786594391,0.47241711616516113,-5.422713756561279,4.821464538574219,-1.002663016319275,1.145311951637268,0.7405595183372498,1.0524141788482666,4.7876129150390625,2.971277952194214,0.24787752330303192,-0.2781781852245331,0.03275933489203453,-0.020747480913996696,0.021116483956575394,0.3169378638267517,-1.037750005722046,1.0485495328903198,-0.4322185814380646,0.2768826484680176,0.34656956791877747,-0.04118049889802933,1.1381996870040894,0.5372975468635559,0.7073184847831726,0.6469900012016296,-0.9539661407470703,-0.7061553597450256,5.821000099182129,0.2402312159538269,0.21198394894599915,-0.8518097996711731,1.1179264783859253,-0.19374996423721313,0.07441546022891998,0.8369156122207642,-0.6049388647079468,1.389377236366272,0.5578022599220276,0.6423750519752502,1.3645288944244385,-0.9834086894989014,-1.070210576057434,0.07951030135154724,0.049256909638643265,-0.4339786171913147,0.4643248915672302,0.29815274477005005,0.49859023094177246,-0.4420720338821411,-0.8512219786643982,-0.7543659210205078,-1.0740240812301636,1.9998199939727783,2.152282953262329,-2.1376891136169434,-2.1750216484069824,0.03647983446717262,0.01121901348233223,-0.2867458760738373,0.3036089241504669,0.3423101603984833,0.47044438123703003,-0.46738603711128235,-0.8305414319038391,-0.8367105722427368,-1.1059720516204834,1.6780368089675903,1.6687673330307007,-2.082970142364502,-2.1932685375213623,0.40238794684410095,0.35846832394599915,-4.135700225830078,3.778252601623535,-0.9381869435310364,0.8499130010604858,-0.6358177065849304,1.6066207885742188,2.0444304943084717,0.9872094988822937,-0.10912550240755081,0.15511004626750946,-1.3809881210327148,2.9890356063842773
0.221,3.457388402239303e-06,-2.1357578589231707e-05,-0.001878935843706131,-1.1271560651948676e-05,-1.2291857274249196e-05,-1.3942636542196851e-05,-2.499714071291237e-07,-1.0203687850207643e-07,-1.0,0.20000000298023224,0.0,0.0,0.0,0.04256167262792587,0.01735224574804306,-0.32157525420188904,0.34159398078918457,0.33457130193710327,0.4743659198284149,-0.465108722448349,-0.8273617625236511,-0.798449695110321,-1.0823290348052979,1.6735079288482666,1.6732920408248901,-2.121445417404175,-2.1659860610961914,0.49944770336151123,0.505157470703125,-3.1769893169403076,3.595525026321411,-0.6284135580062866,0.5464982390403748,0.8501311540603638,-0.8421508073806763,3.1301841735839844,1.2628663778305054,-0.3619496822357178,0.6553300619125366,-4.2184062004089355,2.2303617000579834,0.2402312159538269,0.21198394894599915,-0.8518097996711731,1.1179264783859253,-0.19374996423721313,0.07441546022891998,0.8369156122207642,-0.6049388647079468,1.389377236366272,0.5578022599220276,0.6423750519752502,1.3645288944244385,-0.9834086894989014,-1.070210576057434,5.801000118255615,0.23790913820266724,0.26604700088500977,-0.9281907677650452,1.1245206594467163,-0.23294639587402344,0.046593017876148224,0.8383809924125671,-0.5223854184150696,1.391181230545044,0.5691141486167908,0.6563076972961426,1.4650689363479614,-1.1821447610855103,-1.1326013803482056,0.08739915490150452,0.06601022928953171,-0.4400019645690918,0.48391199111938477,0.2972675561904907,0.4855715036392212,-0.4094395339488983,-0.8728361129760742,-0.7186946272850037,-1.056627869606018,2.0006866455078125,2.203533411026001,-2.172745704650879,-2.197657346725464,0.04690916836261749,0.021753262728452682,-0.34936386346817017,0.3711898624897003,0.328369140625,0.4789050221443176,-0.4560491740703583,-0.8365200757980347,-0.7788956165313721,-1.076206088066101,1.6716384887695312,1.6741430759429932,-2.143810749053955,-2.1573398113250732,0.4003950357437134,0.4110070466995239,-2.4503262042999268,2.599191904067993,-0.5943447947502136,0.3961721360683441,0.8655883073806763,-0.9370643496513367,1.320058822631836,0.3038845658302307,-0.06882161647081375,0.05780893191695213,-0.8287779688835144,-0.3709430694580078
0.24,3.457388402239303e-06,-2.1357578589231707e-05,-0.001878935843706131,-1.0789755833684467e-05,-1.0161994396185037e-05,-1.22189630928915e-05,-1.9085418045960978e-07,7.1436168980199e-08,-1.0,0.20000000298023224,0.0,0.0,0.0,0.05275754630565643,0.028317146003246307,-0.37281107902526855,0.39730969071388245,0.31976622343063354,0.4798172116279602,-0.44064512848854065,-0.8493099212646484,-0.7472307682037354,-1.061608910560608,1.670249581336975,1.6755485534667969,-2.167409896850586,-2.171482563018799,0.4727628231048584,0.6031565070152283,-2.119418144226074,2.5362396240234375,-0.3755848705768585,0.17527815699577332,2.070760488510132,-1.753501057624817,2.224522590637207,1.3299741744995117,-0.11416671425104141,0.2618376612663269,-3.2272493839263916,-2.0344998836517334,0.23790913820266724,0.26604700088500977,-0.9281907677650452,1.1245206594467163,-0.23294639587402344,0.046593017876148224,0.8383809924125671,-0.5223854184150696,1.391181230545044,0.5691141486167908,0.6563076972961426,1.4650689363479614,-1.1821447610855103,-1.1326013803482056,5.781000137329102,0.1967771202325821,0.24769330024719238,-0.8919253349304199,1.188772201538086,-0.32132217288017273,0.08936198800802231,0.8082689642906189,-0.4314536154270172,1.3774596452713013,0.5576269030570984,0.7772875428199768,1.3900480270385742,-1.2671343088150024,-1.144756555557251,0.08959703892469406,0.07757751643657684,-0.4411941170692444,0.5060068368911743,0.2877218425273895,0.47943341732025146,-0.3863447308540344,-0.881034255027771,-0.6915297508239746,-1.043859601020813,2.0134780406951904,2.2370316982269287,-2.209290027618408,-2.2169814109802246,0.05275754630565643,0.028317146003246307,-0.37281107902526855,0.39730969071388245,0.31976622343063354,0.4798172116279602,-0.44064512848854065,-0.8493099212646484,-0.7472307682037354,-1.061608910560608,1.670249581336975,1.6755485534667969,-2.167409896850586,-2.171482563018799,0.4727628231048584,0.6031565070152283,-2.119418144226074,2.5362396240234375,-0.3755848705768585,0.17527815699577332,2.070760488510132,-1.753501057624817,2.224522590637207,1.3299741744995117,-0.11416671425104141,0.2618376612663269,-3.2272493839263916,-2.0344998836517334
0.264,7.698537956457585e-06,-3.1694969948148355e-05,-0.002284536138176918,6.089870566938771e-06,-2.2571507543034386e-06,6.047336682968307e-06,-1.2454729869659786e-07,1.4568699668870977e-07,-1.0,0.20000000298023224,0.0,0.0,0.0,0.06535612791776657,0.04589241370558739,-0.4130839407444,0.45457667112350464,0.3037961721420288,0.47880640625953674,-0.3908587098121643,-0.8810940384864807,-0.6983230113983154,-1.043671727180481,1.673075795173645,1.6733088493347168,-2.2061548233032227,-2.2235803604125977,0.28405553102493286,0.4705335199832916,-0.7890607118606567,1.4116833209991455,-0.32975590229034424,-0.005536465439945459,0.8963145613670349,-0.26205888390541077,0.3384844660758972,0.006392691284418106,0.17014257609844208,-0.022546377032995224,0.3407265245914459,-0.6108037233352661,0.1967771202325821,0.24769330024719238,-0.8919253349304199,1.188772201538086,-0.32132217288017273,0.08936198800802231,0.8082689642906189,-0.4314536154270172,1.3774596452713013,0.5576269030570984,0.7772875428199768,1.3900480270385742,-1.2671343088150024,-1.144756555557251,5.757999897003174,0.22715552151203156,0.239437997341156,-0.7920235395431519,1.1967240571975708,-0.38656002283096313,0.050984933972358704,0.9249612092971802,-0.5558697581291199,1.4259446859359741,0.5945271849632263,0.807403028011322,1.506108045578003,-1.2593326568603516,-1.1999702453613281,0.09439318627119064,0.0860058143734932,-0.4321576654911041,0.5244778990745544,0.2735614776611328,0.4706852436065674,-0.3561996817588806,-0.9000344276428223,-0.6649492979049683,-1.0299550294876099,2.0267229080200195,2.2754361629486084,-2.2377452850341797,-2.237962245941162,0.06535612791776657,0.04589241370558739,-0.4130839407444,0.45457667112350464,0.3037961721420288,0.47880640625953674,-0.3908587098121643,-0.8810940384864807,-0.6983230113983154,-1.043671727180481,1.673075795173645,1.6733088493347168,-2.2061548233032227,-2.2235803604125977,0.28405553102493286,0.4705335199832916,-0.7890607118606567,1.4116833209991455,-0.32975590229034424,-0.005536465439945459,0.8963145613670349,-0.26205888390541077,0.3384844660758972,0.006392691284418106,0.17014257609844208,-0.022546377032995224,0.3407265245914459,-0.6108037233352661
0.28,7.698537956457585e-06,-3.1694969948148355e-05,-0.002284536138176918,-1.195711774926167e-05,-5.082261395727983e-06,-1.1370411812094972e-05,-3.863273434490111e-08,-5.928288260292902e-08,-1.0,0.20000000298023224,0.0,0.0,0.0,0.0697445273399353,0.051884014159440994,-0.41870054602622986,0.46902358531951904,0.2955210506916046,0.47589367628097534,-0.3815947473049164,-0.8836979269981384,-0.6774757504463196,-1.0338788032531738,1.6728506088256836,1.674681305885315,-2.2149345874786377,-2.2288858890533447,0.5102421045303345,0.8917016386985779,-0.3051620125770569,1.6713721752166748,-0.9776850938796997,-0.21626758575439453,1.5479422807693481,-0.8180899024009705,3.1253974437713623,1.2021514177322388,-0.1981806457042694,0.08736635744571686,-3.7049953937530518,-0.302527517080307,0.22715552151203156,0.239437997341156,-0.7920235395431519,1.1967240571975708,-0.38656002283096313,0.050984933972358704,0.9249612092971802,-0.5558697581291199,1.4259446859359741,0.5945271849632263,0.807403028011322,1.506108045578003,-1.2593326568603516,-1.1999702453613281,5.741000175476074,0.18021970987319946,0.20742373168468475,-0.8405666947364807,1.2094489336013794,-0.3135281801223755,0.10555984824895859,0.9156365394592285,-0.4688225984573364,1.3855929374694824,0.57343989610672,0.8003315329551697,1.4669253826141357,-1.3289724588394165,-1.203680157661438,0.09353651851415634,0.08954702317714691,-0.42978280782699585,0.5405272245407104,0.2695363759994507,0.46914419531822205,-0.3330160975456238,-0.9065298438072205,-0.6477201581001282,-1.0209400653839111,2.036611557006836,2.302241563796997,-2.2674734592437744,-2.255117893218994,0.07269932329654694,0.05704210698604584,-0.42209336161613464,0.4825970530509949,0.2920149862766266,0.47494956851005554,-0.3679846227169037,-0.8918885588645935,-0.6692579984664917,-1.0304663181304932,1.673078179359436,1.6745253801345825,-2.2358412742614746,-2.232464075088501,0.2529241740703583,0.43409907817840576,-0.30380645394325256,1.1687641143798828,-0.365723580121994,-0.0980430394411087,1.1512370109558105,-0.7115920186042786,0.3583754599094391,0.10214389115571976,0.08201130479574203,-0.025542717427015305,-0.8296495079994202,-0.5546532869338989
0.302,6.827785455243429e-06,-3.021497104782611e-05,-0.0025890595279634,-1.0200663382420316e-05,-1.002183671516832e-05,-9.25096173887141e-06,-1.0618043333465721e-08,2.874211268988347e-08,-1.0,0.20000000298023224,0.0,0.0,0.0,0.07415894418954849,0.06294049322605133,-0.4232538640499115,0.4963090717792511,0.28581398725509644,0.4720204770565033,-0.3519553244113922,-0.9010248184204102,-0.6534083485603333,-1.0226801633834839,1.6726642847061157,1.6749484539031982,-2.2590816020965576,-2.245037794113159,0.18308955430984497,0.4586644172668457,-0.14750030636787415,1.2761892080307007,-0.30069929361343384,-0.07112567126750946,1.67695951461792,-0.7152708768844604,0.667972981929779,0.22467218339443207,0.08468831330537796,-0.10750271379947662,-2.3763201236724854,-1.6007510423660278,0.18021970987319946,0.20742373168468475,-0.8405666947364807,1.2094489336013794,-0.3135281801223755,0.10555984824895859,0.9156365394592285,-0.4688225984573364,1.3855929374694824,0.57343989610672,0.8003315329551697,1.4669253826141357,-1.3289724588394165,-1.203680157661438,5.71999979019165,0.24644911289215088,0.19934849441051483,-0.8216767907142639,1.2151833772659302,-0.36054906249046326,0.08216556906700134,0.9404762983322144,-0.49953359365463257,1.4090759754180908,0.5779420137405396,0.8312576413154602,1.4665533304214478,-1.3643001317977905,-1.2007935047149658,0.09947412461042404,0.09157247096300125,-0.425993949174881,0.5539401173591614,0.26161420345306396,0.46557193994522095,-0.3119852542877197,-0.9147972464561462,-0.6315885186195374,-1.0132778882980347,2.0476150512695312,2.323648691177368,-2.2947888374328613,-2.2685537338256836,0.07613611221313477,0.06673280894756317,-0.4247206449508667,0.5068891644477844,0.2828887701034546,0.47135549783706665,-0.3392103612422943,-0.9054325819015503,-0.6504468321800232,-1.0217796564102173,1.6739085912704468,1.6741721630096436,-2.2665088176727295,-2.256608247756958,0.18956585228443146,0.34925419092178345,-0.13155584037303925,0.9255609512329102,-0.2776362895965576,-0.06329764425754547,0.9497982263565063,-0.26037275791168213,0.1291867196559906,0.03555671125650406,0.13479101657867432,-0.045706965029239655,0.11402624100446701,-0.7212854623794556
0.32,6.827785455243429e-06,-3.021497104782611e-05,-0.0025890595279634,1.6358821085304953e-05,-4.93323132104706e-05,1.2608516044565476e-05,-1.152652906455387e-08,-1.97342657770605e-08,-1.0,0.20000000298023224,0.0,0.0,0.0,0.08000174164772034,0.07187675684690475,-0.4245429039001465,0.5178406238555908,0.2772139012813568,0.4689038097858429,-0.327766478061676,-0.9102850556373596,-0.637505829334259,-1.0155000686645508,1.6736897230148315,1.675341010093689,-2.2808737754821777,-2.262579917907715,0.2664841115474701,0.4239563047885895,0.03927339240908623,1.3661253452301025,-0.25731465220451355,-0.07980500906705856,1.3582035303115845,-0.8701980710029602,0.8385833501815796,0.3267695903778076,0.04861268773674965,0.975048840045929,-2.581987142562866,-1.5296874046325684,0.24644911289215088,0.19934849441051483,-0.8216767907142639,1.2151833772659302,-0.36054906249046326,0.08216556906700134,0.9404762983322144,-0.49953359365463257,1.4090759754180908,0.5779420137405396,0.8312576413154602,1.4665533304214478,-1.3643001317977905,-1.2007935047149658,5.701000213623047,0.26206377148628235,0.2035415768623352,-0.8149621486663818,1.2112573385238647,-0.3523491322994232,0.08202670514583588,0.9689136147499084,-0.49728792905807495,1.427673578262329,0.5758066773414612,0.8265519738197327,1.4853219985961914,-1.3943345546722412,-1.2006103992462158,0.10578568279743195,0.09361213445663452,-0.4222913682460785,0.5642778277397156,0.2560964524745941,0.4627002477645874,-0.29231685400009155,-0.921186625957489,-0.6168234944343567,-1.007361650466919,2.0559473037719727,2.3426513671875,-2.3196444511413574,-2.2792840003967285,0.08000174164772034,0.07187675684690475,-0.4245429039001465,0.5178406238555908,0.2772139012813568,0.4689038097858429,-0.327766478061676,-0.9102850556373596,-0.637505829334259,-1.0155000686645508,1.6736897230148315,1.675341010093689,-2.2808737754821777,-2.262579917907715,0.2664841115474701,0.4239563047885895,0.03927339240908623,1.3661253452301025,-0.25731465220451355,-0.07980500906705856,1.3582035303115845,-0.8701980710029602,0.8385833501815796,0.3267695903778076,0.04861268773674965,0.975048840045929,-2.581987142562866,-1.5296874046325684
0.341,1.629340840736404e-05,-4.6992587158456445e-05,-0.0029405378736555576,4.92230465169996e-05,-0.00010334398393752053,3.6273293517297134e-05,2.515572106176478e-08,-6.723338685787894e-08,-1.0,0.20000000298023224,0.0,0.0,0.0,0.08557870984077454,0.07900580018758774,-0.4242539703845978,0.5333231091499329,0.26855161786079407,0.4673669934272766,-0.3100464642047882,-0.9155341386795044,-0.6223523020744324,-1.010963797569275,1.6741228103637695,1.6746888160705566,-2.301020383834839,-2.2716214656829834,0.45449548959732056,0.5295268297195435,0.013986928388476372,0.3679042458534241,-0.5605148077011108,-0.06266558915376663,1.033778429031372,-0.3612861633300781,1.3563013076782227,0.7326428294181824,0.47077733278274536,-0.8385046124458313,-3.570434093475342,0.6718354821205139,0.26206377148628235,0.2035415768623352,-0.8149621486663818,1.2112573385238647,-0.3523491322994232,0.08202670514583588,0.9689136147499084,-0.49728792905807495,1.427673578262329,0.5758066773414612,0.8265519738197327,1.4853219985961914,-1.3943345546722412,-1.2006103992462158,5.681000232696533,0.22777312994003296,0.17902588844299316,-0.8291395902633667,1.2008925676345825,-0.34543049335479736,0.057511501014232635,1.0333898067474365,-0.5022225975990295,1.3916257619857788,0.6001697778701782,0.8152744770050049,1.5064669847488403,-1.4269607067108154,-1.224898099899292,0.10740585625171661,0.09279230237007141,-0.4207470715045929,0.5715115070343018,0.2523741126060486,0.4579513370990753,-0.27013450860977173,-0.9267915487289429,-0.6086162328720093,-1.0001922845840454,2.0614852905273438,2.3599677085876465,-2.342791795730591,-2.290297031402588,0.08557870984077454,0.07900580018758774,-0.4242539703845978,0.5333231091499329,0.26855161786079407,0.4673669934272766,-0.3100464642047882,-0.9155341386795044,-0.6223523020744324,-1.010963797569275,1.6741228103637695,1.6746888160705566,-2.301020383834839,-2.2716214656829834,0.45449548959732056,0.5295268297195435,0.013986928388476372,0.3679042458534241,-0.5605148077011108,-0.06266558915376663,1.033778429031372,-0.3612861633300781,1.3563013076782227,0.7326428294181824,0.47077733278274536,-0.8385046124458313,-3.570434093475342,0.6718354821205139
0.361,1.629340840736404e-05,-4.6992587158456445e-05,-0.0029405378736555576,8.879853339749388e-06,2.5797564376262017e-05,8.371558578801341e-06,2.654109891864209e-07,7.734428209005273e-08,-1.0,0.20000000298023224,0.0,0.0,0.0,0.09142033010721207,0.08260808885097504,-0.427470862865448,0.5566934943199158,0.26213258504867554,0.46255728602409363,-0.2996966242790222,-0.9366433620452881,-0.6114267706871033,-1.0020159482955933,1.708179235458374,1.73384428024292,-2.3511669635772705,-2.3182923793792725,0.18652889132499695,0.16518034040927887,-1.055171012878418,1.576158046722412,-0.1983935683965683,-0.09826094657182693,-1.2396973371505737,-2.497468948364258,0.19066675007343292,0.21612900495529175,9.125953674316406,13.640973091125488,-5.772337436676025,-7.978708267211914,0.22777312994003296,0.17902588844299316,-0.8291395902633667,1.2008925676345825,-0.34543049335479736,0.057511501014232635,1.0333898067474365,-0.5022225975990295,1.3916257619857788,0.6001697778701782,0.8152744770050049,1.5064669847488403,-1.4269607067108154,-1.224898099899292,5.660999774932861,0.07734088599681854,0.27202194929122925,-1.3033361434936523,0.9347864389419556,-0.3427489697933197,0.024959910660982132,0.7757226824760437,-0.05860346555709839,1.2101584672927856,0.6457312703132629,0.8965626955032349,1.4709292650222778,-1.5793540477752686,-1.5913708209991455,0.09365877509117126,0.10143604129552841,-0.4669312834739685,0.550687849521637,0.24966439604759216,0.45089706778526306,-0.2781553268432617,-0.8869135975837708,-0.6201971769332886,-0.9899007081985474,2.0740444660186768,2.370267152786255,-2.376549005508423,-2.335754632949829,0.09301906824111938,0.08422698825597763,-0.4317339360713959,0.5639633536338806,0.2602860629558563,0.46159884333610535,-0.30011051893234253,-0.9472686052322388,-0.6105055212974548,-1.0010979175567627,1.8142091035842896,1.9156324863433838,-2.3833775520324707,-2.3640685081481934,0.14725853502750397,0.1539190709590912,0.16218812763690948,-0.1021873727440834,-0.17160548269748688,-0.09137734025716782,1.436752200126648,0.7901261448860168,0.045633330941200256,0.03607558831572533,9.602471351623535,17.58804702758789,-0.18421930074691772,1.2655588388442993
0.383,2.5740200726431794e-05,-4.7163499402813613e-05,-0.0032093438785523176,-7.140907109715044e-05,-1.1899751370947342e-05,-4.50200132036116e-05,5.914094813874726e-08,-3.993075736730134e-08,-1.0,0.20000000298023224,0.0,0.0,0.0,0.09152736514806747,0.08812085539102554,-0.4344075918197632,0.5584244132041931,0.25768181681632996,0.4583507180213928,-0.2831662893295288,-0.916943371295929,-0.618681788444519,-0.991991400718689,1.903122901916504,2.0650572776794434,-2.380521059036255,-2.350118637084961,-0.05262371152639389,0.2558155953884125,-0.44921401143074036,-0.14157283306121826,-0.2291809618473053,-0.14839768409729004,1.8642340898513794,3.475384473800659,-0.6869428157806396,0.34963783621788025,7.3144707679748535,13.38202953338623,1.600511908531189,2.869429349899292,0.07734088599681854,0.27202194929122925,-1.3033361434936523,0.9347864389419556,-0.3427489697933197,0.024959910660982132,0.7757226824760437,-0.05860346555709839,1.2101584672927856,0.6457312703132629,0.8965626955032349,1.4709292650222778,-1.5793540477752686,-1.5913708209991455,5.639999866485596,-0.030819252133369446,0.31561607122421265,-1.104427456855774,0.9324769377708435,-0.2510443925857544,-0.24455226957798004,0.7204124331474304,-0.46758782863616943,1.2818611860275269,0.8864881992340088,0.9056001305580139,1.5961452722549438,-1.4462858438491821,-1.5380887985229492,0.07184509932994843,0.11271044611930847,-0.4839877784252167,0.5337979793548584,0.2566670775413513,0.41830241680145264,-0.290103018283844,-0.8959096670150757,-0.622291624546051,-0.9575917720794678,2.084995746612549,2.39102840423584,-2.3902478218078613,-2.366792678833008,0.09125792235136032,0.09019123762845993,-0.4389413297176361,0.5554028749465942,0.2559061348438263,0.4569028615951538,-0.26960545778274536,-0.8885613679885864,-0.6215057969093323,-0.9906748533248901,1.9627199172973633,2.1675939559936523,-2.358755588531494,-2.3045928478240967,-0.01939336396753788,0.19042013585567474,-0.4273067116737366,-0.13627661764621735,-0.14895570278167725,-0.1378975212574005,0.8811507821083069,1.9347840547561646,-0.09711460024118423,0.039340779185295105,4.957019329071045,8.798196792602539,1.993974208831787,3.8874735832214355
0.401,2.5740200726431794e-05,-4.7163499402813613e-05,-0.0032093438785523176,-1.5685924154240638e-05,4.627839007298462e-05,-6.465810656663962e-06,-1.591949967405526e-07,-6.913651162676615e-08,-1.0,0.20000000298023224,0.0,0.0,0.0,0.08813603967428207,0.09432703256607056,-0.44619691371917725,0.550731897354126,0.25644931197166443,0.4504816234111786,-0.2696148157119751,-0.8798931837081909,-0.6241074800491333,-0.9678641557693481,2.008711338043213,2.243305206298828,-2.3537955284118652,-2.2989115715026855,-0.3173442482948303,0.3679991364479065,-0.632537305355072,-0.5177112817764282,-0.011444791220128536,-0.5118222236633301,-0.430284321308136,-0.13247792422771454,0.006912176497280598,2.032731533050537,3.498473644256592,6.632786273956299,-0.19905968010425568,-1.4527980089187622,-0.030819252133369446,0.31561607122421265,-1.104427456855774,0.9324769377708435,-0.2510443925857544,-0.24455226957798004,0.7204124331474304,-0.46758782863616943,1.2818611860275269,0.8864881992340088,0.9056001305580139,1.5961452722549438,-1.4462858438491821,-1.5380887985229492,5.620999813079834,-0.08511391282081604,0.46576380729675293,-1.115883231163025,1.040614128112793,-0.29907941818237305,-0.3277015686035156,0.8358680605888367,-0.4457967281341553,1.069101095199585,0.9599322080612183,1.0475879907608032,1.5987353324890137,-1.5842251777648926,-1.4924890995025635,0.048964690417051315,0.13674473762512207,-0.4987785518169403,0.531099796295166,0.2574657201766968,0.38391178846359253,-0.28811559081077576,-0.9009274244308472,-0.645243227481842,-0.9244002103805542,2.1079554557800293,2.4078962802886963,-2.4150009155273438,-2.3870630264282227,0.0855463296175003,0.09704594314098358,-0.45305970311164856,0.5457108020782471,0.2563592791557312,0.44497883319854736,-0.27658435702323914,-0.8842132091522217,-0.6238760948181152,-0.9597296714782715,2.035459280014038,2.2931554317474365,-2.362260580062866,-2.3184549808502197,-0.23644393682479858,0.24938952922821045,-0.69599449634552,-0.349445641040802,-0.006923327222466469,-0.5387102961540222,-0.7830029726028442,-0.6084080934524536,0.028525516390800476,0.26668357849121094,2.1079695224761963,4.20395040512085,-1.273630976676941,-2.499396562576294
0.42,2.6615933165885508e-05,-2.5693980205687694e-05,-0.003579008160158992,4.4456686737248674e-05,-9.798708560992964e-06,-1.768228321452625e-05,1.1410956091140179e-07,2.670956078532072e-08,-1.0,0.20000000298023224,0.0,0.0,0.0,0.08067131042480469,0.10237367451190948,-0.46376800537109375,0.5410040020942688,0.2586567997932434,0.4344909191131592,-0.28215891122817993,-0.8934370279312134,-0.6407655477523804,-0.9349369406700134,2.0577774047851562,2.3318567276000977,-2.3934226036071777,-2.3526644706726074,-0.5610623955726624,0.5652772188186646,-1.0020620822906494,0.18221469223499298,-0.11344610154628754,-0.8788852691650391,-0.4799341559410095,-1.2375245094299316,-1.0559642314910889,2.2245795726776123,1.9371360540390015,4.4293413162231445,-2.955591917037964,-4.285974025726318,-0.08511391282081604,0.46576380729675293,-1.115883231163025,1.040614128112793,-0.29907941818237305,-0.3277015686035156,0.8358680605888367,-0.4457967281341553,1.069101095199585,0.9599322080612183,1.0475879907608032,1.5987353324890137,-1.5842251777648926,-1.4924890995025635,5.60099983215332,-0.067581407725811,0.4042322039604187,-1.2245447635650635,1.0961638689041138,-0.2577926218509674,-0.3717002868652344,0.8559878468513489,-0.4485534429550171,0.9966402649879456,0.9956983923912048,1.1119345426559448,1.5655593872070312,-1.6962400674819946,-1.438776969909668,0.03241360932588577,0.149819016456604,-0.5214773416519165,0.5344962477684021,0.26223331689834595,0.3519994020462036,-0.2845136821269989,-0.9052172899246216,-0.6708505749702454,-0.8942703604698181,2.1327579021453857,2.4180731773376465,-2.446004867553711,-2.3979082107543945,0.08067131042480469,0.10237367451190948,-0.46376800537109375,0.5410040020942688,0.2586567997932434,0.4344909191131592,-0.28215891122817993,-0.8934370279312134,-0.6407655477523804,-0.9349369406700134,2.0577774047851562,2.3318567276000977,-2.3934226036071777,-2.3526644706726074,-0.5610623955726624,0.5652772188186646,-1.0020620822906494,0.18221469223499298,-0.11344610154628754,-0.8788852691650391,-0.4799341559410095,-1.2375245094299316,-1.0559642314910889,2.2245795726776123,1.9371360540390015,4.4293413162231445,-2.955591917037964,-4.285974025726318
0.441,2.6615933165885508e-05,-2.5693980205687694e-05,-0.003579008160158992,2.9423104933812283e-05,-3.1235078949976014e-06,-3.718329389812425e-05,5.384656986962e-08,-2.078983651898625e-09,-1.0,0.20000000298023224,0.0,0.0,0.0,0.06906170397996902,0.11402671784162521,-0.4838676452636719,0.5407012104988098,0.26124873757362366,0.41187021136283875,-0.28492408990859985,-0.9040685296058655,-0.6675788760185242,-0.8995046019554138,2.0914103984832764,2.3815741539001465,-2.440786838531494,-2.3915634155273438,-0.574066162109375,0.5427749752998352,-1.0114035606384277,0.3543490767478943,-0.054407939314842224,-1.1218596696853638,-0.008382311090826988,-0.43159377574920654,-0.8273186087608337,1.367393970489502,1.5879257917404175,2.44773268699646,-1.5975340604782104,-1.5843544006347656,-0.067581407725811,0.4042322039604187,-1.2245447635650635,1.0961638689041138,-0.2577926218509674,-0.3717002868652344,0.8559878468513489,-0.4485534429550171,0.9966402649879456,0.9956983923912048,1.1119345426559448,1.5655593872070312,-1.6962400674819946,-1.438776969909668,5.580999851226807,-0.027063921093940735,0.3444889187812805,-1.1555193662643433,1.1587868928909302,-0.2432737499475479,-0.3820875287055969,0.9865055680274963,-0.5644586086273193,1.0157467126846313,1.0235368013381958,1.1046725511550903,1.6139752864837646,-1.6986961364746094,-1.414228916168213,0.023224495351314545,0.1543041169643402,-0.5327337980270386,0.5434756875038147,0.26749926805496216,0.3254307806491852,-0.2685803771018982,-0.9202396869659424,-0.6894258260726929,-0.8673826456069946,2.1518735885620117,2.431056022644043,-2.4710536003112793,-2.4041295051574707,0.06390141695737839,0.11890985071659088,-0.49248000979423523,0.5394972562789917,0.2610779404640198,0.4011746942996979,-0.28523334860801697,-0.9044754505157471,-0.6711087226867676,-0.895106852054596,2.10440993309021,2.3936681747436523,-2.446849822998047,-2.396296262741089,-0.479949414730072,0.46011027693748474,-0.768230140209198,0.6292352676391602,-0.0009886205662041903,-1.0059083700180054,-0.008904867805540562,-0.45583680272102356,-0.13572029769420624,0.052040793001651764,1.087404727935791,2.37504243850708,-0.13163025677204132,-1.1487540006637573
0.463,3.1086456147022545e-06,-8.381834777537733e-05,-0.003919409587979317,4.671337592299096e-05,5.417028660303913e-06,-0.00010850063699763268,-5.083683696227581e-09,1.1671326127782322e-08,-1.0,0.20000000298023224,0.0,0.0,0.0,0.05727756768465042,0.12525612115859985,-0.5027364492416382,0.5429425835609436,0.2642039954662323,0.38628867268562317,-0.28007206320762634,-0.9115154147148132,-0.6853840947151184,-0.8725338578224182,2.117237091064453,2.4084646701812744,-2.4648277759552,-2.3975605964660645,-0.601769745349884,0.5229102373123169,-0.9179129004478455,1.3517026901245117,-0.032794274389743805,-1.15839684009552,0.8944299817085266,-1.5339268445968628,-0.9318128228187561,1.1621578931808472,1.2501267194747925,3.453042984008789,-2.3089942932128906,-1.8785083293914795,-0.027063921093940735,0.3444889187812805,-1.1555193662643433,1.1587868928909302,-0.2432737499475479,-0.3820875287055969,0.9865055680274963,-0.5644586086273193,1.0157467126846313,1.0235368013381958,1.1046725511550903,1.6139752864837646,-1.6986961364746094,-1.414228916168213,5.559000015258789,0.02387368306517601,0.3125861883163452,-1.1628265380859375,1.1902114152908325,-0.21725942194461823,-0.3632625341415405,0.983203113079071,-0.5280895233154297,1.0516115427017212,1.0298961400985718,1.116294026374817,1.5594124794006348,-1.7345683574676514,-1.352056860923767,0.020966965705156326,0.15470191836357117,-0.5424696803092957,0.5538017153739929,0.27431347966194153,0.3060583770275116,-0.25616398453712463,-0.9286206960678101,-0.700699508190155,-0.8452365398406982,2.168328285217285,2.435986042022705,-2.4946796894073486,-2.4028892517089844,0.05235441029071808,0.12938687205314636,-0.5097353458404541,0.5431437492370605,0.2644139528274536,0.37534812092781067,-0.2735515236854553,-0.9163954257965088,-0.6894861459732056,-0.8688133955001831,2.128105878829956,2.415653705596924,-2.472341537475586,-2.401259660720825,-0.4477255344390869,0.3790537714958191,-0.5956173539161682,1.392472743988037,0.036082733422517776,-1.0233690738677979,0.49640944600105286,-1.1800740957260132,-0.15636171400547028,0.0447082482278347,0.9389967918395996,2.954284429550171,0.015118610113859177,-2.030911445617676
0.481,3.1086456147022545e-06,-8.381834777537733e-05,-0.003919409587979317,5.242711631581187e-05,2.8430587917682715e-05,-0.00011040407116524875,-9.148335422537457e-09,2.709610313900157e-08,-1.0,0.20000000298023224,0.0,0.0,0.0,0.04617791250348091,0.13324953615665436,-0.5184555649757385,0.5502467751502991,0.26739224791526794,0.36171188950538635,-0.2646542191505432,-0.9249730110168457,-0.6993048191070557,-0.8508092761039734,2.1399946212768555,2.4297919273376465,-2.488787889480591,-2.4032583236694336,-0.4612572193145752,0.3540551960468292,-0.6781472563743591,1.5201711654663086,0.08813780546188354,-1.0702674388885498,0.9117634892463684,-1.207863688468933,-0.4731167256832123,1.0520026683807373,1.0953320264816284,2.7935781478881836,-1.4529469013214111,-1.3594801425933838,0.02387368306517601,0.3125861883163452,-1.1628265380859375,1.1902114152908325,-0.21725942194461823,-0.3632625341415405,0.983203113079071,-0.5280895233154297,1.0516115427017212,1.0298961400985718,1.116294026374817,1.5594124794006348,-1.7345683574676514,-1.352056860923767,5.540999889373779,0.07476001977920532,0.25844258069992065,-1.1076003313064575,1.230624794960022,-0.21299345791339874,-0.3330339789390564,1.0649235248565674,-0.5655909180641174,1.0836328268051147,1.005751132965088,1.1047765016555786,1.5665801763534546,-1.7405283451080322,-1.3241093158721924,0.024249574169516563,0.14960579574108124,-0.5447357892990112,0.5661038756370544,0.28019145131111145,0.29358330368995667,-0.23805883526802063,-0.9390756487846375,-0.7065163850784302,-0.8299341201782227,2.18034029006958,2.4406468868255615,-2.514176607131958,-2.399102210998535,0.04243391379714012,0.1363288313150406,-0.5237860083580017,0.5513354539871216,0.2683933973312378,0.35169968008995056,-0.2589511573314667,-0.9267569184303284,-0.7012048363685608,-0.8472620844841003,2.1492269039154053,2.4308362007141113,-2.4925901889801025,-2.402526378631592,-0.34062138199806213,0.2884368598461151,-0.4693354070186615,1.5391182899475098,0.10020744800567627,-0.936408281326294,0.3768298923969269,-0.9922323226928711,-0.06028416007757187,0.06758590042591095,0.7758925557136536,2.5335636138916016,0.05961073935031891,-1.7170612812042236
0.502,-0.00024054732057265937,-0.0004941447987221181,-0.0043870448134839535,5.288667307468131e-05,1.4049614037503488e-05,-0.00011646685015875846,-1.462629128923254e-08,6.373236161039131e-09,-1.0,0.20000000298023224,0.0,0.0,0.0,0.041255198419094086,0.13689014315605164,-0.5308681130409241,0.5595076084136963,0.2712274491786957,0.33975324034690857,-0.2502323091030121,-0.9344871044158936,-0.7065349221229553,-0.8346655964851379,2.1585099697113037,2.441375732421875,-2.507390260696411,-2.4006247520446777,-0.20383746922016144,0.15825100243091583,-0.45309028029441833,1.6870988607406616,0.15705342590808868,-0.9035576581954956,1.0866848230361938,-1.2636946439743042,-0.18049432337284088,0.648861289024353,0.7874184846878052,2.5692973136901855,-1.7094327211380005,-1.0150915384292603,0.07476001977920532,0.25844258069992065,-1.1076003313064575,1.230624794960022,-0.21299345791339874,-0.3330339789390564,1.0649235248565674,-0.5655909180641174,1.0836328268051147,1.005751132965088,1.1047765016555786,1.5665801763534546,-1.7405283451080322,-1.3241093158721924,5.519999980926514,0.12264072895050049,0.22557760775089264,-1.0802162885665894,1.2509552240371704,-0.20687676966190338,-0.3077446222305298,1.1033509969711304,-0.5738650560379028,1.1181089878082275,0.9767217040061951,1.0923632383346558,1.5606812238693237,-1.7566297054290771,-1.2940516471862793,0.03166373074054718,0.1422424018383026,-0.543810248374939,0.5779786109924316,0.285505473613739,0.28613218665122986,-0.21973197162151337,-0.9482670426368713,-0.7077222466468811,-0.8205951452255249,2.188708543777466,2.4437856674194336,-2.5313844680786133,-2.393066883087158,0.038782548159360886,0.13875867426395416,-0.5340337157249451,0.561338484287262,0.2727017402648926,0.33137279748916626,-0.24276205897331238,-0.9366233944892883,-0.7070834636688232,-0.832353949546814,2.165482997894287,2.439997434616089,-2.5128567218780518,-2.3983066082000732,-0.24329234659671783,0.18470348417758942,-0.26594576239585876,1.656089186668396,0.1365824192762375,-0.7799021005630493,0.530605673789978,-1.0651291608810425,-0.005862894002348185,0.05596395581960678,0.6010923385620117,2.3473803997039795,0.004678153432905674,-1.679668664932251
0.52,-0.00024054732057265937,-0.0004941447987221181,-0.0043870448134839535,4.500016802921891e-05,-4.028303465020144e-06,-0.00011871441529365256,3.581621044190797e-08,-2.6207510828157865e-08,-1.0,0.20000000298023224,0.0,0.0,0.0,0.03878945857286453,0.13815639913082123,-0.5363407135009766,0.5653653740882874,0.2755333185195923,0.32164955139160156,-0.2321034073829651,-0.943187952041626,-0.7086753249168396,-0.8241514563560486,2.172884941101074,2.440122365951538,-2.528773784637451,-2.393115282058716,-0.09973535686731339,0.059686534106731415,-0.16694599390029907,1.844010353088379,0.19408217072486877,-0.7156529426574707,1.157499074935913,-1.4232439994812012,0.060141850262880325,0.26929327845573425,0.6290977001190186,2.464055061340332,-1.1238279342651367,-1.5684388875961304,0.12264072895050049,0.22557760775089264,-1.0802162885665894,1.2509552240371704,-0.20687676966190338,-0.3077446222305298,1.1033509969711304,-0.5738650560379028,1.1181089878082275,0.9767217040061951,1.0923632383346558,1.5606812238693237,-1.7566297054290771,-1.2940516471862793,5.500999927520752,0.15671545267105103,0.20404890179634094,-1.04482102394104,1.2665314674377441,-0.21752257645130157,-0.2816935181617737,1.118119716644287,-0.5640944838523865,1.1541893482208252,0.9493812918663025,1.087289810180664,1.5487167835235596,-1.7702053785324097,-1.268235445022583,0.041002530604600906,0.13419881463050842,-0.5395302772521973,0.5890360474586487,0.2886921167373657,0.282776415348053,-0.20359361171722412,-0.9546431303024292,-0.7050788402557373,-0.815858006477356,2.1948959827423096,2.4451003074645996,-2.546508312225342,-2.3856570720672607,0.03878945857286453,0.13815639913082123,-0.5363407135009766,0.5653653740882874,0.2755333185195923,0.32164955139160156,-0.2321034073829651,-0.943187952041626,-0.7086753249168396,-0.8241514563560486,2.172884941101074,2.440122365951538,-2.528773784637451,-2.393115282058716,-0.09973535686731339,0.059686534106731415,-0.16694599390029907,1.844010353088379,0.19408217072486877,-0.7156529426574707,1.157499074935913,-1.4232439994812012,0.060141850262880325,0.26929327845573425,0.6290977001190186,2.464055061340332,-1.1238279342651367,-1.5684388875961304
0.542,-0.00029575801454484463,-0.0005875923670828342,-0.004739719908684492,-6.254282197915018e-05,-1.3327670785656665e-05,0.00010226161248283461,7.343381724922438e-08,-5.2740748657242875e-08,-1.0,0.20000000298023224,0.0,0.0,0.0,0.03845454752445221,0.13760200142860413,-0.5378818511962891,0.5731422305107117,0.27982810139656067,0.3077631890773773,-0.21579405665397644,-0.9514425992965698,-0.7071406841278076,-0.8189181089401245,2.183429002761841,2.4397430419921875,-2.5409843921661377,-2.389559030532837,0.09445920586585999,-0.0964435264468193,0.05252911150455475,1.9294204711914062,0.2016114443540573,-0.5127753019332886,1.1525743007659912,-1.405250906944275,0.353741854429245,0.07569772750139236,0.4933776259422302,2.5276496410369873,-1.5913989543914795,-1.1546120643615723,0.15671545267105103,0.20404890179634094,-1.04482102394104,1.2665314674377441,-0.21752257645130157,-0.2816935181617737,1.118119716644287,-0.5640944838523865,1.1541893482208252,0.9493812918663025,1.087289810180664,1.5487167835235596,-1.7702053785324097,-1.268235445022583,5.480000019073486,0.18514426052570343,0.1879069209098816,-1.0281935930252075,1.2730566263198853,-0.20771802961826324,-0.26893359422683716,1.1396067142486572,-0.5685200691223145,1.1764214038848877,0.9255816340446472,1.0736258029937744,1.5528733730316162,-1.7876904010772705,-1.2551203966140747,0.051316455006599426,0.1261497437953949,-0.5344436168670654,0.5985345244407654,0.29222190380096436,0.28136777877807617,-0.188534215092659,-0.9601864814758301,-0.7007409334182739,-0.8144482374191284,2.198479413986206,2.4465675354003906,-2.5603556632995605,-2.378417730331421,0.0385315977036953,0.13737556338310242,-0.5379353165626526,0.5771279335021973,0.2814434766769409,0.30309826135635376,-0.20788967609405518,-0.9534168839454651,-0.7055132985115051,-0.8183919191360474,2.1873209476470947,2.4391379356384277,-2.5451550483703613,-2.3885087966918945,-0.00927144754678011,-0.008127416484057903,-0.02312217466533184,1.8813661336898804,0.13881562650203705,-0.4286418855190277,0.5320208072662354,-1.0303291082382202,0.06518321484327316,0.037674400955438614,0.3204230070114136,2.529120922088623,0.10566944628953934,-1.6821503639221191
0.56,-0.00029575801454484463,-0.0005875923670828342,-0.004739719908684492,4.773297405336052e-05,-1.5897931007202715e-05,-0.00011566602915991098,6.285384301918384e-08,-6.705287347585909e-08,-1.0,0.20000000298023224,0.0,0.0,0.0,0.040715958923101425,0.13519150018692017,-0.5369037389755249,0.5848283767700195,0.28390881419181824,0.2977444529533386,-0.19990947842597961,-0.9587142467498779,-0.7028270959854126,-0.8165034055709839,2.1912481784820557,2.4405829906463623,-2.555666446685791,-2.381673574447632,0.16575251519680023,-0.17780263721942902,0.16361765563488007,1.9178788661956787,0.18808262050151825,-0.3560470938682556,1.1074233055114746,-1.2503786087036133,0.4077725410461426,-0.12332161515951157,0.3313848376274109,2.5658249855041504,-1.4540507793426514,-1.3771218061447144,0.18514426052570343,0.1879069209098816,-1.0281935930252075,1.2730566263198853,-0.20771802961826324,-0.26893359422683716,1.1396067142486572,-0.5685200691223145,1.1764214038848877,0.9255816340446472,1.0736258029937744,1.5528733730316162,-1.7876904010772705,-1.2551203966140747,5.460999965667725,0.20358499884605408,0.18519195914268494,-1.012596607208252,1.2712033987045288,-0.204071044921875,-0.27249836921691895,1.1453877687454224,-0.5771459341049194,1.192505955696106,0.9190764427185059,1.06699538230896,1.5564543008804321,-1.7975409030914307,-1.2424312829971313,0.06141166388988495,0.11943899095058441,-0.5288145542144775,0.6059479713439941,0.2954104244709015,0.279884397983551,-0.17590859532356262,-0.9654837846755981,-0.6956622004508972,-0.8139709234237671,2.200683116912842,2.4480996131896973,-2.572418689727783,-2.3713572025299072,0.040715958923101425,0.13519150018692017,-0.5369037389755249,0.5848283767700195,0.28390881419181824,0.2977444529533386,-0.19990947842597961,-0.9587142467498779,-0.7028270959854126,-0.8165034055709839,2.1912481784820557,2.4405829906463623,-2.555666446685791,-2.381673574447632,0.16575251519680023,-0.17780263721942902,0.16361765563488007,1.9178788661956787,0.18808262050151825,-0.3560470938682556,1.1074233055114746,-1.2503786087036133,0.4077725410461426,-0.12332161515951157,0.3313848376274109,2.5658249855041504,-1.4540507793426514,-1.3771218061447144
0.581,-0.00034501045593060553,-0.00066136266104877,-0.005090328864753246,4.1957024222938344e-05,1.1869573427247815e-05,-0.00012419569247867912,5.397549784902367e-08,-4.259016250784953e-08,-1.0,0.20000000298023224,0.0,0.0,0.0,0.04510530084371567,0.13118167221546173,-0.5337015986442566,0.595333993434906,0.2878881096839905,0.2905966639518738,-0.18300405144691467,-0.9646296501159668,-0.6973856091499329,-0.8158686757087708,2.1967597007751465,2.4425466060638428,-2.570141077041626,-2.374051809310913,0.20565111935138702,-0.14710138738155365,0.18407966196537018,1.0228902101516724,0.1687496304512024,-0.23935475945472717,0.8284451961517334,-0.6766351461410522,0.3650470972061157,-0.06944184750318527,0.1972837746143341,1.455517292022705,-0.5155277252197266,-0.7317174077033997,0.20358499884605408,0.18519195914268494,-1.012596607208252,1.2712033987045288,-0.204071044921875,-0.27249836921691895,1.1453877687454224,-0.5771459341049194,1.192505955696106,0.9190764427185059,1.06699538230896,1.5564543008804321,-1.7975409030914307,-1.2424312829971313,5.440999984741211,0.19783611595630646,0.16636285185813904,-0.9719141721725464,1.269176959991455,-0.21866297721862793,-0.2929916977882385,1.179467797279358,-0.6034320592880249,1.1850799322128296,0.9351198077201843,1.0634512901306152,1.5722181797027588,-1.7954821586608887,-1.2374458312988281,0.06891294568777084,0.1121874749660492,-0.5202430486679077,0.6116760969161987,0.2965020537376404,0.2766483426094055,-0.16240009665489197,-0.9723502397537231,-0.6923418045043945,-0.8119847774505615,2.202091693878174,2.450901508331299,-2.5818631649017334,-2.3652102947235107,0.04510530084371567,0.13118167221546173,-0.5337015986442566,0.595333993434906,0.2878881096839905,0.2905966639518738,-0.18300405144691467,-0.9646296501159668,-0.6973856091499329,-0.8158686757087708,2.1967597007751465,2.4425466060638428,-2.570141077041626,-2.374051809310913,0.20565111935138702,-0.14710138738155365,0.18407966196537018,1.0228902101516724,0.1687496304512024,-0.23935475945472717,0.8284451961517334,-0.6766351461410522,0.3650470972061157,-0.06944184750318527,0.1972837746143341,1.455517292022705,-0.5155277252197266,-0.7317174077033997
0.601,-0.00034501045593060553,-0.00066136266104877,-0.005090328864753246,-6.60467630950734e-05,-4.7437472971978423e-07,0.00010294611274730414,3.411481230841673e-08,-2.11260910987221e-08,-1.0,0.20000000298023224,0.0,0.0,0.0,0.05052892491221428,0.1267600804567337,-0.5297516584396362,0.6044668555259705,0.29128000140190125,0.28512173891067505,-0.17113558948040009,-0.968781054019928,-0.6935418248176575,-0.8135520815849304,2.199321746826172,2.444432497024536,-2.5797078609466553,-2.3662028312683105,0.2503836452960968,-0.2228603959083557,0.2884068191051483,-1.3352572917938232,0.12055372446775436,-0.18499842286109924,0.8370990753173828,0.8953707218170166,0.289113312959671,-0.039715927094221115,0.11761259287595749,-2.8287241458892822,-0.9355002641677856,2.2201266288757324,0.19783611595630646,0.16636285185813904,-0.9719141721725464,1.269176959991455,-0.21866297721862793,-0.2929916977882385,1.179467797279358,-0.6034320592880249,1.1850799322128296,0.9351198077201843,1.0634512901306152,1.5722181797027588,-1.7954821586608887,-1.2374458312988281,5.421000003814697,0.13538166880607605,0.09179328382015228,-0.9776206016540527,1.2382879257202148,-0.24258850514888763,-0.340859591960907,1.2287458181381226,-0.6510593891143799,1.107431411743164,0.9874354004859924,1.0483617782592773,1.5857157707214355,-1.7864278554916382,-1.2627170085906982,0.06866852939128876,0.09892931580543518,-0.5139564871788025,0.6131696701049805,0.29498279094696045,0.26927271485328674,-0.14666549861431122,-0.9826061129570007,-0.6974503397941589,-0.8051642775535583,2.201709508895874,2.4544928073883057,-2.5885133743286133,-2.3628199100494385,0.05251440033316612,0.1251511573791504,-0.5275166630744934,0.6063491702079773,0.2922094464302063,0.28345102071762085,-0.1656208038330078,-0.969663679599762,-0.6924314498901367,-0.8134971261024475,2.2002062797546387,2.442808151245117,-2.5814406871795654,-2.364046335220337,0.17958158254623413,-0.143291175365448,0.18766091763973236,-1.4341118335723877,0.07943253219127655,-0.15021097660064697,0.35944366455078125,0.9148138761520386,0.02748287096619606,0.017679940909147263,0.06969898194074631,-2.813509941101074,0.13311155140399933,1.796265959739685
0.622,-0.000303850625641644,-0.000593506614677608,-0.005354662891477346,6.239412323338911e-05,-6.764789759472478e-06,-0.00011175176041433588,5.503085276359343e-08,-4.504762429746734e-08,-1.0,0.20000000298023224,0.0,0.0,0.0,0.05395832285284996,0.12116196751594543,-0.5240959525108337,0.6121251583099365,0.2917681634426117,0.2796323001384735,-0.15677706897258759,-0.9783158898353577,-0.6960792541503906,-0.8071330785751343,2.1993818283081055,2.4521889686584473,-2.5892651081085205,-2.3632330894470215,0.14386776089668274,-0.3000779151916504,0.26244163513183594,1.6981121301651,0.021910851821303368,-0.20788894593715668,0.914118230342865,-1.467556118965149,-0.39449745416641235,0.19859038293361664,0.071465402841568,2.84733247756958,-0.5432636141777039,-1.5980393886566162,0.13538166880607605,0.09179328382015228,-0.9776206016540527,1.2382879257202148,-0.24258850514888763,-0.340859591960907,1.2287458181381226,-0.6510593891143799,1.107431411743164,0.9874354004859924,1.0483617782592773,1.5857157707214355,-1.7864278554916382,-1.2627170085906982,5.400000095367432,0.19036708772182465,0.22603975236415863,-1.0193032026290894,1.2302467823028564,-0.19925568997859955,-0.3356878161430359,1.127037763595581,-0.5608697533607483,1.176949143409729,0.9889227151870728,1.0568013191223145,1.5700691938400269,-1.808750033378601,-1.2207242250442505,0.07397153228521347,0.10174743086099625,-0.513095498085022,0.6135604381561279,0.29810065031051636,0.2638894021511078,-0.1442486196756363,-0.9817918539047241,-0.694585382938385,-0.7995591759681702,2.2022478580474854,2.455801248550415,-2.5960657596588135,-2.356708288192749,0.05536352097988129,0.11861681193113327,-0.5217981338500977,0.612554132938385,0.2921268343925476,0.27768853306770325,-0.1504850834608078,-0.9806534051895142,-0.6977614760398865,-0.806300699710846,2.2000973224639893,2.4511070251464844,-2.5886805057525635,-2.3630385398864746,0.13404691219329834,-0.23365460336208344,0.2016466110944748,1.7291713953018188,0.03875453770160675,-0.1827339082956314,0.42936596274375916,-1.1806498765945435,-0.06386920064687729,0.032985638827085495,0.06348656117916107,2.5092296600341797,0.2784307897090912,-1.800493836402893
0.641,-0.000303850625641644,-0.000593506614677608,-0.005354662891477346,4.503339368966408e-05,2.6382735086372122e-05,-0.00011372238077456132,4.9150148839771646e-08,-5.0472582557858914e-08,-1.0,0.20000000298023224,0.0,0.0,0.0,0.058558546006679535,0.11822282522916794,-0.5195584893226624,0.6133663058280945,0.29367661476135254,0.2740647494792938,-0.14620964229106903,-0.9810752272605896,-0.6969186067581177,-0.8010261654853821,2.2007861137390137,2.450495958328247,-2.591355323791504,-2.363154888153076,0.27643057703971863,0.011341322213411331,0.21328283846378326,0.6614336371421814,0.11260131746530533,-0.2121555656194687,0.427471786737442,-0.373966246843338,0.353315532207489,0.12153556942939758,0.09618928283452988,1.2037017345428467,-0.6581981182098389,-0.41054248809814453,0.19036708772182465,0.22603975236415863,-1.0193032026290894,1.2302467823028564,-0.19925568997859955,-0.3356878161430359,1.127037763595581,-0.5608697533607483,1.176949143409729,0.9889227151870728,1.0568013191223145,1.5700691938400269,-1.808750033378601,-1.2207242250442505,5.38100004196167,0.17014087736606598,0.18182852864265442,-0.975853681564331,1.2367217540740967,-0.19404155015945435,-0.3633396625518799,1.215667486190796,-0.6162561178207397,1.1521669626235962,1.0097582340240479,1.0400499105453491,1.5974916219711304,-1.8128830194473267,-1.2219264507293701,0.07619131356477737,0.0995807945728302,-0.5080617666244507,0.6145205497741699,0.30111637711524963,0.2568175792694092,-0.1334521472454071,-0.9866790771484375,-0.6947715878486633,-0.7929915189743042,2.201003313064575,2.459590196609497,-2.6025209426879883,-2.3519394397735596,0.060262735933065414,0.11675214767456055,-0.5180359482765198,0.6142085194587708,0.2944796681404114,0.272106409072876,-0.14452454447746277,-0.9811630845069885,-0.6952887177467346,-0.8006117939949036,2.201251745223999,2.451866865158081,-2.5934054851531982,-2.3596391677856445,0.14253488183021545,-0.16734051704406738,0.11345575004816055,1.7144500017166138,0.06445639580488205,-0.18026188015937805,0.04043024778366089,-1.013580083847046,0.064873605966568,0.013051466085016727,0.01615152880549431,2.6953177452087402,-0.09125062078237534,-1.3802138566970825
0.663,-0.0003523165360093117,-0.0006977065349929035,-0.00568119203671813,6.786932499380782e-05,-7.064990768412827e-06,-0.00010162106627831236,4.3339774435935396e-08,-6.605367275369645e-08,-1.0,0.20000000298023224,0.0,0.0,0.0,0.06358402967453003,0.11313236504793167,-0.5151782035827637,0.6156322360038757,0.29628342390060425,0.26806652545928955,-0.1392032504081726,-0.9848747849464417,-0.6956687569618225,-0.7946078777313232,2.1993625164031982,2.45186710357666,-2.602252721786499,-2.3525006771087646,0.15581943094730377,-0.17342938482761383,0.16088536381721497,1.6898131370544434,0.09480516612529755,-0.22722648084163666,0.505663275718689,-1.2247331142425537,0.11405669152736664,0.17174938321113586,0.023995578289031982,2.6534175872802734,-0.6136955618858337,-1.6220122575759888,0.17014087736606598,0.18182852864265442,-0.975853681564331,1.2367217540740967,-0.19404155015945435,-0.3633396625518799,1.215667486190796,-0.6162561178207397,1.1521669626235962,1.0097582340240479,1.0400499105453491,1.5974916219711304,-1.8128830194473267,-1.2219264507293701,5.359000205993652,0.18538056313991547,0.2167876809835434,-1.0044902563095093,1.2321314811706543,-0.1922188103199005,-0.36297720670700073,1.1772379875183105,-0.5822305083274841,1.1753193140029907,1.0123481750488281,1.0332330465316772,1.5846636295318604,-1.8229033946990967,-1.2019768953323364,0.07949110865592957,0.10134340822696686,-0.5068984031677246,0.6148295998573303,0.3037112355232239,0.25119635462760925,-0.12865790724754333,-0.9871863722801208,-0.6926053762435913,-0.7874783873558044,2.1993260383605957,2.461338520050049,-2.608687162399292,-2.3461294174194336,0.06479942798614502,0.11170446872711182,-0.513736367225647,0.6158851385116577,0.29708269238471985,0.2659563422203064,-0.13600043952465057,-0.9857299327850342,-0.695192277431488,-0.7939639687538147,2.1996288299560547,2.4509079456329346,-2.6032562255859375,-2.352858304977417,0.10918708890676498,-0.12977588176727295,0.12395070493221283,1.6980137825012207,0.06924460083246231,-0.19758276641368866,0.21083998680114746,-1.090132713317871,0.016047442331910133,0.019565263763070107,0.022283311933279037,2.6603972911834717,0.09865796566009521,-1.8687305450439453
0.681,-0.0003523165360093117,-0.0006977065349929035,-0.00568119203671813,-8.973444892035332e-06,4.541502221400151e-06,8.798470662441105e-05,2.6513294670849064e-08,-1.7568829946412734e-08,-1.0,0.20000000298023224,0.0,0.0,0.0,0.06755203753709793,0.1119958832859993,-0.5119081139564514,0.6161901354789734,0.2987864911556244,0.2623824179172516,-0.13122451305389404,-0.9865173101425171,-0.6948049068450928,-0.7893545627593994,2.1976237297058105,2.45228910446167,-2.6070706844329834,-2.3520162105560303,0.303809255361557,0.06599041819572449,0.11495640128850937,0.41439560055732727,0.11099514365196228,-0.2282680720090866,0.5097076296806335,-0.3569898307323456,0.39624515175819397,0.24664877355098724,0.0639549046754837,1.0699244737625122,-0.7634463906288147,-0.10651184618473053,0.18538056313991547,0.2167876809835434,-1.0044902563095093,1.2321314811706543,-0.1922188103199005,-0.36297720670700073,1.1772379875183105,-0.5822305083274841,1.1753193140029907,1.0123481750488281,1.0332330465316772,1.5846636295318604,-1.8229033946990967,-1.2019768953323364,5.341000080108643,0.1596461534500122,0.17607656121253967,-0.9637444019317627,1.2291933298110962,-0.1881672590970993,-0.3865927457809448,1.2419625520706177,-0.6225073933601379,1.1439270973205566,1.0413917303085327,1.0322411060333252,1.588375449180603,-1.8242347240447998,-1.2023917436599731,0.07955750823020935,0.09868238866329193,-0.501893162727356,0.6147830486297607,0.3061922788619995,0.24433781206607819,-0.1183500662446022,-0.9916198253631592,-0.6940115690231323,-0.7801635265350342,2.197885036468506,2.4631083011627197,-2.613753318786621,-2.341522693634033,0.06891825795173645,0.11123071610927582,-0.5108153820037842,0.6167311072349548,0.29969796538352966,0.260280042886734,-0.1292600929737091,-0.9868320822715759,-0.6931300759315491,-0.788499116897583,2.198087692260742,2.4558463096618652,-2.607968807220459,-2.3492367267608643,0.09993963688611984,-0.09745483100414276,0.08462847769260406,1.7097430229187012,0.07269014418125153,-0.19614756107330322,0.058589424937963486,-1.0250277519226074,0.06273172795772552,0.025648515671491623,0.02376963384449482,2.9320740699768066,0.06889721006155014,-1.4448646306991577
0.7,-0.00036230371915735304,-0.0007237835670821369,-0.005979244131594896,6.894164835102856e-05,-5.876667728443863e-06,-0.00010825578647200018,5.808568204201947e-08,-6.121592832641909e-08,-1.0,0.20000000298023224,0.0,0.0,0.0,0.06987764686346054,0.10826419293880463,-0.5081600546836853,0.6171817183494568,0.3017769157886505,0.2561300992965698,-0.12407676130533218,-0.9903868436813354,-0.6945846676826477,-0.7821035981178284,2.195965051651001,2.459144353866577,-2.6144042015075684,-2.343104362487793,0.09211275726556778,-0.1331828087568283,0.17112231254577637,1.686513900756836,0.08336661010980606,-0.23302817344665527,0.5582371950149536,-1.243109941482544,0.1022837907075882,0.24080562591552734,0.06208958849310875,3.049839496612549,-0.6006643772125244,-1.6317497491836548,0.1596461534500122,0.17607656121253967,-0.9637444019317627,1.2291933298110962,-0.1881672590970993,-0.3865927457809448,1.2419625520706177,-0.6225073933601379,1.1439270973205566,1.0413917303085327,1.0322411060333252,1.588375449180603,-1.8242347240447998,-1.2023917436599731,5.321000099182129,0.1819591075181961,0.22068557143211365,-0.9967857599258423,1.2234219312667847,-0.17834222316741943,-0.384385347366333,1.1931979656219482,-0.5869261622428894,1.1694486141204834,1.0441150665283203,1.0279369354248047,1.5800219774246216,-1.8292547464370728,-1.1871188879013062,0.08184192329645157,0.10101447254419327,-0.501193106174469,0.614168643951416,0.30915960669517517,0.23907172679901123,-0.11498025059700012,-0.9916085004806519,-0.6925843954086304,-0.7740393280982971,2.1963016986846924,2.463688850402832,-2.6183080673217773,-2.3363101482391357,0.06987764686346054,0.10826419293880463,-0.5081600546836853,0.6171817183494568,0.3017769157886505,0.2561300992965698,-0.12407676130533218,-0.9903868436813354,-0.6945846676826477,-0.7821035981178284,2.195965051651001,2.459144353866577,-2.6144042015075684,-2.343104362487793,0.09211275726556778,-0.1331828087568283,0.17112231254577637,1.686513900756836,0.08336661010980606,-0.23302817344665527,0.5582371950149536,-1.243109941482544,0.1022837907075882,0.24080562591552734,0.06208958849310875,3.049839496612549,-0.6006643772125244,-1.6317497491836548
0.721,-0.00036230371915735304,-0.0007237835670821369,-0.005979244131594896,-6.367774767568335e-05,9.352221240988001e-06,0.0001131948665715754,3.6401154090981436e-08,8.235837789527523e-09,-1.0,0.20000000298023224,0.0,0.0,0.0,0.07334642857313156,0.10860490798950195,-0.5054255127906799,0.616412878036499,0.30435049533843994,0.2506761848926544,-0.11639605462551117,-0.9910332560539246,-0.6937225461006165,-0.7753329873085022,2.194805860519409,2.4588065147399902,-2.6173160076141357,-2.339223623275757,0.11590331047773361,-0.012207632884383202,0.0897647887468338,1.7218096256256104,0.1012510359287262,-0.2207101583480835,0.2622910439968109,-1.0930607318878174,0.19162018597126007,0.10460584610700607,0.04382351413369179,2.7760190963745117,-0.1969454437494278,-1.5283302068710327,0.1819591075181961,0.22068557143211365,-0.9967857599258423,1.2234219312667847,-0.17834222316741943,-0.384385347366333,1.1931979656219482,-0.5869261622428894,1.1694486141204834,1.0441150665283203,1.0279369354248047,1.5800219774246216,-1.8292547464370728,-1.1871188879013062,5.301000118255615,0.17612324655056,0.2230030745267868,-0.9827800989151001,1.2231040000915527,-0.18187277019023895,-0.4067578911781311,1.2158946990966797,-0.6004055142402649,1.1734144687652588,1.0597525835037231,1.01503324508667,1.591340184211731,-1.8295847177505493,-1.1795400381088257,0.08308586478233337,0.10311189293861389,-0.4992325007915497,0.6136453151702881,0.3111804127693176,0.23262159526348114,-0.11001472920179367,-0.9929473400115967,-0.6910461187362671,-0.7675762176513672,2.193744659423828,2.465285062789917,-2.6219849586486816,-2.3313820362091064,0.07334642857313156,0.10860490798950195,-0.5054255127906799,0.616412878036499,0.30435049533843994,0.2506761848926544,-0.11639605462551117,-0.9910332560539246,-0.6937225461006165,-0.7753329873085022,2.194805860519409,2.4588065147399902,-2.6173160076141357,-2.339223623275757,0.11590331047773361,-0.012207632884383202,0.0897647887468338,1.7218096256256104,0.1012510359287262,-0.2207101583480835,0.2622910439968109,-1.0930607318878174,0.19162018597126007,0.10460584610700607,0.04382351413369179,2.7760190963745117,-0.1969454437494278,-1.5283302068710327
0.741,-0.00035444434615783393,-0.0007094936445355415,-0.006257812958210707,-6.199671770446002e-05,1.427112420060439e-05,0.00011011967580998316,4.247455365202768e-08,1.2470801280528576e-08,-1.0,0.20000000298023224,0.0,0.0,0.0,0.07578317075967789,0.10940097272396088,-0.5025198459625244,0.6160770654678345,0.30676722526550293,0.24468234181404114,-0.111813485622406,-0.9921864867210388,-0.6924022436141968,-0.7694441080093384,2.191643476486206,2.4557766914367676,-2.6215567588806152,-2.3341429233551025,0.10103302448987961,0.07890290021896362,0.0505341999232769,1.686295747756958,0.10132526606321335,-0.24448980391025543,0.31439903378486633,-1.2172727584838867,0.22899752855300903,0.2641810178756714,0.054354388266801834,2.729670524597168,-0.5604276061058044,-1.5385483503341675,0.17612324655056,0.2230030745267868,-0.9827800989151001,1.2231040000915527,-0.18187277019023895,-0.4067578911781311,1.2158946990966797,-0.6004055142402649,1.1734144687652588,1.0597525835037231,1.01503324508667,1.591340184211731,-1.8295847177505493,-1.1795400381088257,5.281000137329102,0.16982033848762512,0.21604008972644806,-0.9840379953384399,1.2220937013626099,-0.17538969218730927,-0.4163951873779297,1.2301054000854492,-0.5947479009628296,1.1627711057662964,1.074426293373108,1.0134817361831665,1.5790345668792725,-1.8384490013122559,-1.1664522886276245,0.08345072716474533,0.1040935218334198,-0.49778982996940613,0.6131256222724915,0.3134453594684601,0.22649776935577393,-0.10462123900651932,-0.9934526681900024,-0.6908798217773438,-0.7609384059906006,2.1915438175201416,2.465331554412842,-2.6258130073547363,-2.3261308670043945,0.07578317075967789,0.10940097272396088,-0.5025198459625244,0.6160770654678345,0.30676722526550293,0.24468234181404114,-0.111813485622406,-0.9921864867210388,-0.6924022436141968,-0.7694441080093384,2.191643476486206,2.4557766914367676,-2.6215567588806152,-2.3341429233551025,0.10103302448987961,0.07890290021896362,0.0505341999232769,1.686295747756958,0.10132526606321335,-0.24448980391025543,0.31439903378486633,-1.2172727584838867,0.22899752855300903,0.2641810178756714,0.054354388266801834,2.729670524597168,-0.5604276061058044,-1.5385483503341675
0.761,-0.00035444434615783393,-0.0007094936445355415,-0.006257812958210707,-6.75984047120437e-05,1.0383836524852086e-05,0.0001033689986797981,4.5118710545466456e-08,-2.4076116655891155e-09,-1.0,0.20000000298023224,0.0,0.0,0.0,0.07711914926767349,0.10966236144304276,-0.5004859566688538,0.6157282590866089,0.3093743324279785,0.2383151352405548,-0.10622061043977737,-0.993093729019165,-0.6915310025215149,-0.7624027132987976,2.1896798610687256,2.4546797275543213,-2.6266486644744873,-2.3296213150024414,0.046577077358961105,-0.02438301220536232,0.07152298092842102,1.7049963474273682,0.0769760012626648,-0.24261213839054108,0.19533498585224152,-1.070683240890503,0.10444395244121552,0.13920260965824127,0.06248630955815315,2.76076078414917,-0.07208352535963058,-1.5309391021728516,0.16982033848762512,0.21604008972644806,-0.9840379953384399,1.2220937013626099,-0.17538969218730927,-0.4163951873779297,1.2301054000854492,-0.5947479009628296,1.1627711057662964,1.074426293373108,1.0134817361831665,1.5790345668792725,-1.8384490013122559,-1.1664522886276245,5.261000156402588,0.1808379888534546,0.21767278015613556,-0.9695216417312622,1.2182552814483643,-0.17563195526599884,-0.4249299168586731,1.2417199611663818,-0.6082741022109985,1.170440912246704,1.0821964740753174,1.0064582824707031,1.5833344459533691,-1.8343287706375122,-1.1616016626358032,0.08484438061714172,0.10504209995269775,-0.4951840341091156,0.6123260259628296,0.31523311138153076,0.2207452356815338,-0.09914498776197433,-0.9952095746994019,-0.6899797916412354,-0.7548511028289795,2.1890809535980225,2.4657986164093018,-2.6284635066986084,-2.3214447498321533,0.0774969607591629,0.10930784791707993,-0.5000510215759277,0.6157025098800659,0.3100242614746094,0.2360953539609909,-0.10544608533382416,-0.9929088950157166,-0.6911852359771729,-0.7619280219078064,2.190030813217163,2.4544224739074707,-2.6258490085601807,-2.3278136253356934,0.03381393849849701,-0.034922752529382706,0.025932565331459045,1.7119793891906738,0.0558202788233757,-0.20664429664611816,0.022356195375323296,-1.0495713949203491,0.004852949175983667,0.012502378784120083,0.017997462302446365,2.7678940296173096,0.08256108313798904,-1.7103767395019531
0.78,-0.00028736318927258253,-0.000605103385169059,-0.00646292744204402,7.756442937534302e-05,-4.676017397287069e-06,-9.145841613644734e-05,4.1460939570470146e-08,8.7856788510976e-09,-1.0,0.20000000298023224,0.0,0.0,0.0,0.07915548980236053,0.10986749082803726,-0.4984501302242279,0.6156650185585022,0.31173428893089294,0.2320711612701416,-0.10126399248838425,-0.994648814201355,-0.6913278102874756,-0.75629723072052,2.1870357990264893,2.454676389694214,-2.6292097568511963,-2.323808193206787,0.06709057837724686,0.012975918129086494,0.05371059104800224,1.680296540260315,0.08329884707927704,-0.2375391274690628,0.2916560173034668,-1.136710524559021,0.24880751967430115,0.11079487949609756,0.0521361343562603,2.7853434085845947,-0.267054945230484,-1.6232396364212036,0.1808379888534546,0.21767278015613556,-0.9695216417312622,1.2182552814483643,-0.17563195526599884,-0.4249299168586731,1.2417199611663818,-0.6082741022109985,1.170440912246704,1.0821964740753174,1.0064582824707031,1.5833344459533691,-1.8343287706375122,-1.1616016626358032,5.241000175476074,0.17935748398303986,0.2156446874141693,-0.9646028280258179,1.2168335914611816,-0.16998109221458435,-0.43047958612442017,1.2472196817398071,-0.6046346426010132,1.1670807600021362,1.0898703336715698,1.0055253505706787,1.5732566118240356,-1.8387417793273926,-1.1507270336151123,0.08581125736236572,0.10559815168380737,-0.4926075041294098,0.6115441918373108,0.31722840666770935,0.21558824181556702,-0.09421401470899582,-0.996251106262207,-0.6895957589149475,-0.7492138743400574,2.1870174407958984,2.4651646614074707,-2.6310250759124756,-2.316608428955078,0.07915548980236053,0.10986749082803726,-0.4984501302242279,0.6156650185585022,0.31173428893089294,0.2320711612701416,-0.10126399248838425,-0.994648814201355,-0.6913278102874756,-0.75629723072052,2.1870357990264893,2.454676389694214,-2.6292097568511963,-2.323808193206787,0.06709057837724686,0.012975918129086494,0.05371059104800224,1.680296540260315,0.08329884707927704,-0.2375391274690628,0.2916560173034668,-1.136710524559021,0.24880751967430115,0.11079487949609756,0.0521361343562603,2.7853434085845947,-0.267054945230484,-1.6232396364212036
0.8,-0.00028736318927258253,-0.000605103385169059,-0.00646292744204402,-6.84528422425501e-05,1.3379359188547824e-05,0.00010135782940778881,4.6509466500310737e-08,7.394317380615689e-10,-1.0,0.20000000298023224,0.0,0.0,0.0,0.08069096505641937,0.10994257777929306,-0.49576085805892944,0.6149429082870483,0.31398165225982666,0.2260790467262268,-0.095575250685215,-0.995772123336792,-0.6902750134468079,-0.7507027983665466,2.1848137378692627,2.454038381576538,-2.632089376449585,-2.318948984146118,0.03787606582045555,-0.0136033920571208,0.07680878788232803,1.6891005039215088,0.06156936660408974,-0.21837329864501953,0.18791010975837708,-1.0963066816329956,0.11401399224996567,0.10405828803777695,0.07537461817264557,2.778203248977661,0.0044975318014621735,-1.6786776781082153,0.17935748398303986,0.2156446874141693,-0.9646028280258179,1.2168335914611816,-0.16998109221458435,-0.43047958612442017,1.2472196817398071,-0.6046346426010132,1.1670807600021362,1.0898703336715698,1.0055253505706787,1.5732566118240356,-1.8387417793273926,-1.1507270336151123,5.2210001945495605,0.18450504541397095,0.21449944376945496,-0.9553134441375732,1.2137227058410645,-0.17025646567344666,-0.4388927221298218,1.2570737600326538,-0.610463559627533,1.1687055826187134,1.0980843305587769,1.0004768371582031,1.5719255208969116,-1.8381789922714233,-1.143807291984558,0.08709951490163803,0.1059284657239914,-0.48961734771728516,0.6106076240539551,0.3187970817089081,0.21062132716178894,-0.08928383141756058,-0.9976672530174255,-0.6891260743141174,-0.7438827157020569,2.184861660003662,2.464524269104004,-2.6330180168151855,-2.3120474815368652,0.0809248611330986,0.10973422974348068,-0.4952262043952942,0.614729642868042,0.314483642578125,0.2240942120552063,-0.09490718692541122,-0.995718240737915,-0.6899033188819885,-0.7503071427345276,2.1852903366088867,2.453847646713257,-2.63092303276062,-2.318108320236206,0.01905146986246109,-0.02037600800395012,0.035488151013851166,1.7024078369140625,0.04196391999721527,-0.18435148894786835,0.012685565277934074,-1.062117099761963,0.004025152884423733,0.015336004085838795,0.028278548270463943,2.780421018600464,0.09307887405157089,-1.7867014408111572
0.823,-0.0002646115608513355,-0.0005723150097765028,-0.006706033833324909,-6.89148873789236e-05,1.487388271925738e-05,0.00010006675438489765,4.9420776804254274e-08,1.3701180190395235e-09,-1.0,0.20000000298023224,0.0,0.0,0.0,0.08237653970718384,0.10986149311065674,-0.4930728077888489,0.6142023801803589,0.3160456717014313,0.22040493786334991,-0.09057466685771942,-0.9971556067466736,-0.6898372769355774,-0.7453324198722839,2.1825132369995117,2.453447103500366,-2.6340737342834473,-2.314073085784912,0.03663075342774391,-0.011296012438833714,0.08011604845523834,1.6841868162155151,0.05218067765235901,-0.2044345736503601,0.16932542622089386,-1.1129590272903442,0.11920446157455444,0.09466955065727234,0.07714355736970901,2.7751753330230713,-0.0011205646442249417,-1.7261384725570679,0.18450504541397095,0.21449944376945496,-0.9553134441375732,1.2137227058410645,-0.17025646567344666,-0.4388927221298218,1.2570737600326538,-0.610463559627533,1.1687055826187134,1.0980843305587769,1.0004768371582031,1.5719255208969116,-1.8381789922714233,-1.143807291984558,5.198999881744385,0.1857762634754181,0.21306514739990234,-0.9495196342468262,1.2103865146636963,-0.1670537143945694,-0.44680148363113403,1.2653884887695312,-0.6115840077400208,1.1671589612960815,1.1061102151870728,0.9964921474456787,1.5668039321899414,-1.8403239250183105,-1.1353631019592285,0.08825723826885223,0.10604929178953171,-0.4866458475589752,0.6095247864723206,0.3203722834587097,0.20585691928863525,-0.08450821787118912,-0.9989122152328491,-0.6889050006866455,-0.738815188407898,2.1827385425567627,2.4635000228881836,-2.634826898574829,-2.307554244995117,0.08256521075963974,0.10970000922679901,-0.4924883544445038,0.6139395833015442,0.3164586126804352,0.21854867041110992,-0.09000279009342194,-0.9971606135368347,-0.6894478797912598,-0.7449626922607422,2.1830191612243652,2.4531993865966797,-2.6330111026763916,-2.313570261001587,0.014145913533866405,-0.015489638783037663,0.04072476923465729,1.7008005380630493,0.033665962517261505,-0.17242780327796936,0.008483683690428734,-1.0659950971603394,0.004069723188877106,0.0153486467897892,0.031517595052719116,2.7783429622650146,0.08553937822580338,-1.813977599143982
0.841,-0.0002646115608513355,-0.0005723150097765028,-0.006706033833324909,-6.6523534769658e-05,1.7981496057473123e-05,0.00010634374484652653,5.548865900095734e-08,1.947827676929137e-08,-1.0,0.20000000298023224,0.0,0.0,0.0,0.08378847688436508,0.10964571684598923,-0.4904661476612091,0.6128623485565186,0.3178408741950989,0.2151530534029007,-0.08645004034042358,-0.9984062910079956,-0.6899842023849487,-0.7405155897140503,2.1801180839538574,2.4541358947753906,-2.6358494758605957,-2.3113715648651123,0.059210292994976044,0.0013485964154824615,0.0703294575214386,1.1731184720993042,0.059412937611341476,-0.19010940194129944,0.3189351558685303,-0.9052528142929077,0.16907736659049988,0.1491697132587433,0.08126483112573624,2.493082284927368,-0.37008798122406006,-1.398748755455017,0.1857762634754181,0.21306514739990234,-0.9495196342468262,1.2103865146636963,-0.1670537143945694,-0.44680148363113403,1.2653884887695312,-0.6115840077400208,1.1671589612960815,1.1061102151870728,0.9964921474456787,1.5668039321899414,-1.8403239250183105,-1.1353631019592285,5.181000232696533,0.18537746369838715,0.19720114767551422,-0.9330300092697144,1.2062804698944092,-0.15441161394119263,-0.4531353712081909,1.2849317789077759,-0.6213198304176331,1.1520256996154785,1.1158506870269775,1.001522421836853,1.5551295280456543,-1.846073865890503,-1.1296547651290894,0.0891435369849205,0.10455954819917679,-0.48261967301368713,0.6082478761672974,0.32289665937423706,0.20141199231147766,-0.07873339205980301,-1.0008817911148071,-0.6902414560317993,-0.7337871193885803,2.1815431118011475,2.461513042449951,-2.6368489265441895,-2.303389072418213,0.08398528397083282,0.1095380038022995,-0.48976120352745056,0.6125062108039856,0.3182324767112732,0.21340161561965942,-0.08531482517719269,-0.9985590577125549,-0.6893033981323242,-0.739910364151001,2.1807563304901123,2.455953598022461,-2.63533616065979,-2.3097004890441895,0.010881073772907257,-0.011675143614411354,0.0522574856877327,1.7268189191818237,0.030413925647735596,-0.16380572319030762,0.03128444775938988,-1.0610105991363525,0.01618271693587303,0.02465709112584591,0.042754195630550385,2.8630752563476562,0.12887179851531982,-1.6286147832870483
0.86,-0.00018535784329287708,-0.000428860483225435,-0.006900702603161335,-5.166809569345787e-05,-9.718422916193958e-06,0.0001114881961257197,5.2279329310067624e-08,3.7113023765300568e-09,-1.0,0.20000000298023224,0.0,0.0,0.0,0.08493853360414505,0.10794803500175476,-0.48750239610671997,0.6107151508331299,0.31986841559410095,0.20978033542633057,-0.0810631811618805,-1.000019907951355,-0.6909363269805908,-0.7350769639015198,2.1793456077575684,2.455073833465576,-2.638667583465576,-2.3046672344207764,0.03364148363471031,-0.04038370028138161,0.13315948843955994,0.4231414496898651,0.05501371622085571,-0.177477166056633,0.2985503375530243,-0.40422487258911133,0.08873338252305984,0.03246980905532837,0.08523466438055038,1.035384178161621,-0.048648178577423096,-0.5995391607284546,0.18537746369838715,0.19720114767551422,-0.9330300092697144,1.2062804698944092,-0.15441161394119263,-0.4531353712081909,1.2849317789077759,-0.6213198304176331,1.1520256996154785,1.1158506870269775,1.001522421836853,1.5551295280456543,-1.846073865890503,-1.1296547651290894,5.160999774932861,0.1858387291431427,0.1597096025943756,-0.9019860625267029,1.2063742876052856,-0.1689010113477707,-0.45757466554641724,1.324766993522644,-0.645531952381134,1.1354031562805176,1.1204886436462402,0.9970791339874268,1.547932744026184,-1.8496620655059814,-1.1282017230987549,0.08989870548248291,0.09961859881877899,-0.4762943387031555,0.6072357296943665,0.3234672248363495,0.1974121332168579,-0.07013001292943954,-1.0048786401748657,-0.6929728388786316,-0.729300856590271,2.180142402648926,2.4592037200927734,-2.6388254165649414,-2.2999114990234375,0.08493853360414505,0.10794803500175476,-0.48750239610671997,0.6107151508331299,0.31986841559410095,0.20978033542633057,-0.0810631811618805,-1.000019907951355,-0.6909363269805908,-0.7350769639015198,2.1793456077575684,2.455073833465576,-2.638667583465576,-2.3046672344207764,0.03364148363471031,-0.04038370028138161,0.13315948843955994,0.4231414496898651,0.05501371622085571,-0.177477166056633,0.2985503375530243,-0.40422487258911133,0.08873338252305984,0.03246980905532837,0.08523466438055038,1.035384178161621,-0.048648178577423096,-0.5995391607284546
0.88,-0.00018535784329287708,-0.000428860483225435,-0.006900702603161335,7.264242594828829e-05,-1.0499342351977248e-05,-9.90671687759459e-05,7.635658505478204e-08,1.8459473949405947e-08,-1.0,0.20000000298023224,0.0,0.0,0.0,0.08589373528957367,0.10555870085954666,-0.4837677478790283,0.609716534614563,0.3212570250034332,0.2051803469657898,-0.07586752623319626,-1.0038052797317505,-0.6929662823677063,-0.7312201857566833,2.177952527999878,2.455796957015991,-2.640446662902832,-2.2996816635131836,0.017364373430609703,-0.08604820817708969,0.1805766522884369,0.7027075290679932,0.026348110288381577,-0.15434715151786804,0.5164798498153687,-0.7525940537452698,-0.08192543685436249,0.18608248233795166,0.05807013437151909,1.4304158687591553,-0.48586025834083557,-1.087698221206665,0.1858387291431427,0.1597096025943756,-0.9019860625267029,1.2063742876052856,-0.1689010113477707,-0.45757466554641724,1.324766993522644,-0.645531952381134,1.1354031562805176,1.1204886436462402,0.9970791339874268,1.547932744026184,-1.8496620655059814,-1.1282017230987549,5.140999794006348,0.19701042771339417,0.16160374879837036,-0.9119884371757507,1.2078824043273926,-0.16149483621120453,-0.45127493143081665,1.3153150081634521,-0.6290796995162964,1.1383682489395142,1.1160179376602173,0.9991108179092407,1.5289431810379028,-1.8589671850204468,-1.1149661540985107,0.09162000566720963,0.09585525840520859,-0.472234308719635,0.6065768003463745,0.32466429471969604,0.19484221935272217,-0.0641925036907196,-1.0064308643341064,-0.6948614716529846,-0.7261589169502258,2.179224967956543,2.4554572105407715,-2.6413371562957764,-2.2958059310913086,0.08589373528957367,0.10555870085954666,-0.4837677478790283,0.609716534614563,0.3212570250034332,0.2051803469657898,-0.07586752623319626,-1.0038052797317505,-0.6929662823677063,-0.7312201857566833,2.177952527999878,2.455796957015991,-2.640446662902832,-2.2996816635131836,0.017364373430609703,-0.08604820817708969,0.1805766522884369,0.7027075290679932,0.026348110288381577,-0.15434715151786804,0.5164798498153687,-0.7525940537452698,-0.08192543685436249,0.18608248233795166,0.05807013437151909,1.4304158687591553,-0.48586025834083557,-1.087698221206665
0.9,-0.00017282484623137861,-0.00041885278187692165,-0.007152907084673643,-7.383392221527174e-05,2.0385148673085496e-05,9.038944699568674e-05,4.431882416611188e-08,5.83119419417244e-09,-1.0,0.20000000298023224,0.0,0.0,0.0,0.08774570375680923,0.10256723314523697,-0.4791645109653473,0.609288215637207,0.3229336738586426,0.20079118013381958,-0.06677334755659103,-1.0059638023376465,-0.6952878832817078,-0.7273882031440735,2.1773953437805176,2.4523565769195557,-2.642700433731079,-2.2969565391540527,0.020768195390701294,-0.0824889987707138,0.19709216058254242,1.7483524084091187,0.024277085438370705,-0.13133838772773743,0.35644328594207764,-1.1236186027526855,0.030900340527296066,0.013962547294795513,0.08671145886182785,2.4459946155548096,0.11158796399831772,-1.7551244497299194,0.19701042771339417,0.16160374879837036,-0.9119884371757507,1.2078824043273926,-0.16149483621120453,-0.45127493143081665,1.3153150081634521,-0.6290796995162964,1.1383682489395142,1.1160179376602173,0.9991108179092407,1.5289431810379028,-1.8589671850204468,-1.1149661540985107,5.120999813079834,0.20606084167957306,0.19380733370780945,-0.9220290184020996,1.2118698358535767,-0.16665373742580414,-0.45177537202835083,1.2977988719940186,-0.6194266676902771,1.1732099056243896,1.1125506162643433,0.9810639023780823,1.5419601202011108,-1.852809190750122,-1.1063499450683594,0.093902088701725,0.09606494009494781,-0.4699903428554535,0.6064484119415283,0.32510608434677124,0.19273623824119568,-0.06119411066174507,-1.0067074298858643,-0.6928882002830505,-0.723992109298706,2.1766862869262695,2.4537618160247803,-2.642730712890625,-2.2916598320007324,0.08774570375680923,0.10256723314523697,-0.4791645109653473,0.609288215637207,0.3229336738586426,0.20079118013381958,-0.06677334755659103,-1.0059638023376465,-0.6952878832817078,-0.7273882031440735,2.1773953437805176,2.4523565769195557,-2.642700433731079,-2.2969565391540527,0.020768195390701294,-0.0824889987707138,0.19709216058254242,1.7483524084091187,0.024277085438370705,-0.13133838772773743,0.35644328594207764,-1.1236186027526855,0.030900340527296066,0.013962547294795513,0.08671145886182785,2.4459946155548096,0.11158796399831772,-1.7551244497299194
0.923,-0.00017282484623137861,-0.00041885278187692165,-0.007152907084673643,-7.453958824044093e-05,2.3452599634765647e-05,8.878069638740271e-05,5.641631162234262e-08,-2.599604753683593e-09,-1.0,0.20000000298023224,0.0,0.0,0.0,0.08988453447818756,0.1017659455537796,-0.4747627377510071,0.6092599034309387,0.3236958384513855,0.1971433311700821,-0.0618474967777729,-1.0064139366149902,-0.6937762498855591,-0.7251055240631104,2.175144910812378,2.448021650314331,-2.6420977115631104,-2.2952497005462646,0.02412676438689232,-0.038276541978120804,0.10942494869232178,1.7306861877441406,0.023031480610370636,-0.10353092104196548,0.07224941998720169,-1.086862325668335,0.10631843656301498,-0.01378744374960661,0.041104868054389954,2.724879264831543,-0.019002987071871758,-1.671974539756775,0.20606084167957306,0.19380733370780945,-0.9220290184020996,1.2118698358535767,-0.16665373742580414,-0.45177537202835083,1.2977988719940186,-0.6194266676902771,1.1732099056243896,1.1125506162643433,0.9810639023780823,1.5419601202011108,-1.852809190750122,-1.1063499450683594,5.098999977111816,0.20439796149730682,0.2015567123889923,-0.9204981923103333,1.1995699405670166,-0.15468645095825195,-0.47274917364120483,1.3105268478393555,-0.6272246837615967,1.174681544303894,1.1278032064437866,0.967670202255249,1.552570104598999,-1.8504502773284912,-1.101464033126831,0.09556146711111069,0.0970076322555542,-0.4680420756340027,0.6051157116889954,0.3266562223434448,0.18895407021045685,-0.057522598654031754,-1.0077084302902222,-0.6911624073982239,-0.7207334041595459,2.17331600189209,2.4534664154052734,-2.6436097621917725,-2.2878541946411133,0.08997395634651184,0.10138022154569626,-0.47395288944244385,0.6091412305831909,0.32385531067848206,0.19624431431293488,-0.06182016804814339,-1.0061445236206055,-0.6934073567390442,-0.7250649333000183,2.1753320693969727,2.445939064025879,-2.6421244144439697,-2.2932093143463135,0.005148344207555056,-0.03624897450208664,0.06218785420060158,1.7339311838150024,0.010974925011396408,-0.08255253732204437,-0.02691948227584362,-1.0657762289047241,0.006620272994041443,0.013591739349067211,0.005205294582992792,2.6360092163085938,-0.030936650931835175,-1.7782020568847656
0.94,-8.934951620176435e-05,-0.00025245154392905533,-0.007322000805288553,-7.312588422792032e-05,2.945142477983609e-05,9.129496174864471e-05,6.364845006601172e-08,1.712616537474787e-08,-1.0,0.20000000298023224,0.0,0.0,0.0,0.09153375774621964,0.10188988596200943,-0.47174254059791565,0.6081608533859253,0.3250388205051422,0.1939065158367157,-0.05913161486387253,-1.0071496963500977,-0.692967414855957,-0.7218761444091797,2.171970844268799,2.445784568786621,-2.6445958614349365,-2.2914175987243652,0.10497825592756271,0.030823135748505592,0.05818554013967514,1.6768794059753418,0.051576804369688034,-0.11307995766401291,0.2309827208518982,-1.2370221614837646,0.28946468234062195,0.04676125943660736,0.018708137795329094,3.059009552001953,-0.3262258768081665,-1.7974262237548828,0.20439796149730682,0.2015567123889923,-0.9204981923103333,1.1995699405670166,-0.15468645095825195,-0.47274917364120483,1.3105268478393555,-0.6272246837615967,1.174681544303894,1.1278032064437866,0.967670202255249,1.552570104598999,-1.8504502773284912,-1.101464033126831,5.080999851226807,0.19214782118797302,0.20840543508529663,-0.9199905395507812,1.190712809562683,-0.14279258251190186,-0.48346078395843506,1.306300401687622,-0.6179918050765991,1.1659395694732666,1.1441131830215454,0.9695005416870117,1.543976068496704,-1.851862907409668,-1.0911033153533936,0.09566396474838257,0.09844665229320526,-0.46643272042274475,0.6031638383865356,0.32908570766448975,0.18485718965530396,-0.05500803142786026,-1.007585883140564,-0.6906560063362122,-0.7164953947067261,2.1708028316497803,2.4523708820343018,-2.64445424079895,-2.28377366065979,0.09153375774621964,0.10188988596200943,-0.47174254059791565,0.6081608533859253,0.3250388205051422,0.1939065158367157,-0.05913161486387253,-1.0071496963500977,-0.692967414855957,-0.7218761444091797,2.171970844268799,2.445784568786621,-2.6445958614349365,-2.2914175987243652,0.10497825592756271,0.030823135748505592,0.05818554013967514,1.6768794059753418,0.051576804369688034,-0.11307995766401291,0.2309827208518982,-1.2370221614837646,0.28946468234062195,0.04676125943660736,0.018708137795329094,3.059009552001953,-0.3262258768081665,-1.7974262237548828
0.961,-8.934951620176435e-05,-0.00025245154392905533,-0.007322000805288553,-7.653882494196296e-05,2.908455098804552e-05,8.260156027972698e-05,5.09947959415058e-08,-5.500621735876621e-09,-1.0,0.20000000298023224,0.0,0.0,0.0,0.09187384694814682,0.10286077111959457,-0.46932387351989746,0.607179582118988,0.3267281949520111,0.19028589129447937,-0.056085556745529175,-1.0069820880889893,-0.6915217638015747,-0.7176395058631897,2.1692581176757812,2.4435970783233643,-2.645339012145996,-2.2858495712280273,0.006804598029702902,-0.0012400072300806642,0.04426803067326546,1.6951831579208374,0.0416836179792881,-0.11831529438495636,0.06295938044786453,-1.06338369846344,0.11402677744626999,0.05641232058405876,0.022752169519662857,2.6843528747558594,-0.004477949347347021,-1.6825473308563232,0.19214782118797302,0.20840543508529663,-0.9199905395507812,1.190712809562683,-0.14279258251190186,-0.48346078395843506,1.306300401687622,-0.6179918050765991,1.1659395694732666,1.1441131830215454,0.9695005416870117,1.543976068496704,-1.851862907409668,-1.0911033153533936,5.060999870300293,0.19796115159988403,0.20324476063251495,-0.9121474623680115,1.1896342039108276,-0.14574913680553436,-0.4962683916091919,1.3239456415176392,-0.6324835419654846,1.1622191667556763,1.153130292892456,0.9620158672332764,1.546678066253662,-1.850720763206482,-1.085240125656128,0.0963272899389267,0.09908179938793182,-0.46436092257499695,0.6014944911003113,0.33073365688323975,0.18029892444610596,-0.051231857389211655,-1.008937120437622,-0.6906229257583618,-0.712203323841095,2.168043851852417,2.4517645835876465,-2.6450154781341553,-2.2799229621887207,0.09191417694091797,0.1026655063033104,-0.4690030813217163,0.6068859696388245,0.3270593583583832,0.1892233043909073,-0.055999506264925,-1.0068788528442383,-0.6911341547966003,-0.7173989415168762,2.1693708896636963,2.4425106048583984,-2.644897937774658,-2.2848715782165527,0.0025823144242167473,-0.02126026712357998,0.021885108202695847,1.6944749355316162,0.026698965579271317,-0.09892426431179047,-0.011655332520604134,-1.0764400959014893,0.0070492858067154884,0.01321406476199627,0.003111638128757477,2.7201030254364014,0.030518945306539536,-1.8532168865203857
0.98,-2.3487875296268612e-05,-0.00011460783571237698,-0.007502902299165726,-7.745416951365769e-05,2.8122651201556437e-05,8.360573701793328e-05,7.274991276062792e-08,1.1632396379468446e-08,-1.0,0.20000000298023224,0.0,0.0,0.0,0.09257514029741287,0.10305710136890411,-0.46706873178482056,0.6051573157310486,0.32845717668533325,0.186375692486763,-0.053026411682367325,-1.0084401369094849,-0.6916043162345886,-0.713161051273346,2.1665267944335938,2.4427695274353027,-2.6470282077789307,-2.2827839851379395,0.021982669830322266,0.009405942633748055,0.06916877627372742,1.6650665998458862,0.04234064742922783,-0.1337060183286667,0.22096246480941772,-1.196925163269043,0.14720121026039124,0.0184604674577713,0.04771121218800545,2.974217414855957,-0.1287660151720047,-1.8292392492294312,0.19796115159988403,0.20324476063251495,-0.9121474623680115,1.1896342039108276,-0.14574913680553436,-0.4962683916091919,1.3239456415176392,-0.6324835419654846,1.1622191667556763,1.153130292892456,0.9620158672332764,1.546678066253662,-1.850720763206482,-1.085240125656128,5.040999889373779,0.19578535854816437,0.2077249437570572,-0.9076662063598633,1.1834601163864136,-0.1387040615081787,-0.49990326166152954,1.3209046125411987,-0.625506579875946,1.1604007482528687,1.162310242652893,0.9636954069137573,1.5360921621322632,-1.8510010242462158,-1.077147126197815,0.09664037078619003,0.10003793239593506,-0.4622553586959839,0.5995416045188904,0.33275651931762695,0.17628881335258484,-0.04851502180099487,-1.0093203783035278,-0.6907782554626465,-0.7078516483306885,2.1660046577453613,2.450220823287964,-2.6454925537109375,-2.2760331630706787,0.09257514029741287,0.10305710136890411,-0.46706873178482056,0.6051573157310486,0.32845717668533325,0.186375692486763,-0.053026411682367325,-1.0084401369094849,-0.6916043162345886,-0.713161051273346,2.1665267944335938,2.4427695274353027,-2.6470282077789307,-2.2827839851379395,0.021982669830322266,0.009405942633748055,0.06916877627372742,1.6650665998458862,0.04234064742922783,-0.1337060183286667,0.22096246480941772,-1.196925163269043,0.14720121026039124,0.0184604674577713,0.04771121218800545,2.974217414855957,-0.1287660151720047,-1.8292392492294312
1.0,-2.3487875296268612e-05,-0.00011460783571237698,-0.007502902299165726,8.073704520938918e-05,-2.829363256751094e-05,-8.097637328319252e-05,4.112843754455753e-08,-7.306692140218729e-08,-1.0,0.20000000298023224,0.0,0.0,0.0,0.09295853227376938,0.10372583568096161,-0.4645855724811554,0.6014927625656128,0.330326110124588,0.18233023583889008,-0.04957146570086479,-1.0082945823669434,-0.6914219856262207,-0.7089830040931702,2.1643998622894287,2.441528797149658,-2.646510601043701,-2.2781598567962646,0.006606529466807842,-0.005205214023590088,0.04031861200928688,-0.8513681292533875,0.04182472825050354,-0.12861959636211395,0.0756928026676178,0.4825756549835205,0.07241134345531464,0.04488852992653847,0.035267673432826996,-1.1051522493362427,0.0764421597123146,1.055517554283142,0.19578535854816437,0.2077249437570572,-0.9076662063598633,1.1834601163864136,-0.1387040615081787,-0.49990326166152954,1.3209046125411987,-0.625506579875946,1.1604007482528687,1.162310242652893,0.9636954069137573,1.5360921621322632,-1.8510010242462158,-1.077147126197815,5.020999908447266,0.16122205555438995,0.09669565409421921,-0.8492321372032166,1.160701036453247,-0.16697463393211365,-0.5296322107315063,1.4137451648712158,-0.7000584006309509,1.0887855291366577,1.1925028562545776,0.959385097026825,1.5216987133026123,-1.8533540964126587,-1.0930932760238647,0.09343450516462326,0.08969990909099579,-0.45472750067710876,0.5957034230232239,0.3315477669239044,0.17010784149169922,-0.03705749660730362,-1.0170822143554688,-0.6980640888214111,-0.7013510465621948,2.163942337036133,2.4475464820861816,-2.6461095809936523,-2.2745158672332764,0.09295853227376938,0.10372583568096161,-0.4645855724811554,0.6014927625656128,0.330326110124588,0.18233023583889008,-0.04957146570086479,-1.0082945823669434,-0.6914219856262207,-0.7089830040931702,2.1643998622894287,2.441528797149658,-2.646510601043701,-2.2781598567962646,0.006606529466807842,-0.005205214023590088,0.04031861200928688,-0.8513681292533875,0.04182472825050354,-0.12861959636211395,0.0756928026676178,0.4825756549835205,0.07241134345531464,0.04488852992653847,0.035267673432826996,-1.1051522493362427,0.0764421597123146,1.055517554283142
1.021,-6.629615381825715e-05,-0.00018943716713692993,-0.007788582239300013,8.311418787343428e-05,-2.7668947950587608e-05,-7.910247950349003e-05,8.08043765232469e-08,3.247649971171995e-08,-1.0,0.20000000298023224,0.0,0.0,0.0,0.0908513218164444,0.10095853358507156,-0.462186723947525,0.5989928245544434,0.32984912395477295,0.17828994989395142,-0.044060565531253815,-1.0138397216796875,-0.6966698169708252,-0.7031304836273193,2.161336898803711,2.4481616020202637,-2.6494812965393066,-2.273782730102539,-0.046920787543058395,-0.15971243381500244,0.13463717699050903,1.682568073272705,-0.020500577986240387,-0.15526717901229858,0.5182956457138062,-1.5531178712844849,-0.4973009526729584,0.25450247526168823,0.03647321090102196,3.268319606781006,-0.24380409717559814,-2.0992462635040283,0.16122205555438995,0.09669565409421921,-0.8492321372032166,1.160701036453247,-0.16697463393211365,-0.5296322107315063,1.4137451648712158,-0.7000584006309509,1.0887855291366577,1.1925028562545776,0.959385097026825,1.5216987133026123,-1.8533540964126587,-1.0930932760238647,5.000999927520752,0.20802630484104156,0.20721612870693207,-0.9166519641876221,1.1696252822875977,-0.12977410852909088,-0.503450334072113,1.313215970993042,-0.6100006699562073,1.1504137516021729,1.177445888519287,0.9672367572784424,1.5068633556365967,-1.8515400886535645,-1.0594754219055176,0.09555023908615112,0.09248154610395432,-0.4554472267627716,0.5935252904891968,0.33430081605911255,0.16778123378753662,-0.03794439509510994,-1.0142858028411865,-0.6977299451828003,-0.6976562738418579,2.1630775928497314,2.4439234733581543,-2.6464219093322754,-2.2699403762817383,0.0908513218164444,0.10095853358507156,-0.462186723947525,0.5989928245544434,0.32984912395477295,0.17828994989395142,-0.044060565531253815,-1.0138397216796875,-0.6966698169708252,-0.7031304836273193,2.161336898803711,2.4481616020202637,-2.6494812965393066,-2.273782730102539,-0.046920787543058395,-0.15971243381500244,0.13463717699050903,1.682568073272705,-0.020500577986240387,-0.15526717901229858,0.5182956457138062,-1.5531178712844849,-0.4973009526729584,0.25450247526168823,0.03647321090102196,3.268319606781006,-0.24380409717559814,-2.0992462635040283
1.04,-6.629615381825715e-05,-0.00018943716713692993,-0.007788582239300013,-7.909903069958091e-05,3.4215998311992735e-05,8.000803791219369e-05,4.497745820231103e-08,-7.285280378965808e-09,-1.0,0.20000000298023224,0.0,0.0,0.0,0.09254735708236694,0.10096528381109238,-0.4602964520454407,0.5971463322639465,0.33134907484054565,0.1738314926624298,-0.03932008147239685,-1.013367772102356,-0.699102520942688,-0.6985758543014526,2.1615352630615234,2.4451682567596436,-2.645348072052002,-2.27262806892395,0.02084088884294033,-0.04594923555850983,0.06896399706602097,1.7626851797103882,0.05452655255794525,-0.13683542609214783,0.025857973843812943,-1.0400915145874023,0.12665382027626038,-0.021970683708786964,0.005319798830896616,2.4779486656188965,0.07865138351917267,-1.4292798042297363,0.20802630484104156,0.20721612870693207,-0.9166519641876221,1.1696252822875977,-0.12977410852909088,-0.503450334072113,1.313215970993042,-0.6100006699562073,1.1504137516021729,1.177445888519287,0.9672367572784424,1.5068633556365967,-1.8515400886535645,-1.0594754219055176,4.980999946594238,0.20769000053405762,0.1912301778793335,-0.8873463273048401,1.1820224523544312,-0.13591167330741882,-0.5177832245826721,1.365267276763916,-0.6480621695518494,1.1607075929641724,1.17330002784729,0.9408750534057617,1.5350648164749146,-1.852908730506897,-1.0579618215560913,0.09720919281244278,0.09310825914144516,-0.45309242606163025,0.5930224657058716,0.3358894884586334,0.16448667645454407,-0.033448781818151474,-1.015854835510254,-0.6964331865310669,-0.6951150298118591,2.1597495079040527,2.443845272064209,-2.646808624267578,-2.2661285400390625,0.09254735708236694,0.10096528381109238,-0.4602964520454407,0.5971463322639465,0.33134907484054565,0.1738314926624298,-0.03932008147239685,-1.013367772102356,-0.699102520942688,-0.6985758543014526,2.1615352630615234,2.4451682567596436,-2.645348072052002,-2.27262806892395,0.02084088884294033,-0.04594923555850983,0.06896399706602097,1.7626851797103882,0.05452655255794525,-0.13683542609214783,0.025857973843812943,-1.0400915145874023,0.12665382027626038,-0.021970683708786964,0.005319798830896616,2.4779486656188965,0.07865138351917267,-1.4292798042297363
1.063,4.629020793345262e-07,-5.0746351917041466e-05,-0.007958299480378628,-7.824637577868998e-05,3.7883313780184835e-05,7.392011320916936e-05,5.970765215579377e-08,8.543922902504164e-09,-1.0,0.20000000298023224,0.0,0.0,0.0,0.09410417824983597,0.10024154186248779,-0.4572645127773285,0.596360981464386,0.33331605792045593,0.17003300786018372,-0.03497588261961937,-1.0151219367980957,-0.6975048184394836,-0.6961187124252319,2.1581802368164062,2.438704490661621,-2.648646831512451,-2.267698049545288,0.01796112209558487,-0.05358407646417618,0.09034869074821472,1.7079678773880005,0.04948538914322853,-0.12419921159744263,0.16600528359413147,-1.1715929508209229,0.14484745264053345,-0.005490027833729982,0.04006063565611839,2.5801384449005127,0.04237489774823189,-1.8727099895477295,0.20769000053405762,0.1912301778793335,-0.8873463273048401,1.1820224523544312,-0.13591167330741882,-0.5177832245826721,1.365267276763916,-0.6480621695518494,1.1607075929641724,1.17330002784729,0.9408750534057617,1.5350648164749146,-1.852908730506897,-1.0579618215560913,4.960000038146973,0.2083691954612732,0.1884375810623169,-0.8789169192314148,1.1798970699310303,-0.1386396288871765,-0.5132714509963989,1.366027593612671,-0.6414875984191895,1.1629376411437988,1.1732178926467896,0.9405465126037598,1.516628623008728,-1.8556183576583862,-1.0460097789764404,0.09860427677631378,0.09333036839962006,-0.4503656327724457,0.5924077033996582,0.3368876278400421,0.1623021960258484,-0.029776262119412422,-1.016452670097351,-0.6951727867126465,-0.6930902600288391,2.1570541858673096,2.441939115524292,-2.6473886966705322,-2.2618837356567383,0.09408789873123169,0.09968031942844391,-0.45656877756118774,0.5961814522743225,0.33369579911231995,0.16893942654132843,-0.034382011741399765,-1.0153398513793945,-0.6969545483589172,-0.6960969567298889,2.1584110260009766,2.436185359954834,-2.647230863571167,-2.267913579940796,-0.005841943901032209,-0.05337123945355415,0.051643162965774536,1.7150119543075562,0.030370714142918587,-0.10050524026155472,0.012900741770863533,-1.0909662246704102,0.014571001753211021,0.00800402369350195,0.00991786178201437,2.610846519470215,0.11607414484024048,-1.9550807476043701
1.081,4.629020793345262e-07,-5.0746351917041466e-05,-0.007958299480378628,-7.713180093560368e-05,4.622216511052102e-05,7.682156865485013e-05,5.971545391503241e-08,2.358002504365686e-08,-1.0,0.20000000298023224,0.0,0.0,0.0,0.0952223613858223,0.09937028586864471,-0.4543323516845703,0.5956183075904846,0.3348527252674103,0.1666082739830017,-0.031494565308094025,-1.0160229206085205,-0.6968175768852234,-0.6939405798912048,2.155380964279175,2.434865951538086,-2.6485936641693115,-2.266582727432251,0.13379491865634918,-0.028314905241131783,0.05728768929839134,1.176989197731018,0.038843780755996704,-0.10502845793962479,0.24202434718608856,-0.8597761392593384,0.2942282259464264,-0.05812649428844452,0.030707070603966713,2.306753635406494,-0.23806659877300262,-1.4682432413101196,0.2083691954612732,0.1884375810623169,-0.8789169192314148,1.1798970699310303,-0.1386396288871765,-0.5132714509963989,1.366027593612671,-0.6414875984191895,1.1629376411437988,1.1732178926467896,0.9405465126037598,1.516628623008728,-1.8556183576583862,-1.0460097789764404,4.940999984741211,0.20967601239681244,0.17007893323898315,-0.8513965606689453,1.1726876497268677,-0.12846232950687408,-0.5175526142120361,1.3876268863677979,-0.6586863398551941,1.154046654701233,1.1775661706924438,0.941771924495697,1.5064700841903687,-1.8554123640060425,-1.0418720245361328,0.09985102713108063,0.09167218953371048,-0.445432186126709,0.5911949276924133,0.3387039005756378,0.1601264923810959,-0.024678314104676247,-1.018650770187378,-0.6950535774230957,-0.6910356283187866,2.1550204753875732,2.4393982887268066,-2.6478323936462402,-2.2580742835998535,0.0954025611281395,0.0989663228392601,-0.4537096619606018,0.5953708291053772,0.3351888358592987,0.1657247692346573,-0.030689019709825516,-1.0161079168319702,-0.6956965923309326,-0.6941094994544983,2.1556384563446045,2.4355835914611816,-2.6479251384735107,-2.264737129211426,-0.0035303952172398567,-0.040378522127866745,0.05018160119652748,1.7253901958465576,0.022298673167824745,-0.0801006406545639,0.013453981839120388,-1.0641037225723267,0.03531643748283386,0.004740819800645113,0.014431900344789028,2.764004945755005,0.10710557550191879,-1.6429359912872314
1.102,2.3852393496781588e-05,1.7237589418073185e-05,-0.008172892034053802,-8.10010897112079e-05,4.3622432713164017e-05,6.721575482515618e-05,5.837745575831832e-08,7.884141339786765e-09,-1.0,0.20000000298023224,0.0,0.0,0.0,0.09659405797719955,0.09692873060703278,-0.45120835304260254,0.5947707891464233,0.3365958034992218,0.16346967220306396,-0.02645961381494999,-1.0179698467254639,-0.6958155632019043,-0.6920843124389648,2.152891159057617,2.4333808422088623,-2.6498847007751465,-2.2587687969207764,0.014579537324607372,-0.05895403400063515,0.13398274779319763,1.6990188360214233,0.0373547226190567,-0.08005978167057037,0.19049659371376038,-1.1422638893127441,0.10806509107351303,-0.0217752642929554,0.06634450703859329,2.576557159423828,0.0925191193819046,-1.8041577339172363,0.20967601239681244,0.17007893323898315,-0.8513965606689453,1.1726876497268677,-0.12846232950687408,-0.5175526142120361,1.3876268863677979,-0.6586863398551941,1.154046654701233,1.1775661706924438,0.941771924495697,1.5064700841903687,-1.8554123640060425,-1.0418720245361328,4.920000076293945,0.21653367578983307,0.1801988184452057,-0.8617528676986694,1.1756515502929688,-0.13691890239715576,-0.5176385045051575,1.3788305521011353,-0.6475200057029724,1.1635082960128784,1.1776198148727417,0.9329811930656433,1.5056778192520142,-1.8546712398529053,-1.0328036546707153,0.10153419524431229,0.09135764092206955,-0.44252103567123413,0.5905210971832275,0.33931124210357666,0.15837734937667847,-0.021479589864611626,-1.0192925930023193,-0.6940120458602905,-0.6893864870071411,2.1525144577026367,2.437286376953125,-2.6481130123138428,-2.254119873046875,0.09658629447221756,0.09655923396348953,-0.45013228058815,0.5945660471916199,0.33687999844551086,0.1627768725156784,-0.025654656812548637,-1.0180727243423462,-0.6954669952392578,-0.6920557022094727,2.1533403396606445,2.4312188625335693,-2.6481480598449707,-2.2591135501861572,-0.004247983917593956,-0.030553441494703293,0.08582565188407898,1.703750491142273,0.022212663665413857,-0.06352962553501129,0.028265679255127907,-1.0855015516281128,0.003242872655391693,0.013590331189334393,0.02838483452796936,2.636892318725586,0.13768373429775238,-1.9966174364089966
1.121,2.3852393496781588e-05,1.7237589418073185e-05,-0.008172892034053802,4.677373726735823e-05,1.67740211054479e-07,-4.870785414823331e-05,4.7043137385571754e-08,2.3924409120468226e-09,-1.0,0.20000000298023224,0.0,0.0,0.0,0.09809790551662445,0.09596563875675201,-0.4475995898246765,0.5934293270111084,0.33761823177337646,0.16077060997486115,-0.023092174902558327,-1.0184848308563232,-0.6952347159385681,-0.6898893713951111,2.150326728820801,2.429103136062622,-2.6489479541778564,-2.2572693824768066,0.09414214640855789,-0.037853699177503586,0.09131381660699844,0.3436385989189148,0.04130113124847412,-0.06196810305118561,0.20728258788585663,-0.33893272280693054,0.1589343249797821,-0.163885235786438,0.0534101277589798,0.8976086378097534,-0.2327832579612732,-0.5809189677238464,0.21653367578983307,0.1801988184452057,-0.8617528676986694,1.1756515502929688,-0.13691890239715576,-0.5176385045051575,1.3788305521011353,-0.6475200057029724,1.1635082960128784,1.1776198148727417,0.9329811930656433,1.5056778192520142,-1.8546712398529053,-1.0328036546707153,4.901000022888184,0.20869091153144836,0.13095623254776,-0.817396879196167,1.1607342958450317,-0.13731417059898376,-0.532576858997345,1.4320567846298218,-0.6862781047821045,1.1326435804367065,1.189750075340271,0.9322040677070618,1.4915457963943481,-1.8630311489105225,-1.0354750156402588,0.10209644585847855,0.08618173748254776,-0.43575653433799744,0.5884903073310852,0.3397575914859772,0.1554841846227646,-0.013597988523542881,-1.023681879043579,-0.6962652802467346,-0.6868541836738586,2.1504318714141846,2.4341835975646973,-2.6491737365722656,-2.251223564147949,0.09822466969490051,0.09570077806711197,-0.4467192590236664,0.5936957597732544,0.33785319328308105,0.16021396219730377,-0.022439278662204742,-1.0190441608428955,-0.694550096988678,-0.6903678178787231,2.1507492065429688,2.432124614715576,-2.6485989093780518,-2.2574257850646973,-0.002928167348727584,-0.022761784493923187,0.07076268643140793,1.7114081382751465,0.015816302970051765,-0.04847811907529831,0.010010701604187489,-1.0711698532104492,0.019014587625861168,-0.0034034154377877712,0.027340492233633995,2.9091405868530273,0.07745037972927094,-1.6963022947311401
1.142,2.1807245502714068e-05,2.122487421729602e-05,-0.008403781801462173,9.113988926401362e-05,-4.937091944157146e-05,-5.184572728467174e-05,2.8309022681582974e-08,-6.381044670433766e-08,-1.0,0.20000000298023224,0.0,0.0,0.0,0.09875057637691498,0.093313068151474,-0.4440203905105591,0.5897740721702576,0.33845531940460205,0.15815594792366028,-0.01781393215060234,-1.0210806131362915,-0.6964209675788879,-0.6878923773765564,2.147822141647339,2.426578998565674,-2.651675224304199,-2.248619794845581,0.009540142491459846,-0.10550589859485626,0.17530815303325653,-1.8386105298995972,0.009292162023484707,-0.06194588914513588,0.35531559586524963,0.8848070502281189,-0.07122652977705002,-0.008870258927345276,0.06297054886817932,-3.0062310695648193,-0.12833699584007263,1.8990529775619507,0.20869091153144836,0.13095623254776,-0.817396879196167,1.1607342958450317,-0.13731417059898376,-0.532576858997345,1.4320567846298218,-0.6862781047821045,1.1326435804367065,1.189750075340271,0.9322040677070618,1.4915457963943481,-1.8630311489105225,-1.0354750156402588,4.88100004196167,0.14286354184150696,0.022718066349625587,-0.8109489679336548,1.1202255487442017,-0.18395178020000458,-0.5612033009529114,1.458309531211853,-0.7167351245880127,1.0532845258712769,1.2317943572998047,0.9320873022079468,1.4580864906311035,-1.8609557151794434,-1.0565762519836426,0.09596351534128189,0.07121720165014267,-0.4297001361846924,0.5828148126602173,0.3354509174823761,0.15030701458454132,-0.004667431581765413,-1.0302389860153198,-0.7060037851333618,-0.6806239485740662,2.148754119873047,2.4283554553985596,-2.6498146057128906,-2.251016616821289,0.0987338051199913,0.09267617017030716,-0.44239890575408936,0.5894967317581177,0.33854004740715027,0.15759463608264923,-0.01565462350845337,-1.0219147205352783,-0.6967794895172119,-0.6878001093864441,2.148414373397827,2.4242091178894043,-2.650336742401123,-2.250044584274292,-0.0028979999478906393,-0.05368450656533241,0.1406584233045578,-1.7169692516326904,0.009461489506065845,-0.04980907589197159,0.13890685141086578,1.0490013360977173,-0.021313048899173737,0.012359506450593472,0.048225563019514084,-3.0485339164733887,0.19423826038837433,1.7615933418273926
1.161,2.1807245502714068e-05,2.122487421729602e-05,-0.008403781801462173,9.487656643614173e-05,-4.9993810534942895e-05,-4.333165634307079e-05,2.737976245725804e-08,-4.365034911302246e-08,-1.0,0.20000000298023224,0.0,0.0,0.0,0.09667744487524033,0.09014787524938583,-0.4395305812358856,0.5861465334892273,0.3378295600414276,0.15548589825630188,-0.011408952996134758,-1.0245864391326904,-0.7008262276649475,-0.6835689544677734,2.1463236808776855,2.420271873474121,-2.651785373687744,-2.2470216751098633,-0.16794374585151672,-0.35899725556373596,0.2155580371618271,-1.917298674583435,-0.07994037866592407,-0.08991969376802444,0.6072890162467957,0.3829798698425293,-1.3157639503479004,0.49455857276916504,0.052238088101148605,-2.9431393146514893,-0.5304383039474487,2.1099162101745605,0.14286354184150696,0.022718066349625587,-0.8109489679336548,1.1202255487442017,-0.18395178020000458,-0.5612033009529114,1.458309531211853,-0.7167351245880127,1.0532845258712769,1.2317943572998047,0.9320873022079468,1.4580864906311035,-1.8609557151794434,-1.0565762519836426,4.861000061035156,0.15240538120269775,0.03350413963198662,-0.8486043214797974,1.0970689058303833,-0.17644725739955902,-0.5754680037498474,1.4175636768341064,-0.6796831488609314,1.0312039852142334,1.2527636289596558,0.9439574480056763,1.4414142370224,-1.8624728918075562,-1.0546752214431763,0.09201134741306305,0.06032417714595795,-0.4286205470561981,0.5759587287902832,0.33275601267814636,0.1447388082742691,-0.0015975716523826122,-1.0317795276641846,-0.7160027027130127,-0.6735427975654602,2.148599147796631,2.4220259189605713,-2.6504790782928467,-2.2506608963012695,0.0959356352686882,0.08786480128765106,-0.4375222623348236,0.5851841568946838,0.3369083106517792,0.15461274981498718,-0.007507050409913063,-1.0277962684631348,-0.7059856653213501,-0.6815710663795471,2.1469194889068604,2.4180655479431152,-2.6512105464935303,-2.2500548362731934,-0.05284925550222397,-0.1938345581293106,0.1821022480726242,-1.7556040287017822,-0.059822436422109604,-0.08822929114103317,0.25087952613830566,0.9216563105583191,-0.21033714711666107,0.07442143559455872,0.05431737005710602,-3.043729305267334,0.2478991001844406,1.568739891052246
1.18,-1.7519647371955216e-05,-0.00010330900840926915,-0.008677543140947819,-8.756547322263941e-05,5.980965215712786e-05,4.384845306049101e-05,2.2578680258789063e-08,-6.177161537834763e-08,-1.0,0.20000000298023224,0.0,0.0,0.0,0.09344404935836792,0.08345236629247665,-0.43512311577796936,0.5806475281715393,0.33512890338897705,0.15190835297107697,-0.0032524599228054285,-1.0299887657165527,-0.7141740322113037,-0.6752954721450806,2.146916627883911,2.412735939025879,-2.651326894760132,-2.2499194145202637,-0.11657983809709549,-0.30621394515037537,0.17309747636318207,-1.8276058435440063,-0.11542105674743652,-0.12977147102355957,0.24484457075595856,0.9023427367210388,-0.6671931147575378,0.2775881290435791,0.07478322833776474,-3.0755598545074463,0.22578275203704834,1.570501446723938,0.15240538120269775,0.03350413963198662,-0.8486043214797974,1.0970689058303833,-0.17644725739955902,-0.5754680037498474,1.4175636768341064,-0.6796831488609314,1.0312039852142334,1.2527636289596558,0.9439574480056763,1.4414142370224,-1.8624728918075562,-1.0546752214431763,4.841000080108643,0.1522306203842163,0.033143531531095505,-0.8221175074577332,1.0933723449707031,-0.1708594262599945,-0.5819688439369202,1.4491349458694458,-0.713638424873352,1.0435101985931396,1.2544324398040771,0.9242602586746216,1.4579976797103882,-1.8546247482299805,-1.0572054386138916,0.08883213996887207,0.05157369747757912,-0.4251081943511963,0.5701042413711548,0.3311588764190674,0.1396341621875763,0.004015443380922079,-1.036407470703125,-0.722771167755127,-0.6677110195159912,2.146505355834961,2.4186205863952637,-2.6502256393432617,-2.250629186630249,0.09344404935836792,0.08345236629247665,-0.43512311577796936,0.5806475281715393,0.33512890338897705,0.15190835297107697,-0.0032524599228054285,-1.0299887657165527,-0.7141740322113037,-0.6752954721450806,2.146916627883911,2.412735939025879,-2.651326894760132,-2.2499194145202637,-0.11657983809709549,-0.30621394515037537,0.17309747636318207,-1.8276058435440063,-0.11542105674743652,-0.12977147102355957,0.24484457075595856,0.9023427367210388,-0.6671931147575378,0.2775881290435791,0.07478322833776474,-3.0755598545074463,0.22578275203704834,1.570501446723938
1.201,-1.7519647371955216e-05,-0.00010330900840926915,-0.008677543140947819,0.000100493743957486,-6.5409934904892e-05,-3.0433870051638223e-05,1.0598211730439289e-07,4.374645001803401e-08,-1.0,0.20000000298023224,0.0,0.0,0.0,0.09001641720533371,0.07606890797615051,-0.4314436614513397,0.577206015586853,0.3327713906764984,0.14770130813121796,0.0022162706591188908,-1.0360044240951538,-0.7215917706489563,-0.6693695783615112,2.1449215412139893,2.4141294956207275,-2.6513431072235107,-2.25217604637146,-0.10077784210443497,-0.3231640160083771,0.13854588568210602,1.5220378637313843,-0.09588675200939178,-0.15240071713924408,0.20681750774383545,-1.4339932203292847,-0.5888562798500061,0.24131260812282562,0.04218311607837677,3.052847385406494,0.06968744099140167,-2.220707416534424,0.1522306203842163,0.033143531531095505,-0.8221175074577332,1.0933723449707031,-0.1708594262599945,-0.5819688439369202,1.4491349458694458,-0.713638424873352,1.0435101985931396,1.2544324398040771,0.9242602586746216,1.4579976797103882,-1.8546247482299805,-1.0572054386138916,4.821000099182129,0.23382896184921265,0.1934075802564621,-0.8662011623382568,1.1270102262496948,-0.10404163599014282,-0.5449756383895874,1.3842546939849854,-0.6359305381774902,1.1566612720489502,1.2170917987823486,0.9061220288276672,1.49336838722229,-1.8467811346054077,-1.014283537864685,0.09444861114025116,0.060599714517593384,-0.4267066717147827,0.5687844157218933,0.33656296133995056,0.1392497718334198,0.0020178300328552723,-1.032339096069336,-0.7168708443641663,-0.666779637336731,2.1430165767669678,2.419433355331421,-2.6492388248443604,-2.246311664581299,0.09001641720533371,0.07606890797615051,-0.4314436614513397,0.577206015586853,0.3327713906764984,0.14770130813121796,0.0022162706591188908,-1.0360044240951538,-0.7215917706489563,-0.6693695783615112,2.1449215412139893,2.4141294956207275,-2.6513431072235107,-2.25217604637146,-0.10077784210443497,-0.3231640160083771,0.13854588568210602,1.5220378637313843,-0.09588675200939178,-0.15240071713924408,0.20681750774383545,-1.4339932203292847,-0.5888562798500061,0.24131260812282562,0.04218311607837677,3.052847385406494,0.06968744099140167,-2.220707416534424
1.22,-7.470236596418545e-06,-6.880904402351007e-05,-0.008888132870197296,-8.756545867072418e-05,6.846311589470133e-05,4.666331733460538e-05,5.931458346708496e-08,-3.15808224016223e-09,-1.0,0.20000000298023224,0.0,0.0,0.0,0.0909494087100029,0.0732962116599083,-0.43058517575263977,0.5738954544067383,0.3332771956920624,0.1445980966091156,0.0017499357927590609,-1.032850742340088,-0.7205541133880615,-0.667495608329773,2.1429641246795654,2.41389536857605,-2.647308826446533,-2.254514217376709,0.041931167244911194,-0.09029623866081238,-0.03046492300927639,1.6860594749450684,0.0866662859916687,-0.11888101696968079,-0.220908060669899,-0.8610517978668213,0.4798167645931244,-0.010490469634532928,-0.1186748594045639,3.104092836380005,-0.015865067020058632,-1.418473482131958,0.23382896184921265,0.1934075802564621,-0.8662011623382568,1.1270102262496948,-0.10404163599014282,-0.5449756383895874,1.3842546939849854,-0.6359305381774902,1.1566612720489502,1.2170917987823486,0.9061220288276672,1.49336838722229,-1.8467811346054077,-1.014283537864685,4.801000118255615,0.22508172690868378,0.18737691640853882,-0.8391774892807007,1.1362360715866089,-0.09380143880844116,-0.5613052845001221,1.4377976655960083,-0.6866689324378967,1.1770484447479248,1.2195076942443848,0.8745712637901306,1.5359114408493042,-1.8383079767227173,-1.0100177526474,0.09806706756353378,0.06721746921539307,-0.4252830743789673,0.5686511397361755,0.3419102132320404,0.13730929791927338,0.005774036515504122,-1.0341582298278809,-0.7101118564605713,-0.6657929420471191,2.137070417404175,2.424337863922119,-2.647602081298828,-2.242431163787842,0.0909494087100029,0.0732962116599083,-0.43058517575263977,0.5738954544067383,0.3332771956920624,0.1445980966091156,0.0017499357927590609,-1.032850742340088,-0.7205541133880615,-0.667495608329773,2.1429641246795654,2.41389536857605,-2.647308826446533,-2.254514217376709,0.041931167244911194,-0.09029623866081238,-0.03046492300927639,1.6860594749450684,0.0866662859916687,-0.11888101696968079,-0.220908060669899,-0.8610517978668213,0.4798167645931244,-0.010490469634532928,-0.1186748594045639,3.104092836380005,-0.015865067020058632,-1.418473482131958
1.242,-7.470236596418545e-06,-6.880904402351007e-05,-0.008888132870197296,-8.978133701020852e-05,6.399866106221452e-05,4.230879494571127e-05,6.479483261045971e-08,1.1344442718552727e-08,-1.0,0.20000000298023224,0.0,0.0,0.0,0.09313134104013443,0.07346085458993912,-0.42886990308761597,0.5727503299713135,0.33593758940696716,0.14138546586036682,0.0037004812620580196,-1.033144235610962,-0.7125787138938904,-0.6665643453598022,2.1382734775543213,2.4152181148529053,-2.6512513160705566,-2.242222309112549,0.03920355811715126,-0.02714214287698269,0.058505039662122726,1.6824994087219238,0.13142891228199005,-0.09627952426671982,0.14952558279037476,-1.149229884147644,0.3574831485748291,-0.04695337265729904,-0.0895150899887085,2.8356926441192627,0.16708648204803467,-1.8462131023406982,0.22508172690868378,0.18737691640853882,-0.8391774892807007,1.1362360715866089,-0.09380143880844116,-0.5613052845001221,1.4377976655960083,-0.6866689324378967,1.1770484447479248,1.2195076942443848,0.8745712637901306,1.5359114408493042,-1.8383079767227173,-1.0100177526474,4.781000137329102,0.21458570659160614,0.1884661614894867,-0.8258777856826782,1.1399610042572021,-0.11332865059375763,-0.5590248107910156,1.4322582483291626,-0.6715162396430969,1.176117181777954,1.2258470058441162,0.8801950216293335,1.5035778284072876,-1.842878818511963,-0.9881198406219482,0.09991222620010376,0.07262059301137924,-0.4228142499923706,0.5689170360565186,0.3442353308200836,0.13598495721817017,0.008225060068070889,-1.0340981483459473,-0.7047977447509766,-0.6643697023391724,2.132875919342041,2.425028085708618,-2.64674973487854,-2.2371368408203125,0.09335347265005112,0.0730498656630516,-0.4284173846244812,0.5723434090614319,0.3369903266429901,0.1405579149723053,0.004364546854048967,-1.0332547426223755,-0.710984468460083,-0.6667066812515259,2.137502908706665,2.41408371925354,-2.649019241333008,-2.242130756378174,0.016736624762415886,-0.0412692055106163,0.033948659896850586,1.6964513063430786,0.08867274224758148,-0.0750400573015213,0.02803657576441765,-1.1055132150650024,0.06759102642536163,0.0023486241698265076,-0.06922001391649246,2.7334353923797607,0.17955687642097473,-2.0501444339752197
1.2610000000000001,6.81643359712325e-05,0.00011287444067420438,-0.00901368074119091,-8.596450061304495e-05,7.068430568324402e-05,4.5211229007691145e-05,6.12610406847125e-08,1.1056156878908041e-08,-1.0,0.20000000298023224,0.0,0.0,0.0,0.09523966908454895,0.07467710226774216,-0.42626887559890747,0.5724316239356995,0.338733971118927,0.13860860466957092,0.006426525302231312,-1.0335755348205566,-0.7078574895858765,-0.6650092005729675,2.1337056159973145,2.4131879806518555,-2.6483850479125977,-2.240649700164795,0.08347048610448837,0.13151197135448456,0.05032220482826233,1.6906542778015137,0.1450989693403244,-0.07593019306659698,0.17636367678642273,-1.0792546272277832,0.5530003905296326,-0.09679429978132248,-0.07218462973833084,2.7908968925476074,-0.08895188570022583,-1.7674589157104492,0.21458570659160614,0.1884661614894867,-0.8258777856826782,1.1399610042572021,-0.11332865059375763,-0.5590248107910156,1.4322582483291626,-0.6715162396430969,1.176117181777954,1.2258470058441162,0.8801950216293335,1.5035778284072876,-1.842878818511963,-0.9881198406219482,4.761000156402588,0.2128818929195404,0.1758449226617813,-0.812462568283081,1.1420903205871582,-0.10940539836883545,-0.5628170371055603,1.4502187967300415,-0.6792594790458679,1.1713879108428955,1.2310951948165894,0.8783106803894043,1.492776870727539,-1.83961021900177,-0.9771260619163513,0.10121797025203705,0.07568097114562988,-0.41949766874313354,0.5693426728248596,0.34648773074150085,0.13454626500606537,0.011981934309005737,-1.0348244905471802,-0.7010194063186646,-0.6627062559127808,2.1293318271636963,2.4245002269744873,-2.6457409858703613,-2.231801986694336,0.09550650417804718,0.07495583593845367,-0.42582327127456665,0.5722531676292419,0.3397672474384308,0.13802309334278107,0.00701805017888546,-1.03345787525177,-0.7054728865623474,-0.6653602719306946,2.1330785751342773,2.412914752960205,-2.64753794670105,-2.2391343116760254,0.013444011099636555,0.0075786723755300045,0.032494790852069855,1.700459599494934,0.08218508958816528,-0.05119751766324043,0.010603230446577072,-1.0802112817764282,0.08814192563295364,-0.0009189287666231394,-0.059226054698228836,2.811859607696533,0.09276551753282547,-1.8523128032684326
1.28,6.81643359712325e-05,0.00011287444067420438,-0.00901368074119091,-8.952723146649078e-05,6.78688520565629e-05,4.054040618939325e-05,6.07205450364745e-08,1.226577328594658e-08,-1.0,0.20000000298023224,0.0,0.0,0.0,0.09688007086515427,0.0771099105477333,-0.4236487150192261,0.5726395845413208,0.3416687846183777,0.13624247908592224,0.010293502360582352,-1.034271478652954,-0.7026763558387756,-0.6636132597923279,2.129154920578003,2.412886619567871,-2.648125648498535,-2.2351768016815186,0.04314246028661728,0.07040122151374817,0.07470431923866272,1.6998592615127563,0.10942390561103821,-0.050302475690841675,0.1653931885957718,-1.0956674814224243,0.323973149061203,-0.054296161979436874,-0.025845441967248917,2.8073089122772217,0.08210622519254684,-1.6539231538772583,0.2128818929195404,0.1758449226617813,-0.812462568283081,1.1420903205871582,-0.10940539836883545,-0.5628170371055603,1.4502187967300415,-0.6792594790458679,1.1713879108428955,1.2310951948165894,0.8783106803894043,1.492776870727539,-1.83961021900177,-0.9771260619163513,4.741000175476074,0.2175069898366928,0.1763206124305725,-0.8063341975212097,1.1385185718536377,-0.11085060238838196,-0.5701260566711426,1.45473313331604,-0.6818625926971436,1.1702415943145752,1.2380355596542358,0.875195324420929,1.4875242710113525,-1.8382563591003418,-0.970920205116272,0.1027250736951828,0.0781768411397934,-0.41623157262802124,0.5693259835243225,0.34814512729644775,0.13266441226005554,0.01543886587023735,-1.0356658697128296,-0.698111355304718,-0.6606814861297607,2.1261849403381348,2.4235527515411377,-2.644798517227173,-2.2269136905670166,0.09688007086515427,0.0771099105477333,-0.4236487150192261,0.5726395845413208,0.3416687846183777,0.13624247908592224,0.010293502360582352,-1.034271478652954,-0.7026763558387756,-0.6636132597923279,2.129154920578003,2.412886619567871,-2.648125648498535,-2.2351768016815186,0.04314246028661728,0.07040122151374817,0.07470431923866272,1.6998592615127563,0.10942390561103821,-0.050302475690841675,0.1653931885957718,-1.0956674814224243,0.323973149061203,-0.054296161979436874,-0.025845441967248917,2.8073089122772217,0.08210622519254684,-1.6539231538772583
1.3,0.00013989176659379154,0.0002910094044636935,-0.009137970395386219,-9.105175558943301e-05,6.756953371223062e-05,3.774628567043692e-05,6.720824785588775e-08,9.128633848831669e-09,-1.0,0.20000000298023224,0.0,0.0,0.0,0.09862568974494934,0.07962340116500854,-0.42058971524238586,0.5723690390586853,0.344309538602829,0.13410839438438416,0.01410615909844637,-1.0350263118743896,-0.6990310549736023,-0.6616759300231934,2.1254000663757324,2.4120874404907227,-2.6465232372283936,-2.229158401489258,0.022577879950404167,0.0393282026052475,0.08605067431926727,1.7043101787567139,0.07856664806604385,-0.041164521127939224,0.09298651665449142,-1.1068699359893799,0.1894035041332245,-0.01799297146499157,0.0011348024709150195,2.7931363582611084,0.1553126722574234,-1.7830601930618286,0.2175069898366928,0.1763206124305725,-0.8063341975212097,1.1385185718536377,-0.11085060238838196,-0.5701260566711426,1.45473313331604,-0.6818625926971436,1.1702415943145752,1.2380355596542358,0.875195324420929,1.4875242710113525,-1.8382563591003418,-0.970920205116272,4.7210001945495605,0.21874921023845673,0.17822964489459991,-0.8030460476875305,1.1331262588500977,-0.11017392575740814,-0.5792936682701111,1.4577900171279907,-0.6831492185592651,1.1658086776733398,1.244972825050354,0.871549129486084,1.4822558164596558,-1.838029146194458,-0.9645235538482666,0.10405497997999191,0.08036444336175919,-0.4132898449897766,0.5687733888626099,0.3495387136936188,0.13024216890335083,0.01851009950041771,-1.0364675521850586,-0.6962282061576843,-0.658367931842804,2.123302936553955,2.4222676753997803,-2.64402174949646,-2.222363233566284,0.09862568974494934,0.07962340116500854,-0.42058971524238586,0.5723690390586853,0.344309538602829,0.13410839438438416,0.01410615909844637,-1.0350263118743896,-0.6990310549736023,-0.6616759300231934,2.1254000663757324,2.4120874404907227,-2.6465232372283936,-2.229158401489258,0.022577879950404167,0.0393282026052475,0.08605067431926727,1.7043101787567139,0.07856664806604385,-0.041164521127939224,0.09298651665449142,-1.1068699359893799,0.1894035041332245,-0.01799297146499157,0.0011348024709150195,2.7931363582611084,0.1553126722574234,-1.7830601930618286
1.32,0.00013989176659379154,0.0002910094044636935,-0.009137970395386219,-9.143819625023752e-05,6.896036938996986e-05,3.614819434005767e-05,7.1458423178683e-08,9.258047661830915e-09,-1.0,0.20000000298023224,0.0,0.0,0.0,0.1000945046544075,0.08200277388095856,-0.41756874322891235,0.5719015002250671,0.3465326428413391,0.13203004002571106,0.0170709528028965,-1.0358232259750366,-0.6971359848976135,-0.6592423319816589,2.122035026550293,2.4106802940368652,-2.6456682682037354,-2.224653482437134,0.025810353457927704,0.06762302666902542,0.07943985611200333,1.6944732666015625,0.061170756816864014,-0.048567164689302444,0.09551221877336502,-1.1235030889511108,0.17852726578712463,-0.019432751461863518,0.015771683305501938,2.795461893081665,0.06313248723745346,-1.8437949419021606,0.21874921023845673,0.17822964489459991,-0.8030460476875305,1.1331262588500977,-0.11017392575740814,-0.5792936682701111,1.4577900171279907,-0.6831492185592651,1.1658086776733398,1.244972825050354,0.871549129486084,1.4822558164596558,-1.838029146194458,-0.9645235538482666,4.701000213623047,0.21677182614803314,0.1776856929063797,-0.7994486689567566,1.1279430389404297,-0.10554300993680954,-0.5886350870132446,1.462587833404541,-0.6836123466491699,1.1589595079421997,1.253638505935669,0.8696779012680054,1.4753104448318481,-1.838870644569397,-0.9567741751670837,0.10492116957902908,0.08206012845039368,-0.4105767607688904,0.5678130388259888,0.35111668705940247,0.12737023830413818,0.021446868777275085,-1.037155270576477,-0.6954066157341003,-0.6556504964828491,2.120810031890869,2.4205451011657715,-2.643484592437744,-2.2179479598999023,0.1000945046544075,0.08200277388095856,-0.41756874322891235,0.5719015002250671,0.3465326428413391,0.13203004002571106,0.0170709528028965,-1.0358232259750366,-0.6971359848976135,-0.6592423319816589,2.122035026550293,2.4106802940368652,-2.6456682682037354,-2.224653482437134,0.025810353457927704,0.06762302666902542,0.07943985611200333,1.6944732666015625,0.061170756816864014,-0.048567164689302444,0.09551221877336502,-1.1235030889511108,0.17852726578712463,-0.019432751461863518,0.015771683305501938,2.795461893081665,0.06313248723745346,-1.8437949419021606
1.341,0.00015718942449893802,0.00034232193138450384,-0.009324087761342525,-9.218649938702583e-05,7.01661265338771e-05,3.421980363782495e-05,7.071591312524106e-08,8.854843080996488e-09,-1.0,0.20000000298023224,0.0,0.0,0.0,0.1010800451040268,0.08402814716100693,-0.41456565260887146,0.571301281452179,0.34841930866241455,0.1298554390668869,0.020085670053958893,-1.0365554094314575,-0.6961219906806946,-0.6566706895828247,2.119349241256714,2.409379005432129,-2.645068407058716,-2.220292329788208,0.013002227991819382,0.027664916589856148,0.06971537321805954,1.6870018243789673,0.048792291432619095,-0.056863538920879364,0.08054769039154053,-1.1050814390182495,0.11249379813671112,0.037125274538993835,0.022450219839811325,2.776660919189453,0.10944965481758118,-1.8251429796218872,0.21677182614803314,0.1776856929063797,-0.7994486689567566,1.1279430389404297,-0.10554300993680954,-0.5886350870132446,1.462587833404541,-0.6836123466491699,1.1589595079421997,1.253638505935669,0.8696779012680054,1.4753104448318481,-1.838870644569397,-0.9567741751670837,4.681000232696533,0.21846555173397064,0.17659984529018402,-0.7945599555969238,1.1239227056503296,-0.10259762406349182,-0.5957927703857422,1.4679328203201294,-0.6875080466270447,1.1543970108032227,1.259863257408142,0.8669081926345825,1.4707220792770386,-1.8383235931396484,-0.9502107501029968,0.10578349232673645,0.08330808579921722,-0.40791741013526917,0.566642701625824,0.35267359018325806,0.12435691058635712,0.024330783635377884,-1.0380949974060059,-0.6952056288719177,-0.6528540849685669,2.1185388565063477,2.418708324432373,-2.6430001258850098,-2.213759422302246,0.1010800451040268,0.08402814716100693,-0.41456565260887146,0.571301281452179,0.34841930866241455,0.1298554390668869,0.020085670053958893,-1.0365554094314575,-0.6961219906806946,-0.6566706895828247,2.119349241256714,2.409379005432129,-2.645068407058716,-2.220292329788208,0.013002227991819382,0.027664916589856148,0.06971537321805954,1.6870018243789673,0.048792291432619095,-0.056863538920879364,0.08054769039154053,-1.1050814390182495,0.11249379813671112,0.037125274538993835,0.022450219839811325,2.776660919189453,0.10944965481758118,-1.8251429796218872
1.3599999999999999,0.00015718942449893802,0.00034232193138450384,-0.009324087761342525,-9.149303514277562e-05,7.314585673157126e-05,3.401658614166081e-05,7.151166414587351e-08,1.3731210835032925e-08,-1.0,0.20000000298023224,0.0,0.0,0.0,0.101981520652771,0.0854053869843483,-0.411882221698761,0.5706281661987305,0.3503151535987854,0.12737205624580383,0.022320516407489777,-1.0373440980911255,-0.6963743567466736,-0.6536972522735596,2.116795539855957,2.4077601432800293,-2.6448774337768555,-2.2161359786987305,0.028762366622686386,0.05855175107717514,0.06893588602542877,1.656457543373108,0.05432683601975441,-0.07075461745262146,0.19475530087947845,-1.162255048751831,0.19569048285484314,-0.001356808003038168,0.03586967661976814,2.7717392444610596,-0.1622343212366104,-1.7941570281982422,0.21846555173397064,0.17659984529018402,-0.7945599555969238,1.1239227056503296,-0.10259762406349182,-0.5957927703857422,1.4679328203201294,-0.6875080466270447,1.1543970108032227,1.259863257408142,0.8669081926345825,1.4707220792770386,-1.8383235931396484,-0.9502107501029968,4.660999774932861,0.21713711321353912,0.17265038192272186,-0.7907776236534119,1.120313286781311,-0.09599971026182175,-0.6002733111381531,1.4718610048294067,-0.6846835017204285,1.1473402976989746,1.2651396989822388,0.8669904470443726,1.4601085186004639,-1.8421238660812378,-0.9415677189826965,0.10634050518274307,0.08391150832176208,-0.4054117202758789,0.5653454661369324,0.3545789122581482,0.12149819731712341,0.027030732482671738,-1.0385643243789673,-0.6957504749298096,-0.6500892639160156,2.116730213165283,2.41617751121521,-2.6429924964904785,-2.2095444202423096,0.101981520652771,0.0854053869843483,-0.411882221698761,0.5706281661987305,0.3503151535987854,0.12737205624580383,0.022320516407489777,-1.0373440980911255,-0.6963743567466736,-0.6536972522735596,2.116795539855957,2.4077601432800293,-2.6448774337768555,-2.2161359786987305,0.028762366622686386,0.05855175107717514,0.06893588602542877,1.656457543373108,0.05432683601975441,-0.07075461745262146,0.19475530087947845,-1.162255048751831,0.19569048285484314,-0.001356808003038168,0.03586967661976814,2.7717392444610596,-0.1622343212366104,-1.7941570281982422
1.38,0.00022004006314091384,0.0004924876266159117,-0.00944981537759304,-9.439040150027722e-05,7.315594848478213e-05,3.2578103855485097e-05,7.904338161779378e-08,1.6767268462558604e-08,-1.0,0.20000000298023224,0.0,0.0,0.0,0.10261086374521255,0.08619792014360428,-0.4090534448623657,0.5699295401573181,0.3521929085254669,0.12467349320650101,0.025421597063541412,-1.0382235050201416,-0.6964771151542664,-0.6509876251220703,2.1150524616241455,2.4076390266418457,-2.6447277069091797,-2.213728666305542,0.01720581017434597,0.02203458920121193,0.0635993480682373,1.4898837804794312,0.042582374066114426,-0.07372299581766129,0.14202481508255005,-1.0222059488296509,0.09946447610855103,-0.0027864868752658367,0.03657778725028038,3.0235118865966797,0.036438871175050735,-2.0383100509643555,0.21713711321353912,0.17265038192272186,-0.7907776236534119,1.120313286781311,-0.09599971026182175,-0.6002733111381531,1.4718610048294067,-0.6846835017204285,1.1473402976989746,1.2651396989822388,0.8669904470443726,1.4601085186004639,-1.8421238660812378,-0.9415677189826965,4.640999794006348,0.2221095710992813,0.17500722408294678,-0.777070164680481,1.110206961631775,-0.0871710479259491,-0.6085354089736938,1.4736945629119873,-0.6948423981666565,1.145055890083313,1.274741530418396,0.8675341606140137,1.4568862915039062,-1.8323930501937866,-0.9369151592254639,0.10728336125612259,0.08462993055582047,-0.4020363986492157,0.5632970929145813,0.35698601603507996,0.11838501691818237,0.029374048113822937,-1.039955735206604,-0.6964148283004761,-0.6469172835350037,2.115337610244751,2.4138307571411133,-2.6420133113861084,-2.20570707321167,0.10261086374521255,0.08619792014360428,-0.4090534448623657,0.5699295401573181,0.3521929085254669,0.12467349320650101,0.025421597063541412,-1.0382235050201416,-0.6964771151542664,-0.6509876251220703,2.1150524616241455,2.4076390266418457,-2.6447277069091797,-2.213728666305542,0.01720581017434597,0.02203458920121193,0.0635993480682373,1.4898837804794312,0.042582374066114426,-0.07372299581766129,0.14202481508255005,-1.0222059488296509,0.09946447610855103,-0.0027864868752658367,0.03657778725028038,3.0235118865966797,0.036438871175050735,-2.0383100509643555
1.4,0.00022004006314091384,0.0004924876266159117,-0.00944981537759304,9.533314732834697e-05,-7.392562838504091e-05,-2.6934574634651653e-05,7.328105766646331e-08,5.663716162729315e-09,-1.0,0.20000000298023224,0.0,0.0,0.0,0.10359678417444229,0.08702307194471359,-0.40624186396598816,0.5685194730758667,0.3541092276573181,0.1218426376581192,0.02781863510608673,-1.0391442775726318,-0.6971291899681091,-0.6478980779647827,2.113690137863159,2.4064886569976807,-2.643705129623413,-2.2064054012298584,0.01545221172273159,0.01639603078365326,0.08641086518764496,1.6489589214324951,0.04941781610250473,-0.07775368541479111,0.1029009073972702,-1.1074013710021973,0.07689831405878067,0.015102661214768887,0.03787638247013092,2.6315572261810303,0.07347938418388367,-1.8749769926071167,0.2221095710992813,0.17500722408294678,-0.777070164680481,1.110206961631775,-0.0871710479259491,-0.6085354089736938,1.4736945629119873,-0.6948423981666565,1.145055890083313,1.274741530418396,0.8675341606140137,1.4568862915039062,-1.8323930501937866,-0.9369151592254639,4.620999813079834,0.22150865197181702,0.16883163154125214,-0.7766239047050476,1.112129807472229,-0.09560056030750275,-0.6136046648025513,1.4839071035385132,-0.6934289336204529,1.140383243560791,1.2762932777404785,0.8595458269119263,1.4500621557235718,-1.8374497890472412,-0.926520049571991,0.10797755420207977,0.08458711206912994,-0.3992915153503418,0.5618506669998169,0.3580687642097473,0.11538755148649216,0.032269954681396484,-1.040927529335022,-0.6974135637283325,-0.6442245244979858,2.113424777984619,2.4112708568573,-2.641735792160034,-2.2015976905822754,0.10359678417444229,0.08702307194471359,-0.40624186396598816,0.5685194730758667,0.3541092276573181,0.1218426376581192,0.02781863510608673,-1.0391442775726318,-0.6971291899681091,-0.6478980779647827,2.113690137863159,2.4064886569976807,-2.643705129623413,-2.2064054012298584,0.01545221172273159,0.01639603078365326,0.08641086518764496,1.6489589214324951,0.04941781610250473,-0.07775368541479111,0.1029009073972702,-1.1074013710021973,0.07689831405878067,0.015102661214768887,0.03787638247013092,2.6315572261810303,0.07347938418388367,-1.8749769926071167
1.42,0.00023693282855674624,0.0005362847587093711,-0.009628305211663246,-9.402172145200893e-05,7.691767677897587e-05,2.658141966094263e-05,7.383208355804527e-08,1.3939764009762712e-08,-1.0,0.20000000298023224,0.0,0.0,0.0,0.10432908684015274,0.08705749362707138,-0.40334352850914,0.5670480728149414,0.3559064269065857,0.11895734816789627,0.030614344403147697,-1.0403066873550415,-0.6979445815086365,-0.645146369934082,2.1117374897003174,2.4028432369232178,-2.643524408340454,-2.203799247741699,0.011408462189137936,0.003565608523786068,0.071966253221035,1.6293511390686035,0.033003780990839005,-0.08076376467943192,0.14391541481018066,-1.1224610805511475,0.04983153194189072,-0.0005912972846999764,0.035346176475286484,2.6591479778289795,0.023138871416449547,-1.9006329774856567,0.22150865197181702,0.16883163154125214,-0.7766239047050476,1.112129807472229,-0.09560056030750275,-0.6136046648025513,1.4839071035385132,-0.6934289336204529,1.140383243560791,1.2762932777404785,0.8595458269119263,1.4500621557235718,-1.8374497890472412,-0.926520049571991,4.60099983215332,0.22532038390636444,0.16709671914577484,-0.7698946595191956,1.108567714691162,-0.09170503914356232,-0.6174294352531433,1.4888899326324463,-0.6957671642303467,1.140798568725586,1.2798823118209839,0.8567827343940735,1.4424717426300049,-1.8373706340789795,-0.9188189506530762,0.1089140847325325,0.08437936007976532,-0.39642268419265747,0.5603373050689697,0.35932451486587524,0.11260709911584854,0.03508496284484863,-1.0419387817382812,-0.6981710195541382,-0.6417113542556763,2.1116180419921875,2.408463954925537,-2.6415059566497803,-2.197540044784546,0.10432908684015274,0.08705749362707138,-0.40334352850914,0.5670480728149414,0.3559064269065857,0.11895734816789627,0.030614344403147697,-1.0403066873550415,-0.6979445815086365,-0.645146369934082,2.1117374897003174,2.4028432369232178,-2.643524408340454,-2.203799247741699,0.011408462189137936,0.003565608523786068,0.071966253221035,1.6293511390686035,0.033003780990839005,-0.08076376467943192,0.14391541481018066,-1.1224610805511475,0.04983153194189072,-0.0005912972846999764,0.035346176475286484,2.6591479778289795,0.023138871416449547,-1.9006329774856567
1.441,0.00023693282855674624,0.0005362847587093711,-0.009628305211663246,9.91577107924968e-05,-8.13218648545444e-05,-2.101309110003058e-05,1.0471915778964558e-08,-8.262217221499668e-08,-1.0,0.20000000298023224,0.0,0.0,0.0,0.1052878350019455,0.08689197152853012,-0.4003838896751404,0.5629449486732483,0.3576502203941345,0.11604271084070206,0.033596619963645935,-1.0405385494232178,-0.6987266540527344,-0.6426443457603455,2.1099750995635986,2.3982927799224854,-2.642988681793213,-2.199206590652466,0.015007765963673592,6.854352977825329e-05,0.08771657943725586,-1.820165753364563,0.026453765109181404,-0.07692991942167282,0.09924612939357758,1.0737041234970093,0.060959458351135254,-0.005455139558762312,0.04348146170377731,-2.828249931335449,0.06865549832582474,2.184885263442993,0.22532038390636444,0.16709671914577484,-0.7698946595191956,1.108567714691162,-0.09170503914356232,-0.6174294352531433,1.4888899326324463,-0.6957671642303467,1.140798568725586,1.2798823118209839,0.8567827343940735,1.4424717426300049,-1.8373706340789795,-0.9188189506530762,4.580999851226807,0.1464489847421646,-0.007985183969140053,-0.7076954245567322,1.0436521768569946,-0.14778143167495728,-0.6630036234855652,1.5718798637390137,-0.7833661437034607,1.0316407680511475,1.3332855701446533,0.8606517314910889,1.390609860420227,-1.8533525466918945,-0.9447405934333801,0.10177616775035858,0.06670497357845306,-0.3879077136516571,0.5526350736618042,0.3547214865684509,0.10582531988620758,0.04563596099615097,-1.0515077114105225,-0.7096927762031555,-0.6343605518341064,2.1105597019195557,2.4010322093963623,-2.6429200172424316,-2.1968860626220703,0.10531308501958847,0.08690916746854782,-0.39981621503829956,0.5623807907104492,0.3578353226184845,0.11535476893186569,0.03396221995353699,-1.040317416191101,-0.6985854506492615,-0.6425970792770386,2.110185384750366,2.3971729278564453,-2.641909599304199,-2.1970722675323486,0.0006622067303396761,0.0012759644305333495,0.04134650528430939,-1.723621129989624,0.015916671603918076,-0.06173046678304672,0.0018804214196279645,1.1135568618774414,-0.0077620078809559345,0.007604321930557489,0.009264527820050716,-2.995335340499878,0.08030956238508224,2.180349826812744
1.46,0.00020232978567946702,0.00045114828390069306,-0.009870129637420177,-0.00010257080430164933,9.049526124726981e-05,9.447109732718673e-06,2.5905789513558375e-08,-5.780786338505095e-08,-1.0,0.20000000298023224,0.0,0.0,0.0,0.10312281548976898,0.08428645133972168,-0.3975101709365845,0.5573177337646484,0.35674118995666504,0.1125275045633316,0.03831246495246887,-1.0442025661468506,-0.7062121033668518,-0.6362181901931763,2.1082956790924072,2.389308452606201,-2.6459925174713135,-2.1905345916748047,-0.1397743821144104,-0.25759562849998474,0.20163285732269287,-1.1902636289596558,-0.12208454310894012,-0.12171030044555664,0.5489301681518555,-0.11091195791959763,-0.8493238091468811,0.2591201066970825,0.034661006182432175,-1.5464327335357666,-0.38177311420440674,0.427373468875885,0.1464489847421646,-0.007985183969140053,-0.7076954245567322,1.0436521768569946,-0.14778143167495728,-0.6630036234855652,1.5718798637390137,-0.7833661437034607,1.0316407680511475,1.3332855701446533,0.8606517314910889,1.390609860420227,-1.8533525466918945,-0.9447405934333801,4.560999870300293,0.20024460554122925,0.016791420057415962,-0.7220808863639832,1.056602954864502,-0.13010673224925995,-0.636535108089447,1.5297499895095825,-0.720058023929596,1.0396571159362793,1.3097326755523682,0.8775315284729004,1.3572185039520264,-1.857878565788269,-0.9204127788543701,0.10144539922475815,0.05504311993718147,-0.3825342655181885,0.5477683544158936,0.35280653834342957,0.10304674506187439,0.049863774329423904,-1.052832007408142,-0.7181085348129272,-0.6308351755142212,2.111401081085205,2.3917477130889893,-2.6445038318634033,-2.193930149078369,0.10312281548976898,0.08428645133972168,-0.3975101709365845,0.5573177337646484,0.35674118995666504,0.1125275045633316,0.03831246495246887,-1.0442025661468506,-0.7062121033668518,-0.6362181901931763,2.1082956790924072,2.389308452606201,-2.6459925174713135,-2.1905345916748047,-0.1397743821144104,-0.25759562849998474,0.20163285732269287,-1.1902636289596558,-0.12208454310894012,-0.12171030044555664,0.5489301681518555,-0.11091195791959763,-0.8493238091468811,0.2591201066970825,0.034661006182432175,-1.5464327335357666,-0.38177311420440674,0.427373468875885
1.482,0.00020232978567946702,0.00045114828390069306,-0.009870129637420177,-9.967443475034088e-05,8.677830192027614e-05,1.1648997315205634e-05,1.0147616080757871e-07,4.284981258706466e-08,-1.0,0.20000000298023224,0.0,0.0,0.0,0.1015094742178917,0.07784203439950943,-0.3919181823730469,0.5533266663551331,0.354246586561203,0.10841786116361618,0.047343362122774124,-1.0524407625198364,-0.7172881960868835,-0.6317518353462219,2.1095633506774902,2.3912734985351562,-2.646498680114746,-2.199162006378174,-0.06262282282114029,-0.28990450501441956,0.25897836685180664,1.5743249654769897,-0.08368313312530518,-0.11740750074386597,0.3670104444026947,-1.2689272165298462,-0.47592705488204956,-0.01636665314435959,0.09587353467941284,2.961954355239868,0.261222243309021,-2.093226432800293,0.20024460554122925,0.016791420057415962,-0.7220808863639832,1.056602954864502,-0.13010673224925995,-0.636535108089447,1.5297499895095825,-0.720058023929596,1.0396571159362793,1.3097326755523682,0.8775315284729004,1.3572185039520264,-1.857878565788269,-0.9204127788543701,4.539999961853027,0.26056504249572754,0.15864811837673187,-0.7527564167976379,1.0926361083984375,-0.07936851680278778,-0.6050333380699158,1.4867055416107178,-0.6874766945838928,1.151473045349121,1.2763921022415161,0.8498794436454773,1.4186811447143555,-1.8288304805755615,-0.9073280692100525,0.10721282660961151,0.059899307787418365,-0.381303071975708,0.5474783182144165,0.3563483953475952,0.10397405922412872,0.04894157871603966,-1.0506333112716675,-0.7136595249176025,-0.6313489675521851,2.1093087196350098,2.3904662132263184,-2.642866373062134,-2.1902568340301514,0.1010018140077591,0.07526750862598419,-0.3898794651031494,0.5522975921630859,0.35369935631752014,0.10737843066453934,0.049134474247694016,-1.0525764226913452,-0.7191908359527588,-0.6317663788795471,2.1101579666137695,2.389650583267212,-2.6434600353240967,-2.197129964828491,-0.0456593781709671,-0.2389625608921051,0.16642574965953827,1.657130241394043,-0.04162703454494476,-0.0947846993803978,0.07244209945201874,-1.0685030221939087,-0.06014743447303772,0.005331939086318016,0.03439832478761673,2.5805823802948,0.2094458043575287,-1.7611360549926758
1.5,0.00023848946148063987,0.0005533015355467796,-0.010008214972913265,0.00010240864503430203,-9.32976690819487e-05,-3.1226666123984614e-06,7.728200301926336e-08,-4.6910000328637125e-09,-1.0,0.20000000298023224,0.0,0.0,0.0,0.10266228020191193,0.07516548037528992,-0.38718897104263306,0.5512968301773071,0.35459861159324646,0.10744927078485489,0.048552777618169785,-1.0503121614456177,-0.7168247699737549,-0.6323158144950867,2.1082897186279297,2.3857738971710205,-2.641036033630371,-2.194664478302002,0.08048667758703232,-0.0961378961801529,0.09691628813743591,1.6777129173278809,0.051374584436416626,-0.07233495265245438,-0.11065726727247238,-0.9569970965385437,0.41728028655052185,0.09023821353912354,-0.016170216724276543,2.647212266921997,-0.06870387494564056,-1.7017298936843872,0.26056504249572754,0.15864811837673187,-0.7527564167976379,1.0926361083984375,-0.07936851680278778,-0.6050333380699158,1.4867055416107178,-0.6874766945838928,1.151473045349121,1.2763921022415161,0.8498794436454773,1.4186811447143555,-1.8288304805755615,-0.9073280692100525,4.520999908447266,0.2438683956861496,0.14821161329746246,-0.7430566549301147,1.0960159301757812,-0.07699054479598999,-0.6171419620513916,1.5286413431167603,-0.7168657779693604,1.1539078950881958,1.2752763032913208,0.8207094073295593,1.4429556131362915,-1.8315513134002686,-0.9026053547859192,0.11015710234642029,0.06274060904979706,-0.37934815883636475,0.5475842356681824,0.35941967368125916,0.10350505262613297,0.05239740386605263,-1.0518132448196411,-0.7098568677902222,-0.6318715810775757,2.104717969894409,2.3918685913085938,-2.6418282985687256,-2.1868460178375244,0.10266228020191193,0.07516548037528992,-0.38718897104263306,0.5512968301773071,0.35459861159324646,0.10744927078485489,0.048552777618169785,-1.0503121614456177,-0.7168247699737549,-0.6323158144950867,2.1082897186279297,2.3857738971710205,-2.641036033630371,-2.194664478302002,0.08048667758703232,-0.0961378961801529,0.09691628813743591,1.6777129173278809,0.051374584436416626,-0.07233495265245438,-0.11065726727247238,-0.9569970965385437,0.41728028655052185,0.09023821353912354,-0.016170216724276543,2.647212266921997,-0.06870387494564056,-1.7017298936843872
1.521,0.00023848946148063987,0.0005533015355467796,-0.010008214972913265,-0.00010111236042575911,9.281421080231667e-05,7.574742539873114e-06,8.484181535095559e-08,1.9318536104151462e-08,-1.0,0.20000000298023224,0.0,0.0,0.0,0.10503696650266647,0.07441200315952301,-0.38397416472435,0.5512587428092957,0.35637086629867554,0.10576962679624557,0.0505860410630703,-1.0513050556182861,-0.7118657827377319,-0.632283627986908,2.1044092178344727,2.3860061168670654,-2.6444060802459717,-2.1902289390563965,0.04983195289969444,-0.08866850286722183,0.08449330180883408,1.6367874145507812,0.06847149133682251,-0.058708515018224716,0.11647392064332962,-1.1192487478256226,0.28967320919036865,-0.06904780864715576,-0.02629842981696129,2.9892098903656006,0.0525207594037056,-1.8640223741531372,0.2438683956861496,0.14821161329746246,-0.7430566549301147,1.0960159301757812,-0.07699054479598999,-0.6171419620513916,1.5286413431167603,-0.7168657779693604,1.1539078950881958,1.2752763032913208,0.8207094073295593,1.4429556131362915,-1.8315513134002686,-0.9026053547859192,4.500999927520752,0.2399633675813675,0.16428281366825104,-0.7360638380050659,1.0872960090637207,-0.07579748332500458,-0.6263638734817505,1.5180716514587402,-0.711216926574707,1.1573283672332764,1.290476679801941,0.8217501044273376,1.4345622062683105,-1.8253037929534912,-0.8918032050132751,0.11212202161550522,0.06662076711654663,-0.3770849108695984,0.5467970371246338,0.36199599504470825,0.10220766067504883,0.05410509556531906,-1.0521923303604126,-0.7064726948738098,-0.6307696104049683,2.101149320602417,2.392151117324829,-2.6403732299804688,-2.183037042617798,0.10528437048196793,0.07332920283079147,-0.38330885767936707,0.5508042573928833,0.3568684458732605,0.10528181493282318,0.05101286247372627,-1.0510711669921875,-0.7106372714042664,-0.6325514316558838,2.1041367053985596,2.385486602783203,-2.6430132389068604,-2.1878132820129395,0.01774178259074688,-0.10651224106550217,0.05231494829058647,1.674832820892334,0.03875812888145447,-0.04334369674324989,0.010664429515600204,-1.0621429681777954,0.04606705531477928,-0.006028779316693544,-0.028474997729063034,2.6985256671905518,0.1229989305138588,-1.842002511024475
1.5430000000000001,0.00027791873435489833,0.0006779917748644948,-0.010134797543287277,-0.00010417138400953263,8.996888936962932e-05,3.4806146231858293e-06,9.589997773673531e-08,1.4091259714632542e-08,-1.0,0.20000000298023224,0.0,0.0,0.0,0.1073107048869133,0.07439900189638138,-0.38081493973731995,0.5502784848213196,0.35837820172309875,0.10365002602338791,0.05219591036438942,-1.0516289472579956,-0.708649218082428,-0.6311485171318054,2.1010289192199707,2.3861560821533203,-2.642129421234131,-2.1868295669555664,0.08775793015956879,0.012165919877588749,0.08461210131645203,1.6328105926513672,0.08787877857685089,-0.049853090196847916,0.12573044002056122,-1.1577597856521606,0.36211633682250977,-0.12448618561029434,-0.020592356100678444,3.147214889526367,-0.09043977409601212,-2.0011560916900635,0.2399633675813675,0.16428281366825104,-0.7360638380050659,1.0872960090637207,-0.07579748332500458,-0.6263638734817505,1.5180716514587402,-0.711216926574707,1.1573283672332764,1.290476679801941,0.8217501044273376,1.4345622062683105,-1.8253037929534912,-0.8918032050132751,4.479000091552734,0.2318851351737976,0.17083784937858582,-0.730540931224823,1.0778838396072388,-0.06847809255123138,-0.6404954791069031,1.5185471773147583,-0.7100616693496704,1.1492223739624023,1.3068993091583252,0.8193394541740417,1.4293075799942017,-1.8189380168914795,-0.8820210099220276,0.11288613826036453,0.07038039714097977,-0.37472203373908997,0.545225977897644,0.3647889792919159,0.09975658357143402,0.055518802255392075,-1.052380084991455,-0.7045758962631226,-0.6282457709312439,2.098053455352783,2.3918516635894775,-2.6385726928710938,-2.179011821746826,0.10758169740438461,0.07388629019260406,-0.38030827045440674,0.5498077869415283,0.35900789499282837,0.10329128056764603,0.05269036069512367,-1.051542043685913,-0.7071259021759033,-0.6316074728965759,2.100712537765503,2.3867743015289307,-2.6414802074432373,-2.1846165657043457,0.013742716982960701,-0.06048346310853958,0.03350292146205902,1.6817786693572998,0.04873254522681236,-0.030022455379366875,0.013128165155649185,-1.0657943487167358,0.05379025265574455,-0.0067909336648881435,-0.03487377613782883,2.796614646911621,0.09114424884319305,-1.8196402788162231
1.561,0.00027791873435489833,0.0006779917748644948,-0.010134797543287277,-0.00010036036110250279,9.40429454203695e-05,7.845960681152064e-06,8.929369244015106e-08,2.095166529159087e-08,-1.0,0.20000000298023224,0.0,0.0,0.0,0.10837867856025696,0.07512549310922623,-0.3781478703022003,0.5483964085578918,0.3606060743331909,0.10174673795700073,0.05367241054773331,-1.0516166687011719,-0.7064261436462402,-0.6293975710868835,2.0975003242492676,2.385988473892212,-2.6402134895324707,-2.1824679374694824,0.06001892313361168,0.1685386747121811,0.0423416793346405,1.63544762134552,0.09965799003839493,-0.045678772032260895,0.09545797109603882,-1.19943368434906,0.29189297556877136,0.062148090451955795,-0.02519100531935692,2.9990620613098145,-0.10889129340648651,-1.8159345388412476,0.2318851351737976,0.17083784937858582,-0.730540931224823,1.0778838396072388,-0.06847809255123138,-0.6404954791069031,1.5185471773147583,-0.7100616693496704,1.1492223739624023,1.3068993091583252,0.8193394541740417,1.4293075799942017,-1.8189380168914795,-0.8820210099220276,4.460999965667725,0.21914008259773254,0.16492940485477448,-0.7292622327804565,1.0750616788864136,-0.06778068840503693,-0.6583783626556396,1.5313016176223755,-0.7117016911506653,1.1338307857513428,1.3274625539779663,0.8171148300170898,1.422419548034668,-1.8185594081878662,-0.8700134754180908,0.11222292482852936,0.0727972537279129,-0.3727038502693176,0.5436869859695435,0.36709314584732056,0.09600743651390076,0.057925209403038025,-1.052694320678711,-0.7045976519584656,-0.6241703629493713,2.0953543186187744,2.390923261642456,-2.637094259262085,-2.174590826034546,0.10857661813497543,0.07517389208078384,-0.37780964374542236,0.5480040907859802,0.36131733655929565,0.10133574157953262,0.05399798974394798,-1.0516555309295654,-0.705169677734375,-0.6291205286979675,2.0972487926483154,2.3854901790618896,-2.6397931575775146,-2.1801791191101074,0.01023539062589407,-0.025698374956846237,0.026598339900374413,1.68476402759552,0.057637427002191544,-0.03789380565285683,0.004785910248756409,-1.070107102394104,0.043057072907686234,0.017360612750053406,-0.024459348991513252,2.6945912837982178,0.06744122505187988,-1.862997055053711
1.581,0.0003266487910877913,0.0008215946145355701,-0.010243823751807213,-9.997667802963406e-05,9.565015352563933e-05,4.026922852062853e-06,7.444691618729848e-08,1.5833750310889627e-08,-1.0,0.20000000298023224,0.0,0.0,0.0,0.10800457000732422,0.07691942900419235,-0.37577736377716064,0.5475466251373291,0.36313578486442566,0.09930308163166046,0.05596918985247612,-1.0518765449523926,-0.7055524587631226,-0.6252896189689636,2.093989133834839,2.383009910583496,-2.6394314765930176,-2.176548480987549,-0.007466309238225222,0.06311102956533432,0.03162304311990738,1.6421891450881958,0.07281288504600525,-0.0698084905743599,0.13103856146335602,-1.0985510349273682,0.14956945180892944,0.0713781863451004,0.008707443252205849,2.649620771408081,-0.004174029920250177,-1.8557376861572266,0.21914008259773254,0.16492940485477448,-0.7292622327804565,1.0750616788864136,-0.06778068840503693,-0.6583783626556396,1.5313016176223755,-0.7117016911506653,1.1338307857513428,1.3274625539779663,0.8171148300170898,1.422419548034668,-1.8185594081878662,-0.8700134754180908,4.440999984741211,0.22663412988185883,0.16097967326641083,-0.7242813110351562,1.074029803276062,-0.07032816857099533,-0.6635742783546448,1.539971113204956,-0.7205274105072021,1.1292911767959595,1.3309826850891113,0.8142687678337097,1.4120094776153564,-1.820317268371582,-0.8617581725120544,0.11244175583124161,0.07433576881885529,-0.3705912232398987,0.542352557182312,0.36868172883987427,0.09248851984739304,0.06071728467941284,-1.053828239440918,-0.7050690650939941,-0.6205580234527588,2.0929102897644043,2.3891396522521973,-2.63608717918396,-2.1702284812927246,0.10800457000732422,0.07691942900419235,-0.37577736377716064,0.5475466251373291,0.36313578486442566,0.09930308163166046,0.05596918985247612,-1.0518765449523926,-0.7055524587631226,-0.6252896189689636,2.093989133834839,2.383009910583496,-2.6394314765930176,-2.176548480987549,-0.007466309238225222,0.06311102956533432,0.03162304311990738,1.6421891450881958,0.07281288504600525,-0.0698084905743599,0.13103856146335602,-1.0985510349273682,0.14956945180892944,0.0713781863451004,0.008707443252205849,2.649620771408081,-0.004174029920250177,-1.8557376861572266
1.601,0.0003266487910877913,0.0008215946145355701,-0.010243823751807213,-7.902058132458478e-05,6.821072020102292e-05,2.0666517229983583e-05,7.970573534521463e-08,2.041714175504694e-08,-1.0,0.20000000298023224,0.0,0.0,0.0,0.10834426432847977,0.0781976655125618,-0.3734961450099945,0.5454935431480408,0.3654738962650299,0.09644317626953125,0.05891810730099678,-1.053013563156128,-0.7057651877403259,-0.6215391159057617,2.090993642807007,2.3810317516326904,-2.6381468772888184,-2.1733925342559814,0.013855674304068089,0.023308349773287773,0.03499047830700874,0.35290995240211487,0.0586288683116436,-0.08476833999156952,0.12444809824228287,-0.36764785647392273,0.0995706096291542,0.03451311215758324,0.038048915565013885,1.0177001953125,0.04375068098306656,-0.5952754020690918,0.22663412988185883,0.16097967326641083,-0.7242813110351562,1.074029803276062,-0.07032816857099533,-0.6635742783546448,1.539971113204956,-0.7205274105072021,1.1292911767959595,1.3309826850891113,0.8142687678337097,1.4120094776153564,-1.820317268371582,-0.8617581725120544,4.421000003814697,0.22097542881965637,0.09723098576068878,-0.6675808429718018,1.0588059425354004,-0.08395472168922424,-0.6750641465187073,1.5931622982025146,-0.762769341468811,1.0976475477218628,1.3424804210662842,0.8175055980682373,1.384582757949829,-1.8311635255813599,-0.8616020083427429,0.11205095052719116,0.06919171661138535,-0.3632310926914215,0.5397626757621765,0.36858993768692017,0.08852440118789673,0.06827006489038467,-1.0589594841003418,-0.7086105346679688,-0.6165183782577515,2.0912787914276123,2.38496994972229,-2.636366128921509,-2.1667230129241943,0.10834426432847977,0.0781976655125618,-0.3734961450099945,0.5454935431480408,0.3654738962650299,0.09644317626953125,0.05891810730099678,-1.053013563156128,-0.7057651877403259,-0.6215391159057617,2.090993642807007,2.3810317516326904,-2.6381468772888184,-2.1733925342559814,0.013855674304068089,0.023308349773287773,0.03499047830700874,0.35290995240211487,0.0586288683116436,-0.08476833999156952,0.12444809824228287,-0.36764785647392273,0.0995706096291542,0.03451311215758324,0.038048915565013885,1.0177001953125,0.04375068098306656,-0.5952754020690918
1.6219999999999999,0.00035161798587068915,0.0008951344061642885,-0.01039220206439495,0.00010677813406800851,-0.00010127790301339701,8.857933607941959e-06,-2.3532591431063565e-09,-6.841886346364845e-08,-1.0,0.20000000298023224,0.0,0.0,0.0,0.10810250043869019,0.07590170949697495,-0.37089109420776367,0.5410861968994141,0.36626479029655457,0.0931115597486496,0.06350842118263245,-1.0555905103683472,-0.7082371115684509,-0.6174598932266235,2.0889554023742676,2.376807689666748,-2.6397581100463867,-2.163160562515259,-0.0046364604495465755,-0.12711463868618011,0.17840583622455597,-1.7859070301055908,0.01699536107480526,-0.09735260158777237,0.42901527881622314,0.7955371737480164,-0.20486785471439362,0.004722640849649906,0.06891953200101852,-2.9471547603607178,-0.1887913942337036,1.8315390348434448,0.22097542881965637,0.09723098576068878,-0.6675808429718018,1.0588059425354004,-0.08395472168922424,-0.6750641465187073,1.5931622982025146,-0.762769341468811,1.0976475477218628,1.3424804210662842,0.8175055980682373,1.384582757949829,-1.8311635255813599,-0.8616020083427429,4.400000095367432,0.1650635004043579,-0.036768533289432526,-0.6543921232223511,1.0075184106826782,-0.14076387882232666,-0.690199613571167,1.610461950302124,-0.7924536466598511,1.0183687210083008,1.365317940711975,0.8276821970939636,1.321505069732666,-1.8555821180343628,-0.8736216425895691,0.10614711046218872,0.051676519215106964,-0.3560241162776947,0.5325619578361511,0.3628355860710144,0.08383955806493759,0.07604224979877472,-1.0660330057144165,-0.7193715572357178,-0.6110029220581055,2.090991258621216,2.375326633453369,-2.639031171798706,-2.1651206016540527,0.10812053829431534,0.07528135180473328,-0.3693697154521942,0.5407894253730774,0.36648499965667725,0.09222891181707382,0.06607872992753983,-1.056969165802002,-0.7091442942619324,-0.6173768043518066,2.0895259380340576,2.374659299850464,-2.6379425525665283,-2.165637969970703,0.00412025349214673,-0.04746987298130989,0.1265765130519867,-1.6590155363082886,0.024607494473457336,-0.08039329946041107,0.1587240993976593,1.0019549131393433,-0.039280328899621964,0.007070221472531557,0.04344308376312256,-3.018465757369995,0.26879435777664185,1.8064334392547607
1.641,0.00035161798587068915,0.0008951344061642885,-0.01039220206439495,7.958089554449543e-05,-6.52022281428799e-05,-1.2610536032298114e-05,1.196384324941846e-08,-5.6890574029466734e-08,-1.0,0.20000000298023224,0.0,0.0,0.0,0.10604438930749893,0.07277239114046097,-0.366778701543808,0.536378026008606,0.36560148000717163,0.08963405340909958,0.06987924873828888,-1.0595557689666748,-0.714460015296936,-0.6128633618354797,2.0886528491973877,2.3656492233276367,-2.6400363445281982,-2.159210681915283,-0.11732637137174606,-0.38301095366477966,0.2820582687854767,-0.6924602389335632,-0.1497723013162613,-0.11130242049694061,0.599564254283905,-0.5357387661933899,-1.1419939994812012,0.20840145647525787,0.08794184029102325,-0.929315984249115,-0.6413977742195129,0.1625363528728485,0.1650635004043579,-0.036768533289432526,-0.6543921232223511,1.0075184106826782,-0.14076387882232666,-0.690199613571167,1.610461950302124,-0.7924536466598511,1.0183687210083008,1.365317940711975,0.8276821970939636,1.321505069732666,-1.8555821180343628,-0.8736216425895691,4.38100004196167,0.23255033791065216,0.01854727603495121,-0.6727738380432129,1.0262418985366821,-0.1112668514251709,-0.6689897775650024,1.570957899093628,-0.7310694456100464,1.0538196563720703,1.3375515937805176,0.8292958736419678,1.312136173248291,-1.8554766178131104,-0.8501313924789429,0.10817272216081619,0.0431959442794323,-0.35209667682647705,0.5286737680435181,0.3611817955970764,0.0822126716375351,0.07830959558486938,-1.0655533075332642,-0.7244353294372559,-0.6093671917915344,2.0909225940704346,2.3666749000549316,-2.6411526203155518,-2.161489725112915,0.10544639825820923,0.07022988051176071,-0.3644537329673767,0.5348172187805176,0.3646292984485626,0.08858999609947205,0.07353346794843674,-1.0635907649993896,-0.7194167971611023,-0.6119611859321594,2.0893301963806152,2.3646113872528076,-2.640064001083374,-2.165555477142334,-0.043600261211395264,-0.21855713427066803,0.19595696032047272,-1.6879940032958984,-0.06705137342214584,-0.0990927666425705,0.22329196333885193,0.8475940823554993,-0.20200039446353912,0.03692247346043587,0.051357097923755646,-2.9870433807373047,0.21309007704257965,1.6601532697677612
1.6600000000000001,0.0003454487887211144,0.0008028866723179817,-0.010612700134515762,0.00010712235234677792,-0.0001118557556765154,1.9689010514412075e-05,-2.1656274995507374e-08,-8.778198434811202e-08,-1.0,0.20000000298023224,0.0,0.0,0.0,0.10709385573863983,0.06575383991003036,-0.36082664132118225,0.5335421562194824,0.3626808524131775,0.08624641597270966,0.07646295428276062,-1.063991904258728,-0.7240115404129028,-0.6102199554443359,2.089308023452759,2.360654354095459,-2.6412341594696045,-2.164335250854492,-0.01688065566122532,-0.29835742712020874,0.23789502680301666,-1.7306946516036987,-0.0753871276974678,-0.09220761805772781,0.2292248010635376,1.0598887205123901,-0.4037227928638458,-0.055221039801836014,0.07515473663806915,-3.163749933242798,-0.04000139981508255,2.2774362564086914,0.23255033791065216,0.01854727603495121,-0.6727738380432129,1.0262418985366821,-0.1112668514251709,-0.6689897775650024,1.570957899093628,-0.7310694456100464,1.0538196563720703,1.3375515937805176,0.8292958736419678,1.312136173248291,-1.8554766178131104,-0.8501313924789429,4.361000061035156,0.18708841502666473,-0.048128653317689896,-0.6453824639320374,0.9906359314918518,-0.13757050037384033,-0.6929029226303101,1.6262105703353882,-0.8119003772735596,1.0324393510818481,1.3595024347305298,0.8120669722557068,1.3197914361953735,-1.859375,-0.8739086389541626,0.10524702072143555,0.029743891209363937,-0.3462155759334564,0.522002637386322,0.3572283983230591,0.07851985096931458,0.08564874529838562,-1.0732526779174805,-0.7306243777275085,-0.6058635115623474,2.089144706726074,2.3605191707611084,-2.643239736557007,-2.1609625816345215,0.10709385573863983,0.06575383991003036,-0.36082664132118225,0.5335421562194824,0.3626808524131775,0.08624641597270966,0.07646295428276062,-1.063991904258728,-0.7240115404129028,-0.6102199554443359,2.089308023452759,2.360654354095459,-2.6412341594696045,-2.164335250854492,-0.01688065566122532,-0.29835742712020874,0.23789502680301666,-1.7306946516036987,-0.0753871276974678,-0.09220761805772781,0.2292248010635376,1.0598887205123901,-0.4037227928638458,-0.055221039801836014,0.07515473663806915,-3.163749933242798,-0.04000139981508255,2.2774362564086914
1.682,0.0003454487887211144,0.0008028866723179817,-0.010612700134515762,0.00011362614895915613,-0.00010626963194226846,3.0611063266405836e-05,5.867963892569605e-09,-6.130509433432962e-08,-1.0,0.20000000298023224,0.0,0.0,0.0,0.10433226078748703,0.05804583057761192,-0.3557577431201935,0.5269908308982849,0.36047863960266113,0.08300156146287918,0.08212277293205261,-1.0685089826583862,-0.7302335500717163,-0.6070089936256409,2.0872395038604736,2.3497214317321777,-2.6446433067321777,-2.1579527854919434,-0.058141764253377914,-0.36486876010894775,0.2222670167684555,-1.7614071369171143,-0.11017191410064697,-0.094039186835289,0.2995748519897461,0.515792191028595,-0.35620859265327454,0.03495677933096886,0.05238010734319687,-2.623966693878174,-0.12371267378330231,1.2121943235397339,0.18708841502666473,-0.048128653317689896,-0.6453824639320374,0.9906359314918518,-0.13757050037384033,-0.6929029226303101,1.6262105703353882,-0.8119003772735596,1.0324393510818481,1.3595024347305298,0.8120669722557068,1.3197914361953735,-1.859375,-0.8739086389541626,4.340000152587891,0.20048867166042328,-0.04491603374481201,-0.6336694955825806,0.9870521426200867,-0.13267703354358673,-0.6788879036903381,1.6107600927352905,-0.7830380797386169,1.0358134508132935,1.3502401113510132,0.8075850605964661,1.3030306100845337,-1.8520612716674805,-0.8594421148300171,0.10424648225307465,0.01930350996553898,-0.34033942222595215,0.5163073539733887,0.35455501079559326,0.07696709036827087,0.0899750143289566,-1.0765259265899658,-0.7352381944656372,-0.6039867997169495,2.0872743129730225,2.3539183139801025,-2.6441779136657715,-2.1590943336486816,0.10393811017274857,0.054782621562480927,-0.35387569665908813,0.5257278084754944,0.3596328794956207,0.08214739710092545,0.08383931964635849,-1.0711926221847534,-0.7316908836364746,-0.6067929267883301,2.0876355171203613,2.3485822677612305,-2.6437788009643555,-2.162282943725586,-0.032491449266672134,-0.3046093285083771,0.15877681970596313,-1.6881020069122314,-0.06928282231092453,-0.0783296599984169,0.09817294776439667,0.9157751202583313,-0.050489380955696106,0.014687429182231426,0.027189312502741814,-2.8976590633392334,0.1305452436208725,1.7773417234420776
1.701,0.00020254284027032554,0.00026087090373039246,-0.01109284721314907,0.000118133109936025,-0.00011904227721970528,4.6386387111851946e-05,-1.0909704251105268e-08,-5.861738472390243e-08,-1.0,0.20000000298023224,0.0,0.0,0.0,0.10271293669939041,0.049646373838186264,-0.3506699204444885,0.5213857293128967,0.35781845450401306,0.08011868596076965,0.08743082731962204,-1.0744328498840332,-0.7342944145202637,-0.6050451993942261,2.0851309299468994,2.3449907302856445,-2.6455187797546387,-2.158614158630371,-0.06762292236089706,-0.44110751152038574,0.23323653638362885,-1.8719149827957153,-0.11796301603317261,-0.07108432799577713,0.3361581861972809,0.7588859796524048,-0.4957997798919678,-0.01604226790368557,0.06835809350013733,-3.054295778274536,-0.27311766147613525,2.0583255290985107,0.20048867166042328,-0.04491603374481201,-0.6336694955825806,0.9870521426200867,-0.13267703354358673,-0.6788879036903381,1.6107600927352905,-0.7830380797386169,1.0358134508132935,1.3502401113510132,0.8075850605964661,1.3030306100845337,-1.8520612716674805,-0.8594421148300171,4.321000099182129,0.1974281668663025,-0.05220764875411987,-0.6405869722366333,0.9709240794181824,-0.13417422771453857,-0.6878435015678406,1.616696834564209,-0.7932103872299194,1.0387959480285645,1.3590192794799805,0.7985773682594299,1.3055886030197144,-1.8553626537322998,-0.863560676574707,0.10314000397920609,0.010222043842077255,-0.33633023500442505,0.5101382732391357,0.3522666096687317,0.07482932507991791,0.09402970224618912,-1.0801618099212646,-0.7386309504508972,-0.6016075015068054,2.0848772525787354,2.348893642425537,-2.645258665084839,-2.1580114364624023,0.10236714780330658,0.04605381190776825,-0.3485555946826935,0.5202920436859131,0.3569304943084717,0.07949481159448624,0.08882894366979599,-1.0754491090774536,-0.7363002300262451,-0.6049737930297852,2.0856752395629883,2.342996597290039,-2.644641399383545,-2.1604933738708496,-0.025115976110100746,-0.3279397785663605,0.17664645612239838,-1.6867420673370361,-0.07032780349254608,-0.056394271552562714,0.05123595893383026,1.049676537513733,-0.06926345080137253,0.014434573240578175,0.03522490710020065,-2.939776659011841,0.14944025874137878,1.9230207204818726
1.721,0.00020254284027032554,0.00026087090373039246,-0.01109284721314907,0.00011600690049817786,-0.00012509427324403077,4.7109835577430204e-05,-1.4643459778085344e-08,-7.037485971750357e-08,-1.0,0.20000000298023224,0.0,0.0,0.0,0.10105456411838531,0.04051439091563225,-0.34504175186157227,0.5156944990158081,0.3550551235675812,0.07745140045881271,0.09262680262327194,-1.0786323547363281,-0.7389509081840515,-0.6026558876037598,2.0831446647644043,2.339170217514038,-2.6463496685028076,-2.1568448543548584,-0.03915365785360336,-0.40245506167411804,0.1991330087184906,-1.7991231679916382,-0.09339478611946106,-0.060049526393413544,0.15981708467006683,0.8906809091567993,-0.25129276514053345,-0.006177999544888735,0.053032733500003815,-3.018502712249756,0.05226569622755051,1.813720703125,0.1974281668663025,-0.05220764875411987,-0.6405869722366333,0.9709240794181824,-0.13417422771453857,-0.6878435015678406,1.616696834564209,-0.7932103872299194,1.0387959480285645,1.3590192794799805,0.7985773682594299,1.3055886030197144,-1.8553626537322998,-0.863560676574707,4.301000118255615,0.19420142471790314,-0.04895823821425438,-0.6252356767654419,0.9655120372772217,-0.1357671022415161,-0.6904309988021851,1.6329504251480103,-0.8089836239814758,1.0479344129562378,1.3633676767349243,0.7841789126396179,1.3097819089889526,-1.8496772050857544,-0.8600587248802185,0.10193215310573578,0.0032818112522363663,-0.3315877616405487,0.5046617984771729,0.3502765893936157,0.07286036014556885,0.09889881312847137,-1.0846478939056396,-0.7404313087463379,-0.5992692708969116,2.081519842147827,2.3452930450439453,-2.645554542541504,-2.156795024871826,0.10105456411838531,0.04051439091563225,-0.34504175186157227,0.5156944990158081,0.3550551235675812,0.07745140045881271,0.09262680262327194,-1.0786323547363281,-0.7389509081840515,-0.6026558876037598,2.0831446647644043,2.339170217514038,-2.6463496685028076,-2.1568448543548584,-0.03915365785360336,-0.40245506167411804,0.1991330087184906,-1.7991231679916382,-0.09339478611946106,-0.060049526393413544,0.15981708467006683,0.8906809091567993,-0.25129276514053345,-0.006177999544888735,0.053032733500003815,-3.018502712249756,0.05226569622755051,1.813720703125
1.741,0.000177230904228054,0.00016688833420630544,-0.011321300640702248,-0.00010906210809480399,0.00013131252489984035,-3.5793982533505186e-05,1.2159075879480952e-07,6.006070663033825e-08,-1.0,0.20000000298023224,0.0,0.0,0.0,0.09947843104600906,0.03169630095362663,-0.34017348289489746,0.5122272372245789,0.35239678621292114,0.07491105049848557,0.09694167971611023,-1.0835294723510742,-0.7405076026916504,-0.6000885367393494,2.0806684494018555,2.340684413909912,-2.6473348140716553,-2.15871000289917,-0.04337399825453758,-0.39216455817222595,0.17428575456142426,1.3856830596923828,-0.08999054878950119,-0.05218997970223427,0.2337884157896042,-1.5380803346633911,-0.30963683128356934,-0.06575430929660797,0.0043925512582063675,3.130617380142212,-0.011488735675811768,-2.130704164505005,0.19420142471790314,-0.04895823821425438,-0.6252356767654419,0.9655120372772217,-0.1357671022415161,-0.6904309988021851,1.6329504251480103,-0.8089836239814758,1.0479344129562378,1.3633676767349243,0.7841789126396179,1.3097819089889526,-1.8496772050857544,-0.8600587248802185,4.281000137329102,0.2752110958099365,0.1598033905029297,-0.6787523627281189,1.0160053968429565,-0.04901029169559479,-0.6566733717918396,1.5457549095153809,-0.7090365290641785,1.1670418977737427,1.3404968976974487,0.7560126781463623,1.3774982690811157,-1.7954694032669067,-0.8280457854270935,0.10906683653593063,0.018605787307024002,-0.3331454396247864,0.505329966545105,0.35736024379730225,0.07466094940900803,0.094074547290802,-1.0782419443130493,-0.7299608588218689,-0.5996857285499573,2.076017141342163,2.349184274673462,-2.6403706073760986,-2.152620792388916,0.09947843104600906,0.03169630095362663,-0.34017348289489746,0.5122272372245789,0.35239678621292114,0.07491105049848557,0.09694167971611023,-1.0835294723510742,-0.7405076026916504,-0.6000885367393494,2.0806684494018555,2.340684413909912,-2.6473348140716553,-2.15871000289917,-0.04337399825453758,-0.39216455817222595,0.17428575456142426,1.3856830596923828,-0.08999054878950119,-0.05218997970223427,0.2337884157896042,-1.5380803346633911,-0.30963683128356934,-0.06575430929660797,0.0043925512582063675,3.130617380142212,-0.011488735675811768,-2.130704164505005
1.76,0.000177230904228054,0.00016688833420630544,-0.011321300640702248,-0.00011134311353089288,0.00012896354019176215,-4.082933810423128e-05,7.987724615077241e-08,1.418676842668276e-09,-1.0,0.20000000298023224,0.0,0.0,0.0,0.1014464721083641,0.028380993753671646,-0.33842533826828003,0.5103253722190857,0.35282638669013977,0.07545965164899826,0.0950334370136261,-1.080589771270752,-0.734474778175354,-0.6006898880004883,2.0781121253967285,2.3388824462890625,-2.639132261276245,-2.159250497817993,0.08300397545099258,-0.054476331919431686,0.009200088679790497,1.6050052642822266,0.12007977813482285,-0.011840485036373138,-0.4119340181350708,-0.6435784697532654,0.6361101269721985,0.12053966522216797,-0.20032759010791779,2.7172372341156006,0.3589848279953003,-1.7821518182754517,0.2752110958099365,0.1598033905029297,-0.6787523627281189,1.0160053968429565,-0.04901029169559479,-0.6566733717918396,1.5457549095153809,-0.7090365290641785,1.1670418977737427,1.3404968976974487,0.7560126781463623,1.3774982690811157,-1.7954694032669067,-0.8280457854270935,4.261000156402588,0.25354114174842834,0.1654418706893921,-0.6583120226860046,1.019087791442871,-0.04518161341547966,-0.685809850692749,1.603512167930603,-0.7752253413200378,1.172797441482544,1.3597056865692139,0.7204818725585938,1.4315459728240967,-1.7757303714752197,-0.828064501285553,0.11260759085416794,0.03142881765961647,-0.332347571849823,0.506172776222229,0.36341002583503723,0.07318777590990067,0.0959908664226532,-1.0797361135482788,-0.7210089564323425,-0.5980980396270752,2.0680618286132812,2.3577020168304443,-2.634249687194824,-2.1492831707000732,0.1014464721083641,0.028380993753671646,-0.33842533826828003,0.5103253722190857,0.35282638669013977,0.07545965164899826,0.0950334370136261,-1.080589771270752,-0.734474778175354,-0.6006898880004883,2.0781121253967285,2.3388824462890625,-2.639132261276245,-2.159250497817993,0.08300397545099258,-0.054476331919431686,0.009200088679790497,1.6050052642822266,0.12007977813482285,-0.011840485036373138,-0.4119340181350708,-0.6435784697532654,0.6361101269721985,0.12053966522216797,-0.20032759010791779,2.7172372341156006,0.3589848279953003,-1.7821518182754517
1.783,0.00019352200615685433,0.00028716138331219554,-0.011425341479480267,0.00011512253695400432,-0.00012405287998262793,4.02383811888285e-05,-3.8438393801243365e-08,-9.0049276479931e-08,-1.0,0.20000000298023224,0.0,0.0,0.0,0.10453172028064728,0.029631081968545914,-0.336910218000412,0.5097001791000366,0.355893611907959,0.07380376011133194,0.09373590350151062,-1.0785881280899048,-0.7242893576622009,-0.5985914468765259,2.0718321800231934,2.3469748497009277,-2.6385653018951416,-2.1522045135498047,0.09352831542491913,0.09230310469865799,0.04334491491317749,-1.774858832359314,0.17586559057235718,-0.022554030641913414,0.03978583216667175,1.1688246726989746,0.5129162073135376,-0.05526239424943924,-0.22587889432907104,-2.2552270889282227,0.28015440702438354,2.687321424484253,0.25354114174842834,0.1654418706893921,-0.6583120226860046,1.019087791442871,-0.04518161341547966,-0.685809850692749,1.603512167930603,-0.7752253413200378,1.172797441482544,1.3597056865692139,0.7204818725585938,1.4315459728240967,-1.7757303714752197,-0.828064501285553,4.239999771118164,0.14536169171333313,-0.008636480197310448,-0.5914674997329712,0.9311590790748596,-0.11480893194675446,-0.7507213354110718,1.6667038202285767,-0.8520165085792542,1.0573503971099854,1.4437663555145264,0.7440151572227478,1.342752456665039,-1.8079107999801636,-0.8328977227210999,0.1046222448348999,0.024279408156871796,-0.32502481341362,0.4980541467666626,0.3612871468067169,0.0655180886387825,0.1038430854678154,-1.0886105298995972,-0.7253921627998352,-0.5884218215942383,2.0640509128570557,2.3556370735168457,-2.632570743560791,-2.1470961570739746,0.10517033189535141,0.03027954511344433,-0.3364715576171875,0.5089550018310547,0.35726696252822876,0.07363124191761017,0.0939413532614708,-1.077805757522583,-0.7219869494438171,-0.5987727046012878,2.0700438022613525,2.351468086242676,-2.636406183242798,-2.1476447582244873,0.05536942556500435,0.0560159906744957,0.03853396698832512,-1.746936321258545,0.11696146428585052,-0.014462918974459171,0.013886310160160065,1.1750376224517822,0.09529139846563339,-0.000939090910833329,-0.14820872247219086,-2.542957067489624,0.1490623950958252,2.4628241062164307
1.8010000000000002,0.00019352200615685433,0.00028716138331219554,-0.011425341479480267,0.0001174403223558329,-0.00011392050510039553,4.2487794416956604e-05,-5.115117218679188e-08,-7.095217569030865e-08,-1.0,0.20000000298023224,0.0,0.0,0.0,0.10340353846549988,0.028650740161538124,-0.3341688811779022,0.5083670616149902,0.3573170304298401,0.07108280807733536,0.0978117287158966,-1.0815824270248413,-0.7237755060195923,-0.5910016894340515,2.064965009689331,2.3546204566955566,-2.6369142532348633,-2.14178729057312,-0.1002650260925293,-0.08913532644510269,0.1346091330051422,-1.9710934162139893,0.02291441336274147,-0.07858201116323471,0.4487430453300476,0.7020615339279175,-0.45633578300476074,0.46144863963127136,-0.12086424231529236,-2.775975227355957,-0.18371427059173584,2.4365556240081787,0.14536169171333313,-0.008636480197310448,-0.5914674997329712,0.9311590790748596,-0.11480893194675446,-0.7507213354110718,1.6667038202285767,-0.8520165085792542,1.0573503971099854,1.4437663555145264,0.7440151572227478,1.342752456665039,-1.8079107999801636,-0.8328977227210999,4.2210001945495605,0.1519082486629486,-0.04185431823134422,-0.6138612031936646,0.932299017906189,-0.12171322107315063,-0.7478334307670593,1.644745111465454,-0.8149464726448059,1.0133285522460938,1.4515997171401978,0.7672817707061768,1.2941133975982666,-1.8168600797653198,-0.8165516257286072,0.09888862073421478,0.015238095074892044,-0.32140597701072693,0.49167323112487793,0.358898401260376,0.059671130031347275,0.10792899131774902,-1.0920031070709229,-0.7333009243011475,-0.5798974633216858,2.063169002532959,2.34912109375,-2.632122755050659,-2.143712043762207,0.10298429429531097,0.028353359550237656,-0.3325539827346802,0.506010890007019,0.3577587902545929,0.07016021013259888,0.10069073736667633,-1.0845224857330322,-0.7257861495018005,-0.5891236662864685,2.0642828941345215,2.3545472621917725,-2.6351206302642822,-2.142653465270996,-0.027756711468100548,-0.017091818153858185,0.1503371298313141,-1.9345799684524536,0.05043141543865204,-0.09323877096176147,0.19976530969142914,0.9232091307640076,-0.07794415950775146,0.061827536672353745,-0.04848403111100197,-3.052980661392212,0.2729087769985199,1.9486788511276245
1.8199999999999998,0.00016928810509853065,0.00017745331570040435,-0.011645560152828693,0.00011874867777805775,-0.00012936285929754376,5.019225136493333e-05,-1.3587951208648974e-08,-5.539471459314882e-08,-1.0,0.20000000298023224,0.0,0.0,0.0,0.10048894584178925,0.026122285053133965,-0.329507976770401,0.5004833340644836,0.3571416139602661,0.06752292066812515,0.10498730093240738,-1.0887525081634521,-0.7308323383331299,-0.5826019644737244,2.0624914169311523,2.3497121334075928,-2.635141134262085,-2.139547824859619,-0.1146382987499237,-0.21602119505405426,0.2059321254491806,-2.030491352081299,-0.032770786434412,-0.12524498999118805,0.37373122572898865,0.6988145112991333,-0.7250217199325562,0.5088180899620056,0.03204474598169327,-3.2208683490753174,0.10678274929523468,1.8729212284088135,0.1519082486629486,-0.04185431823134422,-0.6138612031936646,0.932299017906189,-0.12171322107315063,-0.7478334307670593,1.644745111465454,-0.8149464726448059,1.0133285522460938,1.4515997171401978,0.7672817707061768,1.2941133975982666,-1.8168600797653198,-0.8165516257286072,4.201000213623047,0.1587677299976349,-0.05579175800085068,-0.6039748787879944,0.9320826530456543,-0.13380105793476105,-0.7365783452987671,1.6463937759399414,-0.8130813837051392,1.0112651586532593,1.4398645162582397,0.7646099328994751,1.2753591537475586,-1.8211439847946167,-0.8124057650566101,0.09498767554759979,0.00661130016669631,-0.317522257566452,0.4865468740463257,0.35577863454818726,0.05611906945705414,0.11136257648468018,-1.094530701637268,-0.7398342490196228,-0.5742515325546265,2.0621962547302246,2.3420329093933105,-2.632192850112915,-2.140590190887451,0.10048894584178925,0.026122285053133965,-0.329507976770401,0.5004833340644836,0.3571416139602661,0.06752292066812515,0.10498730093240738,-1.0887525081634521,-0.7308323383331299,-0.5826019644737244,2.0624914169311523,2.3497121334075928,-2.635141134262085,-2.139547824859619,-0.1146382987499237,-0.21602119505405426,0.2059321254491806,-2.030491352081299,-0.032770786434412,-0.12524498999118805,0.37373122572898865,0.6988145112991333,-0.7250217199325562,0.5088180899620056,0.03204474598169327,-3.2208683490753174,0.10678274929523468,1.8729212284088135
1.841,0.00016928810509853065,0.00017745331570040435,-0.011645560152828693,0.00011573379015317187,-0.00013108551502227783,5.390753722167574e-05,-3.0592001820650694e-08,-7.848523608799951e-08,-1.0,0.20000000298023224,0.0,0.0,0.0,0.09711334854364395,0.02173496223986149,-0.32485660910606384,0.49621498584747314,0.35592392086982727,0.06368058919906616,0.10968101024627686,-1.0928680896759033,-0.7391140460968018,-0.5753510594367981,2.0611412525177,2.3396356105804443,-2.6332147121429443,-2.1406707763671875,-0.12289496511220932,-0.21084628999233246,0.1816241294145584,-1.9015328884124756,-0.05161329358816147,-0.14659133553504944,0.19777151942253113,0.9857262372970581,-0.3972347378730774,0.12626031041145325,0.03841080516576767,-3.395770311355591,0.01031593605875969,2.0934393405914307,0.1587677299976349,-0.05579175800085068,-0.6039748787879944,0.9320826530456543,-0.13380105793476105,-0.7365783452987671,1.6463937759399414,-0.8130813837051392,1.0112651586532593,1.4398645162582397,0.7646099328994751,1.2753591537475586,-1.8211439847946167,-0.8124057650566101,4.181000232696533,0.17190110683441162,-0.06477591395378113,-0.594926118850708,0.9257579445838928,-0.13219338655471802,-0.7343812584877014,1.6752511262893677,-0.8385597467422485,1.0242626667022705,1.430473804473877,0.7515537738800049,1.2778035402297974,-1.8258438110351562,-0.814242959022522,0.09318025410175323,-0.0011885515414178371,-0.3135104179382324,0.4818132817745209,0.35344356298446655,0.053497131913900375,0.1169951856136322,-1.0991005897521973,-0.7437611222267151,-0.5706738233566284,2.060112476348877,2.336606740951538,-2.632718801498413,-2.1382765769958496,0.09630601853132248,0.020122483372688293,-0.32346540689468384,0.4943592846393585,0.3556309640407562,0.06230177357792854,0.11041120439767838,-1.09321928024292,-0.7407399415969849,-0.574912965297699,2.0612878799438477,2.3351612091064453,-2.6320345401763916,-2.1417102813720703,-0.06767245382070541,-0.14477606117725372,0.10904532670974731,-1.802468180656433,-0.017669765278697014,-0.1288888305425644,0.009157100692391396,1.0864773988723755,-0.05539451912045479,0.00812101736664772,-0.0008681416511535645,-3.179123878479004,0.09538428485393524,2.0086116790771484
1.862,0.0001475674653192982,5.817900091642514e-05,-0.011873570270836353,0.00011802397057181224,-0.00013625647989101708,6.302403198787943e-05,-2.380835795179337e-08,-6.938108754184213e-08,-1.0,0.20000000298023224,0.0,0.0,0.0,0.09392528980970383,0.016381043940782547,-0.32049375772476196,0.4891725480556488,0.3542700409889221,0.059672512114048004,0.11454177647829056,-1.0968040227890015,-0.7434709668159485,-0.5719137191772461,2.0585439205169678,2.329753875732422,-2.6349925994873047,-2.137176752090454,-0.10096563398838043,-0.2280680239200592,0.17621101438999176,-1.8871511220932007,-0.06124882027506828,-0.12431470304727554,0.28050389885902405,0.8687052726745605,-0.3312824070453644,0.07878369092941284,0.06030283123254776,-3.2233989238739014,-0.0558190643787384,1.9472707509994507,0.17190110683441162,-0.06477591395378113,-0.594926118850708,0.9257579445838928,-0.13219338655471802,-0.7343812584877014,1.6752511262893677,-0.8385597467422485,1.0242626667022705,1.430473804473877,0.7515537738800049,1.2778035402297974,-1.8258438110351562,-0.814242959022522,4.159999847412109,0.179156094789505,-0.06538576632738113,-0.5836220383644104,0.9227374792098999,-0.130049929022789,-0.7285534143447876,1.6782830953598022,-0.8361648917198181,1.0350439548492432,1.4259766340255737,0.7440264225006104,1.2697335481643677,-1.8271477222442627,-0.8069495558738708,0.09245981276035309,-0.0074894181452691555,-0.30917054414749146,0.4777243733406067,0.3517898917198181,0.05198236554861069,0.12180446833372116,-1.102517008781433,-0.7458245158195496,-0.5682613849639893,2.057692527770996,2.331458806991577,-2.633270025253296,-2.1356961727142334,0.093300960958004,0.014487460255622864,-0.31913626194000244,0.4877222180366516,0.35387110710144043,0.0585300475358963,0.11579839885234833,-1.0977599620819092,-0.7447975873947144,-0.571574330329895,2.0588958263397217,2.326812982559204,-2.633288860321045,-2.1395223140716553,-0.05096706748008728,-0.1737569272518158,0.10472600162029266,-1.7424368858337402,-0.02845774032175541,-0.10602222383022308,0.04657093435525894,1.0556306838989258,-0.041936930269002914,0.014509721659123898,0.01677052117884159,-3.0395312309265137,0.18334579467773438,1.9347625970840454
1.881,0.0001475674653192982,5.817900091642514e-05,-0.011873570270836353,-0.00011294560681562871,0.00015182224160525948,-5.759011401096359e-05,9.39726874094049e-08,5.717848239328305e-08,-1.0,0.20000000298023224,0.0,0.0,0.0,0.09218832850456238,0.011050518602132797,-0.31660494208335876,0.48758572340011597,0.352510929107666,0.05614123493432999,0.11893860995769501,-1.1012150049209595,-0.7456168532371521,-0.5692822337150574,2.0558910369873047,2.3219480514526367,-2.6348683834075928,-2.134364128112793,-0.09226352721452713,-0.38783586025238037,0.15709270536899567,1.0961260795593262,-0.06556528806686401,-0.09241975098848343,0.38726142048835754,-1.1004416942596436,-0.3149236738681793,-0.05173506215214729,0.0533134862780571,1.8961849212646484,-0.4462462365627289,-2.290192127227783,0.179156094789505,-0.06538576632738113,-0.5836220383644104,0.9227374792098999,-0.130049929022789,-0.7285534143447876,1.6782830953598022,-0.8361648917198181,1.0350439548492432,1.4259766340255737,0.7440264225006104,1.2697335481643677,-1.8271477222442627,-0.8069495558738708,4.140999794006348,0.27980753779411316,0.12305833399295807,-0.6259061694145203,0.9817612767219543,-0.04590215906500816,-0.6886102557182312,1.6126474142074585,-0.7607324719429016,1.1511942148208618,1.383392572402954,0.7131937146186829,1.3223302364349365,-1.7801433801651,-0.7715604305267334,0.10194860398769379,0.00631429860368371,-0.3099270462989807,0.4803556203842163,0.35888171195983887,0.05476486682891846,0.1190883219242096,-1.0977067947387695,-0.7358601689338684,-0.5705899000167847,2.05267333984375,2.3326001167297363,-2.6290104389190674,-2.1300930976867676,0.09168686717748642,0.008807508274912834,-0.31517162919044495,0.4861484169960022,0.35213321447372437,0.055333856493234634,0.12056182324886322,-1.1024467945098877,-0.7469050288200378,-0.569323718547821,2.056314706802368,2.321673631668091,-2.634171485900879,-2.1397111415863037,-0.04041971638798714,-0.18262173235416412,0.12049368023872375,1.4593818187713623,-0.028381867334246635,-0.07210025191307068,0.056460168212652206,-1.1090937852859497,-0.03640152886509895,0.009502279572188854,0.026923831552267075,2.667980194091797,0.18072731792926788,-2.2433104515075684
1.903,0.00015083816833794117,1.7992249922826886e-05,-0.012004833668470383,0.00012020255962852389,-0.000137521477881819,6.686787673970684e-05,-7.188076267539145e-08,-1.1431499302716475e-07,-1.0,0.20000000298023224,0.0,0.0,0.0,0.09367922693490982,0.009838394820690155,-0.31459641456604004,0.48576852679252625,0.3535144329071045,0.05623084679245949,0.11873700469732285,-1.0971659421920776,-0.7401508688926697,-0.5713860392570496,2.054391622543335,2.319258451461792,-2.62821364402771,-2.137864589691162,0.10710255056619644,0.03387180343270302,0.004059317521750927,-1.6709671020507812,0.13892222940921783,-0.03238134831190109,-0.2174813598394394,1.4753586053848267,0.6153876781463623,0.032999828457832336,-0.1690082550048828,-2.882735013961792,0.22654511034488678,2.974377393722534,0.27980753779411316,0.12305833399295807,-0.6259061694145203,0.9817612767219543,-0.04590215906500816,-0.6886102557182312,1.6126474142074585,-0.7607324719429016,1.1511942148208618,1.383392572402954,0.7131937146186829,1.3223302364349365,-1.7801433801651,-0.7715604305267334,4.120999813079834,0.1614009439945221,-0.04867148771882057,-0.5537979006767273,0.8991787433624268,-0.11578032374382019,-0.7585530877113342,1.7203093767166138,-0.8957794904708862,1.0617374181747437,1.4543366432189941,0.7029798030853271,1.3085308074951172,-1.8041577339172363,-0.7999789714813232,0.09769897907972336,0.0001842901110649109,-0.3033214211463928,0.47420236468315125,0.35756734013557434,0.04999658465385437,0.12768159806728363,-1.1073633432388306,-0.7368344068527222,-0.5653582811355591,2.0476367473602295,2.3321332931518555,-2.6280040740966797,-2.1284523010253906,0.09436440467834473,0.009842916391789913,-0.3143312633037567,0.48505693674087524,0.35452166199684143,0.05593472719192505,0.11735127121210098,-1.0954798460006714,-0.7373051643371582,-0.5712430477142334,2.053109884262085,2.3189780712127686,-2.6291208267211914,-2.1299307346343994,0.05826205387711525,-0.006427799817174673,0.030170150101184845,-1.7039484977722168,0.08201641589403152,-0.02786979079246521,-0.08734237402677536,1.1633167266845703,0.12531477212905884,0.007972835563123226,-0.10388519614934921,-2.8501505851745605,-0.19058792293071747,2.6803011894226074
1.921,0.00015083816833794117,1.7992249922826886e-05,-0.012004833668470383,-0.00011871157767018303,0.00014979361731093377,-6.600398774025962e-05,1.0295283203731742e-07,4.5328143016831746e-08,-1.0,0.20000000298023224,0.0,0.0,0.0,0.09303595870733261,0.008536139503121376,-0.3126550316810608,0.4843929708003998,0.3542769253253937,0.05373988673090935,0.1196436807513237,-1.099110722541809,-0.7361747622489929,-0.5665217041969299,2.0487654209136963,2.319735050201416,-2.631485939025879,-2.123037099838257,-0.1656380295753479,-0.5042212009429932,0.2942732572555542,-1.9843207597732544,-0.05962606891989708,-0.07984687387943268,0.38742494583129883,0.25287166237831116,-0.1495678573846817,0.08201885223388672,-0.09694734960794449,-2.832838773727417,-0.6520121693611145,3.077587366104126,0.1614009439945221,-0.04867148771882057,-0.5537979006767273,0.8991787433624268,-0.11578032374382019,-0.7585530877113342,1.7203093767166138,-0.8957794904708862,1.0617374181747437,1.4543366432189941,0.7029798030853271,1.3085308074951172,-1.8041577339172363,-0.7999789714813232,4.099999904632568,0.17722083628177643,-0.06397130340337753,-0.5888957977294922,0.8851331472396851,-0.12260255217552185,-0.7367424964904785,1.6507030725479126,-0.7960793375968933,1.0345165729522705,1.441207766532898,0.7184658050537109,1.273325800895691,-1.8136457204818726,-0.7952480912208557,0.09588126838207245,-0.006249698344618082,-0.30154672265052795,0.467875212430954,0.35583361983299255,0.04836301878094673,0.12759558856487274,-1.1051186323165894,-0.7403358817100525,-0.5624858736991882,2.0451560020446777,2.3282392024993896,-2.628148078918457,-2.126666784286499,0.0928894653916359,0.007186061702668667,-0.3110595941543579,0.4819168150424957,0.3546333909034729,0.05305243656039238,0.12340529263019562,-1.1035221815109253,-0.7375308275222778,-0.5661075115203857,2.047924757003784,2.3191518783569336,-2.631901502609253,-2.1245787143707275,0.015704452991485596,-0.05938092991709709,0.1529799848794937,-1.809342622756958,0.04008451849222183,-0.06507477164268494,0.27635306119918823,0.8251643180847168,-0.047892581671476364,0.019253920763731003,-0.05552701652050018,-2.914463520050049,0.24510768055915833,1.6814486980438232
1.9409999999999998,0.0001575690257595852,0.00011345716484356672,-0.012112651020288467,-0.00011782423098338768,0.00014170640497468412,-6.886803748784587e-05,9.41010398491926e-08,2.6637529515483038e-08,-1.0,0.20000000298023224,0.0,0.0,0.0,0.09150547534227371,0.005097148008644581,-0.3079111576080322,0.47949665784835815,0.3541293442249298,0.051141951233148575,0.12538394331932068,-1.1035232543945312,-0.7383922338485718,-0.5639086961746216,2.0451550483703613,2.3170876502990723,-2.6282756328582764,-2.128741502761841,-0.1484321802854538,-0.38358205556869507,0.1457476168870926,-1.5409377813339233,-0.09891994297504425,-0.0458739772439003,0.09130372852087021,1.0518368482589722,-0.4637530744075775,0.04654059186577797,-0.02173510193824768,-2.497650384902954,0.006514514796435833,1.489945650100708,0.17722083628177643,-0.06397130340337753,-0.5888957977294922,0.8851331472396851,-0.12260255217552185,-0.7367424964904785,1.6507030725479126,-0.7960793375968933,1.0345165729522705,1.441207766532898,0.7184658050537109,1.273325800895691,-1.8136457204818726,-0.7952480912208557,4.080999851226807,0.20998334884643555,-0.02737625315785408,-0.5579738020896912,0.8978917002677917,-0.10203668475151062,-0.7509052753448486,1.6875641345977783,-0.8675298094749451,1.0591555833816528,1.440828800201416,0.7141010165214539,1.2810513973236084,-1.8069106340408325,-0.7898367643356323,0.09770335257053375,-0.007737384177744389,-0.29703477025032043,0.46408936381340027,0.3565032184123993,0.04563988745212555,0.13121289014816284,-1.1104679107666016,-0.7406731843948364,-0.5602258443832397,2.0427348613739014,2.3258965015411377,-2.627589702606201,-2.124697208404541,0.09134063869714737,0.0036205893848091364,-0.30690255761146545,0.47721293568611145,0.3541167974472046,0.050621021538972855,0.12594088912010193,-1.1031572818756104,-0.7409573197364807,-0.5634579658508301,2.0447893142700195,2.3158910274505615,-2.6281745433807373,-2.1275622844696045,0.01132034882903099,-0.09647268801927567,0.08195604383945465,-1.8232797384262085,0.011661430820822716,-0.049015533179044724,0.020539909601211548,1.086497187614441,-0.09377510845661163,0.02785719744861126,-0.03705260902643204,-2.91931414604187,-0.002320896601304412,2.299283981323242
1.96,0.0001575690257595852,0.00011345716484356672,-0.012112651020288467,0.00012488887296058238,-0.00014674414705950767,8.345730020664632e-05,-1.9569126763485656e-08,-6.685316833454635e-08,-1.0,0.20000000298023224,0.0,0.0,0.0,0.09324780851602554,0.0012958827428519726,-0.3042645752429962,0.47432610392570496,0.3549017608165741,0.04865589365363121,0.1288348138332367,-1.1092406511306763,-0.7418065667152405,-0.561089038848877,2.0411572456359863,2.3168022632598877,-2.6296005249023438,-2.1241564750671387,0.052031416445970535,-0.11721780896186829,0.1285460889339447,1.3292841911315918,0.02330966107547283,-0.06681043654680252,0.1955883800983429,-1.4864869117736816,0.07874740660190582,-0.022001512348651886,0.018576184287667274,3.0391767024993896,-0.12438831478357315,-2.711621046066284,0.20998334884643555,-0.02737625315785408,-0.5579738020896912,0.8978917002677917,-0.10203668475151062,-0.7509052753448486,1.6875641345977783,-0.8675298094749451,1.0591555833816528,1.440828800201416,0.7141010165214539,1.2810513973236084,-1.8069106340408325,-0.7898367643356323,4.060999870300293,0.2510962188243866,0.15824848413467407,-0.6029050350189209,0.9537420272827148,-0.028289297595620155,-0.7180595993995667,1.6072970628738403,-0.7546916007995605,1.1513738632202148,1.430075764656067,0.681918740272522,1.327703833580017,-1.736230731010437,-0.7411741614341736,0.10327230393886566,0.009634941816329956,-0.29791831970214844,0.4666456878185272,0.36441367864608765,0.04674594849348068,0.12608002126216888,-1.1034635305404663,-0.7317211627960205,-0.5594931244850159,2.0375797748565674,2.3286876678466797,-2.62007474899292,-2.118255138397217,0.09324780851602554,0.0012958827428519726,-0.3042645752429962,0.47432610392570496,0.3549017608165741,0.04865589365363121,0.1288348138332367,-1.1092406511306763,-0.7418065667152405,-0.561089038848877,2.0411572456359863,2.3168022632598877,-2.6296005249023438,-2.1241564750671387,0.052031416445970535,-0.11721780896186829,0.1285460889339447,1.3292841911315918,0.02330966107547283,-0.06681043654680252,0.1955883800983429,-1.4864869117736816,0.07874740660190582,-0.022001512348651886,0.018576184287667274,3.0391767024993896,-0.12438831478357315,-2.711621046066284
1.9809999999999999,0.0001548497093608603,0.00011750683188438416,-0.012267964892089367,0.00012095787678845227,-0.00014425958215724677,7.347350037889555e-05,-5.576411155061578e-08,-1.1781734343685457e-07,-1.0,0.20000000298023224,0.0,0.0,0.0,0.09577703475952148,0.003183565568178892,-0.3026353716850281,0.4719061553478241,0.3572210669517517,0.04868684336543083,0.1253570318222046,-1.104494333267212,-0.7345412373542786,-0.5604119300842285,2.038630723953247,2.318211317062378,-2.6195850372314453,-2.1276378631591797,0.0730559378862381,0.14582398533821106,0.0005778950871899724,1.590035080909729,0.15859508514404297,-0.03434116020798683,-0.28514477610588074,-0.7977513074874878,0.40751129388809204,0.1037815660238266,-0.1591280996799469,3.0524442195892334,0.09063061326742172,-1.1940038204193115,0.2510962188243866,0.15824848413467407,-0.6029050350189209,0.9537420272827148,-0.028289297595620155,-0.7180595993995667,1.6072970628738403,-0.7546916007995605,1.1513738632202148,1.430075764656067,0.681918740272522,1.327703833580017,-1.736230731010437,-0.7411741614341736,4.040999889373779,0.24236056208610535,0.1824563443660736,-0.6014156341552734,0.9506052136421204,-0.011445093899965286,-0.7627246975898743,1.6616783142089844,-0.8044675588607788,1.159210205078125,1.4711542129516602,0.6431950926780701,1.4022616147994995,-1.7123334407806396,-0.7531096935272217,0.1068539023399353,0.025953589007258415,-0.2984762191772461,0.46837708353996277,0.37242642045021057,0.043164290487766266,0.1274118572473526,-1.1028375625610352,-0.7237759232521057,-0.5547990798950195,2.02958345413208,2.33837628364563,-2.61167311668396,-2.114295244216919,0.0963260605931282,0.004417413379997015,-0.30245769023895264,0.47140374779701233,0.35850268602371216,0.04832952097058296,0.12380185723304749,-1.1026314496994019,-0.7326895594596863,-0.5600221157073975,2.037442207336426,2.3193953037261963,-2.6212284564971924,-2.119569778442383,0.047121115028858185,0.11411774903535843,0.02772541157901287,1.593881607055664,0.10893736034631729,-0.034123338758945465,-0.08077216893434525,-0.9863002896308899,0.08176291733980179,0.009735321626067162,-0.09090614318847656,2.9275295734405518,-0.20573925971984863,-1.604094386100769
2.0,0.0001548497093608603,0.00011750683188438416,-0.012267964892089367,-0.00011633550457190722,0.00014519874821417034,-6.611652497667819e-05,-6.418279951958539e-08,-9.145438184532395e-08,-1.0,0.20000000298023224,0.0,0.0,0.0,0.09877032041549683,0.008334393613040447,-0.3025985360145569,0.4717278778553009,0.36120763421058655,0.04624146968126297,0.1250016838312149,-1.1018110513687134,-0.7271422743797302,-0.5557550191879272,2.033195734024048,2.3209891319274902,-2.616901159286499,-2.115854501724243,0.10706198215484619,0.3226138651371002,-0.0015720661031082273,1.6195307970046997,0.25049352645874023,-0.06033959239721298,0.025452688336372375,-1.029637098312378,0.525018036365509,0.07222055643796921,-0.2385854572057724,3.0488898754119873,0.54018634557724,-1.901061773300171,0.24236056208610535,0.1824563443660736,-0.6014156341552734,0.9506052136421204,-0.011445093899965286,-0.7627246975898743,1.6616783142089844,-0.8044675588607788,1.159210205078125,1.4711542129516602,0.6431950926780701,1.4022616147994995,-1.7123334407806396,-0.7531096935272217,4.020999908447266,0.20514856278896332,0.20622844994068146,-0.5943093299865723,0.9417157173156738,-0.020654166117310524,-0.7870891094207764,1.6474007368087769,-0.7924332022666931,1.1427186727523804,1.5064789056777954,0.6478945016860962,1.3791048526763916,-1.7004817724227905,-0.7239691615104675,0.1059979796409607,0.041385717689991,-0.2982119023799896,0.4688732624053955,0.37791574001312256,0.037862520664930344,0.12704956531524658,-1.1011333465576172,-0.7190688848495483,-0.5475113987922668,2.023656129837036,2.343811511993408,-2.603766679763794,-2.108212947845459,0.09877032041549683,0.008334393613040447,-0.3025985360145569,0.4717278778553009,0.36120763421058655,0.04624146968126297,0.1250016838312149,-1.1018110513687134,-0.7271422743797302,-0.5557550191879272,2.033195734024048,2.3209891319274902,-2.616901159286499,-2.115854501724243,0.10706198215484619,0.3226138651371002,-0.0015720661031082273,1.6195307970046997,0.25049352645874023,-0.06033959239721298,0.025452688336372375,-1.029637098312378,0.525018036365509,0.07222055643796921,-0.2385854572057724,3.0488898754119873,0.54018634557724,-1.901061773300171
2.024,0.0001533008908154443,0.0001642426650505513,-0.012393543496727943,0.00011889929010067135,-0.00013860959734302014,6.830425263615325e-05,-5.8099587363358296e-08,-9.471169448715955e-08,-1.0,0.20000000298023224,0.0,0.0,0.0,0.09903620928525925,0.016502996906638145,-0.3016563355922699,0.4720984995365143,0.36623185873031616,0.042954858392477036,0.12515363097190857,-1.100274682044983,-0.7207518219947815,-0.5487216711044312,2.027085781097412,2.3252670764923096,-2.6066532135009766,-2.111896276473999,0.04393520578742027,0.3980675935745239,-0.0018440374406054616,1.6285911798477173,0.23656417429447174,-0.09641604870557785,-0.03999510779976845,-1.0281798839569092,0.24483756721019745,0.13022279739379883,-0.22194074094295502,3.0953681468963623,0.4118337333202362,-1.7330971956253052,0.20514856278896332,0.20622844994068146,-0.5943093299865723,0.9417157173156738,-0.020654166117310524,-0.7870891094207764,1.6474007368087769,-0.7924332022666931,1.1427186727523804,1.5064789056777954,0.6478945016860962,1.3791048526763916,-1.7004817724227905,-0.7239691615104675,4.0,0.20240004360675812,0.2078494131565094,-0.5926284193992615,0.9337524175643921,-0.010961852967739105,-0.8126341700553894,1.663528561592102,-0.8000007271766663,1.123056411743164,1.5355784893035889,0.6435750722885132,1.373581886291504,-1.6876707077026367,-0.7079083919525146,0.10503838956356049,0.05389351397752762,-0.2978323698043823,0.4684738516807556,0.38327643275260925,0.03106660023331642,0.12837252020835876,-1.1005268096923828,-0.7172694802284241,-0.5387712717056274,2.0184824466705322,2.347607374191284,-2.596160411834717,-2.101741313934326,0.0994831919670105,0.020070957019925117,-0.3015612065792084,0.47200876474380493,0.36828386783599854,0.042029641568660736,0.12494105100631714,-1.0999512672424316,-0.7196361422538757,-0.5482367873191833,2.025346040725708,2.3273680210113525,-2.604987144470215,-2.108884572982788,0.0410066619515419,0.33331936597824097,0.013674421235918999,1.6323539018630981,0.18232254683971405,-0.08651558309793472,-0.010351582430303097,-1.0804258584976196,0.050520896911621094,0.01241138856858015,-0.14238788187503815,3.0126399993896484,0.04436322674155235,-1.9699516296386719
2.042,0.0001533008908154443,0.0001642426650505513,-0.012393543496727943,0.00012456948752515018,-0.00013376149581745267,7.221906707854941e-05,8.640655835279176e-08,4.265698194672041e-08,-1.0,0.20000000298023224,0.0,0.0,0.0,0.09896767884492874,0.02519131638109684,-0.300942063331604,0.47053876519203186,0.37119829654693604,0.039069004356861115,0.12601375579833984,-1.0992273092269897,-0.7192686200141907,-0.5414833426475525,2.02143931388855,2.331575393676758,-2.601776361465454,-2.108164072036743,-0.036290254443883896,0.5949877500534058,-0.0350525863468647,-1.765110731124878,0.22462569177150726,-0.14118212461471558,0.06020049750804901,1.1169217824935913,0.3653927445411682,0.5033129453659058,-0.20813478529453278,-1.914369821548462,0.5283176898956299,2.454982280731201,0.20240004360675812,0.2078494131565094,-0.5926284193992615,0.9337524175643921,-0.010961852967739105,-0.8126341700553894,1.663528561592102,-0.8000007271766663,1.123056411743164,1.5355784893035889,0.6435750722885132,1.373581886291504,-1.6876707077026367,-0.7079083919525146,3.9790000915527344,0.1081787645816803,-0.02259671501815319,-0.49349552392959595,0.8630163669586182,-0.07807368785142899,-0.8560166358947754,1.754404902458191,-0.9110775589942932,0.9918303489685059,1.5934637784957886,0.6818881630897522,1.2718716859817505,-1.7384560108184814,-0.7118852734565735,0.09484858810901642,0.04085513949394226,-0.28761544823646545,0.46108072996139526,0.3808538019657135,0.021291615441441536,0.13851851224899292,-1.1111491918563843,-0.7289525270462036,-0.5259906053543091,2.018174886703491,2.340473175048828,-2.595154047012329,-2.096961498260498,0.09920349717140198,0.02946409024298191,-0.3009275197982788,0.4699925482273102,0.3733333945274353,0.03770915046334267,0.12630310654640198,-1.0987356901168823,-0.7178857922554016,-0.5396431088447571,2.0198988914489746,2.338503360748291,-2.5981619358062744,-2.102673292160034,0.033231135457754135,0.375715970993042,0.011060156859457493,-1.7376878261566162,0.19087955355644226,-0.13358062505722046,0.015181208029389381,1.2000951766967773,0.05771930143237114,0.058117855340242386,-0.12305373698472977,-2.38104248046875,0.21306101977825165,2.7316877841949463
2.061,0.00015038960555102676,0.00013340525038074702,-0.01255218219012022,-0.00012148770474595949,0.00013865275832358748,-6.650868454016745e-05,8.328830602977177e-08,3.231817302662421e-08,-1.0,0.20000000298023224,0.0,0.0,0.0,0.09733647853136063,0.031010614708065987,-0.29895809292793274,0.4695555567741394,0.374161958694458,0.03372248262166977,0.1297883838415146,-1.1015070676803589,-0.7237057685852051,-0.5294973850250244,2.017604112625122,2.342695713043213,-2.5999531745910645,-2.093761444091797,-0.1746443510055542,0.023357633501291275,0.22732895612716675,-1.9247608184814453,0.004165217746049166,-0.1994812786579132,0.5777811408042908,0.5483875870704651,-1.132535696029663,0.6675130128860474,-0.05088450387120247,-2.65582537651062,-0.31904008984565735,3.2428650856018066,0.1081787645816803,-0.02259671501815319,-0.49349552392959595,0.8630163669586182,-0.07807368785142899,-0.8560166358947754,1.754404902458191,-0.9110775589942932,0.9918303489685059,1.5934637784957886,0.6818881630897522,1.2718716859817505,-1.7384560108184814,-0.7118852734565735,3.9609999656677246,0.14418543875217438,-0.07868853211402893,-0.5388405919075012,0.8652575016021729,-0.09582053124904633,-0.8352908492088318,1.7171655893325806,-0.8590033650398254,0.9582264423370361,1.5726587772369385,0.7075909376144409,1.2171269655227661,-1.7640042304992676,-0.69928377866745,0.09029741585254669,0.024815261363983154,-0.2839764356613159,0.4553903341293335,0.37714099884033203,0.015544206835329533,0.1429113745689392,-1.1144397258758545,-0.74165940284729,-0.5178465843200684,2.0204989910125732,2.329291343688965,-2.5969038009643555,-2.0918776988983154,0.09733647853136063,0.031010614708065987,-0.29895809292793274,0.4695555567741394,0.374161958694458,0.03372248262166977,0.1297883838415146,-1.1015070676803589,-0.7237057685852051,-0.5294973850250244,2.017604112625122,2.342695713043213,-2.5999531745910645,-2.093761444091797,-0.1746443510055542,0.023357633501291275,0.22732895612716675,-1.9247608184814453,0.004165217746049166,-0.1994812786579132,0.5777811408042908,0.5483875870704651,-1.132535696029663,0.6675130128860474,-0.05088450387120247,-2.65582537651062,-0.31904008984565735,3.2428650856018066
2.082,0.00015038960555102676,0.00013340525038074702,-0.01255218219012022,-0.00011951158376177773,0.00014043934061191976,-7.185385766206309e-05,1.175090673655177e-07,6.675590924487551e-08,-1.0,0.20000000298023224,0.0,0.0,0.0,0.09350565075874329,0.030861901119351387,-0.29325565695762634,0.4607393741607666,0.3744354546070099,0.027424896135926247,0.13979041576385498,-1.1109750270843506,-0.7394190430641174,-0.5194681882858276,2.019275426864624,2.333986282348633,-2.5997982025146484,-2.0859758853912354,-0.12587334215641022,-0.06785565614700317,0.27584758400917053,-1.041823148727417,-0.014040874317288399,-0.22880958020687103,0.4618673026561737,0.124937042593956,-0.6757118105888367,0.19477899372577667,0.09256968647241592,-1.8743300437927246,0.32231733202934265,0.2315528690814972,0.14418543875217438,-0.07868853211402893,-0.5388405919075012,0.8652575016021729,-0.09582053124904633,-0.8352908492088318,1.7171655893325806,-0.8590033650398254,0.9582264423370361,1.5726587772369385,0.7075909376144409,1.2171269655227661,-1.7640042304992676,-0.69928377866745,3.940000057220459,0.20254938304424286,-0.04212097451090813,-0.4860541820526123,0.9089199900627136,-0.0949925035238266,-0.7922194004058838,1.7367582321166992,-0.8613256216049194,1.0098520517349243,1.5144612789154053,0.6977101564407349,1.1952238082885742,-1.764338731765747,-0.6759066581726074,0.09249287098646164,0.01564011164009571,-0.2757865786552429,0.4552042484283447,0.3742535710334778,0.01525342557579279,0.1483849287033081,-1.1173043251037598,-0.7466623187065125,-0.5171511769294739,2.0213701725006104,2.318155527114868,-2.598336935043335,-2.085472822189331,0.09257128089666367,0.030425027012825012,-0.29118800163269043,0.4590880274772644,0.3745833933353424,0.02528558298945427,0.14218617975711823,-1.1127041578292847,-0.7422294616699219,-0.5187790989875793,2.0197861194610596,2.328136444091797,-2.5958073139190674,-2.091482400894165,-0.08070158213376999,-0.03723275288939476,0.16418612003326416,-1.755731463432312,0.0272989459335804,-0.1996939480304718,0.10288229584693909,1.0432839393615723,-0.10206452757120132,0.015868335962295532,0.02456861175596714,-3.532851457595825,0.2978661358356476,1.897824764251709
2.1,0.00016073293227236718,0.0002321911306353286,-0.012637252919375896,-0.00011832216841867194,0.00014322641072794795,-7.933128654258326e-05,-3.9369890458829104e-08,-7.710830374207944e-08,-1.0,0.20000000298023224,0.0,0.0,0.0,0.09382228553295135,0.027844203636050224,-0.2878893315792084,0.46033427119255066,0.37363508343696594,0.0231860913336277,0.14548265933990479,-1.1166865825653076,-0.7457646727561951,-0.518247127532959,2.0199337005615234,2.3199775218963623,-2.5989084243774414,-2.087994337081909,-0.009876782074570656,-0.1944383680820465,0.3340224325656891,1.5481435060501099,-0.030981043353676796,-0.16357149183750153,0.36110207438468933,-1.279991865158081,-0.43771275877952576,0.006515292450785637,0.07721670717000961,2.397794008255005,-0.22830480337142944,-2.9059510231018066,0.20254938304424286,-0.04212097451090813,-0.4860541820526123,0.9089199900627136,-0.0949925035238266,-0.7922194004058838,1.7367582321166992,-0.8613256216049194,1.0098520517349243,1.5144612789154053,0.6977101564407349,1.1952238082885742,-1.764338731765747,-0.6759066581726074,3.9210000038146973,0.282989501953125,0.11384577304124832,-0.5494867563247681,0.9467366337776184,-0.01631249487400055,-0.7507678270339966,1.6832729578018188,-0.7960255146026611,1.120408535003662,1.473757266998291,0.6562126874923706,1.2421543598175049,-1.7044962644577026,-0.6494800448417664,0.10229325294494629,0.02389666810631752,-0.27557793259620667,0.4588370621204376,0.3798116147518158,0.01916595734655857,0.14741525053977966,-1.1130659580230713,-0.7396090030670166,-0.5206652283668518,2.0179173946380615,2.3139400482177734,-2.593499183654785,-2.0777063369750977,0.09382228553295135,0.027844203636050224,-0.2878893315792084,0.46033427119255066,0.37363508343696594,0.0231860913336277,0.14548265933990479,-1.1166865825653076,-0.7457646727561951,-0.518247127532959,2.0199337005615234,2.3199775218963623,-2.5989084243774414,-2.087994337081909,-0.009876782074570656,-0.1944383680820465,0.3340224325656891,1.5481435060501099,-0.030981043353676796,-0.16357149183750153,0.36110207438468933,-1.279991865158081,-0.43771275877952576,0.006515292450785637,0.07721670717000961,2.397794008255005,-0.22830480337142944,-2.9059510231018066
2.122,0.00016073293227236718,0.0002321911306353286,-0.012637252919375896,0.00012250480358488858,-0.00014893290062900633,8.505413279635832e-05,-6.31512122595268e-08,-1.0666526151226208e-07,-1.0,0.20000000298023224,0.0,0.0,0.0,0.0953357070684433,0.028151459991931915,-0.28319600224494934,0.46006327867507935,0.3751249313354492,0.022110937163233757,0.1466200202703476,-1.1138025522232056,-0.7424674034118652,-0.5212993621826172,2.0179779529571533,2.3102505207061768,-2.593287944793701,-2.0866754055023193,0.06341125816106796,0.0024697810877114534,0.11873941868543625,1.6905295848846436,0.105616495013237,-0.06815437227487564,-0.10598861426115036,-0.8661702275276184,0.38828080892562866,-0.07307539135217667,-0.07009588927030563,2.463473320007324,0.14190322160720825,-1.3519023656845093,0.282989501953125,0.11384577304124832,-0.5494867563247681,0.9467366337776184,-0.01631249487400055,-0.7507678270339966,1.6832729578018188,-0.7960255146026611,1.120408535003662,1.473757266998291,0.6562126874923706,1.2421543598175049,-1.7044962644577026,-0.6494800448417664,3.9010000228881836,0.27202677726745605,0.1322476714849472,-0.5351996421813965,0.9420075416564941,-0.009293574839830399,-0.7807422280311584,1.7204055786132812,-0.8271468877792358,1.135973334312439,1.4962700605392456,0.6215189099311829,1.3066920042037964,-1.6914242506027222,-0.6683779954910278,0.10903728753328323,0.032342102378606796,-0.27398231625556946,0.46127042174339294,0.38495996594429016,0.01929854229092598,0.15035276114940643,-1.1127874851226807,-0.7324098944664001,-0.5212252140045166,2.011685848236084,2.317021369934082,-2.5883216857910156,-2.07338285446167,0.09581155329942703,0.028019942343235016,-0.2821168303489685,0.46062925457954407,0.3759368360042572,0.02152637206017971,0.14582844078540802,-1.112435221672058,-0.7407102584838867,-0.521540105342865,2.017399549484253,2.3075239658355713,-2.5936648845672607,-2.0806734561920166,0.0405578576028347,-0.015193692408502102,0.09783735871315002,1.6504055261611938,0.06643560528755188,-0.051021818071603775,-0.05923967808485031,-1.0021005868911743,0.07734788209199905,-0.0037548502441495657,-0.04976963996887207,2.5943167209625244,-0.10520219802856445,-1.7774325609207153
2.142,0.0001605528377695009,0.00013737418339587748,-0.012827492319047451,0.00012847207835875452,-0.0001428209652658552,9.512026736047119e-05,-8.314287924804376e-08,-7.565432014189355e-08,-1.0,0.20000000298023224,0.0,0.0,0.0,0.09824314713478088,0.030152522027492523,-0.2797418236732483,0.46169430017471313,0.37798264622688293,0.021214712411165237,0.1472456157207489,-1.11216402053833,-0.7372764945030212,-0.521865963935852,2.0140538215637207,2.3064584732055664,-2.592996120452881,-2.0778074264526367,0.17914004623889923,0.14226171374320984,0.10048310458660126,1.6732178926467896,0.2160651981830597,-0.042453404515981674,0.2466282695531845,-1.017525315284729,0.8174103498458862,-0.022247616201639175,-0.1483624428510666,2.6339917182922363,-0.008152193389832973,-1.6493687629699707,0.27202677726745605,0.1322476714849472,-0.5351996421813965,0.9420075416564941,-0.009293574839830399,-0.7807422280311584,1.7204055786132812,-0.8271468877792358,1.135973334312439,1.4962700605392456,0.6215189099311829,1.3066920042037964,-1.6914242506027222,-0.6683779954910278,3.878999948501587,0.24233707785606384,0.14746631681919098,-0.5312954187393188,0.9326331615447998,-0.0026894062757492065,-0.7908930778503418,1.7027102708816528,-0.8143593668937683,1.122249722480774,1.5158753395080566,0.6219227313995361,1.2954474687576294,-1.6862798929214478,-0.6504152417182922,0.11146353930234909,0.040620312094688416,-0.2723154127597809,0.46227967739105225,0.3897390365600586,0.01838952675461769,0.15093323588371277,-1.111285924911499,-0.7280229330062866,-0.5197126269340515,2.0067410469055176,2.318361759185791,-2.583665370941162,-2.0681278705596924,0.09932468831539154,0.030921289697289467,-0.2789943516254425,0.46237581968307495,0.3793545365333557,0.020833149552345276,0.1485409140586853,-1.1118370294570923,-0.7334862351417542,-0.5219432711601257,2.0128796100616455,2.306079149246216,-2.590411901473999,-2.0752551555633545,0.08676758408546448,0.06100980192422867,0.07829095423221588,1.6461577415466309,0.10819665342569351,-0.03354782611131668,0.049692582339048386,-1.056816816329956,0.15078644454479218,-0.001593154389411211,-0.09432123601436615,2.767439126968384,0.26696503162384033,-2.007960557937622
2.161,0.0001605528377695009,0.00013737418339587748,-0.012827492319047451,0.00012568991223815829,-0.00014949282922316343,8.723774953978136e-05,-6.696895127333846e-08,-9.187910876562455e-08,-1.0,0.20000000298023224,0.0,0.0,0.0,0.1019567996263504,0.03359544277191162,-0.27658507227897644,0.4636058807373047,0.381503701210022,0.01962098479270935,0.14933376014232635,-1.1111034154891968,-0.7312498688697815,-0.5205509066581726,2.008978843688965,2.3085169792175293,-2.5864675045013428,-2.0755438804626465,0.18919022381305695,0.24991704523563385,0.0327632874250412,1.4924958944320679,0.21082687377929688,-0.029660802334547043,0.014656114391982555,-0.8613755106925964,0.5240013599395752,-0.010525061748921871,-0.15265344083309174,3.0435569286346436,0.31004759669303894,-1.8074983358383179,0.24233707785606384,0.14746631681919098,-0.5312954187393188,0.9326331615447998,-0.0026894062757492065,-0.7908930778503418,1.7027102708816528,-0.8143593668937683,1.122249722480774,1.5158753395080566,0.6219227313995361,1.2954474687576294,-1.6862798929214478,-0.6504152417182922,3.8610000610351562,0.23550568521022797,0.16342097520828247,-0.5166833400726318,0.9153668284416199,0.008725494146347046,-0.8228122591972351,1.7095975875854492,-0.8292573690414429,1.1088954210281372,1.5505900382995605,0.616670548915863,1.3023849725723267,-1.659558653831482,-0.6398206353187561,0.11272140592336655,0.04883834719657898,-0.26952067017555237,0.46136045455932617,0.39470380544662476,0.014470395632088184,0.15208634734153748,-1.111574411392212,-0.7258488535881042,-0.515031099319458,2.0022599697113037,2.3201279640197754,-2.577268362045288,-2.062864303588867,0.1019567996263504,0.03359544277191162,-0.27658507227897644,0.4636058807373047,0.381503701210022,0.01962098479270935,0.14933376014232635,-1.1111034154891968,-0.7312498688697815,-0.5205509066581726,2.008978843688965,2.3085169792175293,-2.5864675045013428,-2.0755438804626465,0.18919022381305695,0.24991704523563385,0.0327632874250412,1.4924958944320679,0.21082687377929688,-0.029660802334547043,0.014656114391982555,-0.8613755106925964,0.5240013599395752,-0.010525061748921871,-0.15265344083309174,3.0435569286346436,0.31004759669303894,-1.8074983358383179
2.181,0.00016384411719627678,7.758771243970841e-05,-0.012987366877496243,0.00012236226757522672,-0.0001484482199884951,8.364357199752703e-05,-6.119360307366151e-08,-9.355178320902269e-08,-1.0,0.20000000298023224,0.0,0.0,0.0,0.10476238280534744,0.038633402436971664,-0.2738747000694275,0.4636222720146179,0.38571470975875854,0.017582757398486137,0.15000902116298676,-1.1103549003601074,-0.7272939682006836,-0.516398549079895,2.0034995079040527,2.309464693069458,-2.580786943435669,-2.064082384109497,0.07847075909376144,0.20926345884799957,0.03429538384079933,1.6216037273406982,0.18244674801826477,-0.05467290058732033,0.029752735048532486,-1.0877792835235596,0.22288699448108673,0.14166541397571564,-0.11915769428014755,2.78361177444458,0.29323744773864746,-1.8874746561050415,0.23550568521022797,0.16342097520828247,-0.5166833400726318,0.9153668284416199,0.008725494146347046,-0.8228122591972351,1.7095975875854492,-0.8292573690414429,1.1088954210281372,1.5505900382995605,0.616670548915863,1.3023849725723267,-1.659558653831482,-0.6398206353187561,3.8410000801086426,0.22666361927986145,0.170225128531456,-0.5301511883735657,0.9080060124397278,0.0056371428072452545,-0.8448736071586609,1.7045966386795044,-0.8168665766716003,1.08816397190094,1.5723785161972046,0.6116027235984802,1.2883778810501099,-1.6594154834747314,-0.6209682822227478,0.11284349113702774,0.05609318986535072,-0.2686316668987274,0.4598889946937561,0.398366779088974,0.009128955192863941,0.15250875055789948,-1.1105661392211914,-0.7261826992034912,-0.5091070532798767,1.9981682300567627,2.3201401233673096,-2.572136402130127,-2.0567681789398193,0.10536054521799088,0.04034256935119629,-0.2734944820404053,0.4637724459171295,0.38726919889450073,0.017030250281095505,0.15009605884552002,-1.110381007194519,-0.726332426071167,-0.5158119201660156,2.002570867538452,2.309032917022705,-2.578836679458618,-2.0630648136138916,0.05210252106189728,0.1563919633626938,0.0357988066971302,1.6143107414245605,0.13666345179080963,-0.05227767676115036,0.0016366979107260704,-1.0869712829589844,0.03766689822077751,0.020674830302596092,-0.07715698331594467,2.771087169647217,0.11298523098230362,-2.201904058456421
2.201,0.00016384411719627678,7.758771243970841e-05,-0.012987366877496243,0.00012538932787720114,-0.00015088588406797498,8.62151209730655e-05,-5.1820304491911884e-08,-8.77386341358033e-08,-1.0,0.20000000298023224,0.0,0.0,0.0,0.10592728853225708,0.04388010501861572,-0.2722146809101105,0.46242570877075195,0.3898254334926605,0.014627255499362946,0.15056532621383667,-1.1098284721374512,-0.7271853089332581,-0.5106737613677979,1.9992995262145996,2.3095741271972656,-2.5753347873687744,-2.062429189682007,0.05964745953679085,0.32128220796585083,-0.0007824212079867721,0.7932536602020264,0.1737225204706192,-0.09662768244743347,-0.0028983952943235636,-0.587395429611206,0.12715046107769012,0.20627102255821228,-0.12447012960910797,1.9363681077957153,0.30925115942955017,-1.0435965061187744,0.22666361927986145,0.170225128531456,-0.5301511883735657,0.9080060124397278,0.0056371428072452545,-0.8448736071586609,1.7045966386795044,-0.8168665766716003,1.08816397190094,1.5723785161972046,0.6116027235984802,1.2883778810501099,-1.6594154834747314,-0.6209682822227478,3.821000099182129,0.21345111727714539,0.12634670734405518,-0.4808492064476013,0.8917866945266724,-0.0008482486009597778,-0.8715382218360901,1.7468706369400024,-0.857881486415863,1.0554804801940918,1.602813959121704,0.6173816919326782,1.2634730339050293,-1.661563515663147,-0.6105517148971558,0.11161990463733673,0.057509224861860275,-0.262990266084671,0.4570898711681366,0.4006485939025879,0.0021893419325351715,0.15707407891750336,-1.113861083984375,-0.7297180891036987,-0.5013242959976196,1.99547278881073,2.317659378051758,-2.5682456493377686,-2.050849676132202,0.10638296604156494,0.04597465321421623,-0.27205896377563477,0.4624848961830139,0.3912721872329712,0.013658572919666767,0.15046341717243195,-1.1097544431686401,-0.7265976667404175,-0.5098926424980164,1.9983596801757812,2.3118104934692383,-2.5736100673675537,-2.0589447021484375,0.039435889571905136,0.17914684116840363,0.018599793314933777,1.6190389394760132,0.1284344643354416,-0.0916660949587822,-0.008351938799023628,-1.0466079711914062,0.021561866626143456,0.02250879444181919,-0.07651659101247787,2.878572463989258,0.08078883588314056,-1.8510863780975342
2.22,0.00015731400344520807,-4.0043673834588844e-06,-0.013171526603400707,-0.00012228492414578795,0.0001529834553366527,-8.252547559095547e-05,1.0631325864096652e-07,4.784633844678865e-08,-1.0,0.20000000298023224,0.0,0.0,0.0,0.10552582889795303,0.04903609678149223,-0.26972123980522156,0.4588993191719055,0.39408761262893677,0.010424324311316013,0.1542471945285797,-1.1122750043869019,-0.7296976447105408,-0.5027166604995728,1.9941896200180054,2.3115222454071045,-2.5725913047790527,-2.051041603088379,0.023833995684981346,0.1763976514339447,0.12086674571037292,-0.5271031260490417,0.115155890583992,-0.15472565591335297,0.18105943500995636,0.12106215208768845,-0.024602223187685013,0.18373747169971466,0.008176172152161598,-0.5975768566131592,0.2658546566963196,0.7667115330696106,0.21345111727714539,0.12634670734405518,-0.4808492064476013,0.8917866945266724,-0.0008482486009597778,-0.8715382218360901,1.7468706369400024,-0.857881486415863,1.0554804801940918,1.602813959121704,0.6173816919326782,1.2634730339050293,-1.661563515663147,-0.6105517148971558,3.8010001182556152,0.19255243241786957,0.0060635944828391075,-0.43728184700012207,0.8715019226074219,-0.05186445638537407,-0.8686730265617371,1.7866618633270264,-0.8958142399787903,0.9987757802009583,1.6034666299819946,0.634635329246521,1.1997605562210083,-1.7047858238220215,-0.6081995964050293,0.10855116695165634,0.04661373794078827,-0.254120409488678,0.45282208919525146,0.39737242460250854,-0.003075829241424799,0.16470547020435333,-1.1202902793884277,-0.7382169365882874,-0.49503278732299805,1.9950417280197144,2.3093035221099854,-2.569455146789551,-2.045879602432251,0.10552582889795303,0.04903609678149223,-0.26972123980522156,0.4588993191719055,0.39408761262893677,0.010424324311316013,0.1542471945285797,-1.1122750043869019,-0.7296976447105408,-0.5027166604995728,1.9941896200180054,2.3115222454071045,-2.5725913047790527,-2.051041603088379,0.023833995684981346,0.1763976514339447,0.12086674571037292,-0.5271031260490417,0.115155890583992,-0.15472565591335297,0.18105943500995636,0.12106215208768845,-0.024602223187685013,0.18373747169971466,0.008176172152161598,-0.5975768566131592,0.2658546566963196,0.7667115330696106
2.24,0.00015731400344520807,-4.0043673834588844e-06,-0.013171526603400707,-0.00012354562932159752,0.00015297849313355982,-8.906947914510965e-05,1.2078844235929864e-07,5.752291443172908e-08,-1.0,0.20000000298023224,0.0,0.0,0.0,0.10398942232131958,0.04914227873086929,-0.2654155492782593,0.45308607816696167,0.39464858174324036,0.005586461629718542,0.15986604988574982,-1.116111159324646,-0.7365387082099915,-0.4964182674884796,1.9931360483169556,2.303260326385498,-2.5725033283233643,-2.0417487621307373,-0.017674129456281662,-0.024186570197343826,0.2628551423549652,-1.3789910078048706,0.0009902131278067827,-0.16833142936229706,0.3882812261581421,0.45452743768692017,-0.48835480213165283,0.13230307400226593,0.051502447575330734,-2.38004732131958,-0.0032990169711411,1.2042508125305176,0.19255243241786957,0.0060635944828391075,-0.43728184700012207,0.8715019226074219,-0.05186445638537407,-0.8686730265617371,1.7866618633270264,-0.8958142399787903,0.9987757802009583,1.6034666299819946,0.634635329246521,1.1997605562210083,-1.7047858238220215,-0.6081995964050293,3.7809998989105225,0.19394144415855408,-0.08886392414569855,-0.4202815294265747,0.8598546385765076,-0.08915296196937561,-0.8416086435317993,1.781333565711975,-0.9052120447158813,0.9640302062034607,1.570793628692627,0.6558448672294617,1.131125569343567,-1.7431528568267822,-0.6001240611076355,0.1062350794672966,0.0284045971930027,-0.2453244924545288,0.4482431411743164,0.391022652387619,-0.0045815277844667435,0.17027774453163147,-1.1263734102249146,-0.7484905123710632,-0.49326688051223755,1.996817946434021,2.295755386352539,-2.5742595195770264,-2.0410962104797363,0.10398942232131958,0.04914227873086929,-0.2654155492782593,0.45308607816696167,0.39464858174324036,0.005586461629718542,0.15986604988574982,-1.116111159324646,-0.7365387082099915,-0.4964182674884796,1.9931360483169556,2.303260326385498,-2.5725033283233643,-2.0417487621307373,-0.017674129456281662,-0.024186570197343826,0.2628551423549652,-1.3789910078048706,0.0009902131278067827,-0.16833142936229706,0.3882812261581421,0.45452743768692017,-0.48835480213165283,0.13230307400226593,0.051502447575330734,-2.38004732131958,-0.0032990169711411,1.2042508125305176
2.261,0.0001531442248960957,0.0001149612435256131,-0.013238425366580486,-0.0001123716720030643,0.00012979631719645113,-8.889056334737688e-05,-2.3375493540811476e-08,-7.61614060706961e-08,-1.0,0.20000000298023224,0.0,0.0,0.0,0.10289014875888824,0.04788627475500107,-0.2606678307056427,0.44909584522247314,0.39447444677352905,0.0014040309470146894,0.16429279744625092,-1.1187649965286255,-0.7416218519210815,-0.49385976791381836,1.9943420886993408,2.2911064624786377,-2.572211742401123,-2.0372984409332275,-0.4895114302635193,-0.553642749786377,0.4926132559776306,-0.08926064521074295,-0.18290843069553375,-0.03464842960238457,0.6437171101570129,-1.2932040691375732,-1.436036467552185,-0.39004138112068176,0.17242658138275146,-0.7492372989654541,-1.3718026876449585,1.6867733001708984,0.19394144415855408,-0.08886392414569855,-0.4202815294265747,0.8598546385765076,-0.08915296196937561,-0.8416086435317993,1.781333565711975,-0.9052120447158813,0.9640302062034607,1.570793628692627,0.6558448672294617,1.131125569343567,-1.7431528568267822,-0.6001240611076355,3.760999917984009,0.27671700716018677,-0.02811412513256073,-0.5090505480766296,0.8881780505180359,-0.06354465335607529,-0.8189032673835754,1.7095365524291992,-0.7828002572059631,1.016312599182129,1.522933840751648,0.6347568035125732,1.1686402559280396,-1.7540194988250732,-0.6129488348960876,0.1126597672700882,0.019912265241146088,-0.24716466665267944,0.44741231203079224,0.38850367069244385,-0.0035155490040779114,0.16755586862564087,-1.1189987659454346,-0.7514811754226685,-0.4966401159763336,1.996130108833313,2.288668394088745,-2.5791897773742676,-2.0385518074035645,0.10289014875888824,0.04788627475500107,-0.2606678307056427,0.44909584522247314,0.39447444677352905,0.0014040309470146894,0.16429279744625092,-1.1187649965286255,-0.7416218519210815,-0.49385976791381836,1.9943420886993408,2.2911064624786377,-2.572211742401123,-2.0372984409332275,-0.4895114302635193,-0.553642749786377,0.4926132559776306,-0.08926064521074295,-0.18290843069553375,-0.03464842960238457,0.6437171101570129,-1.2932040691375732,-1.436036467552185,-0.39004138112068176,0.17242658138275146,-0.7492372989654541,-1.3718026876449585,1.6867733001708984
2.2800000000000002,0.0001531442248960957,0.0001149612435256131,-0.013238425366580486,8.466033614240587e-05,-0.00017041196406353265,7.930862193461508e-05,5.062586083681708e-08,3.798421488454551e-08,-1.0,0.20000000298023224,0.0,0.0,0.0,0.10436463356018066,0.041256133466959,-0.25617271661758423,0.4469532370567322,0.3912741541862488,0.0005805356195196509,0.16757827997207642,-1.1195036172866821,-0.7510556578636169,-0.4972657859325409,1.9953690767288208,2.2803170680999756,-2.5744564533233643,-2.0439021587371826,0.11398791521787643,-0.32163748145103455,0.12467044591903687,-0.33146658539772034,-0.09511379897594452,-0.08727940917015076,-0.20907385647296906,0.5753043293952942,-0.37536343932151794,-0.01895737089216709,-0.05395175889134407,-0.8618130087852478,-0.1590854376554489,-0.010738108307123184,0.27671700716018677,-0.02811412513256073,-0.5090505480766296,0.8881780505180359,-0.06354465335607529,-0.8189032673835754,1.7095365524291992,-0.7828002572059631,1.016312599182129,1.522933840751648,0.6347568035125732,1.1686402559280396,-1.7540194988250732,-0.6129488348960876,3.740999937057495,0.2669593095779419,-0.014580024406313896,-0.4197734594345093,0.8609660863876343,-0.045489899814128876,-0.8389931917190552,1.7845115661621094,-0.9331162571907043,1.0390675067901611,1.5360751152038574,0.6249174475669861,1.168752908706665,-1.7384370565414429,-0.6100955605506897,0.11682374775409698,0.014471810311079025,-0.23970907926559448,0.44402647018432617,0.38829395174980164,-0.004671758506447077,0.17287585139274597,-1.1281306743621826,-0.7515982389450073,-0.498024582862854,1.9945958852767944,2.2830100059509277,-2.581575632095337,-2.03623104095459,0.10436463356018066,0.041256133466959,-0.25617271661758423,0.4469532370567322,0.3912741541862488,0.0005805356195196509,0.16757827997207642,-1.1195036172866821,-0.7510556578636169,-0.4972657859325409,1.9953690767288208,2.2803170680999756,-2.5744564533233643,-2.0439021587371826,0.11398791521787643,-0.32163748145103455,0.12467044591903687,-0.33146658539772034,-0.09511379897594452,-0.08727940917015076,-0.20907385647296906,0.5753043293952942,-0.37536343932151794,-0.01895737089216709,-0.05395175889134407,-0.8618130087852478,-0.1590854376554489,-0.010738108307123184
2.3,0.0001531442248960957,0.0001149612435256131,-0.013238425366580486,0.00012695406621787697,-0.00015995046123862267,0.00010324042523279786,1.058992111779844e-07,3.32360698962475e-08,-1.0,0.20000000298023224,0.0,0.0,0.0,0.10767839103937149,0.03451629355549812,-0.25148311257362366,0.4473865032196045,0.38976234197616577,-0.0019403711194172502,0.16874627768993378,-1.1222621202468872,-0.7527997493743896,-0.49835774302482605,1.99262273311615,2.2798869609832764,-2.5843751430511475,-2.033715009689331,0.09824282675981522,-0.26449885964393616,0.2405957728624344,-1.652364730834961,-0.0454501137137413,-0.07062148302793503,0.242697075009346,0.7425214648246765,-0.006029384210705757,-0.1470838040113449,0.019666386768221855,-2.98539662361145,-0.339136004447937,2.58059024810791,0.2669593095779419,-0.014580024406313896,-0.4197734594345093,0.8609660863876343,-0.045489899814128876,-0.8389931917190552,1.7845115661621094,-0.9331162571907043,1.0390675067901611,1.5360751152038574,0.6249174475669861,1.168752908706665,-1.7384370565414429,-0.6100955605506897,3.7209999561309814,0.19482013583183289,-0.1241672933101654,-0.4112624526023865,0.8241960406303406,-0.09933929145336151,-0.8326819539070129,1.7751662731170654,-0.9180167317390442,0.9713425040245056,1.5479894876480103,0.6404546499252319,1.1169458627700806,-1.7727049589157104,-0.6104130148887634,0.11294101923704147,-0.0008392808958888054,-0.23289351165294647,0.4376407861709595,0.382741242647171,-0.004965602420270443,0.17619732022285461,-1.133926272392273,-0.7584643363952637,-0.49794071912765503,1.9949222803115845,2.2733025550842285,-2.586911201477051,-2.0344061851501465,0.10767839103937149,0.03451629355549812,-0.25148311257362366,0.4473865032196045,0.38976234197616577,-0.0019403711194172502,0.16874627768993378,-1.1222621202468872,-0.7527997493743896,-0.49835774302482605,1.99262273311615,2.2798869609832764,-2.5843751430511475,-2.033715009689331,0.09824282675981522,-0.26449885964393616,0.2405957728624344,-1.652364730834961,-0.0454501137137413,-0.07062148302793503,0.242697075009346,0.7425214648246765,-0.006029384210705757,-0.1470838040113449,0.019666386768221855,-2.98539662361145,-0.339136004447937,2.58059024810791
2.32,0.0001531442248960957,0.0001149612435256131,-0.013238425366580486,-0.00012197372416267172,0.0001572539476910606,-0.00010383485641796142,1.3242652130429633e-07,5.705564731783852e-08,-1.0,0.20000000298023224,0.0,0.0,0.0,0.10683263838291168,0.027477024123072624,-0.24525681138038635,0.441775381565094,0.38799911737442017,-0.0032103857956826687,0.17356202006340027,-1.1298232078552246,-0.757594883441925,-0.498813271522522,1.9929970502853394,2.2679035663604736,-2.5883047580718994,-2.0308890342712402,0.005856706760823727,-0.3717050552368164,0.31170302629470825,-1.1411703824996948,-0.14923423528671265,-0.03974086791276932,0.24758096039295197,0.16595101356506348,-0.33564841747283936,-0.007183718029409647,0.07325655221939087,-1.8676763772964478,-0.10226182639598846,0.35746631026268005,0.19482013583183289,-0.1241672933101654,-0.4112624526023865,0.8241960406303406,-0.09933929145336151,-0.8326819539070129,1.7751662731170654,-0.9180167317390442,0.9713425040245056,1.5479894876480103,0.6404546499252319,1.1169458627700806,-1.7727049589157104,-0.6104130148887634,3.7009999752044678,0.24466127157211304,-0.08417460322380066,-0.37447065114974976,0.8495321273803711,-0.08574562519788742,-0.8101186156272888,1.7549047470092773,-0.9052486419677734,0.9997008442878723,1.523361086845398,0.634084165096283,1.1027235984802246,-1.7455410957336426,-0.5853734612464905,0.11481894552707672,-0.00908888503909111,-0.22376187145709991,0.4350658655166626,0.37965843081474304,-0.00294434349052608,0.17682833969593048,-1.1372859477996826,-0.761121392250061,-0.5003364682197571,1.9945462942123413,2.2641143798828125,-2.588463306427002,-2.030442237854004,0.10683263838291168,0.027477024123072624,-0.24525681138038635,0.441775381565094,0.38799911737442017,-0.0032103857956826687,0.17356202006340027,-1.1298232078552246,-0.757594883441925,-0.498813271522522,1.9929970502853394,2.2679035663604736,-2.5883047580718994,-2.0308890342712402,0.005856706760823727,-0.3717050552368164,0.31170302629470825,-1.1411703824996948,-0.14923423528671265,-0.03974086791276932,0.24758096039295197,0.16595101356506348,-0.33564841747283936,-0.007183718029409647,0.07325655221939087,-1.8676763772964478,-0.10226182639598846,0.35746631026268005
2.34,0.00013471579586621374,0.00020423930254764855,-0.013310961425304413,-0.00012431481445673853,0.0001621029805392027,-0.0001104246694012545,1.1806594102381496e-07,3.532592884880614e-08,-1.0,0.20000000298023224,0.0,0.0,0.0,0.10927579551935196,0.01887379214167595,-0.23791256546974182,0.43934252858161926,0.38439106941223145,-0.0023296151775866747,0.1751326620578766,-1.1357858180999756,-0.7615058422088623,-0.5009068250656128,1.9930142164230347,2.2609338760375977,-2.588444948196411,-2.031497001647949,0.03637155517935753,-0.3605465590953827,0.3178187310695648,-1.6133702993392944,-0.12493970990180969,-0.012766053900122643,0.03730468451976776,0.9386987686157227,-0.17896923422813416,0.032085567712783813,0.021696168929338455,-3.1783175468444824,-0.12272683531045914,2.1786253452301025,0.24466127157211304,-0.08417460322380066,-0.37447065114974976,0.8495321273803711,-0.08574562519788742,-0.8101186156272888,1.7549047470092773,-0.9052486419677734,0.9997008442878723,1.523361086845398,0.634084165096283,1.1027235984802246,-1.7455410957336426,-0.5853734612464905,3.680999994277954,0.21660317480564117,-0.13543498516082764,-0.3843056559562683,0.8158590793609619,-0.10460127890110016,-0.816948652267456,1.7773789167404175,-0.9391099214553833,0.9818487167358398,1.5313860177993774,0.6282364130020142,1.0990805625915527,-1.7617923021316528,-0.6011213064193726,0.11351548135280609,-0.02081460691988468,-0.21744006872177124,0.4296386241912842,0.375306636095047,-0.002010340103879571,0.17958056926727295,-1.1433597803115845,-0.7650322914123535,-0.5014505982398987,1.9936606884002686,2.256399631500244,-2.591330051422119,-2.02884578704834,0.10927579551935196,0.01887379214167595,-0.23791256546974182,0.43934252858161926,0.38439106941223145,-0.0023296151775866747,0.1751326620578766,-1.1357858180999756,-0.7615058422088623,-0.5009068250656128,1.9930142164230347,2.2609338760375977,-2.588444948196411,-2.031497001647949,0.03637155517935753,-0.3605465590953827,0.3178187310695648,-1.6133702993392944,-0.12493970990180969,-0.012766053900122643,0.03730468451976776,0.9386987686157227,-0.17896923422813416,0.032085567712783813,0.021696168929338455,-3.1783175468444824,-0.12272683531045914,2.1786253452301025
2.363,0.00013471579586621374,0.00020423930254764855,-0.013310961425304413,-0.00012681414955295622,0.0001673600054346025,-0.00011764016380766407,1.346919731304297e-07,5.2420546126086265e-08,-1.0,0.20000000298023224,0.0,0.0,0.0,0.10845393687486649,0.010229887440800667,-0.23084397614002228,0.43387436866760254,0.3809717297554016,-0.0016216604271903634,0.17730048298835754,-1.140044093132019,-0.7649712562561035,-0.501880407333374,1.991914987564087,2.2491796016693115,-2.5926449298858643,-2.027383804321289,-0.0008813530439510942,-0.4101749360561371,0.31268104910850525,-1.0597519874572754,-0.15319277346134186,-0.006558272521942854,0.13485530018806458,0.21492062509059906,-0.26948368549346924,0.03838469088077545,0.04110973700881004,-1.6524946689605713,-0.15500327944755554,0.5255234837532043,0.21660317480564117,-0.13543498516082764,-0.3843056559562683,0.8158590793609619,-0.10460127890110016,-0.816948652267456,1.7773789167404175,-0.9391099214553833,0.9818487167358398,1.5313860177993774,0.6282364130020142,1.0990805625915527,-1.7617923021316528,-0.6011213064193726,3.6589999198913574,0.2555552124977112,-0.07338190823793411,-0.36095303297042847,0.8308324217796326,-0.08115119487047195,-0.8073667287826538,1.7526423931121826,-0.9138188362121582,1.0185699462890625,1.5242486000061035,0.6117963790893555,1.1061679124832153,-1.7286678552627563,-0.5816952586174011,0.11636790633201599,-0.023989876732230186,-0.21004736423492432,0.4267941415309906,0.374170184135437,-0.0003049449296668172,0.1793087124824524,-1.1456897258758545,-0.7644888758659363,-0.5030556321144104,1.9913082122802734,2.250936508178711,-2.59031081199646,-2.0256261825561523,0.10858872532844543,0.006629126612097025,-0.22824393212795258,0.43263542652130127,0.3797057867050171,-0.0016940365312620997,0.17793302237987518,-1.141806721687317,-0.7661095261573792,-0.5017737746238708,1.9921672344207764,2.247500419616699,-2.5923495292663574,-2.03084659576416,0.017174772918224335,-0.3343363106250763,0.22159093618392944,-1.5276833772659302,-0.10945983976125717,-0.008623674511909485,0.02463487908244133,0.9623141884803772,-0.04243447259068489,0.0005804083775728941,0.01463446207344532,-2.8973684310913086,0.07807588577270508,2.0424883365631104
2.3810000000000002,0.00010290533828083426,0.00030367120052687824,-0.01337270624935627,-0.00012560735922306776,0.0001669359626248479,-0.00011855144111905247,1.1814201883453279e-07,3.291101791091933e-08,-1.0,0.20000000298023224,0.0,0.0,0.0,0.11067574471235275,0.0016483552753925323,-0.2239009141921997,0.4316147565841675,0.37738725543022156,-0.00041092318133451045,0.17768917977809906,-1.1438008546829224,-0.7653437852859497,-0.5035988092422485,1.9897758960723877,2.245187997817993,-2.590536117553711,-2.026930570602417,0.12191453576087952,-0.4286438822746277,0.27873337268829346,-1.6510326862335205,-0.09156179428100586,0.007932687178254128,-0.061757106333971024,0.892468273639679,-0.18068455159664154,0.09864415228366852,-0.0073228878900408745,-3.0585060119628906,-0.09273134917020798,2.586423873901367,0.2555552124977112,-0.07338190823793411,-0.36095303297042847,0.8308324217796326,-0.08115119487047195,-0.8073667287826538,1.7526423931121826,-0.9138188362121582,1.0185699462890625,1.5242486000061035,0.6117963790893555,1.1061679124832153,-1.7286678552627563,-0.5816952586174011,3.6410000324249268,0.20965629816055298,-0.11952447891235352,-0.3770551085472107,0.7845988273620605,-0.10487933456897736,-0.8236413598060608,1.7620311975479126,-0.9365297555923462,0.9929973483085632,1.5461807250976562,0.6028952598571777,1.1056526899337769,-1.7401397228240967,-0.5995910167694092,0.11405995488166809,-0.03114435076713562,-0.20574340224266052,0.419895201921463,0.37088823318481445,-0.0005680919857695699,0.18003009259700775,-1.1498247385025024,-0.7666113376617432,-0.5021464228630066,1.9885361194610596,2.246514320373535,-2.5906426906585693,-2.0248401165008545,0.11067574471235275,0.0016483552753925323,-0.2239009141921997,0.4316147565841675,0.37738725543022156,-0.00041092318133451045,0.17768917977809906,-1.1438008546829224,-0.7653437852859497,-0.5035988092422485,1.9897758960723877,2.245187997817993,-2.590536117553711,-2.026930570602417,0.12191453576087952,-0.4286438822746277,0.27873337268829346,-1.6510326862335205,-0.09156179428100586,0.007932687178254128,-0.061757106333971024,0.892468273639679,-0.18068455159664154,0.09864415228366852,-0.0073228878900408745,-3.0585060119628906,-0.09273134917020798,2.586423873901367
2.402,0.00010290533828083426,0.00030367120052687824,-0.01337270624935627,0.00012843278818763793,-0.0001722836314002052,0.00012708095891866833,-3.6367719502550244e-08,-7.944654356606407e-08,-1.0,0.20000000298023224,0.0,0.0,0.0,0.10916473716497421,-0.006248609162867069,-0.2171947956085205,0.42755305767059326,0.37460246682167053,-0.0006434714887291193,0.17785096168518066,-1.1486680507659912,-0.7670779824256897,-0.5025690793991089,1.9869953393936157,2.240288257598877,-2.592026710510254,-2.0256423950195312,-0.013656471855938435,-0.3272734582424164,0.23155882954597473,1.2802010774612427,-0.11044584214687347,0.0021601966582238674,0.011616189032793045,-1.3580737113952637,-0.1897037774324417,0.014034305699169636,0.0007181826513260603,2.9849300384521484,-0.1204318180680275,-3.1331703662872314,0.20965629816055298,-0.11952447891235352,-0.3770551085472107,0.7845988273620605,-0.10487933456897736,-0.8236413598060608,1.7620311975479126,-0.9365297555923462,0.9929973483085632,1.5461807250976562,0.6028952598571777,1.1056526899337769,-1.7401397228240967,-0.5995910167694092,3.621000051498413,0.2885863780975342,0.1360771209001541,-0.42618870735168457,0.8410799503326416,0.024792861193418503,-0.8181440234184265,1.6650687456130981,-0.8193711042404175,1.1084022521972656,1.5588406324386597,0.5594810247421265,1.1771694421768188,-1.6144810914993286,-0.5468423962593079,0.12010660767555237,-0.011307768523693085,-0.2072135955095291,0.42002415657043457,0.38122987747192383,-0.00022887597151566297,0.17091095447540283,-1.1414169073104858,-0.7567688226699829,-0.5001530647277832,1.9819769859313965,2.2501285076141357,-2.5783424377441406,-2.0189363956451416,0.10916473716497421,-0.006248609162867069,-0.2171947956085205,0.42755305767059326,0.37460246682167053,-0.0006434714887291193,0.17785096168518066,-1.1486680507659912,-0.7670779824256897,-0.5025690793991089,1.9869953393936157,2.240288257598877,-2.592026710510254,-2.0256423950195312,-0.013656471855938435,-0.3272734582424164,0.23155882954597473,1.2802010774612427,-0.11044584214687347,0.0021601966582238674,0.011616189032793045,-1.3580737113952637,-0.1897037774324417,0.014034305699169636,0.0007181826513260603,2.9849300384521484,-0.1204318180680275,-3.1331703662872314
2.421,0.00013031280832365155,0.00023439641518052667,-0.013547996059060097,0.00013200612738728523,-0.00016921137284953147,0.00013190406025387347,-7.633435217258011e-08,-9.917580712226481e-08,-1.0,0.20000000298023224,0.0,0.0,0.0,0.11132693290710449,-0.008962242864072323,-0.21416878700256348,0.42518100142478943,0.3745572865009308,-0.00035568655584938824,0.17523258924484253,-1.1465402841567993,-0.762666642665863,-0.5013059973716736,1.985304355621338,2.237882137298584,-2.582087278366089,-2.029222249984741,0.1716737151145935,0.09735404700040817,0.026778213679790497,1.444249153137207,0.1797974854707718,0.01802523247897625,-0.6256539821624756,-0.452083021402359,0.8045225143432617,0.19027122855186462,-0.23609623312950134,2.7582156658172607,1.49181067943573,-2.214521884918213,0.2885863780975342,0.1360771209001541,-0.42618870735168457,0.8410799503326416,0.024792861193418503,-0.8181440234184265,1.6650687456130981,-0.8193711042404175,1.1084022521972656,1.5588406324386597,0.5594810247421265,1.1771694421768188,-1.6144810914993286,-0.5468423962593079,3.6010000705718994,0.2496330589056015,0.17442798614501953,-0.38770341873168945,0.8291027545928955,0.019575942307710648,-0.8682402968406677,1.723569631576538,-0.8795905113220215,1.1146595478057861,1.6188993453979492,0.5185955762863159,1.2538648843765259,-1.5626423358917236,-0.5598595142364502,0.12104859203100204,0.00839658360928297,-0.20454122126102448,0.4189296066761017,0.38898152112960815,-0.004967130720615387,0.16946573555469513,-1.1407126188278198,-0.7482690811157227,-0.4925525188446045,1.9726412296295166,2.2606892585754395,-2.5633182525634766,-2.015515089035034,0.11132693290710449,-0.008962242864072323,-0.21416878700256348,0.42518100142478943,0.3745572865009308,-0.00035568655584938824,0.17523258924484253,-1.1465402841567993,-0.762666642665863,-0.5013059973716736,1.985304355621338,2.237882137298584,-2.582087278366089,-2.029222249984741,0.1716737151145935,0.09735404700040817,0.026778213679790497,1.444249153137207,0.1797974854707718,0.01802523247897625,-0.6256539821624756,-0.452083021402359,0.8045225143432617,0.19027122855186462,-0.23609623312950134,2.7582156658172607,1.49181067943573,-2.214521884918213
2.442,0.00013031280832365155,0.00023439641518052667,-0.013547996059060097,0.00012759077071677893,-0.00017281214240938425,0.00012032615632051602,-6.916196326756108e-08,-1.0261555161150682e-07,-1.0,0.20000000298023224,0.0,0.0,0.0,0.11357885599136353,-0.005597131792455912,-0.2107590138912201,0.423968642950058,0.37845179438591003,-0.0023876780178397894,0.16757191717624664,-1.140770673751831,-0.7521715760231018,-0.4938764274120331,1.9783108234405518,2.243711233139038,-2.5701913833618164,-2.020933151245117,0.07734227180480957,0.26864296197891235,0.05393417924642563,1.414616584777832,0.237484872341156,-0.03715844079852104,-0.19992737472057343,-0.9534733891487122,0.5793812274932861,0.20005479454994202,-0.337785005569458,3.5530831813812256,0.6910366415977478,-2.013791084289551,0.2496330589056015,0.17442798614501953,-0.38770341873168945,0.8291027545928955,0.019575942307710648,-0.8682402968406677,1.723569631576538,-0.8795905113220215,1.1146595478057861,1.6188993453979492,0.5185955762863159,1.2538648843765259,-1.5626423358917236,-0.5598595142364502,3.5799999237060547,0.21970680356025696,0.21702294051647186,-0.4220634698867798,0.8022111654281616,0.05240904912352562,-0.908689558506012,1.6943297386169434,-0.8406256437301636,1.0887728929519653,1.6775223016738892,0.5051398277282715,1.2666631937026978,-1.5368233919143677,-0.5414627194404602,0.11880955845117569,0.028419561684131622,-0.20583932101726532,0.4153648018836975,0.3984661102294922,-0.012802660465240479,0.16538557410240173,-1.1362526416778564,-0.7440580129623413,-0.4806097745895386,1.9638268947601318,2.2704176902770996,-2.5487170219421387,-2.0109384059906006,0.11413422971963882,-0.0033713956363499165,-0.21029362082481384,0.4232904016971588,0.3803809881210327,-0.0028162202797830105,0.16670869290828705,-1.1398297548294067,-0.749476969242096,-0.4931141138076782,1.9756231307983398,2.2493174076080322,-2.566852569580078,-2.0166635513305664,0.04651131480932236,0.20421093702316284,0.05314382165670395,1.4541652202606201,0.16538511216640472,-0.041857846081256866,-0.031245561316609383,-0.9783298969268799,0.12340612709522247,0.01996801421046257,-0.21466651558876038,3.201381206512451,0.16675308346748352,-1.865626335144043
2.461,0.0001561417884659022,0.00015949436055961996,-0.013718263246119022,-0.00012675677135121077,0.00016480535850860178,-0.00011562327563297004,8.70941860853236e-08,2.9033653703436357e-08,-1.0,0.20000000298023224,0.0,0.0,0.0,0.11244635283946991,0.001340423128567636,-0.21034859120845795,0.4200550615787506,0.38368839025497437,-0.006227748468518257,0.1644078493118286,-1.1354867219924927,-0.7470840811729431,-0.4827434718608856,1.9710246324539185,2.257761001586914,-2.5542078018188477,-2.017514228820801,-0.024229442700743675,0.46390995383262634,-0.05493869259953499,-1.6544864177703857,0.3013136386871338,-0.10555090755224228,-0.35643503069877625,1.28225576877594,0.4238487780094147,0.36569544672966003,-0.4369458854198456,-1.9017215967178345,1.2378523349761963,3.4239389896392822,0.21970680356025696,0.21702294051647186,-0.4220634698867798,0.8022111654281616,0.05240904912352562,-0.908689558506012,1.6943297386169434,-0.8406256437301636,1.0887728929519653,1.6775223016738892,0.5051398277282715,1.2666631937026978,-1.5368233919143677,-0.5414627194404602,3.561000108718872,0.1038435772061348,-0.021254729479551315,-0.33969640731811523,0.7032009363174438,-0.05341735854744911,-0.9632238745689392,1.7845264673233032,-0.9865599274635315,0.9462223649024963,1.7376296520233154,0.546845555305481,1.1867555379867554,-1.6134382486343384,-0.561966061592102,0.10543200373649597,0.020610176026821136,-0.1986411064863205,0.40261194109916687,0.39547115564346313,-0.024524517357349396,0.171141117811203,-1.147278070449829,-0.7549442052841187,-0.46504488587379456,1.9609460830688477,2.270209789276123,-2.5446972846984863,-2.0093274116516113,0.1127355545759201,0.005247711203992367,-0.21044497191905975,0.4191819131374359,0.38632962107658386,-0.0073392027989029884,0.1626439392566681,-1.1339633464813232,-0.7451115846633911,-0.4813465476036072,1.967697024345398,2.265277624130249,-2.550506114959717,-2.008887529373169,0.036644477397203445,0.35905924439430237,0.007775759790092707,-1.6166987419128418,0.23640519380569458,-0.10965745151042938,-0.07781472057104111,1.177024006843567,0.09658408910036087,0.042439062148332596,-0.26548779010772705,-2.167084217071533,0.010163413360714912,2.8535687923431396
2.48,0.0001561417884659022,0.00015949436055961996,-0.013718263246119022,-0.00012856499233748764,0.00016986884293146431,-0.00011921521945623681,9.81501742103319e-08,5.1331717543234845e-08,-1.0,0.20000000298023224,0.0,0.0,0.0,0.11037559807300568,0.0063097202219069,-0.20805789530277252,0.41676047444343567,0.3872557580471039,-0.011657831259071827,0.1661696583032608,-1.1394625902175903,-0.7524346113204956,-0.46787068247795105,1.9618232250213623,2.2685348987579346,-2.5505900382995605,-1.9990111589431763,-0.15650999546051025,0.18805579841136932,0.14510506391525269,-1.939500331878662,0.09967640042304993,-0.2165723294019699,0.2614392638206482,0.5692384243011475,-0.6489371657371521,0.5994396805763245,-0.12014942616224289,-2.684554100036621,0.10958883166313171,2.2981667518615723,0.1038435772061348,-0.021254729479551315,-0.33969640731811523,0.7032009363174438,-0.05341735854744911,-0.9632238745689392,1.7845264673233032,-0.9865599274635315,0.9462223649024963,1.7376296520233154,0.546845555305481,1.1867555379867554,-1.6134382486343384,-0.561966061592102,3.5409998893737793,0.13105008006095886,-0.09575454145669937,-0.35029536485671997,0.7369175553321838,-0.0721496194601059,-0.9249745607376099,1.765687108039856,-0.9407047033309937,0.8957300782203674,1.7042003870010376,0.5822862386703491,1.0875099897384644,-1.6474730968475342,-0.520256757736206,0.0974506065249443,0.006912685930728912,-0.19394242763519287,0.3957813084125519,0.3912019729614258,-0.030077069997787476,0.17386162281036377,-1.1515129804611206,-0.7687023878097534,-0.45593589544296265,1.9621856212615967,2.2601187229156494,-2.5448851585388184,-2.0038676261901855,0.11037559807300568,0.0063097202219069,-0.20805789530277252,0.41676047444343567,0.3872557580471039,-0.011657831259071827,0.1661696583032608,-1.1394625902175903,-0.7524346113204956,-0.46787068247795105,1.9618232250213623,2.2685348987579346,-2.5505900382995605,-1.9990111589431763,-0.15650999546051025,0.18805579841136932,0.14510506391525269,-1.939500331878662,0.09967640042304993,-0.2165723294019699,0.2614392638206482,0.5692384243011475,-0.6489371657371521,0.5994396805763245,-0.12014942616224289,-2.684554100036621,0.10958883166313171,2.2981667518615723
2.501,0.00012592489656526595,0.00025637258659116924,-0.013780268840491772,0.00012617241009138525,-0.00017181798466481268,0.00011951573833357543,1.097694308782593e-07,5.186153728686804e-08,-1.0,0.20000000298023224,0.0,0.0,0.0,0.10603229701519012,0.007931930013000965,-0.20375323295593262,0.4108721911907196,0.38941794633865356,-0.018316639587283134,0.1702214777469635,-1.1478043794631958,-0.7649548053741455,-0.4578341543674469,1.9612921476364136,2.2656192779541016,-2.547926425933838,-2.0009851455688477,-0.22728374600410461,-0.03815258666872978,0.2684282958507538,-2.0090558528900146,-0.04522167891263962,-0.22384057939052582,0.33108440041542053,0.8112003207206726,-0.817922055721283,0.22251784801483154,0.04104527831077576,-3.4292664527893066,-0.03975028172135353,2.4126644134521484,0.13105008006095886,-0.09575454145669937,-0.35029536485671997,0.7369175553321838,-0.0721496194601059,-0.9249745607376099,1.765687108039856,-0.9407047033309937,0.8957300782203674,1.7042003870010376,0.5822862386703491,1.0875099897384644,-1.6474730968475342,-0.520256757736206,3.5209999084472656,0.16113989055156708,-0.14366057515144348,-0.34425783157348633,0.7448285818099976,-0.08525868505239487,-0.8942145705223083,1.7758387327194214,-0.953230082988739,0.8989672064781189,1.6629910469055176,0.5978167057037354,1.0476629734039307,-1.6782023906707764,-0.5206403136253357,0.09407447278499603,-0.008835908956825733,-0.18957972526550293,0.3911079168319702,0.38647571206092834,-0.03144311159849167,0.17705318331718445,-1.1561534404754639,-0.7793852090835571,-0.45276960730552673,1.9647302627563477,2.248061180114746,-2.5481085777282715,-1.9995381832122803,0.10603229701519012,0.007931930013000965,-0.20375323295593262,0.4108721911907196,0.38941794633865356,-0.018316639587283134,0.1702214777469635,-1.1478043794631958,-0.7649548053741455,-0.4578341543674469,1.9612921476364136,2.2656192779541016,-2.547926425933838,-2.0009851455688477,-0.22728374600410461,-0.03815258666872978,0.2684282958507538,-2.0090558528900146,-0.04522167891263962,-0.22384057939052582,0.33108440041542053,0.8112003207206726,-0.817922055721283,0.22251784801483154,0.04104527831077576,-3.4292664527893066,-0.03975028172135353,2.4126644134521484
2.52,0.00012592489656526595,0.00025637258659116924,-0.013780268840491772,-0.000124916696222499,0.0001621247356524691,-0.00012656929902732372,1.2534741244962788e-07,6.517901596225784e-08,-1.0,0.20000000298023224,0.0,0.0,0.0,0.10088485479354858,0.005371243227273226,-0.1985129565000534,0.400857537984848,0.38800108432769775,-0.023644601926207542,0.1748131513595581,-1.1536095142364502,-0.7774079442024231,-0.45421740412712097,1.9632980823516846,2.2478888034820557,-2.5491278171539307,-1.9985368251800537,-0.17384909093379974,-0.17730502784252167,0.237345889210701,-1.3319450616836548,-0.09318161755800247,-0.16150981187820435,0.2631989121437073,0.3248934745788574,-0.5907860398292542,0.010305901989340782,0.06889873743057251,-2.1820249557495117,-0.030967680737376213,0.6439416408538818,0.16113989055156708,-0.14366057515144348,-0.34425783157348633,0.7448285818099976,-0.08525868505239487,-0.8942145705223083,1.7758387327194214,-0.953230082988739,0.8989672064781189,1.6629910469055176,0.5978167057037354,1.0476629734039307,-1.6782023906707764,-0.5206403136253357,3.500999927520752,0.22299067676067352,-0.10112859308719635,-0.3050462007522583,0.7759395241737366,-0.07155709713697433,-0.8658040761947632,1.778102993965149,-0.9536134600639343,0.9516091346740723,1.6236897706985474,0.5839847326278687,1.0373330116271973,-1.6636496782302856,-0.5017083287239075,0.0975586473941803,-0.01718158647418022,-0.1821683943271637,0.39048027992248535,0.3840648829936981,-0.029694898054003716,0.17983286082744598,-1.1599041223526,-0.7826672792434692,-0.4541667103767395,1.965382695198059,2.237382173538208,-2.549232006072998,-1.9941813945770264,0.10088485479354858,0.005371243227273226,-0.1985129565000534,0.400857537984848,0.38800108432769775,-0.023644601926207542,0.1748131513595581,-1.1536095142364502,-0.7774079442024231,-0.45421740412712097,1.9632980823516846,2.2478888034820557,-2.5491278171539307,-1.9985368251800537,-0.17384909093379974,-0.17730502784252167,0.237345889210701,-1.3319450616836548,-0.09318161755800247,-0.16150981187820435,0.2631989121437073,0.3248934745788574,-0.5907860398292542,0.010305901989340782,0.06889873743057251,-2.1820249557495117,-0.030967680737376213,0.6439416408538818
2.54,0.00010814103006850928,0.0002986994222737849,-0.013864840380847454,0.0001259937125723809,-0.00016865084762685,0.00013285470777191222,-5.5249834929327335e-08,-7.607341245829957e-08,-1.0,0.20000000298023224,0.0,0.0,0.0,0.10048168152570724,0.00015042001905385405,-0.19315586984157562,0.39818817377090454,0.38570520281791687,-0.024864522740244865,0.17785508930683136,-1.1595467329025269,-0.7827938795089722,-0.455354779958725,1.9638924598693848,2.237058162689209,-2.5501856803894043,-1.9980558156967163,-0.07193417102098465,-0.21302025020122528,0.2664620280265808,1.3166013956069946,-0.06800976395606995,-0.09268143773078918,0.15401418507099152,-1.2049349546432495,-0.23594677448272705,0.07474517077207565,0.046408556401729584,2.353736639022827,-0.048187416046857834,-2.651865243911743,0.22299067676067352,-0.10112859308719635,-0.3050462007522583,0.7759395241737366,-0.07155709713697433,-0.8658040761947632,1.778102993965149,-0.9536134600639343,0.9516091346740723,1.6236897706985474,0.5839847326278687,1.0373330116271973,-1.6636496782302856,-0.5017083287239075,3.4809999465942383,0.28577786684036255,0.08818131685256958,-0.36239123344421387,0.8260244131088257,0.028022121638059616,-0.8500603437423706,1.7285842895507812,-0.8613694906234741,1.0681332349777222,1.6209406852722168,0.5272439122200012,1.1018601655960083,-1.560805320739746,-0.4666210114955902,0.10662470757961273,-0.004927137866616249,-0.18197384476661682,0.39498665928840637,0.39209410548210144,-0.026721954345703125,0.17710472643375397,-1.1536802053451538,-0.773640513420105,-0.45555931329727173,1.9602305889129639,2.2352917194366455,-2.539846181869507,-1.9863872528076172,0.10048168152570724,0.00015042001905385405,-0.19315586984157562,0.39818817377090454,0.38570520281791687,-0.024864522740244865,0.17785508930683136,-1.1595467329025269,-0.7827938795089722,-0.455354779958725,1.9638924598693848,2.237058162689209,-2.5501856803894043,-1.9980558156967163,-0.07193417102098465,-0.21302025020122528,0.2664620280265808,1.3166013956069946,-0.06800976395606995,-0.09268143773078918,0.15401418507099152,-1.2049349546432495,-0.23594677448272705,0.07474517077207565,0.046408556401729584,2.353736639022827,-0.048187416046857834,-2.651865243911743
2.561,0.00010814103006850928,0.0002986994222737849,-0.013864840380847454,-0.00012956313730683178,0.0001727718918118626,-0.00013519443746190518,-9.063120387509116e-08,-1.1024085466715405e-07,-1.0,0.20000000298023224,0.0,0.0,0.0,0.10138662159442902,-0.00048008139128796756,-0.1890837699174881,0.39987117052078247,0.386688232421875,-0.024961933493614197,0.17614038288593292,-1.155755639076233,-0.7772594690322876,-0.4563869535923004,1.9613289833068848,2.2324106693267822,-2.5408830642700195,-1.9971753358840942,0.04831628128886223,0.009613700211048126,0.07837299257516861,1.474353551864624,0.1258726567029953,-0.03160805627703667,-0.20209653675556183,-0.6186921000480652,0.48135319352149963,0.04232798516750336,-0.1375470757484436,2.584500789642334,0.323140025138855,-1.3813722133636475,0.28577786684036255,0.08818131685256958,-0.36239123344421387,0.8260244131088257,0.028022121638059616,-0.8500603437423706,1.7285842895507812,-0.8613694906234741,1.0681332349777222,1.6209406852722168,0.5272439122200012,1.1018601655960083,-1.560805320739746,-0.4666210114955902,3.4609999656677246,0.2719689607620239,0.1256333291530609,-0.36060845851898193,0.8061490654945374,0.04941755160689354,-0.8932327032089233,1.7598313093185425,-0.8905785083770752,1.0804147720336914,1.668159008026123,0.485394686460495,1.1804898977279663,-1.5297472476959229,-0.49205997586250305,0.11249666661024094,0.008621621876955032,-0.18163993954658508,0.3966042399406433,0.400657057762146,-0.028660833835601807,0.17804692685604095,-1.1516220569610596,-0.7651909589767456,-0.4519515633583069,1.9519239664077759,2.2414822578430176,-2.5292317867279053,-1.9826958179473877,0.10165799409151077,-0.0006078348378650844,-0.18832111358642578,0.3996320962905884,0.387651652097702,-0.025278326123952866,0.17496825754642487,-1.1531107425689697,-0.7750051021575928,-0.4562150835990906,1.9602447748184204,2.2303478717803955,-2.540767192840576,-1.9887059926986694,0.019833894446492195,-0.01612652838230133,0.07613301277160645,1.4523847103118896,0.07892938703298569,-0.02839021570980549,-0.06945810467004776,-0.893667995929718,0.10506053268909454,0.003702337620779872,-0.08702301234006882,2.5735747814178467,-0.09822169691324234,-1.6858491897583008
2.581,0.00012295405031181872,0.0002591800002846867,-0.014004366472363472,0.0001297638809774071,-0.00016814784612506628,0.00013554868928622454,-1.0167273245542674e-07,-9.283037627483282e-08,-1.0,0.20000000298023224,0.0,0.0,0.0,0.10376841574907303,0.0012849094346165657,-0.18710879981517792,0.4008646607398987,0.38943737745285034,-0.02689109370112419,0.17551741003990173,-1.1513289213180542,-0.7707487940788269,-0.4534858465194702,1.9565004110336304,2.2298710346221924,-2.5367588996887207,-1.9866876602172852,0.16974125802516937,0.29818016290664673,0.027458075433969498,1.506410002708435,0.26801836490631104,-0.02937331609427929,0.0292560663074255,-0.7131218910217285,0.8558846116065979,0.1564527004957199,-0.2690485417842865,2.721590518951416,0.7900406122207642,-2.1539039611816406,0.2719689607620239,0.1256333291530609,-0.36060845851898193,0.8061490654945374,0.04941755160689354,-0.8932327032089233,1.7598313093185425,-0.8905785083770752,1.0804147720336914,1.668159008026123,0.485394686460495,1.1804898977279663,-1.5297472476959229,-0.49205997586250305,3.440999984741211,0.2248779535293579,0.15920254588127136,-0.3499809503555298,0.7898051738739014,0.05463297292590141,-0.9209522604942322,1.744154930114746,-0.8813785910606384,1.060098648071289,1.7112171649932861,0.48056578636169434,1.1687315702438354,-1.5049986839294434,-0.46241530776023865,0.1124851331114769,0.022817552089691162,-0.18031004071235657,0.39626389741897583,0.4080289602279663,-0.032983895391225815,0.1772330403327942,-1.1490554809570312,-0.7604628801345825,-0.4447595477104187,1.9447957277297974,2.2452590465545654,-2.51826548576355,-1.976778268814087,0.10460194200277328,0.00285403523594141,-0.18664835393428802,0.40086567401885986,0.3915736675262451,-0.027181632816791534,0.17573516070842743,-1.1502246856689453,-0.7667744159698486,-0.4528566300868988,1.9544053077697754,2.2306149005889893,-2.531787157058716,-1.983885645866394,0.0619318000972271,0.12308700382709503,0.05314454808831215,1.4353479146957397,0.17864423990249634,-0.027939576655626297,0.015459376387298107,-1.005493402481079,0.18153811991214752,0.025623762980103493,-0.1688288301229477,2.789578437805176,0.28482311964035034,-2.0098068714141846
2.6,0.00012295405031181872,0.0002591800002846867,-0.014004366472363472,-0.00013113311433698982,0.00017014384502545,-0.00013421825133264065,8.802511786143441e-08,3.734520248599438e-08,-1.0,0.20000000298023224,0.0,0.0,0.0,0.10509728640317917,0.006728720851242542,-0.18467101454734802,0.3990802466869354,0.3948672413825989,-0.0294929351657629,0.17524990439414978,-1.147640585899353,-0.7630574107170105,-0.4464273750782013,1.9497238397598267,2.2354912757873535,-2.5224127769470215,-1.9827368259429932,0.05927642434835434,0.3008494973182678,0.036203861236572266,-1.5487772226333618,0.2763536274433136,-0.05860384181141853,-0.05465599149465561,1.1746045351028442,0.37234383821487427,0.19139893352985382,-0.27029675245285034,-2.1469204425811768,0.6218951344490051,3.128251314163208,0.2248779535293579,0.15920254588127136,-0.3499809503555298,0.7898051738739014,0.05463297292590141,-0.9209522604942322,1.744154930114746,-0.8813785910606384,1.060098648071289,1.7112171649932861,0.48056578636169434,1.1687315702438354,-1.5049986839294434,-0.46241530776023865,3.4210000038146973,0.13668543100357056,-0.07118391245603561,-0.2814915180206299,0.6882258653640747,-0.04738035053014755,-0.953532874584198,1.80336332321167,-1.003744125366211,0.9260176420211792,1.7455990314483643,0.5222612619400024,1.0960534811019897,-1.5909392833709717,-0.49304285645484924,0.10365664958953857,0.011135650798678398,-0.1723971962928772,0.3858337104320526,0.40372514724731445,-0.039700403809547424,0.18250277638435364,-1.1592388153076172,-0.7700885534286499,-0.4355677366256714,1.9432626962661743,2.2410125732421875,-2.5180864334106445,-1.975106954574585,0.10509728640317917,0.006728720851242542,-0.18467101454734802,0.3990802466869354,0.3948672413825989,-0.0294929351657629,0.17524990439414978,-1.147640585899353,-0.7630574107170105,-0.4464273750782013,1.9497238397598267,2.2354912757873535,-2.5224127769470215,-1.9827368259429932,0.05927642434835434,0.3008494973182678,0.036203861236572266,-1.5487772226333618,0.2763536274433136,-0.05860384181141853,-0.05465599149465561,1.1746045351028442,0.37234383821487427,0.19139893352985382,-0.27029675245285034,-2.1469204425811768,0.6218951344490051,3.128251314163208
2.621,9.009314089780673e-05,0.0003224636020604521,-0.014071631245315075,-0.00012936026905663311,0.00017440725059714168,-0.0001326175406575203,1.0272930239807465e-07,5.8715919237783964e-08,-1.0,0.20000000298023224,0.0,0.0,0.0,0.10364998131990433,0.009005201980471611,-0.1822996586561203,0.39470601081848145,0.39786529541015625,-0.032859690487384796,0.1778641641139984,-1.1504004001617432,-0.7663097381591797,-0.4382602572441101,1.9436092376708984,2.242041826248169,-2.521644115447998,-1.9679479598999023,-0.08983312547206879,0.0016957147745415568,0.18268676102161407,-1.7731781005859375,0.034661151468753815,-0.10643471032381058,0.33830782771110535,0.39325422048568726,-0.8534322381019592,0.4417934715747833,-0.07199064642190933,-2.4460158348083496,-0.30592915415763855,2.5104923248291016,0.13668543100357056,-0.07118391245603561,-0.2814915180206299,0.6882258653640747,-0.04738035053014755,-0.953532874584198,1.80336332321167,-1.003744125366211,0.9260176420211792,1.7455990314483643,0.5222612619400024,1.0960534811019897,-1.5909392833709717,-0.49304285645484924,3.4010000228881836,0.16483575105667114,-0.12207026779651642,-0.30307966470718384,0.7093939781188965,-0.05888669565320015,-0.9293459057807922,1.7623002529144287,-0.9536135792732239,0.8891730308532715,1.7168192863464355,0.5480465888977051,1.0310158729553223,-1.613094449043274,-0.4625803530216217,0.09940889477729797,-0.0032985061407089233,-0.1682257205247879,0.37960636615753174,0.3991314768791199,-0.042654916644096375,0.18261225521564484,-1.162372350692749,-0.7814735770225525,-0.4310922920703888,1.9446147680282593,2.231111526489258,-2.520158529281616,-1.9707236289978027,0.10310298204421997,0.009545025415718555,-0.18053202331066132,0.39255043864250183,0.39853742718696594,-0.033992256969213486,0.17984065413475037,-1.154663324356079,-0.7700086832046509,-0.43647822737693787,1.943127155303955,2.243608236312866,-2.5206167697906494,-1.9703946113586426,-0.04251924529671669,0.06178294122219086,0.15366940200328827,-1.7205239534378052,0.07793419808149338,-0.11278818547725677,0.12493660300970078,0.8070113062858582,-0.146103635430336,0.06087932363152504,-0.03930400311946869,-2.844050645828247,0.22080527245998383,2.0267884731292725
2.64,9.009314089780673e-05,0.0003224636020604521,-0.014071631245315075,0.0001231883215950802,-0.0001693227095529437,0.00012934152618981898,-5.388043788912e-08,-8.12783227388536e-08,-1.0,0.20000000298023224,0.0,0.0,0.0,0.1005716547369957,0.007677593268454075,-0.17738676071166992,0.3913768529891968,0.3979293704032898,-0.036472100764513016,0.18015515804290771,-1.1597970724105835,-0.7787206768989563,-0.4327288568019867,1.9439568519592285,2.2369914054870605,-2.5208053588867188,-1.9667911529541016,-0.11368618905544281,-0.16952255368232727,0.23670609295368195,1.2463958263397217,-0.050257645547389984,-0.11423298716545105,0.11140699684619904,-1.3327033519744873,-0.7224026322364807,0.1601179838180542,0.009746831841766834,2.1432225704193115,-0.0968969464302063,-3.0598299503326416,0.16483575105667114,-0.12207026779651642,-0.30307966470718384,0.7093939781188965,-0.05888669565320015,-0.9293459057807922,1.7623002529144287,-0.9536135792732239,0.8891730308532715,1.7168192863464355,0.5480465888977051,1.0310158729553223,-1.613094449043274,-0.4625803530216217,3.38100004196167,0.2556558847427368,0.08774517476558685,-0.34190183877944946,0.7813150882720947,0.044428084045648575,-0.9084972739219666,1.7173142433166504,-0.8596829771995544,1.0099718570709229,1.6972342729568481,0.498860627412796,1.0564731359481812,-1.5122414827346802,-0.40016886591911316,0.10509270429611206,0.006135713309049606,-0.16877076029777527,0.3818166255950928,0.40578800439834595,-0.04293366149067879,0.17820124328136444,-1.1554862260818481,-0.7785016894340515,-0.429470419883728,1.9407778978347778,2.225736618041992,-2.511730909347534,-1.9609758853912354,0.1005716547369957,0.007677593268454075,-0.17738676071166992,0.3913768529891968,0.3979293704032898,-0.036472100764513016,0.18015515804290771,-1.1597970724105835,-0.7787206768989563,-0.4327288568019867,1.9439568519592285,2.2369914054870605,-2.5208053588867188,-1.9667911529541016,-0.11368618905544281,-0.16952255368232727,0.23670609295368195,1.2463958263397217,-0.050257645547389984,-0.11423298716545105,0.11140699684619904,-1.3327033519744873,-0.7224026322364807,0.1601179838180542,0.009746831841766834,2.1432225704193115,-0.0968969464302063,-3.0598299503326416
2.664,0.00011688429367495701,0.0002665831125341356,-0.01421545073390007,-0.00013098411727696657,0.0001748553040670231,-0.00014187837950885296,1.0138418105043456e-07,2.6638698358283364e-08,-1.0,0.20000000298023224,0.0,0.0,0.0,0.10157915949821472,0.008293012157082558,-0.17473958432674408,0.38904720544815063,0.3996087312698364,-0.0387798435986042,0.17724338173866272,-1.15696382522583,-0.780616283416748,-0.4305528402328491,1.9413089752197266,2.2200958728790283,-2.511880397796631,-1.9695087671279907,0.025218091905117035,0.04104643687605858,0.022459562867879868,-0.8802608847618103,0.12364210188388824,-0.08238698542118073,-0.29685261845588684,0.897359311580658,0.21105560660362244,0.04123648256063461,-0.1410190314054489,-1.6587610244750977,0.2237383872270584,1.0825403928756714,0.2556558847427368,0.08774517476558685,-0.34190183877944946,0.7813150882720947,0.044428084045648575,-0.9084972739219666,1.7173142433166504,-0.8596829771995544,1.0099718570709229,1.6972342729568481,0.498860627412796,1.0564731359481812,-1.5122414827346802,-0.40016886591911316,3.3610000610351562,0.21066085994243622,-0.06484653800725937,-0.24409301578998566,0.7128173112869263,-0.034599415957927704,-0.934937059879303,1.81806218624115,-1.0156258344650269,0.9464569091796875,1.7145066261291504,0.5097398161888123,1.0398496389389038,-1.5798689126968384,-0.44998207688331604,0.10514024645090103,-0.0015760832466185093,-0.15942591428756714,0.37673503160476685,0.40321046113967896,-0.04580063745379448,0.18474723398685455,-1.1655715703964233,-0.7824757099151611,-0.42644569277763367,1.9387962818145752,2.2197742462158203,-2.511751651763916,-1.9581589698791504,0.10162024945020676,0.008451888337731361,-0.17436769604682922,0.3876417875289917,0.40063750743865967,-0.03953220695257187,0.1756216436624527,-1.1547479629516602,-0.779544472694397,-0.4303739070892334,1.9402523040771484,2.2185051441192627,-2.512972831726074,-1.9648038148880005,0.0011479260865598917,0.010152362287044525,0.04152980074286461,-1.541191577911377,0.09110648185014725,-0.07068752497434616,-0.08410391956567764,1.1858848333358765,0.05309576541185379,0.010674914345145226,-0.08140429109334946,-2.9014317989349365,-0.1907728910446167,2.89542293548584
2.68,0.00011688429367495701,0.0002665831125341356,-0.01421545073390007,7.602314144605771e-05,-8.802196680335328e-05,8.485207945341244e-05,8.684444452455864e-08,4.5294850536947706e-08,-1.0,0.20000000298023224,0.0,0.0,0.0,0.10171601176261902,0.0067146955989301205,-0.17204800248146057,0.38330668210983276,0.4003509283065796,-0.04172058403491974,0.17814448475837708,-1.156115174293518,-0.7807815670967102,-0.42729029059410095,1.9364413022994995,2.2105355262756348,-2.51589035987854,-1.9519190788269043,-0.012286940589547157,-0.25061851739883423,0.20903439819812775,-0.3508637547492981,0.021207360550761223,-0.114515520632267,0.38124677538871765,-0.7952567934989929,-0.5679248571395874,-0.011522610671818256,-0.003130753058940172,-0.3251156806945801,-0.5797308683395386,0.35101398825645447,0.21066085994243622,-0.06484653800725937,-0.24409301578998566,0.7128173112869263,-0.034599415957927704,-0.934937059879303,1.81806218624115,-1.0156258344650269,0.9464569091796875,1.7145066261291504,0.5097398161888123,1.0398496389389038,-1.5798689126968384,-0.44998207688331604,3.3410000801086426,0.2390700727701187,-0.032703664153814316,-0.2722204923629761,0.7456480860710144,-0.028999343514442444,-0.9026642441749573,1.7451345920562744,-0.9082480072975159,0.9633412957191467,1.6891707181930542,0.5042693018913269,1.0179919004440308,-1.5636162757873535,-0.41697558760643005,0.10801920294761658,-0.0045312331058084965,-0.15476278960704803,0.3759528398513794,0.4017084538936615,-0.044866934418678284,0.18269126117229462,-1.1629021167755127,-0.7839664220809937,-0.4265595078468323,1.9366639852523804,2.2128186225891113,-2.5101430416107178,-1.9526047706604004,0.10171601176261902,0.0067146955989301205,-0.17204800248146057,0.38330668210983276,0.4003509283065796,-0.04172058403491974,0.17814448475837708,-1.156115174293518,-0.7807815670967102,-0.42729029059410095,1.9364413022994995,2.2105355262756348,-2.51589035987854,-1.9519190788269043,-0.012286940589547157,-0.25061851739883423,0.20903439819812775,-0.3508637547492981,0.021207360550761223,-0.114515520632267,0.38124677538871765,-0.7952567934989929,-0.5679248571395874,-0.011522610671818256,-0.003130753058940172,-0.3251156806945801,-0.5797308683395386,0.35101398825645447
2.7,4.33088862337172e-05,0.0003274623886682093,-0.014324185438454151,-0.00012895757390651852,0.0001695211249170825,-0.00014450530579779297,1.0271555339613769e-07,3.5713448198748665e-08,-1.0,0.20000000298023224,0.0,0.0,0.0,0.10374259203672409,0.0032002078369259834,-0.16547708213329315,0.3793576657772064,0.39935868978500366,-0.04218529164791107,0.18061068654060364,-1.160913109779358,-0.7840460538864136,-0.42770659923553467,1.9350249767303467,2.20859694480896,-2.5108084678649902,-1.9570155143737793,0.026485512033104897,-0.11382117867469788,0.2150915265083313,-1.522293210029602,0.012096485123038292,-0.04891381785273552,-0.030061641708016396,1.0586683750152588,-0.2494715303182602,0.11073338240385056,0.007564713712781668,-2.922929525375366,0.10459856688976288,2.7240149974823,0.2390700727701187,-0.032703664153814316,-0.2722204923629761,0.7456480860710144,-0.028999343514442444,-0.9026642441749573,1.7451345920562744,-0.9082480072975159,0.9633412957191467,1.6891707181930542,0.5042693018913269,1.0179919004440308,-1.5636162757873535,-0.41697558760643005,3.321000099182129,0.18506188690662384,-0.1427965611219406,-0.24910615384578705,0.6892478466033936,-0.06755673885345459,-0.9143452644348145,1.7969695329666138,-1.0110840797424316,0.9152625799179077,1.6975393295288086,0.5253427028656006,0.9931010007858276,-1.611930251121521,-0.45338505506515503,0.10492155700922012,-0.01790464296936989,-0.148720845580101,0.3696870505809784,0.39665108919143677,-0.045288074761629105,0.18622997403144836,-1.1710500717163086,-0.789966881275177,-0.4258136749267578,1.9370654821395874,2.2047650814056396,-2.5136876106262207,-1.951802372932434,0.10374259203672409,0.0032002078369259834,-0.16547708213329315,0.3793576657772064,0.39935868978500366,-0.04218529164791107,0.18061068654060364,-1.160913109779358,-0.7840460538864136,-0.42770659923553467,1.9350249767303467,2.20859694480896,-2.5108084678649902,-1.9570155143737793,0.026485512033104897,-0.11382117867469788,0.2150915265083313,-1.522293210029602,0.012096485123038292,-0.04891381785273552,-0.030061641708016396,1.0586683750152588,-0.2494715303182602,0.11073338240385056,0.007564713712781668,-2.922929525375366,0.10459856688976288,2.7240149974823
2.721,4.33088862337172e-05,0.0003274623886682093,-0.014324185438454151,0.0001309548388235271,-0.00017624090833123773,0.00014961461420170963,-5.7997766589323874e-08,-7.207464136627095e-08,-1.0,0.20000000298023224,0.0,0.0,0.0,0.10182322561740875,-0.0005955819506198168,-0.160457044839859,0.37746259570121765,0.3988901376724243,-0.043473634868860245,0.182587131857872,-1.1672359704971313,-0.788896918296814,-0.42661869525909424,1.9348509311676025,2.2074851989746094,-2.515679359436035,-1.9497779607772827,-0.051515888422727585,-0.23456962406635284,0.29054513573646545,0.6655907034873962,-0.09078971296548843,-0.03756282478570938,0.3069755733013153,-1.1464275121688843,-0.3595905601978302,0.0012359534157440066,0.07279766350984573,1.6988285779953003,-0.43352460861206055,-1.6657710075378418,0.18506188690662384,-0.1427965611219406,-0.24910615384578705,0.6892478466033936,-0.06755673885345459,-0.9143452644348145,1.7969695329666138,-1.0110840797424316,0.9152625799179077,1.6975393295288086,0.5253427028656006,0.9931010007858276,-1.611930251121521,-0.45338505506515503,3.3010001182556152,0.2610688805580139,0.04119311645627022,-0.27227771282196045,0.7641483545303345,0.031251657754182816,-0.8962060213088989,1.723623514175415,-0.886044979095459,1.0035818815231323,1.6922205686569214,0.48197141289711,1.030038595199585,-1.5124675035476685,-0.3934060037136078,0.11004413664340973,-0.010204402729868889,-0.14620444178581238,0.3721644878387451,0.40248605608940125,-0.04381106048822403,0.181726336479187,-1.1650645732879639,-0.7859353423118591,-0.42574888467788696,1.9330496788024902,2.2020158767700195,-2.5065767765045166,-1.9451625347137451,0.10168316960334778,-0.00246441550552845,-0.15815237164497375,0.37603288888931274,0.3982190787792206,-0.04380742087960243,0.18429213762283325,-1.169620156288147,-0.790515124797821,-0.4265731871128082,1.935336947441101,2.2052366733551025,-2.5153722763061523,-1.9523789882659912,-0.0075233858078718185,-0.16904044151306152,0.19750557839870453,1.3174163103103638,-0.055155422538518906,-0.028806550428271294,0.08882617950439453,-1.1394202709197998,-0.06633985042572021,0.0023613804951310158,0.03494463115930557,2.2841153144836426,0.17860004305839539,-2.4031636714935303
2.74,6.271153688430786e-05,0.000290535157546401,-0.014449680224061012,-0.00013068488624412566,0.00017281936015933752,-0.00015115774294827133,9.12388600227132e-08,2.0580632309474822e-08,-1.0,0.20000000298023224,0.0,0.0,0.0,0.10381629317998886,-0.001561107812449336,-0.15397240221500397,0.37640827894210815,0.3991861343383789,-0.04287232086062431,0.18106219172477722,-1.1647471189498901,-0.7884300351142883,-0.42672863602638245,1.93289315700531,2.1958487033843994,-2.506700038909912,-1.950716257095337,0.06307736039161682,-0.04560835659503937,0.1014878898859024,-1.320858359336853,0.0721069797873497,-0.010021673515439034,-0.2700270712375641,1.281790018081665,0.2885330617427826,0.12474141269922256,-0.08572617173194885,-2.69331693649292,0.26249226927757263,2.0988450050354004,0.2610688805580139,0.04119311645627022,-0.27227771282196045,0.7641483545303345,0.031251657754182816,-0.8962060213088989,1.723623514175415,-0.886044979095459,1.0035818815231323,1.6922205686569214,0.48197141289711,1.030038595199585,-1.5124675035476685,-0.3934060037136078,3.2809998989105225,0.18688400089740753,-0.12137067317962646,-0.22088752686977386,0.6717336177825928,-0.05351843312382698,-0.926423966884613,1.8028788566589355,-1.0344982147216797,0.9207087755203247,1.7141355276107788,0.4994754493236542,0.9926513433456421,-1.5851808786392212,-0.44034337997436523,0.10672371089458466,-0.020300589501857758,-0.13905231654644012,0.3649049699306488,0.3986770212650299,-0.04565124586224556,0.1860489696264267,-1.1751214265823364,-0.7909974455833435,-0.423505574464798,1.9315873384475708,2.196077823638916,-2.508159637451172,-1.9445444345474243,0.10381629317998886,-0.001561107812449336,-0.15397240221500397,0.37640827894210815,0.3991861343383789,-0.04287232086062431,0.18106219172477722,-1.1647471189498901,-0.7884300351142883,-0.42672863602638245,1.93289315700531,2.1958487033843994,-2.506700038909912,-1.950716257095337,0.06307736039161682,-0.04560835659503937,0.1014878898859024,-1.320858359336853,0.0721069797873497,-0.010021673515439034,-0.2700270712375641,1.281790018081665,0.2885330617427826,0.12474141269922256,-0.08572617173194885,-2.69331693649292,0.26249226927757263,2.0988450050354004
2.761,6.271153688430786e-05,0.000290535157546401,-0.014449680224061012,-0.00010721728176577017,0.00014427171845454723,-0.0001243443985003978,1.0888809498510454e-07,5.3401322475110646e-08,-1.0,0.20000000298023224,0.0,0.0,0.0,0.1024506464600563,-0.005518544465303421,-0.1498560756444931,0.37170618772506714,0.3985797166824341,-0.0444621667265892,0.18242813646793365,-1.1683460474014282,-0.790650486946106,-0.4243296682834625,1.9298365116119385,2.1880202293395996,-2.511747121810913,-1.9400858879089355,-0.01706538163125515,-0.17765499651432037,0.21729214489459991,-0.5137194395065308,-0.03687644004821777,-0.02416459657251835,0.19594000279903412,-0.4003749191761017,-0.25926122069358826,0.01757183112204075,0.015614586882293224,-0.4763759672641754,-0.09813272207975388,-0.20470495522022247,0.18688400089740753,-0.12137067317962646,-0.22088752686977386,0.6717336177825928,-0.05351843312382698,-0.926423966884613,1.8028788566589355,-1.0344982147216797,0.9207087755203247,1.7141355276107788,0.4994754493236542,0.9926513433456421,-1.5851808786392212,-0.44034337997436523,3.260999917984009,0.23541732132434845,-0.04679561406373978,-0.20697741210460663,0.7199656963348389,-0.027508962899446487,-0.9027374982833862,1.7476557493209839,-0.9490099549293518,0.9550544619560242,1.6996885538101196,0.4880388081073761,0.9803887605667114,-1.537296175956726,-0.3900129199028015,0.10892070084810257,-0.020920034497976303,-0.1319395899772644,0.36392053961753845,0.39823073148727417,-0.0447547510266304,0.18398475646972656,-1.174618124961853,-0.7916125059127808,-0.42315560579299927,1.9292737245559692,2.190101146697998,-2.5046372413635254,-1.9390168190002441,0.10248953849077225,-0.0070287371054291725,-0.14793305099010468,0.36970701813697815,0.39836356043815613,-0.044677816331386566,0.1836407333612442,-1.17201828956604,-0.7917435169219971,-0.42422789335250854,1.930006742477417,2.188396453857422,-2.5104482173919678,-1.9450950622558594,0.009073426015675068,-0.1392195224761963,0.16575168073177338,-1.5658637285232544,-0.013769308105111122,-0.021261628717184067,0.08078282326459885,0.8266348242759705,-0.04040822014212608,0.00866385456174612,0.013946222141385078,-2.810959577560425,0.18811126053333282,2.1477489471435547
2.7800000000000002,3.409599594306201e-05,0.0003258272190578282,-0.014529739506542683,0.00012502681056503206,-0.00017404634854756296,0.00014557971735484898,-5.854441909036723e-08,-9.569905756734443e-08,-1.0,0.20000000298023224,0.0,0.0,0.0,0.10446804761886597,-0.008879151195287704,-0.14402566850185394,0.36908388137817383,0.39781615138053894,-0.044004831463098526,0.18277369439601898,-1.1731353998184204,-0.7921959161758423,-0.4243747889995575,1.927945613861084,2.182124614715576,-2.5055298805236816,-1.9405207633972168,0.11312951147556305,-0.158185213804245,0.22939756512641907,0.8714429140090942,-0.012961163185536861,-0.0007074536406435072,-0.19553184509277344,-0.6992601752281189,-0.10359395295381546,0.16615983843803406,-0.02602565474808216,1.2459757328033447,0.29492712020874023,-1.756575584411621,0.23541732132434845,-0.04679561406373978,-0.20697741210460663,0.7199656963348389,-0.027508962899446487,-0.9027374982833862,1.7476557493209839,-0.9490099549293518,0.9550544619560242,1.6996885538101196,0.4880388081073761,0.9803887605667114,-1.537296175956726,-0.3900129199028015,3.240999937057495,0.2567305266857147,0.04146872088313103,-0.2274213582277298,0.7406907081604004,0.01865428313612938,-0.9108139872550964,1.7487410306930542,-0.9215503931045532,1.0092263221740723,1.716631531715393,0.4425169825553894,1.0162104368209839,-1.4708553552627563,-0.37380605936050415,0.11280961334705353,-0.01258915662765503,-0.12829381227493286,0.3652055263519287,0.4024900197982788,-0.04484520107507706,0.18244192004203796,-1.1714695692062378,-0.7866873741149902,-0.4211813509464264,1.9228707551956177,2.188901901245117,-2.495175361633301,-1.932974100112915,0.10446804761886597,-0.008879151195287704,-0.14402566850185394,0.36908388137817383,0.39781615138053894,-0.044004831463098526,0.18277369439601898,-1.1731353998184204,-0.7921959161758423,-0.4243747889995575,1.927945613861084,2.182124614715576,-2.5055298805236816,-1.9405207633972168,0.11312951147556305,-0.158185213804245,0.22939756512641907,0.8714429140090942,-0.012961163185536861,-0.0007074536406435072,-0.19553184509277344,-0.6992601752281189,-0.10359395295381546,0.16615983843803406,-0.02602565474808216,1.2459757328033447,0.29492712020874023,-1.756575584411621
2.8,3.409599594306201e-05,0.0003258272190578282,-0.014529739506542683,0.0001281748991459608,-0.00017604685854166746,0.0001505315740359947,-8.711314336551368e-08,-1.0178857223763771e-07,-1.0,0.20000000298023224,0.0,0.0,0.0,0.10688766092061996,-0.008646024391055107,-0.13809721171855927,0.3693227767944336,0.39890968799591064,-0.04432189464569092,0.18026551604270935,-1.171385645866394,-0.7892726063728333,-0.4220518171787262,1.9244738817214966,2.182959794998169,-2.49896502494812,-1.9414271116256714,0.058239348232746124,0.035238202661275864,0.172260582447052,1.3684667348861694,0.0824337899684906,-0.0022136354818940163,-0.093904048204422,-0.7958813309669495,0.36007189750671387,0.07774396240711212,-0.146196648478508,2.6928439140319824,0.38236576318740845,-1.5398542881011963,0.2567305266857147,0.04146872088313103,-0.2274213582277298,0.7406907081604004,0.01865428313612938,-0.9108139872550964,1.7487410306930542,-0.9215503931045532,1.0092263221740723,1.716631531715393,0.4425169825553894,1.0162104368209839,-1.4708553552627563,-0.37380605936050415,3.2209999561309814,0.24967944622039795,0.11080489307641983,-0.2529579997062683,0.7357139587402344,0.07291950285434723,-0.936082124710083,1.7380112409591675,-0.8913717269897461,1.0319178104400635,1.7605633735656738,0.40695568919181824,1.0834227800369263,-1.4172910451889038,-0.38459140062332153,0.11521563678979874,0.0010091643780469894,-0.12793084979057312,0.36573582887649536,0.4113239645957947,-0.04744437336921692,0.18013466894626617,-1.1659328937530518,-0.7804781198501587,-0.41520875692367554,1.9141921997070312,2.1946637630462646,-2.4822494983673096,-1.9292185306549072,0.10688766092061996,-0.008646024391055107,-0.13809721171855927,0.3693227767944336,0.39890968799591064,-0.04432189464569092,0.18026551604270935,-1.171385645866394,-0.7892726063728333,-0.4220518171787262,1.9244738817214966,2.182959794998169,-2.49896502494812,-1.9414271116256714,0.058239348232746124,0.035238202661275864,0.172260582447052,1.3684667348861694,0.0824337899684906,-0.0022136354818940163,-0.093904048204422,-0.7958813309669495,0.36007189750671387,0.07774396240711212,-0.146196648478508,2.6928439140319824,0.38236576318740845,-1.5398542881011963
2.822,5.473834971780889e-05,0.0002940268022939563,-0.014652703888714314,0.0001304811448790133,-0.00017444764671381563,0.00015199639892671257,-9.985149773683588e-08,-1.0009831186152951e-07,-1.0,0.20000000298023224,0.0,0.0,0.0,0.1094934493303299,-0.00573184248059988,-0.13481910526752472,0.3696833550930023,0.4020974636077881,-0.04628874734044075,0.17811501026153564,-1.164903163909912,-0.7829357385635376,-0.41637566685676575,1.9186663627624512,2.1852078437805176,-2.485548734664917,-1.934729814529419,0.04690549895167351,0.1512376070022583,0.06879571825265884,1.3777965307235718,0.1919131726026535,-0.016129203140735626,-0.10905257612466812,-0.8083938360214233,0.32201603055000305,0.08022648096084595,-0.2772071659564972,3.003573179244995,0.4997577965259552,-1.5671641826629639,0.24967944622039795,0.11080489307641983,-0.2529579997062683,0.7357139587402344,0.07291950285434723,-0.936082124710083,1.7380112409591675,-0.8913717269897461,1.0319178104400635,1.7605633735656738,0.40695568919181824,1.0834227800369263,-1.4172910451889038,-0.38459140062332153,3.200000047683716,0.22121037542819977,0.15254275500774384,-0.2648783326148987,0.7077181339263916,0.09189875423908234,-0.9796984791755676,1.7225385904312134,-0.8797272443771362,1.014396071434021,1.811453938484192,0.3813301920890808,1.1140860319137573,-1.3897228240966797,-0.3803061544895172,0.11429354548454285,0.016061607748270035,-0.12883251905441284,0.3633604943752289,0.4202890694141388,-0.05388534814119339,0.1767416149377823,-1.160339117050171,-0.7772629261016846,-0.40534162521362305,1.9046869277954102,2.2023396492004395,-2.4691519737243652,-1.9257855415344238,0.10980930924415588,-0.004454568959772587,-0.13413187861442566,0.369529664516449,0.4037119746208191,-0.04647870734333992,0.17758774757385254,-1.1640303134918213,-0.7814031839370728,-0.416007399559021,1.9164718389511108,2.1876049041748047,-2.4838674068450928,-1.9289250373840332,0.025355618447065353,0.1177210658788681,0.0704508051276207,1.3596988916397095,0.1411219984292984,-0.017191333696246147,-0.025025662034749985,-0.9812158346176147,0.07317674905061722,0.013734370470046997,-0.1784290224313736,2.869640588760376,0.022361822426319122,-1.9629063606262207
2.84,5.473834971780889e-05,0.0002940268022939563,-0.014652703888714314,0.00013323962048161775,-0.00017429977015126497,0.0001548724976601079,8.153374153607729e-08,3.8474588848202984e-08,-1.0,0.20000000298023224,0.0,0.0,0.0,0.10910966992378235,-0.000993947614915669,-0.1336691677570343,0.36575838923454285,0.40658146142959595,-0.04897460713982582,0.17575961351394653,-1.158753752708435,-0.7799868583679199,-0.4080328047275543,1.9122189283370972,2.187469244003296,-2.474423885345459,-1.9297544956207275,-0.020236346870660782,0.3673788607120514,-0.04466286301612854,-1.3960543870925903,0.28466159105300903,-0.06196291372179985,-0.30828148126602173,1.2684284448623657,0.333602637052536,0.45539820194244385,-0.4394186735153198,-2.025486946105957,1.1583898067474365,2.453674793243408,0.22121037542819977,0.15254275500774384,-0.2648783326148987,0.7077181339263916,0.09189875423908234,-0.9796984791755676,1.7225385904312134,-0.8797272443771362,1.014396071434021,1.811453938484192,0.3813301920890808,1.1140860319137573,-1.3897228240966797,-0.3803061544895172,3.180999994277954,0.1192554160952568,-0.06621349602937698,-0.17635636031627655,0.6046719551086426,-0.02391071990132332,-1.0099955797195435,1.7957649230957031,-1.0488526821136475,0.8776230812072754,1.8401511907577515,0.44302743673324585,1.0177509784698486,-1.4804890155792236,-0.39610105752944946,0.1033603772521019,0.0062279365956783295,-0.12070165574550629,0.3511555790901184,0.4158802032470703,-0.06206783652305603,0.18134978413581848,-1.1727765798568726,-0.7883681058883667,-0.394578218460083,1.903252363204956,2.1988468170166016,-2.4677505493164062,-1.9246184825897217,0.10910966992378235,-0.000993947614915669,-0.1336691677570343,0.36575838923454285,0.40658146142959595,-0.04897460713982582,0.17575961351394653,-1.158753752708435,-0.7799868583679199,-0.4080328047275543,1.9122189283370972,2.187469244003296,-2.474423885345459,-1.9297544956207275,-0.020236346870660782,0.3673788607120514,-0.04466286301612854,-1.3960543870925903,0.28466159105300903,-0.06196291372179985,-0.30828148126602173,1.2684284448623657,0.333602637052536,0.45539820194244385,-0.4394186735153198,-2.025486946105957,1.1583898067474365,2.453674793243408
2.86,6.50089859846048e-05,0.0002737799077294767,-0.014765542931854725,-0.00013203319394961,0.00017641419253777713,-0.00015498249558731914,9.993286198550777e-08,5.703304495341399e-08,-1.0,0.20000000298023224,0.0,0.0,0.0,0.10693589597940445,0.0017259845044463873,-0.1312217265367508,0.3637809753417969,0.4096086621284485,-0.05311396345496178,0.1769757866859436,-1.164015769958496,-0.7857234477996826,-0.3967551290988922,1.9044849872589111,2.195101499557495,-2.4728386402130127,-1.9164106845855713,-0.13789953291416168,0.034864090383052826,0.19793884456157684,-1.7391666173934937,0.05920826643705368,-0.15483665466308594,0.23849962651729584,0.401988685131073,-0.6567217111587524,0.38256940245628357,-0.11637900769710541,-2.504446268081665,-0.0183577723801136,2.3120460510253906,0.1192554160952568,-0.06621349602937698,-0.17635636031627655,0.6046719551086426,-0.02391071990132332,-1.0099955797195435,1.7957649230957031,-1.0488526821136475,0.8776230812072754,1.8401511907577515,0.44302743673324585,1.0177509784698486,-1.4804890155792236,-0.39610105752944946,3.1610000133514404,0.14870885014533997,-0.1413171887397766,-0.19676779210567474,0.6296830773353577,-0.04599965363740921,-0.9648112654685974,1.7578808069229126,-0.9931949973106384,0.8379008769989014,1.796622633934021,0.47755545377731323,0.9384750723838806,-1.5071167945861816,-0.3589736819267273,0.09755918383598328,-0.009149369783699512,-0.11623810976743698,0.34389278292655945,0.41014420986175537,-0.0640954002737999,0.18124791979789734,-1.1771607398986816,-0.801224410533905,-0.3903203308582306,1.9055575132369995,2.188124895095825,-2.469292163848877,-1.9199721813201904,0.10693589597940445,0.0017259845044463873,-0.1312217265367508,0.3637809753417969,0.4096086621284485,-0.05311396345496178,0.1769757866859436,-1.164015769958496,-0.7857234477996826,-0.3967551290988922,1.9044849872589111,2.195101499557495,-2.4728386402130127,-1.9164106845855713,-0.13789953291416168,0.034864090383052826,0.19793884456157684,-1.7391666173934937,0.05920826643705368,-0.15483665466308594,0.23849962651729584,0.401988685131073,-0.6567217111587524,0.38256940245628357,-0.11637900769710541,-2.504446268081665,-0.0183577723801136,2.3120460510253906
2.8810000000000002,6.50089859846048e-05,0.0002737799077294767,-0.014765542931854725,-0.00013162099639885128,0.00017046531138475984,-0.000160790397785604,1.262982038952032e-07,6.578863320783057e-08,-1.0,0.20000000298023224,0.0,0.0,0.0,0.10286051034927368,0.0005041866679675877,-0.1258198320865631,0.35491499304771423,0.40962472558021545,-0.05756617709994316,0.17858080565929413,-1.1744128465652466,-0.7987335920333862,-0.3916262984275818,1.9051713943481445,2.186814069747925,-2.470860004425049,-1.9167875051498413,-0.1519450545310974,-0.11572553962469101,0.2208375185728073,-0.9368389844894409,-0.057497091591358185,-0.13064178824424744,0.13582463562488556,0.028575139120221138,-0.6635882258415222,0.04932655021548271,-0.013000035658478737,-1.3784363269805908,0.011850690469145775,-0.09606146812438965,0.14870885014533997,-0.1413171887397766,-0.19676779210567474,0.6296830773353577,-0.04599965363740921,-0.9648112654685974,1.7578808069229126,-0.9931949973106384,0.8379008769989014,1.796622633934021,0.47755545377731323,0.9384750723838806,-1.5071167945861816,-0.3589736819267273,3.1410000324249268,0.21241171658039093,-0.09506698697805405,-0.15677620470523834,0.6725800037384033,-0.027558166533708572,-0.9398605227470398,1.7624263763427734,-0.9926891922950745,0.889169454574585,1.7633895874023438,0.4700864851474762,0.9095717072486877,-1.4861243963241577,-0.3289265036582947,0.09928852319717407,-0.016826193779706955,-0.10866811126470566,0.34237223863601685,0.40739956498146057,-0.06322237849235535,0.1816209852695465,-1.1806174516677856,-0.8063825964927673,-0.39023733139038086,1.906654715538025,2.176657199859619,-2.46842622756958,-1.91325044631958,0.10166360437870026,-0.0003716248902492225,-0.1241614893078804,0.3521462678909302,0.40936994552612305,-0.05874603986740112,0.1794000118970871,-1.1760855913162231,-0.8015865683555603,-0.3914024233818054,1.904932975769043,2.1837587356567383,-2.4700191020965576,-1.9223723411560059,-0.10569226741790771,-0.07832607626914978,0.13930562138557434,-1.5429507493972778,-0.010217229835689068,-0.10976419597864151,0.03825315460562706,0.9381422996520996,-0.11199843138456345,0.012906167656183243,-0.025370068848133087,-2.9401092529296875,0.08639194071292877,2.0221498012542725
2.9,2.6024319595308043e-05,0.0003080031892750412,-0.014829427003860474,-0.00012877854169346392,0.00016220659017562866,-0.00016159105871338397,-5.638020184051129e-08,-8.030045250961848e-08,-1.0,0.20000000298023224,0.0,0.0,0.0,0.10243549942970276,-0.00338475382886827,-0.12066888809204102,0.35140448808670044,0.4082857668399811,-0.058875612914562225,0.17905090749263763,-1.1800580024719238,-0.8056276440620422,-0.39160656929016113,1.9054667949676514,2.177659511566162,-2.469916820526123,-1.9162931442260742,-0.06764442473649979,-0.18618614971637726,0.30056309700012207,1.0251893997192383,-0.05929204449057579,-0.07866891473531723,0.06136057898402214,-1.072534441947937,-0.3736407160758972,0.1286037415266037,0.016640540212392807,2.127955198287964,-0.05401212349534035,-2.7001540660858154,0.21241171658039093,-0.09506698697805405,-0.15677620470523834,0.6725800037384033,-0.027558166533708572,-0.9398605227470398,1.7624263763427734,-0.9926891922950745,0.889169454574585,1.7633895874023438,0.4700864851474762,0.9095717072486877,-1.4861243963241577,-0.3289265036582947,3.121000051498413,0.24921080470085144,0.03975772112607956,-0.19842593371868134,0.7225646376609802,0.06473635137081146,-0.9238876104354858,1.7297836542129517,-0.8985357880592346,0.9763651490211487,1.7675271034240723,0.4162338376045227,0.9473899006843567,-1.390858769416809,-0.2947724163532257,0.10435190051794052,-0.009485183283686638,-0.10677708685398102,0.34615427255630493,0.4144333004951477,-0.06092666834592819,0.17865517735481262,-1.1739674806594849,-0.8017895817756653,-0.3897571563720703,1.9021471738815308,2.1712646484375,-2.45820689201355,-1.904457688331604,0.10243549942970276,-0.00338475382886827,-0.12066888809204102,0.35140448808670044,0.4082857668399811,-0.058875612914562225,0.17905090749263763,-1.1800580024719238,-0.8056276440620422,-0.39160656929016113,1.9054667949676514,2.177659511566162,-2.469916820526123,-1.9162931442260742,-0.06764442473649979,-0.18618614971637726,0.30056309700012207,1.0251893997192383,-0.05929204449057579,-0.07866891473531723,0.06136057898402214,-1.072534441947937,-0.3736407160758972,0.1286037415266037,0.016640540212392807,2.127955198287964,-0.05401212349534035,-2.7001540660858154
2.9210000000000003,2.6024319595308043e-05,0.0003080031892750412,-0.014829427003860474,0.00012868379417341202,-0.0001736340345814824,0.00015725214325357229,-9.316178761764604e-08,-1.030980811833615e-07,-1.0,0.20000000298023224,0.0,0.0,0.0,0.10307946056127548,-0.0033769032452255487,-0.11472180485725403,0.3500644862651825,0.4090076684951782,-0.058956339955329895,0.1769399791955948,-1.1745973825454712,-0.8041520714759827,-0.39075610041618347,1.9025799036026,2.170055389404297,-2.460251569747925,-1.9139084815979004,-0.016623642295598984,-0.021618781611323357,0.11236782371997833,1.3717995882034302,0.10535427182912827,-0.03071899153292179,-0.12494013458490372,-0.6903882622718811,0.2160729020833969,0.08670531213283539,-0.10351034253835678,2.3967854976654053,0.2652284801006317,-1.3459291458129883,0.24921080470085144,0.03975772112607956,-0.19842593371868134,0.7225646376609802,0.06473635137081146,-0.9238876104354858,1.7297836542129517,-0.8985357880592346,0.9763651490211487,1.7675271034240723,0.4162338376045227,0.9473899006843567,-1.390858769416809,-0.2947724163532257,3.0999999046325684,0.24638672173023224,0.07181308418512344,-0.20697422325611115,0.7101701498031616,0.08488892018795013,-0.9580486416816711,1.7556309700012207,-0.9084648489952087,0.993401288986206,1.8088343143463135,0.3722439110279083,1.0163404941558838,-1.365551471710205,-0.32683461904525757,0.10812019556760788,-0.000406838022172451,-0.10611909627914429,0.34794044494628906,0.4220755398273468,-0.06250619888305664,0.17886725068092346,-1.1696405410766602,-0.7964115738868713,-0.3852422833442688,1.8941421508789062,2.1738457679748535,-2.447500705718994,-1.9006296396255493,0.10282190889120102,-0.0037292244378477335,-0.11375311762094498,0.3501017987728119,0.4098920524120331,-0.05928695574402809,0.17630276083946228,-1.1728522777557373,-0.8030229210853577,-0.39042291045188904,1.9017454385757446,2.1681406497955322,-2.4596667289733887,-1.9066524505615234,-0.027868613600730896,-0.03593377768993378,0.09369444847106934,1.3330882787704468,0.07670203596353531,-0.030367473140358925,-0.03461327403783798,-0.9017183184623718,0.06258680671453476,0.006738740485161543,-0.06644054502248764,2.4919424057006836,-0.019155427813529968,-1.839509129524231
2.943,6.710481102345511e-05,0.0002592121600173414,-0.014957237988710403,-0.0001319307484664023,0.0001759735750965774,-0.00016063118528109044,6.666878960004397e-08,3.567270923099386e-08,-1.0,0.20000000298023224,0.0,0.0,0.0,0.1045355573296547,-0.0017470733728259802,-0.11208464950323105,0.350322425365448,0.4115695059299469,-0.06093122065067291,0.17654183506965637,-1.1685985326766968,-0.7997150421142578,-0.3869097828865051,1.8978652954101562,2.167628288269043,-2.4530997276306152,-1.904858946800232,0.06446629762649536,0.12985821068286896,0.04989651218056679,-1.3146328926086426,0.23046451807022095,-0.021244343370199203,-0.0067925783805549145,1.368532657623291,0.37232619524002075,0.1617654263973236,-0.2319927215576172,-2.6211063861846924,0.6745679378509521,3.003251791000366,0.24638672173023224,0.07181308418512344,-0.20697422325611115,0.7101701498031616,0.08488892018795013,-0.9580486416816711,1.7556309700012207,-0.9084648489952087,0.993401288986206,1.8088343143463135,0.3722439110279083,1.0163404941558838,-1.365551471710205,-0.32683461904525757,3.0789999961853027,0.13881678879261017,-0.12540298700332642,-0.15211163461208344,0.5931558609008789,-0.029838837683200836,-0.9824076294898987,1.7960584163665771,-1.0553219318389893,0.8712555170059204,1.8241807222366333,0.43432968854904175,0.9379578232765198,-1.4770992994308472,-0.3633086681365967,0.10037783533334732,-0.012865768745541573,-0.10010644048452377,0.33766794204711914,0.4167165458202362,-0.06620572507381439,0.18307965993881226,-1.180864691734314,-0.804323673248291,-0.38009577989578247,1.8939467668533325,2.168072462081909,-2.4500904083251953,-1.901214599609375,0.10464788973331451,-0.0010761985322460532,-0.1115129142999649,0.35035547614097595,0.41343382000923157,-0.06117301806807518,0.17654407024383545,-1.1669358015060425,-0.7977286577224731,-0.3862079977989197,1.896038293838501,2.167613983154297,-2.449449062347412,-1.8984156847000122,0.002375655807554722,0.05200498551130295,0.05312812328338623,-1.3552875518798828,0.1643221378326416,-0.026483284309506416,0.0034790406934916973,1.0697954893112183,0.10122377425432205,0.03336223587393761,-0.15051233768463135,-2.696396589279175,0.17913363873958588,2.7666893005371094
2.961,6.710481102345511e-05,0.0002592121600173414,-0.014957237988710403,0.00012861541472375393,-0.0001716054102871567,0.0001572463515913114,9.936501044194301e-08,6.08165393600757e-08,-1.0,0.20000000298023224,0.0,0.0,0.0,0.10255073755979538,-0.0029719648882746696,-0.10933146625757217,0.34688273072242737,0.4136525094509125,-0.06311886012554169,0.17901526391506195,-1.1709562540054321,-0.8013976216316223,-0.3818332254886627,1.8939263820648193,2.16650390625,-2.452479600906372,-1.8929589986801147,-0.18093600869178772,-0.160883828997612,0.21498629450798035,-1.598104476928711,-0.015446323901414871,-0.05295663699507713,0.3406479060649872,0.25018420815467834,-0.6768122315406799,0.1742108166217804,-0.024388203397393227,-2.5002026557922363,-0.433315634727478,2.2418298721313477,0.13881678879261017,-0.12540298700332642,-0.15211163461208344,0.5931558609008789,-0.029838837683200836,-0.9824076294898987,1.7960584163665771,-1.0553219318389893,0.8712555170059204,1.8241807222366333,0.43432968854904175,0.9379578232765198,-1.4770992994308472,-0.3633086681365967,3.061000108718872,0.17320162057876587,-0.16593573987483978,-0.16846714913845062,0.6153233647346497,-0.042886096984148026,-0.9481183886528015,1.7327805757522583,-0.9892382025718689,0.8394871950149536,1.7819128036499023,0.45764777064323425,0.8865852355957031,-1.4905056953430176,-0.32952946424484253,0.09762243181467056,-0.026886187493801117,-0.09693186730146408,0.3316667079925537,0.41112464666366577,-0.06573642045259476,0.18012180924415588,-1.1832356452941895,-0.8138302564620972,-0.380205363035202,1.8961222171783447,2.1583166122436523,-2.453502893447876,-1.8983045816421509,0.10255073755979538,-0.0029719648882746696,-0.10933146625757217,0.34688273072242737,0.4136525094509125,-0.06311886012554169,0.17901526391506195,-1.1709562540054321,-0.8013976216316223,-0.3818332254886627,1.8939263820648193,2.16650390625,-2.452479600906372,-1.8929589986801147,-0.18093600869178772,-0.160883828997612,0.21498629450798035,-1.598104476928711,-0.015446323901414871,-0.05295663699507713,0.3406479060649872,0.25018420815467834,-0.6768122315406799,0.1742108166217804,-0.024388203397393227,-2.5002026557922363,-0.433315634727478,2.2418298721313477
2.983,6.92775211064145e-05,0.0002529149642214179,-0.015052050352096558,0.00012278149370104074,-0.00017134074005298316,0.00015296287892851979,-4.92474399038656e-08,-7.735554419241453e-08,-1.0,0.20000000298023224,0.0,0.0,0.0,0.09893709421157837,-0.007516831625252962,-0.10422863811254501,0.34082767367362976,0.4125576615333557,-0.06362830847501755,0.17830872535705566,-1.1811069250106812,-0.8120296597480774,-0.38114458322525024,1.8956459760665894,2.162538766860962,-2.4523990154266357,-1.897209882736206,-0.09885027259588242,-0.2476426064968109,0.17270323634147644,1.1121398210525513,-0.08848804235458374,-0.03775838017463684,-0.041371818631887436,-1.3066741228103638,-0.5277891159057617,0.046949613839387894,-0.02100980281829834,2.1161231994628906,-0.2519354820251465,-2.6781229972839355,0.17320162057876587,-0.16593573987483978,-0.16846714913845062,0.6153233647346497,-0.042886096984148026,-0.9481183886528015,1.7327805757522583,-0.9892382025718689,0.8394871950149536,1.7819128036499023,0.45764777064323425,0.8865852355957031,-1.4905056953430176,-0.32952946424484253,3.0409998893737793,0.234451025724411,0.03237813711166382,-0.18798264861106873,0.691059947013855,0.07084108889102936,-0.9457200169563293,1.696062445640564,-0.88882976770401,0.9517861604690552,1.7951247692108154,0.3940271735191345,0.9191105365753174,-1.3692022562026978,-0.26820439100265503,0.10154305398464203,-0.01827113702893257,-0.0963437557220459,0.33443939685821533,0.41802382469177246,-0.0651211366057396,0.17408369481563568,-1.1750915050506592,-0.8102055788040161,-0.37897181510925293,1.891500473022461,2.153764486312866,-2.4441025257110596,-1.8898441791534424,0.09825184941291809,-0.009621531702578068,-0.10321639478206635,0.3393465578556061,0.41198334097862244,-0.0639958456158638,0.1781158745288849,-1.1826709508895874,-0.8143256902694702,-0.380939781665802,1.895256519317627,2.1584372520446777,-2.454136371612549,-1.901580810546875,-0.06023697182536125,-0.19352956116199493,0.08564252406358719,1.1814851760864258,-0.04329504072666168,-0.032786764204502106,-0.025132689625024796,-1.054854154586792,-0.08901501446962357,0.004754101857542992,-0.03736555203795433,2.2442209720611572,-0.10636106878519058,-2.577545404434204
3.001,6.92775211064145e-05,0.0002529149642214179,-0.015052050352096558,-0.0001328547514276579,0.00017191731603816152,-0.00017067883163690567,9.31128596448616e-08,2.0532169742182305e-08,-1.0,0.20000000298023224,0.0,0.0,0.0,0.09960661828517914,-0.009284203872084618,-0.1011405885219574,0.33790042996406555,0.41256552934646606,-0.06374578177928925,0.17514614760875702,-1.1773818731307983,-0.813260555267334,-0.38029220700263977,1.8929554224014282,2.148069143295288,-2.447099208831787,-1.8991159200668335,0.08592215925455093,0.03302749618887901,-0.0031875870190560818,-0.4657003581523895,0.10186826437711716,-0.011215726844966412,-0.5352878570556641,0.9755584597587585,0.33629274368286133,0.17490535974502563,-0.17771297693252563,-1.440691590309143,1.0262326002120972,0.8792431950569153,0.234451025724411,0.03237813711166382,-0.18798264861106873,0.691059947013855,0.07084108889102936,-0.9457200169563293,1.696062445640564,-0.88882976770401,0.9517861604690552,1.7951247692108154,0.3940271735191345,0.9191105365753174,-1.3692022562026978,-0.26820439100265503,3.0209999084472656,0.19297416508197784,-0.08678555488586426,-0.09143206477165222,0.6194676756858826,-0.014241855591535568,-0.9741469025611877,1.8014893531799316,-1.0581563711166382,0.903130829334259,1.8213191032409668,0.39818093180656433,0.9076480865478516,-1.4198025465011597,-0.3240744173526764,0.10053186118602753,-0.023295465856790543,-0.0862182080745697,0.329498291015625,0.4150348901748657,-0.06747160106897354,0.17979589104652405,-1.1855088472366333,-0.8121713995933533,-0.37536555528640747,1.8882185220718384,2.1489763259887695,-2.4416422843933105,-1.8886628150939941,0.09960661828517914,-0.009284203872084618,-0.1011405885219574,0.33790042996406555,0.41256552934646606,-0.06374578177928925,0.17514614760875702,-1.1773818731307983,-0.813260555267334,-0.38029220700263977,1.8929554224014282,2.148069143295288,-2.447099208831787,-1.8991159200668335,0.08592215925455093,0.03302749618887901,-0.0031875870190560818,-0.4657003581523895,0.10186826437711716,-0.011215726844966412,-0.5352878570556641,0.9755584597587585,0.33629274368286133,0.17490535974502563,-0.17771297693252563,-1.440691590309143,1.0262326002120972,0.8792431950569153
3.021,1.6861040421645157e-05,0.0002934527292381972,-0.015113245695829391,-0.00012731511378660798,0.0001765667402651161,-0.0001605115394340828,9.306352666271778e-08,5.615439491180041e-08,-1.0,0.20000000298023224,0.0,0.0,0.0,0.09845805913209915,-0.012454506009817123,-0.09881777316331863,0.33700475096702576,0.41296878457069397,-0.06566782295703888,0.17423281073570251,-1.1780637502670288,-0.8117001056671143,-0.3765038549900055,1.8865331411361694,2.1470625400543213,-2.447092294692993,-1.8838812112808228,-0.07817191630601883,-0.22506658732891083,0.17472320795059204,-1.523808240890503,-0.00847463496029377,-0.037564173340797424,0.24997690320014954,0.3994489014148712,-0.26864132285118103,0.05691124498844147,-0.04899643734097481,-2.6409993171691895,-0.28133320808410645,2.834444999694824,0.19297416508197784,-0.08678555488586426,-0.09143206477165222,0.6194676756858826,-0.014241855591535568,-0.9741469025611877,1.8014893531799316,-1.0581563711166382,0.903130829334259,1.8213191032409668,0.39818093180656433,0.9076480865478516,-1.4198025465011597,-0.3240744173526764,3.000999927520752,0.17110028862953186,-0.17611636221408844,-0.14095968008041382,0.5867955684661865,-0.04714621976017952,-0.9407705664634705,1.733938455581665,-1.0017842054367065,0.8504657745361328,1.7864949703216553,0.4343125820159912,0.8638238906860352,-1.464560627937317,-0.3207952082157135,0.09753552079200745,-0.03624800965189934,-0.0830705389380455,0.3222782015800476,0.4093532860279083,-0.06601433455944061,0.1776105761528015,-1.1882054805755615,-0.8190105557441711,-0.3759629726409912,1.889206051826477,2.140763521194458,-2.444149971008301,-1.887389898300171,0.09845805913209915,-0.012454506009817123,-0.09881777316331863,0.33700475096702576,0.41296878457069397,-0.06566782295703888,0.17423281073570251,-1.1780637502670288,-0.8117001056671143,-0.3765038549900055,1.8865331411361694,2.1470625400543213,-2.447092294692993,-1.8838812112808228,-0.07817191630601883,-0.22506658732891083,0.17472320795059204,-1.523808240890503,-0.00847463496029377,-0.037564173340797424,0.24997690320014954,0.3994489014148712,-0.26864132285118103,0.05691124498844147,-0.04899643734097481,-2.6409993171691895,-0.28133320808410645,2.834444999694824
3.043,1.6861040421645157e-05,0.0002934527292381972,-0.015113245695829391,0.00012048143980791792,-0.0001681536523392424,0.00015339290257543325,-5.431691008084272e-08,-7.522594103193114e-08,-1.0,0.20000000298023224,0.0,0.0,0.0,0.09596925228834152,-0.016637079417705536,-0.09277840703725815,0.3342375159263611,0.41172245144844055,-0.06499014049768448,0.17507855594158173,-1.1856999397277832,-0.8171185255050659,-0.376924604177475,1.8876652717590332,2.139606237411499,-2.444183826446533,-1.884455919265747,-0.14699983596801758,-0.3207031786441803,0.23731304705142975,0.7212487459182739,-0.11551938951015472,-0.013832117430865765,0.03185940906405449,-1.0612208843231201,-0.5275616645812988,0.09634338319301605,0.025921553373336792,1.777829885482788,-0.12037812173366547,-2.9559595584869385,0.17110028862953186,-0.17611636221408844,-0.14095968008041382,0.5867955684661865,-0.04714621976017952,-0.9407705664634705,1.733938455581665,-1.0017842054367065,0.8504657745361328,1.7864949703216553,0.4343125820159912,0.8638238906860352,-1.464560627937317,-0.3207952082157135,2.9790000915527344,0.23091576993465424,0.013952970504760742,-0.1322532594203949,0.665245771408081,0.06864392757415771,-0.9336329698562622,1.6793886423110962,-0.9070575833320618,0.9427908658981323,1.7968636751174927,0.38308244943618774,0.8783013820648193,-1.345727562904358,-0.24505087733268738,0.1011199951171875,-0.027603112161159515,-0.07968175411224365,0.3243471384048462,0.41638702154159546,-0.06413476914167404,0.17040732502937317,-1.1808900833129883,-0.8152493834495544,-0.3754040002822876,1.8848730325698853,2.135641098022461,-2.4342727661132812,-1.8787970542907715,0.09553035348653793,-0.018879257142543793,-0.09116674959659576,0.3321870267391205,0.4109607934951782,-0.06514578312635422,0.17548225820064545,-1.1876798868179321,-0.8195180296897888,-0.3765398859977722,1.8877003192901611,2.1380250453948975,-2.4448580741882324,-1.891445517539978,-0.024894190952181816,-0.19523054361343384,0.13931643962860107,1.0743131637573242,-0.058915186673402786,-0.01428171806037426,0.021862763911485672,-1.0607073307037354,-0.09499717503786087,0.008121133781969547,-0.0006737072253599763,2.3573734760284424,-0.0228502806276083,-2.5761895179748535
3.062,5.2909021178493276e-05,0.0002577704144641757,-0.015225515700876713,-8.72600357979536e-05,0.00010542882955633104,-0.00011788199481088668,6.766571658545217e-08,-4.979720191755632e-09,-1.0,0.20000000298023224,0.0,0.0,0.0,0.09720265865325928,-0.018549874424934387,-0.08718623220920563,0.33034029603004456,0.41190072894096375,-0.06412912905216217,0.17191378772258759,-1.1825768947601318,-0.8185105323791504,-0.37665706872940063,1.8855899572372437,2.1275370121002197,-2.4362688064575195,-1.8870590925216675,0.11095931380987167,0.03377936780452728,0.15567201375961304,-0.1075243279337883,0.1119711846113205,0.02077694982290268,-0.4833142161369324,0.6558217406272888,0.37008917331695557,0.1978512704372406,-0.09627588838338852,-0.6036979556083679,0.7574049234390259,-0.0008919051615521312,0.23091576993465424,0.013952970504760742,-0.1322532594203949,0.665245771408081,0.06864392757415771,-0.9336329698562622,1.6793886423110962,-0.9070575833320618,0.9427908658981323,1.7968636751174927,0.38308244943618774,0.8783013820648193,-1.345727562904358,-0.24505087733268738,2.9609999656677246,0.21132031083106995,-0.06890761107206345,-0.059227220714092255,0.6194838881492615,0.011214040219783783,-0.9561952948570251,1.7813948392868042,-1.033705711364746,0.9152550101280212,1.8236618041992188,0.36119934916496277,0.8938627243041992,-1.3649848699569702,-0.2932291030883789,0.102028027176857,-0.028973251581192017,-0.06966812163591385,0.3214260935783386,0.41627103090286255,-0.06488734483718872,0.174845352768898,-1.1877026557922363,-0.8149939775466919,-0.37227705121040344,1.879218339920044,2.13309907913208,-2.4282968044281006,-1.876740574836731,0.09741300344467163,-0.019119782373309135,-0.08634590357542038,0.32957780361175537,0.41267603635787964,-0.06406593322753906,0.16900892555713654,-1.1799548864364624,-0.8165953159332275,-0.37590593099594116,1.8845744132995605,2.128416061401367,-2.4351186752319336,-1.8838326930999756,0.005592851899564266,-0.0715184211730957,0.061377815902233124,-1.387765645980835,0.06381426006555557,0.00012464945029933006,-0.18718090653419495,1.147478699684143,0.09140348434448242,0.02324872650206089,-0.09264279156923294,-2.520646810531616,-0.1222381591796875,3.0064234733581543
3.081,5.2909021178493276e-05,0.0002577704144641757,-0.015225515700876713,0.00012911208614241332,-0.00017195954569615424,0.00016990964650176466,-7.094620713132826e-08,-7.141247948538876e-08,-1.0,0.20000000298023224,0.0,0.0,0.0,0.09832418709993362,-0.02112640254199505,-0.08304692059755325,0.32784712314605713,0.4130932688713074,-0.06485952436923981,0.1708570420742035,-1.1848691701889038,-0.815930962562561,-0.37347984313964844,1.8800770044326782,2.1317455768585205,-2.4350264072418213,-1.8756544589996338,0.02969225123524666,-0.09920009225606918,0.27672314643859863,0.5604156255722046,0.051045916974544525,0.008342799730598927,0.19574174284934998,-0.9474882483482361,0.029336057603359222,0.11567829549312592,-0.10003497451543808,1.7275471687316895,0.12902778387069702,-1.2196496725082397,0.21132031083106995,-0.06890761107206345,-0.059227220714092255,0.6194838881492615,0.011214040219783783,-0.9561952948570251,1.7813948392868042,-1.033705711364746,0.9152550101280212,1.8236618041992188,0.36119934916496277,0.8938627243041992,-1.3649848699569702,-0.2932291030883789,2.940999984741211,0.21114911139011383,0.01454569399356842,-0.09739641845226288,0.6489375829696655,0.06512603163719177,-0.9457526803016663,1.7027446031570435,-0.9124559760093689,0.9420706033706665,1.83964204788208,0.3353167772293091,0.9074853658676147,-1.3006702661514282,-0.251258909702301,0.10273733735084534,-0.0217240322381258,-0.06547413766384125,0.322034627199173,0.42156946659088135,-0.0644451454281807,0.1705307513475418,-1.1810276508331299,-0.8121081590652466,-0.3681774437427521,1.8721064329147339,2.132427930831909,-2.4170844554901123,-1.8708983659744263,0.0983850285410881,-0.02177594229578972,-0.08062148839235306,0.32678741216659546,0.41352516412734985,-0.06482841074466705,0.1721743494272232,-1.1863679885864258,-0.8157305717468262,-0.37298089265823364,1.8793343305587769,2.131620407104492,-2.43190336227417,-1.87651526927948,0.0005759246996603906,-0.0551360659301281,0.21697750687599182,1.189894437789917,0.03785042464733124,0.0024894792586565018,0.0941338837146759,-1.0207505226135254,0.012967403046786785,0.016335036605596542,-0.05875561758875847,2.4128432273864746,0.32777103781700134,-2.375969648361206
3.1,0.00011273898417130113,0.00020911984029226005,-0.01535498071461916,0.00012382293061818928,-0.00017556837701704353,0.00015686727419961244,-8.664397910251864e-08,-1.0972353692295655e-07,-1.0,0.20000000298023224,0.0,0.0,0.0,0.09903452545404434,-0.02018670178949833,-0.07600745558738708,0.3263818919658661,0.4151594936847687,-0.06449711322784424,0.16983115673065186,-1.1822046041488647,-0.8146170377731323,-0.37031790614128113,1.876241683959961,2.1297383308410645,-2.4205896854400635,-1.879551649093628,0.02925574779510498,0.13790281116962433,0.2314038872718811,0.8259631991386414,0.14373405277729034,0.03222672641277313,-0.3084561824798584,-0.11111175268888474,0.3333536386489868,0.35613593459129333,-0.23770079016685486,1.6682759523391724,0.9643562436103821,-1.293130874633789,0.21114911139011383,0.01454569399356842,-0.09739641845226288,0.6489375829696655,0.06512603163719177,-0.9457526803016663,1.7027446031570435,-0.9124559760093689,0.9420706033706665,1.83964204788208,0.3353167772293091,0.9074853658676147,-1.3006702661514282,-0.251258909702301,2.9210000038146973,0.20427820086479187,0.02958512492477894,-0.07703587412834167,0.6403229236602783,0.08354046940803528,-0.974459707736969,1.7507429122924805,-0.9545226693153381,0.9426513314247131,1.8770089149475098,0.3028668761253357,0.9383059144020081,-1.2661086320877075,-0.2626618444919586,0.10261769592761993,-0.014420713298022747,-0.060082897543907166,0.32165998220443726,0.4276496171951294,-0.06696208566427231,0.1718789041042328,-1.1798944473266602,-0.8097413778305054,-0.3611610531806946,1.863171935081482,2.1349730491638184,-2.404658317565918,-1.8673650026321411,0.09903452545404434,-0.02018670178949833,-0.07600745558738708,0.3263818919658661,0.4151594936847687,-0.06449711322784424,0.16983115673065186,-1.1822046041488647,-0.8146170377731323,-0.37031790614128113,1.876241683959961,2.1297383308410645,-2.4205896854400635,-1.879551649093628,0.02925574779510498,0.13790281116962433,0.2314038872718811,0.8259631991386414,0.14373405277729034,0.03222672641277313,-0.3084561824798584,-0.11111175268888474,0.3333536386489868,0.35613593459129333,-0.23770079016685486,1.6682759523391724,0.9643562436103821,-1.293130874633789
3.12,0.00011273898417130113,0.00020911984029226005,-0.01535498071461916,-9.961846808437258e-05,0.00012983876513317227,-0.00012951613462064415,5.9251295425610806e-08,3.177031970835742e-08,-1.0,0.20000000298023224,0.0,0.0,0.0,0.09896903485059738,-0.017190085723996162,-0.07078519463539124,0.3250960111618042,0.41882026195526123,-0.06650976091623306,0.16905003786087036,-1.1780086755752563,-0.8114778995513916,-0.3624233603477478,1.8683855533599854,2.131911039352417,-2.410935163497925,-1.868409276008606,0.005347804632037878,0.10903997719287872,0.18715539574623108,-0.4199243485927582,0.17604337632656097,-0.004171059932559729,0.037279147654771805,0.3849075138568878,0.22066421806812286,0.07006290555000305,-0.28609082102775574,-0.6926590800285339,0.6310098767280579,1.3661001920700073,0.20427820086479187,0.02958512492477894,-0.07703587412834167,0.6403229236602783,0.08354046940803528,-0.974459707736969,1.7507429122924805,-0.9545226693153381,0.9426513314247131,1.8770089149475098,0.3028668761253357,0.9383059144020081,-1.2661086320877075,-0.2626618444919586,2.9010000228881836,0.16927111148834229,-0.06172570586204529,-0.0622795894742012,0.5763123035430908,0.020408790558576584,-0.9867618680000305,1.7553496360778809,-1.007132649421692,0.8848384618759155,1.8856099843978882,0.3253992199897766,0.9033185839653015,-1.3192815780639648,-0.27828165888786316,0.09902127087116241,-0.017709141597151756,-0.05429427698254585,0.31495922803878784,0.4262005686759949,-0.07020585983991623,0.1734181046485901,-1.1842488050460815,-0.8136292695999146,-0.3546878397464752,1.858277440071106,2.1335103511810303,-2.4000349044799805,-1.8661003112792969,0.09896903485059738,-0.017190085723996162,-0.07078519463539124,0.3250960111618042,0.41882026195526123,-0.06650976091623306,0.16905003786087036,-1.1780086755752563,-0.8114778995513916,-0.3624233603477478,1.8683855533599854,2.131911039352417,-2.410935163497925,-1.868409276008606,0.005347804632037878,0.10903997719287872,0.18715539574623108,-0.4199243485927582,0.17604337632656097,-0.004171059932559729,0.037279147654771805,0.3849075138568878,0.22066421806812286,0.07006290555000305,-0.28609082102775574,-0.6926590800285339,0.6310098767280579,1.3661001920700073
3.142,8.897027146304026e-05,0.00022038578754290938,-0.015428555198013783,-0.00012677472841460258,0.00016740888531785458,-0.00016599301306996495,9.262457467684726e-08,5.7486225557568105e-08,-1.0,0.20000000298023224,0.0,0.0,0.0,0.09687672555446625,-0.017652515321969986,-0.06545904278755188,0.32283851504325867,0.42039504647254944,-0.06850145012140274,0.1706913560628891,-1.1809929609298706,-0.8128218650817871,-0.3564770519733429,1.8612204790115356,2.1310598850250244,-2.403352975845337,-1.860187292098999,-0.0614708848297596,-0.035040199756622314,0.21026602387428284,-1.5072945356369019,0.07131196558475494,-0.02572721429169178,0.08554872125387192,0.7459455728530884,-0.32663482427597046,0.1789628118276596,-0.1821659505367279,-2.8116049766540527,0.18037572503089905,2.1566224098205566,0.16927111148834229,-0.06172570586204529,-0.0622795894742012,0.5763123035430908,0.020408790558576584,-0.9867618680000305,1.7553496360778809,-1.007132649421692,0.8848384618759155,1.8856099843978882,0.3253992199897766,0.9033185839653015,-1.3192815780639648,-0.27828165888786316,2.880000114440918,0.13996773958206177,-0.17177291214466095,-0.07514815032482147,0.5327275991439819,-0.030814820900559425,-0.9670305848121643,1.7318830490112305,-1.0310477018356323,0.8190799951553345,1.8528372049331665,0.36994123458862305,0.8208639025688171,-1.3714474439620972,-0.27099609375,0.09321378916501999,-0.03134460374712944,-0.05095023661851883,0.3052401542663574,0.4199189841747284,-0.07082774490118027,0.17230279743671417,-1.1901237964630127,-0.8233153820037842,-0.3527865409851074,1.858816146850586,2.1240947246551514,-2.401552677154541,-1.8643598556518555,0.09663034230470657,-0.017382783815264702,-0.06360843032598495,0.3213096261024475,0.42119100689888,-0.06876345723867416,0.17116904258728027,-1.1821633577346802,-0.8141626715660095,-0.355681836605072,1.8597393035888672,2.1289072036743164,-2.401749610900879,-1.8637869358062744,-0.015173958614468575,0.03768784552812576,0.16093230247497559,-1.3660023212432861,0.08026938140392303,-0.02820403501391411,0.026271065697073936,0.8882952928543091,-0.045721635222435,0.03636637330055237,-0.1246223971247673,-2.744044542312622,0.11588605493307114,1.9341650009155273
3.16,8.897027146304026e-05,0.00022038578754290938,-0.015428555198013783,-0.00013185977877583355,0.00016232578491326421,-0.00017955464136321098,1.0504103187258806e-07,3.795154768226894e-08,-1.0,0.20000000298023224,0.0,0.0,0.0,0.09425853937864304,-0.019457384943962097,-0.060243453830480576,0.319583922624588,0.4211243987083435,-0.06965330243110657,0.17006266117095947,-1.1858564615249634,-0.8204622864723206,-0.3540751039981842,1.859202265739441,2.1273207664489746,-2.4014952182769775,-1.861898422241211,-0.10098493099212646,-0.18250761926174164,0.24823521077632904,-1.6562777757644653,-0.09497252851724625,-0.02439405396580696,-0.04145118594169617,0.7031659483909607,-0.6278511881828308,0.06444159895181656,-0.056113529950380325,-3.0166823863983154,-0.19485944509506226,2.517306327819824,0.13996773958206177,-0.17177291214466095,-0.07514815032482147,0.5327275991439819,-0.030814820900559425,-0.9670305848121643,1.7318830490112305,-1.0310477018356323,0.8190799951553345,1.8528372049331665,0.36994123458862305,0.8208639025688171,-1.3714474439620972,-0.27099609375,2.8610000610351562,0.15716136991977692,-0.2146359384059906,-0.07639415562152863,0.5291159152984619,-0.042252324521541595,-0.9523211121559143,1.717272162437439,-1.0357967615127563,0.8080567717552185,1.8243706226348877,0.38747239112854004,0.7963493466377258,-1.3876090049743652,-0.27014175057411194,0.09028717130422592,-0.04653927683830261,-0.048399604856967926,0.2971037030220032,0.4137499928474426,-0.06985431164503098,0.1699494570493698,-1.195298671722412,-0.8321666121482849,-0.3541121780872345,1.8610001802444458,2.1141107082366943,-2.4043829441070557,-1.8628820180892944,0.09425853937864304,-0.019457384943962097,-0.060243453830480576,0.319583922624588,0.4211243987083435,-0.06965330243110657,0.17006266117095947,-1.1858564615249634,-0.8204622864723206,-0.3540751039981842,1.859202265739441,2.1273207664489746,-2.4014952182769775,-1.861898422241211,-0.10098493099212646,-0.18250761926174164,0.24823521077632904,-1.6562777757644653,-0.09497252851724625,-0.02439405396580696,-0.04145118594169617,0.7031659483909607,-0.6278511881828308,0.06444159895181656,-0.056113529950380325,-3.0166823863983154,-0.19485944509506226,2.517306327819824
3.183,3.5278211726108566e-05,0.000244793453020975,-0.015457214787602425,9.106259676627815e-05,6.686440610792488e-05,0.00020028772996738553,7.922195521814501e-08,-1.0378865766824674e-07,-1.0,0.20000000298023224,0.0,0.0,0.0,0.09095598757266998,-0.02452889457345009,-0.0555732399225235,0.3107006847858429,0.418697714805603,-0.06904579699039459,0.1675340235233307,-1.1921875476837158,-0.8304608464241028,-0.35491952300071716,1.8602898120880127,2.11447811126709,-2.404695987701416,-1.8605873584747314,-0.07805188000202179,-0.28156307339668274,0.13897566497325897,-0.3875419497489929,-0.15464365482330322,-0.01324810553342104,-0.02669462561607361,-0.42660409212112427,-0.4916844367980957,0.04163431376218796,-0.03491001948714256,-0.23596994578838348,-0.26592937111854553,-0.9863953590393066,0.15716136991977692,-0.2146359384059906,-0.07639415562152863,0.5291159152984619,-0.042252324521541595,-0.9523211121559143,1.717272162437439,-1.0357967615127563,0.8080567717552185,1.8243706226348877,0.38747239112854004,0.7963493466377258,-1.3876090049743652,-0.27014175057411194,2.8389999866485596,0.20449744164943695,-0.0982329323887825,-0.03288885951042175,0.591436505317688,0.01687101647257805,-0.9425423741340637,1.689226508140564,-0.9823370575904846,0.8745236396789551,1.8301795721054077,0.3534325659275055,0.7916095852851868,-1.318174958229065,-0.21472880244255066,0.0926794782280922,-0.0470547154545784,-0.042008571326732635,0.29682663083076477,0.4147270917892456,-0.06809768825769424,0.16526222229003906,-1.1940926313400269,-0.8326009511947632,-0.35459181666374207,1.859343409538269,2.105649471282959,-2.3997039794921875,-1.8561584949493408,0.09037099033594131,-0.026956381276249886,-0.05467944219708443,0.3078596293926239,0.4174947142601013,-0.0691765621304512,0.16749872267246246,-1.1945669651031494,-0.8326559662818909,-0.3547610640525818,1.8598911762237549,2.113408088684082,-2.4060311317443848,-1.8673065900802612,-0.05104583874344826,-0.2242266833782196,0.07647794485092163,-0.4574839174747467,-0.10092844814062119,-0.0128866545855999,-0.0024918774142861366,0.06431836634874344,-0.09223475307226181,0.0045093572698533535,-0.03387567400932312,-0.5347286462783813,-0.04828892648220062,0.10049623250961304
3.201,3.5278211726108566e-05,0.000244793453020975,-0.015457214787602425,-0.00013226775627117604,0.0001569356390973553,-0.0001865424565039575,1.1087375639817765e-07,8.526732209190868e-09,-1.0,0.20000000298023224,0.0,0.0,0.0,0.09138871729373932,-0.029429787769913673,-0.05155392363667488,0.30478787422180176,0.4175029993057251,-0.06806447356939316,0.1649947166442871,-1.1934083700180054,-0.8339532613754272,-0.3560819923877716,1.8585031032562256,2.109199047088623,-2.4013142585754395,-1.863409161567688,0.2542983591556549,-0.26364558935165405,0.14684344828128815,-1.109432339668274,-0.07850664854049683,0.048246320337057114,-0.46696737408638,0.8763498663902283,0.1350696086883545,0.1728062629699707,-0.06612876057624817,-2.6119537353515625,0.7182360291481018,2.96470046043396,0.20449744164943695,-0.0982329323887825,-0.03288885951042175,0.591436505317688,0.01687101647257805,-0.9425423741340637,1.689226508140564,-0.9823370575904846,0.8745236396789551,1.8301795721054077,0.3534325659275055,0.7916095852851868,-1.318174958229065,-0.21472880244255066,2.821000099182129,0.15050965547561646,-0.1945096105337143,-0.032930225133895874,0.5246040225028992,-0.04549739882349968,-0.9486203789710999,1.7332103252410889,-1.0549829006195068,0.845536470413208,1.8335087299346924,0.34713515639305115,0.7988603115081787,-1.346081018447876,-0.27800366282463074,0.08919454365968704,-0.05709473043680191,-0.036899879574775696,0.28992170095443726,0.4092719554901123,-0.06730018556118011,0.16591081023216248,-1.2003923654556274,-0.8358471393585205,-0.3546425998210907,1.8573882579803467,2.0996055603027344,-2.3987512588500977,-1.857107162475586,0.09147766977548599,-0.03137126937508583,-0.05025947839021683,0.30349642038345337,0.416915625333786,-0.06800412386655807,0.16253244876861572,-1.192344307899475,-0.8334277868270874,-0.35513970255851746,1.8578656911849976,2.1055731773376465,-2.401129722595215,-1.857280969619751,-0.02856101468205452,-0.17150697112083435,0.09396927803754807,-1.3380236625671387,-0.059634219855070114,3.859094067593105e-05,-0.1083594337105751,1.038618803024292,0.019894985482096672,0.03137518838047981,-0.05501541867852211,-2.877072334289551,-0.19182641804218292,2.7092652320861816
3.22,-6.825043965363875e-05,0.000318803678965196,-0.015516308136284351,-0.0001231643109349534,0.00015837696264497936,-0.00017177413974422961,1.0072997014276552e-07,4.892092775321544e-08,-1.0,0.20000000298023224,0.0,0.0,0.0,0.08902110904455185,-0.035378698259592056,-0.04705211892724037,0.2990645468235016,0.41512545943260193,-0.06722664088010788,0.162531778216362,-1.195957064628601,-0.8353502750396729,-0.355356365442276,1.8553497791290283,2.1014764308929443,-2.401888608932495,-1.8518736362457275,-0.07122378051280975,-0.29546791315078735,0.17795079946517944,-1.5114573240280151,-0.15320086479187012,0.0038826456293463707,0.012822452001273632,0.5956473350524902,-0.2164703905582428,0.08909506350755692,-0.0071617672219872475,-2.846756935119629,-0.1398831456899643,2.092578649520874,0.15050965547561646,-0.1945096105337143,-0.032930225133895874,0.5246040225028992,-0.04549739882349968,-0.9486203789710999,1.7332103252410889,-1.0549829006195068,0.845536470413208,1.8335087299346924,0.34713515639305115,0.7988603115081787,-1.346081018447876,-0.27800366282463074,2.8010001182556152,0.15957163274288177,-0.20881043374538422,-0.03846118599176407,0.5177466869354248,-0.03918524831533432,-0.9296562671661377,1.695650577545166,-1.035231590270996,0.8294816017150879,1.8126428127288818,0.36819174885749817,0.7652976512908936,-1.3631255626678467,-0.25819599628448486,0.08731279522180557,-0.06655682623386383,-0.03336602449417114,0.2837120294570923,0.40553906559944153,-0.06476577371358871,0.1626737117767334,-1.2034571170806885,-0.8400496244430542,-0.3567698001861572,1.8579298257827759,2.091414213180542,-2.399693489074707,-1.8558852672576904,0.08902110904455185,-0.035378698259592056,-0.04705211892724037,0.2990645468235016,0.41512545943260193,-0.06722664088010788,0.162531778216362,-1.195957064628601,-0.8353502750396729,-0.355356365442276,1.8553497791290283,2.1014764308929443,-2.401888608932495,-1.8518736362457275,-0.07122378051280975,-0.29546791315078735,0.17795079946517944,-1.5114573240280151,-0.15320086479187012,0.0038826456293463707,0.012822452001273632,0.5956473350524902,-0.2164703905582428,0.08909506350755692,-0.0071617672219872475,-2.846756935119629,-0.1398831456899643,2.092578649520874
3.243,-6.825043965363875e-05,0.000318803678965196,-0.015516308136284351,-0.00012288913421798497,0.00015249133866745979,-0.0001758017751853913,1.060012024822754e-07,4.4349082628514225e-08,-1.0,0.20000000298023224,0.0,0.0,0.0,0.08634790778160095,-0.04234784096479416,-0.04195627197623253,0.2923423647880554,0.4116947054862976,-0.0656847432255745,0.1604185700416565,-1.201287865638733,-0.8395815491676331,-0.35723912715911865,1.8561878204345703,2.0934746265411377,-2.399961233139038,-1.8540849685668945,-0.07426068186759949,-0.31324338912963867,0.1797340363264084,-1.4906878471374512,-0.16699615120887756,0.02101420797407627,-0.10083884745836258,0.756289005279541,-0.28709059953689575,0.04254133999347687,0.0029001678340137005,-3.003228187561035,-0.11916756629943848,2.0987584590911865,0.15957163274288177,-0.20881043374538422,-0.03846118599176407,0.5177466869354248,-0.03918524831533432,-0.9296562671661377,1.695650577545166,-1.035231590270996,0.8294816017150879,1.8126428127288818,0.36819174885749817,0.7652976512908936,-1.3631255626678467,-0.25819599628448486,2.7799999713897705,0.16597095131874084,-0.21956539154052734,-0.025115296244621277,0.513725221157074,-0.04471161216497421,-0.9238793253898621,1.6915583610534668,-1.0504217147827148,0.8327082991600037,1.8031784296035767,0.36695748567581177,0.75400310754776,-1.3614397048950195,-0.25806885957717896,0.0864473283290863,-0.07520200312137604,-0.0292043499648571,0.2783421576023102,0.4020001292228699,-0.06216055154800415,0.15967482328414917,-1.2074278593063354,-0.8430888652801514,-0.35941803455352783,1.8582396507263184,2.0837316513061523,-2.4002788066864014,-1.8548951148986816,0.08595283329486847,-0.04504772648215294,-0.04077816754579544,0.29069778323173523,0.41032344102859497,-0.06549888849258423,0.16012828052043915,-1.2022050619125366,-0.8408756852149963,-0.35713982582092285,1.8560874462127686,2.0900533199310303,-2.4011940956115723,-1.8569806814193726,-0.029808560386300087,-0.24947161972522736,0.09933722764253616,-1.321141242980957,-0.11871558427810669,0.01446470059454441,-0.006711428984999657,0.9226253032684326,-0.05373126640915871,-0.0006731259054504335,-0.00794125720858574,-2.7872040271759033,-0.07616513967514038,2.0550038814544678
3.261,-8.23383525130339e-05,0.0003203336673323065,-0.015592784620821476,-0.0001282133162021637,0.00015008446644060314,-0.00018903729505836964,1.2022235296171857e-07,3.171975748728073e-08,-1.0,0.20000000298023224,0.0,0.0,0.0,0.08496683090925217,-0.049232084304094315,-0.0377984493970871,0.28693968057632446,0.4084072709083557,-0.0640069767832756,0.15792377293109894,-1.2038569450378418,-0.8419279456138611,-0.35947665572166443,1.8565444946289062,2.085916042327881,-2.4000308513641357,-1.8528060913085938,-0.09779669344425201,-0.47223150730133057,0.22283011674880981,-1.4132851362228394,-0.2676120698451996,0.03143219277262688,-0.2054288387298584,0.22232554852962494,-0.26476410031318665,-0.06124619022011757,0.004459615331143141,-2.5732533931732178,-0.019019637256860733,2.775815010070801,0.16597095131874084,-0.21956539154052734,-0.025115296244621277,0.513725221157074,-0.04471161216497421,-0.9238793253898621,1.6915583610534668,-1.0504217147827148,0.8327082991600037,1.8031784296035767,0.36695748567581177,0.75400310754776,-1.3614397048950195,-0.25806885957717896,2.760999917984009,0.1673148274421692,-0.21179454028606415,-0.026129044592380524,0.49800094962120056,-0.04878195375204086,-0.9175241589546204,1.6553977727890015,-1.0132852792739868,0.8470718860626221,1.7980295419692993,0.34885385632514954,0.7722888588905334,-1.3388077020645142,-0.26624202728271484,0.08588934689760208,-0.08134105801582336,-0.025976384058594704,0.2724738121032715,0.39876192808151245,-0.05944085866212845,0.1536596417427063,-1.2068908214569092,-0.8440839052200317,-0.36205148696899414,1.8566770553588867,2.0794143676757812,-2.3984837532043457,-1.8549203872680664,0.0845659151673317,-0.052365172654390335,-0.036487970501184464,0.2848449647426605,0.40696147084236145,-0.06368274241685867,0.1570630669593811,-1.2060173749923706,-0.8438499569892883,-0.3597409129142761,1.8564164638519287,2.0829508304595947,-2.4017298221588135,-1.8543325662612915,-0.023317573592066765,-0.2686328887939453,0.08929350972175598,-1.3168320655822754,-0.12405999004840851,0.02941921539604664,-0.027337683364748955,0.8895232081413269,-0.07687170803546906,-0.012023054994642735,-0.016961796209216118,-2.8025519847869873,-0.14304916560649872,1.9750101566314697
3.2800000000000002,-8.23383525130339e-05,0.0003203336673323065,-0.015592784620821476,-2.1722082237829454e-05,1.9691826310008764e-05,-3.451723750913516e-05,4.3880248767891317e-08,-1.7001283936224354e-08,-1.0,0.20000000298023224,0.0,0.0,0.0,0.08382615447044373,-0.05695087090134621,-0.033109474927186966,0.2801831066608429,0.404571533203125,-0.06185862049460411,0.15317195653915405,-1.2053017616271973,-0.8442791104316711,-0.36240261793136597,1.8553016185760498,2.075404167175293,-2.3979899883270264,-1.8547382354736328,-0.0375889390707016,-0.35831519961357117,0.1344461739063263,-0.23495638370513916,-0.15102164447307587,0.050419967621564865,-0.3803423345088959,-0.16275036334991455,-0.2107565701007843,0.02150002308189869,-0.03702772781252861,-0.1241021379828453,-0.004176361486315727,-0.6655533909797668,0.1673148274421692,-0.21179454028606415,-0.026129044592380524,0.49800094962120056,-0.04878195375204086,-0.9175241589546204,1.6553977727890015,-1.0132852792739868,0.8470718860626221,1.7980295419692993,0.34885385632514954,0.7722888588905334,-1.3388077020645142,-0.26624202728271484,2.740999937057495,0.20304058492183685,-0.08992119133472443,0.025433192029595375,0.5464017391204834,0.023917164653539658,-0.9300414323806763,1.658835768699646,-0.9961408972740173,0.9054394960403442,1.8371684551239014,0.29077303409576416,0.7968112230300903,-1.2581255435943604,-0.22639891505241394,0.08901554346084595,-0.07406497001647949,-0.01823778823018074,0.27261924743652344,0.40344125032424927,-0.05851683020591736,0.14919130504131317,-1.2047467231750488,-0.8390432000160217,-0.36024436354637146,1.8496190309524536,2.0784127712249756,-2.388979434967041,-1.8509562015533447,0.08382615447044373,-0.05695087090134621,-0.033109474927186966,0.2801831066608429,0.404571533203125,-0.06185862049460411,0.15317195653915405,-1.2053017616271973,-0.8442791104316711,-0.36240261793136597,1.8553016185760498,2.075404167175293,-2.3979899883270264,-1.8547382354736328,-0.0375889390707016,-0.35831519961357117,0.1344461739063263,-0.23495638370513916,-0.15102164447307587,0.050419967621564865,-0.3803423345088959,-0.16275036334991455,-0.2107565701007843,0.02150002308189869,-0.03702772781252861,-0.1241021379828453,-0.004176361486315727,-0.6655533909797668
3.302,-5.370013968786225e-05,0.00033059314591810107,-0.015705518424510956,0.00011907566658919677,-0.00015852035721763968,0.0001702128938632086,-7.280306846269013e-08,-9.592584149231698e-08,-1.0,0.20000000298023224,0.0,0.0,0.0,0.08549664169549942,-0.05960346385836601,-0.028667323291301727,0.2785976231098175,0.40380603075027466,-0.060147445648908615,0.14678271114826202,-1.2045485973358154,-0.84164959192276,-0.3610246181488037,1.8513892889022827,2.0767080783843994,-2.3919477462768555,-1.8572685718536377,0.02596135437488556,-0.1214308962225914,0.1521144062280655,1.115082025527954,-0.0015006846515461802,0.047234322875738144,-0.25548598170280457,-0.7937019467353821,0.3213038742542267,0.1342749297618866,-0.2025807797908783,2.4802331924438477,0.17977215349674225,-1.7016559839248657,0.20304058492183685,-0.08992119133472443,0.025433192029595375,0.5464017391204834,0.023917164653539658,-0.9300414323806763,1.658835768699646,-0.9961408972740173,0.9054394960403442,1.8371684551239014,0.29077303409576416,0.7968112230300903,-1.2581255435943604,-0.22639891505241394,2.7209999561309814,0.19003230333328247,0.01821514591574669,-0.008050315082073212,0.5946781635284424,0.11859539151191711,-0.9477792382240295,1.6473534107208252,-0.8980005979537964,0.9509332180023193,1.9006739854812622,0.21223357319831848,0.869290292263031,-1.1518495082855225,-0.20766788721084595,0.09021566808223724,-0.057430461049079895,-0.015395262278616428,0.277563214302063,0.4166525602340698,-0.059551388025283813,0.14446839690208435,-1.193217396736145,-0.8304612636566162,-0.35244810581207275,1.8361185789108276,2.0848591327667236,-2.370748519897461,-1.8459117412567139,0.0855482965707779,-0.06096575781702995,-0.02739827148616314,0.27801892161369324,0.40367165207862854,-0.0598047599196434,0.14574585855007172,-1.2035114765167236,-0.8401927947998047,-0.3605595827102661,1.8498175144195557,2.075894832611084,-2.392230272293091,-1.8525032997131348,-0.0006211117142811418,-0.13247624039649963,0.1265305131673813,1.130455732345581,-0.018794149160385132,0.02985314093530178,-0.029069745913147926,-0.8911586999893188,0.06425103545188904,0.005264954641461372,-0.11959443241357803,2.461338758468628,-0.054332491010427475,-1.994715690612793
3.32,-5.370013968786225e-05,0.00033059314591810107,-0.015705518424510956,0.00011420097871450707,-0.00016996960039250553,0.0001549432781757787,-7.426536541288442e-08,-1.1504441488341399e-07,-1.0,0.20000000298023224,0.0,0.0,0.0,0.08656249195337296,-0.05977742746472359,-0.022928578779101372,0.27830708026885986,0.4052664041519165,-0.06071630120277405,0.14266258478164673,-1.198436975479126,-0.8357301354408264,-0.3547228276729584,1.8453683853149414,2.0760741233825684,-2.3789987564086914,-1.855074405670166,0.06549715995788574,0.1669529676437378,0.21582333743572235,0.996113657951355,0.2638382911682129,0.06143053248524666,-0.28882139921188354,0.013836721889674664,0.6892004013061523,0.34379610419273376,-0.4405496120452881,2.172459363937378,1.4100643396377563,-1.8177059888839722,0.19003230333328247,0.01821514591574669,-0.008050315082073212,0.5946781635284424,0.11859539151191711,-0.9477792382240295,1.6473534107208252,-0.8980005979537964,0.9509332180023193,1.9006739854812622,0.21223357319831848,0.869290292263031,-1.1518495082855225,-0.20766788721084595,2.7009999752044678,0.15661801397800446,0.051263149827718735,0.034363120794296265,0.572043240070343,0.13411325216293335,-0.9725131392478943,1.6816751956939697,-0.9303075671195984,0.9425919055938721,1.9567245244979858,0.16706529259681702,0.8961081504821777,-1.0978065729141235,-0.20719453692436218,0.08783434331417084,-0.04081805422902107,-0.008879898115992546,0.2792549133300781,0.4287733733654022,-0.06285242736339569,0.14412224292755127,-1.1872246265411377,-0.8244298696517944,-0.34060603380203247,1.8208013772964478,2.092698097229004,-2.350759506225586,-1.8418288230895996,0.08656249195337296,-0.05977742746472359,-0.022928578779101372,0.27830708026885986,0.4052664041519165,-0.06071630120277405,0.14266258478164673,-1.198436975479126,-0.8357301354408264,-0.3547228276729584,1.8453683853149414,2.0760741233825684,-2.3789987564086914,-1.855074405670166,0.06549715995788574,0.1669529676437378,0.21582333743572235,0.996113657951355,0.2638382911682129,0.06143053248524666,-0.28882139921188354,0.013836721889674664,0.6892004013061523,0.34379610419273376,-0.4405496120452881,2.172459363937378,1.4100643396377563,-1.8177059888839722
3.34,1.2824126315535977e-05,0.00029289271333254874,-0.015819216147065163,-0.00012839247938245535,0.00016181872342713177,-0.00018087810894940048,4.879954218495186e-08,3.874318110774766e-08,-1.0,0.20000000298023224,0.0,0.0,0.0,0.08450387418270111,-0.05519396811723709,-0.01852358877658844,0.28010109066963196,0.4115382432937622,-0.0625046119093895,0.14141158759593964,-1.1872882843017578,-0.8275496959686279,-0.34284040331840515,1.833470344543457,2.0848400592803955,-2.357856512069702,-1.845534086227417,-0.009193723089993,0.2635520100593567,0.150822252035141,-1.1154943704605103,0.3536897897720337,0.01483944896608591,0.018582947552204132,1.4282047748565674,0.3756539225578308,0.3173563778400421,-0.5892655253410339,-2.1538844108581543,1.028422474861145,3.5785164833068848,0.15661801397800446,0.051263149827718735,0.034363120794296265,0.572043240070343,0.13411325216293335,-0.9725131392478943,1.6816751956939697,-0.9303075671195984,0.9425919055938721,1.9567245244979858,0.16706529259681702,0.8961081504821777,-1.0978065729141235,-0.20719453692436218,2.680999994277954,0.0909961462020874,-0.13586382567882538,0.02827920764684677,0.4305347502231598,0.029339563101530075,-0.9908501505851746,1.7124981880187988,-1.0749356746673584,0.828373908996582,1.9568324089050293,0.22731906175613403,0.8520937561988831,-1.1923857927322388,-0.25203192234039307,0.07936709374189377,-0.046240828931331635,-0.00427599810063839,0.2664574086666107,0.42799267172813416,-0.06732695549726486,0.1469276249408722,-1.1968932151794434,-0.831026554107666,-0.3311215937137604,1.814573049545288,2.0945677757263184,-2.344226121902466,-1.8430461883544922,0.08450387418270111,-0.05519396811723709,-0.01852358877658844,0.28010109066963196,0.4115382432937622,-0.0625046119093895,0.14141158759593964,-1.1872882843017578,-0.8275496959686279,-0.34284040331840515,1.833470344543457,2.0848400592803955,-2.357856512069702,-1.845534086227417,-0.009193723089993,0.2635520100593567,0.150822252035141,-1.1154943704605103,0.3536897897720337,0.01483944896608591,0.018582947552204132,1.4282047748565674,0.3756539225578308,0.3173563778400421,-0.5892655253410339,-2.1538844108581543,1.028422474861145,3.5785164833068848
3.362,1.2824126315535977e-05,0.00029289271333254874,-0.015819216147065163,0.00012722292740363628,-0.00015968873049132526,0.0001797199947759509,-8.12599552091342e-08,-6.4025066137674e-08,-1.0,0.20000000298023224,0.0,0.0,0.0,0.08187220990657806,-0.05323107913136482,-0.014242041856050491,0.2777133584022522,0.41637304425239563,-0.06471814960241318,0.14418566226959229,-1.1894689798355103,-0.8302832245826721,-0.33311107754707336,1.8210391998291016,2.0932559967041016,-2.348435401916504,-1.833916425704956,-0.09934543073177338,0.11866751313209534,0.1691710352897644,0.7137103080749512,0.1928381323814392,-0.03271199390292168,0.08067388087511063,-1.3379343748092651,-0.2871982753276825,0.26148682832717896,-0.3333532214164734,2.2808382511138916,0.3405187726020813,-2.0694501399993896,0.0909961462020874,-0.13586382567882538,0.02827920764684677,0.4305347502231598,0.029339563101530075,-0.9908501505851746,1.7124981880187988,-1.0749356746673584,0.828373908996582,1.9568324089050293,0.22731906175613403,0.8520937561988831,-1.1923857927322388,-0.25203192234039307,2.6600000858306885,0.11585527658462524,0.020008698105812073,0.014844119548797607,0.550292432308197,0.12347167730331421,-0.9890055060386658,1.628358244895935,-0.8741851449012756,0.8713285326957703,1.9934011697769165,0.17240574955940247,0.8158320188522339,-1.0785777568817139,-0.1342701017856598,0.07507920265197754,-0.0349917970597744,-0.0019363865721970797,0.26819515228271484,0.4367813169956207,-0.07072211802005768,0.14075793325901031,-1.1845531463623047,-0.832008421421051,-0.31987717747688293,1.8040990829467773,2.092437505722046,-2.3276185989379883,-1.8322440385818481,0.08108998090028763,-0.051959648728370667,-0.012735742144286633,0.2755395472049713,0.41824597120285034,-0.0651196837425232,0.14459320902824402,-1.1933294534683228,-0.8313740491867065,-0.33204248547554016,1.818345546722412,2.0932817459106445,-2.346126079559326,-1.838791847229004,-0.07160476595163345,0.12352491915225983,0.1362236887216568,1.0081366300582886,0.17616859078407288,-0.03973294049501419,0.018248872831463814,-1.21530020236969,-0.02841845527291298,0.03404569253325462,-0.2257339060306549,2.3788511753082275,0.1388397216796875,-2.820857524871826
3.3810000000000002,8.086743764579296e-05,0.00023847189731895924,-0.015921639278531075,-0.0001318517461186275,0.00015312613686546683,-0.00019051856361329556,8.949165675176118e-08,2.6886480597454465e-08,-1.0,0.20000000298023224,0.0,0.0,0.0,0.07817395776510239,-0.04851856827735901,-0.008837942965328693,0.27345624566078186,0.4214683473110199,-0.06817993521690369,0.14135321974754333,-1.1894651651382446,-0.8330408334732056,-0.32242199778556824,1.813516616821289,2.087777614593506,-2.3331804275512695,-1.8410624265670776,-0.12144483625888824,0.33049699664115906,0.16803734004497528,-1.0105873346328735,0.2933158278465271,-0.028276102617383003,-0.42650967836380005,1.4229954481124878,-0.016328586265444756,0.27870801091194153,-0.44607317447662354,-2.222113609313965,1.370647668838501,1.7769129276275635,0.11585527658462524,0.020008698105812073,0.014844119548797607,0.550292432308197,0.12347167730331421,-0.9890055060386658,1.628358244895935,-0.8741851449012756,0.8713285326957703,1.9934011697769165,0.17240574955940247,0.8158320188522339,-1.0785777568817139,-0.1342701017856598,2.6410000324249268,0.0998271107673645,-0.15143854916095734,0.08348341286182404,0.4468662440776825,0.0220617838203907,-0.9890971779823303,1.7507035732269287,-1.0878764390945435,0.8042773008346558,1.9782642126083374,0.20955419540405273,0.7760813236236572,-1.1464626789093018,-0.20418328046798706,0.0700460746884346,-0.04313729330897331,0.0067992317490279675,0.2592427432537079,0.433671236038208,-0.07344741374254227,0.14805671572685242,-1.1960501670837402,-0.8394989967346191,-0.3123953342437744,1.7994346618652344,2.0867581367492676,-2.3211212158203125,-1.8305935859680176,0.07731533795595169,-0.04622554033994675,-0.00816559698432684,0.2729252278804779,0.42408183217048645,-0.06856625527143478,0.1389913409948349,-1.1849955320358276,-0.8327823877334595,-0.3211921751499176,1.809631109237671,2.0870320796966553,-2.3288931846618652,-1.835889220237732,-0.07480473816394806,0.19986030459403992,0.039812784641981125,-1.2295349836349487,0.24122442305088043,-0.04188361391425133,-0.14898495376110077,1.2583776712417603,0.033678967505693436,0.05533110722899437,-0.3332679271697998,-2.5837972164154053,0.0279989130795002,2.9939188957214355
3.402,8.086743764579296e-05,0.00023847189731895924,-0.015921639278531075,-0.00012779496319126338,0.0001625510340090841,-0.0001815823052311316,7.885767416837552e-08,5.850546358487918e-08,-1.0,0.20000000298023224,0.0,0.0,0.0,0.07439897954463959,-0.046675071120262146,-0.005412510596215725,0.2711166441440582,0.4249967038631439,-0.07080437988042831,0.14193597435951233,-1.1889539957046509,-0.8377336263656616,-0.31470832228660583,1.8023567199707031,2.0869109630584717,-2.3277699947357178,-1.8249015808105469,-0.1476297825574875,0.045520853251218796,0.18076469004154205,-1.4838595390319824,0.11810969561338425,-0.041245680302381516,0.23983705043792725,0.500656247138977,-0.48701226711273193,0.22936394810676575,-0.23480598628520966,-2.5971288681030273,0.07950209081172943,2.6492652893066406,0.0998271107673645,-0.15143854916095734,0.08348341286182404,0.4468662440776825,0.0220617838203907,-0.9890971779823303,1.7507035732269287,-1.0878764390945435,0.8042773008346558,1.9782642126083374,0.20955419540405273,0.7760813236236572,-1.1464626789093018,-0.20418328046798706,2.621000051498413,0.10151070356369019,-0.22043628990650177,0.04134240001440048,0.4452816843986511,-0.005260314792394638,-0.9562862515449524,1.6890534162521362,-1.0317455530166626,0.7776707410812378,1.9345890283584595,0.25618690252304077,0.713985025882721,-1.1845877170562744,-0.17740696668624878,0.06618793308734894,-0.05655346065759659,0.009573625400662422,0.2519223690032959,0.42845097184181213,-0.07234655320644379,0.1477307230234146,-1.1996346712112427,-0.8481521606445312,-0.31077736616134644,1.8003665208816528,2.076004981994629,-2.3197357654571533,-1.826595664024353,0.07334227859973907,-0.04588547721505165,-0.003490674775093794,0.2685878276824951,0.42627087235450745,-0.07122636586427689,0.14396138489246368,-1.1919488906860352,-0.8397442698478699,-0.313673734664917,1.8007110357284546,2.08537220954895,-2.3254199028015137,-1.8261598348617554,-0.09115438163280487,0.08197057247161865,0.1796238124370575,-1.3957829475402832,0.12677980959415436,-0.04366421699523926,0.17656128108501434,0.7246401906013489,-0.07119306921958923,0.04850487411022186,-0.12220973521471024,-2.777116537094116,0.27909722924232483,2.0760788917541504
3.421,9.431064972886816e-05,0.00021685869432985783,-0.015996070578694344,-0.0001266428444068879,0.00014809581625740975,-0.00018651016580406576,1.021910946974458e-07,5.641885181262296e-08,-1.0,0.20000000298023224,0.0,0.0,0.0,0.07043160498142242,-0.04732371121644974,-8.805600373307243e-05,0.26354745030403137,0.4268663823604584,-0.07061002403497696,0.14448650181293488,-1.1961784362792969,-0.8455498814582825,-0.3131379187107086,1.8005234003067017,2.081376791000366,-2.322658061981201,-1.82350754737854,-0.16674426198005676,-0.17328830063343048,0.281156063079834,-1.5740121603012085,-0.0347580648958683,-0.02276681736111641,0.11221074312925339,0.5149956941604614,-0.544747531414032,0.3642316162586212,-0.03077676147222519,-2.877718687057495,0.2035706639289856,2.263054370880127,0.10151070356369019,-0.22043628990650177,0.04134240001440048,0.4452816843986511,-0.005260314792394638,-0.9562862515449524,1.6890534162521362,-1.0317455530166626,0.7776707410812378,1.9345890283584595,0.25618690252304077,0.713985025882721,-1.1845877170562744,-0.17740696668624878,2.6010000705718994,0.10943030565977097,-0.25307103991508484,0.058324385434389114,0.455329030752182,-0.021286237984895706,-0.9250420928001404,1.6751259565353394,-1.034364104270935,0.7789357304573059,1.8957184553146362,0.27255359292030334,0.6737873554229736,-1.194612741470337,-0.1735992729663849,0.0638933777809143,-0.070549875497818,0.013491339050233364,0.2470707893371582,0.4226721525192261,-0.0683414489030838,0.14607718586921692,-1.2027641534805298,-0.8549481630325317,-0.3133700489997864,1.8027485609054565,2.063382863998413,-2.3196299076080322,-1.8230164051055908,0.06935335695743561,-0.04823001101613045,0.0016483425861224532,0.2609802484512329,0.42683079838752747,-0.07083044201135635,0.14554952085018158,-1.1980055570602417,-0.8480897545814514,-0.31170499324798584,1.8000978231430054,2.0772922039031982,-2.320998430252075,-1.826372504234314,-0.09024528414011002,-0.0701468363404274,0.1300894021987915,-1.344175100326538,0.007832496426999569,-0.027731522917747498,0.07501990348100662,0.8471512794494629,-0.11070020496845245,0.053827621042728424,-0.04241650179028511,-2.8504693508148193,0.14506477117538452,1.966747522354126
3.442,9.431064972886816e-05,0.00021685869432985783,-0.015996070578694344,-2.318435326742474e-05,2.3095371943782084e-05,-3.6152916436549276e-05,3.768199263731731e-08,9.790078969729166e-09,-1.0,0.20000000298023224,0.0,0.0,0.0,0.06644587963819504,-0.05169660225510597,0.005024086683988571,0.2559361159801483,0.42526277899742126,-0.06935378164052963,0.14389896392822266,-1.2011854648590088,-0.8534755110740662,-0.3141603469848633,1.8019603490829468,2.067173957824707,-2.320171594619751,-1.822385549545288,-0.11031004786491394,-0.23660776019096375,0.18491411209106445,-0.307153582572937,-0.1027846559882164,0.02150755375623703,0.01568194478750229,-0.24616600573062897,-0.41876667737960815,0.018198169767856598,-0.015486981719732285,-0.4759489893913269,-0.03991217166185379,-0.686198353767395,0.10943030565977097,-0.25307103991508484,0.058324385434389114,0.455329030752182,-0.021286237984895706,-0.9250420928001404,1.6751259565353394,-1.034364104270935,0.7789357304573059,1.8957184553146362,0.27255359292030334,0.6737873554229736,-1.194612741470337,-0.1735992729663849,2.5810000896453857,0.15420222282409668,-0.15612398087978363,0.0980382114648819,0.5232826471328735,0.03273538127541542,-0.9214085340499878,1.6625349521636963,-0.9867686629295349,0.8432300686836243,1.9081223011016846,0.22974468767642975,0.669757068157196,-1.1348903179168701,-0.13104146718978882,0.06653492897748947,-0.07205229997634888,0.02059689164161682,0.24998489022254944,0.4234512448310852,-0.06477401405572891,0.14349526166915894,-1.2005081176757812,-0.8539555072784424,-0.31420379877090454,1.8003733158111572,2.052881956100464,-2.313572883605957,-1.8158972263336182,0.06563316285610199,-0.05370548367500305,0.006273970007896423,0.25423285365104675,0.42450621724128723,-0.06916043907403946,0.1440746933221817,-1.2024739980697632,-0.8553544878959656,-0.314072847366333,1.8016968965530396,2.0649547576904297,-2.320410966873169,-1.8275824785232544,-0.07136793434619904,-0.18489737808704376,0.10478156805038452,-0.42420774698257446,-0.06122846156358719,0.01709090732038021,0.0034770199563354254,0.20528548955917358,-0.07907456904649734,0.004260299261659384,-0.026031536981463432,-0.8025875687599182,-0.010332455858588219,0.38024258613586426
3.46,6.536876026075333e-05,0.0002229980891570449,-0.01605791226029396,-0.0001274182868655771,0.00015334827185142785,-0.00018948045908473432,7.631661702589554e-08,2.0214503848592358e-08,-1.0,0.20000000298023224,0.0,0.0,0.0,0.0666692852973938,-0.05679004639387131,0.00972870085388422,0.2549422085285187,0.4246758222579956,-0.06759233772754669,0.14223815500736237,-1.200425624847412,-0.8555147051811218,-0.3154228627681732,1.7992480993270874,2.0604050159454346,-2.3152050971984863,-1.8231933116912842,0.11621004343032837,-0.25145983695983887,0.21653401851654053,-0.7678702473640442,-0.003314319532364607,0.06448904424905777,-0.28256598114967346,1.0280050039291382,0.1389346867799759,0.12620943784713745,-0.05094951018691063,-2.326231002807617,0.33382415771484375,2.3874757289886475,0.15420222282409668,-0.15612398087978363,0.0980382114648819,0.5232826471328735,0.03273538127541542,-0.9214085340499878,1.6625349521636963,-0.9867686629295349,0.8432300686836243,1.9081223011016846,0.22974468767642975,0.669757068157196,-1.1348903179168701,-0.13104146718978882,2.561000108718872,0.13324445486068726,-0.2320433408021927,0.0878642201423645,0.46905413269996643,-0.007295127958059311,-0.922361433506012,1.70551335811615,-1.059025526046753,0.8259095549583435,1.9010839462280273,0.2181929349899292,0.6840482950210571,-1.1662565469741821,-0.1925683319568634,0.06655238568782806,-0.08084617555141449,0.025263935327529907,0.24689333140850067,0.42007148265838623,-0.0620153546333313,0.14572755992412567,-1.2059290409088135,-0.8548934459686279,-0.31557464599609375,1.7973179817199707,2.045910358428955,-2.311863899230957,-1.8163546323776245,0.06645043194293976,-0.05844495818018913,0.011309358291327953,0.25453898310661316,0.42436474561691284,-0.06704182177782059,0.14087066054344177,-1.1983891725540161,-0.8547026515007019,-0.31486013531684875,1.7987923622131348,2.0563249588012695,-2.3153111934661865,-1.8165013790130615,-0.042488183826208115,-0.14132946729660034,0.13161306083202362,-1.1850674152374268,-0.0333230085670948,0.04670032858848572,-0.06137319654226303,1.0369327068328857,0.028085706755518913,0.02428889274597168,-0.036686986684799194,-2.88482928276062,-0.0994475781917572,2.8605122566223145
3.48,6.536876026075333e-05,0.0002229980891570449,-0.01605791226029396,0.00011718455789377913,-0.0001471370051149279,0.00017363924416713417,-6.188989232214226e-08,-6.100941618569777e-08,-1.0,0.20000000298023224,0.0,0.0,0.0,0.06608039140701294,-0.06209992989897728,0.014597722329199314,0.25423645973205566,0.42267706990242004,-0.06515498459339142,0.14241503179073334,-1.2030047178268433,-0.8547120690345764,-0.31641045212745667,1.7950626611709595,2.0500853061676025,-2.3153581619262695,-1.8100943565368652,-0.04739268869161606,-0.25231194496154785,0.18974542617797852,0.6388675570487976,-0.08398471772670746,0.07124491780996323,0.08368733525276184,-0.973057746887207,-0.20161555707454681,0.09242995828390121,0.010062678717076778,1.3663116693496704,-0.10563838481903076,-2.607745885848999,0.13324445486068726,-0.2320433408021927,0.0878642201423645,0.46905413269996643,-0.007295127958059311,-0.922361433506012,1.70551335811615,-1.059025526046753,0.8259095549583435,1.9010839462280273,0.2181929349899292,0.6840482950210571,-1.1662565469741821,-0.1925683319568634,2.5409998893737793,0.13053280115127563,-0.08585329353809357,0.0804453045129776,0.5481505393981934,0.09791135787963867,-0.9195642471313477,1.6132341623306274,-0.8859595060348511,0.8761537671089172,1.9441920518875122,0.1671474575996399,0.6656134128570557,-1.0596753358840942,-0.08969789743423462,0.06629519164562225,-0.07326226681470871,0.028255678713321686,0.2523297071456909,0.42788833379745483,-0.05952870845794678,0.13828547298908234,-1.192959189414978,-0.8506194353103638,-0.3123605251312256,1.789769172668457,2.038489580154419,-2.2998385429382324,-1.8064335584640503,0.06608039140701294,-0.06209992989897728,0.014597722329199314,0.25423645973205566,0.42267706990242004,-0.06515498459339142,0.14241503179073334,-1.2030047178268433,-0.8547120690345764,-0.31641045212745667,1.7950626611709595,2.0500853061676025,-2.3153581619262695,-1.8100943565368652,-0.04739268869161606,-0.25231194496154785,0.18974542617797852,0.6388675570487976,-0.08398471772670746,0.07124491780996323,0.08368733525276184,-0.973057746887207,-0.20161555707454681,0.09242995828390121,0.010062678717076778,1.3663116693496704,-0.10563838481903076,-2.607745885848999
3.501,0.00014518812531605363,0.00018273145542480052,-0.01616594009101391,0.0001205381122417748,-0.0001563845289638266,0.0001760717132128775,-8.391664607643179e-08,-9.143325030436245e-08,-1.0,0.20000000298023224,0.0,0.0,0.0,0.06505178660154343,-0.06325327605009079,0.02036253921687603,0.2538013160228729,0.42314743995666504,-0.06274962425231934,0.1391357034444809,-1.1978960037231445,-0.8528344035148621,-0.31345871090888977,1.7919102907180786,2.042572021484375,-2.300992012023926,-1.817988634109497,-0.02920854091644287,-0.07200593501329422,0.125798761844635,1.177093505859375,0.08863420784473419,0.08177357167005539,-0.32945793867111206,-0.3083050847053528,0.201279416680336,0.17486733198165894,-0.16165265440940857,2.1160805225372314,0.49897655844688416,-1.607818603515625,0.13053280115127563,-0.08585329353809357,0.0804453045129776,0.5481505393981934,0.09791135787963867,-0.9195642471313477,1.6132341623306274,-0.8859595060348511,0.8761537671089172,1.9441920518875122,0.1671474575996399,0.6656134128570557,-1.0596753358840942,-0.08969789743423462,2.5209999084472656,0.1478957235813141,-0.05691809207201004,0.09835837781429291,0.5652846693992615,0.14157934486865997,-0.9430567622184753,1.6552329063415527,-0.8870483636856079,0.9012835621833801,1.9960685968399048,0.08830878883600235,0.7540555596351624,-0.9898815751075745,-0.12764298915863037,0.06782572716474533,-0.06430162489414215,0.03244038298726082,0.25839224457740784,0.4385085999965668,-0.05988864600658417,0.13653168082237244,-1.1826921701431274,-0.8446872234344482,-0.3046015501022339,1.775846242904663,2.0413973331451416,-2.2832388877868652,-1.8022912740707397,0.06479314714670181,-0.06406798958778381,0.021221904084086418,0.25449907779693604,0.4238964915275574,-0.06210771203041077,0.13688047230243683,-1.1936531066894531,-0.8517913818359375,-0.31279438734054565,1.7904387712478638,2.040346622467041,-2.3003957271575928,-1.810680866241455,-0.025889117270708084,-0.07914132624864578,0.0773843452334404,1.1564607620239258,0.0648854672908783,0.056641750037670135,-0.16644392907619476,-0.6083117127418518,0.05850449576973915,0.014962954446673393,-0.1293061524629593,2.303478479385376,-0.12176214903593063,-1.6709541082382202
3.52,0.00014518812531605363,0.00018273145542480052,-0.01616594009101391,-0.00013274974480737,0.00015308627916965634,-0.0001969353179447353,6.5167256479981e-08,1.798772863992326e-08,-1.0,0.20000000298023224,0.0,0.0,0.0,0.06591574102640152,-0.06247564032673836,0.024777084589004517,0.2572208046913147,0.4263235926628113,-0.062112532556056976,0.13468913733959198,-1.188260793685913,-0.8484217524528503,-0.3069761395454407,1.7850439548492432,2.0403735637664795,-2.2899861335754395,-1.8074994087219238,0.06473871320486069,0.09004565328359604,0.1886197179555893,-0.9273239374160767,0.26373448967933655,0.07614094018936157,-0.19037778675556183,1.767067551612854,0.46442604064941406,0.4113737940788269,-0.44116348028182983,-2.6198196411132812,0.9659588932991028,2.8137667179107666,0.1478957235813141,-0.05691809207201004,0.09835837781429291,0.5652846693992615,0.14157934486865997,-0.9430567622184753,1.6552329063415527,-0.8870483636856079,0.9012835621833801,1.9960685968399048,0.08830878883600235,0.7540555596351624,-0.9898815751075745,-0.12764298915863037,2.500999927520752,0.08910756558179855,-0.21248261630535126,0.11725349724292755,0.3988266885280609,0.037672366946935654,-0.9475447535514832,1.6979883909225464,-1.0774568319320679,0.8053948879241943,1.9739015102386475,0.13996446132659912,0.7139580249786377,-1.0901106595993042,-0.18933868408203125,0.06317134201526642,-0.07268956303596497,0.03767765685915947,0.24659647047519684,0.43661412596702576,-0.06062539294362068,0.13940419256687164,-1.1935194730758667,-0.8495302796363831,-0.30061107873916626,1.7698734998703003,2.0397136211395264,-2.279982089996338,-1.8051469326019287,0.06591574102640152,-0.06247564032673836,0.024777084589004517,0.2572208046913147,0.4263235926628113,-0.062112532556056976,0.13468913733959198,-1.188260793685913,-0.8484217524528503,-0.3069761395454407,1.7850439548492432,2.0403735637664795,-2.2899861335754395,-1.8074994087219238,0.06473871320486069,0.09004565328359604,0.1886197179555893,-0.9273239374160767,0.26373448967933655,0.07614094018936157,-0.19037778675556183,1.767067551612854,0.46442604064941406,0.4113737940788269,-0.44116348028182983,-2.6198196411132812,0.9659588932991028,2.8137667179107666
3.544,0.00011429170990595594,0.0001898468763101846,-0.01622471585869789,0.00012585645890794694,-0.00015433866064995527,0.00018353015184402466,-8.389077521542276e-08,-6.304942701262917e-08,-1.0,0.20000000298023224,0.0,0.0,0.0,0.06350082159042358,-0.06420986354351044,0.028543289750814438,0.2569780647754669,0.42905279994010925,-0.06204967945814133,0.13611258566379547,-1.1861119270324707,-0.8486774563789368,-0.30212000012397766,1.7744170427322388,2.041531562805176,-2.284139633178711,-1.7980124950408936,-0.09369169920682907,-0.14085622131824493,0.12673987448215485,0.8721017837524414,0.10349847376346588,0.040823645889759064,0.1262560486793518,-1.4220433235168457,-0.34096041321754456,0.16222594678401947,-0.26695549488067627,2.60772705078125,0.05304808169603348,-2.464209794998169,0.08910756558179855,-0.21248261630535126,0.11725349724292755,0.3988266885280609,0.037672366946935654,-0.9475447535514832,1.6979883909225464,-1.0774568319320679,0.8053948879241943,1.9739015102386475,0.13996446132659912,0.7139580249786377,-1.0901106595993042,-0.18933868408203125,2.4790000915527344,0.09737319499254227,-0.04441594332456589,0.09299390017986298,0.5269037485122681,0.1521988958120346,-0.9481716752052307,1.5665258169174194,-0.825397253036499,0.857701301574707,2.0197927951812744,0.07547815144062042,0.7026275396347046,-0.9539826512336731,-0.0678425282239914,0.0602743960916996,-0.0625932440161705,0.03944151848554611,0.2499675452709198,0.44655120372772217,-0.06127748265862465,0.12855593860149384,-1.1769752502441406,-0.8481741547584534,-0.29282960295677185,1.7586466073989868,2.037233829498291,-2.263763904571533,-1.7952817678451538,0.06296650320291519,-0.06497211009263992,0.029806988313794136,0.25497350096702576,0.4301610291004181,-0.061745353043079376,0.1367877721786499,-1.1898247003555298,-0.8500382900238037,-0.3014077842235565,1.772310733795166,2.0410361289978027,-2.282609462738037,-1.801701307296753,-0.0448719784617424,-0.05997617915272713,0.11950815469026566,0.9232224822044373,0.10775920003652573,0.026737414300441742,0.03850947692990303,-1.1688480377197266,-0.039947740733623505,0.024037789553403854,-0.1736612170934677,2.267352342605591,0.15286074578762054,-2.7181456089019775
3.561,0.00011429170990595594,0.0001898468763101846,-0.01622471585869789,-0.00010459827171871439,0.00011784222442656755,-0.0001565002603456378,8.145605079334928e-08,1.768675161883948e-08,-1.0,0.20000000298023224,0.0,0.0,0.0,0.060579970479011536,-0.06352338194847107,0.03316544368863106,0.25487402081489563,0.4326554834842682,-0.062426868826150894,0.13459932804107666,-1.1875818967819214,-0.8506654500961304,-0.2967628240585327,1.7686299085617065,2.0338919162750244,-2.2722036838531494,-1.8020254373550415,-0.229037344455719,0.2266646921634674,0.1733093410730362,-0.15108859539031982,0.35321393609046936,0.02207753248512745,-0.584266722202301,1.0857844352722168,0.07863761484622955,0.7600564956665039,-0.42011258006095886,-1.4868395328521729,2.221994161605835,0.3821975588798523,0.09737319499254227,-0.04441594332456589,0.09299390017986298,0.5269037485122681,0.1521988958120346,-0.9481716752052307,1.5665258169174194,-0.825397253036499,0.857701301574707,2.0197927951812744,0.07547815144062042,0.7026275396347046,-0.9539826512336731,-0.0678425282239914,2.4609999656677246,0.08201643824577332,-0.16523103415966034,0.18349598348140717,0.4549196660518646,0.05328270420432091,-0.9429464936256409,1.7097588777542114,-1.0287094116210938,0.8091936707496643,2.0304789543151855,0.08494222909212112,0.6622602939605713,-0.9803906679153442,-0.1226482167840004,0.05642116069793701,-0.06659770011901855,0.049902815371751785,0.24546600878238678,0.44460925459861755,-0.0612766370177269,0.13420064747333527,-1.1840711832046509,-0.8519399762153625,-0.2855357825756073,1.7506115436553955,2.0312130451202393,-2.2534303665161133,-1.792870283126831,0.060579970479011536,-0.06352338194847107,0.03316544368863106,0.25487402081489563,0.4326554834842682,-0.062426868826150894,0.13459932804107666,-1.1875818967819214,-0.8506654500961304,-0.2967628240585327,1.7686299085617065,2.0338919162750244,-2.2722036838531494,-1.8020254373550415,-0.229037344455719,0.2266646921634674,0.1733093410730362,-0.15108859539031982,0.35321393609046936,0.02207753248512745,-0.584266722202301,1.0857844352722168,0.07863761484622955,0.7600564956665039,-0.42011258006095886,-1.4868395328521729,2.221994161605835,0.3821975588798523
3.581,0.00015833580982871354,0.00018587855447549373,-0.016321146860718727,0.0001297117123613134,-0.00013919820776209235,0.00019430422980803996,-8.112561289408404e-08,-7.552458214377111e-08,-1.0,0.20000000298023224,0.0,0.0,0.0,0.05735206604003906,-0.06439854949712753,0.03693585842847824,0.2513873279094696,0.43576788902282715,-0.061945028603076935,0.1306964010000229,-1.1808103322982788,-0.8516215682029724,-0.28770431876182556,1.7569479942321777,2.032467842102051,-2.259415626525879,-1.7907490730285645,-0.08289942145347595,-0.017976297065615654,0.22746942937374115,-1.2222214937210083,0.13985463976860046,0.03588687255978584,0.015518047846853733,0.7697349786758423,-0.2411278933286667,0.33953458070755005,-0.35925769805908203,-2.423600912094116,0.25374460220336914,2.8383450508117676,0.08201643824577332,-0.16523103415966034,0.18349598348140717,0.4549196660518646,0.05328270420432091,-0.9429464936256409,1.7097588777542114,-1.0287094116210938,0.8091936707496643,2.0304789543151855,0.08494222909212112,0.6622602939605713,-0.9803906679153442,-0.1226482167840004,2.440000057220459,0.08658294379711151,-0.25973477959632874,0.14629516005516052,0.3857591152191162,0.02171710506081581,-0.9209153056144714,1.6515837907791138,-1.0250059366226196,0.774539589881897,1.9783774614334106,0.12514540553092957,0.63582444190979,-1.0311702489852905,-0.13034364581108093,0.0537952221930027,-0.07925163954496384,0.05455176904797554,0.23494872450828552,0.43989911675453186,-0.059072840958833694,0.13289889693260193,-1.1893775463104248,-0.8584180474281311,-0.2849108874797821,1.7482037544250488,2.0237529277801514,-2.250241279602051,-1.791710615158081,0.05677322670817375,-0.06430945545434952,0.038967132568359375,0.25029879808425903,0.437138170003891,-0.06173121929168701,0.1309926062822342,-1.1812756061553955,-0.852508008480072,-0.28633785247802734,1.7541050910949707,2.031848907470703,-2.2572669982910156,-1.78926420211792,-0.04902225732803345,0.014155781827867031,0.18033379316329956,-1.1721917390823364,0.13114801049232483,0.011752062477171421,0.03868561610579491,0.8746486306190491,-0.022262604907155037,0.048919677734375,-0.2307310402393341,-2.6317245960235596,0.17556093633174896,2.386718988418579
3.601,0.00015833580982871354,0.00018587855447549373,-0.016321146860718727,4.0178128983825445e-06,-1.7949594621313736e-05,1.0981334952475663e-07,2.507240637328323e-08,-3.5460509195672785e-08,-1.0,0.20000000298023224,0.0,0.0,0.0,0.05481880530714989,-0.06583572179079056,0.042982835322618484,0.24685417115688324,0.4372384548187256,-0.060441505163908005,0.13063575327396393,-1.183227300643921,-0.85467928647995,-0.2868170440196991,1.7499066591262817,2.023834228515625,-2.252652168273926,-1.7824336290359497,-0.34581267833709717,-0.3727738857269287,0.2767236828804016,-0.09913354367017746,0.0334615521132946,0.03507610037922859,-0.10288689285516739,-0.8401719927787781,-0.9515816569328308,0.2912391722202301,-0.15749585628509521,0.016124878078699112,0.18672208487987518,-0.7606332302093506,0.08658294379711151,-0.25973477959632874,0.14629516005516052,0.3857591152191162,0.02171710506081581,-0.9209153056144714,1.6515837907791138,-1.0250059366226196,0.774539589881897,1.9783774614334106,0.12514540553092957,0.63582444190979,-1.0311702489852905,-0.13034364581108093,2.4210000038146973,0.10640324652194977,-0.1768517792224884,0.15692290663719177,0.4662686884403229,0.06264138221740723,-0.9116883277893066,1.5843735933303833,-0.8964614868164062,0.8155488967895508,1.989720344543457,0.07829835265874863,0.6137041449546814,-0.956633448600769,-0.06359512358903885,0.05367650091648102,-0.08108648657798767,0.05933370441198349,0.23458585143089294,0.44022342562675476,-0.05638710409402847,0.12513649463653564,-1.1807681322097778,-0.8594995737075806,-0.28327667713165283,1.7415928840637207,2.0155727863311768,-2.240236520767212,-1.78410804271698,0.05388026311993599,-0.06749147921800613,0.04505511745810509,0.24461054801940918,0.4372650980949402,-0.060118064284324646,0.13012774288654327,-1.1874371767044067,-0.8583868145942688,-0.28563088178634644,1.7486757040023804,2.0231728553771973,-2.252500057220459,-1.792108178138733,-0.05052707716822624,-0.11754248291254044,0.14870008826255798,-0.0682491734623909,0.02304779551923275,0.02518833801150322,-0.003043834585696459,-0.36432501673698425,-0.1516716629266739,0.04055327549576759,-0.10899408906698227,0.26007282733917236,-0.016277318820357323,-1.0474896430969238
3.621,0.00025253911735489964,0.00016198039520531893,-0.016454799100756645,-7.644572906428948e-05,8.921526750782505e-05,-0.00011437337525421754,5.328002572468904e-08,1.0352439794303336e-08,-1.0,0.20000000298023224,0.0,0.0,0.0,0.053321175277233124,-0.07037114351987839,0.04934171214699745,0.24180154502391815,0.43786558508872986,-0.058529146015644073,0.12558501958847046,-1.1829832792282104,-0.8599258661270142,-0.28458574414253235,1.7453875541687012,2.015240430831909,-2.2422027587890625,-1.7918798923492432,-0.04108915105462074,-0.1306086927652359,0.17570407688617706,-0.4671509861946106,0.026222748681902885,0.05741851031780243,-0.3687586188316345,0.6696847081184387,-0.04080679640173912,0.1981905698776245,-0.2444293051958084,-1.0902971029281616,0.46124228835105896,0.814501166343689,0.10640324652194977,-0.1768517792224884,0.15692290663719177,0.4662686884403229,0.06264138221740723,-0.9116883277893066,1.5843735933303833,-0.8964614868164062,0.8155488967895508,1.989720344543457,0.07829835265874863,0.6137041449546814,-0.956633448600769,-0.06359512358903885,2.4010000228881836,0.11196041107177734,-0.21512211859226227,0.2088007926940918,0.4257468581199646,0.0619250126183033,-0.9111449122428894,1.6466253995895386,-1.0039819478988647,0.8152397274971008,1.993765950202942,0.06812157481908798,0.6281585693359375,-0.9678762555122375,-0.1147649958729744,0.05413724482059479,-0.08638139814138412,0.06834704428911209,0.23024336993694305,0.4404112696647644,-0.05418417602777481,0.12515173852443695,-1.184632658958435,-0.8603956699371338,-0.28156474232673645,1.7352864742279053,2.01047420501709,-2.2333569526672363,-1.7831430435180664,0.05294400081038475,-0.07135102152824402,0.05059046670794487,0.240749791264534,0.4381161332130432,-0.05808337405323982,0.12322168797254562,-1.1804965734481812,-0.8600935339927673,-0.28383103013038635,1.7432526350021362,2.014350175857544,-2.2417893409729004,-1.788206934928894,-0.03435370326042175,-0.08695395290851593,0.10676919668912888,-0.8683077692985535,0.024107342585921288,0.03580775856971741,-0.16050821542739868,0.8372705578804016,-0.006896696053445339,0.022471506148576736,-0.18155024945735931,-1.8479039669036865,-0.11856134235858917,2.226745128631592
3.644,0.00025253911735489964,0.00016198039520531893,-0.016454799100756645,-0.00012652043369598687,0.00015165099466685206,-0.00018818948592524976,8.536610351939089e-08,4.2377511277891244e-08,-1.0,0.20000000298023224,0.0,0.0,0.0,0.053050801157951355,-0.07408455014228821,0.05407501757144928,0.2388513684272766,0.4385222792625427,-0.056543730199337006,0.12239769101142883,-1.1817914247512817,-0.8608496785163879,-0.2835410237312317,1.73826003074646,2.01346755027771,-2.2382287979125977,-1.7799195051193237,-0.0022034929133951664,-0.23438625037670135,0.2729889452457428,-1.306884527206421,0.01624118722975254,0.07125043869018555,-0.13424885272979736,0.671245276927948,-0.023404421284794807,0.3414457142353058,-0.23197942972183228,-2.6478488445281982,0.2897399663925171,2.854802131652832,0.11196041107177734,-0.21512211859226227,0.2088007926940918,0.4257468581199646,0.0619250126183033,-0.9111449122428894,1.6466253995895386,-1.0039819478988647,0.8152397274971008,1.993765950202942,0.06812157481908798,0.6281585693359375,-0.9678762555122375,-0.1147649958729744,2.378999948501587,0.07240761816501617,-0.2907010614871979,0.18288131058216095,0.36129623651504517,0.00949862226843834,-0.8908003568649292,1.6106430292129517,-1.0130062103271484,0.7758594751358032,1.9576274156570435,0.09754399955272675,0.5936697125434875,-1.0005369186401367,-0.12288341671228409,0.05055055767297745,-0.09817522764205933,0.07296577095985413,0.2203243225812912,0.43531888723373413,-0.05038737505674362,0.12156569957733154,-1.188626766204834,-0.8650505542755127,-0.2838090658187866,1.7331836223602295,2.002946376800537,-2.231119155883789,-1.7831828594207764,0.052802082151174545,-0.075398750603199,0.05636279657483101,0.23713995516300201,0.43869704008102417,-0.05602128803730011,0.12192712724208832,-1.18248450756073,-0.8609663248062134,-0.282155841588974,1.7364295721054077,2.011223793029785,-2.2369251251220703,-1.780133843421936,-0.02563675306737423,-0.10511231422424316,0.20039460062980652,-1.1595416069030762,0.016605347394943237,0.03995921462774277,0.0007171827019192278,0.8417278528213501,-0.006431345362216234,0.046590421348810196,-0.14580117166042328,-2.6331489086151123,0.07787415385246277,2.1228771209716797
3.661,0.00014322475180961192,0.00021083142200950533,-0.016480926424264908,-9.550028335070238e-05,9.902846795739606e-05,-0.00015017212717793882,9.51148280137204e-08,-1.1222838214308695e-09,-1.0,0.20000000298023224,0.0,0.0,0.0,0.05070677027106285,-0.07801695168018341,0.060826219618320465,0.2334699183702469,0.43771588802337646,-0.05413703992962837,0.12013213336467743,-1.183283805847168,-0.8622490763664246,-0.28482210636138916,1.7335447072982788,2.003297805786133,-2.2320752143859863,-1.775750756263733,-0.23458611965179443,-0.4605019986629486,0.32016193866729736,-0.8457222580909729,-0.07406992465257645,0.09880797564983368,-0.2768908739089966,-0.24312612414360046,-0.7316163778305054,0.05123922601342201,-0.12216539680957794,-1.2744269371032715,0.2518124282360077,0.6007887125015259,0.07240761816501617,-0.2907010614871979,0.18288131058216095,0.36129623651504517,0.00949862226843834,-0.8908003568649292,1.6106430292129517,-1.0130062103271484,0.7758594751358032,1.9576274156570435,0.09754399955272675,0.5936697125434875,-1.0005369186401367,-0.12288341671228409,2.3610000610351562,0.0961783230304718,-0.2417825162410736,0.2181193232536316,0.3997775614261627,0.02378356084227562,-0.8795331120491028,1.5660748481750488,-0.9509963393211365,0.8026098012924194,1.9582891464233398,0.06922660022974014,0.5777955055236816,-0.9454385042190552,-0.08587706089019775,0.0500582791864872,-0.10271843522787094,0.08018454909324646,0.21623721718788147,0.43267348408699036,-0.04622321203351021,0.11424005031585693,-1.1856210231781006,-0.86609947681427,-0.28553834557533264,1.7286696434020996,1.9953367710113525,-2.2238192558288574,-1.7795140743255615,0.05000687763094902,-0.0805114135146141,0.06303956359624863,0.2304660528898239,0.4368921220302582,-0.053433857858181,0.11866617947816849,-1.1866880655288696,-0.8652100563049316,-0.2843722403049469,1.732633113861084,2.0019006729125977,-2.233067035675049,-1.7829009294509888,-0.040045883506536484,-0.1971714347600937,0.14590124785900116,-1.1038141250610352,-0.05942116305232048,0.06206336244940758,-0.049344804137945175,0.5498266816139221,-0.12763500213623047,0.01711578294634819,-0.08368793874979019,-2.152125597000122,-0.15617705881595612,1.3795323371887207
3.68,0.00014322475180961192,0.00021083142200950533,-0.016480926424264908,-0.00012409135524649173,0.00014306906086858362,-0.00019009281822945923,9.885168594792049e-08,3.2888898715555115e-08,-1.0,0.20000000298023224,0.0,0.0,0.0,0.0491933599114418,-0.08434752374887466,0.06731553375720978,0.22393210232257843,0.43511947989463806,-0.05130183324217796,0.11474999040365219,-1.1839354038238525,-0.8659750819206238,-0.2863495945930481,1.729841709136963,1.991477370262146,-2.225520133972168,-1.7812409400939941,-0.05562039837241173,-0.2771341800689697,0.2838878333568573,-0.9586895704269409,-0.08524459600448608,0.10416379570960999,-0.4729808568954468,0.5419263243675232,-0.2374746948480606,0.059528812766075134,-0.14545784890651703,-1.9256267547607422,0.4573627710342407,1.2451967000961304,0.0961783230304718,-0.2417825162410736,0.2181193232536316,0.3997775614261627,0.02378356084227562,-0.8795331120491028,1.5660748481750488,-0.9509963393211365,0.8026098012924194,1.9582891464233398,0.06922660022974014,0.5777955055236816,-0.9454385042190552,-0.08587706089019775,2.3410000801086426,0.08947580307722092,-0.2641804814338684,0.24791328608989716,0.3749997913837433,0.024690937250852585,-0.8734044432640076,1.5957494974136353,-1.0002413988113403,0.8041399121284485,1.9628932476043701,0.05559778958559036,0.5713480114936829,-0.9395065307617188,-0.1063355952501297,0.04899420589208603,-0.10859279334545135,0.08893897384405136,0.21048974990844727,0.43064790964126587,-0.04227901250123978,0.11134699732065201,-1.1881409883499146,-0.8667856454849243,-0.28646135330200195,1.7236955165863037,1.9886043071746826,-2.217386245727539,-1.7786248922348022,0.0491933599114418,-0.08434752374887466,0.06731553375720978,0.22393210232257843,0.43511947989463806,-0.05130183324217796,0.11474999040365219,-1.1839354038238525,-0.8659750819206238,-0.2863495945930481,1.729841709136963,1.991477370262146,-2.225520133972168,-1.7812409400939941,-0.05562039837241173,-0.2771341800689697,0.2838878333568573,-0.9586895704269409,-0.08524459600448608,0.10416379570960999,-0.4729808568954468,0.5419263243675232,-0.2374746948480606,0.059528812766075134,-0.14545784890651703,-1.9256267547607422,0.4573627710342407,1.2451967000961304
3.7,5.4857890063431114e-05,0.0002476861991453916,-0.016516221687197685,2.541715912229847e-05,-3.461276719463058e-05,3.762247069971636e-05,-4.836754885495509e-10,-3.723877739503223e-08,-1.0,0.20000000298023224,0.0,0.0,0.0,0.047513630241155624,-0.09028209745883942,0.07399857044219971,0.21907956898212433,0.4325571060180664,-0.047976281493902206,0.10852736234664917,-1.1868644952774048,-0.8674302101135254,-0.28723815083503723,1.7246322631835938,1.9914010763168335,-2.220590591430664,-1.7797211408615112,-0.04015365242958069,-0.23319953680038452,0.26779669523239136,-0.048626888543367386,-0.06959955394268036,0.11964423209428787,-0.20540457963943481,-0.24385744333267212,-0.12266252934932709,0.06278743594884872,-0.1729486584663391,0.2635403871536255,0.010135979391634464,-0.24901655316352844,0.08947580307722092,-0.2641804814338684,0.24791328608989716,0.3749997913837433,0.024690937250852585,-0.8734044432640076,1.5957494974136353,-1.0002413988113403,0.8041399121284485,1.9628932476043701,0.05559778958559036,0.5713480114936829,-0.9395065307617188,-0.1063355952501297,2.321000099182129,0.09133206307888031,-0.19906438887119293,0.2552034258842468,0.4403497278690338,0.09428252279758453,-0.884863018989563,1.5744389295578003,-0.9172553420066833,0.8394075036048889,2.0081820487976074,-0.003625408746302128,0.6021865010261536,-0.8742104172706604,-0.07019715011119843,0.048328571021556854,-0.10678067803382874,0.09667152166366577,0.2124267816543579,0.43598657846450806,-0.04026951268315315,0.10690149664878845,-1.1818583011627197,-0.8638077974319458,-0.28267088532447815,1.7137938737869263,1.986302137374878,-2.205709934234619,-1.7742996215820312,0.047513630241155624,-0.09028209745883942,0.07399857044219971,0.21907956898212433,0.4325571060180664,-0.047976281493902206,0.10852736234664917,-1.1868644952774048,-0.8674302101135254,-0.28723815083503723,1.7246322631835938,1.9914010763168335,-2.220590591430664,-1.7797211408615112,-0.04015365242958069,-0.23319953680038452,0.26779669523239136,-0.048626888543367386,-0.06959955394268036,0.11964423209428787,-0.20540457963943481,-0.24385744333267212,-0.12266252934932709,0.06278743594884872,-0.1729486584663391,0.2635403871536255,0.010135979391634464,-0.24901655316352844
3.7199999999999998,5.4857890063431114e-05,0.0002476861991453916,-0.016516221687197685,-0.00013142098032403737,0.00014476508658844978,-0.00020382460206747055,7.606850260799547e-08,1.62138960035918e-08,-1.0,0.20000000298023224,0.0,0.0,0.0,0.046341296285390854,-0.09205516427755356,0.08196845650672913,0.21644045412540436,0.4328201711177826,-0.044880855828523636,0.10458195954561234,-1.1816662549972534,-0.8661608695983887,-0.2842984199523926,1.7190052270889282,1.984052062034607,-2.2097487449645996,-1.7780375480651855,-0.01908429153263569,-0.10914343595504761,0.36777278780937195,-0.7769972085952759,0.05815083906054497,0.11520515382289886,-0.23949015140533447,1.0223435163497925,0.24024099111557007,0.2945990562438965,-0.2981482148170471,-2.028500556945801,0.5652326345443726,1.9939703941345215,0.09133206307888031,-0.19906438887119293,0.2552034258842468,0.4403497278690338,0.09428252279758453,-0.884863018989563,1.5744389295578003,-0.9172553420066833,0.8394075036048889,2.0081820487976074,-0.003625408746302128,0.6021865010261536,-0.8742104172706604,-0.07019715011119843,2.3010001182556152,0.07091622054576874,-0.271539568901062,0.25951868295669556,0.3659595549106598,0.055906619876623154,-0.8720361590385437,1.610245943069458,-1.0054103136062622,0.8058435320854187,1.9989513158798218,-0.004441926255822182,0.5890258550643921,-0.896644651889801,-0.1096561849117279,0.045754481106996536,-0.11257849633693695,0.10328909009695053,0.2065373808145523,0.43641993403434753,-0.037379227578639984,0.10692580044269562,-1.18564772605896,-0.8647818565368652,-0.2805615961551666,1.7057908773422241,1.9831442832946777,-2.1986124515533447,-1.7747852802276611,0.046341296285390854,-0.09205516427755356,0.08196845650672913,0.21644045412540436,0.4328201711177826,-0.044880855828523636,0.10458195954561234,-1.1816662549972534,-0.8661608695983887,-0.2842984199523926,1.7190052270889282,1.984052062034607,-2.2097487449645996,-1.7780375480651855,-0.01908429153263569,-0.10914343595504761,0.36777278780937195,-0.7769972085952759,0.05815083906054497,0.11520515382289886,-0.23949015140533447,1.0223435163497925,0.24024099111557007,0.2945990562438965,-0.2981482148170471,-2.028500556945801,0.5652326345443726,1.9939703941345215
3.741,7.238679972942919e-05,0.00023582087305840105,-0.016588572412729263,0.00011881429963978007,-0.00014351378194987774,0.00018068296776618809,-6.162227350614558e-08,-6.359743309758414e-08,-1.0,0.20000000298023224,0.0,0.0,0.0,0.043905481696128845,-0.09691259264945984,0.08896227926015854,0.21380440890789032,0.43407028913497925,-0.04193177446722984,0.10405617207288742,-1.1833456754684448,-0.8654345870018005,-0.2817426323890686,1.7106257677078247,1.9825364351272583,-2.202475070953369,-1.7718592882156372,-0.042034879326820374,-0.1971922665834427,0.28489094972610474,0.8272976875305176,0.025579271838068962,0.10768533498048782,-0.010534597560763359,-1.1242823600769043,6.634243618464097e-05,0.19004669785499573,-0.2832775413990021,2.399510145187378,0.2686351239681244,-2.8251760005950928,0.07091622054576874,-0.271539568901062,0.25951868295669556,0.3659595549106598,0.055906619876623154,-0.8720361590385437,1.610245943069458,-1.0054103136062622,0.8058435320854187,1.9989513158798218,-0.004441926255822182,0.5890258550643921,-0.896644651889801,-0.1096561849117279,2.2809998989105225,0.03573421761393547,-0.1238635927438736,0.24244742095470428,0.49263113737106323,0.17437036335468292,-0.8834999799728394,1.5212498903274536,-0.7832422852516174,0.8575419783592224,2.0620012283325195,-0.07620851695537567,0.5814267992973328,-0.759818434715271,-0.004439633339643478,0.040177006274461746,-0.10244915634393692,0.10687601566314697,0.2144930213689804,0.4486129879951477,-0.036213379353284836,0.09804563969373703,-1.1664624214172363,-0.8603913187980652,-0.2725691497325897,1.6922118663787842,1.979858160018921,-2.1792519092559814,-1.7646522521972656,0.04369758442044258,-0.09850674867630005,0.09132715314626694,0.21265806257724762,0.4343266785144806,-0.04105234518647194,0.10419373214244843,-1.1846781969070435,-0.8654389977455139,-0.2810051143169403,1.7083408832550049,1.9820753335952759,-2.201032876968384,-1.7761653661727905,-0.017749106511473656,-0.14436659216880798,0.21411818265914917,0.8904456496238708,0.023190202191472054,0.07811018824577332,0.019007187336683273,-0.9147516489028931,0.002874378114938736,0.017295008525252342,-0.18859146535396576,2.3231937885284424,0.08680902421474457,-2.592153549194336
3.761,7.238679972942919e-05,0.00023582087305840105,-0.016588572412729263,-4.891559001407586e-05,4.814801286556758e-05,-7.655117224203423e-05,3.953926608346592e-08,-4.23568558005627e-09,-1.0,0.20000000298023224,0.0,0.0,0.0,0.04134279489517212,-0.09762342274188995,0.09592357277870178,0.2121165692806244,0.4363887906074524,-0.03943712264299393,0.101091668009758,-1.179960012435913,-0.8640967011451721,-0.2761024534702301,1.7035446166992188,1.9766058921813965,-2.186103582382202,-1.7748972177505493,-0.1625298112630844,0.09072393923997879,0.31746530532836914,-0.12026578933000565,0.26322540640830994,0.12324540317058563,-0.5054024457931519,1.2666741609573364,0.42132389545440674,0.7423706650733948,-0.4897041320800781,-0.7596077919006348,1.8113662004470825,-0.08213683217763901,0.03573421761393547,-0.1238635927438736,0.24244742095470428,0.49263113737106323,0.17437036335468292,-0.8834999799728394,1.5212498903274536,-0.7832422852516174,0.8575419783592224,2.0620012283325195,-0.07620851695537567,0.5814267992973328,-0.759818434715271,-0.004439633339643478,2.260999917984009,0.048366233706474304,-0.2145872563123703,0.32175642251968384,0.41582608222961426,0.11792914569377899,-0.8665748238563538,1.6391246318817139,-0.9747373461723328,0.8184194564819336,2.073167085647583,-0.09408396482467651,0.5799660682678223,-0.7627559900283813,-0.06713610887527466,0.03697822988033295,-0.10341805219650269,0.11767645180225372,0.21317704021930695,0.45272329449653625,-0.03358818590641022,0.10272898524999619,-1.170263648033142,-0.8607911467552185,-0.26505860686302185,1.6795611381530762,1.9770830869674683,-2.1640570163726807,-1.7628154754638672,0.04067997261881828,-0.09763644635677338,0.09764151275157928,0.21348577737808228,0.43853673338890076,-0.03865209221839905,0.097737617790699,-1.1712236404418945,-0.8618905544281006,-0.2731829285621643,1.6991896629333496,1.9768803119659424,-2.179656744003296,-1.7720578908920288,-0.04891805723309517,-0.017384588718414307,0.11918961256742477,-0.2896507978439331,0.19209562242031097,0.05691797286272049,-0.2497393935918808,1.068678379058838,0.11668073385953903,0.09510598331689835,-0.38473761081695557,-0.9438290596008301,0.08687928318977356,1.7807170152664185
3.7800000000000002,3.8999103708192706e-05,0.00024514636606909335,-0.016641024500131607,-0.0001264182064915076,0.00015176394663285464,-0.00018860666023101658,5.975721961704039e-08,5.3659068299793944e-08,-1.0,0.20000000298023224,0.0,0.0,0.0,0.03800852596759796,-0.09873930364847183,0.10118861496448517,0.21343451738357544,0.44199973344802856,-0.03737964853644371,0.09973375499248505,-1.1693319082260132,-0.8620234131813049,-0.26714155077934265,1.6892985105514526,1.9757211208343506,-2.171881914138794,-1.7594331502914429,-0.07201854139566422,-0.03439905494451523,0.28855040669441223,-0.943784236907959,0.2086993306875229,0.10302950441837311,0.020799661055207253,0.9967948794364929,0.15479807555675507,0.38671404123306274,-0.49238353967666626,-2.401017665863037,0.7156288027763367,2.7158145904541016,0.048366233706474304,-0.2145872563123703,0.32175642251968384,0.41582608222961426,0.11792914569377899,-0.8665748238563538,1.6391246318817139,-0.9747373461723328,0.8184194564819336,2.073167085647583,-0.09408396482467651,0.5799660682678223,-0.7627559900283813,-0.06713610887527466,2.240999937057495,0.03244990110397339,-0.2978338897228241,0.28107142448425293,0.3365580439567566,0.05375480279326439,-0.8606501817703247,1.5931532382965088,-0.9890077710151672,0.7813871502876282,2.034966230392456,-0.05724427103996277,0.5454995036125183,-0.8178091049194336,-0.07736972719430923,0.032827574759721756,-0.1125178337097168,0.12224830687046051,0.20419743657112122,0.4495941400527954,-0.030895566567778587,0.10187852382659912,-1.174731731414795,-0.8648142218589783,-0.26287028193473816,1.6731245517730713,1.9714164733886719,-2.1574065685272217,-1.7623693943023682,0.03800852596759796,-0.09873930364847183,0.10118861496448517,0.21343451738357544,0.44199973344802856,-0.03737964853644371,0.09973375499248505,-1.1693319082260132,-0.8620234131813049,-0.26714155077934265,1.6892985105514526,1.9757211208343506,-2.171881914138794,-1.7594331502914429,-0.07201854139566422,-0.03439905494451523,0.28855040669441223,-0.943784236907959,0.2086993306875229,0.10302950441837311,0.020799661055207253,0.9967948794364929,0.15479807555675507,0.38671404123306274,-0.49238353967666626,-2.401017665863037,0.7156288027763367,2.7158145904541016
3.801,3.8999103708192706e-05,0.00024514636606909335,-0.016641024500131607,9.875271643977612e-06,-1.6279487681458704e-05,1.278118543268647e-05,7.635814647244388e-09,-1.3429040990331487e-08,-1.0,0.20000000298023224,0.0,0.0,0.0,0.03483882546424866,-0.10125822573900223,0.10851441323757172,0.21147412061691284,0.4442114233970642,-0.03479977697134018,0.09974981099367142,-1.1704683303833008,-0.863396942615509,-0.2645583748817444,1.679413080215454,1.9690123796463013,-2.1607513427734375,-1.7542022466659546,-0.11335255950689316,-0.17396457493305206,0.3053402006626129,-0.041776642203330994,0.061906348913908005,0.0977940782904625,-0.09697851538658142,-0.5680393576622009,-0.3670206069946289,0.2783007323741913,-0.3315446674823761,0.21497172117233276,0.3885895907878876,-1.2508478164672852,0.03244990110397339,-0.2978338897228241,0.28107142448425293,0.3365580439567566,0.05375480279326439,-0.8606501817703247,1.5931532382965088,-0.9890077710151672,0.7813871502876282,2.034966230392456,-0.05724427103996277,0.5454995036125183,-0.8178091049194336,-0.07736972719430923,2.2209999561309814,0.020817194133996964,-0.2216031551361084,0.3132082223892212,0.414156436920166,0.10995408892631531,-0.8604195713996887,1.5344337224960327,-0.8510012626647949,0.809524416923523,2.0733530521392822,-0.1046566292643547,0.5011485815048218,-0.7287322878837585,0.009233774617314339,0.02834377996623516,-0.11217458546161652,0.12911947071552277,0.20477360486984253,0.45271074771881104,-0.028718411922454834,0.09532619267702103,-1.1645054817199707,-0.8652189373970032,-0.2572809159755707,1.663233995437622,1.962448000907898,-2.1431784629821777,-1.753352165222168,0.03483882546424866,-0.10125822573900223,0.10851441323757172,0.21147412061691284,0.4442114233970642,-0.03479977697134018,0.09974981099367142,-1.1704683303833008,-0.863396942615509,-0.2645583748817444,1.679413080215454,1.9690123796463013,-2.1607513427734375,-1.7542022466659546,-0.11335255950689316,-0.17396457493305206,0.3053402006626129,-0.041776642203330994,0.061906348913908005,0.0977940782904625,-0.09697851538658142,-0.5680393576622009,-0.3670206069946289,0.2783007323741913,-0.3315446674823761,0.21497172117233276,0.3885895907878876,-1.2508478164672852
3.82,2.7032043362851255e-05,0.0002455633657518774,-0.016698887571692467,5.0883740186691284e-05,-6.714101618854329e-05,7.38875096431002e-05,3.471506815344583e-08,-6.917409756113102e-09,-1.0,0.20000000298023224,0.0,0.0,0.0,0.03129013255238533,-0.10283277928829193,0.11557497829198837,0.20932015776634216,0.4471515715122223,-0.03226254880428314,0.09541027247905731,-1.1681774854660034,-0.8659541010856628,-0.259391188621521,1.6713433265686035,1.9622985124588013,-2.146151542663574,-1.7615920305252075,-0.11330338567495346,-0.07311522960662842,0.29225048422813416,-0.3220568299293518,0.09856469929218292,0.10004003345966339,-0.3844721019268036,0.7850484251976013,0.0956302359700203,0.3929028809070587,-0.41809287667274475,-1.0023047924041748,0.7601468563079834,0.86048424243927,0.020817194133996964,-0.2216031551361084,0.3132082223892212,0.414156436920166,0.10995408892631531,-0.8604195713996887,1.5344337224960327,-0.8510012626647949,0.809524416923523,2.0733530521392822,-0.1046566292643547,0.5011485815048218,-0.7287322878837585,0.009233774617314339,2.2009999752044678,0.04394596442580223,-0.2796371281147003,0.3406485915184021,0.38319268822669983,0.09711526334285736,-0.8499115109443665,1.5965266227722168,-0.9422933459281921,0.8000250458717346,2.073293924331665,-0.12754939496517181,0.5294008851051331,-0.7276710867881775,-0.04575840383768082,0.02706962078809738,-0.1177033856511116,0.13736043870449066,0.20213815569877625,0.4539201259613037,-0.025925880298018456,0.0962936207652092,-1.1654536724090576,-0.8664926290512085,-0.2528153359889984,1.6530323028564453,1.9580985307693481,-2.1316897869110107,-1.751637578010559,0.03129013255238533,-0.10283277928829193,0.11557497829198837,0.20932015776634216,0.4471515715122223,-0.03226254880428314,0.09541027247905731,-1.1681774854660034,-0.8659541010856628,-0.259391188621521,1.6713433265686035,1.9622985124588013,-2.146151542663574,-1.7615920305252075,-0.11330338567495346,-0.07311522960662842,0.29225048422813416,-0.3220568299293518,0.09856469929218292,0.10004003345966339,-0.3844721019268036,0.7850484251976013,0.0956302359700203,0.3929028809070587,-0.41809287667274475,-1.0023047924041748,0.7601468563079834,0.86048424243927
3.843,2.7032043362851255e-05,0.0002455633657518774,-0.016698887571692467,-2.248267446702812e-05,2.37917138292687e-05,-3.4823609894374385e-05,-1.2001161842079e-08,-2.321124625837001e-08,-1.0,0.20000000298023224,0.0,0.0,0.0,0.02852165699005127,-0.10642898082733154,0.12203498929738998,0.20648299157619476,0.45004069805145264,-0.02969074621796608,0.093178391456604,-1.1637048721313477,-0.8667839765548706,-0.2544940114021301,1.6602696180343628,1.9565308094024658,-2.137420415878296,-1.7501368522644043,-0.06718681752681732,-0.1381363868713379,0.29092976450920105,0.08998242765665054,0.06438054144382477,0.09716510027647018,-0.03525317832827568,-0.19432507455348969,0.05254676938056946,0.292161226272583,-0.3953592777252197,0.3772936761379242,0.41418904066085815,-0.5866014361381531,0.04394596442580223,-0.2796371281147003,0.3406485915184021,0.38319268822669983,0.09711526334285736,-0.8499115109443665,1.5965266227722168,-0.9422933459281921,0.8000250458717346,2.073293924331665,-0.12754939496517181,0.5294008851051331,-0.7276710867881775,-0.04575840383768082,2.180000066757202,0.017056632786989212,-0.2369389832019806,0.3379625678062439,0.41240161657333374,0.134517103433609,-0.8541348576545715,1.5440024137496948,-0.8494719862937927,0.8161841034889221,2.098374128341675,-0.1643986701965332,0.5115048289299011,-0.679740846157074,0.0029145218431949615,0.023361360654234886,-0.11785660684108734,0.14368461072444916,0.20295068621635437,0.4586278200149536,-0.02411418966948986,0.09181514382362366,-1.1569302082061768,-0.865895688533783,-0.2467348575592041,1.641185998916626,1.952829360961914,-2.117705821990967,-1.7453986406326294,0.027935294434428215,-0.10746671259403229,0.12452658265829086,0.20609676837921143,0.450594425201416,-0.028933823108673096,0.09320712089538574,-1.1640493869781494,-0.8666839599609375,-0.25336402654647827,1.657105803489685,1.9567880630493164,-2.1350841522216797,-1.7520008087158203,-0.054965127259492874,-0.09174234420061111,0.22495023906230927,0.13595342636108398,0.04902130737900734,0.06379729509353638,0.019749106839299202,-0.16217902302742004,-0.006721740588545799,0.031639233231544495,-0.25894370675086975,0.44677650928497314,0.14158619940280914,-0.532970130443573
3.86,1.834619433793705e-05,0.0002439036761643365,-0.016757268458604813,-5.298891119309701e-05,5.175710248295218e-05,-8.30202188808471e-05,2.619449368523874e-08,-2.227584161573759e-08,-1.0,0.20000000298023224,0.0,0.0,0.0,0.025335343554615974,-0.10840795934200287,0.12922443449497223,0.20580072700977325,0.4525395631790161,-0.02734522521495819,0.09096812456846237,-1.1593542098999023,-0.8671439290046692,-0.24987760186195374,1.6517934799194336,1.950689673423767,-2.1230411529541016,-1.7497247457504272,-0.16171686351299286,-0.09562896937131882,0.37693893909454346,-0.11571785062551498,0.1155066192150116,0.10994115471839905,-0.3451918959617615,0.7598650455474854,0.18720263242721558,0.609651505947113,-0.5139814019203186,-0.852247416973114,1.2785990238189697,0.41362088918685913,0.017056632786989212,-0.2369389832019806,0.3379625678062439,0.41240161657333374,0.134517103433609,-0.8541348576545715,1.5440024137496948,-0.8494719862937927,0.8161841034889221,2.098374128341675,-0.1643986701965332,0.5115048289299011,-0.679740846157074,0.0029145218431949615,2.1610000133514404,0.015887510031461716,-0.2793510854244232,0.36109453439712524,0.38949212431907654,0.11013607680797577,-0.8363210558891296,1.5862070322036743,-0.9123684167861938,0.7996713519096375,2.098552703857422,-0.17985261976718903,0.49921080470085144,-0.6650817394256592,-0.022278394550085068,0.02027783915400505,-0.12222039699554443,0.1510571539402008,0.20130977034568787,0.4599558711051941,-0.020883457735180855,0.09245282411575317,-1.1564010381698608,-0.8670694231987,-0.24185262620449066,1.630163550376892,1.9473845958709717,-2.105052947998047,-1.7429267168045044,0.025335343554615974,-0.10840795934200287,0.12922443449497223,0.20580072700977325,0.4525395631790161,-0.02734522521495819,0.09096812456846237,-1.1593542098999023,-0.8671439290046692,-0.24987760186195374,1.6517934799194336,1.950689673423767,-2.1230411529541016,-1.7497247457504272,-0.16171686351299286,-0.09562896937131882,0.37693893909454346,-0.11571785062551498,0.1155066192150116,0.10994115471839905,-0.3451918959617615,0.7598650455474854,0.18720263242721558,0.609651505947113,-0.5139814019203186,-0.852247416973114,1.2785990238189697,0.41362088918685913
3.8810000000000002,1.834619433793705e-05,0.0002439036761643365,-0.016757268458604813,3.676013875519857e-05,-4.497539339354262e-05,5.372797750169411e-05,-2.704309132184335e-08,-3.2934895699554545e-08,-1.0,0.20000000298023224,0.0,0.0,0.0,0.021848171949386597,-0.11198166012763977,0.13612596690654755,0.2047303318977356,0.4557608962059021,-0.02477266825735569,0.08952311426401138,-1.1545253992080688,-0.8674063086509705,-0.24364425241947174,1.639382004737854,1.9459717273712158,-2.110398769378662,-1.7421512603759766,-0.08110575377941132,-0.1247253343462944,0.2883317172527313,0.25776270031929016,0.070454902946949,0.10110510140657425,-0.023249918594956398,-0.24866606295108795,0.07021521776914597,0.3119311034679413,-0.46603426337242126,0.6812666654586792,0.4957852363586426,-0.8150694966316223,0.015887510031461716,-0.2793510854244232,0.36109453439712524,0.38949212431907654,0.11013607680797577,-0.8363210558891296,1.5862070322036743,-0.9123684167861938,0.7996713519096375,2.098552703857422,-0.17985261976718903,0.49921080470085144,-0.6650817394256592,-0.022278394550085068,2.1410000324249268,-0.0031119436025619507,-0.2420998513698578,0.3593180179595947,0.4173868000507355,0.15279091894626617,-0.8461012244224548,1.5324949026107788,-0.8179898262023926,0.8131607174873352,2.124500274658203,-0.21601161360740662,0.48896312713623047,-0.61520916223526,0.024294404312968254,0.015911078080534935,-0.12198629975318909,0.1567775309085846,0.20278650522232056,0.4652838110923767,-0.01927688904106617,0.0875917598605156,-1.1465398073196411,-0.8666595220565796,-0.2353520691394806,1.6177297830581665,1.9420039653778076,-2.0899431705474854,-1.7362918853759766,0.021236037835478783,-0.11288756132125854,0.1385410726070404,0.20463833212852478,0.45637232065200806,-0.023989999666810036,0.08956453949213028,-1.1547549962997437,-0.8672510981559753,-0.24243183434009552,1.6356087923049927,1.946258783340454,-2.107907772064209,-1.7432060241699219,-0.055893730372190475,-0.0791102722287178,0.21667127311229706,0.26884159445762634,0.05409534275531769,0.06600920855998993,0.01265820674598217,-0.2676216959953308,-0.005044776946306229,0.03410528227686882,-0.312548965215683,0.7459850311279297,0.12424096465110779,-0.7795659303665161
3.901,4.819425521418452e-05,0.00022763965534977615,-0.016829991713166237,7.63177959015593e-05,-9.726958523970097e-05,0.00010946816473733634,-5.169708217067637e-08,-8.473728740909792e-08,-1.0,0.20000000298023224,0.0,0.0,0.0,0.018519015982747078,-0.11335848271846771,0.14329209923744202,0.20561377704143524,0.4584941267967224,-0.022355632856488228,0.08669384568929672,-1.150289535522461,-0.867720365524292,-0.23808318376541138,1.6294578313827515,1.9429411888122559,-2.094304323196411,-1.7427010536193848,-0.1302463710308075,-0.06226279214024544,0.33227989077568054,0.6658974289894104,0.1196751669049263,0.10174392908811569,-0.3368147313594818,0.07151077687740326,0.14645658433437347,0.5298237800598145,-0.5581648349761963,1.3001677989959717,1.0767086744308472,-1.4343669414520264,-0.0031119436025619507,-0.2420998513698578,0.3593180179595947,0.4173868000507355,0.15279091894626617,-0.8461012244224548,1.5324949026107788,-0.8179898262023926,0.8131607174873352,2.124500274658203,-0.21601161360740662,0.48896312713623047,-0.61520916223526,0.024294404312968254,2.121000051498413,-0.00965302437543869,-0.2234690934419632,0.36653465032577515,0.44721534848213196,0.18559712171554565,-0.8496673107147217,1.5528916120529175,-0.8024738430976868,0.8139702677726746,2.1520650386810303,-0.2647626996040344,0.503413736820221,-0.557772696018219,0.028448723256587982,0.01176355965435505,-0.11993594467639923,0.1620754897594452,0.20695075392723083,0.4728267788887024,-0.018348243087530136,0.08574257791042328,-1.137099266052246,-0.8662505745887756,-0.22739514708518982,1.602907657623291,1.9391446113586426,-2.0721118450164795,-1.7305686473846436,0.017736466601490974,-0.11400365829467773,0.14538003504276276,0.20605817437171936,0.4595845341682434,-0.021663425490260124,0.08500812202692032,-1.1466426849365234,-0.8671675324440002,-0.23600834608078003,1.6247377395629883,1.9426501989364624,-2.091554880142212,-1.7392497062683105,-0.06758548319339752,-0.06060880422592163,0.17038500308990479,0.5811321139335632,0.0975123792886734,0.05428110063076019,-0.09681754559278488,-0.25384122133255005,0.022282816469669342,0.062171198427677155,-0.39973410964012146,1.4577113389968872,-0.040962960571050644,-1.0175251960754395
3.92,4.819425521418452e-05,0.00022763965534977615,-0.016829991713166237,-7.824437489034608e-05,8.41386427055113e-05,-0.00011650362284854054,2.2802822741141426e-08,-1.8091046438684089e-09,-1.0,0.20000000298023224,0.0,0.0,0.0,0.014695820398628712,-0.11252409219741821,0.1495966911315918,0.2070864886045456,0.46239832043647766,-0.020415665581822395,0.08340268582105637,-1.139036774635315,-0.867392897605896,-0.2298392653465271,1.6164902448654175,1.936866044998169,-2.0785672664642334,-1.7342609167099,-0.11669562757015228,-0.004640341270714998,0.25120848417282104,-0.30845990777015686,0.192509263753891,0.07609052211046219,-0.14420650899410248,0.9996570348739624,0.08550804108381271,0.4746268093585968,-0.6412068009376526,-1.281856894493103,0.9183449149131775,1.4752439260482788,-0.00965302437543869,-0.2234690934419632,0.36653465032577515,0.44721534848213196,0.18559712171554565,-0.8496673107147217,1.5528916120529175,-0.8024738430976868,0.8139702677726746,2.1520650386810303,-0.2647626996040344,0.503413736820221,-0.557772696018219,0.028448723256587982,2.1010000705718994,-0.003629155457019806,-0.3204125761985779,0.36715167760849,0.34474608302116394,0.12467575073242188,-0.8365867733955383,1.5624700784683228,-0.9027038216590881,0.7735761404037476,2.1347880363464355,-0.2511211335659027,0.4821004271507263,-0.6055169105529785,-0.01097472570836544,0.009047931991517544,-0.1279900074005127,0.1663755625486374,0.2000352144241333,0.47276899218559265,-0.016297271475195885,0.0852210745215416,-1.1395697593688965,-0.8699628710746765,-0.22275730967521667,1.5924140214920044,1.9347257614135742,-2.0626211166381836,-1.729932427406311,0.014695820398628712,-0.11252409219741821,0.1495966911315918,0.2070864886045456,0.46239832043647766,-0.020415665581822395,0.08340268582105637,-1.139036774635315,-0.867392897605896,-0.2298392653465271,1.6164902448654175,1.936866044998169,-2.0785672664642334,-1.7342609167099,-0.11669562757015228,-0.004640341270714998,0.25120848417282104,-0.30845990777015686,0.192509263753891,0.07609052211046219,-0.14420650899410248,0.9996570348739624,0.08550804108381271,0.4746268093585968,-0.6412068009376526,-1.281856894493103,0.9183449149131775,1.4752439260482788
3.941,-6.627396032854449e-06,0.00024373953056056052,-0.016865430399775505,-0.00012063764006597921,0.00012937131396029145,-0.00017938396194949746,7.476128160988083e-08,3.253022740068445e-08,-1.0,0.20000000298023224,0.0,0.0,0.0,0.011183799244463444,-0.11553363502025604,0.15532952547073364,0.2056637704372406,0.4655793309211731,-0.018785599619150162,0.08260749280452728,-1.1360234022140503,-0.8692702651023865,-0.22520756721496582,1.6037819385528564,1.93463134765625,-2.0682003498077393,-1.7234399318695068,-0.13045434653759003,-0.19200019538402557,0.30792632699012756,-0.8910669088363647,0.10156843811273575,0.07779622077941895,-0.08584553748369217,0.4556489884853363,-0.23264597356319427,0.41343116760253906,-0.5297667980194092,-2.0635669231414795,0.6363697648048401,1.9489567279815674,-0.003629155457019806,-0.3204125761985779,0.36715167760849,0.34474608302116394,0.12467575073242188,-0.8365867733955383,1.5624700784683228,-0.9027038216590881,0.7735761404037476,2.1347880363464355,-0.2511211335659027,0.4821004271507263,-0.6055169105529785,-0.01097472570836544,2.0810000896453857,-0.0265333354473114,-0.36583903431892395,0.38374704122543335,0.303836464881897,0.07347173988819122,-0.8119980096817017,1.5189107656478882,-0.888776421546936,0.7577568292617798,2.099932909011841,-0.22456534206867218,0.421560138463974,-0.6103346943855286,0.007842453196644783,0.00458501186221838,-0.13897591829299927,0.17147515714168549,0.19041182100772858,0.46760237216949463,-0.012197618372738361,0.08044794201850891,-1.1401535272598267,-0.874514639377594,-0.22253255546092987,1.586674690246582,1.925136685371399,-2.0555102825164795,-1.7275416851043701,0.011183799244463444,-0.11553363502025604,0.15532952547073364,0.2056637704372406,0.4655793309211731,-0.018785599619150162,0.08260749280452728,-1.1360234022140503,-0.8692702651023865,-0.22520756721496582,1.6037819385528564,1.93463134765625,-2.0682003498077393,-1.7234399318695068,-0.13045434653759003,-0.19200019538402557,0.30792632699012756,-0.8910669088363647,0.10156843811273575,0.07779622077941895,-0.08584553748369217,0.4556489884853363,-0.23264597356319427,0.41343116760253906,-0.5297667980194092,-2.0635669231414795,0.6363697648048401,1.9489567279815674
3.961,-6.627396032854449e-06,0.00024373953056056052,-0.016865430399775505,-0.00012466312909964472,0.0001323328324360773,-0.00018660158093553036,8.679780449938335e-08,9.794490551939816e-09,-1.0,0.20000000298023224,0.0,0.0,0.0,0.007861269637942314,-0.11986827850341797,0.16071392595767975,0.20234966278076172,0.46681585907936096,-0.016545256599783897,0.07962124049663544,-1.1375821828842163,-0.8726097941398621,-0.2241513431072235,1.5948210954666138,1.9310133457183838,-2.057576894760132,-1.7261836528778076,-0.19447627663612366,-0.31168243288993835,0.32114318013191223,-1.0533865690231323,-0.01793031021952629,0.09661247581243515,-0.4031190872192383,0.5967423915863037,-0.43861305713653564,0.17225463688373566,-0.3827235698699951,-2.3806583881378174,0.6553003191947937,2.250476598739624,-0.0265333354473114,-0.36583903431892395,0.38374704122543335,0.303836464881897,0.07347173988819122,-0.8119980096817017,1.5189107656478882,-0.888776421546936,0.7577568292617798,2.099932909011841,-0.22456534206867218,0.421560138463974,-0.6103346943855286,0.007842453196644783,2.061000108718872,-0.020773500204086304,-0.3972649872303009,0.4101756811141968,0.30106601119041443,0.04057144746184349,-0.7921789288520813,1.523317813873291,-0.9040816426277161,0.7601034641265869,2.0715491771698,-0.2091565877199173,0.39646926522254944,-0.6035221219062805,-0.0010361773893237114,0.0015906593762338161,-0.1509072333574295,0.1781977117061615,0.18243606388568878,0.46017906069755554,-0.006935988087207079,0.07707013934850693,-1.1421509981155396,-0.8779214024543762,-0.225191131234169,1.5836241245269775,1.9149563312530518,-2.049140453338623,-1.7265169620513916,0.0069052656181156635,-0.12199751287698746,0.16245757043361664,0.20014183223247528,0.46664953231811523,-0.015723301097750664,0.07760496437549591,-1.1381860971450806,-0.8745508790016174,-0.22338196635246277,1.591233253479004,1.9285064935684204,-2.057231903076172,-1.7267353534698486,-0.07442784309387207,-0.18385161459445953,0.10533779114484787,-0.9472246170043945,-0.005584413185715675,0.07054650783538818,-0.10405895859003067,0.6351693868637085,-0.0910026878118515,0.031128307804465294,-0.3070297837257385,-2.2077817916870117,-0.16679733991622925,1.9003686904907227
3.98,-0.000153849134221673,0.0003137550665996969,-0.016869867220520973,6.909842795721488e-07,-1.005778722174e-05,-2.1393216229625978e-06,2.6337882985671968e-08,-4.0799324807494486e-08,-1.0,0.20000000298023224,0.0,0.0,0.0,0.004411712754517794,-0.12605087459087372,0.16616912186145782,0.19557340443134308,0.4649884104728699,-0.013452266342937946,0.07508844137191772,-1.139293909072876,-0.8764208555221558,-0.22609439492225647,1.5863007307052612,1.9199544191360474,-2.0523507595062256,-1.7224925756454468,-0.1806183159351349,-0.35071101784706116,0.31431400775909424,-0.23097144067287445,-0.1459953486919403,0.12842600047588348,-0.38425835967063904,-0.3819945752620697,-0.3434978425502777,-0.012122364714741707,-0.23813693225383759,-0.15812312066555023,0.3615134060382843,-0.8227074146270752,-0.020773500204086304,-0.3972649872303009,0.4101756811141968,0.30106601119041443,0.04057144746184349,-0.7921789288520813,1.523317813873291,-0.9040816426277161,0.7601034641265869,2.0715491771698,-0.2091565877199173,0.39646926522254944,-0.6035221219062805,-0.0010361773893237114,2.0409998893737793,-0.03653514385223389,-0.3305961787700653,0.44198161363601685,0.3690413236618042,0.1047603189945221,-0.7930143475532532,1.5014801025390625,-0.7980254888534546,0.7958438396453857,2.11071515083313,-0.2592729330062866,0.3720695376396179,-0.5288012027740479,0.06057311221957207,-0.0023809869308024645,-0.15378540754318237,0.18675634264945984,0.18285298347473145,0.46065929532051086,-0.0028102253563702106,0.07218413054943085,-1.1331433057785034,-0.8770727515220642,-0.22340139746665955,1.576172113418579,1.9043720960617065,-2.0365724563598633,-1.719536304473877,0.004411712754517794,-0.12605087459087372,0.16616912186145782,0.19557340443134308,0.4649884104728699,-0.013452266342937946,0.07508844137191772,-1.139293909072876,-0.8764208555221558,-0.22609439492225647,1.5863007307052612,1.9199544191360474,-2.0523507595062256,-1.7224925756454468,-0.1806183159351349,-0.35071101784706116,0.31431400775909424,-0.23097144067287445,-0.1459953486919403,0.12842600047588348,-0.38425835967063904,-0.3819945752620697,-0.3434978425502777,-0.012122364714741707,-0.23813693225383759,-0.15812312066555023,0.3615134060382843,-0.8227074146270752
4.0,-0.000153849134221673,0.0003137550665996969,-0.016869867220520973,4.6586817916249856e-05,-5.915147266932763e-05,6.68275824864395e-05,-2.5896731870034273e-08,-6.501840488226662e-08,-1.0,0.20000000298023224,0.0,0.0,0.0,0.0005885924911126494,-0.13321521878242493,0.17246732115745544,0.19152095913887024,0.46342578530311584,-0.009822464548051357,0.06951062381267548,-1.1355098485946655,-0.8779136538505554,-0.22499307990074158,1.5799224376678467,1.9099301099777222,-2.040698528289795,-1.727125644683838,-0.09404514729976654,-0.2642396092414856,0.27526476979255676,0.27255141735076904,-0.07457771897315979,0.15362341701984406,-0.2696438431739807,0.030476083979010582,0.03642517328262329,0.18677735328674316,-0.28614285588264465,0.6874055862426758,0.4586982727050781,-0.7965691685676575,-0.03653514385223389,-0.3305961787700653,0.44198161363601685,0.3690413236618042,0.1047603189945221,-0.7930143475532532,1.5014801025390625,-0.7980254888534546,0.7958438396453857,2.11071515083313,-0.2592729330062866,0.3720695376396179,-0.5288012027740479,0.06057311221957207,2.0209999084472656,-0.03511092811822891,-0.3072613477706909,0.44984883069992065,0.4111683964729309,0.1577361524105072,-0.7994057536125183,1.5169557332992554,-0.7854377627372742,0.8118121027946472,2.14431095123291,-0.31781768798828125,0.4154372215270996,-0.4760035276412964,0.05064481869339943,-0.00541588244959712,-0.15375447273254395,0.1943899691104889,0.1873992383480072,0.4663410782814026,-0.00014875573106110096,0.06982288509607315,-1.124678373336792,-0.874796986579895,-0.218610018491745,1.5643559694290161,1.9002413749694824,-2.021238327026367,-1.71494460105896,0.0005885924911126494,-0.13321521878242493,0.17246732115745544,0.19152095913887024,0.46342578530311584,-0.009822464548051357,0.06951062381267548,-1.1355098485946655,-0.8779136538505554,-0.22499307990074158,1.5799224376678467,1.9099301099777222,-2.040698528289795,-1.727125644683838,-0.09404514729976654,-0.2642396092414856,0.27526476979255676,0.27255141735076904,-0.07457771897315979,0.15362341701984406,-0.2696438431739807,0.030476083979010582,0.03642517328262329,0.18677735328674316,-0.28614285588264465,0.6874055862426758,0.4586982727050781,-0.7965691685676575
4.02,-0.0001165349458460696,0.00029680735315196216,-0.016943134367465973,-3.7868401705054566e-05,3.6813995393458754e-05,-5.7699147873790935e-05,3.952964178211005e-09,-2.321305281327568e-08,-1.0,0.20000000298023224,0.0,0.0,0.0,-0.003043582895770669,-0.13722184300422668,0.1791800707578659,0.1909821331501007,0.46379354596138,-0.006236246321350336,0.06713620573282242,-1.1262965202331543,-0.8766788244247437,-0.22073060274124146,1.5718424320220947,1.9006743431091309,-2.027448892593384,-1.71891188621521,-0.10467109084129333,-0.1775052696466446,0.32518085837364197,-0.12259574234485626,0.04192333668470383,0.14719083905220032,-0.13271380960941315,0.7051730155944824,0.1924087256193161,0.3588908314704895,-0.39818283915519714,-0.7576842308044434,0.8609752655029297,0.6644683480262756,-0.03511092811822891,-0.3072613477706909,0.44984883069992065,0.4111683964729309,0.1577361524105072,-0.7994057536125183,1.5169557332992554,-0.7854377627372742,0.8118121027946472,2.14431095123291,-0.31781768798828125,0.4154372215270996,-0.4760035276412964,0.05064481869339943,2.000999927520752,-0.03987604379653931,-0.34800004959106445,0.44845205545425415,0.3574451804161072,0.1328335404396057,-0.7864574193954468,1.5226131677627563,-0.8368917107582092,0.7933167219161987,2.144761562347412,-0.33863094449043274,0.4074682295322418,-0.4816220998764038,0.029177524149417877,-0.008320310153067112,-0.15780358016490936,0.20035718381404877,0.18566390872001648,0.46839621663093567,0.0032752533443272114,0.06849963217973709,-1.1230518817901611,-0.8748259544372559,-0.2147318571805954,1.5528216361999512,1.8961399793624878,-2.009532928466797,-1.7134180068969727,-0.003043582895770669,-0.13722184300422668,0.1791800707578659,0.1909821331501007,0.46379354596138,-0.006236246321350336,0.06713620573282242,-1.1262965202331543,-0.8766788244247437,-0.22073060274124146,1.5718424320220947,1.9006743431091309,-2.027448892593384,-1.71891188621521,-0.10467109084129333,-0.1775052696466446,0.32518085837364197,-0.12259574234485626,0.04192333668470383,0.14719083905220032,-0.13271380960941315,0.7051730155944824,0.1924087256193161,0.3588908314704895,-0.39818283915519714,-0.7576842308044434,0.8609752655029297,0.6644683480262756
4.043,-0.0001165349458460696,0.00029680735315196216,-0.016943134367465973,3.53001341864001e-05,-4.297244595363736e-05,5.0084312533726916e-05,-2.7015680359454564e-08,-3.591388519907923e-08,-1.0,0.20000000298023224,0.0,0.0,0.0,-0.006689999718219042,-0.14240118861198425,0.18646112084388733,0.18956075608730316,0.46569231152534485,-0.0027654836885631084,0.06632985919713974,-1.1210023164749146,-0.8756920695304871,-0.21643276512622833,1.5614731311798096,1.8951215744018555,-2.013300895690918,-1.7122889757156372,-0.08376003056764603,-0.19351878762245178,0.2717982828617096,0.2815735936164856,0.03811186924576759,0.14067868888378143,-0.0730036050081253,-0.2509211599826813,0.0758175477385521,0.2707403898239136,-0.4341047704219818,0.764033854007721,0.5202347040176392,-0.9920451641082764,-0.03987604379653931,-0.34800004959106445,0.44845205545425415,0.3574451804161072,0.1328335404396057,-0.7864574193954468,1.5226131677627563,-0.8368917107582092,0.7933167219161987,2.144761562347412,-0.33863094449043274,0.4074682295322418,-0.4816220998764038,0.029177524149417877,1.9809999465942383,-0.07234294712543488,-0.30442604422569275,0.46014487743377686,0.3885286748409271,0.17574146389961243,-0.7992738485336304,1.4796139001846313,-0.7471967935562134,0.8018194437026978,2.175950765609741,-0.3822372257709503,0.3928007483482361,-0.4199753999710083,0.08285675942897797,-0.013890543021261692,-0.156685471534729,0.20630024373531342,0.1873839944601059,0.4743311107158661,0.004732817877084017,0.0631411001086235,-1.1127811670303345,-0.8739988207817078,-0.2085104137659073,1.539233684539795,1.8913921117782593,-1.9940038919448853,-1.7068288326263428,-0.0072983987629413605,-0.1439455896615982,0.18864285945892334,0.18936952948570251,0.46602413058280945,-0.0016109265852719545,0.06598471105098724,-1.1212186813354492,-0.8754194974899292,-0.21535556018352509,1.5579047203063965,1.8951753377914429,-2.0114212036132812,-1.7133986949920654,-0.05498291179537773,-0.13913552463054657,0.19210191071033478,0.18485404551029205,0.02901940979063511,0.10072816908359528,-0.02026432752609253,-0.21970897912979126,0.008434442803263664,0.03199879825115204,-0.2992251515388489,0.5852578282356262,0.03775694966316223,-0.6567632555961609
4.061,-9.364625293528661e-05,0.00028313687653280795,-0.017008787021040916,-3.60154481313657e-05,3.202921652700752e-05,-5.502011481439695e-05,1.4920409796559397e-08,-3.727124564534279e-08,-1.0,0.20000000298023224,0.0,0.0,0.0,-0.009975109249353409,-0.1442391723394394,0.19294628500938416,0.18996401131153107,0.46785101294517517,0.00028632418252527714,0.06334885954856873,-1.1167184114456177,-0.8756738901138306,-0.21164104342460632,1.5520602464675903,1.8893972635269165,-1.9991719722747803,-1.7114908695220947,-0.18225648999214172,-0.014731108210980892,0.3786119222640991,0.005044149234890938,0.12313713878393173,0.13587786257266998,-0.4108763039112091,0.7766640186309814,0.19374249875545502,0.6169708371162415,-0.6087613701820374,-0.7040780782699585,1.4146159887313843,0.15645471215248108,-0.07234294712543488,-0.30442604422569275,0.46014487743377686,0.3885286748409271,0.17574146389961243,-0.7992738485336304,1.4796139001846313,-0.7471967935562134,0.8018194437026978,2.175950765609741,-0.3822372257709503,0.3928007483482361,-0.4199753999710083,0.08285675942897797,1.9609999656677246,-0.06666639447212219,-0.3578391671180725,0.482424259185791,0.3565978407859802,0.14685608446598053,-0.7737377882003784,1.5290237665176392,-0.8215197920799255,0.7745598554611206,2.181994915008545,-0.4011025130748749,0.37400904297828674,-0.40061742067337036,0.06082792207598686,-0.017779074609279633,-0.16113229095935822,0.21328261494636536,0.1855669915676117,0.4761905074119568,0.008452476002275944,0.06379526108503342,-1.1119968891143799,-0.8760631084442139,-0.2029288411140442,1.5264767408370972,1.8857146501541138,-1.9796448945999146,-1.7037603855133057,-0.010946732945740223,-0.1452026069164276,0.19515351951122284,0.19059020280838013,0.4688859283924103,0.0012390894116833806,0.0610201470553875,-1.1129295825958252,-0.8748055100440979,-0.209249347448349,1.5470292568206787,1.8896220922470093,-1.995271921157837,-1.7100127935409546,-0.07992303371429443,-0.10591083765029907,0.16055889427661896,-0.15100990235805511,0.09317672252655029,0.07507442682981491,-0.14430288970470428,0.40893110632896423,0.03920770063996315,0.07603298127651215,-0.43160054087638855,-0.40911296010017395,-0.03361881524324417,0.8841789960861206
4.08,-9.364625293528661e-05,0.00028313687653280795,-0.017008787021040916,2.4723070964682847e-05,-3.160486448905431e-05,3.4118653275072575e-05,-2.0059371053093855e-08,-3.569000739389594e-08,-1.0,0.20000000298023224,0.0,0.0,0.0,-0.01390052866190672,-0.14817003905773163,0.1990116834640503,0.18888436257839203,0.4713875353336334,0.003142866538837552,0.06096209958195686,-1.1101561784744263,-0.8765841126441956,-0.20571556687355042,1.5383079051971436,1.885071873664856,-1.9868383407592773,-1.7029227018356323,-0.11626231670379639,-0.20363959670066833,0.2947830855846405,0.21308927237987518,0.08078229427337646,0.13952696323394775,-0.07941820472478867,-0.1697705239057541,0.0886463075876236,0.48368069529533386,-0.5736649036407471,0.5630589723587036,0.7477157115936279,-0.5746755599975586,-0.06666639447212219,-0.3578391671180725,0.482424259185791,0.3565978407859802,0.14685608446598053,-0.7737377882003784,1.5290237665176392,-0.8215197920799255,0.7745598554611206,2.181994915008545,-0.4011025130748749,0.37400904297828674,-0.40061742067337036,0.06082792207598686,1.940999984741211,-0.09621070325374603,-0.3337293863296509,0.49283939599990845,0.3821103274822235,0.17466014623641968,-0.7838635444641113,1.4829310178756714,-0.7352205514907837,0.7898399233818054,2.1996777057647705,-0.43477046489715576,0.36259111762046814,-0.353287935256958,0.10456599295139313,-0.02384433150291443,-0.16227877140045166,0.21991002559661865,0.1866646260023117,0.48045843839645386,0.01041562668979168,0.05970931798219681,-1.1027395725250244,-0.8761864900588989,-0.19669529795646667,1.512904405593872,1.880030870437622,-1.9634246826171875,-1.6969318389892578,-0.01390052866190672,-0.14817003905773163,0.1990116834640503,0.18888436257839203,0.4713875353336334,0.003142866538837552,0.06096209958195686,-1.1101561784744263,-0.8765841126441956,-0.20571556687355042,1.5383079051971436,1.885071873664856,-1.9868383407592773,-1.7029227018356323,-0.11626231670379639,-0.20363959670066833,0.2947830855846405,0.21308927237987518,0.08078229427337646,0.13952696323394775,-0.07941820472478867,-0.1697705239057541,0.0886463075876236,0.48368069529533386,-0.5736649036407471,0.5630589723587036,0.7477157115936279,-0.5746755599975586
4.101,-9.89130639936775e-05,0.0002825534320436418,-0.017062345519661903,-3.9252150600077584e-05,3.590533742681146e-05,-5.863167825737037e-05,-2.5219174304424996e-08,-5.602309016694562e-08,-1.0,0.20000000298023224,0.0,0.0,0.0,-0.01796278916299343,-0.15156744420528412,0.20588405430316925,0.18939898908138275,0.4744266867637634,0.006157004740089178,0.058216314762830734,-1.1057887077331543,-0.8769805431365967,-0.19941478967666626,1.5267797708511353,1.8807663917541504,-1.9691592454910278,-1.7020719051361084,-0.13423408567905426,-0.12782509624958038,0.32065141201019287,0.354574054479599,0.10948821157217026,0.12215764820575714,-0.23986254632472992,0.25310754776000977,0.10820597410202026,0.5129923820495605,-0.6407408118247986,0.5867547392845154,1.1169407367706299,-0.8159285187721252,-0.09621070325374603,-0.3337293863296509,0.49283939599990845,0.3821103274822235,0.17466014623641968,-0.7838635444641113,1.4829310178756714,-0.7352205514907837,0.7898399233818054,2.1996777057647705,-0.43477046489715576,0.36259111762046814,-0.353287935256958,0.10456599295139313,1.9210000038146973,-0.09745226800441742,-0.3334522545337677,0.5063905715942383,0.39679932594299316,0.18852952122688293,-0.7767979502677917,1.5037287473678589,-0.7440032362937927,0.7834203243255615,2.2166364192962646,-0.469285786151886,0.36079099774360657,-0.3133525848388672,0.10522810369729996,-0.028820693492889404,-0.16316823661327362,0.2265670895576477,0.18901163339614868,0.4852597117424011,0.012692706659436226,0.05852033942937851,-1.0962120294570923,-0.8769271373748779,-0.1900126039981842,1.4985949993133545,1.875303864479065,-1.9464550018310547,-1.6914026737213135,-0.01908687874674797,-0.15252099931240082,0.20807138085365295,0.1897413283586502,0.47537365555763245,0.007047575898468494,0.057034969329833984,-1.1025640964508057,-0.8765725493431091,-0.19739434123039246,1.5213996171951294,1.880259394645691,-1.9654901027679443,-1.699291467666626,-0.10436205565929413,-0.08326645195484161,0.18024572730064392,0.1745193898677826,0.0844002515077591,0.07208257168531418,-0.06743187457323074,0.06792060285806656,0.011926996521651745,0.061163753271102905,-0.4535771310329437,0.44316351413726807,0.04000430554151535,-0.09988493472337723
4.12,-9.89130639936775e-05,0.0002825534320436418,-0.017062345519661903,-3.710793680511415e-05,3.660356378532015e-05,-5.4445292335003614e-05,-3.9715888355829065e-09,-2.5442234985462164e-08,-1.0,0.20000000298023224,0.0,0.0,0.0,-0.02234598621726036,-0.15411564707756042,0.21237735450267792,0.1913016438484192,0.4778984487056732,0.008832714520394802,0.056200239807367325,-1.0962560176849365,-0.8776657581329346,-0.19247719645500183,1.5124526023864746,1.8746501207351685,-1.9527263641357422,-1.694385290145874,-0.1552513688802719,-0.09898921847343445,0.2972716987133026,-0.07900239527225494,0.13222841918468475,0.10873770713806152,-0.1233399510383606,0.6419312953948975,0.07812979072332382,0.4577323794364929,-0.6498161554336548,-0.7206335067749023,0.8874944448471069,0.8734630942344666,-0.09745226800441742,-0.3334522545337677,0.5063905715942383,0.39679932594299316,0.18852952122688293,-0.7767979502677917,1.5037287473678589,-0.7440032362937927,0.7834203243255615,2.2166364192962646,-0.469285786151886,0.36079099774360657,-0.3133525848388672,0.10522810369729996,1.9010000228881836,-0.09069518744945526,-0.3943137526512146,0.5037950873374939,0.3450146019458771,0.15282604098320007,-0.7635842561721802,1.500369668006897,-0.7826984524726868,0.7655495405197144,2.208141326904297,-0.47649654746055603,0.3442886769771576,-0.32645997405052185,0.08754227310419083,-0.03212607651948929,-0.1699659675359726,0.23163318634033203,0.18571077287197113,0.48553037643432617,0.01583573967218399,0.05723324418067932,-1.0948594808578491,-0.8793067932128906,-0.18551595509052277,1.4864263534545898,1.869871973991394,-1.934190034866333,-1.6887478828430176,-0.02234598621726036,-0.15411564707756042,0.21237735450267792,0.1913016438484192,0.4778984487056732,0.008832714520394802,0.056200239807367325,-1.0962560176849365,-0.8776657581329346,-0.19247719645500183,1.5124526023864746,1.8746501207351685,-1.9527263641357422,-1.694385290145874,-0.1552513688802719,-0.09898921847343445,0.2972716987133026,-0.07900239527225494,0.13222841918468475,0.10873770713806152,-0.1233399510383606,0.6419312953948975,0.07812979072332382,0.4577323794364929,-0.6498161554336548,-0.7206335067749023,0.8874944448471069,0.8734630942344666
4.141,-0.00012053762475261465,0.00028726886375807226,-0.01710590161383152,4.822466871701181e-05,-5.943428186583333e-05,6.617538747377694e-05,2.9499579667913167e-08,3.543315862941654e-09,-1.0,0.20000000298023224,0.0,0.0,0.0,-0.026738876476883888,-0.15762248635292053,0.21879363059997559,0.18888482451438904,0.480351984500885,0.011422568000853062,0.05521400272846222,-1.0920320749282837,-0.8788784146308899,-0.18801268935203552,1.4989804029464722,1.870043158531189,-1.9404155015945435,-1.6868690252304077,-0.14428646862506866,-0.16522465646266937,0.2739337086677551,-0.46920469403266907,0.07166572660207748,0.11546038091182709,-0.1443231999874115,0.27689090371131897,-0.16055557131767273,0.419887512922287,-0.5853622555732727,-1.0489901304244995,0.8763790130615234,1.0623680353164673,-0.09069518744945526,-0.3943137526512146,0.5037950873374939,0.3450146019458771,0.15282604098320007,-0.7635842561721802,1.500369668006897,-0.7826984524726868,0.7655495405197144,2.208141326904297,-0.47649654746055603,0.3442886769771576,-0.32645997405052185,0.08754227310419083,1.88100004196167,-0.11885012686252594,-0.4209093153476715,0.5378996133804321,0.3185960054397583,0.12350817024707794,-0.7455435395240784,1.4792507886886597,-0.7656111121177673,0.7658221125602722,2.201688528060913,-0.47471487522125244,0.3000475764274597,-0.3049652576446533,0.10708433389663696,-0.037585873156785965,-0.17806372046470642,0.2390965074300766,0.18042822182178497,0.48281511664390564,0.020154237747192383,0.0540916807949543,-1.0920686721801758,-0.8811832070350647,-0.182563915848732,1.4768697023391724,1.8611024618148804,-1.9222285747528076,-1.684669852256775,-0.027831949293613434,-0.15880030393600464,0.22073523700237274,0.18863816559314728,0.4810638725757599,0.012312259525060654,0.054528288543224335,-1.0927187204360962,-0.8796157240867615,-0.18633630871772766,1.4940794706344604,1.8698079586029053,-1.936879277229309,-1.6875274181365967,-0.09787211567163467,-0.10216758400201797,0.15900717675685883,-0.23607157170772552,0.06855050474405289,0.072902150452137,-0.03765013813972473,0.15944436192512512,-0.03231509402394295,0.05441189184784889,-0.41125765442848206,-0.6937779784202576,0.10556213557720184,0.5779203176498413
4.162,-0.00012053762475261465,0.00028726886375807226,-0.01710590161383152,-6.342127016978338e-05,6.59477009321563e-05,-9.084418707061559e-05,4.302683720425193e-08,-2.0105632714262356e-09,-1.0,0.20000000298023224,0.0,0.0,0.0,-0.030918799340724945,-0.16189156472682953,0.22480112314224243,0.1849539577960968,0.4804518520832062,0.014234950765967369,0.05296029523015022,-1.0897959470748901,-0.8804780840873718,-0.1851433366537094,1.4866561889648438,1.8631007671356201,-1.926348328590393,-1.6852105855941772,-0.19361388683319092,-0.2385438084602356,0.3236447870731354,-0.5835002064704895,0.0032531798351556063,0.14255860447883606,-0.33126547932624817,0.39650237560272217,-0.2784697413444519,0.3761647343635559,-0.48990240693092346,-1.4023388624191284,0.830130934715271,1.3354687690734863,-0.11885012686252594,-0.4209093153476715,0.5378996133804321,0.3185960054397583,0.12350817024707794,-0.7455435395240784,1.4792507886886597,-0.7656111121177673,0.7658221125602722,2.201688528060913,-0.47471487522125244,0.3000475764274597,-0.3049652576446533,0.10708433389663696,1.8609999418258667,-0.11851325631141663,-0.45166558027267456,0.5600652098655701,0.31668394804000854,0.10062733292579651,-0.7216998338699341,1.48915433883667,-0.7671161890029907,0.7694234251976013,2.187382459640503,-0.4826695919036865,0.2758725583553314,-0.28455090522766113,0.10610897839069366,-0.041920024901628494,-0.18761754035949707,0.2472837269306183,0.17601098120212555,0.4783548414707184,0.025993406772613525,0.05256878584623337,-1.0899865627288818,-0.88232421875,-0.1816328912973404,1.4684288501739502,1.851669192314148,-1.9106180667877197,-1.6815049648284912,-0.03222118690609932,-0.1635851413011551,0.22706684470176697,0.18444760143756866,0.48060768842697144,0.015385202132165432,0.051181331276893616,-1.0902479887008667,-0.8817073106765747,-0.1835411936044693,1.482495665550232,1.8622444868087769,-1.924498200416565,-1.6850039958953857,-0.11302745342254639,-0.14739990234375,0.18144993484020233,-0.30799809098243713,0.02076803892850876,0.09763146191835403,-0.0991174578666687,0.22611618041992188,-0.04831482097506523,0.05970035865902901,-0.349435418844223,-0.8835358619689941,-0.06809452921152115,0.838279664516449
4.181,-0.00016728219634387642,0.0003069710801355541,-0.017138425260782242,-3.753139026230201e-05,3.7202124076429754e-05,-5.4389562137657776e-05,2.2299188273677828e-08,-1.5722179114163737e-08,-1.0,0.20000000298023224,0.0,0.0,0.0,-0.03545242175459862,-0.16731396317481995,0.23142211139202118,0.18197348713874817,0.4793262779712677,0.017874563112854958,0.05001332610845566,-1.088025689125061,-0.8820502758026123,-0.1833980828523636,1.4754236936569214,1.856273889541626,-1.916365623474121,-1.6819952726364136,-0.16526475548744202,-0.2689891755580902,0.3288145065307617,-0.3244548439979553,-0.059684768319129944,0.17108172178268433,-0.20852157473564148,0.26123255491256714,-0.19936028122901917,0.16640760004520416,-0.4013228416442871,-0.9807724952697754,0.6159206628799438,0.831805944442749,-0.11851325631141663,-0.45166558027267456,0.5600652098655701,0.31668394804000854,0.10062733292579651,-0.7216998338699341,1.48915433883667,-0.7671161890029907,0.7694234251976013,2.187382459640503,-0.4826695919036865,0.2758725583553314,-0.28455090522766113,0.10610897839069366,1.840999960899353,-0.12773513793945312,-0.4454765021800995,0.5753483176231384,0.3446996808052063,0.10887160897254944,-0.7174683809280396,1.4872045516967773,-0.7361590266227722,0.7873277068138123,2.194359064102173,-0.5045338869094849,0.26284441351890564,-0.2605226933956146,0.1188012883067131,-0.04630953446030617,-0.19464167952537537,0.2553618252277374,0.17527875304222107,0.47561103105545044,0.031087886542081833,0.051155492663383484,-1.0852251052856445,-0.8814465999603271,-0.18019041419029236,1.4594897031784058,1.8428198099136353,-1.8989267349243164,-1.677703857421875,-0.03545242175459862,-0.16731396317481995,0.23142211139202118,0.18197348713874817,0.4793262779712677,0.017874563112854958,0.05001332610845566,-1.088025689125061,-0.8820502758026123,-0.1833980828523636,1.4754236936569214,1.856273889541626,-1.916365623474121,-1.6819952726364136,-0.16526475548744202,-0.2689891755580902,0.3288145065307617,-0.3244548439979553,-0.059684768319129944,0.17108172178268433,-0.20852157473564148,0.26123255491256714,-0.19936028122901917,0.16640760004520416,-0.4013228416442871,-0.9807724952697754,0.6159206628799438,0.831805944442749
4.201,-0.00016728219634387642,0.0003069710801355541,-0.017138425260782242,-2.9151913622627035e-05,2.774957101792097e-05,-4.259929119143635e-05,7.09583636293587e-09,-2.415518096654523e-08,-1.0,0.20000000298023224,0.0,0.0,0.0,-0.039853762835264206,-0.17340756952762604,0.23850104212760925,0.17958036065101624,0.47740375995635986,0.021933620795607567,0.048725973814725876,-1.0842242240905762,-0.8817299604415894,-0.1824488490819931,1.466230869293213,1.847698450088501,-1.9055492877960205,-1.680216670036316,-0.1927710473537445,-0.30798742175102234,0.38416650891304016,-0.12964984774589539,-0.08199651539325714,0.2002042829990387,-0.1493629366159439,0.44762229919433594,-0.10962404310703278,0.26686233282089233,-0.38675662875175476,-0.8338747024536133,0.8759399056434631,0.48979052901268005,-0.12773513793945312,-0.4454765021800995,0.5753483176231384,0.3446996808052063,0.10887160897254944,-0.7174683809280396,1.4872045516967773,-0.7361590266227722,0.7873277068138123,2.194359064102173,-0.5045338869094849,0.26284441351890564,-0.2605226933956146,0.1188012883067131,1.8209999799728394,-0.1367737501859665,-0.43813106417655945,0.5826015472412109,0.3710632920265198,0.11686490476131439,-0.7051188349723816,1.4953029155731201,-0.7234570980072021,0.7988212704658508,2.20100736618042,-0.5318353772163391,0.2516515254974365,-0.2285737544298172,0.1219596415758133,-0.05072500556707382,-0.19952645897865295,0.26254960894584656,0.17732934653759003,0.4742153286933899,0.036398425698280334,0.050834693014621735,-1.0801458358764648,-0.879595160484314,-0.1783715933561325,1.449608325958252,1.8346210718154907,-1.8863787651062012,-1.674347162246704,-0.041128311306238174,-0.17573432624340057,0.2413938343524933,0.17959259450435638,0.4768420457839966,0.0236411914229393,0.0481870174407959,-1.0832806825637817,-0.8823298215866089,-0.18120525777339935,1.4632322788238525,1.8458821773529053,-1.9019538164138794,-1.678619384765625,-0.11033989489078522,-0.20699505507946014,0.2459302544593811,-0.13484051823616028,-0.04763331636786461,0.1510966420173645,-0.006582619622349739,0.13052932918071747,-0.02264268510043621,0.05345911905169487,-0.24813897907733917,-0.47783294320106506,0.13422644138336182,0.53327876329422
4.221,-0.00019720768614206463,0.0003174974408466369,-0.017177147790789604,-4.584097405313514e-05,4.6424964239122346e-05,-6.591453711735085e-05,4.487059612756639e-09,-1.7770092952673622e-08,-1.0,0.20000000298023224,0.0,0.0,0.0,-0.044367216527462006,-0.17974984645843506,0.24605005979537964,0.1808844655752182,0.4751417338848114,0.026545096188783646,0.04851333424448967,-1.0788172483444214,-0.8805516362190247,-0.18027791380882263,1.4566117525100708,1.8397663831710815,-1.8914859294891357,-1.6764276027679443,-0.164081409573555,-0.26628395915031433,0.37655341625213623,-0.19952592253684998,-0.05016075447201729,0.21001778542995453,-0.07735161483287811,0.5860651731491089,-0.05802624672651291,0.22338446974754333,-0.35401538014411926,-1.2079333066940308,0.6605542302131653,1.110371470451355,-0.1367737501859665,-0.43813106417655945,0.5826015472412109,0.3710632920265198,0.11686490476131439,-0.7051188349723816,1.4953029155731201,-0.7234570980072021,0.7988212704658508,2.20100736618042,-0.5318353772163391,0.2516515254974365,-0.2285737544298172,0.1219596415758133,1.8009999990463257,-0.1372632384300232,-0.4591520428657532,0.5786288976669312,0.35733363032341003,0.10931111872196198,-0.6956421136856079,1.4845510721206665,-0.7218227386474609,0.7993411421775818,2.1997406482696533,-0.5582994818687439,0.24904292821884155,-0.21758712828159332,0.11477944254875183,-0.05430632829666138,-0.2055363655090332,0.26790258288383484,0.1775968372821808,0.472343385219574,0.041594527661800385,0.049502868205308914,-1.0759189128875732,-0.8780620694160461,-0.17704321444034576,1.4390567541122437,1.82780122756958,-1.875241756439209,-1.6723798513412476,-0.044367216527462006,-0.17974984645843506,0.24605005979537964,0.1808844655752182,0.4751417338848114,0.026545096188783646,0.04851333424448967,-1.0788172483444214,-0.8805516362190247,-0.18027791380882263,1.4566117525100708,1.8397663831710815,-1.8914859294891357,-1.6764276027679443,-0.164081409573555,-0.26628395915031433,0.37655341625213623,-0.19952592253684998,-0.05016075447201729,0.21001778542995453,-0.07735161483287811,0.5860651731491089,-0.05802624672651291,0.22338446974754333,-0.35401538014411926,-1.2079333066940308,0.6605542302131653,1.110371470451355
4.24,-0.00019720768614206463,0.0003174974408466369,-0.017177147790789604,2.1107834982103668e-05,-2.7945976398768835e-05,2.742078504525125e-05,-2.3909693780410635e-08,-4.82796878031877e-08,-1.0,0.20000000298023224,0.0,0.0,0.0,-0.04870179295539856,-0.18567129969596863,0.2534749507904053,0.1811358630657196,0.47319236397743225,0.03128215670585632,0.04803827404975891,-1.0739078521728516,-0.8789653778076172,-0.1789645254611969,1.4472676515579224,1.83115553855896,-1.8786802291870117,-1.6727125644683838,-0.18209722638130188,-0.2909271717071533,0.3499770760536194,0.30632272362709045,-0.04975789785385132,0.22012008726596832,-0.14325347542762756,-0.06191108748316765,-0.06927172094583511,0.22216914594173431,-0.38811197876930237,0.39209166169166565,0.6042283177375793,-0.8326104283332825,-0.1372632384300232,-0.4591520428657532,0.5786288976669312,0.35733363032341003,0.10931111872196198,-0.6956421136856079,1.4845510721206665,-0.7218227386474609,0.7993411421775818,2.1997406482696533,-0.5582994818687439,0.24904292821884155,-0.21758712828159332,0.11477944254875183,1.781000018119812,-0.16033430397510529,-0.4044715464115143,0.5946663022041321,0.3998245298862457,0.1651977300643921,-0.7052258849143982,1.467346429824829,-0.643202006816864,0.8123358488082886,2.234562397003174,-0.6160459518432617,0.2527109980583191,-0.15705129504203796,0.15936151146888733,-0.05947849154472351,-0.20487625896930695,0.2737886905670166,0.18205992877483368,0.47643446922302246,0.044793035835027695,0.04671694338321686,-1.0646753311157227,-0.8755360841751099,-0.17249833047389984,1.4248409271240234,1.8227121829986572,-1.860278606414795,-1.6663477420806885,-0.04870179295539856,-0.18567129969596863,0.2534749507904053,0.1811358630657196,0.47319236397743225,0.03128215670585632,0.04803827404975891,-1.0739078521728516,-0.8789653778076172,-0.1789645254611969,1.4472676515579224,1.83115553855896,-1.8786802291870117,-1.6727125644683838,-0.18209722638130188,-0.2909271717071533,0.3499770760536194,0.30632272362709045,-0.04975789785385132,0.22012008726596832,-0.14325347542762756,-0.06191108748316765,-0.06927172094583511,0.22216914594173431,-0.38811197876930237,0.39209166169166565,0.6042283177375793,-0.8326104283332825
4.261,-0.0001887967373477295,0.00031210255110636353,-0.0172333512455225,-3.3049182093236595e-05,2.8112504878663458e-05,-4.809537131222896e-05,1.3491463946024851e-08,-3.965050865417652e-08,-1.0,0.20000000298023224,0.0,0.0,0.0,-0.052911270409822464,-0.1889294683933258,0.26036757230758667,0.18191233277320862,0.4737657606601715,0.03587928041815758,0.045917361974716187,-1.0688377618789673,-0.8779090046882629,-0.1753639429807663,1.4372222423553467,1.8227307796478271,-1.866113305091858,-1.6707769632339478,-0.21545551717281342,-0.12599673867225647,0.41066262125968933,0.06493382900953293,0.05211880803108215,0.21260076761245728,-0.28059810400009155,0.7043295502662659,0.2810937464237213,0.48662301898002625,-0.5674158930778503,-0.8046448230743408,1.2084242105484009,0.3011135458946228,-0.16033430397510529,-0.4044715464115143,0.5946663022041321,0.3998245298862457,0.1651977300643921,-0.7052258849143982,1.467346429824829,-0.643202006816864,0.8123358488082886,2.234562397003174,-0.6160459518432617,0.2527109980583191,-0.15705129504203796,0.15936151146888733,1.7610000371932983,-0.15222829580307007,-0.44471535086631775,0.5986319780349731,0.3677835464477539,0.1476377695798874,-0.6788661479949951,1.4917820692062378,-0.6983569860458374,0.7902982831001282,2.239957094192505,-0.645102858543396,0.24268054962158203,-0.134246364235878,0.14011308550834656,-0.06280562281608582,-0.2083725482225418,0.2788941562175751,0.1824263036251068,0.47795137763023376,0.04998781532049179,0.04693176597356796,-1.061195969581604,-0.8757190704345703,-0.16832296550273895,1.410562515258789,1.8176379203796387,-1.8460276126861572,-1.6634469032287598,-0.05419011041522026,-0.19041624665260315,0.2627578377723694,0.18313127756118774,0.4741244316101074,0.03759506717324257,0.04445779696106911,-1.0651843547821045,-0.8766607642173767,-0.17337912321090698,1.4324514865875244,1.8223401308059692,-1.8621151447296143,-1.6697760820388794,-0.10917685925960541,-0.14473140239715576,0.1674460470676422,-0.03698793053627014,0.0299655944108963,0.14763478934764862,-0.0851634070277214,0.37059831619262695,0.0546407587826252,0.07073689997196198,-0.40884631872177124,-0.33758217096328735,0.049388762563467026,0.7046401500701904
4.28,-0.0001887967373477295,0.00031210255110636353,-0.0172333512455225,1.623910793568939e-05,-2.5517698304611258e-05,1.957826316356659e-05,-2.6302437561298575e-08,-5.865523888815005e-08,-1.0,0.20000000298023224,0.0,0.0,0.0,-0.0573451966047287,-0.19369463622570038,0.2666904926300049,0.18386000394821167,0.47587212920188904,0.04031359776854515,0.04452219605445862,-1.0603164434432983,-0.8771175146102905,-0.17094866931438446,1.4240758419036865,1.8177776336669922,-1.8525829315185547,-1.6652718782424927,-0.15625302493572235,-0.22493648529052734,0.35864394903182983,0.33284515142440796,0.04074147716164589,0.21980150043964386,-0.06365219503641129,0.12149768322706223,0.22130516171455383,0.39586660265922546,-0.6270277500152588,0.4775312840938568,0.8417092561721802,-0.4984472692012787,-0.15222829580307007,-0.44471535086631775,0.5986319780349731,0.3677835464477539,0.1476377695798874,-0.6788661479949951,1.4917820692062378,-0.6983569860458374,0.7902982831001282,2.239957094192505,-0.645102858543396,0.24268054962158203,-0.134246364235878,0.14011308550834656,1.7410000562667847,-0.1762726753950119,-0.40927547216415405,0.6198441386222839,0.4001578092575073,0.18679511547088623,-0.6942695379257202,1.462101936340332,-0.6362749934196472,0.8008904457092285,2.261796236038208,-0.6924083232879639,0.258532851934433,-0.0907885879278183,0.17125874757766724,-0.06787176430225372,-0.2076255828142166,0.28509974479675293,0.18595683574676514,0.4830806255340576,0.05260330066084862,0.04413561150431633,-1.0522042512893677,-0.87480628490448,-0.16279876232147217,1.3944091796875,1.8151636123657227,-1.8302810192108154,-1.6580116748809814,-0.0573451966047287,-0.19369463622570038,0.2666904926300049,0.18386000394821167,0.47587212920188904,0.04031359776854515,0.04452219605445862,-1.0603164434432983,-0.8771175146102905,-0.17094866931438446,1.4240758419036865,1.8177776336669922,-1.8525829315185547,-1.6652718782424927,-0.15625302493572235,-0.22493648529052734,0.35864394903182983,0.33284515142440796,0.04074147716164589,0.21980150043964386,-0.06365219503641129,0.12149768322706223,0.22130516171455383,0.39586660265922546,-0.6270277500152588,0.4775312840938568,0.8417092561721802,-0.4984472692012787
4.301,-0.00019494183652568609,0.00031618980574421585,-0.01728310063481331,2.090965153911384e-06,-6.93297943143989e-06,1.2718289781332714e-06,-1.637759616812673e-08,-3.8769876198330167e-08,-1.0,0.20000000298023224,0.0,0.0,0.0,-0.06167973205447197,-0.19560466706752777,0.2729281783103943,0.18661163747310638,0.47803521156311035,0.04479178413748741,0.04310096427798271,-1.0534796714782715,-0.875932514667511,-0.16506710648536682,1.4096801280975342,1.814653754234314,-1.8345253467559814,-1.6629198789596558,-0.13702507317066193,-0.09632233530282974,0.25413283705711365,0.10206301510334015,0.08824347704648972,0.18259407579898834,-0.20456720888614655,0.5033543705940247,0.11939046531915665,0.38738635182380676,-0.6890963912010193,-0.13294099271297455,0.901331901550293,0.37888333201408386,-0.1762726753950119,-0.40927547216415405,0.6198441386222839,0.4001578092575073,0.18679511547088623,-0.6942695379257202,1.462101936340332,-0.6362749934196472,0.8008904457092285,2.261796236038208,-0.6924083232879639,0.258532851934433,-0.0907885879278183,0.17125874757766724,1.7209999561309814,-0.16899356245994568,-0.4428788423538208,0.6218039393424988,0.37632566690444946,0.1779068261384964,-0.6898955702781677,1.4693999290466309,-0.6636155247688293,0.7812276482582092,2.2753312587738037,-0.7228396534919739,0.26027998328208923,-0.07089591771364212,0.16331446170806885,-0.0711967721581459,-0.21038836240768433,0.2902601957321167,0.18639804422855377,0.4862951934337616,0.05513308569788933,0.042628489434719086,-1.0477449893951416,-0.8760422468185425,-0.15702588856220245,1.3784434795379639,1.8133589029312134,-1.8156944513320923,-1.654457926750183,-0.06281919777393341,-0.196623757481575,0.27468404173851013,0.18741126358509064,0.478800892829895,0.04627884179353714,0.041804857552051544,-1.0507999658584595,-0.8754338026046753,-0.16354891657829285,1.4038864374160767,1.8147538900375366,-1.831887125968933,-1.6583671569824219,-0.10522766411304474,-0.0970384031534195,0.1403014063835144,0.03405873477458954,0.06815703958272934,0.1285162717103958,-0.09485376626253128,0.17430129647254944,0.019822143018245697,0.047673989087343216,-0.49156954884529114,-0.041095368564128876,-0.023118698969483376,0.4715202748775482
4.32,-0.00019494183652568609,0.00031618980574421585,-0.01728310063481331,-3.635830580606125e-05,3.5274220863357186e-05,-5.040751784690656e-05,-2.583140645828763e-10,-2.6399622043982163e-08,-1.0,0.20000000298023224,0.0,0.0,0.0,-0.06597556173801422,-0.19948260486125946,0.27842944860458374,0.18795156478881836,0.4810697138309479,0.04861639067530632,0.04082547500729561,-1.0459750890731812,-0.8767204880714417,-0.15944138169288635,1.3943129777908325,1.811194896697998,-1.8205945491790771,-1.6554691791534424,-0.1351795196533203,-0.14879851043224335,0.2541758120059967,-0.1171390637755394,0.08899663388729095,0.15819531679153442,-0.15335503220558167,0.46934452652931213,0.0740031749010086,0.42660725116729736,-0.7355452179908752,-0.70347660779953,0.7446640729904175,0.9794820547103882,-0.16899356245994568,-0.4428788423538208,0.6218039393424988,0.37632566690444946,0.1779068261384964,-0.6898955702781677,1.4693999290466309,-0.6636155247688293,0.7812276482582092,2.2753312587738037,-0.7228396534919739,0.26027998328208923,-0.07089591771364212,0.16331446170806885,1.7009999752044678,-0.17805705964565277,-0.4753793179988861,0.631062388420105,0.35277724266052246,0.15841634571552277,-0.6767981648445129,1.458989143371582,-0.6605177521705627,0.7768365144729614,2.276024341583252,-0.7417567372322083,0.2319951355457306,-0.05933527648448944,0.17381221055984497,-0.07476312667131424,-0.2158486247062683,0.29531440138816833,0.1843961626291275,0.48691779375076294,0.058466650545597076,0.04038171470165253,-1.0438677072525024,-0.8774701356887817,-0.15233828127384186,1.3637791872024536,1.8090866804122925,-1.8028690814971924,-1.6505651473999023,-0.06597556173801422,-0.19948260486125946,0.27842944860458374,0.18795156478881836,0.4810697138309479,0.04861639067530632,0.04082547500729561,-1.0459750890731812,-0.8767204880714417,-0.15944138169288635,1.3943129777908325,1.811194896697998,-1.8205945491790771,-1.6554691791534424,-0.1351795196533203,-0.14879851043224335,0.2541758120059967,-0.1171390637755394,0.08899663388729095,0.15819531679153442,-0.15335503220558167,0.46934452652931213,0.0740031749010086,0.42660725116729736,-0.7355452179908752,-0.70347660779953,0.7446640729904175,0.9794820547103882
4.34,-0.00021245253446977586,0.0003233079914934933,-0.017323026433587074,2.0394725197547814e-06,-7.94358038547216e-06,9.646234957472188e-07,-2.0623607266401223e-09,-4.685595911269047e-08,-1.0,0.20000000298023224,0.0,0.0,0.0,-0.07004371285438538,-0.20333625376224518,0.28327831625938416,0.1865571290254593,0.4831376075744629,0.05197758227586746,0.03885720670223236,-1.0415488481521606,-0.8774592876434326,-0.15535075962543488,1.3806339502334595,1.805986762046814,-1.8100463151931763,-1.6501336097717285,-0.1318269670009613,-0.16476355493068695,0.3135569989681244,0.1594136506319046,0.0509512834250927,0.16480238735675812,-0.2740866243839264,-0.019212914630770683,-0.06440263241529465,0.5088779330253601,-0.6008370518684387,0.2129310965538025,1.1180897951126099,-0.4995802044868469,-0.17805705964565277,-0.4753793179988861,0.631062388420105,0.35277724266052246,0.15841634571552277,-0.6767981648445129,1.458989143371582,-0.6605177521705627,0.7768365144729614,2.276024341583252,-0.7417567372322083,0.2319951355457306,-0.05933527648448944,0.17381221055984497,1.680999994277954,-0.22537846863269806,-0.4484415054321289,0.6663333177566528,0.4017443358898163,0.1730479598045349,-0.6666120886802673,1.4774171113967896,-0.5978021621704102,0.7851419448852539,2.304370403289795,-0.7691001296043396,0.19078904390335083,0.0001164563000202179,0.2220657765865326,-0.08234834671020508,-0.21752305328845978,0.3028848469257355,0.18769137561321259,0.4888790249824524,0.062152113765478134,0.04042708873748779,-1.034494400024414,-0.8777819275856018,-0.14575359225273132,1.3493132591247559,1.8015482425689697,-1.7866636514663696,-1.6426255702972412,-0.07004371285438538,-0.20333625376224518,0.28327831625938416,0.1865571290254593,0.4831376075744629,0.05197758227586746,0.03885720670223236,-1.0415488481521606,-0.8774592876434326,-0.15535075962543488,1.3806339502334595,1.805986762046814,-1.8100463151931763,-1.6501336097717285,-0.1318269670009613,-0.16476355493068695,0.3135569989681244,0.1594136506319046,0.0509512834250927,0.16480238735675812,-0.2740866243839264,-0.019212914630770683,-0.06440263241529465,0.5088779330253601,-0.6008370518684387,0.2129310965538025,1.1180897951126099,-0.4995802044868469
4.36,-0.00021245253446977586,0.0003233079914934933,-0.017323026433587074,-2.1344700144254602e-05,2.0913275875500403e-05,-2.908341593865771e-05,-8.179337207536719e-09,-2.0884540319343614e-08,-1.0,0.20000000298023224,0.0,0.0,0.0,-0.07442276924848557,-0.2071022391319275,0.28937435150146484,0.18884456157684326,0.4855537712574005,0.05565086752176285,0.03788682073354721,-1.036010980606079,-0.8782941699028015,-0.1478034108877182,1.3634657859802246,1.801464319229126,-1.7918606996536255,-1.6476006507873535,-0.15142039954662323,-0.11004072427749634,0.24831026792526245,-0.02640513703227043,0.05255132168531418,0.15052413940429688,-0.06522069871425629,0.5295930504798889,0.06768878549337387,0.32444772124290466,-0.6636236906051636,-0.5115030407905579,0.6020672917366028,0.7363302111625671,-0.22537846863269806,-0.4484415054321289,0.6663333177566528,0.4017443358898163,0.1730479598045349,-0.6666120886802673,1.4774171113967896,-0.5978021621704102,0.7851419448852539,2.304370403289795,-0.7691001296043396,0.19078904390335083,0.0001164563000202179,0.2220657765865326,1.6610000133514404,-0.20292814075946808,-0.489158570766449,0.6649504899978638,0.39754799008369446,0.15982772409915924,-0.6488174796104431,1.4868144989013672,-0.6297243237495422,0.7797192335128784,2.297801971435547,-0.7833543419837952,0.18759657442569733,0.00648999959230423,0.20436519384384155,-0.08617149293422699,-0.2229343056678772,0.30880293250083923,0.18990790843963623,0.4891260266304016,0.06687994301319122,0.04140312597155571,-1.030187964439392,-0.8785736560821533,-0.14114268124103546,1.3363151550292969,1.7951983213424683,-1.773061990737915,-1.638043999671936,-0.07442276924848557,-0.2071022391319275,0.28937435150146484,0.18884456157684326,0.4855537712574005,0.05565086752176285,0.03788682073354721,-1.036010980606079,-0.8782941699028015,-0.1478034108877182,1.3634657859802246,1.801464319229126,-1.7918606996536255,-1.6476006507873535,-0.15142039954662323,-0.11004072427749634,0.24831026792526245,-0.02640513703227043,0.05255132168531418,0.15052413940429688,-0.06522069871425629,0.5295930504798889,0.06768878549337387,0.32444772124290466,-0.6636236906051636,-0.5115030407905579,0.6020672917366028,0.7363302111625671
4.38,-0.00022468494717031717,0.000327321351505816,-0.017363615334033966,-3.0303001040010713e-05,3.073528205277398e-05,-4.081315637449734e-05,-1.1527735210847823e-08,-1.8583250493975356e-08,-1.0,0.20000000298023224,0.0,0.0,0.0,-0.07919207960367203,-0.21093107759952545,0.29547765851020813,0.19176998734474182,0.4865936040878296,0.05943434312939644,0.03873417153954506,-1.0283217430114746,-0.8788227438926697,-0.14302818477153778,1.3479517698287964,1.7967153787612915,-1.7782013416290283,-1.6390585899353027,-0.14208683371543884,-0.131984144449234,0.2513626515865326,-0.08838952332735062,0.027687961235642433,0.16347454488277435,-0.006776350550353527,0.4216880202293396,-0.039603471755981445,0.2512000501155853,-0.5500297546386719,-0.7271751761436462,0.5210652351379395,1.0425270795822144,-0.20292814075946808,-0.489158570766449,0.6649504899978638,0.39754799008369446,0.15982772409915924,-0.6488174796104431,1.4868144989013672,-0.6297243237495422,0.7797192335128784,2.297801971435547,-0.7833543419837952,0.18759657442569733,0.00648999959230423,0.20436519384384155,1.6410000324249268,-0.21739362180233002,-0.5087369680404663,0.6690584421157837,0.39529523253440857,0.14143089950084686,-0.6412807106971741,1.4762842655181885,-0.6121736764907837,0.7849360704421997,2.296461343765259,-0.7967780232429504,0.16454264521598816,0.01743251457810402,0.2112586498260498,-0.09067656099796295,-0.2292211502790451,0.3139481842517853,0.19145584106445312,0.4874839186668396,0.07141588628292084,0.04113093391060829,-1.0249876976013184,-0.8786853551864624,-0.1375880092382431,1.32457435131073,1.7878129482269287,-1.7610864639282227,-1.633689284324646,-0.07919207960367203,-0.21093107759952545,0.29547765851020813,0.19176998734474182,0.4865936040878296,0.05943434312939644,0.03873417153954506,-1.0283217430114746,-0.8788227438926697,-0.14302818477153778,1.3479517698287964,1.7967153787612915,-1.7782013416290283,-1.6390585899353027,-0.14208683371543884,-0.131984144449234,0.2513626515865326,-0.08838952332735062,0.027687961235642433,0.16347454488277435,-0.006776350550353527,0.4216880202293396,-0.039603471755981445,0.2512000501155853,-0.5500297546386719,-0.7271751761436462,0.5210652351379395,1.0425270795822144
4.4,-0.00022468494717031717,0.000327321351505816,-0.017363615334033966,-2.5977005861932412e-05,2.556946492404677e-05,-3.4967328247148544e-05,-7.522774403412313e-09,-1.9329425171576986e-08,-1.0,0.20000000298023224,0.0,0.0,0.0,-0.08379603922367096,-0.21520377695560455,0.30157411098480225,0.19374214112758636,0.48584312200546265,0.0634889006614685,0.03909441456198692,-1.0229661464691162,-0.8790455460548401,-0.1393790990114212,1.3346973657608032,1.7906482219696045,-1.7647625207901,-1.634360909461975,-0.14350193738937378,-0.15831418335437775,0.23957665264606476,-0.07632437348365784,0.0023932745680212975,0.17059104144573212,-0.05831677094101906,0.3227880895137787,-0.1111939400434494,0.21738813817501068,-0.4884912371635437,-0.6878174543380737,0.4416328966617584,0.7506136894226074,-0.21739362180233002,-0.5087369680404663,0.6690584421157837,0.39529523253440857,0.14143089950084686,-0.6412807106971741,1.4762842655181885,-0.6121736764907837,0.7849360704421997,2.296461343765259,-0.7967780232429504,0.16454264521598816,0.01743251457810402,0.2112586498260498,1.621000051498413,-0.228778675198555,-0.5149253606796265,0.6830861568450928,0.4053392708301544,0.13547052443027496,-0.6285979747772217,1.4781138896942139,-0.5916420221328735,0.7887997031211853,2.3013839721679688,-0.816124439239502,0.13935792446136475,0.04181220754981041,0.2252061367034912,-0.09541912376880646,-0.23486946523189545,0.3194671869277954,0.19369859993457794,0.4855741858482361,0.07631291449069977,0.041096143424510956,-1.018774390220642,-0.8783882856369019,-0.13425201177597046,1.3132470846176147,1.7793861627578735,-1.7490679025650024,-1.6288107633590698,-0.08379603922367096,-0.21520377695560455,0.30157411098480225,0.19374214112758636,0.48584312200546265,0.0634889006614685,0.03909441456198692,-1.0229661464691162,-0.8790455460548401,-0.1393790990114212,1.3346973657608032,1.7906482219696045,-1.7647625207901,-1.634360909461975,-0.14350193738937378,-0.15831418335437775,0.23957665264606476,-0.07632437348365784,0.0023932745680212975,0.17059104144573212,-0.05831677094101906,0.3227880895137787,-0.1111939400434494,0.21738813817501068,-0.4884912371635437,-0.6878174543380737,0.4416328966617584,0.7506136894226074
4.42,-0.0002387289423495531,0.00033206783700734377,-0.017401454970240593,-2.649275484145619e-05,2.484481592546217e-05,-3.563646168913692e-05,-3.19927586645008e-08,-4.9634675036713816e-08,-1.0,0.20000000298023224,0.0,0.0,0.0,-0.08818881958723068,-0.21964587271213531,0.3068721890449524,0.19555334746837616,0.4844612181186676,0.06737296283245087,0.03892914205789566,-1.0198100805282593,-0.8781113624572754,-0.13738663494586945,1.324549674987793,1.7848163843154907,-1.7566806077957153,-1.631361484527588,-0.22089265286922455,-0.22402402758598328,0.25055405497550964,0.4421747624874115,-0.02186868153512478,0.21000176668167114,-0.15545056760311127,0.28118595480918884,-0.3175928592681885,0.4440973997116089,-0.28242141008377075,0.1928396373987198,0.8468296527862549,-0.8973047137260437,-0.228778675198555,-0.5149253606796265,0.6830861568450928,0.4053392708301544,0.13547052443027496,-0.6285979747772217,1.4781138896942139,-0.5916420221328735,0.7887997031211853,2.3013839721679688,-0.816124439239502,0.13935792446136475,0.04181220754981041,0.2252061367034912,1.6009999513626099,-0.25198036432266235,-0.4789769649505615,0.6755422949790955,0.47299519181251526,0.155350923538208,-0.6251170635223389,1.5096964836120605,-0.5437169671058655,0.7997888922691345,2.3242053985595703,-0.8434088230133057,0.11028248816728592,0.08394049108028412,0.25918900966644287,-0.10153333842754364,-0.23579327762126923,0.32312798500061035,0.2022584080696106,0.48603445291519165,0.08057862520217896,0.044226571917533875,-1.0090112686157227,-0.8770517110824585,-0.1293010711669922,1.3014568090438843,1.7697372436523438,-1.7352402210235596,-1.6215096712112427,-0.08818881958723068,-0.21964587271213531,0.3068721890449524,0.19555334746837616,0.4844612181186676,0.06737296283245087,0.03892914205789566,-1.0198100805282593,-0.8781113624572754,-0.13738663494586945,1.324549674987793,1.7848163843154907,-1.7566806077957153,-1.631361484527588,-0.22089265286922455,-0.22402402758598328,0.25055405497550964,0.4421747624874115,-0.02186868153512478,0.21000176668167114,-0.15545056760311127,0.28118595480918884,-0.3175928592681885,0.4440973997116089,-0.28242141008377075,0.1928396373987198,0.8468296527862549,-0.8973047137260437
4.443,-0.0002387289423495531,0.00033206783700734377,-0.017401454970240593,-2.4513728931196965e-05,2.3457627321477048e-05,-3.228351124562323e-05,-1.6619921439087193e-08,-1.3006931531833743e-08,-1.0,0.20000000298023224,0.0,0.0,0.0,-0.0929657593369484,-0.22328627109527588,0.31228744983673096,0.19864414632320404,0.4848359227180481,0.07177721709012985,0.04150153696537018,-1.0115993022918701,-0.8783792853355408,-0.13185589015483856,1.3109949827194214,1.7754062414169312,-1.742836356163025,-1.6258084774017334,-0.1815672069787979,-0.14268995821475983,0.20749349892139435,0.12373628467321396,0.007816249504685402,0.19889965653419495,0.06853329390287399,0.6749194264411926,0.1040157899260521,0.376337468624115,-0.417479008436203,-0.8333598971366882,0.7726430892944336,0.7064240574836731,-0.25198036432266235,-0.4789769649505615,0.6755422949790955,0.47299519181251526,0.155350923538208,-0.6251170635223389,1.5096964836120605,-0.5437169671058655,0.7997888922691345,2.3242053985595703,-0.8434088230133057,0.11028248816728592,0.08394049108028412,0.25918900966644287,1.5809999704360962,-0.25164949893951416,-0.5178052186965942,0.6743087768554688,0.44578567147254944,0.12827008962631226,-0.6017720699310303,1.5001099109649658,-0.5748409032821655,0.7913627028465271,2.3154685497283936,-0.8475258350372314,0.09402092546224594,0.09233963489532471,0.23639339208602905,-0.10639162361621857,-0.24041514098644257,0.3259332776069641,0.2063852995634079,0.48369458317756653,0.08632569015026093,0.0457722544670105,-1.0043131113052368,-0.8768250942230225,-0.12621399760246277,1.2916128635406494,1.7603919506072998,-1.72333824634552,-1.6179484128952026,-0.09440877288579941,-0.22441883385181427,0.31386199593544006,0.20054751634597778,0.48488757014274597,0.07342998683452606,0.04211084172129631,-1.0083746910095215,-0.8779476881027222,-0.13029299676418304,1.3073757886886597,1.7734326124191284,-1.737970232963562,-1.6226449012756348,-0.13180772960186005,-0.10125157982110977,0.12902779877185822,0.08016612380743027,0.0037142427172511816,0.14390581846237183,0.04089883714914322,0.2687327265739441,0.017989644780755043,0.05576044321060181,-0.30327144265174866,-0.37144771218299866,0.2856420576572418,0.5767252445220947
4.461,-0.00023734974092803895,0.0003279958327766508,-0.017447886988520622,-3.9674439904047176e-05,3.978117092628963e-05,-5.1601044106064364e-05,-1.7190954437751316e-08,-2.492680195587127e-08,-1.0,0.20000000298023224,0.0,0.0,0.0,-0.09769033640623093,-0.22722721099853516,0.31677183508872986,0.20314106345176697,0.483710914850235,0.07607751339673996,0.04395909234881401,-1.0034810304641724,-0.8769345879554749,-0.12909109890460968,1.2996833324432373,1.7672995328903198,-1.7292962074279785,-1.618868350982666,-0.2576662302017212,-0.23969624936580658,0.22181446850299835,0.13158473372459412,-0.05406397953629494,0.22744177281856537,-0.01748126558959484,0.7091536521911621,-0.13417266309261322,0.3748619854450226,-0.36272597312927246,-1.2166672945022583,0.7309760451316833,0.9413313269615173,-0.25164949893951416,-0.5178052186965942,0.6743087768554688,0.44578567147254944,0.12827008962631226,-0.6017720699310303,1.5001099109649658,-0.5748409032821655,0.7913627028465271,2.3154685497283936,-0.8475258350372314,0.09402092546224594,0.09233963489532471,0.23639339208602905,1.5609999895095825,-0.2505529522895813,-0.5384327173233032,0.6674820184707642,0.4409668445587158,0.10539810359477997,-0.5923973321914673,1.4879941940307617,-0.5617784857749939,0.7968931794166565,2.305389881134033,-0.8608763813972473,0.07277075946331024,0.09666693210601807,0.23501944541931152,-0.11016859859228134,-0.2461753934621811,0.3274948298931122,0.20920494198799133,0.4795354902744293,0.0918608233332634,0.04579722881317139,-0.9992483854293823,-0.8760907649993896,-0.1247522160410881,1.2824026346206665,1.7507907152175903,-1.7133839130401611,-1.615236759185791,-0.09926018118858337,-0.22858162224292755,0.3181131184101105,0.20523743331432343,0.4834543466567993,0.0779949426651001,0.043956208974123,-1.0017415285110474,-0.8776769042015076,-0.12737531960010529,1.296542763710022,1.7650014162063599,-1.7253862619400024,-1.6169360876083374,-0.13293489813804626,-0.10845727473497391,0.09375560283660889,0.034998584538698196,-0.01841466873884201,0.16805443167686462,-0.0039495560340583324,0.14139190316200256,-0.027063120156526566,0.06990022957324982,-0.2678641676902771,-0.5279580354690552,0.19079288840293884,0.5533514618873596
4.48,-0.00023734974092803895,0.0003279958327766508,-0.017447886988520622,2.0487408619374037e-05,-2.6317919036955573e-05,2.3825070456950925e-05,-4.208715154163656e-08,-4.94195155908983e-08,-1.0,0.20000000298023224,0.0,0.0,0.0,-0.10258495807647705,-0.23162126541137695,0.3204714357852936,0.20791688561439514,0.48188287019729614,0.08097581565380096,0.04457051306962967,-0.9977608323097229,-0.876455545425415,-0.1269177496433258,1.2897475957870483,1.7584394216537476,-1.7171874046325684,-1.6160999536514282,-0.2031407207250595,-0.21535614132881165,0.13530540466308594,0.47604304552078247,-0.08049949258565903,0.23079748451709747,-0.11786283552646637,0.11406711488962173,-0.10147688537836075,0.23245173692703247,-0.32013189792633057,0.25259140133857727,0.5383221507072449,-0.8452544212341309,-0.2505529522895813,-0.5384327173233032,0.6674820184707642,0.4409668445587158,0.10539810359477997,-0.5923973321914673,1.4879941940307617,-0.5617784857749939,0.7968931794166565,2.305389881134033,-0.8608763813972473,0.07277075946331024,0.09666693210601807,0.23501944541931152,1.5410000085830688,-0.2745504379272461,-0.49067527055740356,0.6947773694992065,0.4739840626716614,0.14969004690647125,-0.6022069454193115,1.477961540222168,-0.5022044777870178,0.7982352375984192,2.331305742263794,-0.8994249105453491,0.07695583999156952,0.134740948677063,0.27257469296455383,-0.1155899241566658,-0.24600784480571747,0.33147361874580383,0.2147623598575592,0.48063740134239197,0.09530796855688095,0.04481394216418266,-0.9892391562461853,-0.8753690719604492,-0.12099120020866394,1.2711796760559082,1.7435282468795776,-1.7016130685806274,-1.6093120574951172,-0.10258495807647705,-0.23162126541137695,0.3204714357852936,0.20791688561439514,0.48188287019729614,0.08097581565380096,0.04457051306962967,-0.9977608323097229,-0.876455545425415,-0.1269177496433258,1.2897475957870483,1.7584394216537476,-1.7171874046325684,-1.6160999536514282,-0.2031407207250595,-0.21535614132881165,0.13530540466308594,0.47604304552078247,-0.08049949258565903,0.23079748451709747,-0.11786283552646637,0.11406711488962173,-0.10147688537836075,0.23245173692703247,-0.32013189792633057,0.25259140133857727,0.5383221507072449,-0.8452544212341309
4.5,-0.00026268785586580634,0.0003461924206931144,-0.017484169453382492,1.8130405806005e-05,-2.3970031179487705e-05,2.11658189073205e-05,-3.032517525980438e-08,-4.524851249243511e-08,-1.0,0.20000000298023224,0.0,0.0,0.0,-0.10741972923278809,-0.23401978611946106,0.32387441396713257,0.21225017309188843,0.4819534718990326,0.08595399558544159,0.04336816817522049,-0.9915432929992676,-0.8765302896499634,-0.12291005998849869,1.2793744802474976,1.7489081621170044,-1.7048132419586182,-1.6137174367904663,-0.1609392762184143,-0.10918374359607697,0.12736499309539795,0.3874592185020447,-0.040136586874723434,0.2022818922996521,-0.15106111764907837,0.2758830487728119,0.12318430095911026,0.2514045536518097,-0.3896566927433014,0.24807658791542053,0.44254571199417114,-0.5992949604988098,-0.2745504379272461,-0.49067527055740356,0.6947773694992065,0.4739840626716614,0.14969004690647125,-0.6022069454193115,1.477961540222168,-0.5022044777870178,0.7982352375984192,2.331305742263794,-0.8994249105453491,0.07695583999156952,0.134740948677063,0.27257469296455383,1.5210000276565552,-0.2658422589302063,-0.49881935119628906,0.7027904391288757,0.4620803892612457,0.16721543669700623,-0.5910559892654419,1.4778612852096558,-0.5077497959136963,0.7849482893943787,2.3409194946289062,-0.9364684820175171,0.08954299986362457,0.1618300974369049,0.2744891345500946,-0.11905616521835327,-0.24668821692466736,0.3354579210281372,0.21801793575286865,0.4832714796066284,0.09918077290058136,0.04401728883385658,-0.98178631067276,-0.8761204481124878,-0.11702100932598114,1.2584969997406006,1.7389769554138184,-1.6894874572753906,-1.6043808460235596,-0.10741972923278809,-0.23401978611946106,0.32387441396713257,0.21225017309188843,0.4819534718990326,0.08595399558544159,0.04336816817522049,-0.9915432929992676,-0.8765302896499634,-0.12291005998849869,1.2793744802474976,1.7489081621170044,-1.7048132419586182,-1.6137174367904663,-0.1609392762184143,-0.10918374359607697,0.12736499309539795,0.3874592185020447,-0.040136586874723434,0.2022818922996521,-0.15106111764907837,0.2758830487728119,0.12318430095911026,0.2514045536518097,-0.3896566927433014,0.24807658791542053,0.44254571199417114,-0.5992949604988098
4.52,-0.00026268785586580634,0.0003461924206931144,-0.017484169453382492,-1.9356657503522e-05,1.7244401533389464e-05,-2.508728539396543e-05,-1.642477975849488e-08,-3.9846064225912414e-08,-1.0,0.20000000298023224,0.0,0.0,0.0,-0.11215265095233917,-0.2365344911813736,0.327177494764328,0.21648086607456207,0.4828343689441681,0.09039989113807678,0.04237179830670357,-0.9828429818153381,-0.8771727681159973,-0.11924906820058823,1.2683417797088623,1.7408405542373657,-1.693747639656067,-1.608242392539978,-0.15116921067237854,-0.10325406491756439,0.17067335546016693,0.14709995687007904,-0.006365612614899874,0.19386076927185059,-0.16938909888267517,0.5465253591537476,0.12915197014808655,0.3144993484020233,-0.39877092838287354,-0.524723470211029,0.5600652098655701,0.5270607471466064,-0.2658422589302063,-0.49881935119628906,0.7027904391288757,0.4620803892612457,0.16721543669700623,-0.5910559892654419,1.4778612852096558,-0.5077497959136963,0.7849482893943787,2.3409194946289062,-0.9364684820175171,0.08954299986362457,0.1618300974369049,0.2744891345500946,1.5010000467300415,-0.2606657147407532,-0.5367302894592285,0.7055418491363525,0.4333774745464325,0.14326076209545135,-0.5771851539611816,1.470609426498413,-0.5277088284492493,0.7786127924919128,2.335871696472168,-0.9593148827552795,0.08697565644979477,0.1740567833185196,0.261385977268219,-0.12131150811910629,-0.2510235905647278,0.338920533657074,0.2177520990371704,0.482983261346817,0.10366611182689667,0.04265477880835533,-0.9778199195861816,-0.8773550987243652,-0.11434964090585709,1.2460662126541138,1.7350791692733765,-1.6785643100738525,-1.6017460823059082,-0.11215265095233917,-0.2365344911813736,0.327177494764328,0.21648086607456207,0.4828343689441681,0.09039989113807678,0.04237179830670357,-0.9828429818153381,-0.8771727681159973,-0.11924906820058823,1.2683417797088623,1.7408405542373657,-1.693747639656067,-1.608242392539978,-0.15116921067237854,-0.10325406491756439,0.17067335546016693,0.14709995687007904,-0.006365612614899874,0.19386076927185059,-0.16938909888267517,0.5465253591537476,0.12915197014808655,0.3144993484020233,-0.39877092838287354,-0.524723470211029,0.5600652098655701,0.5270607471466064
4.54,-0.0002515405649319291,0.00033700899803079665,-0.01753591187298298,7.145722975110402e-06,-1.16561104732682e-05,7.228480626508826e-06,-2.0126989852542465e-08,-3.866105657834851e-08,-1.0,0.20000000298023224,0.0,0.0,0.0,-0.11651619523763657,-0.2401377260684967,0.3311036229133606,0.2183571606874466,0.48240116238594055,0.09482147544622421,0.04099028557538986,-0.9758055210113525,-0.8777033090591431,-0.11622285097837448,1.2559269666671753,1.7345082759857178,-1.6818331480026245,-1.6022732257843018,-0.11273124814033508,-0.12503348290920258,0.13042768836021423,0.19603821635246277,-0.017097529023885727,0.18929798901081085,-0.1385626196861267,0.01184326596558094,-0.09140238165855408,0.2225455343723297,-0.5070312023162842,0.2677258551120758,0.4322067201137543,-0.26582515239715576,-0.2606657147407532,-0.5367302894592285,0.7055418491363525,0.4333774745464325,0.14326076209545135,-0.5771851539611816,1.470609426498413,-0.5277088284492493,0.7786127924919128,2.335871696472168,-0.9593148827552795,0.08697565644979477,0.1740567833185196,0.261385977268219,1.4809999465942383,-0.28551048040390015,-0.5167379975318909,0.7370560169219971,0.4483072757720947,0.16331367194652557,-0.5808845162391663,1.4511256217956543,-0.478326678276062,0.7815964818000793,2.3516924381256104,-0.9934467077255249,0.0824626013636589,0.20932094752788544,0.29561847448349,-0.12560024857521057,-0.25249266624450684,0.3448420464992523,0.2190324068069458,0.4847579598426819,0.1068844348192215,0.03961639106273651,-0.9697086215019226,-0.8780444860458374,-0.11063046753406525,1.2327083349227905,1.7315095663070679,-1.6662994623184204,-1.596215009689331,-0.11651619523763657,-0.2401377260684967,0.3311036229133606,0.2183571606874466,0.48240116238594055,0.09482147544622421,0.04099028557538986,-0.9758055210113525,-0.8777033090591431,-0.11622285097837448,1.2559269666671753,1.7345082759857178,-1.6818331480026245,-1.6022732257843018,-0.11273124814033508,-0.12503348290920258,0.13042768836021423,0.19603821635246277,-0.017097529023885727,0.18929798901081085,-0.1385626196861267,0.01184326596558094,-0.09140238165855408,0.2225455343723297,-0.5070312023162842,0.2677258551120758,0.4322067201137543,-0.26582515239715576
4.561,-0.0002515405649319291,0.00033700899803079665,-0.01753591187298298,7.703907613176852e-06,-1.2340836292423774e-05,7.985362572071608e-06,-1.768130708512672e-08,-4.890318194838983e-08,-1.0,0.20000000298023224,0.0,0.0,0.0,-0.12052524089813232,-0.2432272881269455,0.3349047601222992,0.22037671506404877,0.48373091220855713,0.09907146543264389,0.03817642852663994,-0.9707567095756531,-0.8788806796073914,-0.11258313804864883,1.2440873384475708,1.7299476861953735,-1.6693028211593628,-1.6004513502120972,-0.11761246621608734,-0.0968312919139862,0.17745113372802734,0.19869233667850494,0.00503070093691349,0.171529158949852,-0.24742715060710907,0.2415471225976944,0.08209582418203354,0.2641850709915161,-0.48445701599121094,0.27695927023887634,0.46033257246017456,-0.2896081805229187,-0.28551048040390015,-0.5167379975318909,0.7370560169219971,0.4483072757720947,0.16331367194652557,-0.5808845162391663,1.4511256217956543,-0.478326678276062,0.7815964818000793,2.3516924381256104,-0.9934467077255249,0.0824626013636589,0.20932094752788544,0.29561847448349,1.4609999656677246,-0.2803492546081543,-0.5224269032478333,0.7470104694366455,0.45577478408813477,0.17194315791130066,-0.5654082298278809,1.4700381755828857,-0.4860803484916687,0.7726472020149231,2.3570570945739746,-1.026613712310791,0.08504676073789597,0.23911194503307343,0.29736870527267456,-0.1285151243209839,-0.2542368173599243,0.35057467222213745,0.2208034098148346,0.4870406985282898,0.1110067293047905,0.03907693549990654,-0.9639949798583984,-0.8794909119606018,-0.10711866617202759,1.2187052965164185,1.728912353515625,-1.6535084247589111,-1.5916152000427246,-0.12149017304182053,-0.24393291771411896,0.33613431453704834,0.22091394662857056,0.4837549030780792,0.10050623118877411,0.036794304847717285,-0.9687523245811462,-0.8786259889602661,-0.1115383505821228,1.2394561767578125,1.7301933765411377,-1.668487548828125,-1.597739338874817,-0.08899245411157608,-0.06133018806576729,0.09089345484972,0.05503542348742485,0.000702878343872726,0.12599658966064453,-0.09333900362253189,0.10058896243572235,0.003282567486166954,0.030904069542884827,-0.3889865577220917,0.12746547162532806,-0.09074610471725464,0.2063642144203186
4.58,-0.00024318849318660796,0.0003305439022369683,-0.017585178837180138,-2.8871219910797663e-05,2.8375163310556673e-05,-3.577230017981492e-05,-6.5515810554472864e-09,-5.007115433386389e-08,-1.0,0.20000000298023224,0.0,0.0,0.0,-0.12443488091230392,-0.24611878395080566,0.33927997946739197,0.22232294082641602,0.48545196652412415,0.10267414152622223,0.036931391805410385,-0.9637848734855652,-0.880423367023468,-0.10971227288246155,1.2309895753860474,1.7260072231292725,-1.6597105264663696,-1.5940759181976318,-0.13051454722881317,-0.12261666357517242,0.34045249223709106,0.06159166246652603,0.02565646916627884,0.1863526999950409,-0.0773548111319542,0.5419478416442871,0.13865318894386292,0.3388380706310272,-0.7240750193595886,-0.5876038074493408,0.9207849502563477,0.6378406286239624,-0.2803492546081543,-0.5224269032478333,0.7470104694366455,0.45577478408813477,0.17194315791130066,-0.5654082298278809,1.4700381755828857,-0.4860803484916687,0.7726472020149231,2.3570570945739746,-1.026613712310791,0.08504676073789597,0.23911194503307343,0.29736870527267456,1.440999984741211,-0.2920736074447632,-0.5492427945137024,0.7498051524162292,0.45960724353790283,0.14190255105495453,-0.5401371121406555,1.4718199968338013,-0.4952842593193054,0.7755424380302429,2.350712537765503,-1.0500649213790894,0.055877190083265305,0.2671617269515991,0.29615893959999084,-0.13201946020126343,-0.25831371545791626,0.35544025897979736,0.2226034551858902,0.4858628213405609,0.11683167517185211,0.038823552429676056,-0.9603444337844849,-0.8803584575653076,-0.10494367778301239,1.20515775680542,1.7239177227020264,-1.6404705047607422,-1.5880563259124756,-0.12443488091230392,-0.24611878395080566,0.33927997946739197,0.22232294082641602,0.48545196652412415,0.10267414152622223,0.036931391805410385,-0.9637848734855652,-0.880423367023468,-0.10971227288246155,1.2309895753860474,1.7260072231292725,-1.6597105264663696,-1.5940759181976318,-0.13051454722881317,-0.12261666357517242,0.34045249223709106,0.06159166246652603,0.02565646916627884,0.1863526999950409,-0.0773548111319542,0.5419478416442871,0.13865318894386292,0.3388380706310272,-0.7240750193595886,-0.5876038074493408,0.9207849502563477,0.6378406286239624
4.602,-0.00024318849318660796,0.0003305439022369683,-0.017585178837180138,1.3072180991002824e-05,-1.8228194676339626e-05,1.3844932254869491e-05,-2.964739742594702e-08,-4.445724144375163e-08,-1.0,0.20000000298023224,0.0,0.0,0.0,-0.12820035219192505,-0.24927598237991333,0.3445548117160797,0.22495971620082855,0.4845356047153473,0.10711707174777985,0.036745455116033554,-0.9584817290306091,-0.8804448843002319,-0.10696302354335785,1.2169402837753296,1.723229169845581,-1.6450964212417603,-1.5891109704971313,-0.10910973697900772,-0.0985681563615799,0.2047014683485031,0.22736838459968567,-0.008776625618338585,0.20434723794460297,-0.0898098275065422,0.02716868929564953,-0.16413088142871857,0.20236623287200928,-0.5099273920059204,0.43063104152679443,0.5516435503959656,-0.4132048487663269,-0.2920736074447632,-0.5492427945137024,0.7498051524162292,0.45960724353790283,0.14190255105495453,-0.5401371121406555,1.4718199968338013,-0.4952842593193054,0.7755424380302429,2.350712537765503,-1.0500649213790894,0.055877190083265305,0.2671617269515991,0.29615893959999084,1.4210000038146973,-0.31817322969436646,-0.5293164253234863,0.7691322565078735,0.4919879138469696,0.16199558973312378,-0.5514248609542847,1.4708857536315918,-0.43758058547973633,0.779282808303833,2.372026205062866,-1.071021556854248,0.04661216214299202,0.29536426067352295,0.3314349949359894,-0.13743290305137634,-0.25958260893821716,0.3612654507160187,0.22728155553340912,0.48692983388900757,0.12036285549402237,0.03852742165327072,-0.9516535997390747,-0.8806784749031067,-0.10107232630252838,1.1922240257263184,1.718995451927185,-1.6272199153900146,-1.5816816091537476,-0.12902550399303436,-0.24995391070842743,0.34605151414871216,0.22524626553058624,0.48454126715660095,0.10887669771909714,0.036308687180280685,-0.9580520987510681,-0.8811265826225281,-0.10606320947408676,1.2123764753341675,1.7232056856155396,-1.6428219079971313,-1.587522029876709,-0.07410193979740143,-0.058166880160570145,0.11813715100288391,0.044409580528736115,0.0040206462144851685,0.15714436769485474,-0.031848661601543427,-0.05428430438041687,-0.022467313334345818,0.03487584367394447,-0.3833441138267517,0.15152977406978607,0.054643962532281876,-0.05289585515856743
4.621,-0.0002338645572308451,0.0003224799002055079,-0.017634524032473564,1.4571850442735013e-05,-1.8770044334814884e-05,1.595528556208592e-05,-1.1186975790167253e-08,-3.524022673673244e-08,-1.0,0.20000000298023224,0.0,0.0,0.0,-0.13184180855751038,-0.25160109996795654,0.34904173016548157,0.2268798053264618,0.4858282506465912,0.11147773265838623,0.03694433718919754,-0.953709602355957,-0.8818527460098267,-0.10416317731142044,1.2039986848831177,1.718082070350647,-1.6336359977722168,-1.5852457284927368,-0.19081375002861023,-0.13005635142326355,0.3205147385597229,0.18358030915260315,0.012598711997270584,0.20568186044692993,-0.06482066959142685,0.5108309388160706,0.16762179136276245,0.4507938623428345,-0.7042412757873535,-0.44113412499427795,1.0476616621017456,0.2006031572818756,-0.31817322969436646,-0.5293164253234863,0.7691322565078735,0.4919879138469696,0.16199558973312378,-0.5514248609542847,1.4708857536315918,-0.43758058547973633,0.779282808303833,2.372026205062866,-1.071021556854248,0.04661216214299202,0.29536426067352295,0.3314349949359894,1.4010000228881836,-0.3207012414932251,-0.5503798127174377,0.7600205540657043,0.5038231015205383,0.13680438697338104,-0.518984854221344,1.4938517808914185,-0.45984113216400146,0.7740904688835144,2.3672471046447754,-1.088769793510437,0.009838225319981575,0.32621151208877563,0.32735303044319153,-0.1420164555311203,-0.262704074382782,0.3650144338607788,0.23220756649971008,0.48526430130004883,0.12643179297447205,0.04058712348341942,-0.946927011013031,-0.8814537525177002,-0.09845315665006638,1.1801022291183472,1.7113802433013916,-1.6135348081588745,-1.576990008354187,-0.13294287025928497,-0.252230703830719,0.3509863615036011,0.22812247276306152,0.48587533831596375,0.1131531372666359,0.03617874160408974,-0.951117992401123,-0.8812763094902039,-0.10223069787025452,1.1995259523391724,1.7181028127670288,-1.629724144935608,-1.5837726593017578,-0.09331686049699783,-0.04592149704694748,0.14893722534179688,0.033384546637535095,0.0026283254846930504,0.1445828676223755,-0.045509349554777145,0.20352387428283691,0.01318435464054346,0.07021500915288925,-0.3877048194408417,-0.10426031798124313,0.12800836563110352,0.4336709976196289
4.64,-0.0002338645572308451,0.0003224799002055079,-0.017634524032473564,-2.5366578483954072e-05,2.4659231712576002e-05,-3.0646813684143126e-05,-2.175524116410088e-08,-3.117513713846165e-08,-1.0,0.20000000298023224,0.0,0.0,0.0,-0.13607248663902283,-0.25462576746940613,0.3542300760746002,0.23058278858661652,0.48486942052841187,0.11605118215084076,0.03806982561945915,-0.9458656311035156,-0.8814974427223206,-0.10075810551643372,1.1899133920669556,1.7133123874664307,-1.6198561191558838,-1.5793298482894897,-0.1367473304271698,-0.10303018242120743,0.20818601548671722,0.1066385880112648,-0.02792179398238659,0.2204904556274414,-0.01233686599880457,0.48002105951309204,-0.1608862727880478,0.2597736716270447,-0.4383702874183655,-0.6458038091659546,0.605279803276062,0.8630005121231079,-0.3207012414932251,-0.5503798127174377,0.7600205540657043,0.5038231015205383,0.13680438697338104,-0.518984854221344,1.4938517808914185,-0.45984113216400146,0.7740904688835144,2.3672471046447754,-1.088769793510437,0.009838225319981575,0.32621151208877563,0.32735303044319153,1.38100004196167,-0.3280901312828064,-0.5784685015678406,0.7585840225219727,0.5004591941833496,0.11634808778762817,-0.5230911374092102,1.481813907623291,-0.4429706931114197,0.7784764766693115,2.3677244186401367,-1.0940277576446533,0.0011503595160320401,0.3276938199996948,0.32534149289131165,-0.14642217755317688,-0.26801010966300964,0.3678699731826782,0.2358119785785675,0.48188626766204834,0.1308763325214386,0.04103109985589981,-0.9414587020874023,-0.8816353678703308,-0.0963100865483284,1.1698789596557617,1.7044193744659424,-1.6024384498596191,-1.5734379291534424,-0.13607248663902283,-0.25462576746940613,0.3542300760746002,0.23058278858661652,0.48486942052841187,0.11605118215084076,0.03806982561945915,-0.9458656311035156,-0.8814974427223206,-0.10075810551643372,1.1899133920669556,1.7133123874664307,-1.6198561191558838,-1.5793298482894897,-0.1367473304271698,-0.10303018242120743,0.20818601548671722,0.1066385880112648,-0.02792179398238659,0.2204904556274414,-0.01233686599880457,0.48002105951309204,-0.1608862727880478,0.2597736716270447,-0.4383702874183655,-0.6458038091659546,0.605279803276062,0.8630005121231079
4.66,-0.00023901244276203215,0.0003256505005992949,-0.01767098158597946,1.8672586520551704e-05,-2.542998299759347e-05,1.9592687749536708e-05,-1.6757729426331025e-08,-3.0803832373749174e-08,-1.0,0.20000000298023224,0.0,0.0,0.0,-0.14031831920146942,-0.2578224539756775,0.35876035690307617,0.2345481663942337,0.48339104652404785,0.12096129357814789,0.03931799530982971,-0.9401788711547852,-0.8818985223770142,-0.09832961112260818,1.177998423576355,1.7073323726654053,-1.606866478919983,-1.574406623840332,-0.13835056126117706,-0.11348875612020493,0.20063908398151398,0.10154858976602554,-0.06345989555120468,0.20900669693946838,-0.037653155624866486,0.4179987907409668,-0.12091014534235,0.22608435153961182,-0.4524005651473999,-0.6944178938865662,0.590117335319519,0.5796470046043396,-0.3280901312828064,-0.5784685015678406,0.7585840225219727,0.5004591941833496,0.11634808778762817,-0.5230911374092102,1.481813907623291,-0.4429706931114197,0.7784764766693115,2.3677244186401367,-1.0940277576446533,0.0011503595160320401,0.3276938199996948,0.32534149289131165,1.3609999418258667,-0.3374897241592407,-0.5803375840187073,0.7657440900802612,0.5028485059738159,0.11208823323249817,-0.5122884511947632,1.4781748056411743,-0.43065348267555237,0.7788826823234558,2.368946075439453,-1.1080143451690674,-0.02080964669585228,0.34400856494903564,0.33580079674720764,-0.15088671445846558,-0.2724418342113495,0.3708704113960266,0.23893442749977112,0.4787578284740448,0.13551221787929535,0.041022367775440216,-0.9358522891998291,-0.8817400336265564,-0.0944734662771225,1.1603018045425415,1.6966545581817627,-1.5919300317764282,-1.5695502758026123,-0.14031831920146942,-0.2578224539756775,0.35876035690307617,0.2345481663942337,0.48339104652404785,0.12096129357814789,0.03931799530982971,-0.9401788711547852,-0.8818985223770142,-0.09832961112260818,1.177998423576355,1.7073323726654053,-1.606866478919983,-1.574406623840332,-0.13835056126117706,-0.11348875612020493,0.20063908398151398,0.10154858976602554,-0.06345989555120468,0.20900669693946838,-0.037653155624866486,0.4179987907409668,-0.12091014534235,0.22608435153961182,-0.4524005651473999,-0.6944178938865662,0.590117335319519,0.5796470046043396
4.681,-0.00023901244276203215,0.0003256505005992949,-0.01767098158597946,2.265352122776676e-06,-6.928877610334894e-06,9.988840474761673e-07,-2.3602600762728798e-08,-3.661981651248425e-08,-1.0,0.20000000298023224,0.0,0.0,0.0,-0.14464877545833588,-0.26148340106010437,0.36281782388687134,0.23854771256446838,0.4812663793563843,0.12580706179141998,0.03929519280791283,-0.9343901872634888,-0.8822115659713745,-0.09622535854578018,1.1671065092086792,1.7013273239135742,-1.5955994129180908,-1.5722187757492065,-0.1315135955810547,-0.11339185386896133,0.1423856019973755,0.12552803754806519,-0.0805598571896553,0.20162855088710785,-0.07513124495744705,0.2987309992313385,-0.10432668775320053,0.17592450976371765,-0.3959849774837494,-0.3636031448841095,0.4316299557685852,0.48276832699775696,-0.3374897241592407,-0.5803375840187073,0.7657440900802612,0.5028485059738159,0.11208823323249817,-0.5122884511947632,1.4781748056411743,-0.43065348267555237,0.7788826823234558,2.368946075439453,-1.1080143451690674,-0.02080964669585228,0.34400856494903564,0.33580079674720764,1.340999960899353,-0.3442104458808899,-0.5782603025436401,0.7784767746925354,0.510175347328186,0.11691911518573761,-0.5108983516693115,1.4723962545394897,-0.4154968857765198,0.7761320471763611,2.374560832977295,-1.1278408765792847,-0.01548596378415823,0.36411252617836,0.34044113755226135,-0.15513041615486145,-0.27577951550483704,0.37454402446746826,0.24216508865356445,0.47673818469047546,0.13935993611812592,0.04043752700090408,-0.9298515319824219,-0.8820988535881042,-0.09244269132614136,1.1506574153900146,1.6909750699996948,-1.5815128087997437,-1.5659761428833008,-0.14575858414173126,-0.2623818814754486,0.363654226064682,0.2395281344652176,0.4805912375450134,0.12755237519741058,0.03869273513555527,-0.9334902763366699,-0.8826612830162048,-0.0954904854297638,1.1641944646835327,1.6997288465499878,-1.5941085815429688,-1.5690736770629883,-0.10210571438074112,-0.08066998422145844,0.06056630238890648,0.05212074890732765,-0.05935037508606911,0.15595369040966034,-0.040060315281152725,0.025255544111132622,-0.016419023275375366,0.025108760222792625,-0.24993516504764557,-0.1867833435535431,0.03220312297344208,0.2589353024959564
4.7,-0.000230951962294057,0.0003176678146701306,-0.01771767996251583,1.489351961936336e-05,-2.1920872313785367e-05,1.4856097550364211e-05,-1.2821180561672918e-08,-3.7054178392281756e-08,-1.0,0.20000000298023224,0.0,0.0,0.0,-0.14889386296272278,-0.26513049006462097,0.3662273585796356,0.24183455109596252,0.478828102350235,0.1303359717130661,0.03890412300825119,-0.9292071461677551,-0.8825387954711914,-0.09446004033088684,1.1571285724639893,1.693808913230896,-1.5860012769699097,-1.5678387880325317,-0.1552099734544754,-0.13713794946670532,0.18789969384670258,0.10282285511493683,-0.08060776442289352,0.1919979453086853,-0.09541945159435272,0.4023279845714569,-0.15416403114795685,0.23518279194831848,-0.46948549151420593,-0.6214433908462524,0.6596224308013916,0.4134196937084198,-0.3442104458808899,-0.5782603025436401,0.7784767746925354,0.510175347328186,0.11691911518573761,-0.5108983516693115,1.4723962545394897,-0.4154968857765198,0.7761320471763611,2.374560832977295,-1.1278408765792847,-0.01548596378415823,0.36411252617836,0.34044113755226135,1.3209999799728394,-0.3482375741004944,-0.5831080675125122,0.7768965363502502,0.513673722743988,0.10948817431926727,-0.4941733479499817,1.475554347038269,-0.40792593359947205,0.7781670689582825,2.3753161430358887,-1.1507139205932617,-0.03681951388716698,0.38733816146850586,0.35080260038375854,-0.15892809629440308,-0.27893441915512085,0.3773248791694641,0.24509944021701813,0.47437936067581177,0.14411062002182007,0.040285464376211166,-0.9242938160896301,-0.8821824193000793,-0.09074254333972931,1.1406545639038086,1.6842981576919556,-1.5708564519882202,-1.5620806217193604,-0.14889386296272278,-0.26513049006462097,0.3662273585796356,0.24183455109596252,0.478828102350235,0.1303359717130661,0.03890412300825119,-0.9292071461677551,-0.8825387954711914,-0.09446004033088684,1.1571285724639893,1.693808913230896,-1.5860012769699097,-1.5678387880325317,-0.1552099734544754,-0.13713794946670532,0.18789969384670258,0.10282285511493683,-0.08060776442289352,0.1919979453086853,-0.09541945159435272,0.4023279845714569,-0.15416403114795685,0.23518279194831848,-0.46948549151420593,-0.6214433908462524,0.6596224308013916,0.4134196937084198
4.721,-0.000230951962294057,0.0003176678146701306,-0.01771767996251583,-1.995135062315967e-05,1.7582427972229198e-05,-2.3702823455096222e-05,-1.559688556085348e-08,-2.9921348954076166e-08,-1.0,0.20000000298023224,0.0,0.0,0.0,-0.1532163769006729,-0.26881611347198486,0.36986044049263,0.24544960260391235,0.4764043092727661,0.13490717113018036,0.03838670998811722,-0.9231247305870056,-0.8829913139343262,-0.09240942448377609,1.146654725074768,1.687031626701355,-1.5742626190185547,-1.564313292503357,-0.12360476702451706,-0.10166476666927338,0.09278605878353119,0.04971464350819588,-0.07131096720695496,0.18951153755187988,-0.14943723380565643,0.31958189606666565,-0.09684835374355316,0.15675057470798492,-0.21408823132514954,-0.523088812828064,0.2403930276632309,0.6219350695610046,-0.3482375741004944,-0.5831080675125122,0.7768965363502502,0.513673722743988,0.10948817431926727,-0.4941733479499817,1.475554347038269,-0.40792593359947205,0.7781670689582825,2.3753161430358887,-1.1507139205932617,-0.03681951388716698,0.38733816146850586,0.35080260038375854,1.3009999990463257,-0.3477920889854431,-0.5950815677642822,0.7819682359695435,0.5003314018249512,0.10728847980499268,-0.4938753843307495,1.4671285152435303,-0.3998887240886688,0.774472713470459,2.377075672149658,-1.1623517274856567,-0.028851762413978577,0.39323922991752625,0.34769174456596375,-0.1619216799736023,-0.2826556861400604,0.3800567388534546,0.24611268937587738,0.4722723364830017,0.1479409635066986,0.03932122886180878,-0.9190439581871033,-0.8826186656951904,-0.08920647203922272,1.131488561630249,1.6797534227371216,-1.5617412328720093,-1.5592753887176514,-0.154253751039505,-0.2696034610271454,0.3705354630947113,0.24624091386795044,0.4758182466030121,0.13655290007591248,0.037776488810777664,-0.9222986698150635,-0.8833264112472534,-0.09176729619503021,1.1439236402511597,1.6860413551330566,-1.5731796026229858,-1.56204354763031,-0.09519849717617035,-0.07026337087154388,0.044517096132040024,0.01684657670557499,-0.05093466490507126,0.14706996083259583,-0.043015480041503906,0.05418533459305763,-0.004632900469005108,0.020840167999267578,-0.21825015544891357,-0.20519806444644928,0.0039003565907478333,0.3042617738246918
4.74,-0.00022998230997473001,0.0003209100104868412,-0.017760317772626877,1.3031048183620442e-05,-2.3696144126006402e-05,1.2009447345917579e-05,-3.1206081274604e-08,-5.921769741235039e-08,-1.0,0.20000000298023224,0.0,0.0,0.0,-0.15711084008216858,-0.2721070945262909,0.3724656105041504,0.24693147838115692,0.47439584136009216,0.13902908563613892,0.038151174783706665,-0.9184361100196838,-0.8827194571495056,-0.09184557944536209,1.1379916667938232,1.6802303791046143,-1.566861867904663,-1.5605665445327759,-0.21717490255832672,-0.19983935356140137,0.14334146678447723,0.45340779423713684,-0.06345512717962265,0.19087055325508118,-0.3883499801158905,0.12017985433340073,-0.25512760877609253,0.33034825325012207,0.12466989457607269,0.380252867937088,0.423152357339859,-0.9893137216567993,-0.3477920889854431,-0.5950815677642822,0.7819682359695435,0.5003314018249512,0.10728847980499268,-0.4938753843307495,1.4671285152435303,-0.3998887240886688,0.774472713470459,2.377075672149658,-1.1623517274856567,-0.028851762413978577,0.39323922991752625,0.34769174456596375,1.281000018119812,-0.3609141707420349,-0.5620392560958862,0.7732197642326355,0.5410492420196533,0.12637817859649658,-0.49629485607147217,1.491933822631836,-0.3616233170032501,0.7770770192146301,2.3930442333221436,-1.1909817457199097,-0.03825417160987854,0.4146244525909424,0.3756152093410492,-0.16562876105308533,-0.2823284864425659,0.38136738538742065,0.25099509954452515,0.4724956750869751,0.15076328814029694,0.04103037342429161,-0.9110174775123596,-0.8827072381973267,-0.08638075739145279,1.1212927103042603,1.6751773357391357,-1.552310585975647,-1.5542387962341309,-0.15711084008216858,-0.2721070945262909,0.3724656105041504,0.24693147838115692,0.47439584136009216,0.13902908563613892,0.038151174783706665,-0.9184361100196838,-0.8827194571495056,-0.09184557944536209,1.1379916667938232,1.6802303791046143,-1.566861867904663,-1.5605665445327759,-0.21717490255832672,-0.19983935356140137,0.14334146678447723,0.45340779423713684,-0.06345512717962265,0.19087055325508118,-0.3883499801158905,0.12017985433340073,-0.25512760877609253,0.33034825325012207,0.12466989457607269,0.380252867937088,0.423152357339859,-0.9893137216567993
4.76,-0.00022998230997473001,0.0003209100104868412,-0.017760317772626877,9.52203026827192e-06,-1.3231889170128852e-05,9.445242540095933e-06,-3.194207920387271e-08,-3.155427918954956e-08,-1.0,0.20000000298023224,0.0,0.0,0.0,-0.16110286116600037,-0.2734214961528778,0.3752304017543793,0.2500807046890259,0.47350797057151794,0.14303801953792572,0.03878609091043472,-0.9132251739501953,-0.8837066888809204,-0.08846669644117355,1.127179741859436,1.6755034923553467,-1.5569556951522827,-1.5587897300720215,-0.1260635256767273,-0.06022756174206734,0.07510711997747421,0.29968342185020447,-0.044806987047195435,0.16609977185726166,-0.015765169635415077,0.3441862165927887,0.00591484596952796,0.2484516054391861,-0.3341912031173706,0.19885867834091187,0.37618082761764526,-0.44120895862579346,-0.3609141707420349,-0.5620392560958862,0.7732197642326355,0.5410492420196533,0.12637817859649658,-0.49629485607147217,1.491933822631836,-0.3616233170032501,0.7770770192146301,2.3930442333221436,-1.1909817457199097,-0.03825417160987854,0.4146244525909424,0.3756152093410492,1.2610000371932983,-0.3649880290031433,-0.5645363926887512,0.7882879972457886,0.5456215739250183,0.13888700306415558,-0.48621851205825806,1.4729061126708984,-0.376630038022995,0.7712973356246948,2.3987019062042236,-1.2074744701385498,-0.04291161522269249,0.4387935698032379,0.3818485140800476,-0.16900181770324707,-0.2823164165019989,0.3839227259159088,0.2553582489490509,0.47392523288726807,0.1540287733078003,0.04049491882324219,-0.9060969948768616,-0.8833560943603516,-0.08355441689491272,1.1114866733551025,1.671050786972046,-1.542349100112915,-1.5495861768722534,-0.16110286116600037,-0.2734214961528778,0.3752304017543793,0.2500807046890259,0.47350797057151794,0.14303801953792572,0.03878609091043472,-0.9132251739501953,-0.8837066888809204,-0.08846669644117355,1.127179741859436,1.6755034923553467,-1.5569556951522827,-1.5587897300720215,-0.1260635256767273,-0.06022756174206734,0.07510711997747421,0.29968342185020447,-0.044806987047195435,0.16609977185726166,-0.015765169635415077,0.3441862165927887,0.00591484596952796,0.2484516054391861,-0.3341912031173706,0.19885867834091187,0.37618082761764526,-0.44120895862579346
4.783,-0.00021608869428746402,0.0002968281914945692,-0.017800673842430115,-5.8992150115955155e-06,6.611651770072058e-06,-7.098914011294255e-06,-2.889026262664629e-08,-3.973116591282633e-08,-1.0,0.20000000298023224,0.0,0.0,0.0,-0.16496434807777405,-0.27449798583984375,0.3778773248195648,0.25407683849334717,0.47429633140563965,0.14695672690868378,0.0389857143163681,-0.9050717353820801,-0.8842310905456543,-0.0852685272693634,1.1173415184020996,1.671290636062622,-1.5451534986495972,-1.5527429580688477,-0.09393411874771118,-0.05253215506672859,0.11023751646280289,0.16249920427799225,-0.022702211514115334,0.14739307761192322,-0.03142762929201126,0.3262665867805481,0.07174277305603027,0.16999706625938416,-0.46907469630241394,-0.1251239776611328,0.4488656520843506,0.5056780576705933,-0.3649880290031433,-0.5645363926887512,0.7882879972457886,0.5456215739250183,0.13888700306415558,-0.48621851205825806,1.4729061126708984,-0.376630038022995,0.7712973356246948,2.3987019062042236,-1.2074744701385498,-0.04291161522269249,0.4387935698032379,0.3818485140800476,1.2389999628067017,-0.37209707498550415,-0.5850911736488342,0.8014271259307861,0.538429856300354,0.12047909200191498,-0.47751182317733765,1.457584023475647,-0.3719772398471832,0.7619553804397583,2.3957693576812744,-1.2300515174865723,-0.03854227811098099,0.46302661299705505,0.37612220644950867,-0.17241115868091583,-0.284362256526947,0.3872808814048767,0.2581295967102051,0.4732280969619751,0.1575118452310562,0.038534343242645264,-0.9016953110694885,-0.8848093748092651,-0.08158659934997559,1.101384162902832,1.6681864261627197,-1.531956672668457,-1.5464367866516113,-0.16576263308525085,-0.2749652564525604,0.3782493770122528,0.25522229075431824,0.47406837344169617,0.14821138978004456,0.038304101675748825,-0.903774082660675,-0.884001612663269,-0.08462630957365036,1.1147847175598145,1.671195149421692,-1.5441677570343018,-1.5487717390060425,-0.07401800900697708,-0.04273441433906555,0.021257538348436356,0.07227306067943573,-0.022136470302939415,0.11121676862239838,-0.038941167294979095,0.051061492413282394,0.0031926084775477648,0.01699383370578289,-0.24295367300510406,-0.04083864763379097,0.01067217718809843,0.30896562337875366
4.801,-0.00021608869428746402,0.0002968281914945692,-0.017800673842430115,-1.5225891729642171e-05,3.0278562917374074e-05,-1.5352135960711166e-05,-1.1534105226473912e-08,-5.128591240577407e-08,-1.0,0.20000000298023224,0.0,0.0,0.0,-0.1685314178466797,-0.2772327959537506,0.3801979124546051,0.2572937607765198,0.4732484817504883,0.15039905905723572,0.03807217627763748,-0.9004591703414917,-0.8845453262329102,-0.08413688838481903,1.108460783958435,1.666862964630127,-1.5359294414520264,-1.5468999147415161,-0.1459585577249527,-0.11504098773002625,0.288637638092041,0.2013726830482483,-0.051335178315639496,0.15943610668182373,0.01719013601541519,0.4336897134780884,-0.21724674105644226,0.31095772981643677,-0.9833531379699707,-0.5580377578735352,1.2270236015319824,0.2203216701745987,-0.37209707498550415,-0.5850911736488342,0.8014271259307861,0.538429856300354,0.12047909200191498,-0.47751182317733765,1.457584023475647,-0.3719772398471832,0.7619553804397583,2.3957693576812744,-1.2300515174865723,-0.03854227811098099,0.46302661299705505,0.37612220644950867,1.2209999561309814,-0.3943919539451599,-0.5822857022285461,0.7990750670433044,0.5720182061195374,0.10399787127971649,-0.4531640410423279,1.4629809856414795,-0.3510224521160126,0.7694178223609924,2.3978610038757324,-1.2606223821640015,-0.08648663759231567,0.5063642859458923,0.40295252203941345,-0.1773681342601776,-0.2857183814048767,0.3897322118282318,0.2637054920196533,0.47102227807044983,0.1627330780029297,0.037505581974983215,-0.8960785269737244,-0.885225772857666,-0.07980318367481232,1.0902451276779175,1.6611005067825317,-1.5193089246749878,-1.5412342548370361,-0.1685314178466797,-0.2772327959537506,0.3801979124546051,0.2572937607765198,0.4732484817504883,0.15039905905723572,0.03807217627763748,-0.9004591703414917,-0.8845453262329102,-0.08413688838481903,1.108460783958435,1.666862964630127,-1.5359294414520264,-1.5468999147415161,-0.1459585577249527,-0.11504098773002625,0.288637638092041,0.2013726830482483,-0.051335178315639496,0.15943610668182373,0.01719013601541519,0.4336897134780884,-0.21724674105644226,0.31095772981643677,-0.9833531379699707,-0.5580377578735352,1.2270236015319824,0.2203216701745987
4.821,-0.00020720891188830137,0.00028726260643452406,-0.017843352630734444,3.654466809166479e-06,-1.6107964256661944e-05,1.197028382193821e-06,-2.784523722709764e-08,-5.2766811364790556e-08,-1.0,0.20000000298023224,0.0,0.0,0.0,-0.1723453402519226,-0.2793516516685486,0.3833249807357788,0.2614632248878479,0.4715523421764374,0.15433084964752197,0.035823602229356766,-0.8951549530029297,-0.8856654167175293,-0.08178500086069107,1.0979136228561401,1.6622687578201294,-1.5232629776000977,-1.5441741943359375,-0.12221658229827881,-0.05129661411046982,0.061584774404764175,0.310470849275589,-0.044075094163417816,0.17420659959316254,-0.2885300815105438,0.13642443716526031,-0.13477589190006256,0.17842350900173187,-0.12187042832374573,0.22836729884147644,0.26604294776916504,-0.20745360851287842,-0.3943919539451599,-0.5822857022285461,0.7990750670433044,0.5720182061195374,0.10399787127971649,-0.4531640410423279,1.4629809856414795,-0.3510224521160126,0.7694178223609924,2.3978610038757324,-1.2606223821640015,-0.08648663759231567,0.5063642859458923,0.40295252203941345,1.2009999752044678,-0.39148205518722534,-0.5901584029197693,0.8043310642242432,0.5660194754600525,0.11295221745967865,-0.46898019313812256,1.4771006107330322,-0.3265710771083832,0.7587722539901733,2.410108804702759,-1.260632872581482,-0.06465908885002136,0.5014026761054993,0.40269291400909424,-0.18104271590709686,-0.28759056329727173,0.3922188878059387,0.26756635308265686,0.4701530337333679,0.16532844305038452,0.03809453174471855,-0.8891399502754211,-0.8866233825683594,-0.07715167105197906,1.0813329219818115,1.6576144695281982,-1.5096869468688965,-1.5370981693267822,-0.1732935905456543,-0.2796621322631836,0.3837894797325134,0.26283228397369385,0.47123080492019653,0.15582719445228577,0.03480535000562668,-0.8941800594329834,-0.8861865997314453,-0.08102256804704666,1.094539761543274,1.6616495847702026,-1.521858811378479,-1.5416054725646973,-0.08568917959928513,-0.025113223120570183,0.010953656397759914,0.12238399684429169,-0.026137618348002434,0.13334298133850098,-0.08924029767513275,0.0031864175107330084,-0.013178582303225994,0.02729303576052189,-0.22427093982696533,0.052827831357717514,-0.046611491590738297,0.09750965237617493
4.841,-0.00020720891188830137,0.00028726260643452406,-0.017843352630734444,1.75837631104514e-05,-3.2761774491518736e-05,1.5567682567052543e-05,-4.0018857561108234e-08,-5.732810848257941e-08,-1.0,0.20000000298023224,0.0,0.0,0.0,-0.17608867585659027,-0.28145912289619446,0.3855952322483063,0.26456889510154724,0.47026151418685913,0.15816019475460052,0.0360482782125473,-0.8902597427368164,-0.8863571286201477,-0.07999691367149353,1.08686363697052,1.6566402912139893,-1.5150911808013916,-1.5394576787948608,-0.213744655251503,-0.200813427567482,0.0964350476861,0.6013529300689697,-0.03134480118751526,0.16647003591060638,-0.261957585811615,0.17174649238586426,-0.32218608260154724,0.35760030150413513,0.006188699509948492,0.5693423748016357,0.2509835660457611,-1.150383710861206,-0.39148205518722534,-0.5901584029197693,0.8043310642242432,0.5660194754600525,0.11295221745967865,-0.46898019313812256,1.4771006107330322,-0.3265710771083832,0.7587722539901733,2.410108804702759,-1.260632872581482,-0.06465908885002136,0.5014026761054993,0.40269291400909424,1.180999994277954,-0.38974809646606445,-0.5759192109107971,0.7792497873306274,0.5946478247642517,0.12183324992656708,-0.4684678316116333,1.4844104051589966,-0.3058338165283203,0.7642310857772827,2.4128363132476807,-1.2823017835617065,-0.08159814774990082,0.5051401853561401,0.42398038506507874,-0.18380898237228394,-0.28766438364982605,0.3917000889778137,0.2735178470611572,0.47034576535224915,0.16745597124099731,0.039296671748161316,-0.881515383720398,-0.8871956467628479,-0.07475771009922028,1.0720361471176147,1.6531318426132202,-1.5016155242919922,-1.5316604375839233,-0.17714270949363708,-0.2819820046424866,0.38624438643455505,0.26652881503105164,0.46995311975479126,0.15949320793151855,0.035422686487436295,-0.8881813287734985,-0.8875498175621033,-0.07836323231458664,1.0842564105987549,1.656436562538147,-1.512833833694458,-1.5390305519104004,-0.0840042233467102,-0.021388711407780647,0.018504904583096504,0.16364459693431854,-0.020129475742578506,0.11436259001493454,-0.06426798552274704,0.0559820719063282,-0.03821323439478874,0.05723056197166443,-0.1373516470193863,0.21346446871757507,0.04140676185488701,-0.01324316393584013
4.861,-0.00019223068375140429,0.0002762459625955671,-0.01790170557796955,2.7382462576497346e-05,-1.5365187209681608e-05,2.9995673685334623e-05,-5.650059620165848e-08,-2.0267647116156695e-08,-1.0,0.20000000298023224,0.0,0.0,0.0,-0.17991448938846588,-0.2821764349937439,0.3864329159259796,0.26888659596443176,0.4700188934803009,0.16163820028305054,0.03737546131014824,-0.88360196352005,-0.8879604339599609,-0.07738732546567917,1.0773004293441772,1.6520403623580933,-1.5065357685089111,-1.5353748798370361,-0.18172606825828552,-0.026070082560181618,-0.013629285618662834,0.5636157393455505,-0.022442901507019997,0.13897070288658142,0.1640881448984146,0.3264475464820862,-0.015427418053150177,0.37100130319595337,-0.6902135610580444,0.3924083411693573,0.7549132704734802,-0.7390435338020325,-0.38974809646606445,-0.5759192109107971,0.7792497873306274,0.5946478247642517,0.12183324992656708,-0.4684678316116333,1.4844104051589966,-0.3058338165283203,0.7642310857772827,2.4128363132476807,-1.2823017835617065,-0.08159814774990082,0.5051401853561401,0.42398038506507874,1.1610000133514404,-0.41990500688552856,-0.565387487411499,0.7914949655532837,0.6221463084220886,0.12343516945838928,-0.4581824541091919,1.457815408706665,-0.3159768283367157,0.7561970949172974,2.4214937686920166,-1.27744722366333,-0.112372986972332,0.5382757782936096,0.4387306272983551,-0.18903769552707672,-0.2866702675819397,0.3925095796585083,0.2810289263725281,0.47066012024879456,0.17018653452396393,0.03759888559579849,-0.8764299750328064,-0.8884568214416504,-0.07197679579257965,1.0650842189788818,1.646468162536621,-1.491844892501831,-1.5258352756500244,-0.18080373108386993,-0.2823684811592102,0.3861493468284607,0.27118241786956787,0.4698730409145355,0.162711963057518,0.037181902676820755,-0.8807706832885742,-0.8880705237388611,-0.07592236250638962,1.0750021934509277,1.65199875831604,-1.5039690732955933,-1.5334830284118652,-0.07055056840181351,-0.015301680192351341,0.013643482699990273,0.1838638335466385,-0.011111348867416382,0.09130404889583588,0.031818561255931854,0.1300388127565384,-0.0012258157366886735,0.0437614843249321,-0.31473034620285034,0.16265854239463806,0.2124946117401123,0.16244462132453918
4.88,-0.00019223068375140429,0.0002762459625955671,-0.01790170557796955,2.504677013348555e-06,-3.208715497748926e-05,-2.5230494884453947e-06,-5.0866798773085975e-08,-4.444924073254697e-08,-1.0,0.20000000298023224,0.0,0.0,0.0,-0.1837141513824463,-0.28148674964904785,0.3870750069618225,0.27410247921943665,0.47012054920196533,0.16461949050426483,0.036806292831897736,-0.875568151473999,-0.8889771103858948,-0.07406564801931381,1.0697864294052124,1.647130012512207,-1.4954689741134644,-1.5286678075790405,-0.13451999425888062,0.005836076103150845,-0.053316183388233185,0.5344033241271973,-0.015205162577331066,0.11963650584220886,-0.5146776437759399,0.13492019474506378,-0.04305434972047806,0.2298012524843216,0.4417811632156372,0.4627753794193268,0.1056380346417427,-0.37421396374702454,-0.41990500688552856,-0.565387487411499,0.7914949655532837,0.6221463084220886,0.12343516945838928,-0.4581824541091919,1.457815408706665,-0.3159768283367157,0.7561970949172974,2.4214937686920166,-1.27744722366333,-0.112372986972332,0.5382757782936096,0.4387306272983551,1.1410000324249268,-0.4141409993171692,-0.6042569279670715,0.7873699069023132,0.5895236134529114,0.09770967066287994,-0.4661548137664795,1.4827748537063599,-0.2995398938655853,0.7346796989440918,2.4230902194976807,-1.276467204093933,-0.09149762988090515,0.5287200212478638,0.41682907938957214,-0.19264425337314606,-0.28976190090179443,0.39274466037750244,0.2837755084037781,0.46833908557891846,0.17157374322414398,0.038736600428819656,-0.8707180023193359,-0.8916175365447998,-0.0695924162864685,1.05962073802948,1.643224835395813,-1.4849839210510254,-1.5233652591705322,-0.1837141513824463,-0.28148674964904785,0.3870750069618225,0.27410247921943665,0.47012054920196533,0.16461949050426483,0.036806292831897736,-0.875568151473999,-0.8889771103858948,-0.07406564801931381,1.0697864294052124,1.647130012512207,-1.4954689741134644,-1.5286678075790405,-0.13451999425888062,0.005836076103150845,-0.053316183388233185,0.5344033241271973,-0.015205162577331066,0.11963650584220886,-0.5146776437759399,0.13492019474506378,-0.04305434972047806,0.2298012524843216,0.4417811632156372,0.4627753794193268,0.1056380346417427,-0.37421396374702454
4.902,-0.0001896540488814935,0.0002668031374923885,-0.017935272306203842,5.665423486789223e-06,-1.703409907349851e-05,3.1649165066482965e-06,-4.516892460060262e-08,-3.092005940175113e-08,-1.0,0.20000000298023224,0.0,0.0,0.0,-0.18772341310977936,-0.2837314307689667,0.3875778615474701,0.2803027033805847,0.4688483476638794,0.16750618815422058,0.03636310622096062,-0.8697616457939148,-0.8914543390274048,-0.07150550186634064,1.0613106489181519,1.642585039138794,-1.4887290000915527,-1.525329828262329,-0.11231409013271332,-0.05614153668284416,-0.050633352249860764,0.35911357402801514,-0.04909822717308998,0.0904298722743988,-0.17962411046028137,0.13062620162963867,-0.23185205459594727,0.21929794549942017,0.059239018708467484,0.3305839002132416,-0.018986297771334648,-0.4137360751628876,-0.4141409993171692,-0.6042569279670715,0.7873699069023132,0.5895236134529114,0.09770967066287994,-0.4661548137664795,1.4827748537063599,-0.2995398938655853,0.7346796989440918,2.4230902194976807,-1.276467204093933,-0.09149762988090515,0.5287200212478638,0.41682907938957214,1.1200000047683716,-0.41662877798080444,-0.6062036156654358,0.8037222027778625,0.5759989023208618,0.1038598120212555,-0.45985662937164307,1.4497793912887573,-0.2989303767681122,0.7439873814582825,2.420180559158325,-1.2919703722000122,-0.1033211350440979,0.5330938100814819,0.4309398829936981,-0.1957782804965973,-0.2924298942089081,0.39456793665885925,0.2846203148365021,0.4670972526073456,0.17331333458423615,0.036347225308418274,-0.8660874366760254,-0.8932152986526489,-0.06797587871551514,1.0536994934082031,1.6394476890563965,-1.479057788848877,-1.5199781656265259,-0.18864256143569946,-0.2840144634246826,0.3874814212322235,0.28196170926094055,0.46850913763046265,0.16822190582752228,0.035926271229982376,-0.8688290119171143,-0.8924058079719543,-0.07069752365350723,1.0599236488342285,1.6425259113311768,-1.4879666566848755,-1.5235651731491089,-0.08375874161720276,-0.020818956196308136,-0.01936989463865757,0.14655674993991852,-0.026292355731129646,0.06084173545241356,-0.058138903230428696,-0.004485820420086384,-0.03214592859148979,0.017298631370067596,-0.019581478089094162,0.11022894084453583,-0.02505766786634922,0.047054748982191086
4.921,-0.0001896540488814935,0.0002668031374923885,-0.017935272306203842,-2.0103181668673642e-05,-2.6757521482068114e-05,-2.8707909223157912e-05,-3.023878747399067e-08,-4.227382532917545e-08,-1.0,0.20000000298023224,0.0,0.0,0.0,-0.19153061509132385,-0.28611090779304504,0.38909828662872314,0.2835286855697632,0.4674319624900818,0.16981154680252075,0.035233788192272186,-0.864647626876831,-0.8933106660842896,-0.0700349360704422,1.0559978485107422,1.6376312971115112,-1.4816259145736694,-1.5219314098358154,-0.12835954129695892,-0.10194748640060425,-0.014056336134672165,0.2945224344730377,-0.04412658140063286,0.07933636754751205,-0.6348281502723694,0.08761768043041229,-0.21227340400218964,0.22696150839328766,0.7820993661880493,0.3011922240257263,-0.30745935440063477,-0.436516135931015,-0.41662877798080444,-0.6062036156654358,0.8037222027778625,0.5759989023208618,0.1038598120212555,-0.45985662937164307,1.4497793912887573,-0.2989303767681122,0.7439873814582825,2.420180559158325,-1.2919703722000122,-0.1033211350440979,0.5330938100814819,0.4309398829936981,1.1009999513626099,-0.41401058435440063,-0.6277865767478943,0.8020021915435791,0.5538318157196045,0.08129215240478516,-0.4543761610984802,1.4701498746871948,-0.2957111597061157,0.7371611595153809,2.4148707389831543,-1.29717218875885,-0.09772885590791702,0.5315806865692139,0.4153778553009033,-0.1980236917734146,-0.2967225909233093,0.3958545923233032,0.28307944536209106,0.4638470411300659,0.17525306344032288,0.03647277504205704,-0.862061083316803,-0.8951761722564697,-0.06721363216638565,1.0484423637390137,1.6369853019714355,-1.4744682312011719,-1.518824815750122,-0.1923929899930954,-0.28649255633354187,0.38955867290496826,0.28465113043785095,0.4671241343021393,0.17042909562587738,0.033955641090869904,-0.864159345626831,-0.8941403031349182,-0.06914318352937698,1.0543724298477173,1.6379141807556152,-1.4809131622314453,-1.5206716060638428,-0.0751839280128479,-0.023696720600128174,-0.054496247321367264,0.08992864936590195,-0.02287607453763485,0.05131784826517105,-0.2628008723258972,-0.027902618050575256,-0.024239616468548775,0.02222013846039772,0.29142946004867554,0.1198464035987854,-0.3657616376876831,0.05114852637052536
4.9399999999999995,-0.00018636936147231609,0.00026138481916859746,-0.017971551045775414,-1.4215692317520734e-05,-3.9683089880782063e-07,-1.7198961359099485e-05,-5.169555450379448e-09,-3.036771900610802e-08,-1.0,0.20000000298023224,0.0,0.0,0.0,-0.19513554871082306,-0.28877371549606323,0.3908328711986542,0.2835819125175476,0.4655804932117462,0.1720764935016632,0.034679852426052094,-0.8604947924613953,-0.8951367139816284,-0.0690276250243187,1.0482043027877808,1.6331877708435059,-1.476819634437561,-1.5203603506088257,-0.10834318399429321,-0.0960838720202446,0.07771153748035431,0.09132563322782516,-0.07752659916877747,0.0689593032002449,-0.042047157883644104,0.05087090656161308,-0.22367145121097565,0.17095181345939636,-0.3499855399131775,0.19381697475910187,0.18267111480236053,-0.28925585746765137,-0.41401058435440063,-0.6277865767478943,0.8020021915435791,0.5538318157196045,0.08129215240478516,-0.4543761610984802,1.4701498746871948,-0.2957111597061157,0.7371611595153809,2.4148707389831543,-1.29717218875885,-0.09772885590791702,0.5315806865692139,0.4153778553009033,1.0809999704360962,-0.4384949803352356,-0.6064944863319397,0.8479129076004028,0.5755740404129028,0.0926106870174408,-0.43084853887557983,1.4336663484573364,-0.29156285524368286,0.7525511384010315,2.413910150527954,-1.3221126794815063,-0.12018235772848129,0.5758659243583679,0.4453653395175934,-0.20226845145225525,-0.29802751541137695,0.4014749825000763,0.28402096033096313,0.46237871050834656,0.17915759980678558,0.03292486071586609,-0.8584251403808594,-0.8952058553695679,-0.06669989228248596,1.0417425632476807,1.63277006149292,-1.4663679599761963,-1.5149033069610596,-0.19513554871082306,-0.28877371549606323,0.3908328711986542,0.2835819125175476,0.4655804932117462,0.1720764935016632,0.034679852426052094,-0.8604947924613953,-0.8951367139816284,-0.0690276250243187,1.0482043027877808,1.6331877708435059,-1.476819634437561,-1.5203603506088257,-0.10834318399429321,-0.0960838720202446,0.07771153748035431,0.09132563322782516,-0.07752659916877747,0.0689593032002449,-0.042047157883644104,0.05087090656161308,-0.22367145121097565,0.17095181345939636,-0.3499855399131775,0.19381697475910187,0.18267111480236053,-0.28925585746765137
4.961,-0.00018636936147231609,0.00026138481916859746,-0.017971551045775414,-2.763018710538745e-05,-3.444619505899027e-05,-3.82132493541576e-05,-2.2833075874473252e-08,-3.3523544828995e-08,-1.0,0.20000000298023224,0.0,0.0,0.0,-0.1986076533794403,-0.29098275303840637,0.393096923828125,0.2852054536342621,0.46341338753700256,0.1744966059923172,0.03158925101161003,-0.8570241928100586,-0.8958930969238281,-0.06846369802951813,1.0437968969345093,1.6300873756408691,-1.4687180519104004,-1.5173014402389526,-0.10235186666250229,-0.057724762707948685,-0.005439323373138905,0.1861303299665451,-0.052649639546871185,0.09344732761383057,-0.7303549647331238,-0.0073935301043093204,-0.1170198917388916,0.11945593357086182,0.906373918056488,0.38386863470077515,-0.47502508759498596,-0.32022708654403687,-0.4384949803352356,-0.6064944863319397,0.8479129076004028,0.5755740404129028,0.0926106870174408,-0.43084853887557983,1.4336663484573364,-0.29156285524368286,0.7525511384010315,2.413910150527954,-1.3221126794815063,-0.12018235772848129,0.5758659243583679,0.4453653395175934,1.0609999895095825,-0.42636364698410034,-0.6362126469612122,0.8291608095169067,0.554537832736969,0.07032530009746552,-0.43824219703674316,1.4703779220581055,-0.2787433862686157,0.7366525530815125,2.4139342308044434,-1.3235820531845093,-0.09665074944496155,0.5658193826675415,0.4193567931652069,-0.20445112884044647,-0.30204328894615173,0.4040960669517517,0.2826705574989319,0.45897549390792847,0.18154187500476837,0.033757686614990234,-0.8542344570159912,-0.8968194723129272,-0.06628648936748505,1.0362358093261719,1.6317510604858398,-1.4608924388885498,-1.5143669843673706,-0.19936589896678925,-0.2913658320903778,0.3940298855304718,0.2856267988681793,0.46300753951072693,0.17528852820396423,0.030070245265960693,-0.8567755222320557,-0.8962935209274292,-0.06799950450658798,1.0421741008758545,1.6306540966033936,-1.4686367511749268,-1.5157670974731445,-0.06782227754592896,-0.032276153564453125,-0.024556387215852737,0.04307721182703972,-0.033586882054805756,0.06960190087556839,-0.35473617911338806,-0.028903262689709663,-0.0052213771268725395,0.012528124265372753,0.4790169298648834,0.15327121317386627,-0.5446814894676208,0.027950424700975418
4.982,-0.00017968939209822565,0.0002832579775713384,-0.018039437010884285,5.8868088672170416e-05,-3.1955518352333456e-05,6.316728104138747e-05,1.7426925680297245e-08,-2.27143424069709e-08,-1.0,0.20000000298023224,0.0,0.0,0.0,-0.2019239217042923,-0.29354381561279297,0.3962145149707794,0.2844056487083435,0.4614757001399994,0.1769847571849823,0.0312846414744854,-0.8535524010658264,-0.8963378667831421,-0.06864611059427261,1.0359281301498413,1.6290910243988037,-1.4648345708847046,-1.5171812772750854,-0.16940350830554962,-0.1698361337184906,0.17038753628730774,-0.26416295766830444,-0.11576022952795029,0.09356298297643661,-0.38439393043518066,0.5023478269577026,-0.26999470591545105,0.2388981282711029,0.4712463617324829,-0.679156482219696,-0.3463757336139679,0.7772769331932068,-0.42636364698410034,-0.6362126469612122,0.8291608095169067,0.554537832736969,0.07032530009746552,-0.43824219703674316,1.4703779220581055,-0.2787433862686157,0.7366525530815125,2.4139342308044434,-1.3235820531845093,-0.09665074944496155,0.5658193826675415,0.4193567931652069,1.0399999618530273,-0.4087962508201599,-0.668616771697998,0.8439832925796509,0.5252585411071777,0.05035439506173134,-0.4071614146232605,1.4548662900924683,-0.3152107894420624,0.763770580291748,2.3880395889282227,-1.3429421186447144,-0.11027156561613083,0.5668280720710754,0.40922290086746216,-0.20444053411483765,-0.3084963262081146,0.407675176858902,0.2786622941493988,0.4542558491230011,0.1865573525428772,0.03287278488278389,-0.8545286655426025,-0.8953984975814819,-0.06854523718357086,1.029894471168518,1.6295737028121948,-1.4564111232757568,-1.5149513483047485,-0.20265823602676392,-0.2942546010017395,0.3974775969982147,0.28444144129753113,0.4607412815093994,0.17779536545276642,0.030691931024193764,-0.8525222539901733,-0.8976582884788513,-0.06763387471437454,1.0352383852005005,1.6300508975982666,-1.4645068645477295,-1.5147608518600464,-0.05345511436462402,-0.04918661341071129,0.014711201190948486,-0.04351894184947014,-0.05932273715734482,0.06861215829849243,-0.16383624076843262,0.10641154646873474,-0.0480048730969429,0.03478623554110527,0.30156654119491577,-0.173276886343956,-0.21603673696517944,0.5334834456443787
5.0,-0.00017968939209822565,0.0002832579775713384,-0.018039437010884285,7.7409185905708e-06,3.0108625651337206e-05,1.3404574019659776e-05,2.7742030894728487e-08,-2.188286352122759e-08,-1.0,0.20000000298023224,0.0,0.0,0.0,-0.20310720801353455,-0.2969038486480713,0.3999358117580414,0.2824762165546417,0.4584902226924896,0.1800134927034378,0.03149621561169624,-0.8520922064781189,-0.8960763812065125,-0.07004985213279724,1.0296342372894287,1.626729965209961,-1.4584617614746094,-1.5122255086898804,-0.05038808658719063,-0.14027619361877441,0.23969100415706635,-0.15442955493927002,-0.11105380207300186,0.12417075783014297,0.11754489690065384,-0.04347575083374977,-0.059994906187057495,0.015226740390062332,-0.6827858686447144,-0.2898753881454468,0.5737819075584412,0.08416547626256943,-0.4087962508201599,-0.668616771697998,0.8439832925796509,0.5252585411071777,0.05035439506173134,-0.4071614146232605,1.4548662900924683,-0.3152107894420624,0.763770580291748,2.3880395889282227,-1.3429421186447144,-0.11027156561613083,0.5668280720710754,0.40922290086746216,1.0210000276565552,-0.48040664196014404,-0.6107890009880066,0.8886211514472961,0.5917370319366455,0.0526229552924633,-0.3901745676994324,1.4291057586669922,-0.2677426040172577,0.7740381956100464,2.4037609100341797,-1.3596645593643188,-0.159146249294281,0.639039158821106,0.4641808867454529,-0.21159309148788452,-0.30787596106529236,0.4150022566318512,0.2821035385131836,0.45070698857307434,0.19226843118667603,0.029588811099529266,-0.8500171899795532,-0.8932349681854248,-0.06878010183572769,1.0231491327285767,1.6229443550109863,-1.4456050395965576,-1.5099231004714966,-0.20310720801353455,-0.2969038486480713,0.3999358117580414,0.2824762165546417,0.4584902226924896,0.1800134927034378,0.03149621561169624,-0.8520922064781189,-0.8960763812065125,-0.07004985213279724,1.0296342372894287,1.626729965209961,-1.4584617614746094,-1.5122255086898804,-0.05038808658719063,-0.14027619361877441,0.23969100415706635,-0.15442955493927002,-0.11105380207300186,0.12417075783014297,0.11754489690065384,-0.04347575083374977,-0.059994906187057495,0.015226740390062332,-0.6827858686447144,-0.2898753881454468,0.5737819075584412,0.08416547626256943
5.02,-0.0001711003133095801,0.0002711733686737716,-0.01808190532028675,-0.00011365352111170068,-2.700817640288733e-05,-0.00013676521484740078,1.8050944072811603e-09,-9.859164862291436e-08,-1.0,0.20000000298023224,0.0,0.0,0.0,-0.20627233386039734,-0.2980380356311798,0.40354448556900024,0.28316280245780945,0.45525386929512024,0.18360590934753418,0.029496079310774803,-0.8495333194732666,-0.894085705280304,-0.07074689120054245,1.025838017463684,1.6225594282150269,-1.449772834777832,-1.5141968727111816,-0.1374894231557846,-0.06330261379480362,0.5501487255096436,0.2953845262527466,-0.12051217257976532,0.17159144580364227,0.6544625759124756,0.07464446872472763,-0.020907098427414894,0.08921676129102707,-2.3166418075561523,0.3413487672805786,2.526059150695801,-0.4517432749271393,-0.48040664196014404,-0.6107890009880066,0.8886211514472961,0.5917370319366455,0.0526229552924633,-0.3901745676994324,1.4291057586669922,-0.2677426040172577,0.7740381956100464,2.4037609100341797,-1.3596645593643188,-0.159146249294281,0.639039158821106,0.4641808867454529,1.0010000467300415,-0.5544483065605164,-0.5331556797027588,0.8809977769851685,0.7463188767433167,0.07011589407920837,-0.35736608505249023,1.4157204627990723,-0.2178812325000763,0.7707185745239258,2.4146196842193604,-1.4126627445220947,-0.1786060631275177,0.7547023296356201,0.49539250135421753,-0.2247193157672882,-0.29961633682250977,0.4201015830039978,0.300314724445343,0.4496172070503235,0.20011813938617706,0.025623101741075516,-0.841421902179718,-0.8918361663818359,-0.06788212060928345,1.0124530792236328,1.6156948804855347,-1.42539381980896,-1.502779245376587,-0.20627233386039734,-0.2980380356311798,0.40354448556900024,0.28316280245780945,0.45525386929512024,0.18360590934753418,0.029496079310774803,-0.8495333194732666,-0.894085705280304,-0.07074689120054245,1.025838017463684,1.6225594282150269,-1.449772834777832,-1.5141968727111816,-0.1374894231557846,-0.06330261379480362,0.5501487255096436,0.2953845262527466,-0.12051217257976532,0.17159144580364227,0.6544625759124756,0.07464446872472763,-0.020907098427414894,0.08921676129102707,-2.3166418075561523,0.3413487672805786,2.526059150695801,-0.4517432749271393
5.04,-0.0001711003133095801,0.0002711733686737716,-0.01808190532028675,-3.3337516924802912e-06,-1.7130114429164678e-05,-6.394399406417506e-06,-9.2324432543478e-09,-7.698628934349472e-08,-1.0,0.20000000298023224,0.0,0.0,0.0,-0.21061183512210846,-0.29697558283805847,0.4086369276046753,0.28668051958084106,0.4523763060569763,0.18807877600193024,0.02586825005710125,-0.8444660902023315,-0.8927363157272339,-0.070164754986763,1.0179903507232666,1.6183662414550781,-1.4313265085220337,-1.5086489915847778,-0.27688804268836975,0.0878857970237732,0.31258270144462585,0.5353171229362488,-0.0846235379576683,0.23870603740215302,-0.5446386933326721,0.5075920224189758,-0.05748772993683815,0.12976284325122833,-0.08053185790777206,0.01400169637054205,1.0909197330474854,-0.1703651249408722,-0.5544483065605164,-0.5331556797027588,0.8809977769851685,0.7463188767433167,0.07011589407920837,-0.35736608505249023,1.4157204627990723,-0.2178812325000763,0.7707185745239258,2.4146196842193604,-1.4126627445220947,-0.1786060631275177,0.7547023296356201,0.49539250135421753,0.9810000061988831,-0.48112058639526367,-0.6132020354270935,0.8466469645500183,0.7102355360984802,0.049250710755586624,-0.37497037649154663,1.5098590850830078,-0.2162148356437683,0.7527121305465698,2.429952383041382,-1.4299691915512085,-0.14667904376983643,0.7176492214202881,0.4646294116973877,-0.22788752615451813,-0.3010132908821106,0.42074596881866455,0.31127533316612244,0.4466588497161865,0.20463748276233673,0.03186439722776413,-0.8343790173530579,-0.8925177454948425,-0.0656304657459259,1.0021655559539795,1.6130880117416382,-1.4129301309585571,-1.5001404285430908,-0.21061183512210846,-0.29697558283805847,0.4086369276046753,0.28668051958084106,0.4523763060569763,0.18807877600193024,0.02586825005710125,-0.8444660902023315,-0.8927363157272339,-0.070164754986763,1.0179903507232666,1.6183662414550781,-1.4313265085220337,-1.5086489915847778,-0.27688804268836975,0.0878857970237732,0.31258270144462585,0.5353171229362488,-0.0846235379576683,0.23870603740215302,-0.5446386933326721,0.5075920224189758,-0.05748772993683815,0.12976284325122833,-0.08053185790777206,0.01400169637054205,1.0909197330474854,-0.1703651249408722
5.06,-0.0001652444334467873,0.00026364048244431615,-0.018123390153050423,4.763136894325726e-05,-9.962111562344944e-07,5.346156831365079e-05,-3.93933525799639e-08,-6.524597750967587e-08,-1.0,0.20000000298023224,0.0,0.0,0.0,-0.21664318442344666,-0.29785722494125366,0.41231706738471985,0.29651522636413574,0.44973260164260864,0.19346056878566742,0.026700686663389206,-0.8349255919456482,-0.893034815788269,-0.06796014308929443,1.0056724548339844,1.61289644241333,-1.4201847314834595,-1.5026839971542358,-0.20503878593444824,-0.00768631137907505,0.15604649484157562,0.6296945214271545,-0.09562816470861435,0.23165205121040344,0.39263907074928284,0.28356361389160156,-0.13315393030643463,0.218060702085495,-0.8948171138763428,0.28185099363327026,0.7643522620201111,-0.2547726631164551,-0.48112058639526367,-0.6132020354270935,0.8466469645500183,0.7102355360984802,0.049250710755586624,-0.37497037649154663,1.5098590850830078,-0.2162148356437683,0.7527121305465698,2.429952383041382,-1.4299691915512085,-0.14667904376983643,0.7176492214202881,0.4646294116973877,0.9610000252723694,-0.4914204478263855,-0.5948432087898254,0.8282339572906494,0.7190654277801514,0.06836456060409546,-0.39151519536972046,1.4305682182312012,-0.19423049688339233,0.7656209468841553,2.4321038722991943,-1.440689206123352,-0.1660822033882141,0.7090812921524048,0.49377351999282837,-0.231452077627182,-0.3002949655056,0.41942018270492554,0.32092681527137756,0.4462035298347473,0.2065984606742859,0.028928346931934357,-0.826546311378479,-0.8917721509933472,-0.06361398845911026,0.9928635358810425,1.6090623140335083,-1.4038159847259521,-1.495115041732788,-0.21664318442344666,-0.29785722494125366,0.41231706738471985,0.29651522636413574,0.44973260164260864,0.19346056878566742,0.026700686663389206,-0.8349255919456482,-0.893034815788269,-0.06796014308929443,1.0056724548339844,1.61289644241333,-1.4201847314834595,-1.5026839971542358,-0.20503878593444824,-0.00768631137907505,0.15604649484157562,0.6296945214271545,-0.09562816470861435,0.23165205121040344,0.39263907074928284,0.28356361389160156,-0.13315393030643463,0.218060702085495,-0.8948171138763428,0.28185099363327026,0.7643522620201111,-0.2547726631164551
5.08,-0.0001652444334467873,0.00026364048244431615,-0.018123390153050423,0.00011669636296574026,7.762889435980469e-05,0.00014513071801047772,-1.5560981836415522e-08,-6.301873867187169e-08,-1.0,0.20000000298023224,0.0,0.0,0.0,-0.22200223803520203,-0.29688626527786255,0.41287559270858765,0.3064688742160797,0.4479050636291504,0.19828259944915771,0.028743769973516464,-0.827912449836731,-0.8928304314613342,-0.06534459441900253,0.999199390411377,1.6084805727005005,-1.405827522277832,-1.4978235960006714,-0.17712293565273285,0.017045918852090836,0.31763386726379395,0.5089125633239746,-0.059611622244119644,0.17132599651813507,1.0030806064605713,0.43563947081565857,-0.008718647994101048,0.16810888051986694,-2.744636058807373,-0.22048185765743256,2.5802183151245117,0.16923317313194275,-0.4914204478263855,-0.5948432087898254,0.8282339572906494,0.7190654277801514,0.06836456060409546,-0.39151519536972046,1.4305682182312012,-0.19423049688339233,0.7656209468841553,2.4321038722991943,-1.440689206123352,-0.1660822033882141,0.7090812921524048,0.49377351999282837,0.9409999847412109,-0.5537574291229248,-0.5506986975669861,0.8046730160713196,0.7798523306846619,0.056998495012521744,-0.35277891159057617,1.3673452138900757,-0.18467798829078674,0.7533358335494995,2.415374755859375,-1.448494553565979,-0.21156178414821625,0.7843208312988281,0.5080817937850952,-0.24053740501403809,-0.29530584812164307,0.4160034656524658,0.3347266912460327,0.444702684879303,0.21204088628292084,0.02025720663368702,-0.8193248510360718,-0.8924041390419006,-0.0636737197637558,0.9846413731575012,1.6012938022613525,-1.3890007734298706,-1.48966383934021,-0.22200223803520203,-0.29688626527786255,0.41287559270858765,0.3064688742160797,0.4479050636291504,0.19828259944915771,0.028743769973516464,-0.827912449836731,-0.8928304314613342,-0.06534459441900253,0.999199390411377,1.6084805727005005,-1.405827522277832,-1.4978235960006714,-0.17712293565273285,0.017045918852090836,0.31763386726379395,0.5089125633239746,-0.059611622244119644,0.17132599651813507,1.0030806064605713,0.43563947081565857,-0.008718647994101048,0.16810888051986694,-2.744636058807373,-0.22048185765743256,2.5802183151245117,0.16923317313194275
5.101,-0.00015009418711997569,0.00015424429147969931,-0.018097832798957825,-6.93534966558218e-05,-5.9689918998628855e-05,-8.794981840765104e-05,-8.056649392074178e-08,1.4542107074078103e-08,-1.0,0.20000000298023224,0.0,0.0,0.0,-0.22730696201324463,-0.2943366765975952,0.41194140911102295,0.31683599948883057,0.4458334147930145,0.2026183158159256,0.024957746267318726,-0.819965660572052,-0.8929593563079834,-0.0651550143957138,0.9900694489479065,1.603459119796753,-1.3895803689956665,-1.4924445152282715,-0.22940808534622192,0.07141628116369247,-0.2657243311405182,0.6964119076728821,-0.05495201796293259,0.18160973489284515,-1.1104776859283447,0.2715872824192047,-0.1325543075799942,0.04207597300410271,0.9476925730705261,0.19648315012454987,-0.2596808969974518,-0.1789625883102417,-0.5537574291229248,-0.5506986975669861,0.8046730160713196,0.7798523306846619,0.056998495012521744,-0.35277891159057617,1.3673452138900757,-0.18467798829078674,0.7533358335494995,2.415374755859375,-1.448494553565979,-0.21156178414821625,0.7843208312988281,0.5080817937850952,0.9210000038146973,-0.4479793310165405,-0.6551182270050049,0.8001633882522583,0.6658827066421509,0.02204907312989235,-0.4064207077026367,1.4661333560943604,-0.1879514753818512,0.7099505662918091,2.4233171939849854,-1.4238237142562866,-0.141961932182312,0.6885415315628052,0.45031318068504333,-0.23722785711288452,-0.30175650119781494,0.41281911730766296,0.33436962962150574,0.4400070607662201,0.21103064715862274,0.023199107497930527,-0.8138750195503235,-0.8972482681274414,-0.0629272609949112,0.9805307388305664,1.602038860321045,-1.3867266178131104,-1.4910798072814941,-0.22925440967082977,-0.29387804865837097,0.4112566113471985,0.3217965364456177,0.44541093707084656,0.20424064993858337,0.019857391715049744,-0.8179221153259277,-0.8934338092803955,-0.06498730927705765,0.9879871010780334,1.6025362014770508,-1.389610767364502,-1.4896296262741089,-0.17977052927017212,0.039826273918151855,-0.2968845069408417,0.4435870349407196,-0.03414679691195488,0.14673194289207458,-1.2671462297439575,0.08255445957183838,-0.009963768534362316,0.008242745883762836,1.7225255966186523,0.026615342125296593,-1.6982694864273071,0.1176280602812767
5.12,-0.00015009418711997569,0.00015424429147969931,-0.018097832798957825,-0.00017769170517567545,-5.982907168800011e-06,-0.00019689660985022783,-5.492082877367466e-08,8.340327894984512e-08,-1.0,0.20000000298023224,0.0,0.0,0.0,-0.2288644164800644,-0.29564839601516724,0.4090304672718048,0.32477718591690063,0.4439640939235687,0.20454095304012299,0.01916540041565895,-0.8132514357566833,-0.8966314196586609,-0.0643228068947792,0.9837320446968079,1.6016885042190552,-1.3921157121658325,-1.492702841758728,-0.0871753916144371,-0.08489064127206802,-0.4512428045272827,0.03166233003139496,-0.1106952428817749,0.11629778146743774,-0.733903706073761,0.668173611164093,-0.3186419904232025,-0.046433135867118835,1.3490257263183594,-1.2569313049316406,-1.3788164854049683,1.677259087562561,-0.4479793310165405,-0.6551182270050049,0.8001633882522583,0.6658827066421509,0.02204907312989235,-0.4064207077026367,1.4661333560943604,-0.1879514753818512,0.7099505662918091,2.4233171939849854,-1.4238237142562866,-0.141961932182312,0.6885415315628052,0.45031318068504333,0.9010000228881836,-0.3988461494445801,-0.7396440505981445,0.7633814215660095,0.5173141360282898,-0.015946749597787857,-0.41455578804016113,1.3939237594604492,-0.2516312897205353,0.7343571782112122,2.3778181076049805,-1.3791186809539795,-0.14541859924793243,0.5835281610488892,0.39906105399131775,-0.22966690361499786,-0.3153696060180664,0.4065934419631958,0.3192271292209625,0.4324509799480438,0.2094089388847351,0.01833166740834713,-0.8158831596374512,-0.8986829519271851,-0.066880002617836,0.9817127585411072,1.6022891998291016,-1.3954085111618042,-1.4973376989364624,-0.2288644164800644,-0.29564839601516724,0.4090304672718048,0.32477718591690063,0.4439640939235687,0.20454095304012299,0.01916540041565895,-0.8132514357566833,-0.8966314196586609,-0.0643228068947792,0.9837320446968079,1.6016885042190552,-1.3921157121658325,-1.492702841758728,-0.0871753916144371,-0.08489064127206802,-0.4512428045272827,0.03166233003139496,-0.1106952428817749,0.11629778146743774,-0.733903706073761,0.668173611164093,-0.3186419904232025,-0.046433135867118835,1.3490257263183594,-1.2569313049316406,-1.3788164854049683,1.677259087562561
5.14,-0.00016974830941762775,0.0002572400844655931,-0.018153147771954536,0.0001209293695865199,8.40116772451438e-05,0.00014673340774606913,3.371767220983202e-08,-3.7651911810598904e-08,-1.0,0.20000000298023224,0.0,0.0,0.0,-0.22876521944999695,-0.2989874482154846,0.4055125117301941,0.3263357877731323,0.4402061998844147,0.20528525114059448,0.017534175887703896,-0.8131332993507385,-0.8986042737960815,-0.06764492392539978,0.9802252650260925,1.602198839187622,-1.3929380178451538,-1.4925612211227417,-0.02181309089064598,-0.17895038425922394,0.1009940654039383,-0.21018926799297333,-0.18455463647842407,0.0563323050737381,0.8530689477920532,-0.10287207365036011,-0.1490541249513626,-0.23855449259281158,-2.457834243774414,-0.22384223341941833,1.4112375974655151,-0.15004301071166992,-0.3988461494445801,-0.7396440505981445,0.7633814215660095,0.5173141360282898,-0.015946749597787857,-0.41455578804016113,1.3939237594604492,-0.2516312897205353,0.7343571782112122,2.3778181076049805,-1.3791186809539795,-0.14541859924793243,0.5835281610488892,0.39906105399131775,0.8809999823570251,-0.5342390537261963,-0.5785154700279236,0.9031676650047302,0.6487535834312439,0.041761670261621475,-0.3480736017227173,1.310133457183838,-0.22242429852485657,0.757688581943512,2.3805525302886963,-1.4039987325668335,-0.23313413560390472,0.738922655582428,0.5124226212501526,-0.2371574342250824,-0.3101472556591034,0.4155915379524231,0.3202570676803589,0.43217697739601135,0.21475979685783386,0.006058685481548309,-0.8145689964294434,-0.8974975347518921,-0.0697687491774559,0.9801703691482544,1.5937180519104004,-1.3868145942687988,-1.491007924079895,-0.22876521944999695,-0.2989874482154846,0.4055125117301941,0.3263357877731323,0.4402061998844147,0.20528525114059448,0.017534175887703896,-0.8131332993507385,-0.8986042737960815,-0.06764492392539978,0.9802252650260925,1.602198839187622,-1.3929380178451538,-1.4925612211227417,-0.02181309089064598,-0.17895038425922394,0.1009940654039383,-0.21018926799297333,-0.18455463647842407,0.0563323050737381,0.8530689477920532,-0.10287207365036011,-0.1490541249513626,-0.23855449259281158,-2.457834243774414,-0.22384223341941833,1.4112375974655151,-0.15004301071166992
5.163,-0.00016974830941762775,0.0002572400844655931,-0.018153147771954536,5.334977322490886e-05,5.243360305939859e-07,5.844342376803979e-05,5.171931771741356e-09,-4.884523718828859e-08,-1.0,0.20000000298023224,0.0,0.0,0.0,-0.23190182447433472,-0.2994990348815918,0.4059823751449585,0.3250596225261688,0.43703052401542664,0.20829267799854279,0.011090011335909367,-0.8136422038078308,-0.8984558582305908,-0.0712941437959671,0.9788268804550171,1.5968210697174072,-1.3883172273635864,-1.4932987689971924,-0.11840575933456421,-0.05866019055247307,0.2356874644756317,0.0834895670413971,-0.11987714469432831,0.11492788046598434,-0.4030166566371918,-0.11257995665073395,0.003622670890763402,-0.049070294946432114,-0.40253502130508423,0.2368927299976349,0.8241949081420898,-0.5520338416099548,-0.5342390537261963,-0.5785154700279236,0.9031676650047302,0.6487535834312439,0.041761670261621475,-0.3480736017227173,1.310133457183838,-0.22242429852485657,0.757688581943512,2.3805525302886963,-1.4039987325668335,-0.23313413560390472,0.738922655582428,0.5124226212501526,0.859000027179718,-0.5274956822395325,-0.6141812205314636,0.9237933158874512,0.6875271201133728,0.0038890577852725983,-0.3295048475265503,1.4514989852905273,-0.1732982099056244,0.7409068942070007,2.4006166458129883,-1.4277217388153076,-0.20711857080459595,0.7833890914916992,0.5007355809211731,-0.24247552454471588,-0.3095359206199646,0.424852579832077,0.32495835423469543,0.42817050218582153,0.2208973616361618,0.010376852937042713,-0.8086050152778625,-0.898227334022522,-0.07007333636283875,0.9765641093254089,1.5894626379013062,-1.375492811203003,-1.4871127605438232,-0.23283199965953827,-0.300253301858902,0.40730568766593933,0.3245529532432556,0.4359745383262634,0.20934940874576569,0.0065107461996376514,-0.8136910796165466,-0.8984625339508057,-0.07141957432031631,0.9782323837280273,1.5953583717346191,-1.3872324228286743,-1.4930983781814575,-0.08454103022813797,-0.07522919028997421,0.19162516295909882,-0.028116418048739433,-0.09647019952535629,0.0982949361205101,-0.037458423525094986,-0.041823647916316986,0.0013817851431667805,0.0032806883100420237,-0.8208172917366028,0.015171977691352367,0.4212993383407593,-0.10293576121330261
5.181,-0.000160534618771635,0.00019688703469000757,-0.01815219596028328,0.00015095782873686403,4.820946924155578e-05,0.00017285005014855415,9.36711685994851e-09,-1.2898087220492016e-07,-1.0,0.20000000298023224,0.0,0.0,0.0,-0.23565183579921722,-0.3003493547439575,0.40980392694473267,0.32502105832099915,0.4340445399284363,0.21165016293525696,0.008166077546775341,-0.8098528385162354,-0.8979522585868835,-0.0724443718791008,0.9682582020759583,1.5896412134170532,-1.3818862438201904,-1.4913458824157715,-0.23451657593250275,-0.03524427115917206,0.4986772835254669,0.45653480291366577,-0.13787959516048431,0.17589351534843445,0.637380063533783,0.18521486222743988,-0.24977324903011322,0.1257951557636261,-1.9557530879974365,0.38682201504707336,1.366259217262268,-0.905373752117157,-0.5274956822395325,-0.6141812205314636,0.9237933158874512,0.6875271201133728,0.0038890577852725983,-0.3295048475265503,1.4514989852905273,-0.1732982099056244,0.7409068942070007,2.4006166458129883,-1.4277217388153076,-0.20711857080459595,0.7833890914916992,0.5007355809211731,0.8410000205039978,-0.5427758693695068,-0.5772688984870911,0.8869345784187317,0.7851722836494446,0.03345346078276634,-0.3156530261039734,1.4148662090301514,-0.14489060640335083,0.7689163684844971,2.404261350631714,-1.495905876159668,-0.23370254039764404,0.8257989883422852,0.5448999404907227,-0.24825800955295563,-0.30535560846328735,0.4285755455493927,0.33848392963409424,0.42792177200317383,0.22719259560108185,0.010168109089136124,-0.8009930849075317,-0.8960102200508118,-0.06995254009962082,0.9668607115745544,1.5833998918533325,-1.362194299697876,-1.479580283164978,-0.23690424859523773,-0.30092576146125793,0.41203609108924866,0.3262154459953308,0.4327249228954315,0.21325331926345825,0.006964127998799086,-0.807945966720581,-0.8989641070365906,-0.07183698564767838,0.968555748462677,1.5890833139419556,-1.3810298442840576,-1.4901102781295776,-0.10230853408575058,-0.05895630642771721,0.4993423521518707,0.08018996566534042,-0.11603567749261856,0.14638617634773254,1.0031191110610962,0.06468165665864944,-0.0417494922876358,0.03431835025548935,-2.3243284225463867,0.1381748467683792,1.880588412284851,0.09562137722969055
5.2,-0.000160534618771635,0.00019688703469000757,-0.01815219596028328,0.00012042681191815063,8.51984805194661e-05,0.0001469459675718099,1.6914608380602658e-08,-1.029312670652871e-07,-1.0,0.20000000298023224,0.0,0.0,0.0,-0.24013902246952057,-0.2992343604564667,0.4154019355773926,0.3291621804237366,0.4314578175544739,0.21626333892345428,0.007415240164846182,-0.802729606628418,-0.8972803354263306,-0.07201548665761948,0.9663329124450684,1.583823323249817,-1.3696775436401367,-1.4847095012664795,-0.17106345295906067,0.01651613600552082,0.6085289716720581,0.35089096426963806,-0.09126743674278259,0.21318645775318146,1.15561044216156,0.46227017045021057,0.07107770442962646,0.07606195658445358,-2.644972085952759,-0.31857702136039734,2.8316848278045654,0.5185269117355347,-0.5427758693695068,-0.5772688984870911,0.8869345784187317,0.7851722836494446,0.03345346078276634,-0.3156530261039734,1.4148662090301514,-0.14489060640335083,0.7689163684844971,2.404261350631714,-1.495905876159668,-0.23370254039764404,0.8257989883422852,0.5448999404907227,0.8209999799728394,-0.604762613773346,-0.5587031245231628,0.8507769703865051,0.8448647260665894,-0.00022617727518081665,-0.2879233956336975,1.373967170715332,-0.12499556690454483,0.7705208659172058,2.389845371246338,-1.4971507787704468,-0.2422548234462738,0.8901342153549194,0.5245223641395569,-0.2590826749801636,-0.30015480518341064,0.4279381334781647,0.35527363419532776,0.42435482144355774,0.23500174283981323,0.005911209620535374,-0.7929140329360962,-0.8940761089324951,-0.07129749655723572,0.9589735269546509,1.5776944160461426,-1.34512197971344,-1.475592017173767,-0.24013902246952057,-0.2992343604564667,0.4154019355773926,0.3291621804237366,0.4314578175544739,0.21626333892345428,0.007415240164846182,-0.802729606628418,-0.8972803354263306,-0.07201548665761948,0.9663329124450684,1.583823323249817,-1.3696775436401367,-1.4847095012664795,-0.17106345295906067,0.01651613600552082,0.6085289716720581,0.35089096426963806,-0.09126743674278259,0.21318645775318146,1.15561044216156,0.46227017045021057,0.07107770442962646,0.07606195658445358,-2.644972085952759,-0.31857702136039734,2.8316848278045654,0.5185269117355347
5.221,-0.00014320087211672217,5.674406565958634e-05,-0.018104616552591324,-1.5477053239010274e-05,-3.892314634867944e-05,-2.4011162167880684e-05,-6.618100201194466e-08,-7.264341128632168e-09,-1.0,0.20000000298023224,0.0,0.0,0.0,-0.24461786448955536,-0.2974061667919159,0.41902855038642883,0.33680403232574463,0.42841836810112,0.2214967906475067,0.009276513010263443,-0.795055627822876,-0.8947353959083557,-0.07296214997768402,0.9580322504043579,1.5789886713027954,-1.3491766452789307,-1.4782944917678833,-0.3112929165363312,0.08912598341703415,0.004981944337487221,0.7431869506835938,-0.1111142486333847,0.2558004558086395,-0.5637204647064209,0.3524356186389923,-0.04687449336051941,-0.024395113810896873,0.32797113060951233,0.2823455333709717,0.8102058172225952,-0.5573263168334961,-0.604762613773346,-0.5587031245231628,0.8507769703865051,0.8448647260665894,-0.00022617727518081665,-0.2879233956336975,1.373967170715332,-0.12499556690454483,0.7705208659172058,2.389845371246338,-1.4971507787704468,-0.2422548234462738,0.8901342153549194,0.5245223641395569,0.8009999990463257,-0.5270229578018188,-0.6223582029342651,0.855851411819458,0.7710392475128174,-0.019066229462623596,-0.34137433767318726,1.4594007730484009,-0.12823006510734558,0.7388984560966492,2.415475368499756,-1.481574296951294,-0.20130619406700134,0.813083291053772,0.49170243740081787,-0.25996842980384827,-0.3023596704006195,0.4279356598854065,0.361322820186615,0.419617235660553,0.23590396344661713,0.011049050837755203,-0.786774218082428,-0.8956910967826843,-0.06981046497821808,0.9542214274406433,1.5772249698638916,-1.3391692638397217,-1.4756834506988525,-0.24679529666900635,-0.2971084713935852,0.41967129707336426,0.34194710850715637,0.42748019099235535,0.22382959723472595,0.005792505573481321,-0.792230486869812,-0.8949952125549316,-0.0729357972741127,0.9581143856048584,1.5782792568206787,-1.345718502998352,-1.476321816444397,-0.192518413066864,0.017988154664635658,-0.04621468856930733,0.459936261177063,-0.08259867131710052,0.21428559720516205,-0.6997530460357666,0.1393713802099228,-0.009974599815905094,0.01800401322543621,0.942436158657074,0.07515190541744232,-0.716310977935791,0.11091051995754242
5.24,-0.00014320087211672217,5.674406565958634e-05,-0.018104616552591324,-5.662057810695842e-05,-6.766534352209419e-05,-7.506462861783803e-05,-8.608469670434715e-08,-1.2729640452846525e-08,-1.0,0.20000000298023224,0.0,0.0,0.0,-0.24939830601215363,-0.2988539934158325,0.4203701317310333,0.34766051173210144,0.4253021776676178,0.22659170627593994,0.0069304220378398895,-0.7876307368278503,-0.8954428434371948,-0.0721418559551239,0.9532530903816223,1.577328085899353,-1.344172477722168,-1.4784274101257324,-0.20207825303077698,-0.06170601025223732,-0.06025831773877144,0.6667529940605164,-0.15053758025169373,0.1969040483236313,-0.2609468698501587,0.31990015506744385,-0.228428453207016,0.24887755513191223,0.581798255443573,0.47948670387268066,-0.566543698310852,-0.6225749254226685,-0.5270229578018188,-0.6223582029342651,0.855851411819458,0.7710392475128174,-0.019066229462623596,-0.34137433767318726,1.4594007730484009,-0.12823006510734558,0.7388984560966492,2.415475368499756,-1.481574296951294,-0.20130619406700134,0.813083291053772,0.49170243740081787,0.781000018119812,-0.48147034645080566,-0.6492446064949036,0.8379552364349365,0.7130922079086304,0.001073833554983139,-0.36845821142196655,1.4070844650268555,-0.13803833723068237,0.7419149875640869,2.4009909629821777,-1.4976516962051392,-0.18369203805923462,0.7574059963226318,0.4844949543476105,-0.25612178444862366,-0.30681219696998596,0.4261440634727478,0.36036747694015503,0.41784119606018066,0.23391735553741455,0.009927693754434586,-0.7828432321548462,-0.8966814279556274,-0.07006927579641342,0.948811948299408,1.578610897064209,-1.3399748802185059,-1.4764772653579712,-0.24939830601215363,-0.2988539934158325,0.4203701317310333,0.34766051173210144,0.4253021776676178,0.22659170627593994,0.0069304220378398895,-0.7876307368278503,-0.8954428434371948,-0.0721418559551239,0.9532530903816223,1.577328085899353,-1.344172477722168,-1.4784274101257324,-0.20207825303077698,-0.06170601025223732,-0.06025831773877144,0.6667529940605164,-0.15053758025169373,0.1969040483236313,-0.2609468698501587,0.31990015506744385,-0.228428453207016,0.24887755513191223,0.581798255443573,0.47948670387268066,-0.566543698310852,-0.6225749254226685
5.263,-0.0001484013337176293,0.00010904069495154545,-0.018161436542868614,-0.00014988509065005928,-5.709966353606433e-05,-0.00017205790209118277,-8.103467052933411e-08,9.412767099092889e-08,-1.0,0.20000000298023224,0.0,0.0,0.0,-0.2501601278781891,-0.300961971282959,0.41966143250465393,0.35344594717025757,0.42152926325798035,0.22817791998386383,0.007863996550440788,-0.7814109325408936,-0.8972345590591431,-0.07107172906398773,0.9525419473648071,1.5778781175613403,-1.3419259786605835,-1.477515459060669,-0.09712077677249908,-0.04188816621899605,-0.33841368556022644,0.14419962465763092,-0.10344760119915009,0.09778077155351639,-0.9844459295272827,0.30173438787460327,-0.16740228235721588,-0.08366193622350693,2.202777624130249,-0.3081754148006439,-1.5907723903656006,0.7922929525375366,-0.48147034645080566,-0.6492446064949036,0.8379552364349365,0.7130922079086304,0.001073833554983139,-0.36845821142196655,1.4070844650268555,-0.13803833723068237,0.7419149875640869,2.4009909629821777,-1.4976516962051392,-0.18369203805923462,0.7574059963226318,0.4844949543476105,0.7590000033378601,-0.44358956813812256,-0.7210294008255005,0.801686704158783,0.5766711831092834,-0.06116684526205063,-0.38796108961105347,1.3891451358795166,-0.17523178458213806,0.729524552822113,2.3744990825653076,-1.4502520561218262,-0.14667493104934692,0.6873826384544373,0.40209630131721497,-0.24925638735294342,-0.31755271553993225,0.421083927154541,0.3459610939025879,0.4101962745189667,0.23037779331207275,0.007236674427986145,-0.7834177613258362,-0.8987127542495728,-0.07292551547288895,0.9492244124412537,1.5834213495254517,-1.3476216793060303,-1.4853521585464478,-0.25113314390182495,-0.30117765069007874,0.41972804069519043,0.3555282652378082,0.4206486940383911,0.22909508645534515,0.008468694053590298,-0.7806196808815002,-0.8978011012077332,-0.07141351699829102,0.9499678611755371,1.5781880617141724,-1.3408563137054443,-1.4746692180633545,-0.0923209860920906,-0.017012175172567368,-0.278574675321579,0.16111283004283905,-0.07526513189077377,0.08351152390241623,-1.0810976028442383,0.04265066981315613,-0.012672798708081245,-0.012266025878489017,2.2603585720062256,-0.09390075504779816,-1.8241817951202393,0.26706597208976746
5.281,-0.0001484013337176293,0.00010904069495154545,-0.018161436542868614,-0.00010494748858036473,-0.0001138268708018586,-0.00013445904187392443,-7.067749407951851e-08,8.481305258101202e-08,-1.0,0.20000000298023224,0.0,0.0,0.0,-0.24985302984714508,-0.3037264347076416,0.418631374835968,0.35468003153800964,0.4184083044528961,0.22851400077342987,0.0067420946434140205,-0.781333327293396,-0.8982942700386047,-0.0729287788271904,0.950689435005188,1.5816247463226318,-1.344623327255249,-1.4816251993179321,0.0724320337176323,-0.1793636977672577,-0.42696666717529297,-0.10039909929037094,-0.19606082141399384,0.0019296054961159825,-1.1383118629455566,-0.234452486038208,-0.21420332789421082,-0.3524855077266693,2.1620335578918457,0.8540956974029541,-2.0781188011169434,-1.3330472707748413,-0.44358956813812256,-0.7210294008255005,0.801686704158783,0.5766711831092834,-0.06116684526205063,-0.38796108961105347,1.3891451358795166,-0.17523178458213806,0.729524552822113,2.3744990825653076,-1.4502520561218262,-0.14667493104934692,0.6873826384544373,0.40209630131721497,0.7409999966621399,-0.44344449043273926,-0.6754315495491028,0.8411230444908142,0.5165221691131592,0.0058451369404792786,-0.41028428077697754,1.3520058393478394,-0.19054782390594482,0.7200880646705627,2.3776535987854004,-1.4472013711929321,-0.13542596995830536,0.656085193157196,0.4176758825778961,-0.24374957382678986,-0.3215853273868561,0.42097947001457214,0.32842111587524414,0.4107815623283386,0.22531381249427795,0.0013699294067919254,-0.7854089736938477,-0.901281476020813,-0.07489505410194397,0.9498594403266907,1.5883945226669312,-1.356868863105774,-1.4908941984176636,-0.24989479780197144,-0.3049696981906891,0.41766756772994995,0.352809339761734,0.41671520471572876,0.22866007685661316,0.005727710202336311,-0.7819074392318726,-0.8992875814437866,-0.07434036582708359,0.9486516118049622,1.5818672180175781,-1.3478275537490845,-1.4839988946914673,-0.015943441540002823,-0.11018063873052597,-0.3692206144332886,-0.0949455127120018,-0.15115059912204742,0.01781017705798149,-1.2038837671279907,-0.12317182868719101,-0.04880664125084877,-0.05101405456662178,2.287738084793091,0.24790127575397491,-2.1104848384857178,-0.4708392322063446
5.304,-0.00015645074017811567,0.00021041750733274966,-0.018258042633533478,-0.00010298265988240018,-0.00010834536806214601,-0.0001306910126004368,-3.3392947074162294e-08,6.996979351470145e-08,-1.0,0.20000000298023224,0.0,0.0,0.0,-0.24781684577465057,-0.3081306219100952,0.417057603597641,0.34844014048576355,0.41595104336738586,0.22727198898792267,0.0018355136271566153,-0.7840446829795837,-0.9017336368560791,-0.07567580789327621,0.9502407312393188,1.5856865644454956,-1.354360818862915,-1.4898626804351807,0.06744159013032913,-0.15877582132816315,-0.33588191866874695,-0.38992756605148315,-0.1216876357793808,-0.06236404553055763,-1.4563815593719482,-0.31171900033950806,-0.07296231389045715,-0.17376874387264252,2.5033483505249023,0.7886634469032288,-2.423276901245117,-1.0391666889190674,-0.44344449043273926,-0.6754315495491028,0.8411230444908142,0.5165221691131592,0.0058451369404792786,-0.41028428077697754,1.3520058393478394,-0.19054782390594482,0.7200880646705627,2.3776535987854004,-1.4472013711929321,-0.13542596995830536,0.656085193157196,0.4176758825778961,0.718999981880188,-0.42950814962387085,-0.6962338089942932,0.8577719926834106,0.4777788817882538,0.0016207359731197357,-0.40407294034957886,1.374648928642273,-0.20366445183753967,0.7131355404853821,2.3763186931610107,-1.4588005542755127,-0.11982383579015732,0.6590976119041443,0.41261374950408936,-0.23795047402381897,-0.3268916606903076,0.42256078124046326,0.31051477789878845,0.4108273386955261,0.22188375890254974,-0.0010591578902676702,-0.788313627243042,-0.9040316343307495,-0.07660418003797531,0.9492075443267822,1.5939332246780396,-1.363965392112732,-1.4958339929580688,-0.24747982621192932,-0.3093147277832031,0.4167746603488922,0.3439531922340393,0.41484272480010986,0.22676610946655273,-0.0003487562935333699,-0.7847009301185608,-0.9020291566848755,-0.07642149925231934,0.9482161402702332,1.5861512422561646,-1.3581364154815674,-1.4914264678955078,0.026409786194562912,-0.10609912127256393,-0.32744985818862915,-0.33752959966659546,-0.09908810257911682,-0.04481633007526398,-1.2557684183120728,-0.08821574598550797,-0.015145963057875633,-0.03170396387577057,2.228487253189087,0.24679650366306305,-2.0897154808044434,-0.35763803124427795
5.32,-0.00015645074017811567,0.00021041750733274966,-0.018258042633533478,-0.00017280926113016903,-3.717886647791602e-05,-0.0001927494304254651,2.127118570172115e-08,7.378096711363469e-08,-1.0,0.20000000298023224,0.0,0.0,0.0,-0.2451765537261963,-0.3123283088207245,0.4173404276371002,0.3388705849647522,0.41403746604919434,0.2250828742980957,-0.002634589094668627,-0.7866561412811279,-0.9038331508636475,-0.07697722315788269,0.9471165537834167,1.589881181716919,-1.3622322082519531,-1.494620680809021,0.1766211837530136,-0.23583845794200897,-0.138174369931221,-1.0302753448486328,-0.09456201642751694,-0.09238069504499435,-1.2608894109725952,0.036378152668476105,-0.22673548758029938,-0.3423634171485901,2.1501808166503906,-0.6626628637313843,-2.242919683456421,1.0062017440795898,-0.42950814962387085,-0.6962338089942932,0.8577719926834106,0.4777788817882538,0.0016207359731197357,-0.40407294034957886,1.374648928642273,-0.20366445183753967,0.7131355404853821,2.3763186931610107,-1.4588005542755127,-0.11982383579015732,0.6590976119041443,0.41261374950408936,0.7009999752044678,-0.41713833808898926,-0.7546508312225342,0.8941361904144287,0.42776215076446533,-0.04744495078921318,-0.36652934551239014,1.3913726806640625,-0.23615777492523193,0.7533679604530334,2.3539905548095703,-1.4652857780456543,-0.13198885321617126,0.6666828989982605,0.40731897950172424,-0.23207421600818634,-0.33697840571403503,0.42746224999427795,0.2911880314350128,0.4059574007987976,0.2228940725326538,-0.0013300523860380054,-0.7938867211341858,-0.9022085070610046,-0.08020429313182831,0.9480374455451965,1.5971477031707764,-1.3688840866088867,-1.5003153085708618,-0.24436017870903015,-0.3137272000312805,0.4178057610988617,0.3323112726211548,0.41325584053993225,0.22431671619415283,-0.0043260203674435616,-0.7876352071762085,-0.904715895652771,-0.0782574787735939,0.9459417462348938,1.5911542177200317,-1.366707444190979,-1.4957951307296753,0.06324861943721771,-0.11789069324731827,-0.2926463484764099,-0.6087272763252258,-0.06710971146821976,-0.06651072204113007,-1.200612187385559,0.023392314091324806,-0.03242962062358856,-0.0454772412776947,2.3514275550842285,-0.14506463706493378,-2.1071901321411133,0.1435764878988266
5.34,-0.00017492438200861216,0.0003680788795463741,-0.018359554931521416,1.66559693752788e-05,4.862127752858214e-05,2.6580775738693774e-05,7.152491576789544e-08,-1.3986350744232823e-08,-1.0,0.20000000298023224,0.0,0.0,0.0,-0.24142801761627197,-0.3172741234302521,0.4196779727935791,0.3249121308326721,0.41086137294769287,0.22478163242340088,-0.0045117586851119995,-0.7917680144309998,-0.9028683304786682,-0.08166149258613586,0.9436144232749939,1.5960310697555542,-1.3701599836349487,-1.4977751970291138,0.1633896827697754,-0.24426957964897156,0.19067437946796417,-1.0696384906768799,-0.11241596937179565,-0.05348677933216095,0.05563926324248314,-0.07176218181848526,-0.03621299937367439,-0.06006096675992012,-0.2672121226787567,-0.5150343775749207,-0.2765366733074188,0.6245388388633728,-0.41713833808898926,-0.7546508312225342,0.8941361904144287,0.42776215076446533,-0.04744495078921318,-0.36652934551239014,1.3913726806640625,-0.23615777492523193,0.7533679604530334,2.3539905548095703,-1.4652857780456543,-0.13198885321617126,0.6666828989982605,0.40731897950172424,0.6809999942779541,-0.5264679193496704,-0.668787956237793,1.0202734470367432,0.5749643445014954,-0.035076722502708435,-0.30132734775543213,1.3925410509109497,-0.2228805124759674,0.8001291155815125,2.3759078979492188,-1.4931485652923584,-0.22650086879730225,0.7924278378486633,0.5124361515045166,-0.2383061647415161,-0.33646151423454285,0.44399717450141907,0.2904468774795532,0.4032982587814331,0.23022253811359406,-0.001429931027814746,-0.7970173954963684,-0.8960739374160767,-0.0808926522731781,0.9443150758743286,1.5902681350708008,-1.3602445125579834,-1.4933886528015137,-0.24142801761627197,-0.3172741234302521,0.4196779727935791,0.3249121308326721,0.41086137294769287,0.22478163242340088,-0.0045117586851119995,-0.7917680144309998,-0.9028683304786682,-0.08166149258613586,0.9436144232749939,1.5960310697555542,-1.3701599836349487,-1.4977751970291138,0.1633896827697754,-0.24426957964897156,0.19067437946796417,-1.0696384906768799,-0.11241596937179565,-0.05348677933216095,0.05563926324248314,-0.07176218181848526,-0.03621299937367439,-0.06006096675992012,-0.2672121226787567,-0.5150343775749207,-0.2765366733074188,0.6245388388633728
5.361,-0.00017492438200861216,0.0003680788795463741,-0.018359554931521416,0.00011224344052607194,0.00010918107000179589,0.00014137443213257939,8.219072356041579e-08,-2.1528787641500458e-08,-1.0,0.20000000298023224,0.0,0.0,0.0,-0.24187389016151428,-0.32039329409599304,0.4235900640487671,0.31072747707366943,0.40723276138305664,0.22576715052127838,-0.0034557245671749115,-0.7955708503723145,-0.8976823687553406,-0.08318307995796204,0.9407712817192078,1.592185378074646,-1.3646341562271118,-1.492632508277893,-0.01663343422114849,-0.14922361075878143,0.6916933655738831,-0.6712072491645813,-0.09367142617702484,0.07920558750629425,1.1861982345581055,-0.07674368470907211,0.1341099590063095,0.04011477530002594,-2.729710817337036,-0.803034782409668,2.501598358154297,0.6929835081100464,-0.5264679193496704,-0.668787956237793,1.0202734470367432,0.5749643445014954,-0.035076722502708435,-0.30132734775543213,1.3925410509109497,-0.2228805124759674,0.8001291155815125,2.3759078979492188,-1.4931485652923584,-0.22650086879730225,0.7924278378486633,0.5124361515045166,0.6610000133514404,-0.6655008792877197,-0.5578081607818604,0.9849973320960999,0.8204365968704224,-0.08244703710079193,-0.2134125977754593,1.402806043624878,-0.12009886652231216,0.8313421010971069,2.376500368118286,-1.5158450603485107,-0.3265012204647064,0.9648628830909729,0.5771782398223877,-0.25719502568244934,-0.32495003938674927,0.4536975026130676,0.31440114974975586,0.39643388986587524,0.24487678706645966,-0.0004833345883525908,-0.7892438173294067,-0.8880449533462524,-0.0813840925693512,0.9390676021575928,1.5747644901275635,-1.3360893726348877,-1.4813731908798218,-0.24170106649398804,-0.3218555152416229,0.4272030293941498,0.3063574731349945,0.4063882827758789,0.22647498548030853,-0.0028681273106485605,-0.7968005537986755,-0.8971143364906311,-0.08286017179489136,0.9394846558570862,1.5912331342697144,-1.3612695932388306,-1.4951659440994263,0.022140048444271088,-0.13939744234085083,0.626323938369751,-0.4256473779678345,-0.07996678352355957,0.06564409285783768,1.1570135354995728,0.0027816251385957003,0.028321867808699608,0.024982120841741562,-2.573683977127075,-0.28145837783813477,1.9789406061172485,0.030213061720132828
5.381,-0.00016758801939431578,0.00028143374947831035,-0.018322715535759926,-0.000108557847852353,-0.00011395505862310529,-0.0001376374129904434,5.638852584866072e-08,-9.476118378870524e-08,-1.0,0.20000000298023224,0.0,0.0,0.0,-0.24383540451526642,-0.3206135928630829,0.4323032796382904,0.3053925335407257,0.4033898413181305,0.22945088148117065,-0.000676425639539957,-0.7931131720542908,-0.8899845480918884,-0.0841781422495842,0.930866539478302,1.5845447778701782,-1.3458796739578247,-1.4893978834152222,-0.28156349062919617,0.06252995878458023,0.7844995856285095,0.21855580806732178,-0.14388474822044373,0.29356449842453003,0.7694342136383057,0.6126060485839844,0.30439212918281555,0.007658167742192745,-2.327643394470215,-0.9694539308547974,3.11916184425354,1.072507381439209,-0.6655008792877197,-0.5578081607818604,0.9849973320960999,0.8204365968704224,-0.08244703710079193,-0.2134125977754593,1.402806043624878,-0.12009886652231216,0.8313421010971069,2.376500368118286,-1.5158450603485107,-0.3265012204647064,0.9648628830909729,0.5771782398223877,0.640999972820282,-0.6996729373931885,-0.5543144345283508,0.9077519178390503,0.9504480361938477,-0.10937012732028961,-0.21724320948123932,1.4589437246322632,-0.07410574704408646,0.8293268084526062,2.4088573455810547,-1.5654650926589966,-0.314059853553772,1.0017828941345215,0.5568331480026245,-0.27572330832481384,-0.315391480922699,0.4537332057952881,0.34656572341918945,0.38825011253356934,0.2562171220779419,0.005887710489332676,-0.7784256339073181,-0.8818233013153076,-0.07854154706001282,0.9299075603485107,1.5636056661605835,-1.3130731582641602,-1.4737951755523682,-0.24584560096263885,-0.320515513420105,0.436519593000412,0.3082454204559326,0.4020349383354187,0.23213224112987518,-0.0019370022928342223,-0.7896711826324463,-0.8888909816741943,-0.08374187350273132,0.9306885600090027,1.581254005432129,-1.3386151790618896,-1.4845075607299805,-0.17869022488594055,-0.0007541075465269387,0.660408616065979,0.20942829549312592,-0.12966382503509521,0.24794650077819824,1.097608208656311,0.291850209236145,0.033542122691869736,0.05562295392155647,-2.592280626296997,-0.42734330892562866,2.236332893371582,0.6366459131240845
5.4,-0.00016758801939431578,0.00028143374947831035,-0.018322715535759926,0.00011883961997227743,9.415645035915077e-05,0.00014858698705211282,1.1064093641266481e-08,-9.025087166492085e-08,-1.0,0.20000000298023224,0.0,0.0,0.0,-0.25052163004875183,-0.31793227791786194,0.4394803047180176,0.3146180212497711,0.39866119623184204,0.23658183217048645,0.00023709498054813594,-0.7829071283340454,-0.8829547166824341,-0.08191521465778351,0.9274970293045044,1.5733306407928467,-1.3243043422698975,-1.4780985116958618,-0.3988490402698517,0.1292112022638321,0.42389312386512756,0.8279204368591309,-0.21693730354309082,0.39505735039711,0.9550549387931824,0.7273932099342346,0.18361224234104156,0.2251598834991455,-1.7192285060882568,-0.8847965002059937,2.4571280479431152,0.8297327160835266,-0.6996729373931885,-0.5543144345283508,0.9077519178390503,0.9504480361938477,-0.10937012732028961,-0.21724320948123932,1.4589437246322632,-0.07410574704408646,0.8293268084526062,2.4088573455810547,-1.5654650926589966,-0.314059853553772,1.0017828941345215,0.5568331480026245,0.6209999918937683,-0.6940765976905823,-0.5625929832458496,0.8334426283836365,0.965166449546814,-0.11077344417572021,-0.26155924797058105,1.4255874156951904,-0.03721785545349121,0.8281357884407043,2.4345667362213135,-1.5746090412139893,-0.32527121901512146,0.9668713212013245,0.5626251697540283,-0.2899863123893738,-0.3085725009441376,0.44633084535598755,0.37376922369003296,0.3815627694129944,0.2608577609062195,0.007648915983736515,-0.7660822868347168,-0.8769650459289551,-0.073696568608284,0.9216651320457458,1.5535573959350586,-1.2981513738632202,-1.4671536684036255,-0.25052163004875183,-0.31793227791786194,0.4394803047180176,0.3146180212497711,0.39866119623184204,0.23658183217048645,0.00023709498054813594,-0.7829071283340454,-0.8829547166824341,-0.08191521465778351,0.9274970293045044,1.5733306407928467,-1.3243043422698975,-1.4780985116958618,-0.3988490402698517,0.1292112022638321,0.42389312386512756,0.8279204368591309,-0.21693730354309082,0.39505735039711,0.9550549387931824,0.7273932099342346,0.18361224234104156,0.2251598834991455,-1.7192285060882568,-0.8847965002059937,2.4571280479431152,0.8297327160835266
5.421,-0.00016518356278538704,0.00028702220879495144,-0.018363438546657562,-0.00011130345228593796,-0.00011706396617228165,-0.0001433000434190035,-1.6717832451718095e-08,-3.538256621027358e-08,-1.0,0.20000000298023224,0.0,0.0,0.0,-0.25929170846939087,-0.31406357884407043,0.44177767634391785,0.3315713703632355,0.39314714074134827,0.24423858523368835,0.006345764268189669,-0.7725581526756287,-0.877945065498352,-0.07734490185976028,0.9240283370018005,1.5625789165496826,-1.3053628206253052,-1.470328450202942,-0.5492779016494751,0.23303945362567902,0.16426461935043335,1.111820936203003,-0.23692156374454498,0.3556095361709595,1.3565454483032227,0.8449413180351257,0.1001281887292862,0.505554735660553,-2.612092971801758,-0.9582418203353882,3.149728536605835,0.46656835079193115,-0.6940765976905823,-0.5625929832458496,0.8334426283836365,0.965166449546814,-0.11077344417572021,-0.26155924797058105,1.4255874156951904,-0.03721785545349121,0.8281357884407043,2.4345667362213135,-1.5746090412139893,-0.32527121901512146,0.9668713212013245,0.5626251697540283,0.6010000109672546,-0.719579815864563,-0.5362119674682617,0.7492468953132629,0.9948511123657227,-0.10506655275821686,-0.27199894189834595,1.3461322784423828,-0.015680044889450073,0.8158290386199951,2.4270265102386475,-1.5500843524932861,-0.36243554949760437,0.9625170826911926,0.5740231871604919,-0.3039470314979553,-0.3004792034626007,0.4319893717765808,0.3985005021095276,0.3767835795879364,0.2635263204574585,0.0011123665608465672,-0.7540538907051086,-0.8743091821670532,-0.07057460397481918,0.9175236821174622,1.5418024063110352,-1.286649465560913,-1.4607006311416626,-0.25929170846939087,-0.31406357884407043,0.44177767634391785,0.3315713703632355,0.39314714074134827,0.24423858523368835,0.006345764268189669,-0.7725581526756287,-0.877945065498352,-0.07734490185976028,0.9240283370018005,1.5625789165496826,-1.3053628206253052,-1.470328450202942,-0.5492779016494751,0.23303945362567902,0.16426461935043335,1.111820936203003,-0.23692156374454498,0.3556095361709595,1.3565454483032227,0.8449413180351257,0.1001281887292862,0.505554735660553,-2.612092971801758,-0.9582418203353882,3.149728536605835,0.46656835079193115
5.441,-0.00016518356278538704,0.00028702220879495144,-0.018363438546657562,-0.00011711729894159362,-3.525768988765776e-05,-0.00013223379210103303,-9.7797190790061e-08,4.777306372716339e-08,-1.0,0.20000000298023224,0.0,0.0,0.0,-0.26985323429107666,-0.30917295813560486,0.4386860430240631,0.3539382815361023,0.3873823583126068,0.2509394586086273,0.004717703443020582,-0.7593806982040405,-0.8750941753387451,-0.07259465754032135,0.9245121479034424,1.5513910055160522,-1.2857081890106201,-1.4643144607543945,-0.523442268371582,0.2092897891998291,-0.38027670979499817,1.2134203910827637,-0.23541420698165894,0.2583473026752472,-0.5483277440071106,0.8351804614067078,-0.005163544788956642,0.25063756108283997,0.33855119347572327,-0.877865731716156,0.5531062483787537,0.6632563471794128,-0.719579815864563,-0.5362119674682617,0.7492468953132629,0.9948511123657227,-0.10506655275821686,-0.27199894189834595,1.3461322784423828,-0.015680044889450073,0.8158290386199951,2.4270265102386475,-1.5500843524932861,-0.36243554949760437,0.9625170826911926,0.5740231871604919,0.5809999704360962,-0.5936334133148193,-0.6340364813804626,0.7703452706336975,0.877599835395813,-0.14574484527111053,-0.31843453645706177,1.4087109565734863,-0.03834417462348938,0.7683249711990356,2.4235994815826416,-1.5275909900665283,-0.30306145548820496,0.8755221366882324,0.516975998878479,-0.3025209605693817,-0.3037870228290558,0.4226260483264923,0.40656042098999023,0.3688923716545105,0.2610176205635071,0.0021409946493804455,-0.7466975450515747,-0.876934826374054,-0.06841973960399628,0.9164599180221558,1.5383358001708984,-1.2861474752426147,-1.461242914199829,-0.26985323429107666,-0.30917295813560486,0.4386860430240631,0.3539382815361023,0.3873823583126068,0.2509394586086273,0.004717703443020582,-0.7593806982040405,-0.8750941753387451,-0.07259465754032135,0.9245121479034424,1.5513910055160522,-1.2857081890106201,-1.4643144607543945,-0.523442268371582,0.2092897891998291,-0.38027670979499817,1.2134203910827637,-0.23541420698165894,0.2583473026752472,-0.5483277440071106,0.8351804614067078,-0.005163544788956642,0.25063756108283997,0.33855119347572327,-0.877865731716156,0.5531062483787537,0.6632563471794128
5.46,-0.00017338634643238038,0.0003555242146831006,-0.01841450296342373,-0.00012968441296834499,-9.618393232813105e-05,-0.0001568322186358273,-1.370119804278147e-07,4.319018387377582e-08,-1.0,0.20000000298023224,0.0,0.0,0.0,-0.27691251039505005,-0.3080689311027527,0.43139785528182983,0.3757191598415375,0.38176655769348145,0.25339019298553467,0.0008739940822124481,-0.7481079697608948,-0.8763229250907898,-0.06969409435987473,0.9182632565498352,1.5418479442596436,-1.2867625951766968,-1.4617539644241333,-0.3495793342590332,0.05744382366538048,-0.7768155932426453,1.136078953742981,-0.2903050184249878,0.14241278171539307,-1.174254298210144,0.39881908893585205,-0.2775658071041107,-0.013300706632435322,2.0676839351654053,0.12713980674743652,-2.0952060222625732,-0.8293161988258362,-0.5936334133148193,-0.6340364813804626,0.7703452706336975,0.877599835395813,-0.14574484527111053,-0.31843453645706177,1.4087109565734863,-0.03834417462348938,0.7683249711990356,2.4235994815826416,-1.5275909900665283,-0.30306145548820496,0.8755221366882324,0.516975998878479,0.5609999895095825,-0.48387575149536133,-0.6782580018043518,0.739219605922699,0.7398650050163269,-0.12194307148456573,-0.3848458528518677,1.3516052961349487,-0.06520575284957886,0.7409077882766724,2.3946774005889893,-1.528499960899353,-0.23971624672412872,0.7629659175872803,0.4676593840122223,-0.290404349565506,-0.3108554184436798,0.41202282905578613,0.3992348313331604,0.36495959758758545,0.2523695230484009,-0.0027466686442494392,-0.7434986233711243,-0.8817771077156067,-0.06958805024623871,0.9155179262161255,1.5418970584869385,-1.2970014810562134,-1.4666084051132202,-0.27691251039505005,-0.3080689311027527,0.43139785528182983,0.3757191598415375,0.38176655769348145,0.25339019298553467,0.0008739940822124481,-0.7481079697608948,-0.8763229250907898,-0.06969409435987473,0.9182632565498352,1.5418479442596436,-1.2867625951766968,-1.4617539644241333,-0.3495793342590332,0.05744382366538048,-0.7768155932426453,1.136078953742981,-0.2903050184249878,0.14241278171539307,-1.174254298210144,0.39881908893585205,-0.2775658071041107,-0.013300706632435322,2.0676839351654053,0.12713980674743652,-2.0952060222625732,-0.8293161988258362
5.482,-0.00017338634643238038,0.0003555242146831006,-0.01841450296342373,-0.00011466439173091203,8.546155186195392e-06,-0.00011617953714448959,-3.2619574596992607e-08,4.540291342891578e-08,-1.0,0.20000000298023224,0.0,0.0,0.0,-0.2805764973163605,-0.30849960446357727,0.4221898019313812,0.38726475834846497,0.3756617307662964,0.2535880506038666,-0.003572630463168025,-0.7421714663505554,-0.8815590143203735,-0.07009503245353699,0.9141033291816711,1.5413745641708374,-1.2942829132080078,-1.4670051336288452,-0.13997721672058105,0.007062685675919056,-0.5467786192893982,0.1351899355649948,-0.25379329919815063,-0.04226604104042053,-0.5058295726776123,0.43324753642082214,-0.30887290835380554,-0.10116548836231232,0.31226903200149536,-0.9278090596199036,-0.9596497416496277,1.305256962776184,-0.48387575149536133,-0.6782580018043518,0.739219605922699,0.7398650050163269,-0.12194307148456573,-0.3848458528518677,1.3516052961349487,-0.06520575284957886,0.7409077882766724,2.3946774005889893,-1.528499960899353,-0.23971624672412872,0.7629659175872803,0.4676593840122223,0.5389999747276306,-0.4830591678619385,-0.7064225673675537,0.8533365726470947,0.6524430513381958,-0.12334001064300537,-0.33221888542175293,1.289305567741394,-0.10973509401082993,0.7709440588951111,2.370880365371704,-1.5337481498718262,-0.23877966403961182,0.7979615926742554,0.4717799127101898,-0.28062939643859863,-0.31932657957077026,0.4149519205093384,0.3846322000026703,0.3616736829280853,0.2507137358188629,-0.0128867719322443,-0.7453924417495728,-0.8826472759246826,-0.07290240377187729,0.9142395257949829,1.54483962059021,-1.30218505859375,-1.4704887866973877,-0.282015323638916,-0.3082636892795563,0.4178595244884491,0.3904835283756256,0.3734813630580902,0.2532280385494232,-0.006562293507158756,-0.7415715456008911,-0.88283371925354,-0.07071816176176071,0.9146056771278381,1.5416373014450073,-1.3004482984542847,-1.465335488319397,-0.13679158687591553,0.02526363544166088,-0.6493871212005615,0.22480863332748413,-0.1920783519744873,-0.03343670442700386,-1.3336713314056396,0.08646655827760696,-0.04822105914354324,-0.04141231253743172,2.5459015369415283,-0.29183346033096313,-2.307873487472534,0.4389621913433075
5.5,-0.00018479206482879817,0.00044910385622642934,-0.01846221461892128,-0.00017716390721034259,-4.272286605555564e-05,-0.00019016274018213153,-9.453087201904964e-09,8.552500929681628e-08,-1.0,0.20000000298023224,0.0,0.0,0.0,-0.28092122077941895,-0.31030768156051636,0.4162518382072449,0.3903622329235077,0.3702455163002014,0.2517675757408142,-0.010705120861530304,-0.7431840300559998,-0.8830592036247253,-0.07325994223356247,0.9142990708351135,1.5442306995391846,-1.3012477159500122,-1.4677647352218628,0.03213305026292801,-0.1130424216389656,-0.34732720255851746,-0.3560776710510254,-0.19959379732608795,-0.057336241006851196,-1.5327001810073853,0.08156117051839828,-0.22161322832107544,-0.33860474824905396,2.2192509174346924,-0.7522713541984558,-1.7983310222625732,0.8727365136146545,-0.4830591678619385,-0.7064225673675537,0.8533365726470947,0.6524430513381958,-0.12334001064300537,-0.33221888542175293,1.289305567741394,-0.10973509401082993,0.7709440588951111,2.370880365371704,-1.5337481498718262,-0.23877966403961182,0.7979615926742554,0.4717799127101898,0.5210000276565552,-0.4602664113044739,-0.7379427552223206,0.8724827170372009,0.5567945241928101,-0.16628943383693695,-0.3300708532333374,1.35932457447052,-0.11942879110574722,0.7739255428314209,2.3398849964141846,-1.52084219455719,-0.19726788997650146,0.7892968654632568,0.41464468836784363,-0.27053016424179077,-0.3292555510997772,0.4192098081111908,0.3633852005004883,0.35475000739097595,0.24960389733314514,-0.013996955007314682,-0.7478768229484558,-0.8830452561378479,-0.07865342497825623,0.9145073890686035,1.551344871520996,-1.307198405265808,-1.4793065786361694,-0.28092122077941895,-0.31030768156051636,0.4162518382072449,0.3903622329235077,0.3702455163002014,0.2517675757408142,-0.010705120861530304,-0.7431840300559998,-0.8830592036247253,-0.07325994223356247,0.9142990708351135,1.5442306995391846,-1.3012477159500122,-1.4677647352218628,0.03213305026292801,-0.1130424216389656,-0.34732720255851746,-0.3560776710510254,-0.19959379732608795,-0.057336241006851196,-1.5327001810073853,0.08156117051839828,-0.22161322832107544,-0.33860474824905396,2.2192509174346924,-0.7522713541984558,-1.7983310222625732,0.8727365136146545
5.52,-0.00018479206482879817,0.00044910385622642934,-0.01846221461892128,-0.00016142077220138162,-5.556256655836478e-05,-0.000176725719938986,1.7917725969596177e-08,6.587491441223392e-08,-1.0,0.20000000298023224,0.0,0.0,0.0,-0.27842074632644653,-0.31410688161849976,0.41568899154663086,0.38409242033958435,0.3649601638317108,0.2500370144844055,-0.01713593304157257,-0.7465270757675171,-0.8836286664009094,-0.07979676127433777,0.9102901220321655,1.547616720199585,-1.3094836473464966,-1.4769679307937622,0.09672850370407104,-0.160600483417511,-0.27862459421157837,-0.6534753441810608,-0.22576123476028442,-0.04174589738249779,-1.3707842826843262,-0.015198305249214172,-0.08924974501132965,-0.24718602001667023,2.4440786838531494,-0.40300634503364563,-2.3881099224090576,0.14715203642845154,-0.4602664113044739,-0.7379427552223206,0.8724827170372009,0.5567945241928101,-0.16628943383693695,-0.3300708532333374,1.35932457447052,-0.11942879110574722,0.7739255428314209,2.3398849964141846,-1.52084219455719,-0.19726788997650146,0.7892968654632568,0.41464468836784363,0.5009999871253967,-0.4476993680000305,-0.7314176559448242,0.899373471736908,0.5063400864601135,-0.13362008333206177,-0.33478671312332153,1.3504818677902222,-0.14879828691482544,0.7894631624221802,2.3340306282043457,-1.530820369720459,-0.18279045820236206,0.7688137292861938,0.4109409749507904,-0.2611940801143646,-0.33654624223709106,0.42530521750450134,0.34134215116500854,0.3524779975414276,0.24824444949626923,-0.015769371762871742,-0.7528012990951538,-0.8818098902702332,-0.08383967727422714,0.9137239456176758,1.5579968690872192,-1.3132573366165161,-1.4867312908172607,-0.27842074632644653,-0.31410688161849976,0.41568899154663086,0.38409242033958435,0.3649601638317108,0.2500370144844055,-0.01713593304157257,-0.7465270757675171,-0.8836286664009094,-0.07979676127433777,0.9102901220321655,1.547616720199585,-1.3094836473464966,-1.4769679307937622,0.09672850370407104,-0.160600483417511,-0.27862459421157837,-0.6534753441810608,-0.22576123476028442,-0.04174589738249779,-1.3707842826843262,-0.015198305249214172,-0.08924974501132965,-0.24718602001667023,2.4440786838531494,-0.40300634503364563,-2.3881099224090576,0.14715203642845154
5.542,-0.00020556405070237815,0.0006380379199981689,-0.01857675425708294,-0.00017540247063152492,-5.09507444803603e-05,-0.0001916463952511549,1.7751249359321264e-08,8.952704178000204e-08,-1.0,0.20000000298023224,0.0,0.0,0.0,-0.27471986413002014,-0.31877416372299194,0.4164476990699768,0.3742344081401825,0.3596358597278595,0.24851468205451965,-0.01889442838728428,-0.7504359483718872,-0.8822389245033264,-0.08325738459825516,0.9078676700592041,1.5531080961227417,-1.3141019344329834,-1.483727216720581,0.23541182279586792,-0.2725536823272705,0.07957857847213745,-1.0699646472930908,-0.16087637841701508,-0.05746541917324066,-0.6222218871116638,-0.16815677285194397,-0.24913838505744934,-0.6653634905815125,1.1670958995819092,-0.45279833674430847,-1.2274608612060547,0.7427225112915039,-0.4476993680000305,-0.7314176559448242,0.899373471736908,0.5063400864601135,-0.13362008333206177,-0.33478671312332153,1.3504818677902222,-0.14879828691482544,0.7894631624221802,2.3340306282043457,-1.530820369720459,-0.18279045820236206,0.7688137292861938,0.4109409749507904,0.4790000021457672,-0.5001034140586853,-0.697846531867981,1.0051320791244507,0.5462771058082581,-0.12464845180511475,-0.28308117389678955,1.352969765663147,-0.1402323842048645,0.829300582408905,2.3370308876037598,-1.5615042448043823,-0.1965339034795761,0.8460965752601624,0.458260715007782,-0.2589656114578247,-0.3390216827392578,0.4407573938369751,0.3277014493942261,0.35155755281448364,0.25232744216918945,-0.01693851500749588,-0.7558842897415161,-0.8768378496170044,-0.08768865466117859,0.9100286960601807,1.5619441270828247,-1.3103762865066528,-1.4879390001296997,-0.27311408519744873,-0.3205394148826599,0.41765663027763367,0.36658814549446106,0.3581407368183136,0.24818794429302216,-0.01932370662689209,-0.7522314190864563,-0.8830050826072693,-0.08570879697799683,0.908364474773407,1.5545154809951782,-1.3166593313217163,-1.4864848852157593,0.14063487946987152,-0.15488725900650024,-0.1956707239151001,-0.6986567378044128,-0.13085883855819702,-0.020290881395339966,-1.0918846130371094,-0.03801735118031502,-0.018248125910758972,-0.07393595576286316,2.4748334884643555,-0.08074535429477692,-1.9426050186157227,-0.06274259835481644
5.561,-0.00020556405070237815,0.0006380379199981689,-0.01857675425708294,0.00017868068243842572,5.108649565954693e-05,0.00019597898062784225,6.893174031574745e-08,-5.412933035131573e-08,-1.0,0.20000000298023224,0.0,0.0,0.0,-0.26983410120010376,-0.3238626718521118,0.42063432931900024,0.35901689529418945,0.3559466302394867,0.24956654012203217,-0.017312737181782722,-0.7550588250160217,-0.8794498443603516,-0.08945180475711823,0.9016892313957214,1.559291958808899,-1.311118245124817,-1.489267349243164,0.18704143166542053,-0.2569134831428528,0.6911714673042297,-0.7881223559379578,-0.08422614634037018,0.04228033870458603,1.0307731628417969,-0.38395991921424866,0.267910361289978,-0.08974271267652512,-2.728097438812256,0.8146002292633057,2.106126546859741,-0.5503225326538086,-0.5001034140586853,-0.697846531867981,1.0051320791244507,0.5462771058082581,-0.12464845180511475,-0.28308117389678955,1.352969765663147,-0.1402323842048645,0.829300582408905,2.3370308876037598,-1.5615042448043823,-0.1965339034795761,0.8460965752601624,0.458260715007782,0.460999995470047,-0.6623805165290833,-0.5060508847236633,1.0678411722183228,0.8087146282196045,-0.06613445281982422,-0.18995852768421173,1.3273886442184448,-0.09490998834371567,0.8480215668678284,2.3548431396484375,-1.643574833869934,-0.2780207693576813,1.0352102518081665,0.5847833752632141,-0.2734105587005615,-0.3218224346637726,0.4593900442123413,0.3430326282978058,0.35667258501052856,0.264906108379364,-0.020431943237781525,-0.7538183927536011,-0.8709881901741028,-0.08898661285638809,0.8988655209541321,1.5569533109664917,-1.289160132408142,-1.4762529134750366,-0.26983410120010376,-0.3238626718521118,0.42063432931900024,0.35901689529418945,0.3559466302394867,0.24956654012203217,-0.017312737181782722,-0.7550588250160217,-0.8794498443603516,-0.08945180475711823,0.9016892313957214,1.559291958808899,-1.311118245124817,-1.489267349243164,0.18704143166542053,-0.2569134831428528,0.6911714673042297,-0.7881223559379578,-0.08422614634037018,0.04228033870458603,1.0307731628417969,-0.38395991921424866,0.267910361289978,-0.08974271267652512,-2.728097438812256,0.8146002292633057,2.106126546859741,-0.5503225326538086
5.584,-0.00018657145847100765,0.0005188045324757695,-0.018560802564024925,-2.665396277734544e-05,1.1560546226974111e-05,-2.551083525759168e-05,2.8321851530677122e-08,-3.652012026122975e-08,-1.0,0.20000000298023224,0.0,0.0,0.0,-0.2705473303794861,-0.3233068287372589,0.43043097853660583,0.34961047768592834,0.3559265434741974,0.25288715958595276,-0.02078455314040184,-0.753732442855835,-0.8734778761863708,-0.09138737618923187,0.8952481746673584,1.5556154251098633,-1.2953258752822876,-1.4800564050674438,-0.07672134041786194,0.10119428485631943,0.6092875599861145,-0.14815892279148102,0.022699661552906036,0.22485090792179108,-0.5108917355537415,0.19193054735660553,0.3496685028076172,-0.0036128824576735497,0.0691429153084755,-0.36682650446891785,0.8385583758354187,0.7080450654029846,-0.6623805165290833,-0.5060508847236633,1.0678411722183228,0.8087146282196045,-0.06613445281982422,-0.18995852768421173,1.3273886442184448,-0.09490998834371567,0.8480215668678284,2.3548431396484375,-1.643574833869934,-0.2780207693576813,1.0352102518081665,0.5847833752632141,0.4410000145435333,-0.6146204471588135,-0.6193825006484985,0.9994995594024658,0.8462249636650085,-0.1730581372976303,-0.20952560007572174,1.5019490718841553,-0.039687201380729675,0.8315102458000183,2.4026968479156494,-1.6674368381500244,-0.25708436965942383,1.0466251373291016,0.5457483530044556,-0.28019049763679504,-0.3193961977958679,0.4674620032310486,0.35904860496520996,0.3500722646713257,0.27301234006881714,-0.005770641379058361,-0.7466434240341187,-0.8679595589637756,-0.08523961156606674,0.8875487446784973,1.5550541877746582,-1.2710455656051636,-1.4708075523376465,-0.2711210250854492,-0.3225303590297699,0.4359756410121918,0.348661869764328,0.35601818561553955,0.2549442946910858,-0.023771999403834343,-0.7530452013015747,-0.871924877166748,-0.0911048874258995,0.8956178426742554,1.555888295173645,-1.2929062843322754,-1.4777894020080566,-0.051923803985118866,0.06964457035064697,0.44491276144981384,-0.12261608242988586,0.003097910201177001,0.1889314502477646,-0.3999127149581909,0.08100792020559311,0.06658425182104111,0.039013657718896866,0.5637673735618591,-0.08729565888643265,-0.4091559052467346,0.326049268245697
5.6,-0.00018657145847100765,0.0005188045324757695,-0.018560802564024925,0.0001299250143347308,8.60805157572031e-05,0.00015503406757488847,-3.614521659756065e-08,-6.613642522523833e-09,-1.0,0.20000000298023224,0.0,0.0,0.0,-0.27337735891342163,-0.3198220133781433,0.44199469685554504,0.34982818365097046,0.3542458415031433,0.25822117924690247,-0.01915505714714527,-0.7496607303619385,-0.8684420585632324,-0.0890478864312172,0.8861985206604004,1.5523957014083862,-1.2855743169784546,-1.4749871492385864,-0.27734410762786865,0.17553795874118805,0.35094138979911804,0.49279361963272095,-0.11170351505279541,0.3047264814376831,-0.7353948354721069,0.3817513883113861,0.095318503677845,0.37436941266059875,2.241170883178711,0.2200576812028885,-1.424831748008728,-0.6266302466392517,-0.6146204471588135,-0.6193825006484985,0.9994995594024658,0.8462249636650085,-0.1730581372976303,-0.20952560007572174,1.5019490718841553,-0.039687201380729675,0.8315102458000183,2.4026968479156494,-1.6674368381500244,-0.25708436965942383,1.0466251373291016,0.5457483530044556,0.42100000381469727,-0.5631535053253174,-0.6616519689559937,0.8950982093811035,0.824443519115448,-0.16387717425823212,-0.2860136032104492,1.499262809753418,-0.03168255090713501,0.8378188610076904,2.407076835632324,-1.6726348400115967,-0.24579541385173798,0.9418859481811523,0.5227205157279968,-0.2804677486419678,-0.3216821849346161,0.4634794294834137,0.36968326568603516,0.3457100987434387,0.27184852957725525,0.005689773242920637,-0.740103006362915,-0.8649057745933533,-0.08180400729179382,0.8779755234718323,1.5546637773513794,-1.2670279741287231,-1.4687540531158447,-0.2746691405773163,-0.3190895617008209,0.4470694363117218,0.3528708815574646,0.3533499538898468,0.2608673572540283,-0.013965947553515434,-0.7467530369758606,-0.8683645129203796,-0.0873301550745964,0.8832814693450928,1.552891731262207,-1.2802704572677612,-1.4735689163208008,-0.0981479287147522,0.054524801671504974,0.15733329951763153,0.24912728369235992,-0.07983409613370895,0.23619750142097473,-0.6576534509658813,0.18088610470294952,-0.012675042264163494,0.08973654359579086,2.414367198944092,0.12193696945905685,-1.397757887840271,0.25594642758369446
5.62,-0.0001871861022664234,0.0005381638766266406,-0.018597109243273735,-0.00017726760415825993,-5.2237963245715946e-05,-0.00019778861314989626,-1.0698803976083582e-07,1.092459456231154e-07,-1.0,0.20000000298023224,0.0,0.0,0.0,-0.2758328318595886,-0.32058992981910706,0.44860854744911194,0.35760512948036194,0.3507886230945587,0.26166030764579773,-0.00502565735951066,-0.7413836717605591,-0.8654878735542297,-0.08411470800638199,0.8800084590911865,1.552404522895813,-1.2760564088821411,-1.4726687669754028,-0.09041761606931686,0.01971801184117794,0.05802462622523308,0.3018193542957306,-0.11730079352855682,0.2011982947587967,0.4802972674369812,0.6321187615394592,-0.004703528247773647,0.13439412415027618,0.7830596566200256,-0.5827018618583679,-0.2135830670595169,1.1103109121322632,-0.5631535053253174,-0.6616519689559937,0.8950982093811035,0.824443519115448,-0.16387717425823212,-0.2860136032104492,1.499262809753418,-0.03168255090713501,0.8378188610076904,2.407076835632324,-1.6726348400115967,-0.24579541385173798,0.9418859481811523,0.5227205157279968,0.4009999930858612,-0.6255942583084106,-0.6430549621582031,0.903957188129425,0.8479486703872681,-0.18876104056835175,-0.27576714754104614,1.3871688842773438,-0.04649503529071808,0.8616622090339661,2.413034677505493,-1.6424180269241333,-0.294660359621048,0.9513625502586365,0.5296337008476257,-0.28693363070487976,-0.32165127992630005,0.461179256439209,0.38054150342941284,0.33973199129104614,0.2719421088695526,0.0036487127654254436,-0.7363519668579102,-0.8600784540176392,-0.07845974713563919,0.8733386397361755,1.5494649410247803,-1.2628661394119263,-1.4664199352264404,-0.2758328318595886,-0.32058992981910706,0.44860854744911194,0.35760512948036194,0.3507886230945587,0.26166030764579773,-0.00502565735951066,-0.7413836717605591,-0.8654878735542297,-0.08411470800638199,0.8800084590911865,1.552404522895813,-1.2760564088821411,-1.4726687669754028,-0.09041761606931686,0.01971801184117794,0.05802462622523308,0.3018193542957306,-0.11730079352855682,0.2011982947587967,0.4802972674369812,0.6321187615394592,-0.004703528247773647,0.13439412415027618,0.7830596566200256,-0.5827018618583679,-0.2135830670595169,1.1103109121322632
5.641,-0.0001871861022664234,0.0005381638766266406,-0.018597109243273735,-0.00014870431914459914,-6.729368033120409e-05,-0.0001709516509436071,-4.6493067173969393e-08,-4.31012168178313e-08,-1.0,0.20000000298023224,0.0,0.0,0.0,-0.2795909345149994,-0.31979453563690186,0.4519771933555603,0.36603251099586487,0.3467901349067688,0.2648696303367615,0.007885083556175232,-0.734891951084137,-0.8611479997634888,-0.08106480538845062,0.8734064102172852,1.5479731559753418,-1.2583080530166626,-1.4645763635635376,-0.17461171746253967,0.03215137869119644,0.29512548446655273,0.6570972204208374,-0.15488822758197784,0.14939381182193756,1.2780802249908447,0.17687466740608215,0.10110611468553543,0.26645636558532715,-2.8335764408111572,0.16756588220596313,2.670207977294922,-0.7495783567428589,-0.6255942583084106,-0.6430549621582031,0.903957188129425,0.8479486703872681,-0.18876104056835175,-0.27576714754104614,1.3871688842773438,-0.04649503529071808,0.8616622090339661,2.413034677505493,-1.6424180269241333,-0.294660359621048,0.9513625502586365,0.5296337008476257,0.38100001215934753,-0.7559236884117126,-0.49905627965927124,0.8739783763885498,1.0228986740112305,-0.15789636969566345,-0.22438885271549225,1.313378095626831,0.019172336906194687,0.8538222908973694,2.4204063415527344,-1.6749255657196045,-0.3900752663612366,1.0617812871932983,0.6265084743499756,-0.3051392734050751,-0.30722665786743164,0.4563412666320801,0.4067230820655823,0.3380359411239624,0.277154803276062,-0.005363214295357466,-0.726784348487854,-0.8570005893707275,-0.07504716515541077,0.8663783669471741,1.535764455795288,-1.2484947443008423,-1.4548652172088623,-0.2807912528514862,-0.3195000886917114,0.4526044428348541,0.37037011981010437,0.3453889489173889,0.266105055809021,0.006546363700181246,-0.7343804836273193,-0.8608425855636597,-0.07996309548616409,0.874525249004364,1.5481030941009521,-1.2577614784240723,-1.465978741645813,-0.10525689274072647,0.028535140678286552,0.38555631041526794,0.35385438799858093,-0.13082803785800934,0.10936116427183151,1.0870088338851929,-0.038407210260629654,0.007434092927724123,0.037530917674303055,-2.713559150695801,0.07113388180732727,1.9341120719909668,-0.08493994921445847
5.66,-0.00019265501759946346,0.0005967181059531868,-0.018648477271199226,-0.0001515150215709582,-6.42931554466486e-05,-0.00017147416656371206,-8.770309989358793e-08,9.221114538604525e-08,-1.0,0.20000000298023224,0.0,0.0,0.0,-0.284765362739563,-0.31635260581970215,0.45165741443634033,0.37692534923553467,0.34282487630844116,0.26862549781799316,0.000933207047637552,-0.7298123240470886,-0.8580232262611389,-0.07751217484474182,0.8753467798233032,1.5416259765625,-1.2471582889556885,-1.4598662853240967,-0.3339504599571228,0.21106897294521332,-0.16774418950080872,0.8131258487701416,-0.11574108153581619,0.17408116161823273,-0.9019627571105957,0.5039565563201904,0.002364017302170396,0.24589094519615173,0.5223777890205383,-0.6014091372489929,0.3603345453739166,0.6609020233154297,-0.7559236884117126,-0.49905627965927124,0.8739783763885498,1.0228986740112305,-0.15789636969566345,-0.22438885271549225,1.313378095626831,0.019172336906194687,0.8538222908973694,2.4204063415527344,-1.6749255657196045,-0.3900752663612366,1.0617812871932983,0.6265084743499756,0.3610000014305115,-0.6391369104385376,-0.6246644258499146,0.846504807472229,0.9513065814971924,-0.24979257583618164,-0.2686923146247864,1.450134515762329,0.028310412541031837,0.8126552700996399,2.4362711906433105,-1.6541881561279297,-0.33024173974990845,1.0208265781402588,0.5616288185119629,-0.3080251216888428,-0.30824777483940125,0.4497235119342804,0.42050912976264954,0.3274894952774048,0.27689459919929504,0.0011028861626982689,-0.7182164788246155,-0.8586549758911133,-0.07073061168193817,0.8628839254379272,1.530787467956543,-1.2410931587219238,-1.4521093368530273,-0.284765362739563,-0.31635260581970215,0.45165741443634033,0.37692534923553467,0.34282487630844116,0.26862549781799316,0.000933207047637552,-0.7298123240470886,-0.8580232262611389,-0.07751217484474182,0.8753467798233032,1.5416259765625,-1.2471582889556885,-1.4598662853240967,-0.3339504599571228,0.21106897294521332,-0.16774418950080872,0.8131258487701416,-0.11574108153581619,0.17408116161823273,-0.9019627571105957,0.5039565563201904,0.002364017302170396,0.24589094519615173,0.5223777890205383,-0.6014091372489929,0.3603345453739166,0.6609020233154297
5.682,-0.00019265501759946346,0.0005967181059531868,-0.018648477271199226,-0.00013844312343280762,-0.00010058481711894274,-0.00016502346261404455,-1.0670133576695662e-07,3.586773900110529e-08,-1.0,0.20000000298023224,0.0,0.0,0.0,-0.2921019196510315,-0.3141409456729889,0.44864359498023987,0.3932152986526489,0.3387680947780609,0.2709709405899048,-0.0038055928889662027,-0.7198998928070068,-0.8582515716552734,-0.07292740046977997,0.864004373550415,1.5328314304351807,-1.2460752725601196,-1.4549812078475952,-0.26599016785621643,0.12401292473077774,-0.49830445647239685,0.9296849370002747,-0.2505633234977722,0.11867312341928482,-1.1088180541992188,0.30447864532470703,-0.13121230900287628,0.18199996650218964,1.92484450340271,0.14096656441688538,-1.9343488216400146,-0.3001662492752075,-0.6391369104385376,-0.6246644258499146,0.846504807472229,0.9513065814971924,-0.24979257583618164,-0.2686923146247864,1.450134515762329,0.028310412541031837,0.8126552700996399,2.4362711906433105,-1.6541881561279297,-0.33024173974990845,1.0208265781402588,0.5616288185119629,0.3409999907016754,-0.5528712272644043,-0.6648740768432617,0.8016725778579712,0.8495888113975525,-0.21884894371032715,-0.33766019344329834,1.3923779726028442,0.008404254913330078,0.7997638583183289,2.419447898864746,-1.664754867553711,-0.2809646427631378,0.9225360155105591,0.5246720910072327,-0.3017072081565857,-0.3130856454372406,0.43994608521461487,0.4213661849498749,0.3221466839313507,0.2697896659374237,0.0005001120152883232,-0.7133527994155884,-0.8612675666809082,-0.06895969808101654,0.8590316772460938,1.531733512878418,-1.245000958442688,-1.453600287437439,-0.2943549156188965,-0.31288042664527893,0.4469408094882965,0.4003329873085022,0.336544930934906,0.2719725966453552,-0.003729520831257105,-0.7175579071044922,-0.8590524792671204,-0.07220401614904404,0.8598507642745972,1.531856894493103,-1.2467342615127563,-1.452950119972229,-0.2077249437570572,0.1218956783413887,-0.4056597948074341,0.628861129283905,-0.19948917627334595,0.08689234405755997,-1.2191053628921509,0.11913547664880753,-0.052768055349588394,0.023890795186161995,2.419355630874634,0.013068588450551033,-2.077678918838501,0.11723290383815765
5.701,-0.00021413333888631314,0.0007922344957478344,-0.018777456134557724,-0.000206653043278493,-2.28862336371094e-05,-0.00021348732116166502,-7.776301913509087e-08,8.936778783663613e-08,-1.0,0.20000000298023224,0.0,0.0,0.0,-0.2940741181373596,-0.31383979320526123,0.4446038007736206,0.4060536324977875,0.3333803415298462,0.2708597779273987,-0.0029819917399436235,-0.7137776613235474,-0.860495388507843,-0.07020940631628036,0.8565455675125122,1.5309628248214722,-1.2475382089614868,-1.4553014039993286,-0.066180020570755,0.010706030763685703,-0.5959437489509583,0.2657003700733185,-0.2627245783805847,-0.032218124717473984,-1.0688605308532715,0.7673969268798828,-0.29787084460258484,0.013198276981711388,2.2553133964538574,-1.2546149492263794,-2.0525975227355957,1.2933160066604614,-0.5528712272644043,-0.6648740768432617,0.8016725778579712,0.8495888113975525,-0.21884894371032715,-0.33766019344329834,1.3923779726028442,0.008404254913330078,0.7997638583183289,2.419447898864746,-1.664754867553711,-0.2809646427631378,0.9225360155105591,0.5246720910072327,0.32100000977516174,-0.510779082775116,-0.7306071519851685,0.7851019501686096,0.7246254682540894,-0.25572094321250916,-0.3286207914352417,1.3447399139404297,-0.051210060715675354,0.821530282497406,2.3725366592407227,-1.6188403367996216,-0.2917431890964508,0.8651115894317627,0.4738036096096039,-0.2924436926841736,-0.3235292434692383,0.43046706914901733,0.4095555245876312,0.314185231924057,0.26500967144966125,-0.004745913203805685,-0.7154232263565063,-0.8611810207366943,-0.07223409414291382,0.8605413436889648,1.5314126014709473,-1.253869652748108,-1.459879994392395,-0.2951611578464508,-0.31327229738235474,0.44186991453170776,0.4103665351867676,0.33113181591033936,0.27055421471595764,-0.002340855775400996,-0.7118145823478699,-0.861872136592865,-0.07027701288461685,0.8536489009857178,1.531324028968811,-1.2480143308639526,-1.4534927606582642,-0.10979287326335907,0.06230057403445244,-0.5147479176521301,0.27851369976997375,-0.19918330013751984,-0.03095371276140213,-1.2298808097839355,0.18856744468212128,-0.06437802314758301,-0.01654636114835739,2.565030574798584,-0.3676232695579529,-2.102560520172119,0.7009322643280029
5.72,-0.00021413333888631314,0.0007922344957478344,-0.018777456134557724,-0.0001646078599151224,-6.466564809670672e-05,-0.00017873969045467675,-4.653056961956281e-08,1.1924797149731603e-07,-1.0,0.20000000298023224,0.0,0.0,0.0,-0.29371339082717896,-0.3152114450931549,0.43797847628593445,0.410728394985199,0.3273128867149353,0.26874494552612305,-0.004740753211081028,-0.7127838134765625,-0.8612741231918335,-0.07269206643104553,0.8552569150924683,1.5310580730438232,-1.252282738685608,-1.4547768831253052,0.03074246644973755,-0.0798398107290268,-0.6550711393356323,-0.11126445978879929,-0.2825222611427307,-0.10653087496757507,-1.3381261825561523,-0.059156376868486404,-0.11521260440349579,-0.2557535469532013,2.5099518299102783,-0.4145932197570801,-2.2453434467315674,0.08319839090108871,-0.510779082775116,-0.7306071519851685,0.7851019501686096,0.7246254682540894,-0.25572094321250916,-0.3286207914352417,1.3447399139404297,-0.051210060715675354,0.821530282497406,2.3725366592407227,-1.6188403367996216,-0.2917431890964508,0.8651115894317627,0.4738036096096039,0.3009999990463257,-0.5351097583770752,-0.6984891891479492,0.8399883508682251,0.6739118695259094,-0.25745531916618347,-0.33795952796936035,1.3317385911941528,-0.054020822048187256,0.8165698051452637,2.373293161392212,-1.5889573097229004,-0.2902959883213043,0.8696999549865723,0.47231999039649963,-0.2874659299850464,-0.32867231965065,0.42837250232696533,0.39503562450408936,0.3076426684856415,0.2602517902851105,-0.010242866352200508,-0.7173606753349304,-0.8616078495979309,-0.07477796077728271,0.8647373914718628,1.5313005447387695,-1.2605057954788208,-1.4650520086288452,-0.29371339082717896,-0.3152114450931549,0.43797847628593445,0.410728394985199,0.3273128867149353,0.26874494552612305,-0.004740753211081028,-0.7127838134765625,-0.8612741231918335,-0.07269206643104553,0.8552569150924683,1.5310580730438232,-1.252282738685608,-1.4547768831253052,0.03074246644973755,-0.0798398107290268,-0.6550711393356323,-0.11126445978879929,-0.2825222611427307,-0.10653087496757507,-1.3381261825561523,-0.059156376868486404,-0.11521260440349579,-0.2557535469532013,2.5099518299102783,-0.4145932197570801,-2.2453434467315674,0.08319839090108871
5.741,-0.0002375923504587263,0.0009907787898555398,-0.018888376653194427,-0.00017802973161451519,-4.835069557884708e-05,-0.000187367491889745,-2.2011603206806285e-08,1.3876311300009547e-07,-1.0,0.20000000298023224,0.0,0.0,0.0,-0.29151374101638794,-0.31835225224494934,0.4306927025318146,0.40858718752861023,0.3212578594684601,0.2659992575645447,-0.00970538891851902,-0.7157602310180664,-0.86155104637146,-0.0753924697637558,0.855330765247345,1.530272364616394,-1.2591660022735596,-1.4621750116348267,0.07121524959802628,-0.11166929453611374,-0.6093056201934814,-0.5205591917037964,-0.29959750175476074,-0.14743821322917938,-1.4577558040618896,0.016446536406874657,-0.13213106989860535,-0.23873555660247803,2.518716335296631,-0.73988938331604,-2.165174722671509,0.2985033094882965,-0.5351097583770752,-0.6984891891479492,0.8399883508682251,0.6739118695259094,-0.25745531916618347,-0.33795952796936035,1.3317385911941528,-0.054020822048187256,0.8165698051452637,2.373293161392212,-1.5889573097229004,-0.2902959883213043,0.8696999549865723,0.47231999039649963,0.2809999883174896,-0.5277049541473389,-0.7107065916061401,0.8754734992980957,0.6332308053970337,-0.2631308138370514,-0.3162655234336853,1.3521522283554077,-0.0759144052863121,0.8306330442428589,2.3599112033843994,-1.5787116289138794,-0.29538288712501526,0.8796562552452087,0.46986374258995056,-0.2827432453632355,-0.3340085446834564,0.43024536967277527,0.37935158610343933,0.30184105038642883,0.2586148977279663,-0.012599064037203789,-0.7210999727249146,-0.8605430126190186,-0.07815124839544296,0.8691187500953674,1.5307021141052246,-1.2648190259933472,-1.4694353342056274,-0.29114803671836853,-0.31911957263946533,0.4282207190990448,0.4056645929813385,0.31862419843673706,0.26477164030075073,-0.012125281617045403,-0.7169610261917114,-0.8622854948043823,-0.0764586329460144,0.8543679118156433,1.5302890539169312,-1.262087345123291,-1.4662160873413086,0.029456712305545807,-0.06804159283638,-0.4665926992893219,-0.2989708483219147,-0.23723453283309937,-0.1099902093410492,-1.4427893161773682,-0.010122813284397125,-0.043358173221349716,-0.045681145042181015,2.657235860824585,-0.23119887709617615,-2.3204846382141113,0.014077667146921158
5.761,-0.0002375923504587263,0.0009907787898555398,-0.018888376653194427,-0.0001674188970355317,-5.3279276471585035e-05,-0.00017811152793001384,3.1471842021346674e-08,7.933065404586159e-08,-1.0,0.20000000298023224,0.0,0.0,0.0,-0.28868457674980164,-0.32196491956710815,0.4280802309513092,0.40043705701828003,0.31458958983421326,0.2626168131828308,-0.015351550653576851,-0.7197437286376953,-0.8610256910324097,-0.07920427620410919,0.8553012609481812,1.529605507850647,-1.26638662815094,-1.4669724702835083,0.09765085577964783,-0.13293765485286713,-0.2796386480331421,-0.6931041479110718,-0.27316170930862427,-0.11442659050226212,-1.4920321702957153,-0.08793985843658447,-0.08824104815721512,-0.2630617320537567,2.8067407608032227,-0.6276009678840637,-2.4492688179016113,0.25167644023895264,-0.5277049541473389,-0.7107065916061401,0.8754734992980957,0.6332308053970337,-0.2631308138370514,-0.3162655234336853,1.3521522283554077,-0.0759144052863121,0.8306330442428589,2.3599112033843994,-1.5787116289138794,-0.29538288712501526,0.8796562552452087,0.46986374258995056,0.26100000739097595,-0.5307916402816772,-0.7093421220779419,0.896994948387146,0.6265233755111694,-0.2668570578098297,-0.3014242649078369,1.3825678825378418,-0.07049376517534256,0.8517059087753296,2.3488917350769043,-1.5956286191940308,-0.2827647626399994,0.8936237692832947,0.4666222333908081,-0.27927377820014954,-0.3381410539150238,0.4338957965373993,0.3661336302757263,0.29682713747024536,0.2587895095348358,-0.01144245732575655,-0.7235493659973145,-0.8575838208198547,-0.08195183426141739,0.8709321618080139,1.5314851999282837,-1.2668728828430176,-1.4732661247253418,-0.28868457674980164,-0.32196491956710815,0.4280802309513092,0.40043705701828003,0.31458958983421326,0.2626168131828308,-0.015351550653576851,-0.7197437286376953,-0.8610256910324097,-0.07920427620410919,0.8553012609481812,1.529605507850647,-1.26638662815094,-1.4669724702835083,0.09765085577964783,-0.13293765485286713,-0.2796386480331421,-0.6931041479110718,-0.27316170930862427,-0.11442659050226212,-1.4920321702957153,-0.08793985843658447,-0.08824104815721512,-0.2630617320537567,2.8067407608032227,-0.6276009678840637,-2.4492688179016113,0.25167644023895264
5.78,-0.0002552148944232613,0.001145963673479855,-0.018982941284775734,-0.00020324622164480388,-3.567248131730594e-05,-0.00021148394444026053,6.026009913284724e-08,-6.932977214546554e-08,-1.0,0.20000000298023224,0.0,0.0,0.0,-0.28547677397727966,-0.3257395923137665,0.42808929085731506,0.38980668783187866,0.3085237741470337,0.2612242102622986,-0.01612919196486473,-0.7229613661766052,-0.858741819858551,-0.08310481905937195,0.8564295768737793,1.5308928489685059,-1.2710479497909546,-1.4735829830169678,0.09749790281057358,-0.21015721559524536,0.330820232629776,-0.4644787311553955,-0.24931198358535767,-0.07284785807132721,1.258836030960083,-0.40725553035736084,0.060101501643657684,-0.2300272434949875,-2.2788915634155273,0.985215425491333,1.664832353591919,-1.3507035970687866,-0.5307916402816772,-0.7093421220779419,0.896994948387146,0.6265233755111694,-0.2668570578098297,-0.3014242649078369,1.3825678825378418,-0.07049376517534256,0.8517059087753296,2.3488917350769043,-1.5956286191940308,-0.2827647626399994,0.8936237692832947,0.4666222333908081,0.2409999966621399,-0.7440057992935181,-0.48142504692077637,1.0521773099899292,0.8933330774307251,-0.1644243746995926,-0.18022753298282623,1.2814818620681763,-0.024733081459999084,0.9047278761863708,2.3787667751312256,-1.6638424396514893,-0.3830588757991791,1.0713869333267212,0.6359707117080688,-0.2978196144104004,-0.3186553418636322,0.45233437418937683,0.3822402358055115,0.30305927991867065,0.2710488438606262,-0.020625773817300797,-0.7209327816963196,-0.8499142527580261,-0.08200479298830032,0.8655614852905273,1.5220823287963867,-1.250739574432373,-1.4593958854675293,-0.28547677397727966,-0.3257395923137665,0.42808929085731506,0.38980668783187866,0.3085237741470337,0.2612242102622986,-0.01612919196486473,-0.7229613661766052,-0.858741819858551,-0.08310481905937195,0.8564295768737793,1.5308928489685059,-1.2710479497909546,-1.4735829830169678,0.09749790281057358,-0.21015721559524536,0.330820232629776,-0.4644787311553955,-0.24931198358535767,-0.07284785807132721,1.258836030960083,-0.40725553035736084,0.060101501643657684,-0.2300272434949875,-2.2788915634155273,0.985215425491333,1.664832353591919,-1.3507035970687866
5.8,-0.0002552148944232613,0.001145963673479855,-0.018982941284775734,-0.00013067071267869323,-0.00011273053678451106,-0.0001556129427626729,-6.473115377048089e-08,6.312507849770554e-08,-1.0,0.20000000298023224,0.0,0.0,0.0,-0.2876032292842865,-0.3243210017681122,0.43171530961990356,0.3837878406047821,0.306165874004364,0.2627260982990265,-0.016120903193950653,-0.721248209476471,-0.8528521060943604,-0.08478184789419174,0.8552625179290771,1.5256085395812988,-1.2537277936935425,-1.4653363227844238,-0.17622807621955872,0.15634046494960785,0.2968918979167938,0.13560111820697784,-0.04956735670566559,0.15308603644371033,-1.0201833248138428,0.041243188083171844,0.40706315636634827,0.04344898834824562,1.388383388519287,0.24589918553829193,0.043011847883462906,0.07010813057422638,-0.7440057992935181,-0.48142504692077637,1.0521773099899292,0.8933330774307251,-0.1644243746995926,-0.18022753298282623,1.2814818620681763,-0.024733081459999084,0.9047278761863708,2.3787667751312256,-1.6638424396514893,-0.3830588757991791,1.0713869333267212,0.6359707117080688,0.22100000083446503,-0.6688219904899597,-0.5886482000350952,0.9858741164207458,0.9131911396980286,-0.2901313304901123,-0.2174024134874344,1.494189739227295,0.01663406565785408,0.8653935194015503,2.4136252403259277,-1.6831936836242676,-0.30390167236328125,1.1063086986541748,0.5516112446784973,-0.30513790249824524,-0.31378909945487976,0.46045494079589844,0.39711129665374756,0.2954742908477783,0.2771388292312622,-0.006701639853417873,-0.714702844619751,-0.8477120399475098,-0.07856131345033646,0.8593298196792603,1.5224757194519043,-1.234340786933899,-1.456735610961914,-0.2876032292842865,-0.3243210017681122,0.43171530961990356,0.3837878406047821,0.306165874004364,0.2627260982990265,-0.016120903193950653,-0.721248209476471,-0.8528521060943604,-0.08478184789419174,0.8552625179290771,1.5256085395812988,-1.2537277936935425,-1.4653363227844238,-0.17622807621955872,0.15634046494960785,0.2968918979167938,0.13560111820697784,-0.04956735670566559,0.15308603644371033,-1.0201833248138428,0.041243188083171844,0.40706315636634827,0.04344898834824562,1.388383388519287,0.24589918553829193,0.043011847883462906,0.07010813057422638
5.822,-0.0002656718424987048,0.0012567314552143216,-0.0190894678235054,-0.0001289151405217126,-8.961003186414018e-05,-0.00014965995796956122,-4.8149114917350744e-08,-1.4763080535828976e-08,-1.0,0.20000000298023224,0.0,0.0,0.0,-0.29288843274116516,-0.3195030093193054,0.4408535361289978,0.3875954747200012,0.3029159903526306,0.26710301637649536,-0.01503982488065958,-0.7153226137161255,-0.8480953574180603,-0.08143015950918198,0.8441599607467651,1.523506999015808,-1.2422477006912231,-1.4607630968093872,-0.20360197126865387,0.14841565489768982,0.11326663196086884,0.37003248929977417,-0.16170738637447357,0.19872403144836426,-1.2573457956314087,0.2881312370300293,0.0066874148324131966,0.18934081494808197,2.9083292484283447,0.10299176722764969,-2.2630913257598877,0.29826852679252625,-0.6688219904899597,-0.5886482000350952,0.9858741164207458,0.9131911396980286,-0.2901313304901123,-0.2174024134874344,1.494189739227295,0.01663406565785408,0.8653935194015503,2.4136252403259277,-1.6831936836242676,-0.30390167236328125,1.1063086986541748,0.5516112446784973,0.20000000298023224,-0.5692298412322998,-0.6683531999588013,0.8654677271842957,0.8323568105697632,-0.2783879041671753,-0.2954331636428833,1.4559053182601929,0.02268025651574135,0.8707223534584045,2.3949403762817383,-1.7313032150268555,-0.24599622189998627,1.0031019449234009,0.5030285120010376,-0.3010333180427551,-0.31786659359931946,0.4549107253551483,0.4009247124195099,0.2905806303024292,0.27420774102211,0.0006092255935072899,-0.7091142535209656,-0.8454174399375916,-0.07767501473426819,0.8495335578918457,1.5285810232162476,-1.2315424680709839,-1.4594656229019165,-0.29465019702911377,-0.31822577118873596,0.44426339864730835,0.39036110043525696,0.30144405364990234,0.26884710788726807,-0.013232524506747723,-0.7133893966674805,-0.8482028245925903,-0.08048602193593979,0.8441781401634216,1.523116111755371,-1.2416211366653442,-1.456479787826538,-0.16327060759067535,0.1194796934723854,0.04326055943965912,0.24621371924877167,-0.13305319845676422,0.15557131171226501,-0.9365684390068054,0.09413855522871017,-0.017662573605775833,0.051881276071071625,2.626455783843994,0.014428164809942245,-1.7529394626617432,0.24402925372123718
5.841,-0.0002656718424987048,0.0012567314552143216,-0.0190894678235054,-2.0977448002668098e-05,6.010313154547475e-05,-7.911615284683648e-06,-4.47091430544333e-08,1.1447600201108799e-08,-1.0,0.20000000298023224,0.0,0.0,0.0,-0.294085294008255,-0.31916356086730957,0.44506004452705383,0.3942512273788452,0.2984073758125305,0.26877689361572266,-0.007517850026488304,-0.7097415924072266,-0.8459171652793884,-0.07927210628986359,0.8427711129188538,1.5257190465927124,-1.2397898435592651,-1.461803674697876,-0.052451297640800476,0.019061261788010597,-0.019286857917904854,0.13226953148841858,-0.16917145252227783,0.09519706666469574,0.6302696466445923,0.6959952116012573,-0.04443829134106636,-0.03449784964323044,0.14086684584617615,-0.8099663853645325,0.06006086990237236,1.1390303373336792,-0.5692298412322998,-0.6683531999588013,0.8654677271842957,0.8323568105697632,-0.2783879041671753,-0.2954331636428833,1.4559053182601929,0.02268025651574135,0.8707223534584045,2.3949403762817383,-1.7313032150268555,-0.24599622189998627,1.0031019449234009,0.5030285120010376,0.1809999942779541,-0.6554809808731079,-0.6162325143814087,0.9222966432571411,0.8835500478744507,-0.2633831799030304,-0.2417132705450058,1.3296403884887695,-0.005661413073539734,0.9149759411811829,2.4071319103240967,-1.7167757749557495,-0.3460736870765686,1.0346423387527466,0.5676215291023254,-0.30637475848197937,-0.3159165382385254,0.45615825057029724,0.40909478068351746,0.28816619515419006,0.27723485231399536,-0.006168574560433626,-0.7074775695800781,-0.8391563892364502,-0.07574682682752609,0.8431493043899536,1.5234575271606445,-1.2261497974395752,-1.4551904201507568,-0.29506272077560425,-0.3185223639011383,0.4456771910190582,0.3965551257133484,0.2968617379665375,0.26963990926742554,-0.0021485118195414543,-0.7074783444404602,-0.8461138606071472,-0.07929984480142593,0.8441017866134644,1.5268094539642334,-1.2351624965667725,-1.4586793184280396,-0.10072630643844604,0.06812047213315964,0.22030289471149445,0.11990191042423248,-0.1415836364030838,0.07898716628551483,1.0191301107406616,0.18163087964057922,-0.010830637998878956,0.002875911770388484,-1.1248319149017334,-0.19182854890823364,1.5170841217041016,0.6318573355674744
5.86,-0.0002612672687973827,0.001234697992913425,-0.019070954993367195,0.00012077625433448702,0.00012881020666100085,0.00015151331899687648,2.1113399029104585e-08,-6.54149303613849e-08,-1.0,0.20000000298023224,0.0,0.0,0.0,-0.29823243618011475,-0.3159230351448059,0.44793128967285156,0.40033382177352905,0.2936735153198242,0.2716768682003021,-0.0022836599964648485,-0.7055662274360657,-0.8405788540840149,-0.07803191989660263,0.8459576964378357,1.5236197710037231,-1.2231916189193726,-1.453665852546692,-0.1802263855934143,0.09273083508014679,0.34755346179008484,0.24018721282482147,-0.12492790073156357,0.10852585732936859,0.5508193969726562,0.24416027963161469,0.06512872129678726,0.16876021027565002,-1.4507498741149902,-0.7252538204193115,1.9470950365066528,0.81949782371521,-0.6554809808731079,-0.6162325143814087,0.9222966432571411,0.8835500478744507,-0.2633831799030304,-0.2417132705450058,1.3296403884887695,-0.005661413073539734,0.9149759411811829,2.4071319103240967,-1.7167757749557495,-0.3460736870765686,1.0346423387527466,0.5676215291023254,0.16099999845027924,-0.749093234539032,-0.5527770519256592,0.9140391945838928,1.0171723365783691,-0.30960386991500854,-0.18803510069847107,1.3538445234298706,0.06994860619306564,0.9114593863487244,2.4057397842407227,-1.7187139987945557,-0.4031204581260681,1.1377662420272827,0.6114884614944458,-0.32000914216041565,-0.30801093578338623,0.4563305377960205,0.4289930760860443,0.2816125750541687,0.28502437472343445,-0.009170401841402054,-0.6986072063446045,-0.8344992399215698,-0.0743434876203537,0.8378480672836304,1.5136539936065674,-1.211523175239563,-1.4473835229873657,-0.29823243618011475,-0.3159230351448059,0.44793128967285156,0.40033382177352905,0.2936735153198242,0.2716768682003021,-0.0022836599964648485,-0.7055662274360657,-0.8405788540840149,-0.07803191989660263,0.8459576964378357,1.5236197710037231,-1.2231916189193726,-1.453665852546692,-0.1802263855934143,0.09273083508014679,0.34755346179008484,0.24018721282482147,-0.12492790073156357,0.10852585732936859,0.5508193969726562,0.24416027963161469,0.06512872129678726,0.16876021027565002,-1.4507498741149902,-0.7252538204193115,1.9470950365066528,0.81949782371521
5.88,-0.0002612672687973827,0.001234697992913425,-0.019070954993367195,9.654624591348693e-05,0.00015749568410683423,0.00013558348291553557,4.109523388251546e-08,-5.981063111448748e-08,-1.0,0.20000000298023224,0.0,0.0,0.0,-0.303429514169693,-0.31262683868408203,0.4503025710582733,0.40724432468414307,0.2900942265987396,0.27532681822776794,-0.005867164582014084,-0.7005769610404968,-0.8352785706520081,-0.07658060640096664,0.8439222574234009,1.5194534063339233,-1.2130647897720337,-1.451999306678772,-0.27022019028663635,0.21986670792102814,0.37403908371925354,0.406978577375412,-0.18647070229053497,0.18474054336547852,1.0582842826843262,0.6962927579879761,0.09108110517263412,0.11727751046419144,-3.379114866256714,-1.594176173210144,3.4488565921783447,2.2549476623535156,-0.749093234539032,-0.5527770519256592,0.9140391945838928,1.0171723365783691,-0.30960386991500854,-0.18803510069847107,1.3538445234298706,0.06994860619306564,0.9114593863487244,2.4057397842407227,-1.7187139987945557,-0.4031204581260681,1.1377662420272827,0.6114884614944458,0.14100000262260437,-0.7908427119255066,-0.5252885818481445,0.7999511361122131,1.1125965118408203,-0.31926199793815613,-0.15909534692764282,1.2948567867279053,0.12554936110973358,0.9286564588546753,2.3598108291625977,-1.6964057683944702,-0.4207759499549866,1.1666321754455566,0.6116078495979309,-0.33509159088134766,-0.2989376187324524,0.44505956768989563,0.45445412397384644,0.27540385723114014,0.2941499650478363,-0.01747063733637333,-0.6859508156776428,-0.8290537595748901,-0.07781371474266052,0.8358379006385803,1.5040456056594849,-1.1969352960586548,-1.4411261081695557,-0.303429514169693,-0.31262683868408203,0.4503025710582733,0.40724432468414307,0.2900942265987396,0.27532681822776794,-0.005867164582014084,-0.7005769610404968,-0.8352785706520081,-0.07658060640096664,0.8439222574234009,1.5194534063339233,-1.2130647897720337,-1.451999306678772,-0.27022019028663635,0.21986670792102814,0.37403908371925354,0.406978577375412,-0.18647070229053497,0.18474054336547852,1.0582842826843262,0.6962927579879761,0.09108110517263412,0.11727751046419144,-3.379114866256714,-1.594176173210144,3.4488565921783447,2.2549476623535156
5.9,-0.00023489849991165102,0.0010395353892818093,-0.018940957263112068,0.00013451477570924908,0.00010969598224619403,0.00016098006744869053,1.2997970699757389e-08,-9.708772097383189e-08,-1.0,0.20000000298023224,0.0,0.0,0.0,-0.31052038073539734,-0.30786123871803284,0.4486718475818634,0.42093589901924133,0.28508272767066956,0.28056055307388306,-0.013749665580689907,-0.691627025604248,-0.8301125764846802,-0.07935485988855362,0.836259663105011,1.510919451713562,-1.1981557607650757,-1.4448132514953613,-0.39191561937332153,0.21756218373775482,0.0218330267816782,0.8908593654632568,-0.20257766544818878,0.25093457102775574,0.7914208769798279,0.7526511549949646,0.12804226577281952,-0.09631957858800888,-3.363755702972412,-0.774608314037323,3.1513659954071045,0.5131039023399353,-0.7908427119255066,-0.5252885818481445,0.7999511361122131,1.1125965118408203,-0.31926199793815613,-0.15909534692764282,1.2948567867279053,0.12554936110973358,0.9286564588546753,2.3598108291625977,-1.6964057683944702,-0.4207759499549866,1.1666321754455566,0.6116078495979309,0.12099999934434891,-0.7825635671615601,-0.48961877822875977,0.7737228274345398,1.1394586563110352,-0.30736029148101807,-0.1916041523218155,1.2796000242233276,0.11676719784736633,0.9027382135391235,2.3724515438079834,-1.693598747253418,-0.42923080921173096,1.140886902809143,0.623713493347168,-0.3463296592235565,-0.28811198472976685,0.43341994285583496,0.47750917077064514,0.2716270685195923,0.2981995642185211,-0.025636501610279083,-0.676703929901123,-0.8272891640663147,-0.07932581752538681,0.8345105051994324,1.4955134391784668,-1.1878396272659302,-1.4349095821380615,-0.31052038073539734,-0.30786123871803284,0.4486718475818634,0.42093589901924133,0.28508272767066956,0.28056055307388306,-0.013749665580689907,-0.691627025604248,-0.8301125764846802,-0.07935485988855362,0.836259663105011,1.510919451713562,-1.1981557607650757,-1.4448132514953613,-0.39191561937332153,0.21756218373775482,0.0218330267816782,0.8908593654632568,-0.20257766544818878,0.25093457102775574,0.7914208769798279,0.7526511549949646,0.12804226577281952,-0.09631957858800888,-3.363755702972412,-0.774608314037323,3.1513659954071045,0.5131039023399353
5.921,-0.00023489849991165102,0.0010395353892818093,-0.018940957263112068,0.00013498209591489285,0.00010521126387175173,0.00015768427692819387,-3.953801730460782e-09,-1.335244093070287e-07,-1.0,0.20000000298023224,0.0,0.0,0.0,-0.3195653557777405,-0.30179283022880554,0.4416988790035248,0.44045740365982056,0.28007856011390686,0.2865382730960846,-0.024829158559441566,-0.679177463054657,-0.827912449836731,-0.0808689147233963,0.8294667601585388,1.5014125108718872,-1.1887441873550415,-1.4378565549850464,-0.3995553255081177,0.2559126615524292,-0.14338016510009766,1.0360814332962036,-0.1896347552537918,0.2230628877878189,0.849165141582489,0.5822522640228271,-0.03627699241042137,0.018740130588412285,-3.3401832580566406,-0.5523639917373657,2.4996140003204346,0.6624870300292969,-0.7825635671615601,-0.48961877822875977,0.7737228274345398,1.1394586563110352,-0.30736029148101807,-0.1916041523218155,1.2796000242233276,0.11676719784736633,0.9027382135391235,2.3724515438079834,-1.693598747253418,-0.42923080921173096,1.140886902809143,0.623713493347168,0.10100000351667404,-0.7508286833763123,-0.5107740163803101,0.7644715309143066,1.1287686824798584,-0.31397369503974915,-0.20757706463336945,1.241430401802063,0.1458427906036377,0.885779857635498,2.3573973178863525,-1.6827059984207153,-0.4285697638988495,1.1260396242141724,0.6291559338569641,-0.35214659571647644,-0.2815670073032379,0.4231831133365631,0.494884192943573,0.2679442763328552,0.2998419404029846,-0.03598615527153015,-0.6663988828659058,-0.8275733590126038,-0.0820409283041954,0.8345378637313843,1.4887537956237793,-1.182047724723816,-1.4293920993804932,-0.32315003871917725,-0.29950568079948425,0.43805938959121704,0.4497924745082855,0.27840977907180786,0.28853195905685425,-0.027988046407699585,-0.6760105490684509,-0.8281217813491821,-0.08075246214866638,0.8250812292098999,1.4994131326675415,-1.1895394325256348,-1.4345858097076416,-0.3342716693878174,0.212962806224823,-0.0699496641755104,0.7962215542793274,-0.15302376449108124,0.18291625380516052,0.9873567819595337,0.21468858420848846,-0.007868952117860317,0.005931123625487089,-3.065629005432129,-0.25951582193374634,1.7710880041122437,0.36684125661849976
5.941,-0.0002111782960128039,0.0008585225441493094,-0.018857039511203766,-0.00016481619968544692,-7.85650554462336e-05,-0.00017767155077308416,-2.1846418007953616e-08,-1.0820212992257439e-07,-1.0,0.20000000298023224,0.0,0.0,0.0,-0.32840588688850403,-0.29525548219680786,0.43352243304252625,0.4593728482723236,0.2756979763507843,0.29167428612709045,-0.033040281385183334,-0.6704131960868835,-0.8276955485343933,-0.08294574171304703,0.8261368870735168,1.493068814277649,-1.1869361400604248,-1.4323371648788452,-0.414709210395813,0.30168238282203674,-0.18198691308498383,1.1562445163726807,-0.1865021139383316,0.14965543150901794,0.9893362522125244,0.458510160446167,-0.15379618108272552,-0.017205260694026947,-3.2388832569122314,0.036130331456661224,3.0885775089263916,-0.5566247701644897,-0.7508286833763123,-0.5107740163803101,0.7644715309143066,1.1287686824798584,-0.31397369503974915,-0.20757706463336945,1.241430401802063,0.1458427906036377,0.885779857635498,2.3573973178863525,-1.6827059984207153,-0.4285697638988495,1.1260396242141724,0.6291559338569641,0.08100000023841858,-0.7793540954589844,-0.4874289333820343,0.7695531249046326,1.147382140159607,-0.31820255517959595,-0.2006724327802658,1.2129493951797485,0.14665311574935913,0.883375346660614,2.340658187866211,-1.6518429517745972,-0.4485064446926117,1.1276284456253052,0.6343802213668823,-0.35965269804000854,-0.273996502161026,0.41550180315971375,0.5106455683708191,0.26457518339157104,0.30184632539749146,-0.04711397737264633,-0.6580738425254822,-0.8280411958694458,-0.08588692545890808,0.8376460075378418,1.48135244846344,-1.177255392074585,-1.4244556427001953,-0.33168646693229675,-0.29290395975112915,0.4295192062854767,0.46844282746315,0.27411866188049316,0.293016642332077,-0.03582759574055672,-0.666825532913208,-0.8283944725990295,-0.08319274336099625,0.8231232762336731,1.491287350654602,-1.1830989122390747,-1.4310849905014038,-0.297225683927536,0.21270860731601715,-0.09410480409860611,0.8012353181838989,-0.1421293169260025,0.12421458959579468,1.0277881622314453,0.2136910855770111,-0.023723235353827477,-0.02201961539685726,-3.057332754135132,-0.03387471288442612,2.1762681007385254,0.1201070100069046
5.96,-0.0002111782960128039,0.0008585225441493094,-0.018857039511203766,-0.00017064188432414085,-8.171859371941537e-05,-0.0001826601946959272,-1.1697715507352768e-07,6.544622976889514e-08,-1.0,0.20000000298023224,0.0,0.0,0.0,-0.33687976002693176,-0.2885104715824127,0.42381542921066284,0.4779771566390991,0.2715871334075928,0.2957400679588318,-0.045670751482248306,-0.6604862809181213,-0.8283348679542542,-0.08651132881641388,0.8340967297554016,1.4848767518997192,-1.1823352575302124,-1.4277037382125854,-0.3559747636318207,0.29088836908340454,-0.7076647877693176,0.9639042019844055,-0.16575095057487488,0.10157885402441025,-1.6795125007629395,0.5399250984191895,-0.133583664894104,-0.0856700912117958,2.7048401832580566,-0.456796258687973,-1.2281297445297241,0.3671586513519287,-0.7793540954589844,-0.4874289333820343,0.7695531249046326,1.147382140159607,-0.31820255517959595,-0.2006724327802658,1.2129493951797485,0.14665311574935913,0.883375346660614,2.340658187866211,-1.6518429517745972,-0.4485064446926117,1.1276284456253052,0.6343802213668823,0.061000000685453415,-0.5785585641860962,-0.6595953106880188,0.8031488656997681,0.926216185092926,-0.4305862486362457,-0.294927716255188,1.3591556549072266,0.08257973194122314,0.8394630551338196,2.3370590209960938,-1.6169945001602173,-0.34240415692329407,1.0471524000167847,0.4928564727306366,-0.34557801485061646,-0.2851567268371582,0.4127163290977478,0.5011380910873413,0.25064152479171753,0.2940242886543274,-0.04139561206102371,-0.6578211188316345,-0.8328067064285278,-0.08932364732027054,0.8436173796653748,1.48604154586792,-1.1814690828323364,-1.4346588850021362,-0.33687976002693176,-0.2885104715824127,0.42381542921066284,0.4779771566390991,0.2715871334075928,0.2957400679588318,-0.045670751482248306,-0.6604862809181213,-0.8283348679542542,-0.08651132881641388,0.8340967297554016,1.4848767518997192,-1.1823352575302124,-1.4277037382125854,-0.3559747636318207,0.29088836908340454,-0.7076647877693176,0.9639042019844055,-0.16575095057487488,0.10157885402441025,-1.6795125007629395,0.5399250984191895,-0.133583664894104,-0.0856700912117958,2.7048401832580566,-0.456796258687973,-1.2281297445297241,0.3671586513519287
5.981,-0.00022060137416701764,0.0009705399861559272,-0.018939480185508728,9.325690189143643e-05,0.00014506305160466582,0.0001244098093593493,-1.0211729772890976e-07,7.420896963594714e-08,-1.0,0.20000000298023224,0.0,0.0,0.0,-0.34024834632873535,-0.2862868010997772,0.41609907150268555,0.4907568395137787,0.2670351266860962,0.29588815569877625,-0.04742909222841263,-0.6567447185516357,-0.8306271433830261,-0.08884596824645996,0.8286556005477905,1.4864609241485596,-1.1856428384780884,-1.4320708513259888,0.000546658702660352,-0.00806872546672821,-0.5074442028999329,0.3718024790287018,-0.36608681082725525,-0.07133787870407104,-0.13127359747886658,-0.10810387134552002,-0.39210161566734314,-0.361862450838089,0.7913743853569031,0.9031486511230469,-1.4435843229293823,-1.4274896383285522,-0.5785585641860962,-0.6595953106880188,0.8031488656997681,0.926216185092926,-0.4305862486362457,-0.294927716255188,1.3591556549072266,0.08257973194122314,0.8394630551338196,2.3370590209960938,-1.6169945001602173,-0.34240415692329407,1.0471524000167847,0.4928564727306366,0.04100000113248825,-0.595716655254364,-0.603941023349762,0.9223433136940002,0.8517098426818848,-0.303950697183609,-0.27617937326431274,1.220376968383789,0.06524710357189178,0.8618888258934021,2.330374002456665,-1.6702507734298706,-0.3454771041870117,1.029498815536499,0.5491124987602234,-0.33603405952453613,-0.2885194718837738,0.4224074184894562,0.48608145117759705,0.25215816497802734,0.28964149951934814,-0.05069878697395325,-0.65935218334198,-0.8343765139579773,-0.09274151921272278,0.8430688381195068,1.489485502243042,-1.186605453491211,-1.437195897102356,-0.3409549593925476,-0.2856847941875458,0.4128904938697815,0.49316051602363586,0.2638578712940216,0.2953379154205322,-0.046426694840192795,-0.6564391255378723,-0.8326753377914429,-0.090450219810009,0.8320927023887634,1.4860444068908691,-1.188808560371399,-1.4331988096237183,-0.07969115674495697,0.06743952631950378,-0.4670807421207428,0.3003315031528473,-0.2838343679904938,-0.04693356156349182,-0.9433822631835938,-0.09494894742965698,-0.11480922996997833,-0.07620508968830109,2.657435178756714,0.26356229186058044,-1.723620891571045,-0.4582822620868683
6.0,-0.00022060137416701764,0.0009705399861559272,-0.018939480185508728,-0.00012931786477565765,-0.00014228170039132237,-0.00015796383377164602,-6.648502903772169e-08,1.0789153037649157e-07,-1.0,0.20000000298023224,0.0,0.0,0.0,-0.3392588496208191,-0.2871730327606201,0.4132745862007141,0.4924318492412567,0.26253801584243774,0.29345691204071045,-0.04819772392511368,-0.6581943035125732,-0.8349116444587708,-0.09319233894348145,0.8367563486099243,1.4889389276504517,-1.1880894899368286,-1.4368226528167725,0.0693383663892746,0.010771621949970722,-0.1345401257276535,-0.04601944237947464,-0.21515390276908875,-0.10874404013156891,-1.550243616104126,-0.2933832108974457,0.007490852382034063,-0.26613205671310425,3.2680892944335938,0.770630955696106,-2.0083911418914795,-0.959601879119873,-0.595716655254364,-0.603941023349762,0.9223433136940002,0.8517098426818848,-0.303950697183609,-0.27617937326431274,1.220376968383789,0.06524710357189178,0.8618888258934021,2.330374002456665,-1.6702507734298706,-0.3454771041870117,1.029498815536499,0.5491124987602234,0.020999999716877937,-0.5552936792373657,-0.6593210697174072,0.9201279878616333,0.7673644423484802,-0.35163646936416626,-0.28448885679244995,1.3302217721939087,0.054000139236450195,0.8452726602554321,2.3018600940704346,-1.6549746990203857,-0.27176275849342346,1.0399456024169922,0.4590807855129242,-0.3243566155433655,-0.29674768447875977,0.42993873357772827,0.4656016230583191,0.24860289692878723,0.28530430793762207,-0.04715684801340103,-0.6617017388343811,-0.8372939825057983,-0.09832721203565598,0.8441576361656189,1.4996120929718018,-1.1896698474884033,-1.4482287168502808,-0.3392588496208191,-0.2871730327606201,0.4132745862007141,0.4924318492412567,0.26253801584243774,0.29345691204071045,-0.04819772392511368,-0.6581943035125732,-0.8349116444587708,-0.09319233894348145,0.8367563486099243,1.4889389276504517,-1.1880894899368286,-1.4368226528167725,0.0693383663892746,0.010771621949970722,-0.1345401257276535,-0.04601944237947464,-0.21515390276908875,-0.10874404013156891,-1.550243616104126,-0.2933832108974457,0.007490852382034063,-0.26613205671310425,3.2680892944335938,0.770630955696106,-2.0083911418914795,-0.959601879119873
6.021,-0.0002321238280273974,0.0010682122083380818,-0.019047366455197334,-0.00015724457625765353,-0.00010949365241685882,-0.00017713394481688738,8.373810089778999e-08,-3.7383333761908943e-08,-1.0,0.20000000298023224,0.0,0.0,0.0,-0.3361264169216156,-0.28890687227249146,0.41689592599868774,0.4875090718269348,0.25740742683410645,0.2909863293170929,-0.04831790551543236,-0.6610707640647888,-0.8364025950431824,-0.0978349894285202,0.8347641825675964,1.4951328039169312,-1.188537359237671,-1.4470582008361816,0.17720426619052887,-0.07512694597244263,0.5421128869056702,-0.7333155274391174,-0.2149004191160202,-0.15474125742912292,1.4816778898239136,-0.018377121537923813,-0.3873857855796814,-0.5049196481704712,-3.0284926891326904,-0.006712606642395258,1.711248755455017,0.0073419432155787945,-0.5552936792373657,-0.6593210697174072,0.9201279878616333,0.7673644423484802,-0.35163646936416626,-0.28448885679244995,1.3302217721939087,0.054000139236450195,0.8452726602554321,2.3018600940704346,-1.6549746990203857,-0.27176275849342346,1.0399456024169922,0.4590807855129242,0.0010000000474974513,-0.6702156662940979,-0.5338959693908691,1.0293495655059814,0.9232252836227417,-0.26787105202674866,-0.13047924637794495,1.1767456531524658,0.0646962821483612,0.9331320524215698,2.2688000202178955,-1.7482162714004517,-0.3683077096939087,1.1698169708251953,0.6023679375648499,-0.3265068829059601,-0.2907877564430237,0.44688594341278076,0.4648038446903229,0.25413522124290466,0.29723554849624634,-0.059670910239219666,-0.6625118255615234,-0.8308420181274414,-0.10610176622867584,0.835704505443573,1.4980590343475342,-1.1791342496871948,-1.4427262544631958,-0.3361264169216156,-0.28890687227249146,0.41689592599868774,0.4875090718269348,0.25740742683410645,0.2909863293170929,-0.04831790551543236,-0.6610707640647888,-0.8364025950431824,-0.0978349894285202,0.8347641825675964,1.4951328039169312,-1.188537359237671,-1.4470582008361816,0.17720426619052887,-0.07512694597244263,0.5421128869056702,-0.7333155274391174,-0.2149004191160202,-0.15474125742912292,1.4816778898239136,-0.018377121537923813,-0.3873857855796814,-0.5049196481704712,-3.0284926891326904,-0.006712606642395258,1.711248755455017,0.0073419432155787945
6.04,-0.0002321238280273974,0.0010682122083380818,-0.019047366455197334,0.00013060570927336812,0.00015053330571390688,0.0001652672071941197,1.0000147909750012e-07,-3.253718716678122e-08,-1.0,0.20000000298023224,0.0,0.0,0.0,-0.3356838524341583,-0.28738150000572205,0.4229482412338257,0.4776674211025238,0.25580909848213196,0.2916860282421112,-0.05235208943486214,-0.6618086695671082,-0.8338169455528259,-0.10755587369203568,0.8345682621002197,1.4948629140853882,-1.1795432567596436,-1.443700909614563,0.0841330736875534,0.05348554626107216,0.767849862575531,-0.5294232964515686,-0.018257848918437958,0.07348237931728363,0.6709473133087158,0.15240252017974854,0.43093636631965637,-0.2708195149898529,-2.7701525688171387,-0.8214752674102783,3.08185076713562,1.1554102897644043,-0.6702156662940979,-0.5338959693908691,1.0293495655059814,0.9232252836227417,-0.26787105202674866,-0.13047924637794495,1.1767456531524658,0.0646962821483612,0.9331320524215698,2.2688000202178955,-1.7482162714004517,-0.3683077096939087,1.1698169708251953,0.6023679375648499,5.980999946594238,0.2418373078107834,-0.30999240279197693,-0.9189124703407288,0.3950173854827881,-0.22181232273578644,0.35451042652130127,1.3863619565963745,-0.09847015887498856,1.3007564544677734,1.127517819404602,-0.6428338289260864,0.7881001830101013,-0.0877489298582077,-0.6848670840263367,-0.2370217889547348,-0.2636294364929199,0.2656174898147583,0.4113447964191437,0.26316696405410767,0.35527947545051575,-0.048720527440309525,-0.6794764995574951,-0.7889179587364197,-0.2264496386051178,0.939480185508728,1.612457275390625,-1.2964622974395752,-1.5670477151870728,-0.3356838524341583,-0.28738150000572205,0.4229482412338257,0.4776674211025238,0.25580909848213196,0.2916860282421112,-0.05235208943486214,-0.6618086695671082,-0.8338169455528259,-0.10755587369203568,0.8345682621002197,1.4948629140853882,-1.1795432567596436,-1.443700909614563,0.0841330736875534,0.05348554626107216,0.767849862575531,-0.5294232964515686,-0.018257848918437958,0.07348237931728363,0.6709473133087158,0.15240252017974854,0.43093636631965637,-0.2708195149898529,-2.7701525688171387,-0.8214752674102783,3.08185076713562,1.1554102897644043
6.06,-0.0002096334210364148,0.000891365809366107,-0.018954044207930565,8.288279786938801e-05,4.578928928822279e-05,8.314134174725041e-05,2.800077254505595e-07,-3.2796623372632894e-07,-1.0,0.20000000298023224,0.0,0.0,0.0,-0.32570764422416687,-0.2832871079444885,0.4171183109283447,0.46845799684524536,0.2567627429962158,0.3031834065914154,-0.060920048505067825,-0.6693436503410339,-0.8069754242897034,-0.14889833331108093,0.8543988466262817,1.5263211727142334,-1.2665455341339111,-1.5265932083129883,1.1838265657424927,0.350557416677475,-2.2359707355499268,-1.1792165040969849,0.20315596461296082,0.9671415090560913,1.2825242280960083,-1.1809089183807373,1.6978317499160767,-4.151792526245117,-0.5049579739570618,3.75925350189209,-5.343552589416504,-7.832396030426025,0.2418373078107834,-0.30999240279197693,-0.9189124703407288,0.3950173854827881,-0.22181232273578644,0.35451042652130127,1.3863619565963745,-0.09847015887498856,1.3007564544677734,1.127517819404602,-0.6428338289260864,0.7881001830101013,-0.0877489298582077,-0.6848670840263367,5.960999965667725,0.4199780225753784,-0.28979089856147766,-1.3092765808105469,0.1116887778043747,-0.11531652510166168,0.10067351162433624,0.9989557266235352,-0.17272910475730896,1.2251440286636353,0.9600632786750793,-0.23462547361850739,1.0830695629119873,-0.7025102972984314,-1.0171339511871338,-0.14761963486671448,-0.23988264799118042,0.08156633377075195,0.34024471044540405,0.2810419201850891,0.3763309419155121,-0.07870084047317505,-0.7004740834236145,-0.762939989566803,-0.3394733965396881,1.063321590423584,1.7334728240966797,-1.45180082321167,-1.6997315883636475,-0.32570764422416687,-0.2832871079444885,0.4171183109283447,0.46845799684524536,0.2567627429962158,0.3031834065914154,-0.060920048505067825,-0.6693436503410339,-0.8069754242897034,-0.14889833331108093,0.8543988466262817,1.5263211727142334,-1.2665455341339111,-1.5265932083129883,1.1838265657424927,0.350557416677475,-2.2359707355499268,-1.1792165040969849,0.20315596461296082,0.9671415090560913,1.2825242280960083,-1.1809089183807373,1.6978317499160767,-4.151792526245117,-0.5049579739570618,3.75925350189209,-5.343552589416504,-7.832396030426025
6.08,-0.0002096334210364148,0.000891365809366107,-0.018954044207930565,0.00011014179472113028,6.801467679906636e-05,0.00010200704855378717,1.1055406901050446e-07,-1.7740570967816893e-07,-1.0,0.20000000298023224,0.0,0.0,0.0,-0.30499300360679626,-0.27597084641456604,0.3470657169818878,0.4431163966655731,0.26003140211105347,0.32542237639427185,-0.06153029203414917,-0.6860611438751221,-0.7817884683609009,-0.2206287533044815,0.9141550660133362,1.591863989830017,-1.3601363897323608,-1.6220844984054565,0.8629140257835388,0.8297502398490906,-4.9609174728393555,-1.8519785404205322,0.6204624176025391,1.851243019104004,-0.25688087940216064,-0.9947036504745483,2.7530744075775146,-6.5976996421813965,4.26725435256958,6.618247032165527,-10.011310577392578,-14.091967582702637,0.4199780225753784,-0.28979089856147766,-1.3092765808105469,0.1116887778043747,-0.11531652510166168,0.10067351162433624,0.9989557266235352,-0.17272910475730896,1.2251440286636353,0.9600632786750793,-0.23462547361850739,1.0830695629119873,-0.7025102972984314,-1.0171339511871338,5.940999984741211,0.2522909641265869,-0.2778331935405731,-1.6374822854995728,0.08338504284620285,-0.14861896634101868,-0.021530143916606903,0.702192485332489,-2.4750828742980957e-05,1.025447964668274,0.8594489693641663,0.03776836395263672,1.088356852531433,-0.9836254119873047,-1.2694157361984253,-0.09286661446094513,-0.21968944370746613,-0.09849516302347183,0.2805342972278595,0.29201164841651917,0.38095176219940186,-0.13236142694950104,-0.7000017166137695,-0.762127161026001,-0.43995386362075806,1.189634084701538,1.8308138847351074,-1.604183316230774,-1.8311069011688232,-0.30499300360679626,-0.27597084641456604,0.3470657169818878,0.4431163966655731,0.26003140211105347,0.32542237639427185,-0.06153029203414917,-0.6860611438751221,-0.7817884683609009,-0.2206287533044815,0.9141550660133362,1.591863989830017,-1.3601363897323608,-1.6220844984054565,0.8629140257835388,0.8297502398490906,-4.9609174728393555,-1.8519785404205322,0.6204624176025391,1.851243019104004,-0.25688087940216064,-0.9947036504745483,2.7530744075775146,-6.5976996421813965,4.26725435256958,6.618247032165527,-10.011310577392578,-14.091967582702637
6.1,-0.00018863046716433018,0.0007091775769367814,-0.018902171403169632,-0.00015228155825752765,-0.00010659449617378414,-0.00015190210251603276,7.785972400142782e-08,2.3488880174227234e-07,-1.0,0.20000000298023224,0.0,0.0,0.0,-0.2771100103855133,-0.26287946105003357,0.2204936295747757,0.39323076605796814,0.2697356641292572,0.34546810388565063,-0.09085044264793396,-0.698810338973999,-0.7656853795051575,-0.3295826315879822,1.02875816822052,1.6925426721572876,-1.5315865278244019,-1.7937066555023193,2.4573283195495605,0.6668779850006104,-7.568645477294922,-3.0793769359588623,0.4474376142024994,0.6341309547424316,-1.692461371421814,-0.35500845313072205,0.26656490564346313,-5.455373764038086,4.463552474975586,4.946028709411621,-6.924712181091309,-6.870823383331299,0.2522909641265869,-0.2778331935405731,-1.6374822854995728,0.08338504284620285,-0.14861896634101868,-0.021530143916606903,0.702192485332489,-2.4750828742980957e-05,1.025447964668274,0.8594489693641663,0.03776836395263672,1.088356852531433,-0.9836254119873047,-1.2694157361984253,5.921000003814697,0.3190789222717285,-0.2446148544549942,-1.5877668857574463,0.024438660591840744,-0.15086789429187775,-0.14385010302066803,0.7425873279571533,-0.24424153566360474,1.0536202192306519,0.8753546476364136,0.13379664719104767,1.36143958568573,-1.0557632446289062,-1.3834753036499023,-0.04238539934158325,-0.20021304488182068,-0.2375728189945221,0.2268713116645813,0.3005625307559967,0.3724164068698883,-0.17125040292739868,-0.7240455150604248,-0.7586597204208374,-0.5187476277351379,1.3002870082855225,1.935995101928711,-1.7333029508590698,-1.9476131200790405,-0.2539643347263336,-0.2567426860332489,0.14557844400405884,0.3662956953048706,0.27376455068588257,0.35120028257369995,-0.1144503578543663,-0.7014911770820618,-0.7637476325035095,-0.3727847635746002,1.0792193412780762,1.736911654472351,-1.5802301168441772,-1.8276045322418213,2.1812825202941895,0.5737972259521484,-6.8082709312438965,-2.415712833404541,0.36582982540130615,0.5313487648963928,-1.6002196073532104,-0.04299269616603851,0.14853855967521667,-3.4752557277679443,2.9644477367401123,3.724099636077881,-2.2623629570007324,-1.228406548500061
6.12,-0.00018863046716433018,0.0007091775769367814,-0.018902171403169632,-2.366477929172106e-05,-1.8066893971990794e-06,-2.497357127140276e-05,4.6620009186426614e-08,2.1366945190948172e-07,-1.0,0.20000000298023224,0.0,0.0,0.0,-0.22896330058574677,-0.24858884513378143,0.0706891342997551,0.3393985629081726,0.27899959683418274,0.35496795177459717,-0.14297452569007874,-0.7087802886962891,-0.7608360052108765,-0.42745983600616455,1.1429247856140137,1.7939053773880005,-1.6761764287948608,-1.903390645980835,2.5347704887390137,0.765101969242096,-7.851446151733398,-2.8940134048461914,0.4441363215446472,0.22279952466487885,-2.600440502166748,-1.3372279405593872,0.29505857825279236,-5.146971225738525,5.554290771484375,5.964453220367432,-8.31370735168457,-6.654391288757324,0.3190789222717285,-0.2446148544549942,-1.5877668857574463,0.024438660591840744,-0.15086789429187775,-0.14385010302066803,0.7425873279571533,-0.24424153566360474,1.0536202192306519,0.8753546476364136,0.13379664719104767,1.36143958568573,-1.0557632446289062,-1.3834753036499023,5.901000022888184,0.2630154490470886,-0.15870101749897003,-1.5631866455078125,0.15023787319660187,-0.18030622601509094,-0.16812361776828766,0.742851734161377,-0.21421140432357788,1.0878159999847412,0.852206826210022,0.27269360423088074,1.3913942575454712,-1.2027312517166138,-1.427658200263977,-0.00760677270591259,-0.17604053020477295,-0.3463769257068634,0.1965208351612091,0.3044593930244446,0.36316078901290894,-0.2023351490497589,-0.7402775883674622,-0.7524662017822266,-0.5840974450111389,1.4026989936828613,2.0231354236602783,-1.8512954711914062,-2.045236349105835,-0.22896330058574677,-0.24858884513378143,0.0706891342997551,0.3393985629081726,0.27899959683418274,0.35496795177459717,-0.14297452569007874,-0.7087802886962891,-0.7608360052108765,-0.42745983600616455,1.1429247856140137,1.7939053773880005,-1.6761764287948608,-1.903390645980835,2.5347704887390137,0.765101969242096,-7.851446151733398,-2.8940134048461914,0.4441363215446472,0.22279952466487885,-2.600440502166748,-1.3372279405593872,0.29505857825279236,-5.146971225738525,5.554290771484375,5.964453220367432,-8.31370735168457,-6.654391288757324
6.14,-0.00017936903168447316,0.0006682643434032798,-0.018913110718131065,-2.000334279728122e-05,-7.957298294059001e-06,-1.860814700194169e-05,2.1698376428958e-08,2.920546933182777e-07,-1.0,0.20000000298023224,0.0,0.0,0.0,-0.18024228513240814,-0.2320997565984726,-0.07590726763010025,0.28771376609802246,0.287369042634964,0.35812124609947205,-0.18900065124034882,-0.7292788028717041,-0.7539756894111633,-0.5157737731933594,1.2519646883010864,1.8955215215682983,-1.8191018104553223,-2.0161561965942383,2.3445441722869873,0.8520984649658203,-7.272690296173096,-2.577125072479248,0.3657954931259155,-0.023547159507870674,-2.038821220397949,-1.2175121307373047,0.38767266273498535,-4.115102291107178,5.416396617889404,4.822602272033691,-6.813839435577393,-5.007444858551025,0.2630154490470886,-0.15870101749897003,-1.5631866455078125,0.15023787319660187,-0.18030622601509094,-0.16812361776828766,0.742851734161377,-0.21421140432357788,1.0878159999847412,0.852206826210022,0.27269360423088074,1.3913942575454712,-1.2027312517166138,-1.427658200263977,5.88100004196167,0.19069522619247437,-0.06832373142242432,-1.4203518629074097,0.33275818824768066,-0.22252359986305237,-0.16214977204799652,0.8259424567222595,-0.32538121938705444,1.146899938583374,0.8457319736480713,0.42349788546562195,1.4271109104156494,-1.297257423400879,-1.43979811668396,0.012984104454517365,-0.14766480028629303,-0.41913673281669617,0.19049248099327087,0.3033551573753357,0.35635364055633545,-0.2188938707113266,-0.7643802165985107,-0.7416030168533325,-0.6370247602462769,1.4997090101242065,2.096419334411621,-1.9551421403884888,-2.12454891204834,-0.18024228513240814,-0.2320997565984726,-0.07590726763010025,0.28771376609802246,0.287369042634964,0.35812124609947205,-0.18900065124034882,-0.7292788028717041,-0.7539756894111633,-0.5157737731933594,1.2519646883010864,1.8955215215682983,-1.8191018104553223,-2.0161561965942383,2.3445441722869873,0.8520984649658203,-7.272690296173096,-2.577125072479248,0.3657954931259155,-0.023547159507870674,-2.038821220397949,-1.2175121307373047,0.38767266273498535,-4.115102291107178,5.416396617889404,4.822602272033691,-6.813839435577393,-5.007444858551025
6.163,-0.00017936903168447316,0.0006682643434032798,-0.018913110718131065,-1.3848264643456787e-05,-5.27106612935313e-06,-1.2275292647245806e-05,-6.614265402049568e-08,2.988392964198283e-07,-1.0,0.20000000298023224,0.0,0.0,0.0,-0.13631194829940796,-0.21379774808883667,-0.20395252108573914,0.24802522361278534,0.29098910093307495,0.35739946365356445,-0.2181374728679657,-0.7490482330322266,-0.7428954839706421,-0.5881126523017883,1.3551132678985596,1.9860663414001465,-1.9355928897857666,-2.1000890731811523,2.027568817138672,0.993557333946228,-5.965681076049805,-1.704753041267395,0.26224711537361145,-0.14927348494529724,-1.0892698764801025,-1.4229741096496582,0.282918244600296,-3.3088598251342773,5.2677001953125,4.1929030418396,-5.843939781188965,-3.438087224960327,0.19069522619247437,-0.06832373142242432,-1.4203518629074097,0.33275818824768066,-0.22252359986305237,-0.16214977204799652,0.8259424567222595,-0.32538121938705444,1.146899938583374,0.8457319736480713,0.42349788546562195,1.4271109104156494,-1.297257423400879,-1.43979811668396,5.860000133514404,0.11555834859609604,0.022201381623744965,-1.290621042251587,0.5597855448722839,-0.2581949532032013,-0.1392170637845993,0.9157504439353943,-0.41173821687698364,1.188080072402954,0.8476175665855408,0.5494534373283386,1.4608527421951294,-1.380263328552246,-1.4466503858566284,0.021943118423223495,-0.11591169983148575,-0.4643715023994446,0.20837253332138062,0.2989046275615692,0.3532012104988098,-0.2231600433588028,-0.7922980189323425,-0.7287943959236145,-0.6791780591011047,1.5899126529693604,2.1584208011627197,-2.0465199947357178,-2.1886842250823975,-0.11761677265167236,-0.20475514233112335,-0.2566159665584564,0.23400962352752686,0.2932383120059967,0.3564908802509308,-0.22420552372932434,-0.7593926191329956,-0.7416037917137146,-0.6103991270065308,1.3987728357315063,2.0217466354370117,-1.9616055488586426,-2.1204755306243896,1.753760576248169,0.8422251343727112,-4.67557954788208,-1.2270718812942505,0.200123131275177,-0.05986596643924713,-0.23420779407024384,-0.6499986052513123,0.05501836538314819,-1.5985767841339111,3.7046620845794678,2.9617626667022705,-0.7963932752609253,-1.094193458557129
6.181,-0.0001724531757645309,0.0006511245737783611,-0.018927965313196182,-1.5756028005853295e-05,5.56896429770859e-06,-1.7299840692430735e-05,-1.394999458170787e-07,2.2873931015965354e-07,-1.0,0.20000000298023224,0.0,0.0,0.0,-0.09903602302074432,-0.19412662088871002,-0.30228909850120544,0.22815656661987305,0.2923445999622345,0.3556109368801117,-0.22787044942378998,-0.7692179679870605,-0.7316380143165588,-0.6411824226379395,1.4463586807250977,2.061004638671875,-2.010688304901123,-2.1572301387786865,1.6647318601608276,1.1903973817825317,-4.5665082931518555,-0.4917355179786682,0.1761932522058487,-0.22995491325855255,-0.4355752766132355,-1.6043442487716675,0.5614776611328125,-3.467432975769043,5.4982008934021,3.9307053089141846,-7.440067768096924,-3.8977863788604736,0.11555834859609604,0.022201381623744965,-1.290621042251587,0.5597855448722839,-0.2581949532032013,-0.1392170637845993,0.9157504439353943,-0.41173821687698364,1.188080072402954,0.8476175665855408,0.5494534373283386,1.4608527421951294,-1.380263328552246,-1.4466503858566284,5.841000080108643,0.07756279408931732,0.08053666353225708,-1.2474778890609741,0.7853929996490479,-0.2680860757827759,-0.08234870433807373,0.9931399822235107,-0.4304019510746002,1.2138208150863647,0.8143146634101868,0.6339564323425293,1.4633724689483643,-1.481726884841919,-1.4673328399658203,0.025310775265097618,-0.08467569202184677,-0.49624499678611755,0.2452373206615448,0.2943550944328308,0.3563660979270935,-0.2188340425491333,-0.8164986371994019,-0.715973436832428,-0.7162309885025024,1.6705257892608643,2.2082738876342773,-2.1297686100006104,-2.242060661315918,-0.08390985429286957,-0.1834891140460968,-0.34159091114997864,0.22324784100055695,0.29361334443092346,0.3542793393135071,-0.2284807562828064,-0.7831096649169922,-0.729156494140625,-0.6613234281539917,1.4907331466674805,2.092332601547241,-2.046290636062622,-2.1801693439483643,1.4136357307434082,0.9855273365974426,-3.459596633911133,-0.44044095277786255,0.104896180331707,-0.08271905779838562,0.15755489468574524,-1.0318186283111572,0.09399201720952988,-1.2631235122680664,3.777475357055664,2.6026275157928467,-1.335662603378296,-1.5516221523284912
6.2,-0.0001724531757645309,0.0006511245737783611,-0.018927965313196182,4.786794761457713e-06,3.223100065952167e-06,2.5204233224940253e-06,-1.6545992309602298e-07,2.7786154532805085e-07,-1.0,0.20000000298023224,0.0,0.0,0.0,-0.06857690215110779,-0.17024222016334534,-0.37865856289863586,0.22782225906848907,0.29197439551353455,0.35734662413597107,-0.2244870513677597,-0.7996203303337097,-0.7178568243980408,-0.6950888633728027,1.5411980152130127,2.1290197372436523,-2.1143715381622314,-2.2200369834899902,1.2938512563705444,1.2389780282974243,-3.338704824447632,0.5693619847297668,0.06795647740364075,-0.11373019963502884,0.3065532445907593,-1.71333646774292,0.3709891736507416,-1.7557424306869507,4.984543800354004,3.3795504570007324,-4.545711517333984,-3.598369598388672,0.07756279408931732,0.08053666353225708,-1.2474778890609741,0.7853929996490479,-0.2680860757827759,-0.08234870433807373,0.9931399822235107,-0.4304019510746002,1.2138208150863647,0.8143146634101868,0.6339564323425293,1.4633724689483643,-1.481726884841919,-1.4673328399658203,5.821000099182129,-0.00820682942867279,0.14860320091247559,-1.136629581451416,0.9658035635948181,-0.3264286518096924,-0.06360320001840591,1.0509566068649292,-0.47646307945251465,1.2686560153961182,0.8258644342422485,0.7035518288612366,1.487202763557434,-1.5168561935424805,-1.4717050790786743,0.019427936524152756,-0.05288023129105568,-0.5106589794158936,0.2927702069282532,0.28488120436668396,0.36077257990837097,-0.2095915675163269,-0.8404651880264282,-0.7002331614494324,-0.7447183728218079,1.7419759035110474,2.2505393028259277,-2.199880599975586,-2.2851991653442383,-0.06857690215110779,-0.17024222016334534,-0.37865856289863586,0.22782225906848907,0.29197439551353455,0.35734662413597107,-0.2244870513677597,-0.7996203303337097,-0.7178568243980408,-0.6950888633728027,1.5411980152130127,2.1290197372436523,-2.1143715381622314,-2.2200369834899902,1.2938512563705444,1.2389780282974243,-3.338704824447632,0.5693619847297668,0.06795647740364075,-0.11373019963502884,0.3065532445907593,-1.71333646774292,0.3709891736507416,-1.7557424306869507,4.984543800354004,3.3795504570007324,-4.545711517333984,-3.598369598388672
6.221,-0.0001675296516623348,0.0006293394835665822,-0.01894822157919407,1.2981883628526703e-05,2.082417813653592e-05,1.1781004104705062e-05,-1.5303308487091272e-07,2.1950391726477392e-07,-1.0,0.20000000298023224,0.0,0.0,0.0,-0.04921361431479454,-0.14512677490711212,-0.4330059885978699,0.24278753995895386,0.28880906105041504,0.36009934544563293,-0.2144877165555954,-0.8243409395217896,-0.7019633650779724,-0.7336719632148743,1.6242427825927734,2.18550443649292,-2.1741228103637695,-2.2703075408935547,0.880351185798645,1.3298381567001343,-2.295948028564453,1.2794487476348877,-0.0654444545507431,-0.09153370559215546,0.4695313274860382,-1.5018967390060425,0.3362128436565399,-1.4137756824493408,4.58203125,2.643728017807007,-4.987555027008057,-2.0887694358825684,-0.00820682942867279,0.14860320091247559,-1.136629581451416,0.9658035635948181,-0.3264286518096924,-0.06360320001840591,1.0509566068649292,-0.47646307945251465,1.2686560153961182,0.8258644342422485,0.7035518288612366,1.487202763557434,-1.5168561935424805,-1.4717050790786743,5.801000118255615,-0.0024577490985393524,0.1809212863445282,-1.0994051694869995,1.0949198007583618,-0.3288840055465698,-0.05798257142305374,1.129169225692749,-0.5280404090881348,1.295030951499939,0.8280768394470215,0.7210947275161743,1.5262277126312256,-1.5640372037887573,-1.469472885131836,0.0152965746819973,-0.024212054908275604,-0.5184677243232727,0.3437081575393677,0.27705657482147217,0.36485981941223145,-0.19437633454799652,-0.8647962212562561,-0.6850034594535828,-0.767287015914917,1.800890326499939,2.2882542610168457,-2.260688304901123,-2.319486618041992,-0.04087260365486145,-0.13288551568984985,-0.45124712586402893,0.253963440656662,0.28808337450027466,0.35970979928970337,-0.21056024730205536,-0.834551215171814,-0.7007304430007935,-0.7409356236457825,1.66230046749115,2.2059454917907715,-2.1950666904449463,-2.2839643955230713,0.7861505746841431,1.1455024480819702,-1.5512378215789795,1.0174541473388672,-0.07283306866884232,-0.015278131701052189,0.3574564456939697,-0.6701221466064453,0.03129209205508232,-0.3905758857727051,3.223574638366699,1.7183632850646973,-0.568569540977478,-0.9058114290237427
6.24,-0.0001675296516623348,0.0006293394835665822,-0.01894822157919407,6.034765647200402e-06,1.7357608157908544e-05,7.510679552069632e-06,-8.775078441658479e-08,1.3666742404438992e-07,-1.0,0.20000000298023224,0.0,0.0,0.0,-0.035676442086696625,-0.1189880445599556,-0.4687488377094269,0.2704526484012604,0.284568727016449,0.3630112409591675,-0.20408318936824799,-0.8467457890510559,-0.6883237361907959,-0.76065993309021,1.7000035047531128,2.2322020530700684,-2.2378599643707275,-2.304696559906006,0.5811738967895508,1.370737910270691,-1.5217560529708862,1.7388383150100708,-0.1211404800415039,-0.05075141787528992,0.7722853422164917,-1.459976077079773,0.6511225700378418,-1.1180016994476318,3.8988115787506104,2.0074949264526367,-4.750531196594238,-1.3906714916229248,-0.0024577490985393524,0.1809212863445282,-1.0994051694869995,1.0949198007583618,-0.3288840055465698,-0.05798257142305374,1.129169225692749,-0.5280404090881348,1.295030951499939,0.8280768394470215,0.7210947275161743,1.5262277126312256,-1.5640372037887573,-1.469472885131836,5.781000137329102,0.00042118504643440247,0.19776888191699982,-1.0664420127868652,1.1865830421447754,-0.33380383253097534,-0.05833904445171356,1.1732330322265625,-0.5494601130485535,1.3149434328079224,0.8303751349449158,0.7439063787460327,1.543666124343872,-1.6092565059661865,-1.4536302089691162,0.01227937825024128,0.00040724314749240875,-0.5214183926582336,0.39362484216690063,0.2703048884868622,0.36809393763542175,-0.17779776453971863,-0.8864030241966248,-0.6708284616470337,-0.7851120829582214,1.8503029346466064,2.3201701641082764,-2.313856363296509,-2.345332384109497,-0.035676442086696625,-0.1189880445599556,-0.4687488377094269,0.2704526484012604,0.284568727016449,0.3630112409591675,-0.20408318936824799,-0.8467457890510559,-0.6883237361907959,-0.76065993309021,1.7000035047531128,2.2322020530700684,-2.2378599643707275,-2.304696559906006,0.5811738967895508,1.370737910270691,-1.5217560529708862,1.7388383150100708,-0.1211404800415039,-0.05075141787528992,0.7722853422164917,-1.459976077079773,0.6511225700378418,-1.1180016994476318,3.8988115787506104,2.0074949264526367,-4.750531196594238,-1.3906714916229248
6.2620000000000005,-0.00016256525123026222,0.0006190747953951359,-0.018964655697345734,7.041903700155672e-07,2.0615188986994326e-05,1.1865740816574544e-05,-4.290624744385241e-08,8.641378457241444e-08,-1.0,0.20000000298023224,0.0,0.0,0.0,-0.026469197124242783,-0.09184975922107697,-0.49237024784088135,0.3095775842666626,0.27927491068840027,0.3658571243286133,-0.1878226101398468,-0.872614324092865,-0.673271656036377,-0.7820850014686584,1.7677416801452637,2.275543212890625,-2.3014886379241943,-2.3369131088256836,0.46214041113853455,1.3224519491195679,-0.8262612223625183,2.3582658767700195,-0.1654936820268631,-0.01390397734940052,0.9332911968231201,-1.446516752243042,0.3964221775531769,-0.5858708620071411,3.2610154151916504,2.2186713218688965,-2.892733573913574,-1.5029820203781128,0.00042118504643440247,0.19776888191699982,-1.0664420127868652,1.1865830421447754,-0.33380383253097534,-0.05833904445171356,1.1732330322265625,-0.5494601130485535,1.3149434328079224,0.8303751349449158,0.7439063787460327,1.543666124343872,-1.6092565059661865,-1.4536302089691162,5.760000228881836,-0.0012946389615535736,0.22808052599430084,-1.0275822877883911,1.2445173263549805,-0.35516372323036194,-0.0707603245973587,1.1888365745544434,-0.5719050765037537,1.3421152830123901,0.846657395362854,0.7688971757888794,1.561728835105896,-1.629119873046875,-1.4351129531860352,0.009694038890302181,0.02313384786248207,-0.5198929309844971,0.4393516182899475,0.2627675235271454,0.36943912506103516,-0.162974551320076,-0.9059329032897949,-0.6567712426185608,-0.7977439165115356,1.8923320770263672,2.3475091457366943,-2.358376979827881,-2.364157199859619,-0.021947002038359642,-0.07967749983072281,-0.49855732917785645,0.3285799026489258,0.2776377201080322,0.36593595147132874,-0.18028715252876282,-0.8810740113258362,-0.6717914938926697,-0.7848097085952759,1.7949990034103394,2.2892074584960938,-2.3109323978424072,-2.3457632064819336,0.42832180857658386,1.1408412456512451,-0.5176144242286682,1.8208134174346924,-0.156972274184227,0.01701837219297886,0.6101965308189392,-0.609395444393158,0.041793812066316605,-0.1253226101398468,2.3124492168426514,1.3734610080718994,0.043643392622470856,-0.7864862084388733
6.28,-0.00016256525123026222,0.0006190747953951359,-0.018964655697345734,2.1182453565415926e-05,-2.1378842575359158e-05,-1.0470233064552303e-05,7.987480010740455e-09,-5.233718458619308e-10,-1.0,0.20000000298023224,0.0,0.0,0.0,-0.020021870732307434,-0.06607542186975479,-0.5033597350120544,0.35150426626205444,0.27416902780532837,0.3684959411621094,-0.17215411365032196,-0.8922359943389893,-0.6614001393318176,-0.7952268719673157,1.821902871131897,2.308398962020874,-2.3404688835144043,-2.3563263416290283,0.2886699438095093,1.2974728345870972,-0.3806007504463196,2.8009917736053467,-0.183602973818779,-0.031182920560240746,0.8974012136459351,-1.4897540807724,0.9067401885986328,-0.48035386204719543,2.826249361038208,2.4619534015655518,-3.468860149383545,-1.5546514987945557,-0.0012946389615535736,0.22808052599430084,-1.0275822877883911,1.2445173263549805,-0.35516372323036194,-0.0707603245973587,1.1888365745544434,-0.5719050765037537,1.3421152830123901,0.846657395362854,0.7688971757888794,1.561728835105896,-1.629119873046875,-1.4351129531860352,5.741000175476074,0.02685665152966976,0.2257489413022995,-1.0377240180969238,1.274376392364502,-0.33548641204833984,-0.07246512174606323,1.2082487344741821,-0.5692693591117859,1.3409487009048462,0.8398471474647522,0.7850149273872375,1.5722719430923462,-1.6717840433120728,-1.4211678504943848,0.010440896265208721,0.04108197242021561,-0.519686758518219,0.4789189100265503,0.25870537757873535,0.37034478783607483,-0.149174764752388,-0.9212932586669922,-0.6456421613693237,-0.8085304498672485,1.9275672435760498,2.370434522628784,-2.3982601165771484,-2.3778226375579834,-0.020021870732307434,-0.06607542186975479,-0.5033597350120544,0.35150426626205444,0.27416902780532837,0.3684959411621094,-0.17215411365032196,-0.8922359943389893,-0.6614001393318176,-0.7952268719673157,1.821902871131897,2.308398962020874,-2.3404688835144043,-2.3563263416290283,0.2886699438095093,1.2974728345870972,-0.3806007504463196,2.8009917736053467,-0.183602973818779,-0.031182920560240746,0.8974012136459351,-1.4897540807724,0.9067401885986328,-0.48035386204719543,2.826249361038208,2.4619534015655518,-3.468860149383545,-1.5546514987945557
6.301,-0.0001582894183229655,0.0005905140424147248,-0.018986452370882034,1.6918518667807803e-05,-1.0567661774985027e-05,-5.415593932411866e-06,2.6019058907422732e-08,6.909076644134871e-10,-1.0,0.20000000298023224,0.0,0.0,0.0,-0.012989228591322899,-0.040823325514793396,-0.5101258754730225,0.39554843306541443,0.26802539825439453,0.36944305896759033,-0.1563357710838318,-0.9122112989425659,-0.6480458378791809,-0.8064360618591309,1.870322585105896,2.339134693145752,-2.385711431503296,-2.372990131378174,0.2898331880569458,1.1823338270187378,-0.1988103687763214,2.3807456493377686,-0.17987996339797974,-0.03802010789513588,0.8278752565383911,-1.0634536743164062,0.2858944535255432,-0.5106123089790344,2.325575828552246,1.6498326063156128,-2.429105281829834,-1.013751745223999,0.02685665152966976,0.2257489413022995,-1.0377240180969238,1.274376392364502,-0.33548641204833984,-0.07246512174606323,1.2082487344741821,-0.5692693591117859,1.3409487009048462,0.8398471474647522,0.7850149273872375,1.5722719430923462,-1.6717840433120728,-1.4211678504943848,5.7210001945495605,0.038656916469335556,0.23899023234844208,-1.0190297365188599,1.2876724004745483,-0.3458998501300812,-0.11710795760154724,1.232995629310608,-0.603797435760498,1.3414340019226074,0.8677679896354675,0.8090741038322449,1.6020532846450806,-1.6866062879562378,-1.406069278717041,0.012218409217894077,0.05676460266113281,-0.5176523923873901,0.511902391910553,0.25441431999206543,0.3666050434112549,-0.13566024601459503,-0.9370343685150146,-0.6366903781890869,-0.8143675327301025,1.9581612348556519,2.3917529582977295,-2.4316487312316895,-2.3872451782226562,-0.010366806760430336,-0.02998899295926094,-0.5115888714790344,0.4145672619342804,0.26629504561424255,0.3692947030067444,-0.1504763960838318,-0.9176275730133057,-0.6469104290008545,-0.8087112307548523,1.8894903659820557,2.3486835956573486,-2.3942763805389404,-2.3789119720458984,0.2442960888147354,1.0146082639694214,-0.1316843330860138,1.9911078214645386,-0.1635916531085968,-0.004525684751570225,0.41915953159332275,-0.5042480230331421,0.03748118132352829,-0.09557247161865234,1.6067887544631958,1.3533973693847656,-0.08578302711248398,-0.7755406498908997
6.321,-0.0001582894183229655,0.0005905140424147248,-0.018986452370882034,3.141891284030862e-05,-3.218228812329471e-05,-4.848869139095768e-05,6.44018314233108e-08,-6.935018603826393e-08,-1.0,0.20000000298023224,0.0,0.0,0.0,-0.006455037277191877,-0.01816454716026783,-0.5123780965805054,0.43493905663490295,0.26254820823669434,0.368696391582489,-0.14556385576725006,-0.9257177114486694,-0.6397761106491089,-0.8122889995574951,1.9076893329620361,2.362952709197998,-2.414863348007202,-2.3832080364227295,0.304313600063324,1.1600470542907715,-0.05437052622437477,2.593275547027588,-0.1435488611459732,-0.0879533439874649,0.7643425464630127,-1.353352427482605,0.34438660740852356,-0.5402219295501709,2.0077106952667236,2.3195390701293945,-3.3841371536254883,-0.9999497532844543,0.038656916469335556,0.23899023234844208,-1.0190297365188599,1.2876724004745483,-0.3458998501300812,-0.11710795760154724,1.232995629310608,-0.603797435760498,1.3414340019226074,0.8677679896354675,0.8090741038322449,1.6020532846450806,-1.6866062879562378,-1.406069278717041,5.701000213623047,0.05494702607393265,0.2502231299877167,-1.0497071743011475,1.2833470106124878,-0.31844159960746765,-0.1457565575838089,1.2307941913604736,-0.5887669324874878,1.3247599601745605,0.886283814907074,0.8249582648277283,1.6111924648284912,-1.7233315706253052,-1.389062762260437,0.015269430354237556,0.07043399661779404,-0.5190926194190979,0.5378565788269043,0.2537272870540619,0.36074838042259216,-0.1250687688589096,-0.9481242299079895,-0.6311963200569153,-0.817185640335083,1.984224796295166,2.409721612930298,-2.4620323181152344,-2.3930823802948,-0.004316287115216255,-0.008126342669129372,-0.5130383968353271,0.45272403955459595,0.2610601782798767,0.3679886758327484,-0.13934679329395294,-0.9322448372840881,-0.6382037997245789,-0.8146418333053589,1.924261212348938,2.372371196746826,-2.429541826248169,-2.387110948562622,0.18643078207969666,0.9299575686454773,-0.0641421526670456,2.6573290824890137,-0.14357604086399078,-0.054814089089632034,0.487638920545578,-1.1072938442230225,0.0630200207233429,-0.10059540718793869,1.3995863199234009,2.785689115524292,-0.39232295751571655,-1.785917043685913
6.342,-0.00019233109196648002,0.0005098408437334001,-0.019033171236515045,6.54145042062737e-05,-3.1941061024554074e-05,-5.925438381382264e-05,2.0049057525284297e-08,-3.7521257212347336e-08,-1.0,0.20000000298023224,0.0,0.0,0.0,-0.0005622577155008912,0.003229048103094101,-0.5162507891654968,0.4708549380302429,0.258955180644989,0.3659406900405884,-0.1312553584575653,-0.9408915042877197,-0.633613646030426,-0.8164854049682617,1.9413028955459595,2.3828017711639404,-2.4536492824554443,-2.390580177307129,0.21989372372627258,0.9977230429649353,-0.09943926334381104,3.063965320587158,-0.10156799852848053,-0.14705097675323486,0.6729263663291931,-1.5570276975631714,0.22856976091861725,-0.2706493139266968,1.7092161178588867,3.321892738342285,-1.8060098886489868,-2.2196567058563232,0.05494702607393265,0.2502231299877167,-1.0497071743011475,1.2833470106124878,-0.31844159960746765,-0.1457565575838089,1.2307941913604736,-0.5887669324874878,1.3247599601745605,0.886283814907074,0.8249582648277283,1.6111924648284912,-1.7233315706253052,-1.389062762260437,5.681000232696533,0.05627928674221039,0.2730308473110199,-1.056784749031067,1.2737488746643066,-0.322763592004776,-0.1789502054452896,1.195379614830017,-0.5819399952888489,1.3249529600143433,0.912124514579773,0.8522830009460449,1.6231878995895386,-1.7340941429138184,-1.3695622682571411,0.017843473702669144,0.08365028351545334,-0.520952582359314,0.5576601624488831,0.25274547934532166,0.3527436852455139,-0.1201370507478714,-0.9563133716583252,-0.6267817616462708,-0.8168560862541199,2.007808208465576,2.4252960681915283,-2.487415313720703,-2.3958020210266113,0.001140944892540574,0.012195531278848648,-0.516498863697052,0.48628368973731995,0.25795796513557434,0.3647473454475403,-0.12675021588802338,-0.9452213644981384,-0.6325772404670715,-0.81778484582901,1.9555271863937378,2.3900094032287598,-2.459709644317627,-2.3950202465057373,0.152550607919693,0.8372189998626709,-0.017527326941490173,2.7301838397979736,-0.09627402573823929,-0.1046915277838707,0.32066917419433594,-1.107967734336853,0.045033928006887436,-0.05805106833577156,1.1950253248214722,3.036280393600464,-0.04223834350705147,-1.921028971672058
6.361,-0.00019233109196648002,0.0005098408437334001,-0.019033171236515045,-4.078025813214481e-05,4.275554238120094e-05,0.00010090225987369195,1.0224037616524129e-08,-5.213523834868283e-08,-1.0,0.20000000298023224,0.0,0.0,0.0,0.00456625409424305,0.022483941167593002,-0.5195212364196777,0.5061776638031006,0.2559177577495575,0.3620913326740265,-0.12139292061328888,-0.9531704783439636,-0.6288869380950928,-0.8167523145675659,1.9706549644470215,2.406888723373413,-2.477569341659546,-2.397921562194824,0.18192794919013977,0.9365906119346619,-0.08846614509820938,2.6456291675567627,-0.06532424688339233,-0.2167740762233734,0.40578001737594604,-1.100362777709961,0.14441455900669098,-0.0990649089217186,1.4974095821380615,3.041386127471924,-1.6243149042129517,-1.370558738708496,0.05627928674221039,0.2730308473110199,-1.056784749031067,1.2737488746643066,-0.322763592004776,-0.1789502054452896,1.195379614830017,-0.5819399952888489,1.3249529600143433,0.912124514579773,0.8522830009460449,1.6231878995895386,-1.7340941429138184,-1.3695622682571411,5.660999774932861,0.06085459142923355,0.274448424577713,-1.0508354902267456,1.2718095779418945,-0.30467575788497925,-0.22296853363513947,1.2283766269683838,-0.6152806878089905,1.3001010417938232,0.9455298185348511,0.868688702583313,1.6559293270111084,-1.7419891357421875,-1.360325574874878,0.02036023885011673,0.09436507523059845,-0.5218456387519836,0.573309063911438,0.25376880168914795,0.3419380784034729,-0.11289197206497192,-0.9661988019943237,-0.625735342502594,-0.8132519125938416,2.028315544128418,2.4410297870635986,-2.5085113048553467,-2.3970541954040527,0.00456625409424305,0.022483941167593002,-0.5195212364196777,0.5061776638031006,0.2559177577495575,0.3620913326740265,-0.12139292061328888,-0.9531704783439636,-0.6288869380950928,-0.8167523145675659,1.9706549644470215,2.406888723373413,-2.477569341659546,-2.397921562194824,0.18192794919013977,0.9365906119346619,-0.08846614509820938,2.6456291675567627,-0.06532424688339233,-0.2167740762233734,0.40578001737594604,-1.100362777709961,0.14441455900669098,-0.0990649089217186,1.4974095821380615,3.041386127471924,-1.6243149042129517,-1.370558738708496
6.381,-0.00022452192206401378,0.00045307702384889126,-0.019080447033047676,6.705200212309137e-05,-1.2794961548934225e-05,-8.035622886382043e-05,5.461849994503609e-08,-7.774529819926101e-08,-1.0,0.20000000298023224,0.0,0.0,0.0,0.009100648574531078,0.0404713898897171,-0.5214947462081909,0.5332438349723816,0.25569573044776917,0.3562535047531128,-0.11524662375450134,-0.9621376991271973,-0.6273408532142639,-0.8138172030448914,1.9961992502212524,2.4202027320861816,-2.502321481704712,-2.3955001831054688,0.1436019092798233,0.7986901998519897,0.00090989243471995,2.5506560802459717,-0.037856921553611755,-0.30183345079421997,0.28766924142837524,-1.3107322454452515,0.17073503136634827,0.07799690216779709,1.2863115072250366,3.116685152053833,-1.2516309022903442,-2.017082452774048,0.06085459142923355,0.274448424577713,-1.0508354902267456,1.2718095779418945,-0.30467575788497925,-0.22296853363513947,1.2283766269683838,-0.6152806878089905,1.3001010417938232,0.9455298185348511,0.868688702583313,1.6559293270111084,-1.7419891357421875,-1.360325574874878,5.640999794006348,0.06573188304901123,0.27074429392814636,-1.059114933013916,1.2656558752059937,-0.3021976947784424,-0.2397952526807785,1.2196142673492432,-0.5947428345680237,1.2802162170410156,0.9605472683906555,0.8929786682128906,1.6519858837127686,-1.7577062845230103,-1.3413174152374268,0.022861380130052567,0.10256649553775787,-0.5233880281448364,0.5852128267288208,0.2548352777957916,0.33161094784736633,-0.1079721450805664,-0.9720533490180969,-0.6268866658210754,-0.8088668584823608,2.0471503734588623,2.4532225131988525,-2.5269596576690674,-2.3961551189422607,0.009100648574531078,0.0404713898897171,-0.5214947462081909,0.5332438349723816,0.25569573044776917,0.3562535047531128,-0.11524662375450134,-0.9621376991271973,-0.6273408532142639,-0.8138172030448914,1.9961992502212524,2.4202027320861816,-2.502321481704712,-2.3955001831054688,0.1436019092798233,0.7986901998519897,0.00090989243471995,2.5506560802459717,-0.037856921553611755,-0.30183345079421997,0.28766924142837524,-1.3107322454452515,0.17073503136634827,0.07799690216779709,1.2863115072250366,3.116685152053833,-1.2516309022903442,-2.017082452774048
6.401,-0.00022452192206401378,0.00045307702384889126,-0.019080447033047676,8.18770713522099e-05,6.378304533427581e-06,-8.073404751485214e-05,5.4994700349197956e-08,2.647554353529813e-08,-1.0,0.20000000298023224,0.0,0.0,0.0,0.012778004631400108,0.05611809715628624,-0.5235705971717834,0.5511012673377991,0.25596728920936584,0.34933143854141235,-0.10979282855987549,-0.9685435891151428,-0.6279510855674744,-0.8102241158485413,2.016679525375366,2.4343624114990234,-2.518604040145874,-2.3990912437438965,0.2776089608669281,0.7828456163406372,-0.1270664483308792,-0.6872005462646484,-0.011872080154716969,-0.3587571382522583,0.3663884401321411,0.47862082719802856,0.06780701130628586,0.26977109909057617,1.1721422672271729,-1.4201874732971191,-1.6922080516815186,1.9226186275482178,0.06573188304901123,0.27074429392814636,-1.059114933013916,1.2656558752059937,-0.3021976947784424,-0.2397952526807785,1.2196142673492432,-0.5947428345680237,1.2802162170410156,0.9605472683906555,0.8929786682128906,1.6519858837127686,-1.7577062845230103,-1.3413174152374268,5.620999813079834,0.023111917078495026,0.19007925689220428,-1.0247471332550049,1.250840187072754,-0.300035297870636,-0.2900315523147583,1.30990469455719,-0.6608738899230957,1.1913299560546875,1.0242007970809937,0.9252228736877441,1.659612774848938,-1.7470500469207764,-1.3455232381820679,0.020600296556949615,0.1010611280798912,-0.5211851596832275,0.5932542681694031,0.2559047043323517,0.31832560896873474,-0.09500724077224731,-0.9833500385284424,-0.6366963982582092,-0.7989934086799622,2.0654425621032715,2.4637393951416016,-2.5406527519226074,-2.3958563804626465,0.012778004631400108,0.05611809715628624,-0.5235705971717834,0.5511012673377991,0.25596728920936584,0.34933143854141235,-0.10979282855987549,-0.9685435891151428,-0.6279510855674744,-0.8102241158485413,2.016679525375366,2.4343624114990234,-2.518604040145874,-2.3990912437438965,0.2776089608669281,0.7828456163406372,-0.1270664483308792,-0.6872005462646484,-0.011872080154716969,-0.3587571382522583,0.3663884401321411,0.47862082719802856,0.06780701130628586,0.26977109909057617,1.1721422672271729,-1.4201874732971191,-1.6922080516815186,1.9226186275482178
6.423,-0.0002582270826678723,0.00038448121631518006,-0.019127527251839638,5.762831278843805e-05,-5.718067313864594e-06,-0.00011767500109272078,7.828369064100116e-08,-7.886649910915366e-08,-1.0,0.20000000298023224,0.0,0.0,0.0,0.012612003833055496,0.06641291826963425,-0.5224770903587341,0.5683804154396057,0.2572435438632965,0.34040477871894836,-0.10256924480199814,-0.9774432182312012,-0.6357316970825195,-0.8009726405143738,2.0367043018341064,2.4554474353790283,-2.540076494216919,-2.3956427574157715,0.03806690126657486,0.4911395311355591,0.051733337342739105,2.324103355407715,-0.058949120342731476,-0.4286549389362335,0.6060618758201599,-1.528152585029602,-0.2658643424510956,0.416988730430603,1.1343915462493896,3.3742542266845703,-1.031310796737671,-1.2939282655715942,0.023111917078495026,0.19007925689220428,-1.0247471332550049,1.250840187072754,-0.300035297870636,-0.2900315523147583,1.30990469455719,-0.6608738899230957,1.1913299560546875,1.0242007970809937,0.9252228736877441,1.659612774848938,-1.7470500469207764,-1.3455232381820679,5.598999977111816,0.0781024768948555,0.2699717581272125,-1.0731009244918823,1.2537214756011963,-0.27309903502464294,-0.2808724641799927,1.2115156650543213,-0.5837057828903198,1.2368143796920776,1.0098353624343872,0.9325022101402283,1.647481918334961,-1.7800886631011963,-1.3178719282150269,0.024290485307574272,0.10784608125686646,-0.5242582559585571,0.5999755859375,0.2594538629055023,0.30861324071884155,-0.09447422623634338,-0.9846706390380859,-0.6399956941604614,-0.7925311923027039,2.0808043479919434,2.4709396362304688,-2.5549111366271973,-2.392852306365967,0.012612003833055496,0.06641291826963425,-0.5224770903587341,0.5683804154396057,0.2572435438632965,0.34040477871894836,-0.10256924480199814,-0.9774432182312012,-0.6357316970825195,-0.8009726405143738,2.0367043018341064,2.4554474353790283,-2.540076494216919,-2.3956427574157715,0.03806690126657486,0.4911395311355591,0.051733337342739105,2.324103355407715,-0.058949120342731476,-0.4286549389362335,0.6060618758201599,-1.528152585029602,-0.2658643424510956,0.416988730430603,1.1343915462493896,3.3742542266845703,-1.031310796737671,-1.2939282655715942
6.44,-0.0002582270826678723,0.00038448121631518006,-0.019127527251839638,7.187418668763712e-05,1.6992571545415558e-05,-0.00011135783279314637,2.3499893586631515e-08,-7.392144141249446e-08,-1.0,0.20000000298023224,0.0,0.0,0.0,0.015494030900299549,0.07717642933130264,-0.5239875316619873,0.585120439529419,0.25796064734458923,0.33091408014297485,-0.0954771339893341,-0.983951210975647,-0.6403685808181763,-0.794542670249939,2.0562539100646973,2.4682984352111816,-2.545161485671997,-2.3978006839752197,0.2692987620830536,0.645983874797821,-0.09528712928295135,1.476671576499939,0.01196053996682167,-0.44594812393188477,0.21120840311050415,-0.4196072816848755,-0.07884161174297333,0.3677288293838501,0.9429640769958496,1.6259708404541016,-1.1397325992584229,-0.4360423982143402,0.0781024768948555,0.2699717581272125,-1.0731009244918823,1.2537214756011963,-0.27309903502464294,-0.2808724641799927,1.2115156650543213,-0.5837057828903198,1.2368143796920776,1.0098353624343872,0.9325022101402283,1.647481918334961,-1.7800886631011963,-1.3178719282150269,5.580999851226807,0.08351833373308182,0.23681731522083282,-1.0419950485229492,1.2644482851028442,-0.2628381550312042,-0.31469058990478516,1.2917335033416748,-0.6478409171104431,1.2179677486419678,1.0231568813323975,0.9329937100410461,1.6695531606674194,-1.7850760221481323,-1.3051522970199585,0.02778422087430954,0.10995859652757645,-0.5236061215400696,0.6064252853393555,0.2633192837238312,0.29746153950691223,-0.08602602779865265,-0.9921406507492065,-0.6445198059082031,-0.7860292792320251,2.0931429862976074,2.4789071083068848,-2.566816568374634,-2.389177083969116,0.015494030900299549,0.07717642933130264,-0.5239875316619873,0.585120439529419,0.25796064734458923,0.33091408014297485,-0.0954771339893341,-0.983951210975647,-0.6403685808181763,-0.794542670249939,2.0562539100646973,2.4682984352111816,-2.545161485671997,-2.3978006839752197,0.2692987620830536,0.645983874797821,-0.09528712928295135,1.476671576499939,0.01196053996682167,-0.44594812393188477,0.21120840311050415,-0.4196072816848755,-0.07884161174297333,0.3677288293838501,0.9429640769958496,1.6259708404541016,-1.1397325992584229,-0.4360423982143402
6.461,-0.00033747099223546684,0.00024492721422575414,-0.019202549010515213,6.1006041505606845e-05,9.14364409254631e-06,-0.00012891403457615525,6.212939496208492e-08,-9.082945240379559e-08,-1.0,0.20000000298023224,0.0,0.0,0.0,0.01925119012594223,0.08741170167922974,-0.5243045091629028,0.59981369972229,0.2599444091320038,0.3206091821193695,-0.09010383486747742,-0.9899207353591919,-0.6448506712913513,-0.7872394919395447,2.0733742713928223,2.4778354167938232,-2.5658981800079346,-2.389387845993042,0.09326817840337753,0.37357062101364136,0.04646969214081764,2.037217617034912,0.05149390920996666,-0.4753924310207367,0.410958856344223,-1.203689694404602,-0.06475643068552017,0.13418515026569366,0.7985442280769348,2.713184118270874,-0.6667196750640869,-1.3069137334823608,0.08351833373308182,0.23681731522083282,-1.0419950485229492,1.2644482851028442,-0.2628381550312042,-0.31469058990478516,1.2917335033416748,-0.6478409171104431,1.2179677486419678,1.0231568813323975,0.9329937100410461,1.6695531606674194,-1.7850760221481323,-1.3051522970199585,5.560999870300293,0.11254855990409851,0.24479737877845764,-1.0479148626327515,1.2654517889022827,-0.2614230513572693,-0.30510377883911133,1.256249189376831,-0.6056035161018372,1.233079195022583,1.017271637916565,0.9445410966873169,1.6503968238830566,-1.7990812063217163,-1.2818740606307983,0.033482231199741364,0.1124466210603714,-0.5236763954162598,0.6116853952407837,0.26655313372612,0.28949886560440063,-0.08281590044498444,-0.9938929080963135,-0.6466279625892639,-0.7814162969589233,2.10416841506958,2.483365297317505,-2.5777413845062256,-2.383908987045288,0.01925119012594223,0.08741170167922974,-0.5243045091629028,0.59981369972229,0.2599444091320038,0.3206091821193695,-0.09010383486747742,-0.9899207353591919,-0.6448506712913513,-0.7872394919395447,2.0733742713928223,2.4778354167938232,-2.5658981800079346,-2.389387845993042,0.09326817840337753,0.37357062101364136,0.04646969214081764,2.037217617034912,0.05149390920996666,-0.4753924310207367,0.410958856344223,-1.203689694404602,-0.06475643068552017,0.13418515026569366,0.7985442280769348,2.713184118270874,-0.6667196750640869,-1.3069137334823608
6.482,-0.00033747099223546684,0.00024492721422575414,-0.019202549010515213,-0.00010403133637737483,-6.319232488749549e-05,7.056328468024731e-05,2.318172143134234e-08,2.3518790470689055e-08,-1.0,0.20000000298023224,0.0,0.0,0.0,0.022544775158166885,0.09536885470151901,-0.5246396660804749,0.6044933199882507,0.2621578276157379,0.31079787015914917,-0.08479662984609604,-0.9929442405700684,-0.6471801996231079,-0.7827823162078857,2.0871007442474365,2.4729745388031006,-2.57378888130188,-2.385652780532837,0.2217128723859787,0.4003349542617798,0.04508591443300247,1.9865301847457886,0.08174500614404678,-0.4351937174797058,0.36029648780822754,-1.266030192375183,-0.02617448940873146,0.08596798777580261,0.7027203440666199,2.7088754177093506,-0.9539124965667725,-1.7641761302947998,0.11254855990409851,0.24479737877845764,-1.0479148626327515,1.2654517889022827,-0.2614230513572693,-0.30510377883911133,1.256249189376831,-0.6056035161018372,1.233079195022583,1.017271637916565,0.9445410966873169,1.6503968238830566,-1.7990812063217163,-1.2818740606307983,5.540999889373779,0.1279754489660263,0.23404967784881592,-1.0417921543121338,1.2646595239639282,-0.2513270080089569,-0.310690701007843,1.2597264051437378,-0.597693145275116,1.234014630317688,1.0133616924285889,0.9527668356895447,1.6372159719467163,-1.8120485544204712,-1.2631852626800537,0.03958332911133766,0.11336226761341095,-0.5231203436851501,0.6158142685890198,0.270149827003479,0.2825700342655182,-0.07990007847547531,-0.9945036768913269,-0.648220956325531,-0.7781168818473816,2.113811492919922,2.4856138229370117,-2.587778091430664,-2.3778257369995117,0.023714201524853706,0.09805858880281448,-0.5242827534675598,0.6066253185272217,0.2628612816333771,0.30679014325141907,-0.08320365846157074,-0.9934710264205933,-0.6471729278564453,-0.7826744318008423,2.0927019119262695,2.472116231918335,-2.576402425765991,-2.3863108158111572,0.09244953095912933,0.23464463651180267,0.019550634548068047,1.9684083461761475,0.062222886830568314,-0.36820071935653687,0.059359367936849594,-1.1147431135177612,0.003455676371231675,-0.015197278000414371,0.45429450273513794,2.7533559799194336,-0.013795043341815472,-1.7826322317123413
6.5,-0.00032675464171916246,0.0001501415390521288,-0.019176853820681572,-6.563599890796468e-05,-7.0627802415401675e-06,0.0001218492107000202,4.381226048622011e-08,-4.219314320152989e-08,-1.0,0.20000000298023224,0.0,0.0,0.0,0.026768170297145844,0.10107842832803726,-0.5242334008216858,0.611515998840332,0.26477450132369995,0.30159077048301697,-0.08116813749074936,-0.993439793586731,-0.649002194404602,-0.7794705629348755,2.099412441253662,2.4729509353637695,-2.5848793983459473,-2.382237195968628,0.1788981407880783,0.2399975210428238,0.07363086938858032,-1.6094664335250854,0.1031990572810173,-0.3962825536727905,0.216827854514122,1.309278964996338,0.046322476118803024,0.03776865452528,0.5988149046897888,-2.9413819313049316,-0.6965429782867432,2.3920013904571533,0.1279754489660263,0.23404967784881592,-1.0417921543121338,1.2646595239639282,-0.2513270080089569,-0.310690701007843,1.2597264051437378,-0.597693145275116,1.234014630317688,1.0133616924285889,0.9527668356895447,1.6372159719467163,-1.8120485544204712,-1.2631852626800537,5.520999908447266,0.0813094824552536,0.11621248722076416,-0.994379997253418,1.2397081851959229,-0.27288109064102173,-0.3519531488418579,1.3599610328674316,-0.6923085451126099,1.1496835947036743,1.064333200454712,0.9608598351478577,1.6407362222671509,-1.7869151830673218,-1.2843518257141113,0.03979761153459549,0.10231106728315353,-0.517934262752533,0.616622269153595,0.27087175846099854,0.27290070056915283,-0.06754395365715027,-1.0044538974761963,-0.657928466796875,-0.7703801989555359,2.122335195541382,2.487764596939087,-2.593294143676758,-2.3750758171081543,0.026768170297145844,0.10107842832803726,-0.5242334008216858,0.611515998840332,0.26477450132369995,0.30159077048301697,-0.08116813749074936,-0.993439793586731,-0.649002194404602,-0.7794705629348755,2.099412441253662,2.4729509353637695,-2.5848793983459473,-2.382237195968628,0.1788981407880783,0.2399975210428238,0.07363086938858032,-1.6094664335250854,0.1031990572810173,-0.3962825536727905,0.216827854514122,1.309278964996338,0.046322476118803024,0.03776865452528,0.5988149046897888,-2.9413819313049316,-0.6965429782867432,2.3920013904571533
6.521,-0.00032675464171916246,0.0001501415390521288,-0.019176853820681572,6.467418279498816e-05,3.6308792914496735e-06,-0.0001276233233511448,8.994001632345316e-08,-6.695582044358162e-08,-1.0,0.20000000298023224,0.0,0.0,0.0,0.029387040063738823,0.10212554782629013,-0.5223273038864136,0.6168327927589417,0.2673027217388153,0.2927417755126953,-0.07669320702552795,-0.9994698762893677,-0.6553764939308167,-0.7731183171272278,2.109147071838379,2.4789278507232666,-2.594541549682617,-2.3745038509368896,0.10574082285165787,0.011180061846971512,0.11628125607967377,1.820176124572754,0.018552206456661224,-0.38547810912132263,0.7454006671905518,-1.7947494983673096,-0.6158919930458069,0.39076757431030273,0.49957242608070374,3.194240093231201,-0.9388107061386108,-1.465545892715454,0.0813094824552536,0.11621248722076416,-0.994379997253418,1.2397081851959229,-0.27288109064102173,-0.3519531488418579,1.3599610328674316,-0.6923085451126099,1.1496835947036743,1.064333200454712,0.9608598351478577,1.6407362222671509,-1.7869151830673218,-1.2843518257141113,5.500999927520752,0.14928683638572693,0.24207167327404022,-1.0520745515823364,1.2457257509231567,-0.2299957126379013,-0.32732170820236206,1.223872184753418,-0.5640543699264526,1.2157821655273438,1.0372495651245117,0.975479245185852,1.614316463470459,-1.825095534324646,-1.2408422231674194,0.046766772866249084,0.10605601966381073,-0.519554853439331,0.6178703904151917,0.27573782205581665,0.26762840151786804,-0.07126794010400772,-0.9995885491371155,-0.6590846180915833,-0.7668992280960083,2.1306161880493164,2.4868433475494385,-2.601524829864502,-2.3685247898101807,0.03029966726899147,0.1024315357208252,-0.5212950706481934,0.6168571710586548,0.26768046617507935,0.28911447525024414,-0.07126225531101227,-1.0025203227996826,-0.6580010056495667,-0.7716875076293945,2.113377332687378,2.4795148372650146,-2.5952417850494385,-2.3750579357147217,0.0855925977230072,0.03400268405675888,0.09253618866205215,1.8967715501785278,0.04388365522027016,-0.34084856510162354,0.390608012676239,-1.327663779258728,-0.10338643193244934,0.03801651671528816,0.3620797395706177,2.8306050300598145,0.29774442315101624,-1.9092037677764893
6.54,-0.0003961428883485496,1.0741202459030319e-05,-0.019255397841334343,6.66310079395771e-05,8.374318895221222e-06,-0.0001255503884749487,6.013586073549959e-08,-1.0955474039064939e-07,-1.0,0.20000000298023224,0.0,0.0,0.0,0.033352289348840714,0.10488738119602203,-0.5220717191696167,0.6176490187644958,0.2696581184864044,0.2842496931552887,-0.07212340086698532,-0.9991506338119507,-0.660019040107727,-0.7682146430015564,2.120405435562134,2.479334831237793,-2.5960445404052734,-2.3758413791656494,0.183650940656662,0.09940411150455475,0.03976037725806236,1.9456332921981812,0.114661805331707,-0.3528537154197693,-0.05377403646707535,-0.9744471311569214,0.04033983498811722,0.03254501521587372,0.36928892135620117,3.0011227130889893,-0.34072649478912354,-1.1599854230880737,0.14928683638572693,0.24207167327404022,-1.0520745515823364,1.2457257509231567,-0.2299957126379013,-0.32732170820236206,1.223872184753418,-0.5640543699264526,1.2157821655273438,1.0372495651245117,0.975479245185852,1.614316463470459,-1.825095534324646,-1.2408422231674194,5.480999946594238,0.16068558394908905,0.2292092889547348,-1.0222642421722412,1.2525218725204468,-0.22101722657680511,-0.35116875171661377,1.2765995264053345,-0.6226245164871216,1.2321057319641113,1.0339243412017822,0.9530637264251709,1.6605347394943237,-1.8206950426101685,-1.23977792263031,0.05348197743296623,0.10776574909687042,-0.517870306968689,0.619548499584198,0.28052854537963867,0.2610258460044861,-0.06897439807653427,-1.0015532970428467,-0.6583771109580994,-0.7644469738006592,2.1349992752075195,2.4907281398773193,-2.6076693534851074,-2.36317777633667,0.033352289348840714,0.10488738119602203,-0.5220717191696167,0.6176490187644958,0.2696581184864044,0.2842496931552887,-0.07212340086698532,-0.9991506338119507,-0.660019040107727,-0.7682146430015564,2.120405435562134,2.479334831237793,-2.5960445404052734,-2.3758413791656494,0.183650940656662,0.09940411150455475,0.03976037725806236,1.9456332921981812,0.114661805331707,-0.3528537154197693,-0.05377403646707535,-0.9744471311569214,0.04033983498811722,0.03254501521587372,0.36928892135620117,3.0011227130889893,-0.34072649478912354,-1.1599854230880737
6.5600000000000005,-0.0003961428883485496,1.0741202459030319e-05,-0.019255397841334343,-7.054184970911592e-05,-1.069484369509155e-05,0.00011745680967578664,7.609110497242e-08,-9.700455194661117e-08,-1.0,0.20000000298023224,0.0,0.0,0.0,0.03790344297885895,0.10746613889932632,-0.5202548503875732,0.6195104718208313,0.27299219369888306,0.27682799100875854,-0.07090533524751663,-1.0006176233291626,-0.6597744822502136,-0.7657394409179688,2.127204656600952,2.4783668518066406,-2.607163667678833,-2.3643476963043213,0.2356165647506714,0.10419575870037079,0.10671523958444595,1.8869552612304688,0.15403969585895538,-0.3338572382926941,0.21588517725467682,-1.2265305519104004,0.15474635362625122,0.05940502509474754,0.3252662718296051,2.8472352027893066,-0.5372893810272217,-1.6606099605560303,0.16068558394908905,0.2292092889547348,-1.0222642421722412,1.2525218725204468,-0.22101722657680511,-0.35116875171661377,1.2765995264053345,-0.6226245164871216,1.2321057319641113,1.0339243412017822,0.9530637264251709,1.6605347394943237,-1.8206950426101685,-1.23977792263031,5.460999965667725,0.1595633178949356,0.2233007401227951,-1.0166015625,1.2569470405578613,-0.22612681984901428,-0.3461967706680298,1.270867943763733,-0.6025779843330383,1.229682445526123,1.032633900642395,0.9625060558319092,1.6330525875091553,-1.8328646421432495,-1.21988844871521,0.05874191224575043,0.10854267328977585,-0.5159564018249512,0.6213335394859314,0.28385016322135925,0.2562410235404968,-0.06771271675825119,-1.0011204481124878,-0.658053457736969,-0.7626142501831055,2.1394500732421875,2.4910879135131836,-2.613802194595337,-2.3569111824035645,0.03790344297885895,0.10746613889932632,-0.5202548503875732,0.6195104718208313,0.27299219369888306,0.27682799100875854,-0.07090533524751663,-1.0006176233291626,-0.6597744822502136,-0.7657394409179688,2.127204656600952,2.4783668518066406,-2.607163667678833,-2.3643476963043213,0.2356165647506714,0.10419575870037079,0.10671523958444595,1.8869552612304688,0.15403969585895538,-0.3338572382926941,0.21588517725467682,-1.2265305519104004,0.15474635362625122,0.05940502509474754,0.3252662718296051,2.8472352027893066,-0.5372893810272217,-1.6606099605560303
6.58,-0.00041725236224010587,-4.5780278014717624e-05,-0.01929139345884323,6.458292045863345e-05,9.491514560977521e-07,-0.00012316946231294423,6.89077168658514e-08,-1.027292952926473e-07,-1.0,0.20000000298023224,0.0,0.0,0.0,0.043108440935611725,0.108980193734169,-0.517907977104187,0.6209519505500793,0.2766975462436676,0.26968270540237427,-0.06907229125499725,-1.0007691383361816,-0.6591209769248962,-0.7636581659317017,2.133542776107788,2.477498769760132,-2.613083839416504,-2.3609297275543213,0.21619907021522522,0.049714576452970505,0.10221470892429352,1.9099030494689941,0.14560562372207642,-0.29176345467567444,0.14908161759376526,-1.104033350944519,0.14876709878444672,-0.03885506093502045,0.2546047866344452,2.8846426010131836,-0.33795419335365295,-1.4483404159545898,0.1595633178949356,0.2233007401227951,-1.0166015625,1.2569470405578613,-0.22612681984901428,-0.3461967706680298,1.270867943763733,-0.6025779843330383,1.229682445526123,1.032633900642395,0.9625060558319092,1.6330525875091553,-1.8328646421432495,-1.21988844871521,5.440999984741211,0.1716892421245575,0.22003746032714844,-1.002859354019165,1.2565873861312866,-0.2214181125164032,-0.35402411222457886,1.2777878046035767,-0.6138714551925659,1.2355360984802246,1.035163402557373,0.9619985818862915,1.633856177330017,-1.8317382335662842,-1.211875319480896,0.06416245549917221,0.10883788764476776,-0.5130510330200195,0.6227255463600159,0.2869783341884613,0.25163039565086365,-0.06601138412952423,-1.0019035339355469,-0.6572091579437256,-0.7608950734138489,2.1429600715637207,2.4914560317993164,-2.618595600128174,-2.3510963916778564,0.043108440935611725,0.108980193734169,-0.517907977104187,0.6209519505500793,0.2766975462436676,0.26968270540237427,-0.06907229125499725,-1.0007691383361816,-0.6591209769248962,-0.7636581659317017,2.133542776107788,2.477498769760132,-2.613083839416504,-2.3609297275543213,0.21619907021522522,0.049714576452970505,0.10221470892429352,1.9099030494689941,0.14560562372207642,-0.29176345467567444,0.14908161759376526,-1.104033350944519,0.14876709878444672,-0.03885506093502045,0.2546047866344452,2.8846426010131836,-0.33795419335365295,-1.4483404159545898
6.601,-0.00041725236224010587,-4.5780278014717624e-05,-0.01929139345884323,6.745549035258591e-05,5.598923507932341e-06,-0.0001256412360817194,6.724570056348966e-08,-9.243427001592863e-08,-1.0,0.20000000298023224,0.0,0.0,0.0,0.048291102051734924,0.10979403555393219,-0.515929102897644,0.6236769556999207,0.2803327739238739,0.26317450404167175,-0.06719629466533661,-1.0015413761138916,-0.6580048203468323,-0.7620301246643066,2.138704299926758,2.4806482791900635,-2.6185123920440674,-2.3550448417663574,0.20075426995754242,0.027877356857061386,0.09092728048563004,1.8847169876098633,0.13267087936401367,-0.25192874670028687,0.1334104686975479,-1.1351819038391113,0.12261299788951874,-0.03165136277675629,0.16804800927639008,3.12935733795166,-0.16471697390079498,-1.4736789464950562,0.1716892421245575,0.22003746032714844,-1.002859354019165,1.2565873861312866,-0.2214181125164032,-0.35402411222457886,1.2777878046035767,-0.6138714551925659,1.2355360984802246,1.035163402557373,0.9619985818862915,1.633856177330017,-1.8317382335662842,-1.211875319480896,5.421000003814697,0.1725890040397644,0.22663462162017822,-0.9969873428344727,1.2495417594909668,-0.2152196317911148,-0.3680645823478699,1.2712796926498413,-0.6135520339012146,1.234059453010559,1.0479649305343628,0.9652939438819885,1.6313016414642334,-1.830841064453125,-1.2022820711135864,0.06858886778354645,0.10973377525806427,-0.5101395845413208,0.6231346130371094,0.29010069370269775,0.24653786420822144,-0.06530113518238068,-1.0024980306625366,-0.6566814184188843,-0.7582395672798157,2.146097421646118,2.491495132446289,-2.622340679168701,-2.345485210418701,0.04994821548461914,0.11000532656908035,-0.5154080390930176,0.6238403916358948,0.28147393465042114,0.26094523072242737,-0.06670111417770386,-1.0011553764343262,-0.6575125455856323,-0.7621686458587646,2.1398677825927734,2.480952024459839,-2.6184470653533936,-2.351705551147461,0.15116697549819946,0.019478879868984222,0.03367439657449722,1.8938099145889282,0.10013594478368759,-0.20436057448387146,0.004487378057092428,-1.1326711177825928,0.015095422975718975,-0.0009032468660734594,0.08586888760328293,2.8669490814208984,0.038421034812927246,-1.5885009765625
6.62,-0.0004995526396669447,-0.0002072776696877554,-0.019382089376449585,6.450134242186323e-05,2.048680471489206e-06,-0.0001244052837137133,7.16615531359821e-08,-1.0379486781175729e-07,-1.0,0.20000000298023224,0.0,0.0,0.0,0.05337638780474663,0.11104463785886765,-0.5132814645767212,0.6245419383049011,0.2836184501647949,0.2573525309562683,-0.06665955483913422,-1.0017986297607422,-0.6577387452125549,-0.7594060301780701,2.142183303833008,2.4800684452056885,-2.622020721435547,-2.347174882888794,0.23698951303958893,0.03990328684449196,0.12108497321605682,1.876754641532898,0.13355976343154907,-0.2347770631313324,0.08729928731918335,-1.1529383659362793,0.1640721559524536,0.007142385467886925,0.1595563143491745,2.806243419647217,-0.29486605525016785,-1.5712628364562988,0.1725890040397644,0.22663462162017822,-0.9969873428344727,1.2495417594909668,-0.2152196317911148,-0.3680645823478699,1.2712796926498413,-0.6135520339012146,1.234059453010559,1.0479649305343628,0.9652939438819885,1.6313016414642334,-1.830841064453125,-1.2022820711135864,5.401000022888184,0.17108525335788727,0.22133953869342804,-0.9947646856307983,1.2495745420455933,-0.21530695259571075,-0.37658464908599854,1.2777292728424072,-0.6094571352005005,1.2250049114227295,1.0533597469329834,0.9661516547203064,1.6228132247924805,-1.8375885486602783,-1.1920610666275024,0.07197961956262589,0.10992097854614258,-0.5075881481170654,0.6234651803970337,0.29258987307548523,0.24161183834075928,-0.06408797204494476,-1.0025641918182373,-0.6571646928787231,-0.7555756568908691,2.148693084716797,2.4906773567199707,-2.626011371612549,-2.3399744033813477,0.05337638780474663,0.11104463785886765,-0.5132814645767212,0.6245419383049011,0.2836184501647949,0.2573525309562683,-0.06665955483913422,-1.0017986297607422,-0.6577387452125549,-0.7594060301780701,2.142183303833008,2.4800684452056885,-2.622020721435547,-2.347174882888794,0.23698951303958893,0.03990328684449196,0.12108497321605682,1.876754641532898,0.13355976343154907,-0.2347770631313324,0.08729928731918335,-1.1529383659362793,0.1640721559524536,0.007142385467886925,0.1595563143491745,2.806243419647217,-0.29486605525016785,-1.5712628364562988
6.641,-0.0004995526396669447,-0.0002072776696877554,-0.019382089376449585,6.6025422711391e-05,1.7519848825031659e-06,-0.00012175929441582412,6.254398954297358e-08,-9.601847494877802e-08,-1.0,0.20000000298023224,0.0,0.0,0.0,0.058465875685214996,0.11153845489025116,-0.510532557964325,0.6253185868263245,0.2869616448879242,0.2517091631889343,-0.06550141423940659,-1.0020339488983154,-0.6576470136642456,-0.7566831707954407,2.145914077758789,2.478403091430664,-2.626647710800171,-2.342695713043213,0.15935172140598297,0.016273174434900284,0.09915812313556671,1.8587164878845215,0.10801754146814346,-0.21900135278701782,0.13681703805923462,-1.1320946216583252,0.07113715261220932,0.0016572013264521956,0.1103387326002121,2.8290321826934814,-0.1328633725643158,-1.5762144327163696,0.17108525335788727,0.22133953869342804,-0.9947646856307983,1.2495745420455933,-0.21530695259571075,-0.37658464908599854,1.2777292728424072,-0.6094571352005005,1.2250049114227295,1.0533597469329834,0.9661516547203064,1.6228132247924805,-1.8375885486602783,-1.1920610666275024,5.38100004196167,0.1754111349582672,0.22397315502166748,-0.9880878925323486,1.2465156316757202,-0.2103392779827118,-0.38780343532562256,1.2755123376846313,-0.6119298934936523,1.2231900691986084,1.063729166984558,0.9698294401168823,1.6174466609954834,-1.8390982151031494,-1.1839090585708618,0.0751248151063919,0.11033409833908081,-0.5048792958259583,0.62342369556427,0.29507797956466675,0.23654913902282715,-0.06333913654088974,-1.0028643608093262,-0.6577327251434326,-0.7524076104164124,2.151137351989746,2.4894866943359375,-2.629098892211914,-2.3347504138946533,0.0598023384809494,0.11165832728147507,-0.510016918182373,0.6254742741584778,0.28790006041526794,0.2497592717409134,-0.06490836292505264,-1.0019159317016602,-0.6574136018753052,-0.7566983699798584,2.1465768814086914,2.4778308868408203,-2.626246452331543,-2.341238260269165,0.12236195057630539,0.01127512939274311,0.032911814749240875,1.8504475355148315,0.0825495570898056,-0.17953644692897797,0.012738912366330624,-1.1375727653503418,0.002089286455884576,0.0017760947812348604,0.04450470581650734,2.8469414710998535,0.070820152759552,-1.7521706819534302
6.662,-0.0005621748859994113,-0.00033992683165706694,-0.01945563592016697,6.576375744771212e-05,-1.0473804650246166e-06,-0.0001211485723615624,6.744298275407345e-08,-9.859058280881072e-08,-1.0,0.20000000298023224,0.0,0.0,0.0,0.06296955049037933,0.11215337365865707,-0.5078902244567871,0.6255427598953247,0.28995466232299805,0.24621890485286713,-0.06476414203643799,-1.0023714303970337,-0.6584104895591736,-0.7534063458442688,2.1489899158477783,2.4775562286376953,-2.629275321960449,-2.337739944458008,0.16833068430423737,0.018612276762723923,0.11831193417310715,1.8472089767456055,0.10180584341287613,-0.21178974211215973,0.11964846402406693,-1.1487476825714111,0.1023888811469078,-0.014868317171931267,0.09312035888433456,2.8550145626068115,-0.20058047771453857,-1.5173604488372803,0.1754111349582672,0.22397315502166748,-0.9880878925323486,1.2465156316757202,-0.2103392779827118,-0.38780343532562256,1.2755123376846313,-0.6119298934936523,1.2231900691986084,1.063729166984558,0.9698294401168823,1.6174466609954834,-1.8390982151031494,-1.1839090585708618,5.361000061035156,0.17525525391101837,0.22420616447925568,-0.984283447265625,1.2423121929168701,-0.2045561969280243,-0.398033082485199,1.2781888246536255,-0.6110055446624756,1.2177824974060059,1.07314932346344,0.970158576965332,1.613470196723938,-1.841487169265747,-1.1764379739761353,0.07762537896633148,0.11068789660930634,-0.5023317933082581,0.6229702234268188,0.29764676094055176,0.23147600889205933,-0.062472421675920486,-1.0030120611190796,-0.6587279438972473,-0.7489311695098877,2.153125762939453,2.4881365299224854,-2.631807804107666,-2.329824209213257,0.06417303532361984,0.11225488036870956,-0.5073527693748474,0.6256052851676941,0.29081231355667114,0.24434395134449005,-0.06420432776212692,-1.0022304058074951,-0.6580233573913574,-0.7534944415092468,2.149439573287964,2.4768755435943604,-2.629349708557129,-2.3359220027923584,0.10564370453357697,0.008746247738599777,0.032537542283535004,1.843773603439331,0.07429074496030807,-0.17233522236347198,0.011107396334409714,-1.1326161623001099,0.007946480065584183,-0.0009174443548545241,0.025541502982378006,2.8391618728637695,0.04523914307355881,-1.750676155090332
6.681,-0.0005621748859994113,-0.00033992683165706694,-0.01945563592016697,6.343951827147976e-05,-5.519611931958934e-06,-0.0001222913560923189,7.740823093627114e-08,-1.0611572776042522e-07,-1.0,0.20000000298023224,0.0,0.0,0.0,0.06701105087995529,0.11262800544500351,-0.5055000185966492,0.6254920959472656,0.2927062511444092,0.24115100502967834,-0.06429116427898407,-1.0024443864822388,-0.6594070196151733,-0.7502486705780029,2.150944232940674,2.475928544998169,-2.6315622329711914,-2.3332114219665527,0.2195560485124588,0.04065392538905144,0.17596490681171417,1.8138597011566162,0.10274827480316162,-0.2004442811012268,0.15533308684825897,-1.1669999361038208,0.07075588405132294,0.06724580377340317,0.12322164326906204,2.823107957839966,-0.41678762435913086,-1.4807428121566772,0.17525525391101837,0.22420616447925568,-0.984283447265625,1.2423121929168701,-0.2045561969280243,-0.398033082485199,1.2781888246536255,-0.6110055446624756,1.2177824974060059,1.07314932346344,0.970158576965332,1.613470196723938,-1.841487169265747,-1.1764379739761353,5.341000080108643,0.1725636124610901,0.2210412472486496,-0.9820584058761597,1.2387378215789795,-0.1992354691028595,-0.4057186245918274,1.283657431602478,-0.6091338396072388,1.2089598178863525,1.081605076789856,0.9716004729270935,1.605672836303711,-1.846828818321228,-1.1692851781845093,0.07935666292905807,0.11065444350242615,-0.5000712871551514,0.622249960899353,0.3002338707447052,0.2266489565372467,-0.06123219057917595,-1.0029430389404297,-0.6604064106941223,-0.7453044652938843,2.154860734939575,2.486276626586914,-2.634509325027466,-2.3251678943634033,0.0681224912405014,0.11274492740631104,-0.5048004984855652,0.6254637837409973,0.2935313284397125,0.23929956555366516,-0.0634796991944313,-1.002419114112854,-0.6590577363967896,-0.749985933303833,2.1514699459075928,2.4753990173339844,-2.632408857345581,-2.3313724994659424,0.08619696646928787,0.006868728436529636,0.034834422171115875,1.8287264108657837,0.07110179215669632,-0.17161616683006287,0.03007594682276249,-1.1308354139328003,0.008517342619597912,0.009840387850999832,0.02583223208785057,2.843447208404541,0.04452342540025711,-1.7408767938613892
6.7,-0.0006225533434189856,-0.00047042808728292584,-0.019528748467564583,6.746655708411708e-05,2.100725993159358e-07,-0.00012325774878263474,7.418731939878853e-08,-8.74528680583353e-08,-1.0,0.20000000298023224,0.0,0.0,0.0,0.0706074982881546,0.11275601387023926,-0.5027295351028442,0.6251246333122253,0.2955349385738373,0.23590923845767975,-0.06272738426923752,-1.0027387142181396,-0.6608666777610779,-0.7464892864227295,2.153149127960205,2.476996660232544,-2.635216236114502,-2.3297712802886963,0.11570850759744644,0.007703090086579323,0.10465311259031296,1.7325152158737183,0.08870377391576767,-0.19806742668151855,0.14349345862865448,-1.1122654676437378,0.044727202504873276,0.041561104357242584,0.07518333941698074,3.321324586868286,-0.1423865556716919,-1.864235281944275,0.1725636124610901,0.2210412472486496,-0.9820584058761597,1.2387378215789795,-0.1992354691028595,-0.4057186245918274,1.283657431602478,-0.6091338396072388,1.2089598178863525,1.081605076789856,0.9716004729270935,1.605672836303711,-1.846828818321228,-1.1692851781845093,5.321000099182129,0.1762969195842743,0.22928954660892487,-0.9757230281829834,1.2271777391433716,-0.18565641343593597,-0.41976219415664673,1.2731410264968872,-0.6134102940559387,1.2057348489761353,1.0970087051391602,0.9783388376235962,1.6024138927459717,-1.8405044078826904,-1.1631025075912476,0.08111502230167389,0.11145251244306564,-0.4976293444633484,0.6205177307128906,0.3036614656448364,0.22138294577598572,-0.0612916462123394,-1.0033154487609863,-0.6620716452598572,-0.7408627271652222,2.1569225788116455,2.4844627380371094,-2.636038064956665,-2.32082462310791,0.0706074982881546,0.11275601387023926,-0.5027295351028442,0.6251246333122253,0.2955349385738373,0.23590923845767975,-0.06272738426923752,-1.0027387142181396,-0.6608666777610779,-0.7464892864227295,2.153149127960205,2.476996660232544,-2.635216236114502,-2.3297712802886963,0.11570850759744644,0.007703090086579323,0.10465311259031296,1.7325152158737183,0.08870377391576767,-0.19806742668151855,0.14349345862865448,-1.1122654676437378,0.044727202504873276,0.041561104357242584,0.07518333941698074,3.321324586868286,-0.1423865556716919,-1.864235281944275
6.7219999999999995,-0.0006225533434189856,-0.00047042808728292584,-0.019528748467564583,-7.279180863406509e-05,-7.772058779664803e-06,0.00011499880929477513,6.02999747911781e-08,-9.212600105001911e-08,-1.0,0.20000000298023224,0.0,0.0,0.0,0.07371964305639267,0.1136452704668045,-0.5000690221786499,0.6228629946708679,0.2983863055706024,0.23061202466487885,-0.06246720999479294,-1.0026071071624756,-0.6624855995178223,-0.7420549988746643,2.1555380821228027,2.4773144721984863,-2.6364905834198,-2.3213844299316406,0.07193303853273392,0.012636026367545128,0.056054726243019104,1.841149926185608,0.0954224243760109,-0.1968143880367279,0.06826876848936081,-1.1594544649124146,0.013929959386587143,0.051686398684978485,0.03097887523472309,2.800990104675293,-0.06057968735694885,-1.6662909984588623,0.1762969195842743,0.22928954660892487,-0.9757230281829834,1.2271777391433716,-0.18565641343593597,-0.41976219415664673,1.2731410264968872,-0.6134102940559387,1.2057348489761353,1.0970087051391602,0.9783388376235962,1.6024138927459717,-1.8405044078826904,-1.1631025075912476,5.301000118255615,0.17643240094184875,0.22515946626663208,-0.9749691486358643,1.2311010360717773,-0.190315842628479,-0.43204742670059204,1.2831796407699585,-0.6130936145782471,1.199438452720642,1.104206919670105,0.9737120866775513,1.5987448692321777,-1.845633864402771,-1.1518751382827759,0.0825352594256401,0.11167795956134796,-0.4956004023551941,0.6195243000984192,0.30593758821487427,0.2159416228532791,-0.060335349291563034,-1.0035817623138428,-0.6640334725379944,-0.7365894913673401,2.158109426498413,2.482644557952881,-2.6377739906311035,-2.3162271976470947,0.07426349073648453,0.11369422823190689,-0.499786913394928,0.6228197813034058,0.29923704266548157,0.22884266078472137,-0.06224462762475014,-1.0025279521942139,-0.6624579429626465,-0.7418809533119202,2.155639171600342,2.4752438068389893,-2.636326551437378,-2.3205881118774414,0.048407189548015594,0.003994465805590153,0.0172610804438591,1.8357826471328735,0.0758257582783699,-0.1640094816684723,-0.004562352783977985,-1.139408826828003,-0.002357669174671173,0.007113559637218714,0.001364992931485176,2.695890188217163,0.022246500477194786,-1.8946501016616821
6.741,-0.0006230312865227461,-0.0004927091649733484,-0.019545895978808403,6.618514453293756e-05,-6.3148108893074095e-06,-0.000115839226054959,6.660368256916627e-08,-9.727217076260786e-08,-1.0,0.20000000298023224,0.0,0.0,0.0,0.07606746256351471,0.11392033100128174,-0.49824878573417664,0.6226256489753723,0.3012702465057373,0.2254043072462082,-0.06198262423276901,-1.002976894378662,-0.664516031742096,-0.7376627326011658,2.156548023223877,2.4731109142303467,-2.638258934020996,-2.318803310394287,0.09775267541408539,0.018760034814476967,0.11851219832897186,1.7953953742980957,0.08690324425697327,-0.20472005009651184,0.11366277933120728,-1.1675806045532227,0.0442238375544548,0.03364771232008934,0.07118108123540878,2.7149946689605713,-0.23025456070899963,-1.6605509519577026,0.17643240094184875,0.22515946626663208,-0.9749691486358643,1.2311010360717773,-0.190315842628479,-0.43204742670059204,1.2831796407699585,-0.6130936145782471,1.199438452720642,1.104206919670105,0.9737120866775513,1.5987448692321777,-1.845633864402771,-1.1518751382827759,5.281000137329102,0.17873986065387726,0.21816237270832062,-0.9681277275085449,1.2298811674118042,-0.18689200282096863,-0.43366312980651855,1.2932562828063965,-0.6123194694519043,1.1957685947418213,1.1070524454116821,0.9732540845870972,1.5895880460739136,-1.8498328924179077,-1.1448861360549927,0.08390219509601593,0.11115860939025879,-0.4932931065559387,0.6186075806617737,0.3081008791923523,0.2114269882440567,-0.05856264755129814,-1.0037174224853516,-0.665969967842102,-0.7328863739967346,2.159012794494629,2.4802744388580322,-2.639582633972168,-2.3118503093719482,0.07654976844787598,0.11397350579500198,-0.4977913200855255,0.6224902272224426,0.30202364921569824,0.2235880047082901,-0.06140192970633507,-1.0030430555343628,-0.6643692255020142,-0.7375892400741577,2.156787633895874,2.471731424331665,-2.638451337814331,-2.3179633617401123,0.03682965785264969,0.0033357071224600077,0.022069601342082024,1.80160653591156,0.0658450573682785,-0.1678590029478073,0.019343188032507896,-1.1279151439666748,-0.0002951313217636198,0.002679010620340705,0.007243840955197811,2.7598583698272705,0.052066098898649216,-1.81113862991333
6.761,-0.0006230312865227461,-0.0004927091649733484,-0.019545895978808403,-7.859043398639187e-05,1.374546911847574e-07,0.00010461335477884859,7.570139359813766e-08,-1.5509881379216495e-08,-1.0,0.20000000298023224,0.0,0.0,0.0,0.07813842594623566,0.1135009303689003,-0.4960014224052429,0.6206188797950745,0.30393409729003906,0.2203425168991089,-0.06048731133341789,-1.0026618242263794,-0.6664649248123169,-0.7341827750205994,2.15732741355896,2.4692392349243164,-2.6405434608459473,-2.315007209777832,0.11752258241176605,-0.021523261442780495,0.13669070601463318,-0.5461261868476868,0.08454007655382156,-0.18658818304538727,0.19758915901184082,0.2537635564804077,0.03916814923286438,0.05724189057946205,0.0923614427447319,-0.529473066329956,-0.2728441059589386,0.540116012096405,0.17873986065387726,0.21816237270832062,-0.9681277275085449,1.2298811674118042,-0.18689200282096863,-0.43366312980651855,1.2932562828063965,-0.6123194694519043,1.1957685947418213,1.1070524454116821,0.9732540845870972,1.5895880460739136,-1.8498328924179077,-1.1448861360549927,5.261000156402588,0.15789060294628143,0.13301150500774384,-0.9128698706626892,1.2159379720687866,-0.19746989011764526,-0.4475165605545044,1.3682433366775513,-0.6685256361961365,1.1375939846038818,1.1266788244247437,0.9813417196273804,1.5734368562698364,-1.85023832321167,-1.1559215784072876,0.08291082084178925,0.10222803801298141,-0.4859214723110199,0.6164798736572266,0.3087737262248993,0.20642992854118347,-0.04964577779173851,-1.0094465017318726,-0.6733366250991821,-0.7279612421989441,2.1605443954467773,2.4767632484436035,-2.6410701274871826,-2.309452533721924,0.07857390493154526,0.11348233371973038,-0.4954491853713989,0.6196504235267639,0.30460110306739807,0.21863967180252075,-0.059527888894081116,-1.0023066997528076,-0.6662902235984802,-0.733942449092865,2.157693862915039,2.4710869789123535,-2.6402764320373535,-2.313183546066284,0.02845834195613861,0.0012917142594233155,0.02764369733631611,-1.8924362659454346,0.059724289923906326,-0.15489763021469116,0.034514933824539185,1.189331293106079,-0.001981061417609453,0.007340838201344013,0.014938892796635628,-2.7950823307037354,0.1104927733540535,2.174250364303589
6.78,-0.0005496264202520251,-0.00038507505087181926,-0.019496465101838112,-7.429596735164523e-05,-1.1153875902891741e-06,0.00011020751117030159,6.898184068404589e-08,1.1734343274838466e-08,-1.0,0.20000000298023224,0.0,0.0,0.0,0.07787101715803146,0.11110786348581314,-0.4932428300380707,0.6190447211265564,0.30597877502441406,0.21517333388328552,-0.05497094616293907,-1.0073869228363037,-0.6721916794776917,-0.7294338941574097,2.158506393432617,2.4714808464050293,-2.6446728706359863,-2.306060791015625,0.0018469493370503187,-0.12625236809253693,0.21129389107227325,-2.0015387535095215,0.022148896008729935,-0.17770665884017944,0.5142579078674316,0.9527799487113953,-0.3086543679237366,0.08988755941390991,0.0833854228258133,-3.0749850273132324,-0.06988858431577682,1.7955632209777832,0.15789060294628143,0.13301150500774384,-0.9128698706626892,1.2159379720687866,-0.19746989011764526,-0.4475165605545044,1.3682433366775513,-0.6685256361961365,1.1375939846038818,1.1266788244247437,0.9813417196273804,1.5734368562698364,-1.85023832321167,-1.1559215784072876,5.241000175476074,0.11988738179206848,0.07200564444065094,-0.9163627028465271,1.1917269229888916,-0.22476595640182495,-0.4650939702987671,1.365315318107605,-0.6745240688323975,1.0846126079559326,1.1584612131118774,0.9870970249176025,1.5423353910446167,-1.8382933139801025,-1.166442632675171,0.07831739634275436,0.08898299187421799,-0.48037344217300415,0.6123566031455994,0.30658239126205444,0.20067456364631653,-0.04280508682131767,-1.014629602432251,-0.6845280528068542,-0.7208428978919983,2.1623451709747314,2.470844268798828,-2.6410655975341797,-2.308586359024048,0.07787101715803146,0.11110786348581314,-0.4932428300380707,0.6190447211265564,0.30597877502441406,0.21517333388328552,-0.05497094616293907,-1.0073869228363037,-0.6721916794776917,-0.7294338941574097,2.158506393432617,2.4714808464050293,-2.6446728706359863,-2.306060791015625,0.0018469493370503187,-0.12625236809253693,0.21129389107227325,-2.0015387535095215,0.022148896008729935,-0.17770665884017944,0.5142579078674316,0.9527799487113953,-0.3086543679237366,0.08988755941390991,0.0833854228258133,-3.0749850273132324,-0.06988858431577682,1.7955632209777832
6.8,-0.0005496264202520251,-0.00038507505087181926,-0.019496465101838112,7.378185546258464e-05,-1.9891973352059722e-05,-0.00010003985516959801,7.493327558449892e-08,1.3406574517205172e-08,-1.0,0.20000000298023224,0.0,0.0,0.0,0.07626727968454361,0.10727743059396744,-0.4890056252479553,0.6177371144294739,0.3056678771972656,0.20995000004768372,-0.04746830090880394,-1.012256383895874,-0.680533766746521,-0.7231065034866333,2.1602954864501953,2.465829372406006,-2.6439290046691895,-2.3047900199890137,-0.13700975477695465,-0.301719605922699,0.30563873052597046,-2.0976786613464355,-0.0756053775548935,-0.17116089165210724,0.5900157690048218,0.791455090045929,-1.0039708614349365,0.25619593262672424,0.13825789093971252,-3.371128559112549,-0.14173975586891174,1.8215770721435547,0.11988738179206848,0.07200564444065094,-0.9163627028465271,1.1917269229888916,-0.22476595640182495,-0.4650939702987671,1.365315318107605,-0.6745240688323975,1.0846126079559326,1.1584612131118774,0.9870970249176025,1.5423353910446167,-1.8382933139801025,-1.166442632675171,5.2210001945495605,0.12530791759490967,0.0774308368563652,-0.9370325207710266,1.1732416152954102,-0.2207052856683731,-0.4764745235443115,1.3432244062423706,-0.65390545129776,1.0700749158859253,1.174241542816162,0.9885594844818115,1.5339137315750122,-1.8383018970489502,-1.168828010559082,0.07518471032381058,0.07892947643995285,-0.47800201177597046,0.6072094440460205,0.3052353858947754,0.19493220746517181,-0.03954162448644638,-1.0167142152786255,-0.6949349641799927,-0.7135701775550842,2.1639320850372314,2.465266704559326,-2.6410627365112305,-2.3081319332122803,0.07626727968454361,0.10727743059396744,-0.4890056252479553,0.6177371144294739,0.3056678771972656,0.20995000004768372,-0.04746830090880394,-1.012256383895874,-0.680533766746521,-0.7231065034866333,2.1602954864501953,2.465829372406006,-2.6439290046691895,-2.3047900199890137,-0.13700975477695465,-0.301719605922699,0.30563873052597046,-2.0976786613464355,-0.0756053775548935,-0.17116089165210724,0.5900157690048218,0.791455090045929,-1.0039708614349365,0.25619593262672424,0.13825789093971252,-3.371128559112549,-0.14173975586891174,1.8215770721435547
6.82,-0.0005050924955867231,-0.00032718112925067544,-0.01947205513715744,-7.925831596367061e-05,1.656744279898703e-05,8.85564077179879e-05,6.427070076142627e-08,2.8392403983446e-09,-1.0,0.20000000298023224,0.0,0.0,0.0,0.0736280307173729,0.10094766318798065,-0.4838677644729614,0.6149007678031921,0.3045250475406647,0.20449915528297424,-0.040888462215662,-1.0152876377105713,-0.6931553483009338,-0.7154310941696167,2.162543535232544,2.4579131603240967,-2.6419777870178223,-2.3078157901763916,-0.060062091797590256,-0.3049667179584503,0.20801399648189545,-2.020820379257202,-0.0517771914601326,-0.18580299615859985,0.28483811020851135,1.0677701234817505,-0.6724775433540344,0.19630256295204163,0.10052163153886795,-3.311793327331543,0.14557868242263794,1.771719217300415,0.12530791759490967,0.0774308368563652,-0.9370325207710266,1.1732416152954102,-0.2207052856683731,-0.4764745235443115,1.3432244062423706,-0.65390545129776,1.0700749158859253,1.174241542816162,0.9885594844818115,1.5339137315750122,-1.8383018970489502,-1.168828010559082,5.201000213623047,0.1278761327266693,0.07795333117246628,-0.929278552532196,1.1629701852798462,-0.2129892259836197,-0.48870110511779785,1.3638865947723389,-0.6754443645477295,1.0769206285476685,1.180201530456543,0.9718416333198547,1.5490689277648926,-1.8331273794174194,-1.168588399887085,0.07293538004159927,0.07093891501426697,-0.4753294587135315,0.6020646095275879,0.30492937564849854,0.18911565840244293,-0.0348646342754364,-1.0205358266830444,-0.7025759220123291,-0.7071560025215149,2.163529872894287,2.462320327758789,-2.640542984008789,-2.3077445030212402,0.0736280307173729,0.10094766318798065,-0.4838677644729614,0.6149007678031921,0.3045250475406647,0.20449915528297424,-0.040888462215662,-1.0152876377105713,-0.6931553483009338,-0.7154310941696167,2.162543535232544,2.4579131603240967,-2.6419777870178223,-2.3078157901763916,-0.060062091797590256,-0.3049667179584503,0.20801399648189545,-2.020820379257202,-0.0517771914601326,-0.18580299615859985,0.28483811020851135,1.0677701234817505,-0.6724775433540344,0.19630256295204163,0.10052163153886795,-3.311793327331543,0.14557868242263794,1.771719217300415
6.84,-0.0005050924955867231,-0.00032718112925067544,-0.01947205513715744,-7.872420246712863e-05,2.3592865545651875e-05,8.553257794119418e-05,4.452394009035743e-08,-7.042040550686579e-08,-1.0,0.20000000298023224,0.0,0.0,0.0,0.07101501524448395,0.09380855411291122,-0.47991734743118286,0.6130510568618774,0.3041056990623474,0.19869381189346313,-0.03565602004528046,-1.0203711986541748,-0.7024995684623718,-0.7084526419639587,2.162280559539795,2.455113410949707,-2.6416501998901367,-2.309514045715332,-0.04126839339733124,-0.30228784680366516,0.13187141716480255,1.5829755067825317,-0.023847784847021103,-0.19935740530490875,0.1674940437078476,-1.2517610788345337,-0.30094486474990845,0.06829556077718735,0.059609126299619675,2.7474632263183594,0.21144382655620575,-2.1836676597595215,0.1278761327266693,0.07795333117246628,-0.929278552532196,1.1629701852798462,-0.2129892259836197,-0.48870110511779785,1.3638865947723389,-0.6754443645477295,1.0769206285476685,1.180201530456543,0.9718416333198547,1.5490689277648926,-1.8331273794174194,-1.168588399887085,5.181000232696533,0.2107822149991989,0.2152295708656311,-0.9590246677398682,1.1940410137176514,-0.16044950485229492,-0.45078933238983154,1.3017923831939697,-0.6060581207275391,1.1867796182632446,1.1315211057662964,0.9555276036262512,1.5752986669540405,-1.844024896621704,-1.125612735748291,0.07942652702331543,0.07827408611774445,-0.4761660397052765,0.6010558009147644,0.30993854999542236,0.18825359642505646,-0.03733246400952339,-1.0166544914245605,-0.6977028250694275,-0.7068926692008972,2.161576747894287,2.4625861644744873,-2.64121675491333,-2.3031368255615234,0.07101501524448395,0.09380855411291122,-0.47991734743118286,0.6130510568618774,0.3041056990623474,0.19869381189346313,-0.03565602004528046,-1.0203711986541748,-0.7024995684623718,-0.7084526419639587,2.162280559539795,2.455113410949707,-2.6416501998901367,-2.309514045715332,-0.04126839339733124,-0.30228784680366516,0.13187141716480255,1.5829755067825317,-0.023847784847021103,-0.19935740530490875,0.1674940437078476,-1.2517610788345337,-0.30094486474990845,0.06829556077718735,0.059609126299619675,2.7474632263183594,0.21144382655620575,-2.1836676597595215
6.86,-0.0004113769391551614,-0.00016358787252102047,-0.01939677633345127,-7.782295142533258e-05,2.5898385501932353e-05,9.101433533942327e-05,3.9652331196293744e-08,-1.014653534525678e-07,-1.0,0.20000000298023224,0.0,0.0,0.0,0.07283833622932434,0.09129565954208374,-0.47908079624176025,0.6084988713264465,0.30552607774734497,0.19455045461654663,-0.037371616810560226,-1.0168218612670898,-0.7005747556686401,-0.7076835036277771,2.1608262062072754,2.4533469676971436,-2.6381869316101074,-2.311256170272827,0.08918025344610214,-0.0958024263381958,-0.026639409363269806,0.8238016963005066,0.10356617718935013,-0.147245392203331,-0.2524367570877075,-0.42670345306396484,0.37262973189353943,-0.08035436272621155,-0.07790561020374298,1.968471646308899,-0.23740506172180176,-0.5648168921470642,0.2107822149991989,0.2152295708656311,-0.9590246677398682,1.1940410137176514,-0.16044950485229492,-0.45078933238983154,1.3017923831939697,-0.6060581207275391,1.1867796182632446,1.1315211057662964,0.9555276036262512,1.5752986669540405,-1.844024896621704,-1.125612735748291,5.160999774932861,0.2042258232831955,0.17959696054458618,-0.9172141551971436,1.1959447860717773,-0.1477840691804886,-0.4717363119125366,1.3779704570770264,-0.6649523973464966,1.1852420568466187,1.1381170749664307,0.9352920651435852,1.5995889902114868,-1.8474385738372803,-1.1217529773712158,0.08396381139755249,0.08057896792888641,-0.4726542532444,0.6004391312599182,0.3152124285697937,0.18546923995018005,-0.03168892115354538,-1.0194388628005981,-0.693958044052124,-0.7060224413871765,2.1579906940460205,2.4652278423309326,-2.6420974731445312,-2.299064874649048,0.07283833622932434,0.09129565954208374,-0.47908079624176025,0.6084988713264465,0.30552607774734497,0.19455045461654663,-0.037371616810560226,-1.0168218612670898,-0.7005747556686401,-0.7076835036277771,2.1608262062072754,2.4533469676971436,-2.6381869316101074,-2.311256170272827,0.08918025344610214,-0.0958024263381958,-0.026639409363269806,0.8238016963005066,0.10356617718935013,-0.147245392203331,-0.2524367570877075,-0.42670345306396484,0.37262973189353943,-0.08035436272621155,-0.07790561020374298,1.968471646308899,-0.23740506172180176,-0.5648168921470642
6.882,-0.0004113769391551614,-0.00016358787252102047,-0.01939677633345127,8.1879275967367e-05,-2.3794613298377953e-05,-8.663920743856579e-05,4.082757598666831e-08,-7.772612775625021e-08,-1.0,0.20000000298023224,0.0,0.0,0.0,0.07589543610811234,0.09099229425191879,-0.4769301116466522,0.6060450673103333,0.30857032537460327,0.19082018733024597,-0.03443668410181999,-1.0186164379119873,-0.6957866549491882,-0.7069135308265686,2.156543731689453,2.4577691555023193,-2.6456944942474365,-2.2987117767333984,0.08434199541807175,-0.08530446141958237,0.08239588141441345,1.7347122430801392,0.13806629180908203,-0.12572084367275238,0.18489357829093933,-1.234570860862732,0.24308937788009644,-0.054571859538555145,0.016860663890838623,3.0002334117889404,0.045677538961172104,-1.8287992477416992,0.2042258232831955,0.17959696054458618,-0.9172141551971436,1.1959447860717773,-0.1477840691804886,-0.4717363119125366,1.3779704570770264,-0.6649523973464966,1.1852420568466187,1.1381170749664307,0.9352920651435852,1.5995889902114868,-1.8474385738372803,-1.1217529773712158,5.140999794006348,0.20057693123817444,0.20834463834762573,-0.9296709895133972,1.2060599327087402,-0.162872314453125,-0.4601360559463501,1.337928295135498,-0.6260571479797363,1.2049052715301514,1.1376590728759766,0.9392313361167908,1.573279619216919,-1.849119782447815,-1.099625825881958,0.08722874522209167,0.08529764413833618,-0.47109049558639526,0.6009572744369507,0.3179227113723755,0.18440178036689758,-0.031178301200270653,-1.0177768468856812,-0.688995897769928,-0.7053720951080322,2.155515670776367,2.464710235595703,-2.642970085144043,-2.2935943603515625,0.07589543610811234,0.09099229425191879,-0.4769301116466522,0.6060450673103333,0.30857032537460327,0.19082018733024597,-0.03443668410181999,-1.0186164379119873,-0.6957866549491882,-0.7069135308265686,2.156543731689453,2.4577691555023193,-2.6456944942474365,-2.2987117767333984,0.08434199541807175,-0.08530446141958237,0.08239588141441345,1.7347122430801392,0.13806629180908203,-0.12572084367275238,0.18489357829093933,-1.234570860862732,0.24308937788009644,-0.054571859538555145,0.016860663890838623,3.0002334117889404,0.045677538961172104,-1.8287992477416992
6.9,-0.00045090465573593974,-0.00024614253197796643,-0.0194531362503767,-7.898851617937908e-05,2.5162606107187457e-05,8.653687837067991e-05,2.589979253286856e-08,-9.597726347010394e-08,-1.0,0.20000000298023224,0.0,0.0,0.0,0.07908463478088379,0.09122256934642792,-0.4742160141468048,0.6051188111305237,0.31184110045433044,0.1878334879875183,-0.032402727752923965,-1.0173628330230713,-0.6911215782165527,-0.7062265276908875,2.1543121337890625,2.455448865890503,-2.6429338455200195,-2.2974472045898438,0.11360517889261246,0.029191475361585617,0.0446806363761425,1.7988576889038086,0.14105340838432312,-0.09030915051698685,0.02992023341357708,-1.0509065389633179,0.39024966955184937,-0.06561341881752014,0.002153131179511547,2.738616704940796,-0.09287120401859283,-1.4466615915298462,0.20057693123817444,0.20834463834762573,-0.9296709895133972,1.2060599327087402,-0.162872314453125,-0.4601360559463501,1.337928295135498,-0.6260571479797363,1.2049052715301514,1.1376590728759766,0.9392313361167908,1.573279619216919,-1.849119782447815,-1.099625825881958,5.120999813079834,0.19905510544776917,0.1996556967496872,-0.9191831946372986,1.2084702253341675,-0.16017518937587738,-0.471546471118927,1.3612490892410278,-0.641994297504425,1.204554796218872,1.1431747674942017,0.9298052191734314,1.5763318538665771,-1.8483569622039795,-1.0933908224105835,0.0896885097026825,0.08820368349552155,-0.4687907099723816,0.6016128659248352,0.3203606605529785,0.18240678310394287,-0.028437728062272072,-1.0180408954620361,-0.6850612759590149,-0.7043002247810364,2.1525931358337402,2.464601516723633,-2.64359188079834,-2.2885944843292236,0.07908463478088379,0.09122256934642792,-0.4742160141468048,0.6051188111305237,0.31184110045433044,0.1878334879875183,-0.032402727752923965,-1.0173628330230713,-0.6911215782165527,-0.7062265276908875,2.1543121337890625,2.455448865890503,-2.6429338455200195,-2.2974472045898438,0.11360517889261246,0.029191475361585617,0.0446806363761425,1.7988576889038086,0.14105340838432312,-0.09030915051698685,0.02992023341357708,-1.0509065389633179,0.39024966955184937,-0.06561341881752014,0.002153131179511547,2.738616704940796,-0.09287120401859283,-1.4466615915298462
6.92,-0.00045090465573593974,-0.00024614253197796643,-0.0194531362503767,8.088491449598223e-05,-2.5116942197200842e-05,-8.177629933925346e-05,2.8449170130784296e-08,-8.722044952946817e-08,-1.0,0.20000000298023224,0.0,0.0,0.0,0.08235354721546173,0.09269288927316666,-0.47168365120887756,0.6049623489379883,0.31504812836647034,0.18520644307136536,-0.0297300536185503,-1.0173916816711426,-0.6862167119979858,-0.7052561044692993,2.1511459350585938,2.4529693126678467,-2.6449055671691895,-2.2909178733825684,0.07500391453504562,-0.004860520828515291,0.041849344968795776,1.7862157821655273,0.11309511214494705,-0.07233181595802307,0.06392978131771088,-1.1288790702819824,0.23518168926239014,-0.03251468017697334,0.01698182336986065,2.803431272506714,0.016736770048737526,-1.685311198234558,0.19905510544776917,0.1996556967496872,-0.9191831946372986,1.2084702253341675,-0.16017518937587738,-0.471546471118927,1.3612490892410278,-0.641994297504425,1.204554796218872,1.1431747674942017,0.9298052191734314,1.5763318538665771,-1.8483569622039795,-1.0933908224105835,5.10099983215332,0.19998286664485931,0.20402449369430542,-0.914477527141571,1.2035019397735596,-0.1609189808368683,-0.47890543937683105,1.3578394651412964,-0.63868647813797,1.2025291919708252,1.1508760452270508,0.9306412935256958,1.5656903982162476,-1.848792314529419,-1.0845661163330078,0.09174910187721252,0.0909654051065445,-0.4664803147315979,0.601640522480011,0.3222366273403168,0.18007488548755646,-0.026586228981614113,-1.0179213285446167,-0.6821161508560181,-0.7026726007461548,2.150338649749756,2.4634501934051514,-2.6441328525543213,-2.283712148666382,0.08235354721546173,0.09269288927316666,-0.47168365120887756,0.6049623489379883,0.31504812836647034,0.18520644307136536,-0.0297300536185503,-1.0173916816711426,-0.6862167119979858,-0.7052561044692993,2.1511459350585938,2.4529693126678467,-2.6449055671691895,-2.2909178733825684,0.07500391453504562,-0.004860520828515291,0.041849344968795776,1.7862157821655273,0.11309511214494705,-0.07233181595802307,0.06392978131771088,-1.1288790702819824,0.23518168926239014,-0.03251468017697334,0.01698182336986065,2.803431272506714,0.016736770048737526,-1.685311198234558
6.9399999999999995,-0.0004573387559503317,-0.0002650277456268668,-0.019475745037198067,8.198631257982925e-05,-2.5933397409971803e-05,-7.938461203593761e-05,2.717690072984169e-08,-8.672138562815235e-08,-1.0,0.20000000298023224,0.0,0.0,0.0,0.08525120466947556,0.09428635984659195,-0.46925297379493713,0.6046711206436157,0.3177732229232788,0.18282870948314667,-0.02816414088010788,-1.0174072980880737,-0.6837441325187683,-0.7035518288612366,2.148789405822754,2.451345920562744,-2.645059108734131,-2.2869327068328857,0.11816278845071793,0.07068128883838654,0.031143780797719955,1.7854464054107666,0.10545343905687332,-0.0717429369688034,0.12346722185611725,-1.115059733390808,0.3277726471424103,-0.020520713180303574,0.01803003065288067,2.828444242477417,-0.20228484272956848,-1.6301566362380981,0.19998286664485931,0.20402449369430542,-0.914477527141571,1.2035019397735596,-0.1609189808368683,-0.47890543937683105,1.3578394651412964,-0.63868647813797,1.2025291919708252,1.1508760452270508,0.9306412935256958,1.5656903982162476,-1.848792314529419,-1.0845661163330078,5.080999851226807,0.19497352838516235,0.2024620771408081,-0.9098480343818665,1.1999996900558472,-0.15374302864074707,-0.4883125424385071,1.3626668453216553,-0.6400373578071594,1.1950998306274414,1.1603361368179321,0.9310221672058105,1.5585262775421143,-1.8499746322631836,-1.0766668319702148,0.09289664030075073,0.0930185317993164,-0.46416908502578735,0.6013123989105225,0.32445502281188965,0.17726865410804749,-0.024622293189167976,-1.017960786819458,-0.6805029511451721,-0.7004244923591614,2.148573160171509,2.461812973022461,-2.644683837890625,-2.2790164947509766,0.08525120466947556,0.09428635984659195,-0.46925297379493713,0.6046711206436157,0.3177732229232788,0.18282870948314667,-0.02816414088010788,-1.0174072980880737,-0.6837441325187683,-0.7035518288612366,2.148789405822754,2.451345920562744,-2.645059108734131,-2.2869327068328857,0.11816278845071793,0.07068128883838654,0.031143780797719955,1.7854464054107666,0.10545343905687332,-0.0717429369688034,0.12346722185611725,-1.115059733390808,0.3277726471424103,-0.020520713180303574,0.01803003065288067,2.828444242477417,-0.20228484272956848,-1.6301566362380981
6.961,-0.0004573387559503317,-0.0002650277456268668,-0.019475745037198067,-8.110406633932143e-05,2.5401022867299616e-05,8.213035471271724e-05,3.3661315512745205e-08,-9.061888306405308e-08,-1.0,0.20000000298023224,0.0,0.0,0.0,0.08725178986787796,0.09627298265695572,-0.4666699767112732,0.6041712164878845,0.3204156756401062,0.18019980192184448,-0.02600984461605549,-1.0174752473831177,-0.6812250018119812,-0.7013223767280579,2.147026300430298,2.451240301132202,-2.6459779739379883,-2.282101631164551,0.04335058107972145,0.011447841301560402,0.05362193286418915,1.788124680519104,0.07957818359136581,-0.07278978824615479,0.07445207983255386,-1.1238254308700562,0.137972891330719,-0.013362829573452473,0.03571711853146553,2.9072697162628174,-0.008023274131119251,-1.5972040891647339,0.19497352838516235,0.2024620771408081,-0.9098480343818665,1.1999996900558472,-0.15374302864074707,-0.4883125424385071,1.3626668453216553,-0.6400373578071594,1.1950998306274414,1.1603361368179321,0.9310221672058105,1.5585262775421143,-1.8499746322631836,-1.0766668319702148,5.059999942779541,0.1987084597349167,0.20610402524471283,-0.9053471088409424,1.1938488483428955,-0.15118472278118134,-0.49877476692199707,1.3639464378356934,-0.6424799561500549,1.191759705543518,1.1702419519424438,0.9296383261680603,1.556696891784668,-1.8487739562988281,-1.0719512701034546,0.0941881611943245,0.09502522647380829,-0.4618699848651886,0.6004347801208496,0.3264855444431305,0.17397746443748474,-0.022923186421394348,-1.0182366371154785,-0.6795464158058167,-0.6976354122161865,2.1470224857330322,2.460319995880127,-2.6450047492980957,-2.2747883796691895,0.08756589144468307,0.09621434658765793,-0.4664011299610138,0.6040149927139282,0.32106977701187134,0.17957735061645508,-0.025731606408953667,-1.0172336101531982,-0.6807667016983032,-0.7013207674026489,2.1471805572509766,2.4503281116485596,-2.6453442573547363,-2.2798025608062744,0.02697448804974556,-0.008172180503606796,0.016054145991802216,1.793063998222351,0.05539671704173088,-0.05737178400158882,0.002012485871091485,-1.1132179498672485,0.006103504914790392,0.008911027573049068,0.006284873466938734,2.797459840774536,0.06103755533695221,-1.8180557489395142
6.98,-0.0004198857059236616,-0.00020527235756162554,-0.019454019144177437,8.01679925643839e-05,-3.160313644912094e-05,-7.959196955198422e-05,3.893277522593053e-08,-9.15485571795216e-08,-1.0,0.20000000298023224,0.0,0.0,0.0,0.08889681100845337,0.09782757610082626,-0.4645923376083374,0.6038318276405334,0.3225722312927246,0.1776735484600067,-0.0249075535684824,-1.0175371170043945,-0.6813886761665344,-0.6985338926315308,2.145296335220337,2.449425220489502,-2.645458936691284,-2.2779834270477295,0.14502356946468353,0.19356170296669006,0.09859497100114822,1.734397053718567,0.16889648139476776,-0.1150376945734024,0.15854331851005554,-1.1803905963897705,0.1713234782218933,0.07609561830759048,0.0690094381570816,2.867384672164917,-0.4183550775051117,-1.6518112421035767,0.1987084597349167,0.20610402524471283,-0.9053471088409424,1.1938488483428955,-0.15118472278118134,-0.49877476692199707,1.3639464378356934,-0.6424799561500549,1.191759705543518,1.1702419519424438,0.9296383261680603,1.556696891784668,-1.8487739562988281,-1.0719512701034546,5.040999889373779,0.1872735172510147,0.19564266502857208,-0.9024210572242737,1.1914421319961548,-0.14851507544517517,-0.5045827627182007,1.3776572942733765,-0.6396242380142212,1.1775561571121216,1.1811156272888184,0.9311497211456299,1.5426225662231445,-1.8517597913742065,-1.059807300567627,0.09407788515090942,0.0955844521522522,-0.4597381055355072,0.599492073059082,0.3283769488334656,0.17076370120048523,-0.020192814990878105,-1.018171787261963,-0.680201530456543,-0.6943167448043823,2.145932912826538,2.4577183723449707,-2.645559787750244,-2.2701914310455322,0.08889681100845337,0.09782757610082626,-0.4645923376083374,0.6038318276405334,0.3225722312927246,0.1776735484600067,-0.0249075535684824,-1.0175371170043945,-0.6813886761665344,-0.6985338926315308,2.145296335220337,2.449425220489502,-2.645458936691284,-2.2779834270477295,0.14502356946468353,0.19356170296669006,0.09859497100114822,1.734397053718567,0.16889648139476776,-0.1150376945734024,0.15854331851005554,-1.1803905963897705,0.1713234782218933,0.07609561830759048,0.0690094381570816,2.867384672164917,-0.4183550775051117,-1.6518112421035767
7.003,-0.0004198857059236616,-0.00020527235756162554,-0.019454019144177437,8.166075713234022e-05,-3.1980736821424216e-05,-7.613914931425825e-05,2.52583802762274e-08,-8.425852371374276e-08,-1.0,0.20000000298023224,0.0,0.0,0.0,0.08941540867090225,0.09859262406826019,-0.46215835213661194,0.6024371981620789,0.32508376240730286,0.17476621270179749,-0.021670116111636162,-1.0176013708114624,-0.6806498765945435,-0.6954475045204163,2.1443238258361816,2.446546792984009,-2.647512674331665,-2.2723817825317383,0.018136227503418922,-9.365831647301093e-05,0.050149936228990555,1.766501784324646,0.0577230267226696,-0.08757712692022324,0.13761620223522186,-1.1179022789001465,0.061267074197530746,0.06159699708223343,0.04439510777592659,2.780158519744873,0.09214325994253159,-1.7611173391342163,0.1872735172510147,0.19564266502857208,-0.9024210572242737,1.1914421319961548,-0.14851507544517517,-0.5045827627182007,1.3776572942733765,-0.6396242380142212,1.1775561571121216,1.1811156272888184,0.9311497211456299,1.5426225662231445,-1.8517597913742065,-1.059807300567627,5.019000053405762,0.2013227641582489,0.20076973736286163,-0.892728328704834,1.1881299018859863,-0.14722616970539093,-0.5093912482261658,1.3710132837295532,-0.6449195146560669,1.1826246976852417,1.1812230348587036,0.9299896955490112,1.5394498109817505,-1.8495606184005737,-1.055845856666565,0.09539458155632019,0.0965445414185524,-0.45706331729888916,0.5984066724777222,0.3300189673900604,0.16771183907985687,-0.018672917038202286,-1.0186494588851929,-0.6802188158035278,-0.6916511058807373,2.1449453830718994,2.45531964302063,-2.6457839012145996,-2.266117811203003,0.08958283066749573,0.09853916615247726,-0.4618604779243469,0.6023482084274292,0.3255760073661804,0.1739736795425415,-0.02114904299378395,-1.017551302909851,-0.6805161237716675,-0.6951692700386047,2.1445674896240234,2.445829153060913,-2.645995855331421,-2.2715911865234375,0.015025876462459564,-0.005322910845279694,0.017385801300406456,1.766848087310791,0.04221949353814125,-0.07449278980493546,0.010261272080242634,-1.1102687120437622,-0.005397376604378223,0.015208341181278229,0.011880489066243172,2.8035733699798584,0.11541503667831421,-1.879504680633545
7.021,-0.0004672860086429864,-0.00031194763141684234,-0.019520806148648262,-8.28650445328094e-05,3.097102671745233e-05,7.797001308063045e-05,8.028807485516154e-08,2.3242838764758744e-09,-1.0,0.20000000298023224,0.0,0.0,0.0,0.09091895818710327,0.09935314208269119,-0.4599132537841797,0.6002155542373657,0.32700908184051514,0.17179590463638306,-0.020362315699458122,-1.0173441171646118,-0.6814208030700684,-0.6924924254417419,2.143350124359131,2.4434428215026855,-2.6464364528656006,-2.2683563232421875,0.10051356256008148,0.05752056837081909,0.0756591185927391,-0.8171131014823914,0.04889792576432228,-0.09584823995828629,0.1368369460105896,0.38529542088508606,0.22282925248146057,-0.007872942835092545,0.047081492841243744,-0.9632910490036011,-0.25114092230796814,0.8386315107345581,0.2013227641582489,0.20076973736286163,-0.892728328704834,1.1881299018859863,-0.14722616970539093,-0.5093912482261658,1.3710132837295532,-0.6449195146560669,1.1826246976852417,1.1812230348587036,0.9299896955490112,1.5394498109817505,-1.8495606184005737,-1.055845856666565,5.000999927520752,0.16230520606040955,0.08992728590965271,-0.8346381783485413,1.1609385013580322,-0.16631796956062317,-0.5307134985923767,1.4521801471710205,-0.7033323049545288,1.1081383228302002,1.2061609029769897,0.9340417981147766,1.511666178703308,-1.858031988143921,-1.070144772529602,0.09254618734121323,0.08622836321592331,-0.44911447167396545,0.594819188117981,0.32942336797714233,0.16313812136650085,-0.009340313263237476,-1.0248727798461914,-0.687681257724762,-0.6870248317718506,2.1445605754852295,2.450622320175171,-2.646810531616211,-2.2642886638641357,0.09118553251028061,0.09941216558218002,-0.4595206677913666,0.5993714928627014,0.3275003433227539,0.17096543312072754,-0.019804934039711952,-1.0171984434127808,-0.6806650757789612,-0.6925225257873535,2.1435587406158447,2.445549249649048,-2.6465351581573486,-2.267045736312866,0.012862327508628368,-0.004653026815503836,0.02516094595193863,-1.8528019189834595,0.04051937535405159,-0.07363241165876389,0.011959091760218143,1.1733616590499878,0.01916254125535488,0.0012310337042436004,0.009218796156346798,-2.81799578666687,0.05637837573885918,2.225939989089966
7.04,-0.0004672860086429864,-0.00031194763141684234,-0.019520806148648262,-8.326268289238214e-05,3.2933276088442653e-05,7.596497744088992e-05,7.933719103903059e-08,2.1884980938580156e-08,-1.0,0.20000000298023224,0.0,0.0,0.0,0.08917097747325897,0.0967731773853302,-0.45751625299453735,0.5957584977149963,0.32736703753471375,0.16828274726867676,-0.014624265022575855,-1.021207332611084,-0.6862713694572449,-0.6882259249687195,2.1424968242645264,2.4443767070770264,-2.650265693664551,-2.261190414428711,-0.03175404667854309,-0.13504137098789215,0.20303775370121002,-1.9019083976745605,-0.0068380520679056644,-0.10574204474687576,0.43401944637298584,0.8388758897781372,-0.45678606629371643,0.06915661692619324,0.056436408311128616,-2.8848683834075928,-0.015510029159486294,1.8096946477890015,0.16230520606040955,0.08992728590965271,-0.8346381783485413,1.1609385013580322,-0.16631796956062317,-0.5307134985923767,1.4521801471710205,-0.7033323049545288,1.1081383228302002,1.2061609029769897,0.9340417981147766,1.511666178703308,-1.858031988143921,-1.070144772529602,4.980999946594238,0.14014101028442383,0.0385671891272068,-0.8408077359199524,1.1356276273727417,-0.19391970336437225,-0.5424055457115173,1.4432015419006348,-0.7047932147979736,1.0660752058029175,1.2306249141693115,0.9412174820899963,1.4793016910552979,-1.850516438484192,-1.0790293216705322,0.08805105090141296,0.0728394091129303,-0.44337236881256104,0.5894181132316589,0.3261867165565491,0.1583099365234375,-0.0027720904909074306,-1.0299975872039795,-0.6978574991226196,-0.6808773875236511,2.144970417022705,2.4436280727386475,-2.6468801498413086,-2.263713836669922,0.08917097747325897,0.0967731773853302,-0.45751625299453735,0.5957584977149963,0.32736703753471375,0.16828274726867676,-0.014624265022575855,-1.021207332611084,-0.6862713694572449,-0.6882259249687195,2.1424968242645264,2.4443767070770264,-2.650265693664551,-2.261190414428711,-0.03175404667854309,-0.13504137098789215,0.20303775370121002,-1.9019083976745605,-0.0068380520679056644,-0.10574204474687576,0.43401944637298584,0.8388758897781372,-0.45678606629371643,0.06915661692619324,0.056436408311128616,-2.8848683834075928,-0.015510029159486294,1.8096946477890015
7.061,-0.0004459997289814055,-0.0002841077512130141,-0.019516080617904663,-8.36160106700845e-05,4.0575152524979785e-05,6.392071372829378e-05,8.283006991405273e-08,2.7380831824075358e-08,-1.0,0.20000000298023224,0.0,0.0,0.0,0.08688521385192871,0.09202465415000916,-0.45288321375846863,0.59136563539505,0.3264096677303314,0.16431564092636108,-0.0061195180751383305,-1.0271334648132324,-0.695914089679718,-0.682309091091156,2.14311146736145,2.43735933303833,-2.649355411529541,-2.2596628665924072,-0.06371629983186722,-0.25144222378730774,0.2711421549320221,-1.9480350017547607,-0.06713321059942245,-0.11914534121751785,0.4031820595264435,0.8183220028877258,-0.6382343769073486,0.1218094453215599,0.09540197998285294,-3.308737277984619,0.2330199033021927,1.5224266052246094,0.14014101028442383,0.0385671891272068,-0.8408077359199524,1.1356276273727417,-0.19391970336437225,-0.5424055457115173,1.4432015419006348,-0.7047932147979736,1.0660752058029175,1.2306249141693115,0.9412174820899963,1.4793016910552979,-1.850516438484192,-1.0790293216705322,4.960000038146973,0.14126655459403992,0.034160301089286804,-0.8427810668945312,1.1267541646957397,-0.19957810640335083,-0.5414197444915771,1.4377943277359009,-0.6946448087692261,1.0629265308380127,1.2311886548995972,0.9346442222595215,1.4734642505645752,-1.8474252223968506,-1.0806858539581299,0.08456750214099884,0.06168755888938904,-0.4389760196208954,0.5842099189758301,0.32303157448768616,0.15454597771167755,0.001941766357049346,-1.0330826044082642,-0.7063133716583252,-0.6759030818939209,2.1446406841278076,2.4374489784240723,-2.6466267108917236,-2.2634196281433105,0.08652505278587341,0.08987531810998917,-0.4507700800895691,0.5909772515296936,0.3260533809661865,0.16318373382091522,-0.003861764445900917,-1.0285749435424805,-0.6985700726509094,-0.6817792057991028,2.1437158584594727,2.433736801147461,-2.6462764739990234,-2.2641055583953857,-0.027302296832203865,-0.1987655907869339,0.1743614375591278,-1.7853370904922485,-0.0193464457988739,-0.10447545349597931,0.1162508875131607,1.0568037033081055,-0.09656602889299393,0.019462767988443375,0.037998899817466736,-3.153533935546875,0.2406548261642456,1.584346890449524
