timestamp_s,obs_0: base_lin_vel_x,obs_1: base_lin_vel_y,obs_2: base_lin_vel_z,obs_3: base_ang_vel_x,obs_4: base_ang_vel_y,obs_5: base_ang_vel_z,obs_6: projected_gravity_x,obs_7: projected_gravity_y,obs_8: projected_gravity_z,obs_9: pose_commands_cmd_0,obs_10: pose_commands_cmd_1,obs_11: pose_commands_cmd_2,obs_12: pose_commands_cmd_3,obs_13: joint_pos_FL_HAA,obs_14: joint_pos_FR_HAA,obs_15: joint_pos_HL_HAA,obs_16: joint_pos_HR_HAA,obs_17: joint_pos_FL_HFE,obs_18: joint_pos_FR_HFE,obs_19: joint_pos_HL_HFE,obs_20: joint_pos_HR_HFE,obs_21: joint_pos_FL_KFE,obs_22: joint_pos_FR_KFE,obs_23: joint_pos_HL_KFE,obs_24: joint_pos_HR_KFE,obs_25: joint_pos_HL_AFE,obs_26: joint_pos_HR_AFE,obs_27: joint_vel_FL_HAA,obs_28: joint_vel_FR_HAA,obs_29: joint_vel_HL_HAA,obs_30: joint_vel_HR_HAA,obs_31: joint_vel_FL_HFE,obs_32: joint_vel_FR_HFE,obs_33: joint_vel_HL_HFE,obs_34: joint_vel_HR_HFE,obs_35: joint_vel_FL_KFE,obs_36: joint_vel_FR_KFE,obs_37: joint_vel_HL_KFE,obs_38: joint_vel_HR_KFE,obs_39: joint_vel_HL_AFE,obs_40: joint_vel_HR_AFE,obs_41: actions_FL_HAA,obs_42: actions_FR_HAA,obs_43: actions_HL_HAA,obs_44: actions_HR_HAA,obs_45: actions_FL_HFE,obs_46: actions_FR_HFE,obs_47: actions_HL_HFE,obs_48: actions_HR_HFE,obs_49: actions_FL_KFE,obs_50: actions_FR_KFE,obs_51: actions_HL_KFE,obs_52: actions_HR_KFE,obs_53: actions_HL_AFE,obs_54: actions_HR_AFE,obs_55: time_remaining_s_time,action_IA_FL_HAA,action_IA_FR_HAA,action_IA_HL_HAA,action_IA_HR_HAA,action_IA_FL_HFE,action_IA_FR_HFE,action_IA_HL_HFE,action_IA_HR_HFE,action_IA_FL_KFE,action_IA_FR_KFE,action_IA_HL_KFE,action_IA_HR_KFE,action_IA_HL_AFE,action_IA_HR_AFE,target_envoyee_FL_HAA,target_envoyee_FR_HAA,target_envoyee_HL_HAA,target_envoyee_HR_HAA,target_envoyee_FL_HFE,target_envoyee_FR_HFE,target_envoyee_HL_HFE,target_envoyee_HR_HFE,target_envoyee_FL_KFE,target_envoyee_FR_KFE,target_envoyee_HL_KFE,target_envoyee_HR_KFE,target_envoyee_HL_AFE,target_envoyee_HR_AFE,position_reelle_FL_HAA,position_reelle_FR_HAA,position_reelle_HL_HAA,position_reelle_HR_HAA,position_reelle_FL_HFE,position_reelle_FR_HFE,position_reelle_HL_HFE,position_reelle_HR_HFE,position_reelle_FL_KFE,position_reelle_FR_KFE,position_reelle_HL_KFE,position_reelle_HR_KFE,position_reelle_HL_AFE,position_reelle_HR_AFE,vitesse_reelle_FL_HAA,vitesse_reelle_FR_HAA,vitesse_reelle_HL_HAA,vitesse_reelle_HR_HAA,vitesse_reelle_FL_HFE,vitesse_reelle_FR_HFE,vitesse_reelle_HL_HFE,vitesse_reelle_HR_HFE,vitesse_reelle_FL_KFE,vitesse_reelle_FR_KFE,vitesse_reelle_HL_KFE,vitesse_reelle_HR_KFE,vitesse_reelle_HL_AFE,vitesse_reelle_HR_AFE
0.021,0.0,0.0,0.0,6.116479122231927e-15,-2.3188681013477106e-15,3.571127328040862e-15,-3.6901317910656165e-17,-1.2359667861807315e-16,-1.0,0.0,0.0,0.20000000298023224,0.0,0.0,0.0,0.0,0.0,0.41019999980926514,0.41019999980926514,-0.6980999708175659,-0.6980999708175659,-1.2716000080108643,-1.2716000080108643,1.6759999990463257,1.6759999990463257,-1.7218999862670898,-1.7218999862670898,9.680064468910437e-15,-9.136168519852453e-15,-3.7853932058947836e-15,-1.263008117145456e-14,-3.392000823762022e-15,8.623539097976467e-15,-3.8832486353021153e-14,-5.1474009245527225e-14,-1.385213541500686e-14,-1.8434377830646442e-14,4.846930894294131e-14,5.34534710331519e-15,-1.3687409529622527e-14,2.344588553252619e-14,0.0,0.0,0.0,0.0,0.0,0.0,0.0,0.0,0.0,0.0,0.0,0.0,0.0,0.0,6.0,0.43380165100097656,-0.12864474952220917,-0.8343772292137146,0.9080891609191895,-0.04612177982926369,0.22019635140895844,0.6966668367385864,-0.2793724536895752,0.9760695099830627,0.25978195667266846,0.7842175364494324,0.9154812693595886,-0.5512005686759949,-0.9291223883628845,0.10845041275024414,-0.03216118738055229,-0.20859430730342865,0.22702229022979736,0.3986695408821106,0.46524909138679504,-0.5239332914352417,-0.7679430842399597,-1.0275826454162598,-1.2066545486450195,1.8720543384552002,1.9048702716827393,-1.8597002029418945,-1.9541805982589722,0.0,0.0,0.0,0.0,0.41019999980926514,0.41019999980926514,-0.6980999708175659,-0.6980999708175659,-1.2716000080108643,-1.2716000080108643,1.6759999990463257,1.6759999990463257,-1.7218999862670898,-1.7218999862670898,-1.631872669763043e-14,-4.759760616109823e-15,3.816054951552442e-15,-1.6938229019318571e-15,-1.6615920065635864e-14,8.120837749275248e-15,4.142438345469679e-15,-5.1937200742403766e-14,1.4479608104970426e-14,-7.595914491202813e-15,-3.9351591659416254e-16,6.944239020617582e-14,4.361218485415992e-15,-6.200668098551784e-14
0.042,0.0,0.0,0.0,1.908870400613681e-14,1.0815426584377154e-14,1.167587404535668e-16,-6.511996577680451e-17,-2.8127626896776484e-16,-1.0,0.0,0.0,0.20000000298023224,0.0,0.0,0.0,0.0,0.0,0.41019999980926514,0.41019999980926514,-0.6980999708175659,-0.6980999708175659,-1.2716000080108643,-1.2716000080108643,1.6759999990463257,1.6759999990463257,-1.7218999862670898,-1.7218999862670898,-2.852436643547944e-14,-2.3828817269518597e-14,-5.755072186495146e-15,-5.004364249519078e-15,-2.0720233458149627e-14,4.842355645829537e-15,2.969549790527576e-14,4.3533119410731416e-14,1.4939008282375058e-14,2.854348778074723e-15,-8.565221557184366e-14,-6.565492642824147e-14,6.885550479394584e-14,6.8374917781431534e-15,0.43380165100097656,-0.12864474952220917,-0.8343772292137146,0.9080891609191895,-0.04612177982926369,0.22019635140895844,0.6966668367385864,-0.2793724536895752,0.9760695099830627,0.25978195667266846,0.7842175364494324,0.9154812693595886,-0.5512005686759949,-0.9291223883628845,5.980999946594238,0.3336467146873474,-0.0038275285623967648,-0.9114833474159241,0.9520682096481323,-0.18226458132266998,0.1856386959552765,0.7006713151931763,-0.3294135332107544,1.0896918773651123,0.34318625926971436,0.7634029388427734,0.9755129814147949,-0.8121563792228699,-1.0798588991165161,0.13763688504695892,-0.01703747548162937,-0.33216798305511475,0.35152819752693176,0.35886862874031067,0.4841341972351074,-0.43584880232810974,-0.8153749108314514,-0.8771683573722839,-1.153330683708191,1.964877963066101,2.034313201904297,-1.993839144706726,-2.1080050468444824,0.0,0.0,0.0,0.0,0.41019999980926514,0.41019999980926514,-0.6980999708175659,-0.6980999708175659,-1.2716000080108643,-1.2716000080108643,1.6759999990463257,1.6759999990463257,-1.7218999862670898,-1.7218999862670898,6.445391333013192e-15,-3.1792311025544834e-14,2.0570919337240586e-15,-2.3450078345615098e-14,2.3586490037155088e-15,1.7604829337489365e-14,2.7038519874130786e-14,-2.4958947262470124e-14,-2.856752445820794e-14,-3.6393045017455924e-14,-8.011388048182605e-14,3.716158850368585e-14,2.075176341257822e-14,-1.62272369749316e-14
0.062,3.2625955770034833e-15,-2.156162733649714e-16,-0.3373936712741852,-1.3783750210010284e-14,2.856302883084039e-15,1.070476109454367e-15,1.0044595626116162e-17,-2.0869913761989678e-16,-1.0,0.0,0.0,0.20000000298023224,0.0,0.0,0.0,0.0,0.0,0.41019999980926514,0.41019999980926514,-0.6980999708175659,-0.6980999708175659,-1.2716000080108643,-1.2716000080108643,1.6759999990463257,1.6759999990463257,-1.7218999862670898,-1.7218999862670898,2.129825212948775e-14,1.1648681693711416e-14,2.5976960586391283e-14,-1.7952206866520774e-15,-1.8279880715133152e-14,1.8433112363423244e-14,-2.973707705859058e-14,-1.7987949115796063e-14,8.475113514629096e-15,-2.8511176438424796e-14,4.739002972594525e-14,3.132161481675562e-14,-4.64860016257361e-14,-1.219042448501748e-14,0.3336467146873474,-0.0038275285623967648,-0.9114833474159241,0.9520682096481323,-0.18226458132266998,0.1856386959552765,0.7006713151931763,-0.3294135332107544,1.0896918773651123,0.34318625926971436,0.7634029388427734,0.9755129814147949,-0.8121563792228699,-1.0798588991165161,5.960000038146973,0.25122886896133423,0.03236871957778931,-0.8469597697257996,0.9164499640464783,-0.21637468039989471,0.11448822915554047,0.6874426007270813,-0.34277060627937317,1.208784580230713,0.4636140465736389,0.7056754231452942,0.8847627639770508,-0.8492345213890076,-1.0353695154190063,0.13162565231323242,-0.00042655784636735916,-0.37782394886016846,0.40487658977508545,0.3304406404495239,0.4757891595363617,-0.3951137363910675,-0.8424301147460938,-0.7721880674362183,-1.0965619087219238,1.9968578815460205,2.0763473510742188,-2.070178270339966,-2.173794746398926,0.0,0.0,0.0,0.0,0.41019999980926514,0.41019999980926514,-0.6980999708175659,-0.6980999708175659,-1.2716000080108643,-1.2716000080108643,1.6759999990463257,1.6759999990463257,-1.7218999862670898,-1.7218999862670898,-1.590167986165441e-14,6.770951834422171e-15,6.219726085755122e-15,2.0635734298364485e-15,-1.898354825386698e-14,-5.636620981568736e-15,2.3367695921165145e-14,4.526995115171394e-15,1.6796878490421378e-14,1.7075743759514123e-14,-2.9855671835601547e-14,-1.5039701865078754e-14,-6.559753486386731e-15,4.623242621934953e-15
0.081,3.2625955770034833e-15,-2.156162733649714e-16,-0.3373936712741852,-7.265174383321374e-15,2.5218449887784227e-16,-2.227743238090909e-15,1.7774721700335476e-17,-2.832955624267946e-17,-1.0,0.0,0.0,0.20000000298023224,0.0,0.0,0.0,0.0,0.0,0.41019999980926514,0.41019999980926514,-0.6980999708175659,-0.6980999708175659,-1.2716000080108643,-1.2716000080108643,1.6759999990463257,1.6759999990463257,-1.7218999862670898,-1.7218999862670898,9.296516091932428e-15,1.1984304099500829e-14,-3.16756716240926e-15,-2.6601306877746533e-15,-1.5167852867800646e-14,9.254287264347065e-15,1.1525823799876916e-14,-5.490066070485376e-15,8.87669183492236e-15,-1.0635313921989473e-15,-3.8159918475978716e-14,1.4307793612608759e-15,2.9241247688190433e-14,4.23859267860904e-15,0.25122886896133423,0.03236871957778931,-0.8469597697257996,0.9164499640464783,-0.21637468039989471,0.11448822915554047,0.6874426007270813,-0.34277060627937317,1.208784580230713,0.4636140465736389,0.7056754231452942,0.8847627639770508,-0.8492345213890076,-1.0353695154190063,5.940999984741211,0.2616845369338989,0.02818744257092476,-0.8099711537361145,0.9226754903793335,-0.2120477855205536,0.1066819280385971,0.725651741027832,-0.34777820110321045,1.2293556928634644,0.48424771428108215,0.6967462301254272,0.854836642742157,-0.8417471647262573,-1.0081902742385864,0.13123396039009094,0.00683358171954751,-0.39140474796295166,0.4331071674823761,0.31730836629867554,0.4696650505065918,-0.3651939034461975,-0.8572095632553101,-0.7145551443099976,-1.063019037246704,2.010615348815918,2.0898828506469727,-2.106475830078125,-2.199894905090332,0.0,0.0,0.0,0.0,0.41019999980926514,0.41019999980926514,-0.6980999708175659,-0.6980999708175659,-1.2716000080108643,-1.2716000080108643,1.6759999990463257,1.6759999990463257,-1.7218999862670898,-1.7218999862670898,9.296516091932428e-15,1.1984304099500829e-14,-3.16756716240926e-15,-2.6601306877746533e-15,-1.5167852867800646e-14,9.254287264347065e-15,1.1525823799876916e-14,-5.490066070485376e-15,8.87669183492236e-15,-1.0635313921989473e-15,-3.8159918475978716e-14,1.4307793612608759e-15,2.9241247688190433e-14,4.23859267860904e-15
0.102,5.2045858975910495e-15,7.341580249174619e-16,-0.7153428196907043,5.842475398739949e-16,1.7284888899685418e-15,-2.925375031800838e-15,4.3892334119321585e-17,4.740560510012826e-17,-1.0,0.0,0.0,0.20000000298023224,0.0,0.0,0.0,0.0,0.0,0.41019999980926514,0.41019999980926514,-0.6980999708175659,-0.6980999708175659,-1.2716000080108643,-1.2716000080108643,1.6759999990463257,1.6759999990463257,-1.7218999862670898,-1.7218999862670898,2.4811804087004896e-14,4.687733592956527e-15,8.008667717169203e-15,7.82541976232726e-15,-1.2410250710653652e-14,5.44849538750003e-15,-1.2674877355903051e-14,-1.1254853724885529e-14,-2.9532830733469727e-15,-5.894852104549892e-15,1.3362911207529405e-14,1.4763904972837439e-15,-1.3513582275219947e-14,3.050618382173043e-15,0.2616845369338989,0.02818744257092476,-0.8099711537361145,0.9226754903793335,-0.2120477855205536,0.1066819280385971,0.725651741027832,-0.34777820110321045,1.2293556928634644,0.48424771428108215,0.6967462301254272,0.854836642742157,-0.8417471647262573,-1.0081902742385864,5.920000076293945,0.2161472886800766,0.017747458070516586,-0.7333325743675232,0.8651765584945679,-0.2299422323703766,0.04856362193822861,0.7063758969306946,-0.3330276310443878,1.3699876070022583,0.5957992672920227,0.6261968016624451,0.7179505228996277,-0.8212339282035828,-0.9103947877883911,0.11965380609035492,0.007853655144572258,-0.3790355324745178,0.4328477382659912,0.3062686324119568,0.45207342505455017,-0.3550529479980469,-0.8609116673469543,-0.650580644607544,-1.018359661102295,1.999856948852539,2.0624289512634277,-2.1194963455200195,-2.1884961128234863,0.0,0.0,0.0,0.0,0.41019999980926514,0.41019999980926514,-0.6980999708175659,-0.6980999708175659,-1.2716000080108643,-1.2716000080108643,1.6759999990463257,1.6759999990463257,-1.7218999862670898,-1.7218999862670898,9.443208222353243e-16,-1.283550847226212e-15,-1.9385359084704264e-15,-5.481116743881161e-15,-1.308809644999043e-14,-4.23011218474113e-15,3.016314479545486e-14,6.700236865304172e-15,4.213618759192194e-15,1.0063280808973122e-14,-7.236337316038691e-14,-1.5786168284571446e-14,2.423215403021036e-14,-7.376286471276298e-15
0.121,5.2045858975910495e-15,7.341580249174619e-16,-0.7153428196907043,-0.0655033141374588,0.21751423180103302,9.032178058987483e-05,0.00045091667561791837,0.0002586933260317892,-0.9999998807907104,0.0,0.0,0.20000000298023224,0.0,-1.0801658390846569e-05,-9.602651516615879e-06,-8.337881808984093e-06,-1.1032580005121417e-05,0.4102020859718323,0.4102036654949188,-0.6980992555618286,-0.6980950832366943,-1.271599292755127,-1.2716012001037598,1.6760047674179077,1.679136872291565,-1.7219033241271973,-1.7271891832351685,-0.010833673179149628,-0.009630812332034111,-0.008359040133655071,-0.010217756032943726,0.0020924117416143417,0.003666385542601347,0.0007378074806183577,0.004951649345457554,0.000705192273017019,-0.0011540345149114728,0.004814523737877607,3.146265745162964,-0.003328651189804077,-5.304986000061035,0.2161472886800766,0.017747458070516586,-0.7333325743675232,0.8651765584945679,-0.2299422323703766,0.04856362193822861,0.7063758969306946,-0.3330276310443878,1.3699876070022583,0.5957992672920227,0.6261968016624451,0.7179505228996277,-0.8212339282035828,-0.9103947877883911,5.901000022888184,0.25200778245925903,-0.025606095790863037,-0.6944664716720581,0.8631154894828796,-0.19660601019859314,0.08772733062505722,0.7494679689407349,-0.2798800468444824,1.4164035320281982,0.5692306756973267,0.6935724020004272,0.6509413719177246,-0.830104649066925,-0.898980975151062,0.12282884865999222,-0.0024746963754296303,-0.36313438415527344,0.4322027564048767,0.3090828061103821,0.4530685544013977,-0.3392094671726227,-0.8494758605957031,-0.6069894433021545,-1.0026721954345703,2.011321544647217,2.031949758529663,-2.1282243728637695,-2.179943323135376,0.0011402000673115253,-0.00014039796951692551,0.0005982707371003926,0.0003574858419597149,0.40814071893692017,0.4080478847026825,-0.7042062282562256,-0.7007036805152893,-1.2725616693496704,-1.27254056930542,1.7106915712356567,1.7129331827163696,-1.772691011428833,-1.785037875175476,0.12686149775981903,-0.11962659657001495,0.017737258225679398,0.005097940564155579,-0.41910138726234436,-0.4187418222427368,-0.6627321243286133,-0.6028697490692139,-0.1489727944135666,-0.16190534830093384,2.9363901615142822,2.826648473739624,-4.804986000061035,-4.764104843139648
0.142,0.05248183384537697,0.013832634314894676,-0.6137330532073975,0.01830182410776615,0.16219404339790344,0.012266392819583416,0.00907097663730383,0.00038252159720286727,-0.9999588131904602,0.0,0.0,0.20000000298023224,0.0,0.001459956867620349,-0.0005619959556497633,0.0006234477623365819,0.00025813901447691023,0.42983850836753845,0.4297381639480591,-0.7100405097007751,-0.7080264091491699,-1.321054458618164,-1.3210649490356445,1.7362651824951172,1.7389154434204102,-1.8108512163162231,-1.8202438354492188,-0.015963239595294,-0.019345290958881378,-0.008963520638644695,-0.015052743256092072,2.5186030864715576,2.5257413387298584,-0.6439138650894165,-0.896190345287323,-5.25545597076416,-5.26270866394043,2.3309519290924072,2.469736099243164,-2.849876642227173,-2.4493722915649414,0.25200778245925903,-0.025606095790863037,-0.6944664716720581,0.8631154894828796,-0.19660601019859314,0.08772733062505722,0.7494679689407349,-0.2798800468444824,1.4164035320281982,0.5692306756973267,0.6935724020004272,0.6509413719177246,-0.830104649066925,-0.898980975151062,5.880000114440918,0.33652544021606445,0.08464042097330093,-0.8780011534690857,0.8624090552330017,-0.32315880060195923,-0.050229690968990326,0.7390788793563843,-0.2836371064186096,1.3328884840011597,0.5085342526435852,0.7204287052154541,0.8032681941986084,-1.0191560983657837,-0.9871457815170288,0.14554578065872192,0.019922757521271706,-0.40106749534606934,0.4317036271095276,0.2788516879081726,0.4190768599510193,-0.3338850140571594,-0.8446971774101257,-0.6060726046562195,-1.010002613067627,2.0237679481506348,2.0547919273376465,-2.1798510551452637,-2.1977081298828125,0.001078781671822071,-0.00094338518101722,0.0005074595683254302,0.00010518451745156199,0.4468194246292114,0.4469156563282013,-0.7182672619819641,-0.7187020778656006,-1.357301950454712,-1.3573335409164429,1.7559435367584229,1.7597767114639282,-1.828108549118042,-1.8329448699951172,-0.05592161417007446,-0.05590943619608879,-0.008384186774492264,-0.011516615748405457,1.1021884679794312,1.1332241296768188,-0.9715729355812073,-1.1436827182769775,-2.478248357772827,-2.472804069519043,1.9086099863052368,1.7166084051132202,-1.251678228378296,-0.42511630058288574
0.161,0.05248183384537697,0.013832634314894676,-0.6137330532073975,-0.12789477407932281,-1.0370903015136719,-0.49697989225387573,0.004397386685013771,-7.270167407114059e-05,-0.9999903440475464,0.0,0.0,0.20000000298023224,0.0,0.0014971032505854964,-0.0007161062676459551,-0.0039359708316624165,0.0054590594954788685,0.44983264803886414,0.44972315430641174,-0.7121714353561401,-0.7290850877761841,-1.3618173599243164,-1.3633089065551758,1.7705923318862915,1.7905133962631226,-1.9090445041656494,-1.9071288108825684,0.3780358135700226,0.3609679639339447,-1.3252662420272827,2.0626864433288574,-0.6409528851509094,-0.4261830151081085,4.295775890350342,-0.3080076575279236,2.5940449237823486,1.4777610301971436,0.25323089957237244,4.609973430633545,-21.4464168548584,-20.115623474121094,0.33652544021606445,0.08464042097330093,-0.8780011534690857,0.8624090552330017,-0.32315880060195923,-0.050229690968990326,0.7390788793563843,-0.2836371064186096,1.3328884840011597,0.5085342526435852,0.7204287052154541,0.8032681941986084,-1.0191560983657837,-0.9871457815170288,5.861000061035156,0.08895613253116608,-0.014500368386507034,-1.0924874544143677,0.8973737955093384,0.05841739848256111,0.09666465222835541,0.47727710008621216,-0.15610450506210327,1.0917139053344727,0.5548433661460876,0.5690022110939026,0.27609890699386597,-0.9676402807235718,-0.7300798892974854,0.09501191973686218,0.006336286664009094,-0.4736556112766266,0.4401952624320984,0.35913020372390747,0.43880459666252136,-0.39667320251464844,-0.8104246854782104,-0.6659078598022461,-1.0020904541015625,1.9921345710754395,1.9344207048416138,-2.1927857398986816,-2.1423239707946777,0.009611244313418865,0.007528112735599279,-0.033920589834451675,0.04817299172282219,0.43506214022636414,0.4350259304046631,-0.6391637325286865,-0.7292500734329224,-1.305019497871399,-1.3206863403320312,1.751814603805542,1.8141589164733887,-2.1247074604034424,-2.112377643585205,1.0784026384353638,1.1021448373794556,-4.558062553405762,5.920976161956787,-2.8834035396575928,-2.4667413234710693,8.599138259887695,-0.46592476963996887,9.283750534057617,6.575634956359863,-3.052258253097534,0.08481331914663315,-17.03272247314453,-15.509163856506348
0.18,-0.3223516345024109,-0.20546424388885498,1.0300308465957642,0.2986590564250946,-2.2761549949645996,-1.2057887315750122,-0.03641601279377937,-0.002573959529399872,-0.999333381652832,0.0,0.0,0.20000000298023224,0.0,0.01977471262216568,0.018781758844852448,-0.10228133201599121,0.12308437377214432,0.4012209177017212,0.40451425313949585,-0.5604565739631653,-0.7404285669326782,-1.2003099918365479,-1.2383328676223755,1.7270429134368896,1.78864324092865,-2.210378885269165,-2.14681077003479,0.8347725868225098,0.9218240976333618,-8.865694046020508,8.709100723266602,-4.439015865325928,-2.986145257949829,7.306268692016602,-1.6246684789657593,13.163990020751953,9.030912399291992,-2.0473690032958984,-2.7624528408050537,-2.608116388320923,0.7728963494300842,0.08895613253116608,-0.014500368386507034,-1.0924874544143677,0.8973737955093384,0.05841739848256111,0.09666465222835541,0.47727710008621216,-0.15610450506210327,1.0917139053344727,0.5548433661460876,0.5690022110939026,0.27609890699386597,-0.9676402807235718,-0.7300798892974854,5.841000080108643,-0.04453365504741669,0.14056889712810516,-0.9928843975067139,1.4638792276382446,0.07221664488315582,0.11363860964775085,0.8922265768051147,-0.21214914321899414,0.7333756685256958,0.5920701622962952,0.7429167628288269,0.560013473033905,-1.0294644832611084,-0.9058550000190735,0.03637254610657692,0.03831036761403084,-0.48504889011383057,0.5860674381256104,0.40271925926208496,0.45291197299957275,-0.3243299424648285,-0.8072996139526367,-0.7854100465774536,-0.9888277053833008,2.019796371459961,1.945213794708252,-2.2147090435028076,-2.1585757732391357,0.01977471262216568,0.018781758844852448,-0.10228133201599121,0.12308437377214432,0.4012209177017212,0.40451425313949585,-0.5604565739631653,-0.7404285669326782,-1.2003099918365479,-1.2383328676223755,1.7270429134368896,1.78864324092865,-2.210378885269165,-2.14681077003479,0.8347725868225098,0.9218240976333618,-8.865694046020508,8.709100723266602,-4.439015865325928,-2.986145257949829,7.306268692016602,-1.6246684789657593,13.163990020751953,9.030912399291992,-2.0473690032958984,-2.7624528408050537,-2.608116388320923,0.7728963494300842
0.201,-0.3223516345024109,-0.20546424388885498,1.0300308465957642,0.11888215690851212,-1.9640802145004272,-1.3654032945632935,-0.08424700051546097,-0.009916547685861588,-0.9963955283164978,0.0,0.0,0.20000000298023224,0.0,0.03608483821153641,0.03717023506760597,-0.156192347407341,0.11426318436861038,0.3300817310810089,0.3871828019618988,-0.43158990144729614,-0.6976393461227417,-0.9596423506736755,-1.0995609760284424,1.69917631149292,1.8012051582336426,-2.338533878326416,-2.198770761489868,1.077797770500183,1.4729788303375244,-0.9255465865135193,-0.5132609605789185,-0.9778653383255005,0.554007887840271,4.461456775665283,1.1153075695037842,6.566341876983643,4.847620010375977,-0.5328367948532104,0.7872714996337891,-3.2532541751861572,-1.223413109779358,-0.04453365504741669,0.14056889712810516,-0.9928843975067139,1.4638792276382446,0.07221664488315582,0.11363860964775085,0.8922265768051147,-0.21214914321899414,0.7333756685256958,0.5920701622962952,0.7429167628288269,0.560013473033905,-1.0294644832611084,-0.9058550000190735,5.821000099182129,-0.0053560771048069,-0.08097176998853683,-0.6512191295623779,1.305559754371643,0.1399633139371872,0.0994633287191391,1.1536622047424316,-0.4535042643547058,0.7697671055793762,0.6396961808204651,0.9836257100105286,0.8746498227119446,-1.248478651046753,-1.1929957866668701,0.01684725284576416,-0.0010877586901187897,-0.40532922744750977,0.6194236278533936,0.44145047664642334,0.456421822309494,-0.2227994054555893,-0.866075873374939,-0.8360632658004761,-0.9702898263931274,2.0938045978546143,2.029269218444824,-2.280424118041992,-2.2384867668151855,0.03608483821153641,0.03717023506760597,-0.156192347407341,0.11426318436861038,0.3300817310810089,0.3871828019618988,-0.43158990144729614,-0.6976393461227417,-0.9596423506736755,-1.0995609760284424,1.69917631149292,1.8012051582336426,-2.338533878326416,-2.198770761489868,1.077797770500183,1.4729788303375244,-0.9255465865135193,-0.5132609605789185,-0.9778653383255005,0.554007887840271,4.461456775665283,1.1153075695037842,6.566341876983643,4.847620010375977,-0.5328367948532104,0.7872714996337891,-3.2532541751861572,-1.223413109779358
0.22,-0.2863224148750305,-0.2526915371417999,0.9166589975357056,0.1934875100851059,-1.0416259765625,-1.5185863971710205,-0.1121007427573204,-0.016141818836331367,-0.9935657382011414,0.0,0.0,0.20000000298023224,0.0,0.051139067858457565,0.05559726804494858,-0.17654620110988617,0.1150256022810936,0.3449074625968933,0.4042195677757263,-0.3700725734233856,-0.6982109546661377,-0.8937045931816101,-1.022100806236267,1.6967700719833374,1.8183339834213257,-2.375023603439331,-2.2328734397888184,0.20034195482730865,-0.011731845326721668,-1.1282929182052612,0.5890464186668396,1.94059419631958,1.245307207107544,3.0104498863220215,-0.3435826897621155,1.7087284326553345,2.4578003883361816,-0.8636360764503479,0.9783014059066772,-1.3505104780197144,-0.33809563517570496,-0.0053560771048069,-0.08097176998853683,-0.6512191295623779,1.305559754371643,0.1399633139371872,0.0994633287191391,1.1536622047424316,-0.4535042643547058,0.7697671055793762,0.6396961808204651,0.9836257100105286,0.8746498227119446,-1.248478651046753,-1.1929957866668701,5.801000118255615,0.011637348681688309,-0.14831960201263428,-0.804356575012207,1.3810012340545654,-0.12416334450244904,0.0415511429309845,1.2494924068450928,-0.4400894045829773,0.8726484179496765,0.6525302529335022,1.082234263420105,1.0793136358261108,-1.4620935916900635,-1.2475131750106812,0.011332963593304157,-0.037623777985572815,-0.40375375747680664,0.6549621224403381,0.3947843909263611,0.4436987042427063,-0.148076593875885,-0.892110288143158,-0.8356695175170898,-0.9578123688697815,2.155460834503174,2.1224629878997803,-2.366685390472412,-2.29207181930542,0.051139067858457565,0.05559726804494858,-0.17654620110988617,0.1150256022810936,0.3449074625968933,0.4042195677757263,-0.3700725734233856,-0.6982109546661377,-0.8937045931816101,-1.022100806236267,1.6967700719833374,1.8183339834213257,-2.375023603439331,-2.2328734397888184,0.20034195482730865,-0.011731845326721668,-1.1282929182052612,0.5890464186668396,1.94059419631958,1.245307207107544,3.0104498863220215,-0.3435826897621155,1.7087284326553345,2.4578003883361816,-0.8636360764503479,0.9783014059066772,-1.3505104780197144,-0.33809563517570496
0.24,-0.2863224148750305,-0.2526915371417999,0.9166589975357056,-0.30582281947135925,-0.08968336880207062,-1.6060547828674316,-0.1215488612651825,-0.020054854452610016,-0.992382824420929,0.0,0.0,0.20000000298023224,0.0,0.0480070523917675,0.03458116203546524,-0.20248831808567047,0.1411459743976593,0.38165560364723206,0.41988295316696167,-0.3202345669269562,-0.7121514081954956,-0.859377384185791,-0.9791461825370789,1.6822506189346313,1.8298320770263672,-2.416590929031372,-2.269463062286377,-0.24477899074554443,-2.016695976257324,-2.025045871734619,4.07358455657959,1.2387505769729614,0.2057405561208725,2.7491841316223145,-2.009148120880127,1.3612701892852783,1.4752790927886963,-1.412790298461914,-0.1547105461359024,-1.3477994203567505,-3.0151867866516113,0.011637348681688309,-0.14831960201263428,-0.804356575012207,1.3810012340545654,-0.12416334450244904,0.0415511429309845,1.2494924068450928,-0.4400894045829773,0.8726484179496765,0.6525302529335022,1.082234263420105,1.0793136358261108,-1.4620935916900635,-1.2475131750106812,5.781000137329102,0.16379916667938232,-0.18016284704208374,-0.9688704013824463,1.5114924907684326,-0.25954103469848633,0.2126448005437851,1.213608980178833,-0.3340299725532532,1.125800371170044,0.4200744926929474,1.0503555536270142,1.1434605121612549,-1.6392195224761963,-1.3404808044433594,0.04661627486348152,-0.06385260075330734,-0.4440944790840149,0.7053542137145996,0.33760693669319153,0.4801105558872223,-0.11968603730201721,-0.8786126375198364,-0.7721846699714661,-1.0096875429153442,2.1783194541931152,2.1850967407226562,-2.4540975093841553,-2.3421061038970947,0.0480070523917675,0.03458116203546524,-0.20248831808567047,0.1411459743976593,0.38165560364723206,0.41988295316696167,-0.3202345669269562,-0.7121514081954956,-0.859377384185791,-0.9791461825370789,1.6822506189346313,1.8298320770263672,-2.416590929031372,-2.269463062286377,-0.24477899074554443,-2.016695976257324,-2.025045871734619,4.07358455657959,1.2387505769729614,0.2057405561208725,2.7491841316223145,-2.009148120880127,1.3612701892852783,1.4752790927886963,-1.412790298461914,-0.1547105461359024,-1.3477994203567505,-3.0151867866516113
0.261,-0.24700480699539185,-0.23772944509983063,0.6863794326782227,-1.6683844327926636,0.47835448384284973,-1.6325832605361938,-0.11734133958816528,-0.004466104321181774,-0.9930816292762756,0.0,0.0,0.20000000298023224,0.0,0.05085248500108719,-0.008438211865723133,-0.22943231463432312,0.23941850662231445,0.39341261982917786,0.4290652573108673,-0.27524468302726746,-0.730443000793457,-0.822843074798584,-0.9859268665313721,1.6554352045059204,1.830797791481018,-2.4757606983184814,-2.3200693130493164,1.0058585405349731,-2.104736089706421,-1.3627249002456665,7.015859127044678,-0.765031635761261,1.1201835870742798,2.3932626247406006,-0.4114772081375122,3.9471981525421143,-2.6148698329925537,-0.7539128661155701,-0.5287615656852722,-5.5570220947265625,-4.585689544677734,0.16379916667938232,-0.18016284704208374,-0.9688704013824463,1.5114924907684326,-0.25954103469848633,0.2126448005437851,1.213608980178833,-0.3340299725532532,1.125800371170044,0.4200744926929474,1.0503555536270142,1.1434605121612549,-1.6392195224761963,-1.3404808044433594,5.761000156402588,0.2665436863899231,-0.17265665531158447,-1.0509204864501953,1.41132652759552,-0.254642516374588,0.34862977266311646,1.154970407485962,-0.35480037331581116,1.3903406858444214,0.17073875665664673,0.8832954168319702,1.2182011604309082,-1.756339192390442,-1.487330436706543,0.08994405716657639,-0.07509046792984009,-0.4847773611545563,0.7055087089538574,0.31024283170700073,0.5323126912117004,-0.12015040218830109,-0.877056360244751,-0.6743071675300598,-1.097959041595459,2.1479835510253906,2.2350986003875732,-2.527083396911621,-2.4038357734680176,0.06583543121814728,-0.028235532343387604,-0.24582374095916748,0.33752715587615967,0.3857666552066803,0.4357852637767792,-0.2546887993812561,-0.7452626824378967,-0.7999799847602844,-0.997899055480957,1.6512459516525269,1.8151494264602661,-2.5045251846313477,-2.3338913917541504,1.772171974182129,-1.8640168905258179,-1.4656492471694946,12.090312957763672,-0.8934513330459595,0.5864758491516113,1.7574121952056885,-2.103095293045044,1.6260229349136353,-0.794735312461853,-0.22131675481796265,-2.047429084777832,-2.7356503009796143,-0.1637991964817047
0.282,-0.24700480699539185,-0.23772944509983063,0.6863794326782227,-1.3855855464935303,0.7050470113754272,-1.7369626760482788,-0.10514546930789948,0.02840215340256691,-0.9940511584281921,0.0,0.0,0.20000000298023224,0.0,0.08374086767435074,-0.049700912088155746,-0.26860931515693665,0.46570128202438354,0.36653932929039,0.45193716883659363,-0.23665058612823486,-0.7608128786087036,-0.7588508725166321,-1.03241765499115,1.6536945104599,1.7996013164520264,-2.5546836853027344,-2.383333683013916,1.7264784574508667,-2.5487489700317383,-3.6270244121551514,13.376144409179688,-2.183821678161621,1.9007712602615356,1.920397162437439,-1.686142086982727,4.2970452308654785,-3.7236955165863037,0.3881729245185852,-2.580436944961548,-2.9256324768066406,-4.433066368103027,0.2665436863899231,-0.17265665531158447,-1.0509204864501953,1.41132652759552,-0.254642516374588,0.34862977266311646,1.154970407485962,-0.35480037331581116,1.3903406858444214,0.17073875665664673,0.8832954168319702,1.2182011604309082,-1.756339192390442,-1.487330436706543,5.739999771118164,0.112032450735569,0.058691296726465225,-1.3755978345870972,1.2704269886016846,-0.3136022686958313,0.18782372772693634,0.8820012807846069,-0.15355786681175232,1.237705111503601,0.37636423110961914,0.6673642992973328,1.2984405755996704,-1.7370543479919434,-1.3600261211395264,0.07298014312982559,-0.022872410714626312,-0.5862881541252136,0.6703611016273499,0.2818208336830139,0.5182123184204102,-0.18862485885620117,-0.8259676694869995,-0.6635273098945618,-1.0906884670257568,2.0788328647613525,2.2801594734191895,-2.558755397796631,-2.40287446975708,0.10174114257097244,-0.08087179064750671,-0.3212813436985016,0.5968554019927979,0.3524729609489441,0.46949148178100586,-0.21495594084262848,-0.7809935808181763,-0.7306860685348511,-1.0585417747497559,1.6570416688919067,1.7655025720596313,-2.568450689315796,-2.3985087871551514,2.1967735290527344,-3.6056902408599854,-6.249873638153076,12.529616355895996,-0.3010193705558777,1.7662557363510132,2.4308502674102783,-2.1177613735198975,1.4818350076675415,-1.9702556133270264,0.15654852986335754,-3.5647106170654297,-3.348088502883911,-0.302171528339386
0.302,-0.29131820797920227,-0.2526097595691681,0.3099987804889679,1.9437310695648193,-0.012645027600228786,-2.5641028881073,-0.09976530820131302,0.010732009075582027,-0.9949530959129333,0.0,0.0,0.20000000298023224,0.0,0.11520229279994965,-0.11834081262350082,-0.3954980969429016,0.7064515948295593,0.3438636362552643,0.4833257794380188,-0.19835910201072693,-0.7948235273361206,-0.7032177448272705,-1.065730094909668,1.6629270315170288,1.7237114906311035,-2.597822427749634,-2.3999440670013428,0.3821154236793518,-3.7115132808685303,-8.94729995727539,9.30405330657959,-1.0716558694839478,1.2633631229400635,1.0874414443969727,-0.9097084999084473,2.811617136001587,-0.7325477600097656,0.9084394574165344,-4.229715347290039,-1.958786964416504,-0.19670096039772034,0.112032450735569,0.058691296726465225,-1.3755978345870972,1.2704269886016846,-0.3136022686958313,0.18782372772693634,0.8820012807846069,-0.15355786681175232,1.237705111503601,0.37636423110961914,0.6673642992973328,1.2984405755996704,-1.7370543479919434,-1.3600261211395264,5.71999979019165,-0.37813788652420044,0.37678617238998413,-1.397951602935791,1.1096750497817993,-0.4313024878501892,-0.6229697465896606,0.824331521987915,-0.22657331824302673,1.069046139717102,1.133210301399231,0.6837925910949707,1.6227514743804932,-1.8474446535110474,-1.1277836561203003,-0.058044400066137314,0.08276033401489258,-0.642632007598877,0.6125993132591248,0.23818479478359222,0.3084637224674225,-0.23727953433990479,-0.8186771869659424,-0.7003021240234375,-0.8978416919708252,2.0483646392822266,2.383767604827881,-2.6021888256073,-2.3443331718444824,0.10762416571378708,-0.15027745068073273,-0.49126946926116943,0.7823892831802368,0.33460721373558044,0.4970308840274811,-0.19198298454284668,-0.8019896745681763,-0.6850908994674683,-1.0747886896133423,1.6683188676834106,1.6868672370910645,-2.6119306087493896,-2.401594638824463,-1.4399795532226562,-2.5119400024414062,-9.627595901489258,6.29013729095459,-0.8990486860275269,1.3729902505874634,0.24056373536586761,-0.5284561514854431,1.3507694005966187,-0.7726878523826599,0.1877424269914627,-3.261911153793335,-1.0818578004837036,-0.12129037827253342
0.32,-0.29131820797920227,-0.2526097595691681,0.3099987804889679,2.7338480949401855,-0.4013151526451111,-3.3179714679718018,-0.10273599624633789,-0.03125454857945442,-0.9942175149917603,0.0,0.0,0.20000000298023224,0.0,0.08246884495019913,-0.1616365611553192,-0.5948383212089539,0.8215802311897278,0.32662534713745117,0.48900818824768066,-0.19787979125976562,-0.8072707653045654,-0.6803304553031921,-1.0265796184539795,1.6725947856903076,1.6529637575149536,-2.6235649585723877,-2.355191230773926,-2.8150084018707275,0.44032493233680725,-10.971451759338379,2.157244920730591,-0.3928273618221283,-2.1518197059631348,-1.0145528316497803,-0.42124155163764954,2.777438163757324,6.966073513031006,0.12449432164430618,-2.4934585094451904,1.2804819345474243,4.281989097595215,-0.37813788652420044,0.37678617238998413,-1.397951602935791,1.1096750497817993,-0.4313024878501892,-0.6229697465896606,0.824331521987915,-0.22657331824302673,1.069046139717102,1.133210301399231,0.6837925910949707,1.6227514743804932,-1.8474446535110474,-1.1277836561203003,5.701000213623047,-1.0202932357788086,0.2381623387336731,-1.2938786745071411,1.3010629415512085,-0.5395051836967468,-1.204034686088562,1.1183044910430908,-0.4765302538871765,0.7957578301429749,1.6782339811325073,0.9555388689041138,1.5955462455749512,-1.743048071861267,-1.039040207862854,-0.28409549593925476,0.10092075169086456,-0.6447856426239014,0.6315653920173645,0.18931609392166138,0.05832318961620331,-0.18811362981796265,-0.8775211572647095,-0.7870116233825684,-0.6651623249053955,2.101067066192627,2.4287703037261963,-2.597806453704834,-2.292876720428467,0.08246884495019913,-0.1616365611553192,-0.5948383212089539,0.8215802311897278,0.32662534713745117,0.48900818824768066,-0.19787979125976562,-0.8072707653045654,-0.6803304553031921,-1.0265796184539795,1.6725947856903076,1.6529637575149536,-2.6235649585723877,-2.355191230773926,-2.8150084018707275,0.44032493233680725,-10.971451759338379,2.157244920730591,-0.3928273618221283,-2.1518197059631348,-1.0145528316497803,-0.42124155163764954,2.777438163757324,6.966073513031006,0.12449432164430618,-2.4934585094451904,1.2804819345474243,4.281989097595215
0.34,-0.46450701355934143,-0.05355605110526085,0.36557185649871826,-0.5380841493606567,-1.3967690467834473,-2.584350347518921,-0.11497451364994049,-0.06764968484640121,-0.9910622239112854,0.0,0.0,0.20000000298023224,0.0,0.030271733179688454,-0.1198543906211853,-0.7659741044044495,0.8176750540733337,0.33590611815452576,0.4576471447944641,-0.21335096657276154,-0.819635808467865,-0.6645010113716125,-0.9827128052711487,1.6660723686218262,1.6507929563522339,-2.615149974822998,-2.3204803466796875,-1.4119266271591187,1.6565824747085571,-3.7032861709594727,-1.0953810214996338,0.9627853035926819,-2.0071029663085938,0.8416476249694824,-3.9512827396392822,0.31119248270988464,1.3611276149749756,0.24548304080963135,3.0526554584503174,-1.512758731842041,10.746147155761719,-1.0202932357788086,0.2381623387336731,-1.2938786745071411,1.3010629415512085,-0.5395051836967468,-1.204034686088562,1.1183044910430908,-0.4765302538871765,0.7957578301429749,1.6782339811325073,0.9555388689041138,1.5955462455749512,-1.743048071861267,-1.039040207862854,5.681000232696533,-0.35876595973968506,0.15995797514915466,-0.9559940099716187,1.2125471830368042,-0.07614055275917053,-0.5232734084129333,1.1851208209991455,-0.329284131526947,0.8947155475616455,1.3772438764572144,0.9897054433822632,1.4323188066482544,-1.5579421520233154,-1.1193716526031494,-0.23173923790454865,0.09044986963272095,-0.5613913536071777,0.6189194917678833,0.2807229161262512,0.10344324260950089,-0.1468265950679779,-0.8701316118240356,-0.8056269288063049,-0.6240701675415039,2.1359598636627197,2.4104647636413574,-2.5493388175964355,-2.287231206893921,0.030271733179688454,-0.1198543906211853,-0.7659741044044495,0.8176750540733337,0.33590611815452576,0.4576471447944641,-0.21335096657276154,-0.819635808467865,-0.6645010113716125,-0.9827128052711487,1.6660723686218262,1.6507929563522339,-2.615149974822998,-2.3204803466796875,-1.4119266271591187,1.6565824747085571,-3.7032861709594727,-1.0953810214996338,0.9627853035926819,-2.0071029663085938,0.8416476249694824,-3.9512827396392822,0.31119248270988464,1.3611276149749756,0.24548304080963135,3.0526554584503174,-1.512758731842041,10.746147155761719
0.363,-0.46450701355934143,-0.05355605110526085,0.36557185649871826,-1.4878058433532715,-1.2636191844940186,-1.8001924753189087,-0.1445256918668747,-0.04006939008831978,-0.9886894226074219,0.0,0.0,0.20000000298023224,0.0,-0.006179129239171743,-0.06371449679136276,-0.7921379804611206,0.8274813890457153,0.3678107261657715,0.37963560223579407,-0.18851567804813385,-0.8457431793212891,-0.7084822058677673,-0.8601592779159546,1.6841130256652832,1.6983150243759155,-2.6443371772766113,-2.255673885345459,-2.5996532440185547,2.9283041954040527,-0.361599326133728,0.6480938792228699,0.9859277009963989,-5.749537944793701,0.6903465390205383,-0.0881839320063591,-2.212664842605591,9.738712310791016,0.6796227693557739,0.8075286149978638,-0.2767626643180847,1.482765793800354,-0.35876595973968506,0.15995797514915466,-0.9559940099716187,1.2125471830368042,-0.07614055275917053,-0.5232734084129333,1.1851208209991455,-0.329284131526947,0.8947155475616455,1.3772438764572144,0.9897054433822632,1.4323188066482544,-1.5579421520233154,-1.1193716526031494,5.659999847412109,0.029470492154359818,-0.3227824568748474,-0.7523918747901917,1.446773886680603,-0.13890576362609863,-0.04351181536912918,1.6906847953796387,-0.5992271900177002,0.9510877132415771,1.0729668140411377,1.0703543424606323,1.1513736248016357,-1.706368327140808,-1.0656071901321411,-0.10850199311971664,-0.03547067940235138,-0.4687936305999756,0.67115318775177,0.3107350170612335,0.24594366550445557,0.00020791590213775635,-0.9339225888252258,-0.8008415699005127,-0.6795933842658997,2.1735684871673584,2.331075668334961,-2.562211513519287,-2.270967483520508,-0.03836030513048172,-0.03494706749916077,-0.7955367565155029,0.82634437084198,0.37094372510910034,0.31891459226608276,-0.1872638314962387,-0.8471581339836121,-0.7281773686408997,-0.770545482635498,1.6853121519088745,1.704864263534546,-2.637159824371338,-2.2518372535705566,-3.569948673248291,3.259268283843994,-0.28314411640167236,-0.7311940789222717,-0.17722022533416748,-6.184150695800781,-0.31916797161102295,-0.14272646605968475,-1.843108057975769,7.339695930480957,-0.39559638500213623,0.7631398439407349,1.4908287525177002,-1.7199206352233887
0.381,-0.4575134813785553,0.059763871133327484,0.7548975944519043,-1.077914834022522,-0.31587642431259155,-1.6042931079864502,-0.1554533690214157,-0.02373751997947693,-0.9875580072402954,0.0,0.0,0.20000000298023224,0.0,-0.07134561240673065,0.0017254917183890939,-0.7957525849342346,0.816300630569458,0.3669007420539856,0.2665742337703705,-0.19091510772705078,-0.8507097363471985,-0.7467207908630371,-0.736424446105957,1.6732139587402344,1.7060890197753906,-2.619922637939453,-2.2602431774139404,-2.862473487854004,3.509673833847046,0.2381749153137207,-1.2865650653839111,-0.44791853427886963,-3.9762744903564453,0.16101837158203125,-0.6206802129745483,-1.9726829528808594,0.49343135952949524,-2.216275453567505,-0.5751688480377197,1.274394154548645,0.7626421451568604,0.029470492154359818,-0.3227824568748474,-0.7523918747901917,1.446773886680603,-0.13890576362609863,-0.04351181536912918,1.6906847953796387,-0.5992271900177002,0.9510877132415771,1.0729668140411377,1.0703543424606323,1.1513736248016357,-1.706368327140808,-1.0656071901321411,5.640999794006348,0.5135624408721924,-0.3980189561843872,-0.5582931637763977,1.4365601539611816,-0.1400718241930008,0.058415401726961136,1.85208261013031,-0.5341306924819946,1.1611261367797852,0.8125767707824707,1.164577603340149,1.2427188158035278,-1.7686048746109009,-0.9921665191650391,0.07413960993289948,-0.11724007874727249,-0.373970091342926,0.6947166323661804,0.32544955611228943,0.34267568588256836,0.11407462507486343,-0.9495439529418945,-0.7459392547607422,-0.7724524736404419,2.215928554534912,2.3142175674438477,-2.584207057952881,-2.2444753646850586,-0.09090355038642883,0.031782835721969604,-0.7910869121551514,0.8029806017875671,0.3590145409107208,0.2324206680059433,-0.1870565116405487,-0.8561509251594543,-0.7595624327659607,-0.7257245779037476,1.64812433719635,1.6994681358337402,-2.61320161819458,-2.260014295578003,-1.0690734386444092,2.537235736846924,0.6782299876213074,-1.2977290153503418,-0.8655617833137512,-2.8285484313964844,0.43235278129577637,-0.5690428614616394,-0.8698590397834778,1.0283746719360352,-2.5704028606414795,-0.7834362387657166,0.3286021947860718,-0.4010864794254303
0.403,-0.4575134813785553,0.059763871133327484,0.7548975944519043,-2.7463762760162354,0.23257048428058624,-0.5714695453643799,-0.15292754769325256,0.02006557397544384,-0.988033652305603,0.0,0.0,0.20000000298023224,0.0,-0.06967675685882568,0.05064643546938896,-0.776715099811554,0.7935963273048401,0.34875163435935974,0.22375747561454773,-0.17626389861106873,-0.8666219115257263,-0.7517713904380798,-0.7511476874351501,1.6198920011520386,1.6881176233291626,-2.6215381622314453,-2.2417430877685547,4.038645267486572,1.0969879627227783,1.7775287628173828,-0.8287544846534729,-0.9274522066116333,0.08795972168445587,1.5319088697433472,-1.1234214305877686,0.526336133480072,-2.65851092338562,-2.9675536155700684,-1.2137717008590698,-1.5916692018508911,1.5464619398117065,0.5135624408721924,-0.3980189561843872,-0.5582931637763977,1.4365601539611816,-0.1400718241930008,0.058415401726961136,1.85208261013031,-0.5341306924819946,1.1611261367797852,0.8125767707824707,1.164577603340149,1.2427188158035278,-1.7686048746109009,-0.9921665191650391,5.619999885559082,0.7685303092002869,-0.3516082763671875,-0.621158242225647,1.216667652130127,-0.2859383821487427,0.26900941133499146,1.6311317682266235,-0.29708489775657654,1.5043413639068604,0.23678088188171387,1.0362277030944824,1.1250406503677368,-1.7652417421340942,-0.9584370255470276,0.22920238971710205,-0.14652210474014282,-0.34227460622787476,0.6515252590179443,0.2963401675224304,0.4436901807785034,0.11577026546001434,-0.8980932235717773,-0.6326842904090881,-0.9628310203552246,2.2050211429595947,2.276369094848633,-2.5943639278411865,-2.22279691696167,-0.017444251105189323,0.049462124705314636,-0.7559593915939331,0.7867422103881836,0.33917784690856934,0.23110264539718628,-0.16194170713424683,-0.8778938055038452,-0.7492116093635559,-0.76876300573349,1.594036340713501,1.67755126953125,-2.6414473056793213,-2.2400243282318115,5.9479899406433105,-1.1790064573287964,2.3497087955474854,-0.48949554562568665,-0.9994577765464783,1.2153311967849731,1.2781580686569214,-1.2258861064910889,0.1316315084695816,-1.2148218154907227,-2.155428409576416,-0.9262889623641968,-2.242826461791992,-0.4532892107963562
0.423,-0.2573000490665436,0.0723479688167572,0.438679575920105,-2.66968035697937,-0.2757253646850586,-0.1066569983959198,-0.15323512256145477,0.0694999098777771,-0.9857427477836609,0.0,0.0,0.20000000298023224,0.0,0.02653294987976551,0.021221360191702843,-0.7327555418014526,0.7823211550712585,0.3271605968475342,0.2603120505809784,-0.14894096553325653,-0.8888318538665771,-0.7366218566894531,-0.8122358918190002,1.5753861665725708,1.666369080543518,-2.663912773132324,-2.237056016921997,2.6592140197753906,-4.037027835845947,2.161208152770996,-0.33011341094970703,-0.9209126234054565,4.534050464630127,1.4962965250015259,-0.8051968812942505,1.7447118759155273,-7.390090465545654,-1.6297531127929688,-1.1849324703216553,-2.175032615661621,1.0701037645339966,0.7685303092002869,-0.3516082763671875,-0.621158242225647,1.216667652130127,-0.2859383821487427,0.26900941133499146,1.6311317682266235,-0.29708489775657654,1.5043413639068604,0.23678088188171387,1.0362277030944824,1.1250406503677368,-1.7652417421340942,-0.9584370255470276,5.598999977111816,0.8233755826950073,-0.08925165235996246,-0.6773039698600769,1.112486720085144,-0.4462905526161194,0.18057435750961304,1.3306056261062622,-0.23525193333625793,1.65819251537323,-0.09052363783121109,0.8327439427375793,1.0714372396469116,-1.8349744081497192,-1.099415898323059,0.32044509053230286,-0.09557396173477173,-0.3404632806777954,0.6038843393325806,0.24169744551181793,0.47208869457244873,0.041486553847789764,-0.8569095730781555,-0.5375940203666687,-1.1398464441299438,2.1486964225769043,2.2440438270568848,-2.616875648498535,-2.2472023963928223,0.05590824782848358,-0.02536315657198429,-0.7090504765510559,0.7809175252914429,0.31957224011421204,0.30524110794067383,-0.13572798669338226,-0.8949524164199829,-0.7197340726852417,-0.8693650364875793,1.5671162605285645,1.6545377969741821,-2.686218500137329,-2.2300496101379395,3.213958978652954,-5.016905784606934,2.581983804702759,-0.026011498644948006,-0.6697583198547363,4.3590006828308105,1.173985481262207,-0.4495583772659302,1.6849761009216309,-4.444579124450684,-0.2266608327627182,-1.2099121809005737,-2.285749912261963,0.35318705439567566
0.44,-0.2573000490665436,0.0723479688167572,0.438679575920105,-3.901444435119629,-1.3461203575134277,-0.1556386649608612,-0.16422897577285767,0.11765611916780472,-0.9793803691864014,0.0,0.0,0.20000000298023224,0.0,0.09296028316020966,-0.07083288580179214,-0.6807383894920349,0.7882931232452393,0.30506423115730286,0.3570694923400879,-0.13704337179660797,-0.9007077217102051,-0.6843937635421753,-0.934745728969574,1.5967460870742798,1.6720073223114014,-2.7066352367401123,-2.262826442718506,4.199251174926758,-3.6812374591827393,2.919130325317383,1.8903605937957764,-1.6787313222885132,5.913568496704102,-2.2741191387176514,-1.9577585458755493,4.665642738342285,-8.526681900024414,8.271467208862305,8.225234985351562,-1.4343812465667725,-6.36481237411499,0.8233755826950073,-0.08925165235996246,-0.6773039698600769,1.112486720085144,-0.4462905526161194,0.18057435750961304,1.3306056261062622,-0.23525193333625793,1.65819251537323,-0.09052363783121109,0.8327439427375793,1.0714372396469116,-1.8349744081497192,-1.099415898323059,5.580999851226807,0.6016122102737427,0.09251753240823746,-1.0474765300750732,0.9155116677284241,-0.4032799303531647,0.3065283000469208,1.172653079032898,-0.010811075568199158,1.5517252683639526,-0.15318076312541962,0.6570655703544617,1.1987828016281128,-1.8640880584716797,-1.4665310382843018,0.3106256127357483,-0.0246575977653265,-0.432100772857666,0.5308200716972351,0.22512874007225037,0.5177764296531677,-0.03514343872666359,-0.7802075147628784,-0.5166656970977783,-1.2440184354782104,2.0766146183013916,2.2597174644470215,-2.6354098320007324,-2.3511838912963867,0.09296028316020966,-0.07083288580179214,-0.6807383894920349,0.7882931232452393,0.30506423115730286,0.3570694923400879,-0.13704337179660797,-0.9007077217102051,-0.6843937635421753,-0.934745728969574,1.5967460870742798,1.6720073223114014,-2.7066352367401123,-2.262826442718506,4.199251174926758,-3.6812374591827393,2.919130325317383,1.8903605937957764,-1.6787313222885132,5.913568496704102,-2.2741191387176514,-1.9577585458755493,4.665642738342285,-8.526681900024414,8.271467208862305,8.225234985351562,-1.4343812465667725,-6.36481237411499
0.462,-0.5214934349060059,0.050878919661045074,0.08651671558618546,-5.153818607330322,-1.5582910776138306,-0.8571835160255432,-0.19781479239463806,0.21130600571632385,-0.9571933150291443,0.0,0.0,0.20000000298023224,0.0,0.20658528804779053,-0.1013815701007843,-0.6173341274261475,0.7956141829490662,0.2808460295200348,0.45494315028190613,-0.19033652544021606,-0.9175699949264526,-0.5874432325363159,-1.0744385719299316,1.8279293775558472,1.9178197383880615,-2.739145278930664,-2.3144009113311768,6.787136077880859,0.2653990685939789,3.1435678005218506,-3.680506944656372,-1.206257700920105,4.56938362121582,-1.0760526657104492,3.3610024452209473,3.885000467300415,-7.693363666534424,10.238901138305664,11.169201850891113,-2.2348408699035645,-7.309078693389893,0.6016122102737427,0.09251753240823746,-1.0474765300750732,0.9155116677284241,-0.4032799303531647,0.3065283000469208,1.172653079032898,-0.010811075568199158,1.5517252683639526,-0.15318076312541962,0.6570655703544617,1.1987828016281128,-1.8640880584716797,-1.4665310382843018,5.559999942779541,0.27626150846481323,0.08475042879581451,-1.2339136600494385,0.7924177646636963,-0.09258274734020233,0.24875104427337646,1.0231834650039673,-0.16266655921936035,1.4058780670166016,0.2838103771209717,0.779695987701416,1.1885712146759033,-1.6332862377166748,-1.4644402265548706,0.22437818348407745,0.008858808316290379,-0.5245288014411926,0.4635144770145416,0.29451867938041687,0.5261759757995605,-0.11082583665847778,-0.7798203825950623,-0.5426633358001709,-1.1868566274642944,2.0712313652038574,2.2650015354156494,-2.5869765281677246,-2.4026520252227783,0.27647483348846436,-0.09476514160633087,-0.589011549949646,0.7275941967964172,0.27104872465133667,0.4904736280441284,-0.19218900799751282,-0.8709010481834412,-0.5600116848945618,-1.1326125860214233,1.9173530340194702,2.0037057399749756,-2.763202667236328,-2.3471574783325195,6.734311103820801,0.7423375844955444,2.4203572273254395,-9.038013458251953,-0.8990537524223328,2.8961236476898193,0.4686405658721924,5.244938373565674,2.168837308883667,-4.705463886260986,8.009208679199219,7.175358772277832,-2.506120204925537,-0.7646125555038452
0.48,-0.5214934349060059,0.050878919661045074,0.08651671558618546,-1.6217474937438965,-1.367090106010437,-1.2476646900177002,-0.23054085671901703,0.2748744785785675,-0.9334318041801453,0.0,0.0,0.20000000298023224,0.0,0.31927934288978577,-0.09503237158060074,-0.5777274966239929,0.607905924320221,0.2715913951396942,0.5124198198318481,-0.18790055811405182,-0.816085159778595,-0.5640401244163513,-1.151452898979187,1.9919697046279907,2.074812889099121,-2.7780752182006836,-2.3813416957855225,1.6587029695510864,-0.7318520545959473,-0.09916256368160248,-14.64870834350586,0.2569420337677002,2.069284439086914,0.1590067744255066,5.431305408477783,0.028090357780456543,-1.148585557937622,7.098892688751221,6.325567722320557,-0.40133777260780334,-3.3876049518585205,0.27626150846481323,0.08475042879581451,-1.2339136600494385,0.7924177646636963,-0.09258274734020233,0.24875104427337646,1.0231834650039673,-0.16266655921936035,1.4058780670166016,0.2838103771209717,0.779695987701416,1.1885712146759033,-1.6332862377166748,-1.4644402265548706,5.540999889373779,-0.009914934635162354,0.1021081730723381,-1.0769561529159546,0.7460776567459106,0.03011101856827736,-0.020075254142284393,0.7754778861999512,-0.18070819973945618,1.1056290864944458,0.6966503858566284,0.9839146733283997,0.8449308276176453,-1.4984956979751587,-1.2226008176803589,0.10971035808324814,0.029956446960568428,-0.531503438949585,0.41827666759490967,0.35988709330558777,0.4631691575050354,-0.21059343218803406,-0.7841372489929199,-0.6307244300842285,-1.0550657510757446,2.1195943355560303,2.1817336082458496,-2.529062271118164,-2.3679261207580566,0.31927934288978577,-0.09503237158060074,-0.5777274966239929,0.607905924320221,0.2715913951396942,0.5124198198318481,-0.18790055811405182,-0.816085159778595,-0.5640401244163513,-1.151452898979187,1.9919697046279907,2.074812889099121,-2.7780752182006836,-2.3813416957855225,1.6587029695510864,-0.7318520545959473,-0.09916256368160248,-14.64870834350586,0.2569420337677002,2.069284439086914,0.1590067744255066,5.431305408477783,0.028090357780456543,-1.148585557937622,7.098892688751221,6.325567722320557,-0.40133777260780334,-3.3876049518585205
0.504,-0.3431106209754944,-0.0934126004576683,0.15313461422920227,-1.686827540397644,-0.4045390784740448,-0.5439337491989136,-0.26065054535865784,0.29681941866874695,-0.9186726808547974,0.0,0.0,0.20000000298023224,0.0,0.23496060073375702,-0.0577736534178257,-0.5826045274734497,0.2063739150762558,0.30028584599494934,0.5298308730125427,-0.22937893867492676,-0.7186689972877502,-0.6052003502845764,-1.103090763092041,2.1863973140716553,2.1886069774627686,-2.716294765472412,-2.3531036376953125,-5.1508941650390625,4.690230369567871,1.7970080375671387,-6.619975566864014,1.124834656715393,-0.7626989483833313,-2.9351489543914795,1.192572832107544,-1.5528439283370972,2.5834105014801025,5.177950859069824,2.8967092037200928,3.7014613151550293,-0.44662439823150635,-0.009914934635162354,0.1021081730723381,-1.0769561529159546,0.7460776567459106,0.03011101856827736,-0.020075254142284393,0.7754778861999512,-0.18070819973945618,1.1056290864944458,0.6966503858566284,0.9839146733283997,0.8449308276176453,-1.4984956979751587,-1.2226008176803589,5.519999980926514,0.1773471236228943,-0.24519632756710052,-0.873568594455719,0.983372688293457,-0.07155776023864746,0.0018043331801891327,1.3685455322265625,-0.27393728494644165,1.2825393676757812,0.8070569038391113,1.1088639497756958,1.0539671182632446,-1.8103020191192627,-1.301370620727539,0.09919196367263794,-0.04632085934281349,-0.48414385318756104,0.4549815058708191,0.3671541213989258,0.4371356666088104,-0.11221031844615936,-0.8096029162406921,-0.6305273771286011,-0.9615686535835266,2.1750130653381348,2.1923584938049316,-2.578056573867798,-2.370255708694458,0.23496060073375702,-0.0577736534178257,-0.5826045274734497,0.2063739150762558,0.30028584599494934,0.5298308730125427,-0.22937893867492676,-0.7186689972877502,-0.6052003502845764,-1.103090763092041,2.1863973140716553,2.1886069774627686,-2.716294765472412,-2.3531036376953125,-5.1508941650390625,4.690230369567871,1.7970080375671387,-6.619975566864014,1.124834656715393,-0.7626989483833313,-2.9351489543914795,1.192572832107544,-1.5528439283370972,2.5834105014801025,5.177950859069824,2.8967092037200928,3.7014613151550293,-0.44662439823150635
0.52,-0.3431106209754944,-0.0934126004576683,0.15313461422920227,-3.752058267593384,0.553289532661438,-0.3948563039302826,-0.26099878549575806,0.33433952927589417,-0.9055919051170349,0.0,0.0,0.20000000298023224,0.0,0.19816935062408447,-0.0011325113009661436,-0.5506760478019714,0.18527497351169586,0.30932629108428955,0.511176347732544,-0.2535349130630493,-0.7192639708518982,-0.6281991600990295,-1.0607508420944214,2.2257680892944336,2.223689079284668,-2.689694881439209,-2.3593053817749023,0.10083786398172379,5.925033092498779,4.226984024047852,1.7519588470458984,0.18582291901111603,-2.922067642211914,-1.6748020648956299,-1.3036974668502808,-4.266971588134766,5.74468994140625,2.543031692504883,4.146202087402344,1.9736236333847046,-0.40926575660705566,0.1773471236228943,-0.24519632756710052,-0.873568594455719,0.983372688293457,-0.07155776023864746,0.0018043331801891327,1.3685455322265625,-0.27393728494644165,1.2825393676757812,0.8070569038391113,1.1088639497756958,1.0539671182632446,-1.8103020191192627,-1.301370620727539,5.500999927520752,0.26824629306793213,-0.37372124195098877,-0.7244759202003479,1.266245722770691,-0.45769640803337097,0.286849707365036,1.7608083486557007,-0.3303188383579254,1.7401230335235596,0.564690351486206,1.054222822189331,0.9736995697021484,-1.9860033988952637,-1.2477846145629883,0.116657555103302,-0.11659073829650879,-0.4231908917427063,0.5440521836280823,0.2742529511451721,0.4953802824020386,0.03504694253206253,-0.8364311456680298,-0.5160329341888428,-0.9754117727279663,2.1890621185302734,2.1776041984558105,-2.6464791297912598,-2.3580241203308105,0.19816935062408447,-0.0011325113009661436,-0.5506760478019714,0.18527497351169586,0.30932629108428955,0.511176347732544,-0.2535349130630493,-0.7192639708518982,-0.6281991600990295,-1.0607508420944214,2.2257680892944336,2.223689079284668,-2.689694881439209,-2.3593053817749023,0.10083786398172379,5.925033092498779,4.226984024047852,1.7519588470458984,0.18582291901111603,-2.922067642211914,-1.6748020648956299,-1.3036974668502808,-4.266971588134766,5.74468994140625,2.543031692504883,4.146202087402344,1.9736236333847046,-0.40926575660705566
0.541,-0.018671207129955292,-0.293010413646698,0.09956667572259903,-1.315643310546875,0.38256359100341797,0.1233045905828476,-0.25225216150283813,0.37979546189308167,-0.8900136351585388,0.0,0.0,0.20000000298023224,0.0,0.27866610884666443,0.06446623057126999,-0.4592602849006653,0.2965887486934662,0.3010195791721344,0.4729348421096802,-0.23801285028457642,-0.7581815719604492,-0.6161611676216125,-1.0172467231750488,2.216444969177246,2.2678608894348145,-2.7042465209960938,-2.3444859981536865,3.135408401489258,-0.7324350476264954,4.246728420257568,7.997745037078857,-1.618316411972046,-0.9716870188713074,3.4471542835235596,-2.368154525756836,3.1332929134368896,1.3138822317123413,-2.9430580139160156,1.1333473920822144,-1.312979817390442,0.4177500009536743,0.26824629306793213,-0.37372124195098877,-0.7244759202003479,1.266245722770691,-0.45769640803337097,0.286849707365036,1.7608083486557007,-0.3303188383579254,1.7401230335235596,0.564690351486206,1.054222822189331,0.9736995697021484,-1.9860033988952637,-1.2477846145629883,5.480999946594238,0.4304337501525879,0.09179580956697464,-0.7350148558616638,1.3817856311798096,-0.45664069056510925,0.23347793519496918,1.3839102983474731,-0.3759171962738037,1.8450158834457397,0.3683324456214905,0.7852216362953186,0.994438886642456,-1.9988871812820435,-1.2293981313705444,0.16593721508979797,-0.035346418619155884,-0.3953491449356079,0.6174725294113159,0.22806629538536072,0.5111596584320068,0.014451060444116592,-0.8612448573112488,-0.4325625002384186,-1.0314228534698486,2.1288366317749023,2.1754117012023926,-2.6839113235473633,-2.347311496734619,0.2937811315059662,0.03052561543881893,-0.42971137166023254,0.3789827227592468,0.284641295671463,0.46746301651000977,-0.19869691133499146,-0.7800981998443604,-0.5882050395011902,-1.0050287246704102,2.1846365928649902,2.271033763885498,-2.7070183753967285,-2.3459441661834717,-0.2396712750196457,-5.485586166381836,1.713417410850525,8.073816299438477,-1.5880802869796753,-0.1941530406475067,4.1798224449157715,-2.0275399684906006,2.3450024127960205,1.0900518894195557,-3.0904319286346436,-0.4144083261489868,0.8845183253288269,-0.33435380458831787
0.56,-0.018671207129955292,-0.293010413646698,0.09956667572259903,-0.05480397865176201,-0.006992161739617586,0.5264025330543518,-0.24586047232151031,0.3853496313095093,-0.8894145488739014,0.0,0.0,0.20000000298023224,0.0,0.2915618121623993,-0.02977924793958664,-0.4142161011695862,0.46753695607185364,0.2609016001224518,0.4761385917663574,-0.15528923273086548,-0.8030845522880554,-0.5486201643943787,-1.0172306299209595,2.1540536880493164,2.2600362300872803,-2.6988394260406494,-2.340557813644409,0.9180508255958557,-5.347626686096191,2.160191059112549,10.212821006774902,-2.7424087524414062,1.3277615308761597,4.600099563598633,-2.4837281703948975,5.025482177734375,-1.5733247995376587,-3.1746201515197754,-1.5174578428268433,0.027500351890921593,0.8279492855072021,0.4304337501525879,0.09179580956697464,-0.7350148558616638,1.3817856311798096,-0.45664069056510925,0.23347793519496918,1.3839102983474731,-0.3759171962738037,1.8450158834457397,0.3683324456214905,0.7852216362953186,0.994438886642456,-1.9988871812820435,-1.2293981313705444,5.460999965667725,0.477810800075531,0.5595646500587463,-0.9785014390945435,1.2351276874542236,-0.373243123292923,0.0069619156420230865,1.0086345672607422,-0.28083720803260803,1.7288109064102173,0.44799646735191345,0.5837028622627258,1.036043405532837,-1.937854528427124,-1.2447383403778076,0.20242130756378174,0.12221795320510864,-0.4422999322414398,0.6175181865692139,0.2258223593235016,0.4624203145503998,-0.08966581523418427,-0.8498817086219788,-0.4198785424232483,-1.0395123958587646,2.048344135284424,2.1847167015075684,-2.6873693466186523,-2.345790386199951,0.2915618121623993,-0.02977924793958664,-0.4142161011695862,0.46753695607185364,0.2609016001224518,0.4761385917663574,-0.15528923273086548,-0.8030845522880554,-0.5486201643943787,-1.0172306299209595,2.1540536880493164,2.2600362300872803,-2.6988394260406494,-2.340557813644409,0.9180508255958557,-5.347626686096191,2.160191059112549,10.212821006774902,-2.7424087524414062,1.3277615308761597,4.600099563598633,-2.4837281703948975,5.025482177734375,-1.5733247995376587,-3.1746201515197754,-1.5174578428268433,0.027500351890921593,0.8279492855072021
0.582,-0.09328926354646683,-0.2256217896938324,-0.1326073408126831,0.13761329650878906,-0.4312215745449066,0.11732702702283859,-0.24718622863292694,0.38495174050331116,-0.8892194032669067,0.0,0.0,0.20000000298023224,0.0,0.28730082511901855,-0.1038610190153122,-0.3901311159133911,0.6595203280448914,0.22257472574710846,0.49730634689331055,-0.06854121387004852,-0.8326846361160278,-0.47759050130844116,-1.0287960767745972,2.1096572875976562,2.2080821990966797,-2.6912944316864014,-2.3461074829101562,-0.9380856156349182,-0.17590753734111786,0.20523343980312347,8.230982780456543,-1.0435916185379028,0.5948281288146973,3.3706979751586914,-0.6829250454902649,2.3326165676116943,-0.2726009488105774,-1.5013718605041504,-3.352663278579712,-0.06642792373895645,-0.1381453275680542,0.477810800075531,0.5595646500587463,-0.9785014390945435,1.2351276874542236,-0.373243123292923,0.0069619156420230865,1.0086345672607422,-0.28083720803260803,1.7288109064102173,0.44799646735191345,0.5837028622627258,1.036043405532837,-1.937854528427124,-1.2447383403778076,5.439000129699707,0.3271344304084778,0.48758313059806824,-0.9788403511047363,1.2077645063400269,-0.3155590891838074,-0.2886196970939636,1.0509049892425537,-0.3818564713001251,1.626306414604187,0.8616828918457031,0.6174399256706238,1.21127188205719,-1.9635698795318604,-1.1731630563735962,0.18299426138401031,0.18300476670265198,-0.4658600687980652,0.610700249671936,0.23912140727043152,0.36415523290634155,-0.13115665316581726,-0.8694549798965454,-0.4391626715660095,-0.9401354789733887,2.0165319442749023,2.2331762313842773,-2.6955270767211914,-2.3271360397338867,0.2689815163612366,-0.0847756415605545,-0.3909802734851837,0.7266102433204651,0.2174212485551834,0.5016672611236572,-0.04160778596997261,-0.8379063606262207,-0.45881906151771545,-1.0304590463638306,2.0992417335510254,2.1763079166412354,-2.699331760406494,-2.3474552631378174,-2.573439598083496,3.385540008544922,-0.17024420201778412,5.29826021194458,-0.15751715004444122,0.2987171411514282,2.116353988647461,-0.45893388986587524,1.5762385129928589,-0.11665526032447815,-0.7419480085372925,-2.895962715148926,-1.179980993270874,-0.1589944064617157
0.602,-0.09328926354646683,-0.2256217896938324,-0.1326073408126831,1.6945792436599731,-0.3012557625770569,-0.7195862531661987,-0.25762927532196045,0.3673369884490967,-0.8936949968338013,0.0,0.0,0.20000000298023224,0.0,0.2318660169839859,-0.03886115550994873,-0.39847612380981445,0.7612078785896301,0.22453361749649048,0.4907281696796417,-0.024714110419154167,-0.8525837659835815,-0.46392783522605896,-1.0003668069839478,2.095857620239258,2.1637191772460938,-2.7034146785736084,-2.3378653526306152,-4.525853633880615,5.646859645843506,-1.5488533973693848,1.788814663887024,0.6710707545280457,-1.9175602197647095,1.3053598403930664,-1.9791474342346191,0.29500946402549744,3.830519676208496,-0.0651780366897583,-0.3671988248825073,0.014746438711881638,1.7400039434432983,0.3271344304084778,0.48758313059806824,-0.9788403511047363,1.2077645063400269,-0.3155590891838074,-0.2886196970939636,1.0509049892425537,-0.3818564713001251,1.626306414604187,0.8616828918457031,0.6174399256706238,1.21127188205719,-1.9635698795318604,-1.1731630563735962,5.421000003814697,-0.3515404462814331,0.2764715552330017,-1.047628402709961,1.2153911590576172,-0.3250062167644501,-0.8352252244949341,1.4587222337722778,-0.3925497829914093,1.0864994525909424,1.6305185556411743,0.9303213357925415,1.3477046489715576,-1.955941081047058,-1.094273328781128,0.003612019121646881,0.16062027215957642,-0.4948371350765228,0.6091979146003723,0.2434091567993164,0.17837131023406982,-0.04994775354862213,-0.8819149136543274,-0.5837564468383789,-0.6982381343841553,2.0788464546203613,2.2915143966674805,-2.6976988315582275,-2.298086404800415,0.18315249681472778,0.028327159583568573,-0.42130404710769653,0.7583140730857849,0.22984597086906433,0.46871691942214966,-0.01616041548550129,-0.8683311939239502,-0.4564894735813141,-0.9728440642356873,2.0972509384155273,2.1616499423980713,-2.699430465698242,-2.3311357498168945,-4.985828876495361,7.3780035972595215,-2.8674509525299072,-1.8838056325912476,0.46260151267051697,-2.4524519443511963,0.5494304299354553,-1.3072826862335205,0.7332624793052673,2.0963213443756104,0.2673981785774231,-0.08271731436252594,0.5802868604660034,0.06527621299028397
0.622,-0.21232542395591736,-0.09070216119289398,-0.30743902921676636,4.0842413902282715,-0.02613963559269905,-1.3197426795959473,-0.26688486337661743,0.30991944670677185,-0.9125362634658813,0.0,0.0,0.20000000298023224,0.0,0.11738689988851547,0.09494911879301071,-0.46869438886642456,0.7200895547866821,0.24221383035182953,0.4247230887413025,-0.009336867369711399,-0.8894955515861511,-0.482593834400177,-0.9046415090560913,2.1009719371795654,2.1766254901885986,-2.6976053714752197,-2.3162779808044434,-8.274341583251953,5.648044109344482,-6.192733287811279,-5.35139799118042,1.4463375806808472,-6.062142372131348,0.4695177674293518,-2.640148878097534,-4.248366355895996,10.318510055541992,0.46359339356422424,2.838257074356079,0.3832886219024658,2.491549015045166,-0.3515404462814331,0.2764715552330017,-1.047628402709961,1.2153911590576172,-0.3250062167644501,-0.8352252244949341,1.4587222337722778,-0.3925497829914093,1.0864994525909424,1.6305185556411743,0.9303213357925415,1.3477046489715576,-1.955941081047058,-1.094273328781128,5.401000022888184,-0.5653461813926697,0.0668095201253891,-1.2868976593017578,1.1983331441879272,-0.21828749775886536,-1.271359920501709,1.5484567880630493,-0.323726087808609,0.7630152106285095,2.05770206451416,1.1391774415969849,0.9641793966293335,-1.8112568855285645,-0.7681587338447571,-0.13953053951263428,0.09701251983642578,-0.5691429972648621,0.604182243347168,0.27223271131515503,-0.023554325103759766,0.013090334832668304,-0.8709389567375183,-0.736924409866333,-0.4704935550689697,2.162217617034912,2.224802017211914,-2.6626136302948,-2.202033042907715,0.029678011313080788,0.14730915427207947,-0.5267772674560547,0.6569815874099731,0.25046810507774353,0.3638492226600647,-0.010263453237712383,-0.9084333181381226,-0.516660213470459,-0.8230818510055542,2.101205825805664,2.20426344871521,-2.6892127990722656,-2.3045291900634766,-8.689226150512695,5.037458896636963,-5.313128471374512,-6.641407489776611,0.3411294221878052,-6.0072526931762695,-0.32837167382240295,-1.2988789081573486,-2.82633376121521,6.402453899383545,-0.08758199214935303,2.58417010307312,1.2708473205566406,0.3802028000354767
0.64,-0.21232542395591736,-0.09070216119289398,-0.30743902921676636,4.430725574493408,0.22206780314445496,-0.9606213569641113,-0.27070680260658264,0.22539907693862915,-0.9359022974967957,0.0,0.0,0.20000000298023224,0.0,-0.058325283229351044,0.18756306171417236,-0.5860987305641174,0.5837170481681824,0.2594737708568573,0.2915080785751343,-0.012651924975216389,-0.9158657193183899,-0.5708267092704773,-0.7331336736679077,2.104954957962036,2.2098066806793213,-2.6705000400543213,-2.2507333755493164,-9.618692398071289,2.500645637512207,-6.5963358879089355,-7.788255214691162,1.3294709920883179,-8.861340522766113,-0.24700751900672913,-0.517149031162262,-7.359737873077393,12.611469268798828,1.036838173866272,-0.4256037473678589,2.188096523284912,8.892631530761719,-0.5653461813926697,0.0668095201253891,-1.2868976593017578,1.1983331441879272,-0.21828749775886536,-1.271359920501709,1.5484567880630493,-0.323726087808609,0.7630152106285095,2.05770206451416,1.1391774415969849,0.9641793966293335,-1.8112568855285645,-0.7681587338447571,5.38100004196167,-0.18881992995738983,-0.3168278634548187,-1.1243470907211304,1.1687345504760742,-0.19331684708595276,-1.0040777921676636,1.6628191471099854,-0.4709959030151367,0.7572285532951355,1.972564697265625,1.3084665536880493,0.816417396068573,-1.8175480365753174,-0.639222264289856,-0.1169702559709549,-0.03070070594549179,-0.5656582713127136,0.5942747592926025,0.2928871512413025,-0.05769661068916321,0.07319997251033783,-0.9022684097290039,-0.8149550557136536,-0.37790560722351074,2.246225357055664,2.1545052528381348,-2.64664363861084,-2.121772050857544,-0.058325283229351044,0.18756306171417236,-0.5860987305641174,0.5837170481681824,0.2594737708568573,0.2915080785751343,-0.012651924975216389,-0.9158657193183899,-0.5708267092704773,-0.7331336736679077,2.104954957962036,2.2098066806793213,-2.6705000400543213,-2.2507333755493164,-9.618692398071289,2.500645637512207,-6.5963358879089355,-7.788255214691162,1.3294709920883179,-8.861340522766113,-0.24700751900672913,-0.517149031162262,-7.359737873077393,12.611469268798828,1.036838173866272,-0.4256037473678589,2.188096523284912,8.892631530761719
0.661,-0.3491221070289612,-0.10719583183526993,-0.8220179080963135,2.417280912399292,0.5591014623641968,0.0495854914188385,-0.2647496461868286,0.15905067324638367,-0.9511101245880127,0.0,0.0,0.20000000298023224,0.0,-0.21821118891239166,0.2044285088777542,-0.6611686944961548,0.49578413367271423,0.27107736468315125,0.11553721874952316,-0.019083010032773018,-0.9147201180458069,-0.6956184506416321,-0.5465226173400879,2.1349616050720215,2.21269154548645,-2.659027576446533,-2.1456849575042725,-5.473901271820068,-1.2358596324920654,-1.3081047534942627,-1.1941807270050049,0.35351693630218506,-8.575620651245117,-0.10038064420223236,-0.02304684929549694,-5.912841320037842,7.571290493011475,2.3907666206359863,-1.0950473546981812,0.06254546344280243,7.611895561218262,-0.18881992995738983,-0.3168278634548187,-1.1243470907211304,1.1687345504760742,-0.19331684708595276,-1.0040777921676636,1.6628191471099854,-0.4709959030151367,0.7572285532951355,1.972564697265625,1.3084665536880493,0.816417396068573,-1.8175480365753174,-0.639222264289856,5.361000061035156,0.35597890615463257,-0.45462968945503235,-0.8453739881515503,1.032697319984436,-0.1972297728061676,-0.5041980147361755,2.0509793758392334,-0.38659098744392395,1.3679254055023193,1.6926931142807007,1.0700138807296753,0.6433825492858887,-1.8898574113845825,-0.5592899918556213,0.030509598553180695,-0.12900777161121368,-0.4941726326942444,0.5553116798400879,0.3022361397743225,0.05020219087600708,0.2002948522567749,-0.8968319296836853,-0.7012962102890015,-0.40157952904701233,2.228616237640381,2.0760982036590576,-2.656736135482788,-2.0616583824157715,-0.2550464868545532,0.17919255793094635,-0.664038360118866,0.49822336435317993,0.2707522213459015,0.04020928591489792,-0.017050420865416527,-0.9057333469390869,-0.7405598163604736,-0.49158772826194763,2.160994529724121,2.2140533924102783,-2.6642708778381348,-2.142566442489624,-2.155935287475586,-3.4497509002685547,0.3518257737159729,-0.020109057426452637,-0.1909421682357788,-6.725955963134766,0.4635676145553589,1.8467656373977661,-3.678785800933838,4.23988151550293,2.6282026767730713,2.0221500396728516,-1.070014238357544,-8.048820495605469
0.68,-0.3491221070289612,-0.10719583183526993,-0.8220179080963135,-1.1774812936782837,1.2223597764968872,0.6778532862663269,-0.24719378352165222,0.14816096425056458,-0.9575716853141785,0.0,0.0,0.20000000298023224,0.0,-0.2438271939754486,0.1394769847393036,-0.6480242013931274,0.509515106678009,0.2637830674648285,-0.008442330174148083,-0.0022989201825112104,-0.8925157189369202,-0.7442291975021362,-0.48235443234443665,2.175792694091797,2.224905490875244,-2.690664291381836,-2.1994547843933105,4.259565353393555,-4.432533264160156,2.6757140159606934,2.1746294498443604,-0.7819280624389648,-3.786639451980591,2.336604595184326,0.5901233553886414,1.3350321054458618,0.9135878086090088,0.5761992335319519,0.5180509090423584,-3.977987766265869,-3.5867950916290283,0.35597890615463257,-0.45462968945503235,-0.8453739881515503,1.032697319984436,-0.1972297728061676,-0.5041980147361755,2.0509793758392334,-0.38659098744392395,1.3679254055023193,1.6926931142807007,1.0700138807296753,0.6433825492858887,-1.8898574113845825,-0.5592899918556213,5.341000080108643,0.7803843021392822,-0.29865339398384094,-0.5074895024299622,0.9407676458358765,-0.258675754070282,0.06067543104290962,2.1168601512908936,-0.29968687891960144,2.1609017848968506,0.8955270648002625,0.6501296758651733,0.7207353711128235,-1.7074315547943115,-0.7087178230285645,0.2103508710861206,-0.13916723430156708,-0.3739587068557739,0.5128477811813354,0.2915491461753845,0.24536995589733124,0.2803124785423279,-0.8723876476287842,-0.4462226629257202,-0.6127079725265503,2.114840507507324,2.0562329292297363,-2.616176128387451,-2.0689587593078613,-0.2438271939754486,0.1394769847393036,-0.6480242013931274,0.509515106678009,0.2637830674648285,-0.008442330174148083,-0.0022989201825112104,-0.8925157189369202,-0.7442291975021362,-0.48235443234443665,2.175792694091797,2.224905490875244,-2.690664291381836,-2.1994547843933105,4.259565353393555,-4.432533264160156,2.6757140159606934,2.1746294498443604,-0.7819280624389648,-3.786639451980591,2.336604595184326,0.5901233553886414,1.3350321054458618,0.9135878086090088,0.5761992335319519,0.5180509090423584,-3.977987766265869,-3.5867950916290283
0.702,-0.062068499624729156,-0.018795281648635864,-0.7404659390449524,-0.41099148988723755,-0.6611487865447998,1.128797173500061,-0.2457205057144165,0.15276788175106049,-0.9572269320487976,0.0,0.0,0.20000000298023224,0.0,-0.21268349885940552,-0.004442352801561356,-0.6031861901283264,0.5525093674659729,0.28829264640808105,0.0010786786442622542,0.055774569511413574,-0.8922228813171387,-0.7866044044494629,-0.5189643502235413,2.1601693630218506,2.2583844661712646,-2.763066291809082,-2.2334225177764893,0.33751869201660156,-8.279512405395508,2.5488064289093018,2.3518288135528564,-1.1274631023406982,4.956894397735596,3.2665443420410156,0.8229824304580688,3.250605821609497,-6.002434730529785,-2.1369199752807617,1.7210896015167236,-2.552800178527832,-0.9060497879981995,0.7803843021392822,-0.29865339398384094,-0.5074895024299622,0.9407676458358765,-0.258675754070282,0.06067543104290962,2.1168601512908936,-0.29968687891960144,2.1609017848968506,0.8955270648002625,0.6501296758651733,0.7207353711128235,-1.7074315547943115,-0.7087178230285645,5.320000171661377,0.875398576259613,0.2679784595966339,-0.5493302941322327,0.7950665950775146,-0.3298144042491913,-0.29522180557250977,1.447541356086731,-0.36016255617141724,2.0579652786254883,0.6377092599868774,0.3593876361846924,0.8630959987640381,-1.7480297088623047,-0.9239639043807983,0.32402509450912476,-0.002589002251625061,-0.32431191205978394,0.4551905393600464,0.2684209644794464,0.25397953391075134,0.15299159288406372,-0.8752844333648682,-0.34442001581192017,-0.7827266454696655,1.985267162322998,2.08189058303833,-2.6060454845428467,-2.126420497894287,-0.20446598529815674,-0.07774584740400314,-0.5731809735298157,0.5795880556106567,0.27659621834754944,0.05746033415198326,0.0881602093577385,-0.8831229209899902,-0.7488448619842529,-0.5615836977958679,2.1435108184814453,2.2701210975646973,-2.7844135761260986,-2.22987699508667,1.9572818279266357,-5.94165563583374,4.225269317626953,3.451533079147339,-2.401332139968872,5.789575099945068,2.670912265777588,0.977378249168396,6.131289482116699,-3.04470157623291,-1.2198399305343628,-0.09536287188529968,-1.4954628944396973,1.8894633054733276
0.721,-0.062068499624729156,-0.018795281648635864,-0.7404659390449524,-3.468945026397705,-0.6736001968383789,0.6828508377075195,-0.25856485962867737,0.1930985301733017,-0.9464973211288452,0.0,0.0,0.20000000298023224,0.0,-0.17612452805042267,-0.1149480789899826,-0.5193955302238464,0.6172767877578735,0.24846073985099792,0.12459739297628403,0.10533614456653595,-0.8720282912254333,-0.6775392293930054,-0.6186555624008179,2.1341397762298584,2.2579193115234375,-2.7849371433258057,-2.201234817504883,3.8612899780273438,-1.3031682968139648,6.437474250793457,4.270712375640869,-3.6679279804229736,6.842769145965576,1.2037832736968994,1.5797369480133057,8.653849601745605,-7.0674357414245605,-0.9824286103248596,-3.061192274093628,0.6819037795066833,4.5247416496276855,0.875398576259613,0.2679784595966339,-0.5493302941322327,0.7950665950775146,-0.3298144042491913,-0.29522180557250977,1.447541356086731,-0.36016255617141724,2.0579652786254883,0.6377092599868774,0.3593876361846924,0.8630959987640381,-1.7480297088623047,-0.9239639043807983,5.301000118255615,0.5015283823013306,0.24797983467578888,-0.6951032280921936,0.8012846112251282,-0.3134268522262573,-0.2198326140642166,1.2061116695404053,-0.1791280210018158,2.0754873752593994,0.5339959263801575,0.26122283935546875,0.9721009731292725,-1.8311684131622314,-1.1009455919265747,0.287394642829895,0.06070045754313469,-0.33593177795410156,0.42791640758514404,0.26095378398895264,0.2771316170692444,0.02897372841835022,-0.8314741849899292,-0.28913816809654236,-0.8936643600463867,1.8959393501281738,2.1219706535339355,-2.621764659881592,-2.1993966102600098,-0.12703369557857513,-0.10223478823900223,-0.44799140095710754,0.6640152335166931,0.21624545753002167,0.18275952339172363,0.11596135050058365,-0.8530951738357544,-0.5993737578392029,-0.6734354496002197,2.122525453567505,2.21652889251709,-2.7742464542388916,-2.152510404586792,5.791231155395508,3.1180026531219482,7.703940391540527,4.854600429534912,-3.074183702468872,4.93790864944458,0.8280535936355591,2.017859697341919,7.481043338775635,-4.388983249664307,-1.3062293529510498,-5.178023815155029,1.470453143119812,5.457675457000732
0.741,0.1943790167570114,-0.2924913465976715,0.08872374892234802,-4.284628391265869,0.1819872409105301,-0.6834872961044312,-0.26387354731559753,0.27388888597488403,-0.9248543977737427,0.0,0.0,0.20000000298023224,0.0,-0.06258168071508408,-0.05398949980735779,-0.3713237941265106,0.6870854496955872,0.18289057910442352,0.2351076304912567,0.12180119752883911,-0.8186082243919373,-0.5172603726387024,-0.7430813908576965,2.105790615081787,2.1649880409240723,-2.7533795833587646,-2.181806802749634,6.95871639251709,5.781282424926758,7.184634208679199,-0.14097481966018677,-2.83809494972229,4.358090400695801,0.4515596330165863,3.4841578006744385,7.53773832321167,-6.2794508934021,-1.9053380489349365,-5.725551128387451,2.448514223098755,-3.857492208480835,0.5015283823013306,0.24797983467578888,-0.6951032280921936,0.8012846112251282,-0.3134268522262573,-0.2198326140642166,1.2061116695404053,-0.1791280210018158,2.0754873752593994,0.5339959263801575,0.26122283935546875,0.9721009731292725,-1.8311684131622314,-1.1009455919265747,5.281000137329102,0.21541863679885864,-0.17274169623851776,-0.8287959098815918,1.1419504880905151,-0.29171088337898254,0.17175818979740143,1.2667524814605713,-0.3257082998752594,1.6442018747329712,0.40184450149536133,0.6528897285461426,1.2239923477172852,-2.0188260078430176,-1.303184151649475,0.19755198061466217,-0.012835195288062096,-0.37516486644744873,0.4994458258152008,0.26264917850494385,0.3866053521633148,-0.017875000834465027,-0.8462141752243042,-0.3693186044692993,-0.9821710586547852,1.9491920471191406,2.2049834728240967,-2.6765389442443848,-2.2864441871643066,0.013689066283404827,0.005742884241044521,-0.3103654086589813,0.6592614054679871,0.16541706025600433,0.26629555225372314,0.12462509423494339,-0.7965770959854126,-0.4536590576171875,-0.7922298312187195,2.0841073989868164,2.1129775047302246,-2.723886728286743,-2.1994378566741943,8.200901985168457,5.798398494720459,5.075157165527344,-4.798172950744629,-0.8823305368423462,2.248513698577881,0.1597362905740738,1.1317470073699951,5.659858226776123,-4.058985710144043,-2.3449442386627197,-4.340548515319824,3.311113119125366,-0.7200102210044861
0.763,0.1943790167570114,-0.2924913465976715,0.08872374892234802,-0.19404859840869904,0.8612843155860901,-1.577040195465088,-0.2592284679412842,0.3114435076713562,-0.9142228960990906,0.0,0.0,0.20000000298023224,0.0,0.08447505533695221,0.039004549384117126,-0.2889356315135956,0.5965676307678223,0.17119340598583221,0.296988308429718,0.1158890649676323,-0.8033150434494019,-0.4314137399196625,-0.8617700338363647,2.0704076290130615,2.116743326187134,-2.7010700702667236,-2.2743587493896484,6.440919876098633,1.467608094215393,0.03488951548933983,-7.741379737854004,1.1002024412155151,2.7981443405151367,-1.654750108718872,-1.9804487228393555,1.7267169952392578,-5.882910251617432,-1.5216057300567627,1.5476573705673218,3.8059983253479004,-5.501016616821289,0.21541863679885864,-0.17274169623851776,-0.8287959098815918,1.1419504880905151,-0.29171088337898254,0.17175818979740143,1.2667524814605713,-0.3257082998752594,1.6442018747329712,0.40184450149536133,0.6528897285461426,1.2239923477172852,-2.0188260078430176,-1.303184151649475,5.258999824523926,-0.24598072469234467,0.12824806571006775,-0.902774453163147,1.1931605339050293,-0.4839975833892822,-0.1436917781829834,0.9225482940673828,0.11415719985961914,1.4140311479568481,0.8796312212944031,1.0066790580749512,1.176966667175293,-2.0294933319091797,-1.3547751903533936,0.03728080913424492,0.025644417852163315,-0.4132760465145111,0.5480130314826965,0.21542519330978394,0.3624797463417053,-0.12735041975975037,-0.7436177730560303,-0.46695151925086975,-0.9069777131080627,2.064265727996826,2.2347335815429688,-2.7065927982330322,-2.3428659439086914,0.14480659365653992,0.03922143206000328,-0.29983898997306824,0.5080410838127136,0.18639624118804932,0.3217082917690277,0.09911612421274185,-0.828577995300293,-0.4139062464237213,-0.9069572687149048,2.0517640113830566,2.1322171688079834,-2.6702938079833984,-2.2948429584503174,5.69868803024292,-0.987677276134491,-1.9226832389831543,-9.306315422058105,1.8156214952468872,2.2530899047851562,-1.6885275840759277,-2.742112159729004,1.6520650386810303,-3.5949480533599854,-2.0045995712280273,1.7057199478149414,1.766476035118103,-0.3997352421283722
0.781,0.17784039676189423,-0.2150147259235382,-0.24911431968212128,0.631215512752533,0.8962424397468567,-1.1370317935943604,-0.25353699922561646,0.30139824748039246,-0.9191725254058838,0.0,0.0,0.20000000298023224,0.0,0.1938120424747467,0.022219903767108917,-0.3281276524066925,0.4248029887676239,0.20722685754299164,0.3366851806640625,0.07580123096704483,-0.8523766994476318,-0.4175630509853363,-0.9175469279289246,2.042173147201538,2.165308952331543,-2.6823127269744873,-2.3330841064453125,3.4206838607788086,-2.152247667312622,-3.6544058322906494,-7.130998611450195,1.7357711791992188,0.4325345456600189,-3.804570436477661,-1.4603005647659302,-1.6424696445465088,2.125779390335083,1.1098496913909912,4.413971424102783,-3.496161699295044,-7.448884010314941,-0.24598072469234467,0.12824806571006775,-0.902774453163147,1.1931605339050293,-0.4839975833892822,-0.1436917781829834,0.9225482940673828,0.11415719985961914,1.4140311479568481,0.8796312212944031,1.0066790580749512,1.176966667175293,-2.0294933319091797,-1.3547751903533936,5.241000175476074,-0.3604733943939209,0.31574222445487976,-1.1012099981307983,1.1156489849090576,-0.36476728320121765,-0.44737523794174194,0.9794251918792725,-0.06320958584547043,1.3303076028823853,1.1282753944396973,1.0478183031082153,1.2302829027175903,-2.098710298538208,-1.3799829483032227,-0.07147794216871262,0.09175776690244675,-0.48194050788879395,0.5529187917709351,0.22162076830863953,0.27449607849121094,-0.16786889731884003,-0.7366612553596497,-0.5366988778114319,-0.8072199821472168,2.132087469100952,2.262937545776367,-2.738924026489258,-2.3773787021636963,0.20965375006198883,0.0014229760272428393,-0.3636561334133148,0.3672601282596588,0.22052907943725586,0.3459627628326416,0.026438992470502853,-0.8583939075469971,-0.4312772750854492,-0.9117493629455566,2.057427167892456,2.196523904800415,-2.7020645141601562,-2.3602681159973145,0.2961028218269348,-1.7631522417068481,-3.2077488899230957,-4.100336074829102,1.0398125648498535,1.0674338340759277,-5.470248699188232,0.041671670973300934,-1.1614092588424683,0.2821303904056549,1.535212755203247,2.7031919956207275,-0.9383432269096375,-0.35962599515914917
0.801,0.17784039676189423,-0.2150147259235382,-0.24911431968212128,0.2087448090314865,0.666402280330658,-0.5319376587867737,-0.243623748421669,0.2895943820476532,-0.9256255030632019,0.0,0.0,0.20000000298023224,0.0,0.1923966258764267,-0.006169508211314678,-0.40266507863998413,0.3529849946498871,0.23465615510940552,0.3439885377883911,-0.033937618136405945,-0.850681722164154,-0.46557796001434326,-0.8741958737373352,2.087092161178589,2.2390856742858887,-2.731680154800415,-2.387248992919922,-3.6694815158843994,0.12913650274276733,-4.394412994384766,0.2066759169101715,1.122908592224121,-0.5415062308311462,-6.266201496124268,1.3696898221969604,-3.013853073120117,3.8477301597595215,3.351642608642578,3.913144588470459,-2.8307626247406006,-1.2525153160095215,-0.3604733943939209,0.31574222445487976,-1.1012099981307983,1.1156489849090576,-0.36476728320121765,-0.44737523794174194,0.9794251918792725,-0.06320958584547043,1.3303076028823853,1.1282753944396973,1.0478183031082153,1.2302829027175903,-2.098710298538208,-1.3799829483032227,5.2210001945495605,0.0433068610727787,0.09564980119466782,-1.2502166032791138,1.234268069267273,-0.1554499864578247,-0.6709851622581482,1.5172200202941895,-0.5383791923522949,1.3386915922164917,1.216282606124878,0.8712884783744812,1.5561400651931763,-2.1392765045166016,-1.4658218622207642,-0.024912256747484207,0.06979133188724518,-0.553524374961853,0.5850263833999634,0.27704787254333496,0.174601748585701,-0.05367942899465561,-0.8519754409790039,-0.5694765448570251,-0.735339343547821,2.121865749359131,2.358503818511963,-2.765231132507324,-2.4160947799682617,0.13841724395751953,0.006862903945147991,-0.4436003565788269,0.37529516220092773,0.24185559153556824,0.33854636549949646,-0.0927099883556366,-0.8302428126335144,-0.48810407519340515,-0.8454490900039673,2.112553834915161,2.2690203189849854,-2.743587017059326,-2.3832414150238037,-6.54680061340332,2.2546896934509277,-3.7029924392700195,3.893732786178589,0.43913066387176514,-0.586599588394165,-5.422203063964844,2.5577738285064697,-1.819332480430603,2.270038366317749,1.8574150800704956,2.3887481689453125,-0.27692779898643494,0.9460750222206116
0.82,0.13545888662338257,-0.11239408701658249,-0.25145280361175537,-0.6658644676208496,0.5305982232093811,-0.6517698764801025,-0.2362494021654129,0.29243168234825134,-0.9266444444656372,0.0,0.0,0.20000000298023224,0.0,0.06761015206575394,0.03629474714398384,-0.48593708872795105,0.4385632276535034,0.253358393907547,0.3213485777378082,-0.12686952948570251,-0.8114187717437744,-0.5244663953781128,-0.7999037504196167,2.119891881942749,2.315058469772339,-2.7674612998962402,-2.4048829078674316,-7.286008358001709,3.2874457836151123,-4.900689601898193,7.882918357849121,1.1862446069717407,-2.4510602951049805,-1.833702802658081,0.8630998134613037,-3.088139295578003,4.542168140411377,-0.08093462139368057,5.260794162750244,-3.0634472370147705,-1.7905925512313843,0.0433068610727787,0.09564980119466782,-1.2502166032791138,1.234268069267273,-0.1554499864578247,-0.6709851622581482,1.5172200202941895,-0.5383791923522949,1.3386915922164917,1.216282606124878,0.8712884783744812,1.5561400651931763,-2.1392765045166016,-1.4658218622207642,5.201000213623047,-0.006397135555744171,-0.017765028402209282,-1.4393980503082275,1.4478927850723267,-0.05255287140607834,-0.7584937810897827,1.3015155792236328,-0.7140997648239136,1.3953953981399536,1.3305925130844116,0.8140683174133301,1.4278430938720703,-2.0382297039031982,-1.2140945196151733,-0.014055412262678146,0.03045440837740898,-0.6366117000579834,0.6544864177703857,0.3304857015609741,0.10277742892503738,-0.05051080510020256,-0.9535626173019409,-0.5716894268989563,-0.6708215475082397,2.102449893951416,2.3742127418518066,-2.7531230449676514,-2.372520923614502,0.06761015206575394,0.03629474714398384,-0.48593708872795105,0.4385632276535034,0.253358393907547,0.3213485777378082,-0.12686952948570251,-0.8114187717437744,-0.5244663953781128,-0.7999037504196167,2.119891881942749,2.315058469772339,-2.7674612998962402,-2.4048829078674316,-7.286008358001709,3.2874457836151123,-4.900689601898193,7.882918357849121,1.1862446069717407,-2.4510602951049805,-1.833702802658081,0.8630998134613037,-3.088139295578003,4.542168140411377,-0.08093462139368057,5.260794162750244,-3.0634472370147705,-1.7905925512313843
0.84,0.13545888662338257,-0.11239408701658249,-0.25145280361175537,-0.8125478625297546,0.6399885416030884,-0.9735854268074036,-0.23047761619091034,0.30327108502388,-0.9246116280555725,0.0,0.0,0.20000000298023224,0.0,-0.06791164726018906,0.10022155940532684,-0.5918677449226379,0.6143113970756531,0.27149441838264465,0.25284719467163086,-0.1309584677219391,-0.8191382884979248,-0.5578141212463379,-0.7249519228935242,2.0982906818389893,2.3813960552215576,-2.765288829803467,-2.366626262664795,-5.88715934753418,2.1460399627685547,-6.340210914611816,9.174466133117676,1.10658597946167,-4.4424824714660645,1.0147812366485596,-2.18503737449646,-1.063030481338501,3.4108541011810303,-1.580002784729004,2.6082780361175537,1.4907609224319458,3.91890811920166,-0.006397135555744171,-0.017765028402209282,-1.4393980503082275,1.4478927850723267,-0.05255287140607834,-0.7584937810897827,1.3015155792236328,-0.7140997648239136,1.3953953981399536,1.3305925130844116,0.8140683174133301,1.4278430938720703,-2.0382297039031982,-1.2140945196151733,5.181000232696533,0.015729088336229324,0.03831811249256134,-1.3591831922531128,1.5147793292999268,-0.20097456872463226,-0.5206059813499451,1.2521100044250488,-0.6783239841461182,1.436868667602539,1.257369875907898,0.9541923403739929,1.4047551155090332,-1.9939796924591064,-1.05698561668396,-0.003095434047281742,0.024806732311844826,-0.6581016778945923,0.7059380412101746,0.32009920477867126,0.1263372153043747,-0.06127788871526718,-0.995412290096283,-0.5624275207519531,-0.6568683385848999,2.1277730464935303,2.3762950897216797,-2.736006259918213,-2.3114569187164307,-0.06791164726018906,0.10022155940532684,-0.5918677449226379,0.6143113970756531,0.27149441838264465,0.25284719467163086,-0.1309584677219391,-0.8191382884979248,-0.5578141212463379,-0.7249519228935242,2.0982906818389893,2.3813960552215576,-2.765288829803467,-2.366626262664795,-5.88715934753418,2.1460399627685547,-6.340210914611816,9.174466133117676,1.10658597946167,-4.4424824714660645,1.0147812366485596,-2.18503737449646,-1.063030481338501,3.4108541011810303,-1.580002784729004,2.6082780361175537,1.4907609224319458,3.91890811920166
0.862,0.10115034133195877,0.09621128439903259,-0.7602039575576782,-1.4455583095550537,0.7311381101608276,-0.9027391672134399,-0.22358553111553192,0.3198900520801544,-0.9206953048706055,0.0,0.0,0.20000000298023224,0.0,-0.13866646587848663,0.11926788091659546,-0.7120484709739685,0.7714343070983887,0.28574836254119873,0.1711055189371109,-0.11521453410387039,-0.872626006603241,-0.5585766434669495,-0.6833416223526001,2.0897603034973145,2.388988971710205,-2.738879442214966,-2.3023502826690674,-1.0071665048599243,-0.0449473075568676,-5.004002094268799,6.759561538696289,0.601097583770752,-3.2621448040008545,0.5340604186058044,-3.0657544136047363,-0.2585788369178772,0.9086838960647583,0.35321521759033203,-0.7557454109191895,1.1781508922576904,2.1649186611175537,0.015729088336229324,0.03831811249256134,-1.3591831922531128,1.5147793292999268,-0.20097456872463226,-0.5206059813499451,1.2521100044250488,-0.6783239841461182,1.436868667602539,1.257369875907898,0.9541923403739929,1.4047551155090332,-1.9939796924591064,-1.05698561668396,5.159999847412109,0.30878114700317383,0.2517799437046051,-0.9353542923927307,1.4471306800842285,-0.37739789485931396,-0.356401264667511,1.3150393962860107,-0.6089609265327454,1.7874888181686401,1.0159828662872314,0.8308508992195129,1.3459923267364502,-1.8865466117858887,-0.9408060312271118,0.07564757019281387,0.07534835487604141,-0.5628893971443176,0.7147517204284668,0.2708001136779785,0.17916828393936157,-0.050929080694913864,-0.998996376991272,-0.47014155983924866,-0.7102384567260742,2.1095991134643555,2.3626456260681152,-2.700589656829834,-2.251879930496216,-0.13499635457992554,0.11279688030481339,-0.7514245510101318,0.8247718214988708,0.2917194962501526,0.1423247903585434,-0.10891249775886536,-0.8989088535308838,-0.5610778331756592,-0.6774383783340454,2.0905978679656982,2.375096082687378,-2.733880043029785,-2.3016557693481445,1.4042668342590332,-1.1542243957519531,-3.0175368785858154,4.060111045837402,0.5733692049980164,-2.5661895275115967,0.6312005519866943,-2.3844480514526367,-0.19593475759029388,0.41691824793815613,-0.1229059249162674,-1.864086389541626,0.12685175240039825,-0.7911601066589355
0.881,0.10115034133195877,0.09621128439903259,-0.7602039575576782,-2.710606098175049,0.878569483757019,-0.7596895694732666,-0.21676425635814667,0.34914207458496094,-0.9116540551185608,0.0,0.0,0.20000000298023224,0.0,-0.10034878551959991,0.10484596341848373,-0.7571399807929993,0.8524625897407532,0.28838735818862915,0.12843282520771027,-0.1023075059056282,-0.9222310185432434,-0.536953866481781,-0.696772575378418,2.0786755084991455,2.3402671813964844,-2.7122151851654053,-2.268322706222534,5.5689544677734375,-0.07281603664159775,2.0464720726013184,2.364128828048706,-0.9226426482200623,-0.7085358500480652,0.6589940190315247,-2.2483596801757812,3.6567084789276123,-2.3195526599884033,-2.020259141921997,-3.8275723457336426,3.648909330368042,4.871093273162842,0.30878114700317383,0.2517799437046051,-0.9353542923927307,1.4471306800842285,-0.37739789485931396,-0.356401264667511,1.3150393962860107,-0.6089609265327454,1.7874888181686401,1.0159828662872314,0.8308508992195129,1.3459923267364502,-1.8865466117858887,-0.9408060312271118,5.140999794006348,0.3144310712814331,0.1430528610944748,-0.5274945497512817,1.3059989213943481,-0.5509636402130127,-0.13916103541851044,1.3071491718292236,-0.4504849314689636,1.9647469520568848,0.7280811071395874,0.7656567096710205,1.2852907180786133,-1.7460176944732666,-0.9537174105644226,0.11643154919147491,0.0734373927116394,-0.41331833600997925,0.683875560760498,0.20275914669036865,0.25989389419555664,-0.04772723466157913,-0.961169421672821,-0.3796840310096741,-0.80889892578125,2.0842137336730957,2.3406455516815186,-2.647749185562134,-2.2253193855285645,-0.07340680062770844,0.09403737634420395,-0.7395897507667542,0.8516159653663635,0.3002823293209076,0.13091345131397247,-0.08657369017601013,-0.9400388598442078,-0.5381466746330261,-0.7065972089767456,2.0558626651763916,2.325645923614502,-2.6935248374938965,-2.252474546432495,2.1446657180786133,-1.2771978378295898,2.518178939819336,-1.3544836044311523,1.0155248641967773,0.7237645387649536,1.5434762239456177,-1.4358338117599487,0.8136529922485352,-0.5035375952720642,-1.7930424213409424,-0.7935758829116821,0.5016018152236938,0.3004847764968872
0.902,-0.038323428481817245,0.12314168363809586,-1.2236895561218262,-1.1147472858428955,-1.5764248371124268,-0.6159477829933167,-0.2391318827867508,0.3604792058467865,-0.9015933871269226,0.0,0.0,0.20000000298023224,0.0,-0.05149320513010025,0.08513549715280533,-0.6842696070671082,0.8197121024131775,0.29617974162101746,0.15523210167884827,-0.07467546314001083,-0.9383880496025085,-0.4992881119251251,-0.7438245415687561,2.0280468463897705,2.2966432571411133,-2.650503158569336,-2.2317442893981934,2.2666378021240234,-0.4849630892276764,7.9041218757629395,-3.555392026901245,-0.8057394623756409,3.036821126937866,0.9698266386985779,0.6395102739334106,5.02345609664917,-3.5406718254089355,-2.7241311073303223,-2.1946513652801514,4.129183292388916,0.9578979015350342,0.3144310712814331,0.1430528610944748,-0.5274945497512817,1.3059989213943481,-0.5509636402130127,-0.13916103541851044,1.3071491718292236,-0.4504849314689636,1.9647469520568848,0.7280811071395874,0.7656567096710205,1.2852907180786133,-1.7460176944732666,-0.9537174105644226,5.120999813079834,0.2799879312515259,-0.24179241061210632,-0.12732748687267303,0.9573345184326172,-0.16271425783634186,-0.05205444246530533,1.1891672611236572,-0.5370610356330872,1.7364023923873901,0.8315779566764832,0.4902831017971039,0.7523264288902283,-1.4956995248794556,-0.6691319346427917,0.12821274995803833,-0.02372940629720688,-0.23849104344844818,0.5812714099884033,0.26580101251602173,0.3220333456993103,-0.07562178373336792,-0.9638999700546265,-0.39154142141342163,-0.8323549628257751,2.0026776790618896,2.196404457092285,-2.5587494373321533,-2.140892505645752,-0.02558162435889244,0.08588989824056625,-0.5853996872901917,0.7858494520187378,0.2906016707420349,0.18587709963321686,-0.06800344586372375,-0.934380829334259,-0.4502091407775879,-0.7683002948760986,2.012387275695801,2.288086414337158,-2.6382946968078613,-2.2291653156280518,2.978067636489868,0.5240598917007446,11.303165435791016,-3.2592241764068604,-0.4076952338218689,2.990631103515625,0.3502426743507385,0.1924445480108261,4.792407989501953,-1.8024520874023438,-0.6562657952308655,-0.14188869297504425,-0.3745402991771698,0.14957118034362793
0.922,-0.038323428481817245,0.12314168363809586,-1.2236895561218262,-0.5537781119346619,-0.6907575130462646,-0.38659822940826416,-0.26652178168296814,0.3769781291484833,-0.8870477080345154,0.0,0.0,0.20000000298023224,0.0,-0.001538960263133049,0.07782725244760513,-0.5816383361816406,0.7266772389411926,0.29310160875320435,0.21625013649463654,-0.05457991361618042,-0.9353460669517517,-0.42480629682540894,-0.8026532530784607,2.0552544593811035,2.2615134716033936,-2.643073081970215,-2.1716034412384033,2.1159722805023193,-1.953368067741394,0.3679428696632385,-7.655837059020996,0.5737708210945129,3.0723581314086914,0.8101143836975098,0.458024799823761,1.4664357900619507,-2.9598641395568848,4.106060028076172,-5.448706150054932,-0.25711357593536377,9.04153060913086,0.2799879312515259,-0.24179241061210632,-0.12732748687267303,0.9573345184326172,-0.16271425783634186,-0.05205444246530533,1.1891672611236572,-0.5370610356330872,1.7364023923873901,0.8315779566764832,0.4902831017971039,0.7523264288902283,-1.4956995248794556,-0.6691319346427917,5.10099983215332,0.16893526911735535,-0.15084651112556458,-0.40685319900512695,0.7649261951446533,-0.328537255525589,-0.27897441387176514,1.167243242263794,-0.40079358220100403,1.6280461549758911,1.0045005083084106,0.7351149916648865,0.5930525660514832,-1.5371772050857544,-0.8170063495635986,0.106340192258358,-0.04957633092999458,-0.22095882892608643,0.481867253780365,0.2558661997318268,0.29637306928634644,-0.09505006670951843,-0.9311983585357666,-0.42455917596817017,-0.800852358341217,2.0231175422668457,2.084465503692627,-2.5246191024780273,-2.135647773742676,0.015564119443297386,0.047931477427482605,-0.5786066055297852,0.6506204009056091,0.29660865664482117,0.24442358314990997,-0.04717548191547394,-0.9280402064323425,-0.41162729263305664,-0.8175339698791504,2.09228515625,2.2203283309936523,-2.648617744445801,-2.13836407661438,1.5788160562515259,-3.5099964141845703,0.8330627679824829,-7.155574321746826,0.21084484457969666,2.7312769889831543,0.4514501094818115,0.7145295143127441,1.1425741910934448,-0.9209176898002625,2.9588022232055664,-3.2209551334381104,-0.04857183247804642,0.39797723293304443
0.942,0.04828690364956856,-0.25020819902420044,-0.8542563915252686,-0.14198584854602814,0.1565740704536438,0.39214572310447693,-0.27030783891677856,0.3822813630104065,-0.883625864982605,0.0,0.0,0.20000000298023224,0.0,0.030553825199604034,0.006459602154791355,-0.5623661875724792,0.5740432143211365,0.3011123538017273,0.2619345188140869,-0.05804285779595375,-0.9117124676704407,-0.41217222809791565,-0.8031914830207825,2.1229910850524902,2.1691339015960693,-2.634841203689575,-2.1325244903564453,1.3366771936416626,-4.619408130645752,2.2859930992126465,-8.031681060791016,0.3036332428455353,1.664133071899414,-2.0406928062438965,2.1705985069274902,-0.29638218879699707,0.815273642539978,2.592527389526367,-6.085347652435303,2.544743537902832,0.13302984833717346,0.16893526911735535,-0.15084651112556458,-0.40685319900512695,0.7649261951446533,-0.328537255525589,-0.27897441387176514,1.167243242263794,-0.40079358220100403,1.6280461549758911,1.0045005083084106,0.7351149916648865,0.5930525660514832,-1.5371772050857544,-0.8170063495635986,5.080999851226807,0.09498666971921921,-0.030454229563474655,-0.6621695756912231,0.6525703072547913,-0.3770865499973297,-0.2290898710489273,1.103629231452942,-0.3723321557044983,1.5495017766952515,1.0113080739974976,0.7708327770233154,0.8387088775634766,-1.648969292640686,-0.9573526382446289,0.07691676169633865,-0.03240172192454338,-0.276021808385849,0.4040762186050415,0.23876145482063293,0.29601407051086426,-0.1206677109003067,-0.9077321887016296,-0.46070414781570435,-0.7833991646766663,2.042266845703125,2.0899100303649902,-2.5355019569396973,-2.16811203956604,0.0454845055937767,-0.03769373521208763,-0.5325714945793152,0.5066311359405518,0.301359087228775,0.2788754999637604,-0.07642211019992828,-0.8967565894126892,-0.41403821110725403,-0.8005191683769226,2.139134168624878,2.121203899383545,-2.6127560138702393,-2.1373043060302734,1.7455075979232788,-3.982421875,3.6778717041015625,-5.466726303100586,-0.11732853949069977,1.624107837677002,-1.6354200839996338,0.9259945750236511,-0.1937941312789917,0.18167535960674286,0.7903038263320923,-3.731687068939209,2.01920747756958,-0.5485002994537354
0.96,0.04828690364956856,-0.25020819902420044,-0.8542563915252686,-0.6880626082420349,0.42145901918411255,0.7991517186164856,-0.2595902979373932,0.3938114047050476,-0.8817740678787231,0.0,0.0,0.20000000298023224,0.0,0.06451079249382019,-0.07074421644210815,-0.4908144474029541,0.46038660407066345,0.30219724774360657,0.2908543646335602,-0.09622792154550552,-0.8855948448181152,-0.42237070202827454,-0.7842369675636292,2.1461915969848633,2.09515643119812,-2.589688301086426,-2.166963577270508,1.9711354970932007,-2.7236692905426025,4.595496654510498,-4.518059730529785,0.07159268110990524,1.3168741464614868,-2.0884463787078857,1.1117112636566162,-0.976202666759491,0.8729373812675476,0.22880275547504425,-2.337259531021118,2.475388288497925,-2.621647596359253,0.09498666971921921,-0.030454229563474655,-0.6621695756912231,0.6525703072547913,-0.3770865499973297,-0.2290898710489273,1.103629231452942,-0.3723321557044983,1.5495017766952515,1.0113080739974976,0.7708327770233154,0.8387088775634766,-1.648969292640686,-0.9573526382446289,5.060999870300293,0.18557150661945343,0.001700366847217083,-0.5832870602607727,0.6727637648582458,-0.3738328218460083,-0.2294355183839798,1.1326295137405396,-0.38307279348373413,1.7826194763183594,0.9983218908309937,0.6319248676300049,0.8895423412322998,-1.631388783454895,-0.9273062348365784,0.08485125750303268,-0.01577576994895935,-0.2838326692581177,0.3702290654182434,0.23102252185344696,0.29574817419052124,-0.12622645497322083,-0.8986842632293701,-0.42049720883369446,-0.7779191136360168,2.0171146392822266,2.1053404808044434,-2.536548137664795,-2.176832675933838,0.06451079249382019,-0.07074421644210815,-0.4908144474029541,0.46038660407066345,0.30219724774360657,0.2908543646335602,-0.09622792154550552,-0.8855948448181152,-0.42237070202827454,-0.7842369675636292,2.1461915969848633,2.09515643119812,-2.589688301086426,-2.166963577270508,1.9711354970932007,-2.7236692905426025,4.595496654510498,-4.518059730529785,0.07159268110990524,1.3168741464614868,-2.0884463787078857,1.1117112636566162,-0.976202666759491,0.8729373812675476,0.22880275547504425,-2.337259531021118,2.475388288497925,-2.621647596359253
0.981,0.0952475368976593,-0.44977909326553345,-0.762470006942749,-0.9137330651283264,0.38853225111961365,0.8657805919647217,-0.24609525501728058,0.41258472204208374,-0.8770467638969421,0.0,0.0,0.20000000298023224,0.0,0.11060774326324463,-0.08976627886295319,-0.3889918029308319,0.3963738977909088,0.28886106610298157,0.3123464286327362,-0.11484282463788986,-0.8817354440689087,-0.4180881977081299,-0.7741861343383789,2.1233232021331787,2.0813839435577393,-2.5653793811798096,-2.180755138397217,2.41021466255188,0.5815972685813904,5.235246658325195,-2.579633951187134,-1.1898164749145508,0.7931694388389587,-0.07166927307844162,-0.1065443679690361,1.0866730213165283,0.3596247434616089,-2.1636228561401367,0.5486673712730408,0.3528026342391968,-0.30486637353897095,0.18557150661945343,0.001700366847217083,-0.5832870602607727,0.6727637648582458,-0.3738328218460083,-0.2294355183839798,1.1326295137405396,-0.38307279348373413,1.7826194763183594,0.9983218908309937,0.6319248676300049,0.8895423412322998,-1.631388783454895,-0.9273062348365784,5.040999889373779,0.21875476837158203,-0.09617222845554352,-0.5431725382804871,0.6639154553413391,-0.23661018908023834,-0.202763631939888,1.204511284828186,-0.3225335478782654,1.8648840188980103,1.1070369482040405,0.613014817237854,0.773608922958374,-1.6571310758590698,-0.858654797077179,0.09711432456970215,-0.031930942088365555,-0.2777094841003418,0.3510934114456177,0.26145872473716736,0.3022831678390503,-0.11103539168834686,-0.8790255188941956,-0.379827618598938,-0.7480003237724304,1.999811053276062,2.0840725898742676,-2.5435068607330322,-2.164030075073242,0.11060774326324463,-0.08976627886295319,-0.3889918029308319,0.3963738977909088,0.28886106610298157,0.3123464286327362,-0.11484282463788986,-0.8817354440689087,-0.4180881977081299,-0.7741861343383789,2.1233232021331787,2.0813839435577393,-2.5653793811798096,-2.180755138397217,2.41021466255188,0.5815972685813904,5.235246658325195,-2.579633951187134,-1.1898164749145508,0.7931694388389587,-0.07166927307844162,-0.1065443679690361,1.0866730213165283,0.3596247434616089,-2.1636228561401367,0.5486673712730408,0.3528026342391968,-0.30486637353897095
1.0,0.0952475368976593,-0.44977909326553345,-0.762470006942749,-0.15380389988422394,0.28595975041389465,0.839377224445343,-0.2329646348953247,0.42780765891075134,-0.873331606388092,0.0,0.0,0.20000000298023224,0.0,0.15441544353961945,-0.05798662453889847,-0.286218523979187,0.343258798122406,0.2707388699054718,0.31893622875213623,-0.11054051667451859,-0.8783547878265381,-0.4025554060935974,-0.7559335231781006,2.0698189735412598,2.07905912399292,-2.5632686614990234,-2.164773464202881,1.0634013414382935,1.7108079195022583,4.583040237426758,-3.152278423309326,-0.7981707453727722,0.23802290856838226,0.761440098285675,0.7589506506919861,1.089577317237854,1.131365180015564,-3.254631757736206,-0.635558009147644,-0.32606732845306396,0.5039310455322266,0.21875476837158203,-0.09617222845554352,-0.5431725382804871,0.6639154553413391,-0.23661018908023834,-0.202763631939888,1.204511284828186,-0.3225335478782654,1.8648840188980103,1.1070369482040405,0.613014817237854,0.773608922958374,-1.6571310758590698,-0.858654797077179,5.020999908447266,0.23843224346637726,-0.15328732132911682,-0.4404256343841553,0.6902079582214355,-0.1873219758272171,-0.238789901137352,1.331074833869934,-0.4156004786491394,1.8152657747268677,1.2695318460464478,0.5825181007385254,0.6766490340232849,-1.6000949144363403,-0.7454116344451904,0.10816521942615509,-0.054287299513816833,-0.24896115064620972,0.3480986952781677,0.28899887204170227,0.2965441048145294,-0.07179897278547287,-0.8924628496170044,-0.3718973696231842,-0.6924172043800354,1.9835350513458252,2.049198627471924,-2.5327272415161133,-2.1293179988861084,0.15441544353961945,-0.05798662453889847,-0.286218523979187,0.343258798122406,0.2707388699054718,0.31893622875213623,-0.11054051667451859,-0.8783547878265381,-0.4025554060935974,-0.7559335231781006,2.0698189735412598,2.07905912399292,-2.5632686614990234,-2.164773464202881,1.0634013414382935,1.7108079195022583,4.583040237426758,-3.152278423309326,-0.7981707453727722,0.23802290856838226,0.761440098285675,0.7589506506919861,1.089577317237854,1.131365180015564,-3.254631757736206,-0.635558009147644,-0.32606732845306396,0.5039310455322266
1.021,-0.062381479889154434,-0.38577771186828613,-1.0025099515914917,0.5366668105125427,0.30196818709373474,0.6616395115852356,-0.22134336829185486,0.42695167660713196,-0.8767664432525635,0.0,0.0,0.20000000298023224,0.0,0.14721837639808655,-0.03662384673953056,-0.21318592131137848,0.28622254729270935,0.26571574807167053,0.31344273686408997,-0.10092741250991821,-0.880081832408905,-0.38814330101013184,-0.7214846611022949,2.0120975971221924,2.0756852626800537,-2.559688091278076,-2.1278128623962402,0.3967984616756439,0.5485961437225342,2.8145859241485596,-2.1743104457855225,0.18993033468723297,-0.528232753276825,0.5594452619552612,-0.5705521702766418,-0.18218104541301727,1.5840710401535034,-2.6026573181152344,-0.06717407703399658,0.5525500774383545,1.607735514640808,0.23843224346637726,-0.15328732132911682,-0.4404256343841553,0.6902079582214355,-0.1873219758272171,-0.238789901137352,1.331074833869934,-0.4156004786491394,1.8152657747268677,1.2695318460464478,0.5825181007385254,0.6766490340232849,-1.6000949144363403,-0.7454116344451904,5.000999927520752,0.3067566752433777,-0.10717841982841492,-0.30128026008605957,0.723051130771637,-0.2394987940788269,-0.28506743907928467,1.4502097368240356,-0.33637458086013794,1.9541609287261963,1.427556037902832,0.4579676687717438,0.5777390003204346,-1.494107723236084,-0.6377320885658264,0.13077178597450256,-0.053938254714012146,-0.19980064034461975,0.3548121452331543,0.289724737405777,0.2821052074432373,-0.022397037595510483,-0.8793750405311584,-0.33320844173431396,-0.6251195669174194,1.9442594051361084,2.0070340633392334,-2.500840663909912,-2.0850419998168945,0.14721837639808655,-0.03662384673953056,-0.21318592131137848,0.28622254729270935,0.26571574807167053,0.31344273686408997,-0.10092741250991821,-0.880081832408905,-0.38814330101013184,-0.7214846611022949,2.0120975971221924,2.0756852626800537,-2.559688091278076,-2.1278128623962402,0.3967984616756439,0.5485961437225342,2.8145859241485596,-2.1743104457855225,0.18993033468723297,-0.528232753276825,0.5594452619552612,-0.5705521702766418,-0.18218104541301727,1.5840710401535034,-2.6026573181152344,-0.06717407703399658,0.5525500774383545,1.607735514640808
1.04,-0.062381479889154434,-0.38577771186828613,-1.0025099515914917,0.6483423709869385,0.02681509405374527,0.5340142846107483,-0.21326854825019836,0.4160937964916229,-0.8839583992958069,0.0,0.0,0.20000000298023224,0.0,0.16021540760993958,-0.037681952118873596,-0.18715982139110565,0.2578555941581726,0.25458818674087524,0.2979121208190918,-0.0853317528963089,-0.8884086608886719,-0.38599860668182373,-0.6811861395835876,1.9750044345855713,2.0655975341796875,-2.5354273319244385,-2.0955562591552734,0.7242282032966614,0.07374872267246246,1.6097018718719482,-0.310592383146286,-1.0210964679718018,-1.2005914449691772,1.6438840627670288,0.22763969004154205,1.2900859117507935,3.247204065322876,-2.518650531768799,-1.989766001701355,0.38915589451789856,3.9452154636383057,0.3067566752433777,-0.10717841982841492,-0.30128026008605957,0.723051130771637,-0.2394987940788269,-0.28506743907928467,1.4502097368240356,-0.33637458086013794,1.9541609287261963,1.427556037902832,0.4579676687717438,0.5777390003204346,-1.494107723236084,-0.6377320885658264,4.980999946594238,0.29476016759872437,-0.02689770609140396,-0.2778831720352173,0.7758254408836365,-0.2193368375301361,-0.29253071546554565,1.4709032773971558,-0.40855851769447327,1.9674915075302124,1.480899453163147,0.374441921710968,0.5479663610458374,-1.4726496934890747,-0.6437016725540161,0.13907593488693237,-0.033693552017211914,-0.1693711131811142,0.37136244773864746,0.2951281666755676,0.2730199098587036,0.00747731514275074,-0.8908771276473999,-0.310531347990036,-0.5781348943710327,1.9037401676177979,1.9785085916519165,-2.4795327186584473,-2.064396381378174,0.16021540760993958,-0.037681952118873596,-0.18715982139110565,0.2578555941581726,0.25458818674087524,0.2979121208190918,-0.0853317528963089,-0.8884086608886719,-0.38599860668182373,-0.6811861395835876,1.9750044345855713,2.0655975341796875,-2.5354273319244385,-2.0955562591552734,0.7242282032966614,0.07374872267246246,1.6097018718719482,-0.310592383146286,-1.0210964679718018,-1.2005914449691772,1.6438840627670288,0.22763969004154205,1.2900859117507935,3.247204065322876,-2.518650531768799,-1.989766001701355,0.38915589451789856,3.9452154636383057
1.06,-0.11442946642637253,-0.3566686809062958,-1.215367078781128,0.6979601383209229,-0.14970572292804718,0.4496893286705017,-0.2105521410703659,0.4080762565135956,-0.8883364200592041,0.0,0.0,0.20000000298023224,0.0,0.17662447690963745,-0.03286077082157135,-0.1487424075603485,0.28826725482940674,0.2383553683757782,0.2790684700012207,-0.054204463958740234,-0.8852435350418091,-0.36355528235435486,-0.6253722310066223,1.9315431118011475,2.036602020263672,-2.539469003677368,-2.061333417892456,0.8867412805557251,0.5303304195404053,2.448911666870117,2.881685495376587,-0.6129947900772095,-0.6981728672981262,1.4407862424850464,0.026307424530386925,0.9961925745010376,2.3988866806030273,-2.17928147315979,-1.5137317180633545,-1.0641571283340454,0.8872474431991577,0.29476016759872437,-0.02689770609140396,-0.2778831720352173,0.7758254408836365,-0.2193368375301361,-0.29253071546554565,1.4709032773971558,-0.40855851769447327,1.9674915075302124,1.480899453163147,0.374441921710968,0.5479663610458374,-1.4726496934890747,-0.6437016725540161,4.960999965667725,0.33754515647888184,0.08832812309265137,-0.29775649309158325,0.7956374287605286,-0.21323509514331818,-0.33614909648895264,1.4496376514434814,-0.32187899947166443,2.0382936000823975,1.566931962966919,0.16105180978775024,0.5271849632263184,-1.45086669921875,-0.5657394528388977,0.15392425656318665,0.005235254764556885,-0.15912467241287231,0.3845905661582947,0.29935532808303833,0.2575726807117462,0.017098084092140198,-0.8749582767486572,-0.28149229288101196,-0.5331344604492188,1.8301329612731934,1.9590505361557007,-2.463433027267456,-2.03458309173584,0.17662447690963745,-0.03286077082157135,-0.1487424075603485,0.28826725482940674,0.2383553683757782,0.2790684700012207,-0.054204463958740234,-0.8852435350418091,-0.36355528235435486,-0.6253722310066223,1.9315431118011475,2.036602020263672,-2.539469003677368,-2.061333417892456,0.8867412805557251,0.5303304195404053,2.448911666870117,2.881685495376587,-0.6129947900772095,-0.6981728672981262,1.4407862424850464,0.026307424530386925,0.9961925745010376,2.3988866806030273,-2.17928147315979,-1.5137317180633545,-1.0641571283340454,0.8872474431991577
1.082,-0.11442946642637253,-0.3566686809062958,-1.215367078781128,1.6042743921279907,-0.10614170134067535,0.2471698820590973,-0.2101602554321289,0.3898547887802124,-0.8965745568275452,0.0,0.0,0.20000000298023224,0.0,0.17705292999744415,-0.0266505666077137,-0.11157422512769699,0.3463243544101715,0.23483522236347198,0.26494672894477844,-0.033961884677410126,-0.879368782043457,-0.3341588079929352,-0.5738756656646729,1.8993974924087524,1.9922386407852173,-2.5516109466552734,-2.0370233058929443,-0.615787923336029,0.4586692154407501,1.25619637966156,2.902219533920288,0.20550823211669922,-0.5778390765190125,1.1530283689498901,0.528134822845459,1.6392278671264648,2.022542953491211,-1.6549240350723267,-2.2578125,-0.6187776327133179,0.8656993508338928,0.33754515647888184,0.08832812309265137,-0.29775649309158325,0.7956374287605286,-0.21323509514331818,-0.33614909648895264,1.4496376514434814,-0.32187899947166443,2.0382936000823975,1.566931962966919,0.16105180978775024,0.5271849632263184,-1.45086669921875,-0.5657394528388977,4.940000057220459,0.24964381754398346,0.18779641389846802,-0.3820893168449402,0.728521466255188,-0.3072393536567688,-0.5071247220039368,1.425721287727356,-0.3132734000682831,1.9096657037734985,1.7024304866790771,0.18302319943904877,0.6328579187393188,-1.476619005203247,-0.5856168866157532,0.1393730789422989,0.04956673085689545,-0.1750846654176712,0.37442564964294434,0.27796781063079834,0.20710515975952148,0.01592937856912613,-0.8648474812507629,-0.2991297245025635,-0.4767596125602722,1.798822283744812,1.9757397174835205,-2.4618210792541504,-2.0246458053588867,0.1645309329032898,-0.02376611903309822,-0.10403245687484741,0.37292420864105225,0.24169433116912842,0.26137614250183105,-0.02534334361553192,-0.8764640688896179,-0.31965458393096924,-0.5593212842941284,1.885237455368042,1.976399302482605,-2.553776502609253,-2.0352745056152344,-1.7065856456756592,0.14838601648807526,0.33093830943107605,2.35080885887146,1.010491132736206,-0.2412213236093521,0.6414616107940674,0.1454911231994629,1.297405481338501,1.1630101203918457,-1.2162375450134277,-1.2671362161636353,0.07099062949419022,-0.011590351350605488
1.1,-0.0603087916970253,-0.36675360798835754,-1.4386225938796997,2.880567789077759,0.09361891448497772,-0.07269203662872314,-0.2098560333251953,0.3479273021221161,-0.9137324690818787,0.0,0.0,0.20000000298023224,0.0,0.1431124061346054,-0.020885882899165154,-0.10649166256189346,0.39147883653640747,0.25341999530792236,0.2516838610172272,-0.01813414692878723,-0.8766554594039917,-0.31884804368019104,-0.52776038646698,1.87102472782135,1.9699935913085938,-2.552187442779541,-2.0335497856140137,-2.431812286376953,0.5281745195388794,-0.6976656913757324,1.3937093019485474,0.8871243000030518,-1.30622398853302,0.8078919649124146,-0.05299396067857742,0.11288776248693466,3.3781239986419678,-1.5897796154022217,-0.3620252311229706,0.11382326483726501,0.8368690013885498,0.24964381754398346,0.18779641389846802,-0.3820893168449402,0.728521466255188,-0.3072393536567688,-0.5071247220039368,1.425721287727356,-0.3132734000682831,1.9096657037734985,1.7024304866790771,0.18302319943904877,0.6328579187393188,-1.476619005203247,-0.5856168866157532,4.921000003814697,-0.027929633855819702,0.355659157037735,-0.5622869729995728,0.5937141180038452,-0.4482612609863281,-0.8837690949440002,1.3973541259765625,-0.30030542612075806,1.699305534362793,2.011584758758545,0.26601311564445496,0.8200550675392151,-1.4694465398788452,-0.5455901026725769,0.06270413100719452,0.11369815468788147,-0.2281140685081482,0.33564135432243347,0.2320185899734497,0.08771030604839325,0.00825323536992073,-0.8565500974655151,-0.3605384826660156,-0.371283620595932,1.8039144277572632,2.0308837890625,-2.4592223167419434,-2.0096704959869385,0.1431124061346054,-0.020885882899165154,-0.10649166256189346,0.39147883653640747,0.25341999530792236,0.2516838610172272,-0.01813414692878723,-0.8766554594039917,-0.31884804368019104,-0.52776038646698,1.87102472782135,1.9699935913085938,-2.552187442779541,-2.0335497856140137,-2.431812286376953,0.5281745195388794,-0.6976656913757324,1.3937093019485474,0.8871243000030518,-1.30622398853302,0.8078919649124146,-0.05299396067857742,0.11288776248693466,3.3781239986419678,-1.5897796154022217,-0.3620252311229706,0.11382326483726501,0.8368690013885498
1.12,-0.0603087916970253,-0.36675360798835754,-1.4386225938796997,4.26929235458374,0.21286538243293762,-0.613315224647522,-0.20899458229541779,0.27864715456962585,-0.9373777508735657,0.0,0.0,0.20000000298023224,0.0,0.08392263948917389,0.0015777084045112133,-0.14097347855567932,0.39106374979019165,0.2670716345310211,0.21340805292129517,-0.012668957002460957,-0.8777683973312378,-0.33049795031547546,-0.45109471678733826,1.8499712944030762,1.97360360622406,-2.5355429649353027,-2.0181634426116943,-3.982304334640503,1.7763248682022095,-2.953381299972534,-1.7544764280319214,0.14249560236930847,-2.9403669834136963,-0.05315946787595749,-0.20944319665431976,-1.139776349067688,4.5037384033203125,-0.6735363006591797,1.1665167808532715,1.3082470893859863,1.014347791671753,-0.027929633855819702,0.355659157037735,-0.5622869729995728,0.5937141180038452,-0.4482612609863281,-0.8837690949440002,1.3973541259765625,-0.30030542612075806,1.699305534362793,2.011584758758545,0.26601311564445496,0.8200550675392151,-1.4694465398788452,-0.5455901026725769,4.901000022888184,-0.5635301470756531,0.5335446000099182,-0.8658007979393005,0.5303629636764526,-0.5337278842926025,-1.4566391706466675,1.5837990045547485,-0.32886940240859985,1.2452350854873657,2.407712697982788,0.37880802154541016,0.980846643447876,-1.369070053100586,-0.5281196236610413,-0.10953047126531601,0.1902352273464203,-0.33050721883773804,0.3004114031791687,0.1876773238182068,-0.11520463973283768,0.05102638155221939,-0.8595423698425293,-0.5047605037689209,-0.2195136398077011,1.834659218788147,2.098653554916382,-2.432828664779663,-1.9978151321411133,0.046492140740156174,0.026788486167788506,-0.17278067767620087,0.36883315443992615,0.2656698524951935,0.1834278702735901,-0.012495927512645721,-0.8775286674499512,-0.33959126472473145,-0.4179006814956665,1.8434765338897705,1.9851813316345215,-2.5229527950286865,-2.0126001834869385,-3.3528966903686523,3.1510140895843506,-3.256014108657837,-2.426488161087036,-0.3423134684562683,-3.023298501968384,0.06560749560594559,0.1972530335187912,-0.7786201238632202,2.5197839736938477,-0.604748547077179,1.1211198568344116,1.1860088109970093,0.25315603613853455
1.141,-0.0600702241063118,-0.3650374412536621,-1.6918678283691406,5.583360195159912,0.19969643652439117,-1.2524323463439941,-0.208981454372406,0.18345312774181366,-0.9605579972267151,0.0,0.0,0.20000000298023224,0.0,0.0021662141662091017,0.0610152930021286,-0.22068798542022705,0.33537042140960693,0.2646687924861908,0.1382240355014801,-0.009388617239892483,-0.881774365901947,-0.37443065643310547,-0.35782772302627563,1.842736840248108,2.009711980819702,-2.505188465118408,-2.0069446563720703,-5.721737384796143,3.6284232139587402,-5.88114595413208,-4.356764316558838,-0.24527618288993835,-5.76985502243042,0.416718989610672,-0.7799403667449951,-5.085244178771973,7.752796173095703,0.03607919067144394,3.2465951442718506,2.2286858558654785,0.9785732626914978,-0.5635301470756531,0.5335446000099182,-0.8658007979393005,0.5303629636764526,-0.5337278842926025,-1.4566391706466675,1.5837990045547485,-0.32886940240859985,1.2452350854873657,2.407712697982788,0.37880802154541016,0.980846643447876,-1.369070053100586,-0.5281196236610413,4.88100004196167,-1.0630494356155396,0.42825162410736084,-1.1871947050094604,0.5942636132240295,-0.541485071182251,-1.9374759197235107,1.6703401803970337,-0.3155454397201538,0.8732154369354248,2.6342859268188477,0.45883694291114807,0.6954708695411682,-1.2648171186447144,-0.27318277955055237,-0.320527583360672,0.20218051970005035,-0.46205228567123413,0.29877161979675293,0.16356739401817322,-0.33687129616737366,0.09404824674129486,-0.8577075004577637,-0.6698763966560364,-0.08698534220457077,1.8700388669967651,2.06119441986084,-2.393568515777588,-1.9281532764434814,-0.058921750634908676,0.10375075787305832,-0.2779059410095215,0.28919899463653564,0.2562572658061981,0.07908441871404648,-0.005676701199263334,-0.8859714865684509,-0.41740819811820984,-0.2999310791492462,1.8398452997207642,2.0396625995635986,-2.488525629043579,-2.0004231929779053,-6.062651634216309,4.889682292938232,-5.351116180419922,-4.47757625579834,-1.2757288217544556,-5.932302951812744,0.2818189859390259,-0.1121288314461708,-3.655247449874878,4.367521286010742,-0.4854857623577118,2.748446464538574,1.1622251272201538,0.36303362250328064
1.16,-0.0600702241063118,-0.3650374412536621,-1.6918678283691406,6.745140552520752,0.36540037393569946,-1.6178553104400635,-0.20656102895736694,0.062391046434640884,-0.9764424562454224,0.0,0.0,0.20000000298023224,0.0,-0.12792335450649261,0.1536654233932495,-0.34277206659317017,0.23833465576171875,0.24150967597961426,0.00323524815030396,-0.0032408894039690495,-0.8872334957122803,-0.47295650839805603,-0.23169060051441193,1.839013695716858,2.047551155090332,-2.467146396636963,-1.9482964277267456,-8.645730018615723,4.509620666503906,-7.91430139541626,-5.662623882293701,-1.2693415880203247,-8.876993179321289,0.1487620621919632,-0.3491533398628235,-8.171342849731445,8.269241333007812,0.32982170581817627,0.7151815295219421,3.30959153175354,6.351815700531006,-1.0630494356155396,0.42825162410736084,-1.1871947050094604,0.5942636132240295,-0.541485071182251,-1.9374759197235107,1.6703401803970337,-0.3155454397201538,0.8732154369354248,2.6342859268188477,0.45883694291114807,0.6954708695411682,-1.2648171186447144,-0.27318277955055237,4.861000061035156,-1.027029037475586,0.10163192451000214,-1.4476149082183838,0.5722042322158813,-0.47364264726638794,-2.0132973194122314,1.77729070186615,-0.3840410113334656,0.6893326044082642,2.720069408416748,0.6942005753517151,0.3868280053138733,-1.3130725622177124,-0.01752464473247528,-0.4170210361480713,0.1264982372522354,-0.5929298400878906,0.2924368679523468,0.1684730350971222,-0.4666599631309509,0.14229682087898254,-0.8739140033721924,-0.7984050512313843,0.0007246769964694977,1.9465696811676025,1.9653041362762451,-2.386002540588379,-1.829407811164856,-0.12792335450649261,0.1536654233932495,-0.34277206659317017,0.23833465576171875,0.24150967597961426,0.00323524815030396,-0.0032408894039690495,-0.8872334957122803,-0.47295650839805603,-0.23169060051441193,1.839013695716858,2.047551155090332,-2.467146396636963,-1.9482964277267456,-8.645730018615723,4.509620666503906,-7.91430139541626,-5.662623882293701,-1.2693415880203247,-8.876993179321289,0.1487620621919632,-0.3491533398628235,-8.171342849731445,8.269241333007812,0.32982170581817627,0.7151815295219421,3.30959153175354,6.351815700531006
1.183,-0.05512605980038643,-0.29506057500839233,-2.050485610961914,3.363367795944214,1.543120265007019,-1.4613680839538574,-0.18470370769500732,-0.0865265503525734,-0.9789778590202332,0.0,0.0,0.20000000298023224,0.0,-0.32565009593963623,0.23693369328975677,-0.5199562311172485,0.12918145954608917,0.20505961775779724,-0.18491056561470032,0.008697213605046272,-0.9079439043998718,-0.624947726726532,-0.10860752314329147,1.8490911722183228,2.1302871704101562,-2.4023044109344482,-2.0483689308166504,-10.141938209533691,3.6224093437194824,-9.905034065246582,-5.199482440948486,-1.988166332244873,-10.156336784362793,1.1132606267929077,-3.2370765209198,-8.202446937561035,5.29455041885376,1.5093655586242676,4.613397598266602,2.0202138423919678,-3.9995784759521484,-1.027029037475586,0.10163192451000214,-1.4476149082183838,0.5722042322158813,-0.47364264726638794,-2.0132973194122314,1.77729070186615,-0.3840410113334656,0.6893326044082642,2.720069408416748,0.6942005753517151,0.3868280053138733,-1.3130725622177124,-0.01752464473247528,4.840000152587891,-0.30860477685928345,-0.7061920762062073,-1.0505127906799316,0.8195613026618958,0.149919331073761,-1.281854510307312,1.7789747714996338,-0.17625173926353455,1.4972273111343384,2.409166097640991,0.8730989098548889,-0.06648433208465576,-1.6560097932815552,0.055964794009923935,-0.2856616973876953,-0.11329890042543411,-0.5590931177139282,0.35110875964164734,0.3268163502216339,-0.3486936092376709,0.16684211790561676,-0.830069899559021,-0.6606956720352173,-0.03314614295959473,2.02955961227417,1.8040310144424438,-2.467953681945801,-1.7616627216339111,-0.41312605142593384,0.2760270833969116,-0.6032882332801819,0.09199235588312149,0.18099704384803772,-0.2803974747657776,0.02230900712311268,-0.9421769976615906,-0.6911457777023315,-0.07407985627651215,1.8651678562164307,2.169922113418579,-2.391493558883667,-2.0805389881134033,-7.324223518371582,4.189237594604492,-6.597214698791504,-2.3278257846832275,-2.6155505180358887,-8.943370819091797,1.5384653806686401,-3.416893720626831,-5.510174751281738,2.319395065307617,1.563198447227478,2.881542682647705,0.5124407410621643,-1.9062790870666504
1.201,-0.05512605980038643,-0.29506057500839233,-2.050485610961914,-2.846668243408203,2.3439323902130127,-0.45317506790161133,-0.15477117896080017,-0.09014716744422913,-0.9838289618492126,0.0,0.0,0.20000000298023224,0.0,-0.45593497157096863,0.31889739632606506,-0.6393412947654724,0.09415742754936218,0.1557707041501999,-0.34841591119766235,0.04486188292503357,-0.9683104753494263,-0.71502286195755,-0.08329395949840546,1.8885958194732666,2.1844491958618164,-2.4370367527008057,-2.092632532119751,-1.2567479610443115,3.8287100791931152,-0.7032344341278076,2.4364893436431885,-1.891398310661316,-5.064788341522217,2.7079896926879883,-1.684973955154419,0.12091922760009766,-1.7048412561416626,3.1619176864624023,-0.8835772275924683,-8.2263765335083,0.8620314002037048,-0.30860477685928345,-0.7061920762062073,-1.0505127906799316,0.8195613026618958,0.149919331073761,-1.281854510307312,1.7789747714996338,-0.17625173926353455,1.4972273111343384,2.409166097640991,0.8730989098548889,-0.06648433208465576,-1.6560097932815552,0.055964794009923935,4.821000099182129,0.4228366017341614,-0.8336296677589417,-0.4136822819709778,0.9882827997207642,-0.10162316262722015,-0.27808547019958496,2.255915880203247,-0.08622486144304276,2.275601863861084,1.6404063701629639,0.7360796928405762,0.18845361471176147,-1.8256816864013672,-0.3101169168949127,-0.03712169826030731,-0.26505687832832336,-0.38296711444854736,0.4226250648498535,0.3431023955345154,-0.03876817226409912,0.2983500361442566,-0.7856411933898926,-0.3972473740577698,-0.24227148294448853,2.036799669265747,1.7871289253234863,-2.551347255706787,-1.8193106651306152,-0.4387796223163605,0.33833059668540955,-0.6291833519935608,0.12690363824367523,0.17351381480693817,-0.3797401189804077,0.0738377571105957,-0.9819862842559814,-0.7630453109741211,-0.08425076305866241,1.9152250289916992,2.17840313911438,-2.4749982357025146,-2.0811402797698975,2.846226215362549,3.353182315826416,1.5147587060928345,3.206859827041626,4.170932292938232,-1.5843480825424194,3.469905138015747,-1.1739484071731567,-8.109475135803223,2.3484232425689697,2.375183582305908,-0.8269176483154297,-0.8611453771591187,3.3222923278808594
1.22,0.3570433557033539,0.3972247242927551,-1.4953962564468384,-4.382216930389404,-0.5400308966636658,1.4857584238052368,-0.1454690545797348,-0.03719053044915199,-0.9886635541915894,0.0,0.0,0.20000000298023224,0.0,-0.4076542556285858,0.3511470854282379,-0.5950430035591125,0.16817410290241241,0.20327042043209076,-0.355314165353775,0.11585043370723724,-0.976157546043396,-0.8111470937728882,-0.13003884255886078,1.9433811902999878,2.170764207839966,-2.515608787536621,-2.0626590251922607,4.151135444641113,-0.7729315757751465,6.799462795257568,5.650960922241211,0.6501213908195496,6.140958309173584,5.151573181152344,2.692286729812622,0.4640848636627197,-8.797097206115723,2.7018649578094482,-2.3534634113311768,-7.55088996887207,2.0169830322265625,0.4228366017341614,-0.8336296677589417,-0.4136822819709778,0.9882827997207642,-0.10162316262722015,-0.27808547019958496,2.255915880203247,-0.08622486144304276,2.275601863861084,1.6404063701629639,0.7360796928405762,0.18845361471176147,-1.8256816864013672,-0.3101169168949127,4.801000118255615,0.7326599359512329,-0.04370305687189102,-0.26394951343536377,0.9159221649169922,-0.8575614094734192,-0.428264856338501,1.8420956134796143,-0.6486405730247498,2.0916850566864014,0.5501658916473389,0.4295475482940674,0.6569389700889587,-1.7103638648986816,-0.7725518345832825,0.16460412740707397,-0.14345420897006989,-0.2574709355831146,0.4402930736541748,0.16226084530353546,0.07864969968795776,0.2606489360332489,-0.9040307402610779,-0.3115024268627167,-0.6193943023681641,1.9637867212295532,1.895799160003662,-2.5642147064208984,-1.9637433290481567,-0.4076542556285858,0.3511470854282379,-0.5950430035591125,0.16817410290241241,0.20327042043209076,-0.355314165353775,0.11585043370723724,-0.976157546043396,-0.8111470937728882,-0.13003884255886078,1.9433811902999878,2.170764207839966,-2.515608787536621,-2.0626590251922607,4.151135444641113,-0.7729315757751465,6.799462795257568,5.650960922241211,0.6501213908195496,6.140958309173584,5.151573181152344,2.692286729812622,0.4640848636627197,-8.797097206115723,2.7018649578094482,-2.3534634113311768,-7.55088996887207,2.0169830322265625
1.241,0.3570433557033539,0.3972247242927551,-1.4953962564468384,-4.70404577255249,-1.5911656618118286,2.11372971534729,-0.17109458148479462,0.06434276700019836,-0.983151376247406,0.0,0.0,0.20000000298023224,0.0,-0.3127869963645935,0.24107332527637482,-0.3527348041534424,0.30871453881263733,0.17652283608913422,-0.16148746013641357,0.20538602769374847,-0.9118158221244812,-0.7001159191131592,-0.2967025637626648,1.9754538536071777,2.133375883102417,-2.5553407669067383,-2.014831781387329,5.049885272979736,-9.28620719909668,15.925487518310547,7.511476516723633,-4.019618511199951,12.648885726928711,3.2148919105529785,3.187253713607788,11.15181827545166,-14.106307029724121,0.5298455357551575,-2.2829670906066895,-0.03998871520161629,4.849495887756348,0.7326599359512329,-0.04370305687189102,-0.26394951343536377,0.9159221649169922,-0.8575614094734192,-0.428264856338501,1.8420956134796143,-0.6486405730247498,2.0916850566864014,0.5501658916473389,0.4295475482940674,0.6569389700889587,-1.7103638648986816,-0.7725518345832825,4.781000137329102,0.370327889919281,0.6486404538154602,-0.6855428218841553,0.9245293140411377,-0.5510863661766052,-0.6506611108779907,1.0295183658599854,-0.379452109336853,1.9794577360153198,0.3060353994369507,-0.3709394037723541,0.9016267657279968,-1.241823673248291,-0.7733553051948547,0.17488403618335724,0.09043300896883011,-0.3001211881637573,0.4512788653373718,0.1484588384628296,0.08175957202911377,0.03865407407283783,-0.8959283828735352,-0.2966867685317993,-0.8689882755279541,1.727158546447754,2.0113062858581543,-2.4535131454467773,-2.036160469055176,-0.3127869963645935,0.24107332527637482,-0.3527348041534424,0.30871453881263733,0.17652283608913422,-0.16148746013641357,0.20538602769374847,-0.9118158221244812,-0.7001159191131592,-0.2967025637626648,1.9754538536071777,2.133375883102417,-2.5553407669067383,-2.014831781387329,5.049885272979736,-9.28620719909668,15.925487518310547,7.511476516723633,-4.019618511199951,12.648885726928711,3.2148919105529785,3.187253713607788,11.15181827545166,-14.106307029724121,0.5298455357551575,-2.2829670906066895,-0.03998871520161629,4.849495887756348
1.2610000000000001,0.19892507791519165,0.4656062126159668,-1.3215628862380981,-3.890903949737549,-0.3539167642593384,0.36675629019737244,-0.18702830374240875,0.1486763209104538,-0.9710385203361511,0.0,0.0,0.20000000298023224,0.0,-0.2213791310787201,-0.0076707471162080765,-0.10552946478128433,0.4371861219406128,0.10108771175146103,0.035099729895591736,0.2530035972595215,-0.8551989793777466,-0.5012047290802002,-0.5071448683738708,1.9723936319351196,2.097214698791504,-2.507510185241699,-1.9919142723083496,4.547802925109863,-12.184165000915527,7.819436550140381,5.750975131988525,-3.12139892578125,7.856306552886963,1.3635910749435425,2.3580918312072754,7.6471781730651855,-13.384480476379395,-2.4045393466949463,-1.0485179424285889,11.497050285339355,-6.226943492889404,0.370327889919281,0.6486404538154602,-0.6855428218841553,0.9245293140411377,-0.5510863661766052,-0.6506611108779907,1.0295183658599854,-0.379452109336853,1.9794577360153198,0.3060353994369507,-0.3709394037723541,0.9016267657279968,-1.241823673248291,-0.7733553051948547,4.761000156402588,0.20020921528339386,0.828446626663208,-0.6678712368011475,0.9851543307304382,-0.480814665555954,-0.32730329036712646,0.5459954142570496,-0.32049474120140076,2.1942365169525146,0.42382100224494934,-0.06411577761173248,0.9732842445373535,-1.2296395301818848,-0.9629221558570862,0.13749432563781738,0.25232815742492676,-0.3170284032821655,0.4719280004501343,0.15912574529647827,0.16415396332740784,-0.19322410225868225,-0.8771378993988037,-0.23558425903320312,-0.9643388986587524,1.685550332069397,2.0869741439819336,-2.3951163291931152,-2.119760751724243,-0.17015516757965088,-0.10483771562576294,-0.06250372529029846,0.48665815591812134,0.08085110783576965,0.08986511081457138,0.27068644762039185,-0.8422231078147888,-0.44768577814102173,-0.6208990216255188,1.9420195817947388,2.071566581726074,-2.4352922439575195,-2.0227341651916504,5.617894649505615,-7.519552707672119,1.4811902046203613,4.385839462280273,-1.3720762729644775,3.643024444580078,2.0132110118865967,0.4954909086227417,4.050814628601074,-9.616046905517578,-3.129638910293579,-3.1673853397369385,3.21050763130188,-1.5156432390213013
1.28,0.19892507791519165,0.4656062126159668,-1.3215628862380981,-5.030770301818848,0.27992933988571167,-1.6576720476150513,-0.18997956812381744,0.22959186136722565,-0.9545655250549316,0.0,0.0,0.20000000298023224,0.0,-0.10792616754770279,-0.14652900397777557,-0.06970442086458206,0.5317363739013672,0.06601376086473465,0.12322182953357697,0.2779759466648102,-0.8377504348754883,-0.4044796824455261,-0.7333847880363464,1.9085631370544434,2.0601296424865723,-2.37768292427063,-2.10032320022583,6.879268169403076,-0.9687655568122864,-2.199763536453247,4.362216949462891,-1.4840251207351685,2.466660261154175,-0.7834159135818481,-0.05855884402990341,4.282736778259277,-10.155585289001465,-2.8224732875823975,-1.1384238004684448,5.122149467468262,-6.375205039978027,0.20020921528339386,0.828446626663208,-0.6678712368011475,0.9851543307304382,-0.480814665555954,-0.32730329036712646,0.5459954142570496,-0.32049474120140076,2.1942365169525146,0.42382100224494934,-0.06411577761173248,0.9732842445373535,-1.2296395301818848,-0.9629221558570862,4.741000175476074,0.1423202008008957,0.6426962614059448,-0.6899864077568054,1.225871205329895,-0.41285109519958496,-0.16198645532131195,0.5405136346817017,-0.27567222714424133,2.328892230987549,0.7783512473106384,0.06769255548715591,1.2340530157089233,-1.2676491737365723,-1.1747368574142456,0.10432721674442291,0.2868381440639496,-0.3310108184814453,0.5424318313598633,0.18145009875297546,0.2466803640127182,-0.31053364276885986,-0.8565369844436646,-0.17136907577514648,-0.9233816266059875,1.6976983547210693,2.190000295639038,-2.375420570373535,-2.21451473236084,-0.10792616754770279,-0.14652900397777557,-0.06970442086458206,0.5317363739013672,0.06601376086473465,0.12322182953357697,0.2779759466648102,-0.8377504348754883,-0.4044796824455261,-0.7333847880363464,1.9085631370544434,2.0601296424865723,-2.37768292427063,-2.10032320022583,6.879268169403076,-0.9687655568122864,-2.199763536453247,4.362216949462891,-1.4840251207351685,2.466660261154175,-0.7834159135818481,-0.05855884402990341,4.282736778259277,-10.155585289001465,-2.8224732875823975,-1.1384238004684448,5.122149467468262,-6.375205039978027
1.301,0.08381930738687515,0.3588302433490753,-1.22622811794281,-5.745030403137207,0.5530211329460144,-3.0604686737060547,-0.19550897181034088,0.326791375875473,-0.9246532320976257,0.0,0.0,0.20000000298023224,0.0,0.05803550034761429,-0.025270352140069008,-0.15472188591957092,0.5998172163963318,0.051553159952163696,0.1402263641357422,0.19654151797294617,-0.8565260767936707,-0.32814642786979675,-0.8570077419281006,1.872574806213379,2.0560200214385986,-2.353935956954956,-2.185215473175049,9.25364875793457,11.613408088684082,-5.110116481781006,2.969935655593872,0.10191594064235687,0.7903748750686646,-7.365224361419678,-0.821053147315979,4.702709674835205,-3.2803683280944824,-1.2748640775680542,2.807379961013794,1.6455000638961792,-9.53369426727295,0.1423202008008957,0.6426962614059448,-0.6899864077568054,1.225871205329895,-0.41285109519958496,-0.16198645532131195,0.5405136346817017,-0.27567222714424133,2.328892230987549,0.7783512473106384,0.06769255548715591,1.2340530157089233,-1.2676491737365723,-1.1747368574142456,4.7210001945495605,-0.6312466859817505,-0.27317148447036743,-0.918571949005127,1.8093103170394897,-0.21529647707939148,-0.5314245820045471,0.9602131247520447,-0.15257692337036133,1.8848505020141602,1.3152806758880615,0.042556390166282654,0.913102388381958,-1.3769594430923462,-1.1411374807357788,-0.10564806312322617,0.07512620091438293,-0.3951483964920044,0.7235435247421265,0.24200092256069183,0.1955840289592743,-0.2642635107040405,-0.8154627084732056,-0.25027191638946533,-0.7686706781387329,1.6974883079528809,2.161275863647461,-2.392899990081787,-2.2534918785095215,0.14440780878067017,0.10431566089391708,-0.21239255368709564,0.6119715571403503,0.06427587568759918,0.15241718292236328,0.11014655977487564,-0.8701359629631042,-0.28266310691833496,-0.8858309388160706,1.8522220849990845,2.080575704574585,-2.3466763496398926,-2.224606990814209,7.646464824676514,13.452641487121582,-6.323680400848389,-0.4013322591781616,2.181330919265747,1.53696608543396,-9.43853759765625,-1.6242303848266602,4.17577600479126,-2.299196481704712,-2.835850954055786,2.420086145401001,-0.05596204474568367,-0.8658149838447571
1.321,0.08381930738687515,0.3588302433490753,-1.22622811794281,0.5895302295684814,0.8284305334091187,-2.8823976516723633,-0.20695960521697998,0.3790798485279083,-0.9019235968589783,0.0,0.0,0.20000000298023224,0.0,0.18673023581504822,0.22182685136795044,-0.20691654086112976,0.5990009307861328,0.09874587506055832,0.16546617448329926,0.06709842383861542,-0.8773607611656189,-0.27283817529678345,-0.871503472328186,1.8944014310836792,2.1070830821990967,-2.3003101348876953,-2.2463769912719727,-1.0538992881774902,7.685812473297119,-3.7222280502319336,-3.4830093383789062,4.11360502243042,0.6132602095603943,-2.7253036499023438,-0.49211856722831726,0.1402764469385147,4.5070366859436035,2.6991257667541504,3.049478769302368,-4.781157493591309,-3.956686496734619,-0.6312466859817505,-0.27317148447036743,-0.918571949005127,1.8093103170394897,-0.21529647707939148,-0.5314245820045471,0.9602131247520447,-0.15257692337036133,1.8848505020141602,1.3152806758880615,0.042556390166282654,0.913102388381958,-1.3769594430923462,-1.1411374807357788,4.701000213623047,-0.7678380608558655,-0.2915555238723755,-0.6796812415122986,1.7076959609985352,-0.3236868977546692,-0.9689789414405823,1.6706554889678955,-0.4096015393733978,1.463397741317749,1.66010582447052,0.6254653334617615,0.9637608528137207,-1.4930753707885742,-0.8521907329559326,-0.24478355050086975,-0.035325780510902405,-0.36749452352523804,0.788695752620697,0.2451787292957306,0.060647279024124146,-0.06351786851882935,-0.8591817617416382,-0.39508652687072754,-0.6051088571548462,1.8431105613708496,2.1595780849456787,-2.430668830871582,-2.2007436752319336,0.18673023581504822,0.22182685136795044,-0.20691654086112976,0.5990009307861328,0.09874587506055832,0.16546617448329926,0.06709842383861542,-0.8773607611656189,-0.27283817529678345,-0.871503472328186,1.8944014310836792,2.1070830821990967,-2.3003101348876953,-2.2463769912719727,-1.0538992881774902,7.685812473297119,-3.7222280502319336,-3.4830093383789062,4.11360502243042,0.6132602095603943,-2.7253036499023438,-0.49211856722831726,0.1402764469385147,4.5070366859436035,2.6991257667541504,3.049478769302368,-4.781157493591309,-3.956686496734619
1.341,0.08459409326314926,0.38248005509376526,-1.2605427503585815,3.220935583114624,1.0330101251602173,-1.5638912916183472,-0.20529460906982422,0.3178095519542694,-0.9256625771522522,0.0,0.0,0.20000000298023224,0.0,-0.014164699241518974,0.21000783145427704,-0.3518553674221039,0.5197678804397583,0.17238447070121765,0.16849830746650696,-0.025227447971701622,-0.9057687520980835,-0.29958951473236084,-0.7639617919921875,1.875665545463562,2.173480987548828,-2.415262460708618,-2.214409828186035,-15.401490211486816,-6.310719966888428,-7.493130683898926,-1.0284764766693115,3.187636375427246,-1.3858730792999268,-5.348570823669434,-1.8504478931427002,-3.8015971183776855,8.015073776245117,-2.5144755840301514,3.7298405170440674,-5.634833812713623,4.155151844024658,-0.7678380608558655,-0.2915555238723755,-0.6796812415122986,1.7076959609985352,-0.3236868977546692,-0.9689789414405823,1.6706554889678955,-0.4096015393733978,1.463397741317749,1.66010582447052,0.6254653334617615,0.9637608528137207,-1.4930753707885742,-0.8521907329559326,4.681000232696533,0.3265533447265625,-0.08413361012935638,-0.8562287092208862,1.6727814674377441,-0.12835516035556793,-0.7878161668777466,1.070259690284729,-0.4051273465156555,1.6593750715255737,1.3056139945983887,0.5822580456733704,1.3169751167297363,-1.7973400354385376,-0.8952480554580688,-0.04075343906879425,-0.0386962927877903,-0.3978044390678406,0.8125432729721069,0.2956005930900574,0.038469597697257996,-0.11324399709701538,-0.8799226880073547,-0.41849949955940247,-0.6119509339332581,1.905119776725769,2.247032642364502,-2.5256195068359375,-2.185133934020996,-0.014164699241518974,0.21000783145427704,-0.3518553674221039,0.5197678804397583,0.17238447070121765,0.16849830746650696,-0.025227447971701622,-0.9057687520980835,-0.29958951473236084,-0.7639617919921875,1.875665545463562,2.173480987548828,-2.415262460708618,-2.214409828186035,-15.401490211486816,-6.310719966888428,-7.493130683898926,-1.0284764766693115,3.187636375427246,-1.3858730792999268,-5.348570823669434,-1.8504478931427002,-3.8015971183776855,8.015073776245117,-2.5144755840301514,3.7298405170440674,-5.634833812713623,4.155151844024658
1.363,0.08459409326314926,0.38248005509376526,-1.2605427503585815,-2.095046281814575,1.1968581676483154,-1.0380796194076538,-0.19041386246681213,0.3015245795249939,-0.9342513084411621,0.0,0.0,0.20000000298023224,0.0,-0.2805127501487732,0.06877661496400833,-0.4176253080368042,0.6406949162483215,0.21586361527442932,0.1325187087059021,-0.12801241874694824,-0.9109677672386169,-0.3731689453125,-0.6644242405891418,1.8378238677978516,2.2255375385284424,-2.4927401542663574,-2.1893274784088135,-7.211831092834473,-5.301421642303467,0.23011378943920135,12.960866928100586,1.8394725322723389,-2.4683096408843994,-4.755669116973877,0.1689453125,-3.180727958679199,2.7300002574920654,0.9518147110939026,2.132021903991699,-9.057498931884766,1.6016968488693237,0.3265533447265625,-0.08413361012935638,-0.8562287092208862,1.6727814674377441,-0.12835516035556793,-0.7878161668777466,1.070259690284729,-0.4051273465156555,1.6593750715255737,1.3056139945983887,0.5822580456733704,1.3169751167297363,-1.7973400354385376,-0.8952480554580688,4.658999919891357,0.600597620010376,0.38903743028640747,-1.0050642490386963,1.38108491897583,-0.28320005536079407,-0.2352219969034195,1.134705901145935,-0.6232674717903137,2.047628164291382,0.9212738275527954,0.09050894528627396,1.4007911682128906,-1.6611721515655518,-0.8129837512969971,0.12977269291877747,0.07791121304035187,-0.45016828179359436,0.751542866230011,0.28210029006004333,0.1655293107032776,-0.12199550867080688,-0.9448281526565552,-0.3331426978111267,-0.7114570140838623,1.8131871223449707,2.3117141723632812,-2.539052724838257,-2.1567628383636475,-0.31170764565467834,0.02789893001317978,-0.4013371765613556,0.7824004292488098,0.23280535638332367,0.10678667575120926,-0.16743187606334686,-0.8977724313735962,-0.3941163718700409,-0.6431072950363159,1.844935655593872,2.2317984104156494,-2.5435397624969482,-2.179826021194458,-0.09225685149431229,-3.3264267444610596,2.240729570388794,14.353570938110352,1.6867947578430176,-2.617490530014038,-3.188920497894287,2.0512263774871826,-1.58899986743927,1.6583455801010132,0.5298199653625488,-0.3631558120250702,-1.9908881187438965,0.46272748708724976
1.38,0.189584419131279,0.4320347011089325,-1.7303214073181152,-3.916114091873169,1.1274253129959106,-2.6012141704559326,-0.1805633306503296,0.355258971452713,-0.9171630144119263,0.0,0.0,0.20000000298023224,0.0,-0.2803072929382324,0.005689437035471201,-0.3865145146846771,0.9105773568153381,0.24237537384033203,0.09146136045455933,-0.184396430850029,-0.8837165832519531,-0.3805241882801056,-0.66266268491745,1.8407872915267944,2.2312519550323486,-2.551837205886841,-2.157865285873413,6.171500205993652,-0.7364068627357483,0.5703262090682983,11.010454177856445,0.9428654909133911,-0.9028427600860596,-0.34351593255996704,0.972886323928833,1.9093849658966064,-3.20849347114563,-1.2563952207565308,0.38524845242500305,-0.46864601969718933,2.5308005809783936,0.600597620010376,0.38903743028640747,-1.0050642490386963,1.38108491897583,-0.28320005536079407,-0.2352219969034195,1.134705901145935,-0.6232674717903137,2.047628164291382,0.9212738275527954,0.09050894528627396,1.4007911682128906,-1.6611721515655518,-0.8129837512969971,4.640999794006348,-0.07383066415786743,0.6812371015548706,-0.7189459800720215,1.4676363468170166,-0.4325922727584839,-0.33442866802215576,0.7090156078338623,-0.7753287553787231,2.3280014991760254,1.2175593376159668,0.04448166489601135,1.6517096757888794,-1.3232436180114746,-0.929099440574646,0.046428680419921875,0.209264874458313,-0.40482062101364136,0.742680549621582,0.23800207674503326,0.20425748825073242,-0.23279383778572083,-1.015296220779419,-0.22037097811698914,-0.6871386766433716,1.755713939666748,2.4067845344543457,-2.461287260055542,-2.1716063022613525,-0.2803072929382324,0.005689437035471201,-0.3865145146846771,0.9105773568153381,0.24237537384033203,0.09146136045455933,-0.184396430850029,-0.8837165832519531,-0.3805241882801056,-0.66266268491745,1.8407872915267944,2.2312519550323486,-2.551837205886841,-2.157865285873413,6.171500205993652,-0.7364068627357483,0.5703262090682983,11.010454177856445,0.9428654909133911,-0.9028427600860596,-0.34351593255996704,0.972886323928833,1.9093849658966064,-3.20849347114563,-1.2563952207565308,0.38524845242500305,-0.46864601969718933,2.5308005809783936
1.401,0.189584419131279,0.4320347011089325,-1.7303214073181152,-2.352524518966675,0.8439062833786011,-4.0481696128845215,-0.18467126786708832,0.4145469665527344,-0.8910933136940002,0.0,0.0,0.20000000298023224,0.0,-0.046858713030815125,0.0432681106030941,-0.41256847977638245,1.0149909257888794,0.26188036799430847,0.07665416598320007,-0.17021003365516663,-0.872465968132019,-0.33477431535720825,-0.6911386251449585,1.8074617385864258,2.2459046840667725,-2.5131442546844482,-2.1589438915252686,13.489981651306152,3.5457634925842285,-2.2140581607818604,0.08401823788881302,-0.25263237953186035,-0.08316045254468918,-0.0667838379740715,-1.3503249883651733,6.124445915222168,0.11660519987344742,-2.8797056674957275,3.0441832542419434,10.227331161499023,-2.6086642742156982,-0.07383066415786743,0.6812371015548706,-0.7189459800720215,1.4676363468170166,-0.4325922727584839,-0.33442866802215576,0.7090156078338623,-0.7753287553787231,2.3280014991760254,1.2175593376159668,0.04448166489601135,1.6517096757888794,-1.3232436180114746,-0.929099440574646,4.619999885559082,-1.19064462184906,0.15840430557727814,-0.4855353832244873,1.6399410963058472,-0.6425198912620544,-0.49781930446624756,0.47631070017814636,-0.21189910173416138,1.8281174898147583,1.468396544456482,0.3953007161617279,1.0691810846328735,-1.3050551414489746,-0.8376927375793457,-0.2744468152523041,0.14423350989818573,-0.3237941563129425,0.7813255786895752,0.1634710729122162,0.1827739179134369,-0.346369206905365,-0.9096728563308716,-0.2889561057090759,-0.6122702360153198,1.814682126045227,2.308687686920166,-2.4178574085235596,-2.1561763286590576,0.004455192014575005,0.0747804343700409,-0.4434586465358734,0.9736208319664001,0.26409992575645447,0.0913592129945755,-0.1566799134016037,-0.8908917307853699,-0.3010439872741699,-0.6954664587974548,1.7986215353012085,2.2797460556030273,-2.4827773571014404,-2.167940139770508,3.3214519023895264,3.257096767425537,-3.20377516746521,-7.00407600402832,0.09976319968700409,2.0905981063842773,2.2342939376831055,-2.1249661445617676,3.853445053100586,-0.23655718564987183,0.8768678903579712,3.0759449005126953,-1.1779102087020874,0.07307736575603485
1.42,0.03848890960216522,0.5693443417549133,-1.3537178039550781,1.2099217176437378,0.8446831703186035,-3.3919339179992676,-0.2053169161081314,0.4099682867527008,-0.8886905908584595,0.0,0.0,0.20000000298023224,0.0,0.02551703341305256,0.10041311383247375,-0.48031386733055115,0.8756417632102966,0.2663378417491913,0.10596182942390442,-0.15478456020355225,-0.9053596258163452,-0.2714565396308899,-0.6705648303031921,1.8199148178100586,2.286210536956787,-2.4708919525146484,-2.1563608646392822,-0.20501427352428436,1.0900015830993652,-4.159540176391602,-11.525578498840332,0.13936343789100647,1.5860917568206787,-1.9091153144836426,-0.8715547323226929,1.486769199371338,2.5634405612945557,3.113776445388794,-0.6774021983146667,3.640505313873291,0.8466054201126099,-1.19064462184906,0.15840430557727814,-0.4855353832244873,1.6399410963058472,-0.6425198912620544,-0.49781930446624756,0.47631070017814636,-0.21189910173416138,1.8281174898147583,1.468396544456482,0.3953007161617279,1.0691810846328735,-1.3050551414489746,-0.8376927375793457,4.60099983215332,-0.48545485734939575,0.053342681378126144,-0.33864372968673706,1.3471102714538574,-0.2568304240703583,-0.6354295015335083,0.9597384929656982,-0.3020396828651428,1.4715312719345093,1.4037379026412964,0.8721568584442139,0.826712965965271,-1.227650761604309,-0.8222434520721436,-0.258587121963501,0.08545242249965668,-0.24655801057815552,0.727440357208252,0.2226279228925705,0.13762958347797394,-0.2822999656200409,-0.8793963193893433,-0.4123952388763428,-0.5910006761550903,1.9633803367614746,2.199022054672241,-2.376791477203369,-2.144598960876465,0.02551703341305256,0.10041311383247375,-0.48031386733055115,0.8756417632102966,0.2663378417491913,0.10596182942390442,-0.15478456020355225,-0.9053596258163452,-0.2714565396308899,-0.6705648303031921,1.8199148178100586,2.286210536956787,-2.4708919525146484,-2.1563608646392822,-0.20501427352428436,1.0900015830993652,-4.159540176391602,-11.525578498840332,0.13936343789100647,1.5860917568206787,-1.9091153144836426,-0.8715547323226929,1.486769199371338,2.5634405612945557,3.113776445388794,-0.6774021983146667,3.640505313873291,0.8466054201126099
1.44,0.03848890960216522,0.5693443417549133,-1.3537178039550781,-0.3717716932296753,1.1172945499420166,-1.7726026773452759,-0.2082972675561905,0.38058581948280334,-0.9009809494018555,0.0,0.0,0.20000000298023224,0.0,-0.0856684148311615,0.09321559220552444,-0.5586572289466858,0.6568955779075623,0.25605836510658264,0.14170485734939575,-0.2175912857055664,-0.909791111946106,-0.31239476799964905,-0.6171068549156189,1.8784879446029663,2.2572872638702393,-2.375220775604248,-2.1475563049316406,-7.547680854797363,-0.20888282358646393,-2.2768146991729736,-8.088732719421387,-0.9311618804931641,1.704222559928894,-3.865164279937744,0.99041348695755,-4.093597888946533,1.8145052194595337,3.417001485824585,-2.8893561363220215,4.596567153930664,0.17762550711631775,-0.48545485734939575,0.053342681378126144,-0.33864372968673706,1.3471102714538574,-0.2568304240703583,-0.6354295015335083,0.9597384929656982,-0.3020396828651428,1.4715312719345093,1.4037379026412964,0.8721568584442139,0.826712965965271,-1.227650761604309,-0.8222434520721436,4.580999851226807,0.35515105724334717,-0.12111860513687134,-0.3803848624229431,1.084293007850647,-0.23675580322742462,-0.4999011754989624,1.148314118385315,-0.4862273931503296,1.8417702913284302,1.077871561050415,0.9863952398300171,1.0275154113769531,-1.5999013185501099,-0.903972327709198,-0.040505796670913696,0.012446559965610504,-0.21837522089481354,0.6347934007644653,0.25722500681877136,0.14893949031829834,-0.20312143862247467,-0.9103050231933594,-0.38155505061149597,-0.6618324518203735,2.066288948059082,2.194389820098877,-2.4493210315704346,-2.159242630004883,-0.0856684148311615,0.09321559220552444,-0.5586572289466858,0.6568955779075623,0.25605836510658264,0.14170485734939575,-0.2175912857055664,-0.909791111946106,-0.31239476799964905,-0.6171068549156189,1.8784879446029663,2.2572872638702393,-2.375220775604248,-2.1475563049316406,-7.547680854797363,-0.20888282358646393,-2.2768146991729736,-8.088732719421387,-0.9311618804931641,1.704222559928894,-3.865164279937744,0.99041348695755,-4.093597888946533,1.8145052194595337,3.417001485824585,-2.8893561363220215,4.596567153930664,0.17762550711631775
1.46,-0.010686986148357391,0.6297338604927063,-1.6076440811157227,-5.061203479766846,1.612360954284668,-0.8313953876495361,-0.19296930730342865,0.4286315143108368,-0.882631242275238,0.0,0.0,0.20000000298023224,0.0,-0.18804803490638733,0.12537896633148193,-0.5315942168235779,0.6217988729476929,0.22500847280025482,0.17474471032619476,-0.2674765884876251,-0.893841564655304,-0.35798877477645874,-0.6244287490844727,1.95065176486969,2.214902639389038,-2.404024839401245,-2.157121181488037,-0.7004596590995789,2.6859776973724365,4.458993911743164,2.4641263484954834,-1.3396720886230469,1.1533273458480835,-0.9416011571884155,0.5628989338874817,-1.498192548751831,-1.3057440519332886,3.6706624031066895,-2.0310275554656982,-4.28446102142334,-0.7768633365631104,0.35515105724334717,-0.12111860513687134,-0.3803848624229431,1.084293007850647,-0.23675580322742462,-0.4999011754989624,1.148314118385315,-0.4862273931503296,1.8417702913284302,1.077871561050415,0.9863952398300171,1.0275154113769531,-1.5999013185501099,-0.903972327709198,4.560999870300293,0.5945611000061035,-0.03707931190729141,-0.3422240614891052,1.2758780717849731,-0.80622798204422,-0.19811581075191498,1.3232934474945068,-0.48913854360580444,2.439589262008667,0.5762353539466858,0.7855337262153625,1.0949292182922363,-1.6976741552352905,-0.911645770072937,0.12838737666606903,-0.003046547994017601,-0.19474363327026367,0.6363662481307983,0.13215550780296326,0.2300407886505127,-0.11978734284639359,-0.926487147808075,-0.21668021380901337,-0.8226574063301086,2.0675277709960938,2.2089271545410156,-2.5100290775299072,-2.168482780456543,-0.18804803490638733,0.12537896633148193,-0.5315942168235779,0.6217988729476929,0.22500847280025482,0.17474471032619476,-0.2674765884876251,-0.893841564655304,-0.35798877477645874,-0.6244287490844727,1.95065176486969,2.214902639389038,-2.404024839401245,-2.157121181488037,-0.7004596590995789,2.6859776973724365,4.458993911743164,2.4641263484954834,-1.3396720886230469,1.1533273458480835,-0.9416011571884155,0.5628989338874817,-1.498192548751831,-1.3057440519332886,3.6706624031066895,-2.0310275554656982,-4.28446102142334,-0.7768633365631104
1.4809999999999999,-0.010686986148357391,0.6297338604927063,-1.6076440811157227,-2.201232433319092,-1.0870556831359863,-0.8723673224449158,-0.20533861219882965,0.46952205896377563,-0.858711302280426,0.0,0.0,0.20000000298023224,0.0,-0.1337967813014984,0.12859714031219482,-0.4894188940525055,0.6543556451797485,0.2222808450460434,0.20757433772087097,-0.23178312182426453,-0.8902130722999573,-0.3451877534389496,-0.6716611385345459,1.9955418109893799,2.218440532684326,-2.493387460708618,-2.1643455028533936,2.9357714653015137,-2.2695999145507812,0.4103423058986664,0.3876774311065674,-1.154943585395813,3.133307695388794,4.07833194732666,0.29984354972839355,5.581015110015869,-6.185060024261475,1.4861493110656738,0.9232594966888428,-4.150768280029297,0.5024619698524475,0.5945611000061035,-0.03707931190729141,-0.3422240614891052,1.2758780717849731,-0.80622798204422,-0.19811581075191498,1.3232934474945068,-0.48913854360580444,2.439589262008667,0.5762353539466858,0.7855337262153625,1.0949292182922363,-1.6976741552352905,-0.911645770072937,4.540999889373779,0.5157318711280823,0.3119320273399353,-0.05164186656475067,1.1351497173309326,-0.3944289982318878,-0.29691898822784424,0.9678405523300171,-0.6353769898414612,2.2045600414276123,0.5932258367538452,0.460255891084671,0.7814404964447021,-1.379720687866211,-0.8459444642066956,0.1931266486644745,0.07645973563194275,-0.1102822870016098,0.6019705533981323,0.17257049679756165,0.24589064717292786,-0.16698351502418518,-0.9711377620697021,-0.19300010800361633,-0.8988222479820251,1.9868278503417969,2.1378235816955566,-2.4608945846557617,-2.156677484512329,-0.10271187126636505,0.10286078602075577,-0.4809657037258148,0.6613304018974304,0.2121497243642807,0.23171117901802063,-0.19290883839130402,-0.8836876153945923,-0.2893238663673401,-0.72074955701828,2.016601800918579,2.2195863723754883,-2.530578851699829,-2.1616129875183105,3.7561941146850586,-2.561309814453125,1.5585668087005615,1.3890856504440308,-0.9316959977149963,1.703253149986267,3.3956680297851562,0.7631170749664307,5.242389678955078,-4.061917781829834,2.871177911758423,-0.5801442265510559,-3.5798778533935547,0.0006405253661796451
1.5,-0.1885850578546524,0.40083441138267517,-1.103864312171936,-3.932934522628784,-0.7657225728034973,-0.5318284034729004,-0.22976712882518768,0.5177851915359497,-0.8240786194801331,0.0,0.0,0.20000000298023224,0.0,-0.060371194034814835,0.08329901099205017,-0.45822349190711975,0.6737017631530762,0.20275142788887024,0.2506999969482422,-0.1670159250497818,-0.8781617283821106,-0.2391752451658249,-0.7816037535667419,2.0504941940307617,2.1943397521972656,-2.557290554046631,-2.1450209617614746,4.902271747589111,-1.0151463747024536,3.176356792449951,1.4280078411102295,-0.5045207142829895,1.3646889925003052,1.9502649307250977,0.5206415057182312,3.89650821685791,-5.229650974273682,3.5101816654205322,-3.62370228767395,-1.8137108087539673,0.9423210620880127,0.5157318711280823,0.3119320273399353,-0.05164186656475067,1.1351497173309326,-0.3944289982318878,-0.29691898822784424,0.9678405523300171,-0.6353769898414612,2.2045600414276123,0.5932258367538452,0.460255891084671,0.7814404964447021,-1.379720687866211,-0.8459444642066956,4.520999908447266,0.48903560638427734,0.1795947104692459,-0.08480268716812134,1.029787540435791,-0.6267004609107971,-0.03722479194402695,1.2173995971679688,-0.5419876575469971,2.150803565979004,0.41474321484565735,0.5647584199905396,0.7413648962974548,-1.4539190530776978,-0.9132026433944702,0.21882222592830658,0.08312854170799255,-0.07634181529283524,0.5584321618080139,0.1347101330757141,0.318739116191864,-0.12819184362888336,-0.9701157808303833,-0.19459916651248932,-0.9815253019332886,1.9726035594940186,2.0922529697418213,-2.4548768997192383,-2.1675894260406494,-0.060371194034814835,0.08329901099205017,-0.45822349190711975,0.6737017631530762,0.20275142788887024,0.2506999969482422,-0.1670159250497818,-0.8781617283821106,-0.2391752451658249,-0.7816037535667419,2.0504941940307617,2.1943397521972656,-2.557290554046631,-2.1450209617614746,4.902271747589111,-1.0151463747024536,3.176356792449951,1.4280078411102295,-0.5045207142829895,1.3646889925003052,1.9502649307250977,0.5206415057182312,3.89650821685791,-5.229650974273682,3.5101816654205322,-3.62370228767395,-1.8137108087539673,0.9423210620880127
1.52,-0.1885850578546524,0.40083441138267517,-1.103864312171936,-4.121453762054443,0.006149373482912779,-0.2787148356437683,-0.2399805635213852,0.5825039148330688,-0.7765941619873047,0.0,0.0,0.20000000298023224,0.0,0.048642974346876144,0.08100178837776184,-0.3717373311519623,0.6926054358482361,0.1981423944234848,0.27019381523132324,-0.13547003269195557,-0.8757457137107849,-0.18372072279453278,-0.885873019695282,2.0987918376922607,2.110388994216919,-2.577422618865967,-2.160175323486328,5.76505708694458,0.37354135513305664,5.357578277587891,-0.03906702995300293,-0.1498754620552063,1.018709659576416,1.2079544067382812,-0.4305756688117981,1.9713472127914429,-4.850528240203857,0.9469248056411743,-4.406245708465576,-0.10007304698228836,-1.6046407222747803,0.48903560638427734,0.1795947104692459,-0.08480268716812134,1.029787540435791,-0.6267004609107971,-0.03722479194402695,1.2173995971679688,-0.5419876575469971,2.150803565979004,0.41474321484565735,0.5647584199905396,0.7413648962974548,-1.4539190530776978,-0.9132026433944702,4.500999927520752,0.39734047651290894,0.14500583708286285,-0.0747188925743103,1.0317200422286987,-0.7729442119598389,0.02765059843659401,1.2029142379760742,-0.4009067118167877,2.240349292755127,0.4067481756210327,0.5470880270004272,0.7518796920776367,-1.43880033493042,-0.8786934018135071,0.20874622464179993,0.07781572639942169,-0.056850630789995193,0.5371460914611816,0.07921901345252991,0.3713822066783905,-0.11241734772920609,-0.9343345165252686,-0.17301225662231445,-1.0248756408691406,1.9610737562179565,2.072096347808838,-2.4480886459350586,-2.1644182205200195,0.10446488857269287,0.0829639807343483,-0.3172687888145447,0.6860884428024292,0.1972687691450119,0.27867379784584045,-0.1285993605852127,-0.8873311281204224,-0.1688385158777237,-0.9233103394508362,2.105381965637207,2.075122356414795,-2.5729122161865234,-2.169933557510376,5.399336814880371,0.010686499066650867,5.558547019958496,-1.1936959028244019,-0.04144156724214554,0.7683810591697693,0.28487637639045715,-1.6408804655075073,1.1214020252227783,-3.012753486633301,0.2695882320404053,-2.8428516387939453,1.0110596418380737,-0.5254285335540771
1.542,-0.07760389149188995,0.16409511864185333,-0.8801859617233276,-3.06695556640625,0.6061237454414368,0.1683836579322815,-0.23535306751728058,0.637137234210968,-0.7339380979537964,0.0,0.0,0.20000000298023224,0.0,0.1558796465396881,0.08030447363853455,-0.2594888210296631,0.6614957451820374,0.1871306300163269,0.2952321767807007,-0.1256464719772339,-0.8963276743888855,-0.1453390121459961,-0.9700135588645935,2.097323417663574,2.0372464656829834,-2.561629056930542,-2.1695258617401123,4.760686874389648,-0.6302029490470886,5.821909427642822,-3.1621253490448,-1.271665334701538,1.805881142616272,0.14711633324623108,-0.6877909302711487,1.8287158012390137,-3.6949498653411865,-1.383182406425476,-3.391937255859375,1.2963093519210815,-0.47686776518821716,0.39734047651290894,0.14500583708286285,-0.0747188925743103,1.0317200422286987,-0.7729442119598389,0.02765059843659401,1.2029142379760742,-0.4009067118167877,2.240349292755127,0.4067481756210327,0.5470880270004272,0.7518796920776367,-1.43880033493042,-0.8786934018135071,4.480000019073486,0.39218443632125854,0.1449667513370514,-0.18446160852909088,0.915779173374176,-0.6451519727706909,-0.01310013234615326,1.0996782779693604,-0.27423426508903503,2.177708387374878,0.5014376044273376,0.567841649055481,0.7655754685401917,-1.4988975524902344,-0.9218015670776367,0.2024192214012146,0.0751495510339737,-0.07454071938991547,0.49751782417297363,0.08342151343822479,0.3875160813331604,-0.13033908605575562,-0.8847758173942566,-0.17787903547286987,-1.0228784084320068,1.9604973793029785,2.0654420852661133,-2.459718704223633,-2.173609495162964,0.1999116837978363,0.06953645497560501,-0.2037796825170517,0.6247513890266418,0.17916159331798553,0.3127797544002533,-0.1275940239429474,-0.9080424308776855,-0.13020597398281097,-0.9938193559646606,2.080840587615967,2.0188918113708496,-2.544043779373169,-2.173403263092041,4.000975608825684,-1.383520483970642,5.310732364654541,-4.139706611633301,-0.5502333641052246,1.7996258735656738,-0.3627052307128906,-1.4053577184677124,0.9816794395446777,-1.7266123294830322,-1.8725299835205078,-0.874300479888916,2.040705442428589,-0.09993293136358261
1.56,-0.07760389149188995,0.16409511864185333,-0.8801859617233276,-1.5112160444259644,0.6696889400482178,0.44425758719444275,-0.22160100936889648,0.6699368953704834,-0.7085743546485901,0.0,0.0,0.20000000298023224,0.0,0.23368147015571594,0.051954593509435654,-0.15479502081871033,0.5708408355712891,0.1771133542060852,0.3349454402923584,-0.13508790731430054,-0.9123668670654297,-0.13045252859592438,-1.0077004432678223,2.061166524887085,2.00822114944458,-2.5181703567504883,-2.1806821823120117,2.75477933883667,-2.0048418045043945,4.546606540679932,-6.127725124359131,-0.29579877853393555,2.394409418106079,-0.788475751876831,-0.02883102186024189,-0.7698284387588501,-0.8428935408592224,-2.1883208751678467,-0.7291574478149414,2.7061851024627686,-0.8922408819198608,0.39218443632125854,0.1449667513370514,-0.18446160852909088,0.915779173374176,-0.6451519727706909,-0.01310013234615326,1.0996782779693604,-0.27423426508903503,2.177708387374878,0.5014376044273376,0.567841649055481,0.7655754685401917,-1.4988975524902344,-0.9218015670776367,4.460999965667725,0.3410343527793884,0.22794540226459503,-0.22590355575084686,0.7928579449653625,-0.47835612297058105,-0.11689533293247223,0.9954323172569275,-0.3328757584095001,2.1110973358154297,0.7155728340148926,0.5333768129348755,0.7759608626365662,-1.4335438013076782,-0.9020190238952637,0.1864681988954544,0.0945611298084259,-0.09374624490737915,0.44697338342666626,0.1272217333316803,0.369634211063385,-0.1653614491224289,-0.8746567964553833,-0.19696518778800964,-0.9683459997177124,1.9515929222106934,2.064711093902588,-2.449195384979248,-2.1732594966888428,0.23368147015571594,0.051954593509435654,-0.15479502081871033,0.5708408355712891,0.1771133542060852,0.3349454402923584,-0.13508790731430054,-0.9123668670654297,-0.13045252859592438,-1.0077004432678223,2.061166524887085,2.00822114944458,-2.5181703567504883,-2.1806821823120117,2.75477933883667,-2.0048418045043945,4.546606540679932,-6.127725124359131,-0.29579877853393555,2.394409418106079,-0.788475751876831,-0.02883102186024189,-0.7698284387588501,-0.8428935408592224,-2.1883208751678467,-0.7291574478149414,2.7061851024627686,-0.8922408819198608
1.581,-0.14272813498973846,0.23552410304546356,-1.0182265043258667,-1.093527913093567,0.5096435546875,0.53058922290802,-0.20638614892959595,0.6906431317329407,-0.693121075630188,0.0,0.0,0.20000000298023224,0.0,0.262555867433548,0.022196361795067787,-0.0707177221775055,0.45432645082473755,0.15280094742774963,0.37834253907203674,-0.1439066231250763,-0.9128230810165405,-0.15021254122257233,-1.0137386322021484,2.0141117572784424,2.021296262741089,-2.475545883178711,-2.1799166202545166,0.5420366525650024,-0.5071597099304199,4.142703056335449,-4.840129375457764,-1.756601095199585,1.8644442558288574,-0.11759515106678009,0.124908447265625,-0.912424623966217,-0.039711229503154755,-2.2657837867736816,1.5484671592712402,1.5334882736206055,0.35622602701187134,0.3410343527793884,0.22794540226459503,-0.22590355575084686,0.7928579449653625,-0.47835612297058105,-0.11689533293247223,0.9954323172569275,-0.3328757584095001,2.1110973358154297,0.7155728340148926,0.5333768129348755,0.7759608626365662,-1.4335438013076782,-0.9020190238952637,4.440999984741211,0.4597472548484802,0.2622004747390747,-0.2626861333847046,0.8021063804626465,-0.19508418440818787,-0.21701352298259735,1.022305965423584,-0.3092484772205353,2.2190582752227783,0.923582911491394,0.3734343647956848,0.8110098242759705,-1.411660075187683,-0.8797288537025452,0.20817092061042786,0.11283068358898163,-0.11254465579986572,0.42401328682899475,0.21993981301784515,0.33566373586654663,-0.176154226064682,-0.8636904954910278,-0.17951802909374237,-0.8890773057937622,1.9071550369262695,2.073107957839966,-2.438462734222412,-2.1675119400024414,0.262555867433548,0.022196361795067787,-0.0707177221775055,0.45432645082473755,0.15280094742774963,0.37834253907203674,-0.1439066231250763,-0.9128230810165405,-0.15021254122257233,-1.0137386322021484,2.0141117572784424,2.021296262741089,-2.475545883178711,-2.1799166202545166,0.5420366525650024,-0.5071597099304199,4.142703056335449,-4.840129375457764,-1.756601095199585,1.8644442558288574,-0.11759515106678009,0.124908447265625,-0.912424623966217,-0.039711229503154755,-2.2657837867736816,1.5484671592712402,1.5334882736206055,0.35622602701187134
1.6,-0.14272813498973846,0.23552410304546356,-1.0182265043258667,-1.249011754989624,0.5432128310203552,0.22603446245193481,-0.1939944624900818,0.70722895860672,-0.6798480153083801,0.0,0.0,0.20000000298023224,0.0,0.24012251198291779,0.03354637324810028,-0.018546411767601967,0.3568410575389862,0.13917073607444763,0.3812876343727112,-0.15044474601745605,-0.8963871598243713,-0.17837855219841003,-0.9492032527923584,1.9794074296951294,2.048491954803467,-2.4407575130462646,-2.1726973056793213,-1.5919538736343384,2.0500099658966064,1.2820873260498047,-3.7423760890960693,0.3027547299861908,-0.6184465885162354,0.15660347044467926,0.9950953125953674,-0.4569520950317383,3.5497870445251465,-1.8936911821365356,1.6475706100463867,1.2093380689620972,0.7104088664054871,0.4597472548484802,0.2622004747390747,-0.2626861333847046,0.8021063804626465,-0.19508418440818787,-0.21701352298259735,1.022305965423584,-0.3092484772205353,2.2190582752227783,0.923582911491394,0.3734343647956848,0.8110098242759705,-1.411660075187683,-0.8797288537025452,4.421000003814697,0.49465543031692505,0.09217519313097,-0.11337243020534515,1.068142056465149,-0.20442385971546173,-0.16563479602336884,1.3441987037658691,-0.5524420738220215,2.182507038116455,1.012262225151062,0.39236876368522644,0.8430123329162598,-1.3483624458312988,-0.7998292446136475,0.2277493178844452,0.07945913821458817,-0.08461543917655945,0.4790421724319458,0.2639639377593994,0.33152318000793457,-0.10107742249965668,-0.9190057516098022,-0.17993226647377014,-0.8272731304168701,1.88966965675354,2.0853071212768555,-2.4172720909118652,-2.1446633338928223,0.24012251198291779,0.03354637324810028,-0.018546411767601967,0.3568410575389862,0.13917073607444763,0.3812876343727112,-0.15044474601745605,-0.8963871598243713,-0.17837855219841003,-0.9492032527923584,1.9794074296951294,2.048491954803467,-2.4407575130462646,-2.1726973056793213,-1.5919538736343384,2.0500099658966064,1.2820873260498047,-3.7423760890960693,0.3027547299861908,-0.6184465885162354,0.15660347044467926,0.9950953125953674,-0.4569520950317383,3.5497870445251465,-1.8936911821365356,1.6475706100463867,1.2093380689620972,0.7104088664054871
1.62,-0.14835412800312042,0.48455047607421875,-1.1183894872665405,-2.271641969680786,0.8642452955245972,0.0742172971367836,-0.18330013751983643,0.7309653759002686,-0.6573360562324524,0.0,0.0,0.20000000298023224,0.0,0.21829096972942352,0.09772542119026184,-0.017443303018808365,0.3362048864364624,0.1672271192073822,0.3601374328136444,-0.137046679854393,-0.8929486274719238,-0.18950867652893066,-0.8840640187263489,1.9373823404312134,2.0935544967651367,-2.422029733657837,-2.144278049468994,-0.11947177350521088,3.7731807231903076,-0.33956602215766907,2.194579601287842,2.2154288291931152,-1.3029099702835083,1.3307874202728271,-0.8115045428276062,-0.12748983502388,2.8596434593200684,-2.56374454498291,2.7530784606933594,1.1286832094192505,1.945851445198059,0.49465543031692505,0.09217519313097,-0.11337243020534515,1.068142056465149,-0.20442385971546173,-0.16563479602336884,1.3441987037658691,-0.5524420738220215,2.182507038116455,1.012262225151062,0.39236876368522644,0.8430123329162598,-1.3483624458312988,-0.7998292446136475,4.401000022888184,0.4827858805656433,0.2346133589744568,0.06141702085733414,1.5494747161865234,-0.4974214434623718,-0.15721699595451355,1.4535832405090332,-0.6892781257629395,2.3757526874542236,0.8938156962394714,0.242710143327713,1.0268404483795166,-1.2513307332992554,-0.7381466031074524,0.23457112908363342,0.09838290512561798,-0.02695346437394619,0.6268897652626038,0.21272660791873932,0.33155733346939087,-0.036192886531353,-0.980872392654419,-0.1318279653787613,-0.8259826302528381,1.8435122966766357,2.1373636722564697,-2.382418632507324,-2.1178183555603027,0.21829096972942352,0.09772542119026184,-0.017443303018808365,0.3362048864364624,0.1672271192073822,0.3601374328136444,-0.137046679854393,-0.8929486274719238,-0.18950867652893066,-0.8840640187263489,1.9373823404312134,2.0935544967651367,-2.422029733657837,-2.144278049468994,-0.11947177350521088,3.7731807231903076,-0.33956602215766907,2.194579601287842,2.2154288291931152,-1.3029099702835083,1.3307874202728271,-0.8115045428276062,-0.12748983502388,2.8596434593200684,-2.56374454498291,2.7530784606933594,1.1286832094192505,1.945851445198059
1.6400000000000001,-0.14835412800312042,0.48455047607421875,-1.1183894872665405,-3.1260459423065186,1.109082818031311,0.3928031623363495,-0.16721418499946594,0.7631157636642456,-0.6242545247077942,0.0,0.0,0.20000000298023224,0.0,0.22363215684890747,0.15444302558898926,-0.04004904255270958,0.4185648560523987,0.2063925415277481,0.3373192250728607,-0.1154620572924614,-0.9099395275115967,-0.1699051558971405,-0.8503818511962891,1.8971577882766724,2.13020920753479,-2.40366268157959,-2.129406213760376,1.0419467687606812,2.2902321815490723,0.030390076339244843,7.5196943283081055,0.5969904065132141,-0.9793343544006348,1.4230386018753052,-2.6264376640319824,4.173742294311523,1.135087013244629,-3.573798656463623,3.3302083015441895,4.394195556640625,2.5904877185821533,0.4827858805656433,0.2346133589744568,0.06141702085733414,1.5494747161865234,-0.4974214434623718,-0.15721699595451355,1.4535832405090332,-0.6892781257629395,2.3757526874542236,0.8938156962394714,0.242710143327713,1.0268404483795166,-1.2513307332992554,-0.7381466031074524,4.38100004196167,0.4509429335594177,0.5643118619918823,-0.119610995054245,1.5453941822052002,-0.578019917011261,-0.07797765731811523,1.2169443368911743,-0.6123969554901123,2.4374771118164062,0.7575419545173645,0.01821892522275448,1.1338056325912476,-1.145757794380188,-0.7373519539833069,0.23002129793167114,0.19026941061019897,-0.04337948188185692,0.6997934579849243,0.16695833206176758,0.3513842523097992,-0.06291034817695618,-0.9925854206085205,-0.09234470874071121,-0.8594058752059937,1.7643108367919922,2.1901330947875977,-2.3385987281799316,-2.1041970252990723,0.22363215684890747,0.15444302558898926,-0.04004904255270958,0.4185648560523987,0.2063925415277481,0.3373192250728607,-0.1154620572924614,-0.9099395275115967,-0.1699051558971405,-0.8503818511962891,1.8971577882766724,2.13020920753479,-2.40366268157959,-2.129406213760376,1.0419467687606812,2.2902321815490723,0.030390076339244843,7.5196943283081055,0.5969904065132141,-0.9793343544006348,1.4230386018753052,-2.6264376640319824,4.173742294311523,1.135087013244629,-3.573798656463623,3.3302083015441895,4.394195556640625,2.5904877185821533
1.662,-0.12605352699756622,0.8099087476730347,-1.3459222316741943,-2.959656238555908,1.1482373476028442,0.7339682579040527,-0.14323247969150543,0.804009199142456,-0.5771080255508423,0.0,0.0,0.20000000298023224,0.0,0.2550285756587982,0.19141118228435516,-0.020121539011597633,0.6236523389816284,0.20984143018722534,0.3335634171962738,-0.09228712320327759,-0.9599069952964783,-0.11658792197704315,-0.860895574092865,1.834216833114624,2.182513475418091,-2.3401689529418945,-2.1018879413604736,1.325513243675232,1.6619703769683838,1.1178034543991089,11.479416847229004,-0.437794953584671,0.2547692656517029,0.9774801135063171,-2.3080952167510986,1.8406281471252441,-0.40943026542663574,-3.2863616943359375,1.846289038658142,2.7485437393188477,1.0704573392868042,0.4509429335594177,0.5643118619918823,-0.119610995054245,1.5453941822052002,-0.578019917011261,-0.07797765731811523,1.2169443368911743,-0.6123969554901123,2.4374771118164062,0.7575419545173645,0.01821892522275448,1.1338056325912476,-1.145757794380188,-0.7373519539833069,4.361000061035156,0.6008722186088562,0.915363073348999,-0.2759278416633606,1.50087308883667,-0.5169461965560913,-0.14615559577941895,1.060304880142212,-0.5899857878684998,2.462533950805664,0.7780008316040039,-0.31175947189331055,1.2106597423553467,-1.0970097780227661,-0.609772801399231,0.2652286887168884,0.32397547364234924,-0.09067170321941376,0.7251150012016296,0.15934261679649353,0.3442532420158386,-0.11542893946170807,-0.9928391575813293,-0.06633886694908142,-0.871002733707428,1.6422154903411865,2.235731601715088,-2.30450177192688,-2.0654916763305664,0.2588432729244232,0.20063692331314087,-0.020204735919833183,0.723787784576416,0.20482441782951355,0.3365916609764099,-0.08143476396799088,-0.9755722284317017,-0.10470597445964813,-0.8618051409721375,1.8055616617202759,2.188749313354492,-2.3340532779693604,-2.0984034538269043,-0.5025233030319214,0.20639793574810028,-1.0233451128005981,8.522465705871582,-0.5832529067993164,0.3637267053127289,1.0636250972747803,-1.0629574060440063,0.8572027087211609,0.008200299926102161,-2.5334267616271973,-0.19788341224193573,-0.3396848738193512,-0.12780459225177765
1.682,-0.12605352699756622,0.8099087476730347,-1.3459222316741943,-1.767403483390808,1.2356566190719604,0.3369252681732178,-0.12021104246377945,0.8287330865859985,-0.546580970287323,0.0,0.0,0.20000000298023224,0.0,0.2485845983028412,0.20158515870571136,-0.03901953622698784,0.7946181893348694,0.19318905472755432,0.3408317267894745,-0.07426296919584274,-0.9877177476882935,-0.08225035667419434,-0.8693504333496094,1.7764756679534912,2.186572313308716,-2.3159658908843994,-2.081247568130493,-0.8314635157585144,0.9263426065444946,-2.2565016746520996,6.236375331878662,-1.1470158100128174,0.2311302274465561,0.5975281000137329,-1.2821377515792847,1.766417384147644,-0.6021438241004944,-3.798658609390259,0.04101139307022095,4.2707624435424805,3.069758176803589,0.6008722186088562,0.915363073348999,-0.2759278416633606,1.50087308883667,-0.5169461965560913,-0.14615559577941895,1.060304880142212,-0.5899857878684998,2.462533950805664,0.7780008316040039,-0.31175947189331055,1.2106597423553467,-1.0970097780227661,-0.609772801399231,4.341000080108643,0.6434025764465332,0.8633521199226379,-0.14650575816631317,1.6443390846252441,-0.3499113619327545,-0.24671833217144012,0.9707581996917725,-0.6033822298049927,2.477902889251709,0.8572070002555847,-0.22252388298511505,1.3443937301635742,-1.1111152172088623,-0.6794763803482056,0.2934649884700775,0.3778257668018341,-0.08196228742599487,0.7736423015594482,0.1972934603691101,0.31554704904556274,-0.16407489776611328,-0.9963151216506958,-0.04949371516704559,-0.8569996356964111,1.6034767627716064,2.291964292526245,-2.2909798622131348,-2.0635647773742676,0.24324175715446472,0.2216040939092636,-0.06646223366260529,0.8407668471336365,0.1848771721124649,0.3421318829059601,-0.0671570748090744,-0.9933245778083801,-0.07526557892560959,-0.8707641363143921,1.7388255596160889,2.185631036758423,-2.2965517044067383,-2.0676815509796143,-0.32867124676704407,2.7571053504943848,-3.086527109146118,3.225720167160034,-0.736703097820282,0.09734363853931427,0.6214663982391357,-0.09423138946294785,0.4028942286968231,-0.025951532647013664,-3.5939271450042725,-0.2004038542509079,0.4483170509338379,0.37293779850006104
1.702,-0.15493719279766083,1.0434988737106323,-1.409065842628479,-0.40159234404563904,0.021554917097091675,-1.1011439561843872,-0.11811678111553192,0.84017014503479,-0.5293038487434387,0.0,0.0,0.20000000298023224,0.0,0.2534950375556946,0.2608683407306671,-0.10654270648956299,0.8600831031799316,0.17266947031021118,0.3380835950374603,-0.05606633052229881,-0.9967818260192871,-0.04649820178747177,-0.8535264134407043,1.6968358755111694,2.2046384811401367,-2.2844672203063965,-2.0706944465637207,1.0159960985183716,5.008538246154785,-4.716460704803467,0.7644519209861755,-0.6504376530647278,-0.1451440304517746,1.411887288093567,-0.2746257483959198,3.3384201526641846,0.9220346212387085,-4.337882995605469,2.911231279373169,1.337136149406433,0.36947542428970337,0.6434025764465332,0.8633521199226379,-0.14650575816631317,1.6443390846252441,-0.3499113619327545,-0.24671833217144012,0.9707581996917725,-0.6033822298049927,2.477902889251709,0.8572070002555847,-0.22252388298511505,1.3443937301635742,-1.1111152172088623,-0.6794763803482056,4.321000099182129,0.21832850575447083,0.6025121212005615,0.14121276140213013,2.124770164489746,0.04355626180768013,-0.5141288638114929,1.1928317546844482,-0.6945690512657166,2.2094242572784424,1.2437812089920044,-0.19255410134792328,1.2288458347320557,-1.0483365058898926,-0.5842275023460388,0.20131462812423706,0.33954089879989624,-0.005677953362464905,0.9180136919021606,0.3146358132362366,0.2343413084745407,-0.13287949562072754,-1.0208498239517212,-0.10819079726934433,-0.753354549407959,1.591599941253662,2.2911934852600098,-2.268524169921875,-2.0387892723083496,0.26213788986206055,0.3197929263114929,-0.14947634935379028,0.8557470440864563,0.17675554752349854,0.3379126191139221,-0.050208982080221176,-0.9938710927963257,-0.027391433715820312,-0.8506625294685364,1.6622859239578247,2.2279274463653564,-2.2801766395568848,-2.064209222793579,0.8078572154045105,6.382874011993408,-3.719827890396118,-1.2210687398910522,0.937542200088501,-0.03929448127746582,-0.18119646608829498,0.6274585723876953,1.1829757690429688,0.11554960161447525,-2.830507516860962,1.9879130125045776,-0.0255125742405653,0.5023488402366638
1.722,-0.15493719279766083,1.0434988737106323,-1.409065842628479,-0.17437228560447693,-0.8118435740470886,-1.053165316581726,-0.14261287450790405,0.8394843339920044,-0.5243353843688965,0.0,0.0,0.20000000298023224,0.0,0.26686379313468933,0.380856990814209,-0.17580066621303558,0.8457057476043701,0.19926798343658447,0.32797741889953613,-0.052945829927921295,-0.9962518215179443,-0.0359443724155426,-0.8218163847923279,1.627253532409668,2.2543725967407227,-2.268096685409546,-2.0435822010040283,0.23205111920833588,5.624827861785889,-1.1953558921813965,0.17721064388751984,2.8855953216552734,-1.6739920377731323,-0.35745754837989807,-0.8812472820281982,-1.7729233503341675,4.382229804992676,-3.939770221710205,3.471622943878174,2.105290412902832,2.5567808151245117,0.21832850575447083,0.6025121212005615,0.14121276140213013,2.124770164489746,0.04355626180768013,-0.5141288638114929,1.1928317546844482,-0.6945690512657166,2.2094242572784424,1.2437812089920044,-0.19255410134792328,1.2288458347320557,-1.0483365058898926,-0.5842275023460388,4.301000118255615,0.21565397083759308,0.2938553988933563,0.41091758012771606,2.115125894546509,-0.09437166154384613,-0.4779685139656067,1.7419884204864502,-0.9577801823616028,1.9028401374816895,1.4168270826339722,-0.12649062275886536,0.9194642305374146,-0.8864460587501526,-0.349835604429245,0.1545708030462265,0.2432343065738678,0.09989041835069656,0.9877883195877075,0.338824987411499,0.20277851819992065,0.02000737190246582,-1.0989198684692383,-0.21418537199497223,-0.6582704782485962,1.602177381515503,2.2134628295898438,-2.2168235778808594,-1.9678034782409668,0.27010396122932434,0.4299726188182831,-0.1688343584537506,0.8588308691978455,0.2263835072517395,0.3117624819278717,-0.06592637300491333,-1.0013046264648438,-0.052257247269153595,-0.791499137878418,1.5978962182998657,2.2854111194610596,-2.2599220275878906,-2.0323092937469482,0.2734873294830322,4.104397296905518,2.0169951915740967,1.977568507194519,2.5275158882141113,-1.6411843299865723,-1.9066141843795776,-0.2273036241531372,-1.4341548681259155,2.2784104347229004,-2.339738368988037,2.6153645515441895,0.015809303149580956,0.42353954911231995
1.742,-0.2935219407081604,0.9950834512710571,-1.3472880125045776,1.0053386688232422,-1.114259958267212,-0.18467527627944946,-0.16438966989517212,0.8351973295211792,-0.5248060822486877,0.0,0.0,0.20000000298023224,0.0,0.2677535116672516,0.4510951340198517,-0.15499962866306305,0.8835023641586304,0.26242557168006897,0.28451764583587646,-0.07983271777629852,-1.0121285915374756,-0.08727271109819412,-0.74261474609375,1.6003241539001465,2.2935097217559814,-2.2449355125427246,-1.9702223539352417,-1.1254801750183105,-0.22241385281085968,-1.8360655307769775,2.863455057144165,3.887666940689087,-2.7905240058898926,0.2747150957584381,-1.5920811891555786,-4.242708683013916,4.242763042449951,4.278850555419922,0.30610692501068115,-0.6375179886817932,6.367599010467529,0.21565397083759308,0.2938553988933563,0.41091758012771606,2.115125894546509,-0.09437166154384613,-0.4779685139656067,1.7419884204864502,-0.9577801823616028,1.9028401374816895,1.4168270826339722,-0.12649062275886536,0.9194642305374146,-0.8864460587501526,-0.349835604429245,4.28000020980835,0.5906118154525757,0.39838409423828125,0.33242863416671753,1.8787420988082886,-0.47594770789146423,-0.41383540630340576,1.9088237285614014,-0.950965940952301,1.7106140851974487,1.299647331237793,0.009607169777154922,0.6147882342338562,-1.0930423736572266,-0.317110151052475,0.22493836283683777,0.2212131768465042,0.13305236399173737,0.9635796546936035,0.2555255591869354,0.20303040742874146,0.1381596326828003,-1.136251449584961,-0.31523916125297546,-0.640023410320282,1.6414904594421387,2.09842848777771,-2.2426223754882812,-1.9241292476654053,0.24329343438148499,0.42617636919021606,-0.17056824266910553,0.9202269315719604,0.29477640986442566,0.25872278213500977,-0.07084022462368011,-1.0237493515014648,-0.12766465544700623,-0.7126282453536987,1.6263469457626343,2.2906999588012695,-2.2576956748962402,-1.9508370161056519,-3.3117756843566895,-4.1374030113220215,-1.1848942041397095,4.238099575042725,2.611346483230591,-2.4421844482421875,1.1456339359283447,-0.9320248961448669,-3.4656894207000732,2.2927417755126953,1.5512011051177979,-1.0397181510925293,-1.5244628190994263,-0.13229452073574066
1.76,-0.2935219407081604,0.9950834512710571,-1.3472880125045776,0.9476404190063477,-1.0391161441802979,0.9405462145805359,-0.16410383582115173,0.826369047164917,-0.5386874079704285,0.0,0.0,0.20000000298023224,0.0,0.22000092267990112,0.3729653060436249,-0.1790269911289215,0.9620875120162964,0.3171122968196869,0.23325689136981964,-0.054876912385225296,-1.034287929534912,-0.15836399793624878,-0.6802868843078613,1.6363428831100464,2.2547380924224854,-2.282635450363159,-1.91768479347229,-1.3403295278549194,-6.099762439727783,-0.6892675757408142,3.8061020374298096,2.2150466442108154,-2.0557777881622314,2.3541316986083984,-0.9523739814758301,-2.885218381881714,2.5116183757781982,0.24308441579341888,-5.259644985198975,-3.0390889644622803,4.31663703918457,0.5906118154525757,0.39838409423828125,0.33242863416671753,1.8787420988082886,-0.47594770789146423,-0.41383540630340576,1.9088237285614014,-0.950965940952301,1.7106140851974487,1.299647331237793,0.009607169777154922,0.6147882342338562,-1.0930423736572266,-0.317110151052475,4.261000156402588,0.7858875393867493,0.7235751152038574,0.0790231004357338,1.4392307996749878,-0.7734594941139221,-0.33729255199432373,1.576246738433838,-0.8129755854606628,1.8081943988800049,0.9549651145935059,-0.06021163612604141,0.28655242919921875,-1.3101269006729126,-0.36034703254699707,0.3089410662651062,0.29150035977363586,0.08628195524215698,0.8415975570678711,0.13949790596961975,0.22229206562042236,0.11409151554107666,-1.1204196214675903,-0.34137099981307983,-0.717070460319519,1.6436922550201416,1.9588522911071777,-2.309792995452881,-1.9131014347076416,0.22000092267990112,0.3729653060436249,-0.1790269911289215,0.9620875120162964,0.3171122968196869,0.23325689136981964,-0.054876912385225296,-1.034287929534912,-0.15836399793624878,-0.6802868843078613,1.6363428831100464,2.2547380924224854,-2.282635450363159,-1.91768479347229,-1.3403295278549194,-6.099762439727783,-0.6892675757408142,3.8061020374298096,2.2150466442108154,-2.0557777881622314,2.3541316986083984,-0.9523739814758301,-2.885218381881714,2.5116183757781982,0.24308441579341888,-5.259644985198975,-3.0390889644622803,4.31663703918457
1.782,-0.14937488734722137,0.9155069589614868,-1.1031742095947266,-0.2535055875778198,-1.337685227394104,1.1109989881515503,-0.15780459344387054,0.8261974453926086,-0.54082852602005,0.0,0.0,0.20000000298023224,0.0,0.19854076206684113,0.2494090348482132,-0.17673484981060028,1.0214210748672485,0.35458219051361084,0.21982789039611816,-0.0030298596248030663,-1.0344809293746948,-0.20300602912902832,-0.6863925457000732,1.6370357275009155,2.120645046234131,-2.3509178161621094,-1.9041348695755005,-0.5433443188667297,-4.468626499176025,0.8849781155586243,0.5053176283836365,1.1677240133285522,0.22084979712963104,2.6051270961761475,1.4559390544891357,-0.604607105255127,-1.611767292022705,0.2040543109178543,-9.69126033782959,-2.844722032546997,0.5351638197898865,0.7858875393867493,0.7235751152038574,0.0790231004357338,1.4392307996749878,-0.7734594941139221,-0.33729255199432373,1.576246738433838,-0.8129755854606628,1.8081943988800049,0.9549651145935059,-0.06021163612604141,0.28655242919921875,-1.3101269006729126,-0.36034703254699707,4.241000175476074,0.741511881351471,0.7279166579246521,0.11171355843544006,1.164319634437561,-0.9179360270500183,-0.3184888958930969,1.2890105247497559,-0.8747856020927429,1.797609806060791,0.6376234292984009,0.06797196716070175,0.411731481552124,-1.3188025951385498,-0.5654393434524536,0.33984851837158203,0.32772934436798096,0.07106936722993851,0.7118786573410034,0.045364946126937866,0.23662380874156952,0.030248403549194336,-1.1279561519622803,-0.3570830523967743,-0.834929347038269,1.6768391132354736,1.9203590154647827,-2.3455471992492676,-1.9588605165481567,0.19718270003795624,0.21808785200119019,-0.16472814977169037,1.0194950103759766,0.363905668258667,0.22061565518379211,0.021656204015016556,-1.025664210319519,-0.2039906233549118,-0.6973694562911987,1.6424760818481445,2.0344653129577637,-2.3790080547332764,-1.9105408191680908,0.2991909384727478,-1.9835156202316284,1.5739713907241821,-0.5922847390174866,0.8282310366630554,-0.006788063328713179,2.2141780853271484,0.28422659635543823,0.05524849146604538,-0.8818132877349854,0.8572267889976501,-7.629565715789795,-2.681966781616211,-0.9814354777336121
1.8,-0.14937488734722137,0.9155069589614868,-1.1031742095947266,-1.2436853647232056,-1.1814532279968262,0.9381011128425598,-0.15375888347625732,0.8398014903068542,-0.5206645727157593,0.0,0.0,0.20000000298023224,0.0,0.20457519590854645,0.21502991020679474,-0.14418640732765198,1.001260757446289,0.3715614378452301,0.22930806875228882,0.03344487398862839,-1.0224530696868896,-0.20275068283081055,-0.7353969812393188,1.6634128093719482,1.9602818489074707,-2.399355888366699,-1.9442278146743774,0.7667719721794128,0.8899472951889038,2.0774238109588623,-3.4222540855407715,0.36410772800445557,1.0200152397155762,0.5234274864196777,0.1697963923215866,0.8910484910011292,-4.537936210632324,2.6981637477874756,-7.265421390533447,-0.9994962811470032,-4.040261268615723,0.741511881351471,0.7279166579246521,0.11171355843544006,1.164319634437561,-0.9179360270500183,-0.3184888958930969,1.2890105247497559,-0.8747856020927429,1.797609806060791,0.6376234292984009,0.06797196716070175,0.411731481552124,-1.3188025951385498,-0.5654393434524536,4.2210001945495605,0.6506541967391968,0.4155884385108948,0.2201482653617859,0.9905573129653931,-0.7703649401664734,-0.2509050965309143,1.1764755249023438,-0.7362977862358093,1.7709416151046753,0.5231666564941406,0.19569115340709686,0.5998184680938721,-1.223515510559082,-0.5654670000076294,0.3325878083705902,0.267761766910553,0.09057174623012543,0.6035786867141724,0.035191237926483154,0.26068562269210815,-0.039806902408599854,-1.0971025228500366,-0.37160611152648926,-0.9224730134010315,1.7253422737121582,1.948134183883667,-2.339602470397949,-1.9817469120025635,0.20457519590854645,0.21502991020679474,-0.14418640732765198,1.001260757446289,0.3715614378452301,0.22930806875228882,0.03344487398862839,-1.0224530696868896,-0.20275068283081055,-0.7353969812393188,1.6634128093719482,1.9602818489074707,-2.399355888366699,-1.9442278146743774,0.7667719721794128,0.8899472951889038,2.0774238109588623,-3.4222540855407715,0.36410772800445557,1.0200152397155762,0.5234274864196777,0.1697963923215866,0.8910484910011292,-4.537936210632324,2.6981637477874756,-7.265421390533447,-0.9994962811470032,-4.040261268615723
1.822,-0.24958521127700806,0.9581173658370972,-0.8936838507652283,0.008887478150427341,-0.8677875995635986,1.272599458694458,-0.14379948377609253,0.8521588444709778,-0.5031372308731079,0.0,0.0,0.20000000298023224,0.0,0.2157202810049057,0.25605839490890503,-0.10639991611242294,0.8768249154090881,0.3751075267791748,0.24540528655052185,0.024010155349969864,-1.040818452835083,-0.1867554932832718,-0.8248350024223328,1.725098967552185,1.8676656484603882,-2.3993215560913086,-1.9909611940383911,-0.27456024289131165,1.6525324583053589,1.3974242210388184,-9.425606727600098,0.14664138853549957,0.9383860230445862,-1.819701910018921,-1.0267606973648071,0.37345948815345764,-4.719717502593994,3.5979788303375244,-2.510634183883667,1.5352606773376465,-1.6892378330230713,0.6506541967391968,0.4155884385108948,0.2201482653617859,0.9905573129653931,-0.7703649401664734,-0.2509050965309143,1.1764755249023438,-0.7362977862358093,1.7709416151046753,0.5231666564941406,0.19569115340709686,0.5998184680938721,-1.223515510559082,-0.5654670000076294,4.199999809265137,0.6243721842765808,0.20381464064121246,0.17595449090003967,0.7091530561447144,-0.4700574576854706,-0.26197105646133423,1.1296696662902832,-0.48697835206985474,1.6011474132537842,0.5875583291053772,0.3528462052345276,0.6278482675552368,-1.0722323656082153,-0.5149425268173218,0.3223869502544403,0.1848345398902893,0.08927449584007263,0.47907760739326477,0.1051812544465065,0.2699500322341919,-0.08653602004051208,-1.019345760345459,-0.4213162064552307,-0.9501469135284424,1.7888827323913574,1.969029188156128,-2.298809289932251,-1.9805591106414795,0.21031434834003448,0.2698490619659424,-0.09327158331871033,0.7709779739379883,0.3751577138900757,0.25132524967193604,0.0067053246311843395,-1.0523655414581299,-0.18303664028644562,-0.8607708215713501,1.7547088861465454,1.8516522645950317,-2.3842546939849854,-1.9937829971313477,-0.6765239834785461,1.246643304824829,1.3542253971099854,-11.158151626586914,-0.07492540031671524,0.4160451591014862,-1.551612138748169,-1.1865379810333252,0.3636741638183594,-2.8934214115142822,2.421762704849243,-0.7204620838165283,1.368653655052185,0.2102920264005661
1.8399999999999999,-0.24958521127700806,0.9581173658370972,-0.8936838507652283,0.8029324412345886,-0.9716194272041321,1.7669874429702759,-0.1316709816455841,0.852001428604126,-0.5067112445831299,0.0,0.0,0.20000000298023224,0.0,0.19987168908119202,0.2747538685798645,-0.08024326711893082,0.6521857380867004,0.38331323862075806,0.25999853014945984,-0.014119287952780724,-1.0601420402526855,-0.19698745012283325,-0.8998579382896423,1.7819397449493408,1.856510877609253,-2.3643839359283447,-1.9951754808425903,-1.5748733282089233,-0.7227211594581604,1.1075303554534912,-13.141985893249512,1.3637183904647827,0.9461461901664734,-3.0957682132720947,0.2007753998041153,-2.601595878601074,-3.817915439605713,3.384901523590088,0.5805390477180481,3.1292264461517334,0.13892494142055511,0.6243721842765808,0.20381464064121246,0.17595449090003967,0.7091530561447144,-0.4700574576854706,-0.26197105646133423,1.1296696662902832,-0.48697835206985474,1.6011474132537842,0.5875583291053772,0.3528462052345276,0.6278482675552368,-1.0722323656082153,-0.5149425268173218,4.181000232696533,0.6056735515594482,0.19449475407600403,-0.0348188653588295,0.4365379512310028,-0.34760475158691406,-0.32083767652511597,0.9400774240493774,-0.4373815953731537,1.4078149795532227,0.6479513049125671,0.3207102417945862,0.6689960956573486,-0.9019248485565186,-0.4848059117794037,0.3126118779182434,0.14104095101356506,0.03593253344297409,0.3486732840538025,0.170789435505867,0.25986558198928833,-0.15729863941669464,-0.9680682420730591,-0.4945043623447418,-0.9488856196403503,1.8126189708709717,1.989763617515564,-2.2358360290527344,-1.972430944442749,0.19987168908119202,0.2747538685798645,-0.08024326711893082,0.6521857380867004,0.38331323862075806,0.25999853014945984,-0.014119287952780724,-1.0601420402526855,-0.19698745012283325,-0.8998579382896423,1.7819397449493408,1.856510877609253,-2.3643839359283447,-1.9951754808425903,-1.5748733282089233,-0.7227211594581604,1.1075303554534912,-13.141985893249512,1.3637183904647827,0.9461461901664734,-3.0957682132720947,0.2007753998041153,-2.601595878601074,-3.817915439605713,3.384901523590088,0.5805390477180481,3.1292264461517334,0.13892494142055511
1.862,-0.2695426046848297,0.8976393938064575,-0.8188741207122803,0.8279048204421997,-0.9851571321487427,2.351712465286255,-0.10658559203147888,0.847748875617981,-0.5195780992507935,0.0,0.0,0.20000000298023224,0.0,0.16532590985298157,0.229526087641716,-0.049297478049993515,0.389491468667984,0.41137242317199707,0.26486459374427795,-0.08176258951425552,-1.0315629243850708,-0.2574009597301483,-0.9276263117790222,1.839919924736023,1.8874849081039429,-2.2949204444885254,-1.9840943813323975,-1.9586396217346191,-3.805415153503418,1.8287140130996704,-13.032938003540039,1.791377067565918,-0.06303831934928894,-4.071779727935791,2.588322401046753,-4.083185195922852,-0.8799594640731812,2.7686188220977783,2.180386781692505,4.150832176208496,1.1419907808303833,0.6056735515594482,0.19449475407600403,-0.0348188653588295,0.4365379512310028,-0.34760475158691406,-0.32083767652511597,0.9400774240493774,-0.4373815953731537,1.4078149795532227,0.6479513049125671,0.3207102417945862,0.6689960956573486,-0.9019248485565186,-0.4848059117794037,4.158999919891357,0.6595978140830994,0.2142118215560913,-0.19359777867794037,0.23853234946727753,-0.35618311166763306,-0.3285307288169861,0.912321925163269,-0.5117879509925842,1.3559046983718872,0.6954091787338257,0.14201346039772034,0.7636492252349854,-0.7857413291931152,-0.5105031132698059,0.32120537757873535,0.12407343089580536,-0.030433177947998047,0.23396973311901093,0.2014489471912384,0.2529001235961914,-0.19961881637573242,-0.9610310792922974,-0.5440760254859924,-0.9363905191421509,1.7798128128051758,2.023794174194336,-2.1753034591674805,-1.9747912883758545,0.1505039483308792,0.19333410263061523,-0.024482833221554756,0.2761092185974121,0.4248664975166321,0.2639671266078949,-0.11537399142980576,-1.003800868988037,-0.2904233932495117,-0.9345901608467102,1.8583718538284302,1.915030837059021,-2.2610714435577393,-1.9758667945861816,-0.9743514657020569,-3.18235445022583,3.097499132156372,-9.5726957321167,1.0868754386901855,-0.10669398307800293,-2.670625925064087,2.8027522563934326,-2.7554585933685303,-0.5375158190727234,1.116397500038147,3.245079278945923,2.667322874069214,0.6315576434135437
1.88,-0.2695426046848297,0.8976393938064575,-0.8188741207122803,-0.18717119097709656,-0.7348619699478149,2.4405810832977295,-0.07561194151639938,0.8511486053466797,-0.5194505453109741,0.0,0.0,0.20000000298023224,0.0,0.1440776139497757,0.16424039006233215,0.01021991390734911,0.19737017154693604,0.4417559802532196,0.2591351866722107,-0.1384248584508896,-0.9773157835006714,-0.32905247807502747,-0.9283701777458191,1.863447666168213,1.9540992975234985,-2.2366437911987305,-1.9751951694488525,-0.6645480990409851,-3.1612517833709717,3.372666120529175,-7.18792200088501,2.0112264156341553,-0.6256575584411621,-2.6493849754333496,2.4949488639831543,-4.75251579284668,0.380218505859375,0.38776007294654846,4.2503275871276855,2.739880084991455,-0.052790965884923935,0.6595978140830994,0.2142118215560913,-0.19359777867794037,0.23853234946727753,-0.35618311166763306,-0.3285307288169861,0.912321925163269,-0.5117879509925842,1.3559046983718872,0.6954091787338257,0.14201346039772034,0.7636492252349854,-0.7857413291931152,-0.5105031132698059,4.140999794006348,0.7640519738197327,0.16509048640727997,-0.04528302699327469,0.4772222638130188,-0.4880110025405884,-0.39337778091430664,1.1969029903411865,-0.6125585436820984,1.5523029565811157,0.8207483887672424,-0.1283634603023529,0.8977885246276855,-0.8050553798675537,-0.5199697017669678,0.35161566734313965,0.10330933332443237,-0.026537345722317696,0.23629042506217957,0.18382172286510468,0.2332056164741516,-0.14963364601135254,-0.9827051758766174,-0.5197622776031494,-0.8988081812858582,1.6958155632019043,2.0743441581726074,-2.1498656272888184,-1.9783380031585693,0.14147673547267914,0.13769318163394928,0.04747432842850685,0.14115911722183228,0.45353856682777405,0.2535104751586914,-0.1619262397289276,-0.954399824142456,-0.3624994456768036,-0.930377721786499,1.859684705734253,1.9918402433395386,-2.2102062702178955,-1.9692819118499756,0.006768381223082542,-2.1404173374176025,3.8388254642486572,-4.259545803070068,0.8100841641426086,-0.5708035826683044,-1.9457327127456665,2.054412841796875,-2.624558448791504,-0.28273653984069824,-0.9781004190444946,3.5806808471679688,2.7348268032073975,0.6228331327438354
1.904,-0.22271034121513367,0.8813065886497498,-0.6353431940078735,-1.4621330499649048,-0.1642783135175705,1.776816964149475,-0.036518074572086334,0.8652993440628052,-0.4999234080314636,0.0,0.0,0.20000000298023224,0.0,0.14491479098796844,0.12075600028038025,0.08606617152690887,0.12184766680002213,0.44912707805633545,0.2385229766368866,-0.1689731925725937,-0.9478548169136047,-0.3656359016895294,-0.9107810258865356,1.8358030319213867,2.0427122116088867,-2.193223476409912,-1.9708280563354492,0.7092463970184326,-1.2117817401885986,3.83209490776062,-0.398960143327713,-0.38129639625549316,-1.3669102191925049,0.054721761494874954,0.22292664647102356,-0.49353060126304626,0.799289345741272,-3.407702684402466,4.680707931518555,1.549375295639038,0.4181971549987793,0.7640519738197327,0.16509048640727997,-0.04528302699327469,0.4772222638130188,-0.4880110025405884,-0.39337778091430664,1.1969029903411865,-0.6125585436820984,1.5523029565811157,0.8207483887672424,-0.1283634603023529,0.8977885246276855,-0.8050553798675537,-0.5199697017669678,4.11899995803833,0.795426070690155,0.37933382391929626,0.15845292806625366,1.033993124961853,-0.578153133392334,-0.2998480796813965,1.445385456085205,-0.7301890254020691,1.9198646545410156,0.7343255281448364,-0.2014210820198059,1.0840108394622803,-0.9629600048065186,-0.6485120058059692,0.3746643662452698,0.14648813009262085,0.026344560086727142,0.37664347887039185,0.152472585439682,0.24674078822135925,-0.06252044439315796,-1.0229498147964478,-0.41571497917175293,-0.9016227126121521,1.6355525255203247,2.146174907684326,-2.1766228675842285,-2.012247085571289,0.15498724579811096,0.11376328766345978,0.11374153941869736,0.13117097318172455,0.4472086727619171,0.22600309550762177,-0.16424010694026947,-0.9462406039237976,-0.37443816661834717,-0.9077306389808655,1.7965353727340698,2.0782926082611084,-2.162597417831421,-1.967158317565918,1.1896522045135498,-0.34940996766090393,1.6678109169006348,1.8969014883041382,-0.17349912226200104,-1.197995662689209,0.7707694172859192,0.0638323724269867,-0.9271668791770935,0.14644603431224823,-3.7993931770324707,2.7598729133605957,2.5622060298919678,0.16416950523853302
1.9220000000000002,-0.22271034121513367,0.8813065886497498,-0.6353431940078735,-3.323835611343384,-0.13695286214351654,1.2376588582992554,-0.012013688683509827,0.8890541791915894,-0.45764437317848206,0.0,0.0,0.20000000298023224,0.0,0.17174555361270905,0.11940275877714157,0.1241924911737442,0.17225773632526398,0.4368131458759308,0.21837462484836578,-0.1477641463279724,-0.953949511051178,-0.36648648977279663,-0.9111729264259338,1.7561984062194824,2.1171693801879883,-2.163898468017578,-1.9924290180206299,2.551678419113159,2.131490707397461,1.5636855363845825,7.145930290222168,-2.0411808490753174,-0.3062112331390381,2.9849624633789062,-1.6968766450881958,2.9573655128479004,-0.3582269549369812,-5.006465911865234,5.41835355758667,-2.720973253250122,-4.489912033081055,0.795426070690155,0.37933382391929626,0.15845292806625366,1.033993124961853,-0.578153133392334,-0.2998480796813965,1.445385456085205,-0.7301890254020691,1.9198646545410156,0.7343255281448364,-0.2014210820198059,1.0840108394622803,-0.9629600048065186,-0.6485120058059692,4.099999904632568,0.6496042609214783,0.7724950909614563,0.016263220459222794,1.50635826587677,-0.5347045660018921,-0.2214900404214859,1.407853603363037,-0.6053408980369568,2.1379554271698,0.7091056108474731,-0.2538541257381439,1.0373876094818115,-0.9783227443695068,-0.5043095350265503,0.34973323345184326,0.2663678526878357,0.017238084226846695,0.5649113059043884,0.14766015112400055,0.2730978727340698,-0.02834680676460266,-1.0118601322174072,-0.30916863679885864,-0.9093349575996399,1.5923128128051758,2.1704344749450684,-2.1938421726226807,-1.9931509494781494,0.20267707109451294,0.1500675082206726,0.13522358238697052,0.2595970034599304,0.4202919006347656,0.2154642790555954,-0.11711779236793518,-0.9714776873588562,-0.3423759937286377,-0.9106240272521973,1.7099512815475464,2.1514265537261963,-2.1807703971862793,-2.0045270919799805,3.3348734378814697,3.3993377685546875,0.4675423800945282,9.514948844909668,-1.4742481708526611,-0.22228136658668518,2.879286289215088,-1.6710284948349,2.0957157611846924,0.10444426536560059,-4.086721420288086,2.0964515209198,-0.7266984581947327,-0.004707325249910355
1.942,-0.13087961077690125,0.9505274295806885,-0.264697402715683,-4.228407859802246,-0.15357787907123566,1.0302687883377075,0.002351965755224228,0.9136958122253418,-0.406391978263855,0.0,0.0,0.20000000298023224,0.0,0.23966534435749054,0.19310595095157623,0.13560472428798676,0.3710431456565857,0.3963823616504669,0.22054404020309448,-0.08261749148368835,-0.9889973998069763,-0.3031518757343292,-0.9191710352897644,1.6663650274276733,2.1736397743225098,-2.1932342052459717,-1.998211145401001,4.333529472351074,5.621009349822998,0.02352440357208252,13.127676010131836,-2.7094151973724365,0.7138593792915344,3.687091827392578,-1.7280504703521729,4.624166965484619,-0.2820524275302887,-4.247588157653809,2.068324565887451,-1.4392907619476318,1.5388195514678955,0.6496042609214783,0.7724950909614563,0.016263220459222794,1.50635826587677,-0.5347045660018921,-0.2214900404214859,1.407853603363037,-0.6053408980369568,2.1379554271698,0.7091056108474731,-0.2538541257381439,1.0373876094818115,-0.9783227443695068,-0.5043095350265503,4.079999923706055,0.6180241703987122,0.9477596282958984,-0.25658828020095825,1.4822089672088623,-0.3800283372402191,-0.0969223827123642,1.270201563835144,-0.6897240877151489,1.9857279062271118,0.6636362075805664,-0.23765042424201965,1.108169674873352,-0.9269619584083557,-0.5321235060691833,0.3293726444244385,0.37012383341789246,-0.055528029799461365,0.6530078649520874,0.18392299115657806,0.31741833686828613,-0.04567299783229828,-1.0274111032485962,-0.2939523458480835,-0.9245584011077881,1.5747437477111816,2.2002596855163574,-2.1896114349365234,-1.9905563592910767,0.281503826379776,0.2508000433444977,0.1242699846625328,0.5035430192947388,0.3746548891067505,0.22807060182094574,-0.051221027970314026,-1.0012836456298828,-0.2665144205093384,-0.9183919429779053,1.6338560581207275,2.1826579570770264,-2.1976239681243896,-1.9878270626068115,3.8092565536499023,5.408154010772705,-2.322819948196411,12.64773178100586,-1.8402200937271118,0.8013767600059509,2.6452760696411133,-0.8134304285049438,2.982027769088745,0.15073557198047638,-2.5081787109375,-0.029666393995285034,0.18860508501529694,0.4401744306087494
1.9609999999999999,-0.13087961077690125,0.9505274295806885,-0.264697402715683,-2.2980589866638184,0.025438593700528145,0.7633137106895447,0.01877887360751629,0.9383853077888489,-0.34508016705513,0.0,0.0,0.20000000298023224,0.0,0.3113554120063782,0.3011578917503357,0.08317459374666214,0.6253110766410828,0.3603283166885376,0.24305252730846405,-0.02919558249413967,-1.015408992767334,-0.24580803513526917,-0.9322119355201721,1.6125017404556274,2.1907994747161865,-2.188931703567505,-1.9907194375991821,2.3344051837921143,4.979568004608154,-5.606982707977295,11.669211387634277,-1.4255030155181885,1.7155486345291138,1.7050877809524536,-1.834437608718872,1.1350756883621216,-1.0085307359695435,-1.7453724145889282,0.9603551626205444,1.0939950942993164,0.357174813747406,0.6180241703987122,0.9477596282958984,-0.25658828020095825,1.4822089672088623,-0.3800283372402191,-0.0969223827123642,1.270201563835144,-0.6897240877151489,1.9857279062271118,0.6636362075805664,-0.23765042424201965,1.108169674873352,-0.9269619584083557,-0.5321235060691833,4.060999870300293,0.6353265047073364,0.9758123755455017,-0.3661133646965027,1.6360481977462769,-0.11901772022247314,-0.2001037746667862,1.2501397132873535,-0.7078167796134949,1.782895565032959,0.8136980533599854,-0.14658738672733307,1.1331368684768677,-0.9692847728729248,-0.3974403142929077,0.32351794838905334,0.42901501059532166,-0.11929235607385635,0.7355159521102905,0.2673070728778839,0.3137832283973694,-0.05935155600309372,-1.0397098064422607,-0.33705228567123413,-0.8946546912193298,1.5887250900268555,2.221414089202881,-2.1980769634246826,-1.9555883407592773,0.3113554120063782,0.3011578917503357,0.08317459374666214,0.6253110766410828,0.3603283166885376,0.24305252730846405,-0.02919558249413967,-1.015408992767334,-0.24580803513526917,-0.9322119355201721,1.6125017404556274,2.1907994747161865,-2.188931703567505,-1.9907194375991821,2.3344051837921143,4.979568004608154,-5.606982707977295,11.669211387634277,-1.4255030155181885,1.7155486345291138,1.7050877809524536,-1.834437608718872,1.1350756883621216,-1.0085307359695435,-1.7453724145889282,0.9603551626205444,1.0939950942993164,0.357174813747406
1.98,-0.16055899858474731,1.3526242971420288,-0.29352033138275146,-1.124895453453064,-0.051989875733852386,0.4882413446903229,0.029556650668382645,0.9477316737174988,-0.3176965117454529,0.0,0.0,0.20000000298023224,0.0,0.3227384686470032,0.38683217763900757,-0.082125224173069,0.7919721007347107,0.34010496735572815,0.2714299261569977,-0.0145819541066885,-1.0433155298233032,-0.2700873017311096,-0.9111621379852295,1.6011581420898438,2.1911420822143555,-2.1915369033813477,-1.9631844758987427,-0.3905527889728546,4.2774434089660645,-9.54198169708252,6.262495040893555,-0.6736063361167908,1.5622892379760742,-0.09446899592876434,-1.2111810445785522,-2.3641772270202637,0.9749882817268372,-0.06705690920352936,0.09918283671140671,-0.21520067751407623,2.068549156188965,0.6353265047073364,0.9758123755455017,-0.3661133646965027,1.6360481977462769,-0.11901772022247314,-0.2001037746667862,1.2501397132873535,-0.7078167796134949,1.782895565032959,0.8136980533599854,-0.14658738672733307,1.1331368684768677,-0.9692847728729248,-0.3974403142929077,4.040999889373779,0.7603113651275635,0.8298816680908203,-0.04631376266479492,1.8323721885681152,-0.2006964534521103,-0.38495469093322754,1.4139587879180908,-0.8832228779792786,1.7375373840332031,0.766897976398468,0.11108451336622238,1.2032825946807861,-1.121379017829895,-0.41115832328796387,0.35183680057525635,0.4219779372215271,-0.07122461497783661,0.8258510231971741,0.28857940435409546,0.2657529413700104,-0.025236066430807114,-1.0897105932235718,-0.3699418008327484,-0.8914028406143188,1.6601336002349854,2.2495276927948,-2.240333080291748,-1.9415338039398193,0.3227384686470032,0.38683217763900757,-0.082125224173069,0.7919721007347107,0.34010496735572815,0.2714299261569977,-0.0145819541066885,-1.0433155298233032,-0.2700873017311096,-0.9111621379852295,1.6011581420898438,2.1911420822143555,-2.1915369033813477,-1.9631844758987427,-0.3905527889728546,4.2774434089660645,-9.54198169708252,6.262495040893555,-0.6736063361167908,1.5622892379760742,-0.09446899592876434,-1.2111810445785522,-2.3641772270202637,0.9749882817268372,-0.06705690920352936,0.09918283671140671,-0.21520067751407623,2.068549156188965
2.003,-0.16055899858474731,1.3526242971420288,-0.29352033138275146,-1.6936054229736328,-0.9077860713005066,0.7389317750930786,0.03895552083849907,0.9575698971748352,-0.28555628657341003,0.0,0.0,0.20000000298023224,0.0,0.3189690113067627,0.467805951833725,-0.2416384071111679,0.8786196708679199,0.33998891711235046,0.297583669424057,-0.02336893416941166,-1.0549275875091553,-0.3009433448314667,-0.8914769887924194,1.5908757448196411,2.19881010055542,-2.221888303756714,-1.9514614343643188,0.45240089297294617,3.8959197998046875,-5.449458122253418,4.4391069412231445,1.4869073629379272,0.6969367265701294,-0.4122065007686615,-1.3015154600143433,-1.906059980392456,1.0298209190368652,0.08308529853820801,2.0095438957214355,-4.830653667449951,1.7404041290283203,0.7603113651275635,0.8298816680908203,-0.04631376266479492,1.8323721885681152,-0.2006964534521103,-0.38495469093322754,1.4139587879180908,-0.8832228779792786,1.7375373840332031,0.766897976398468,0.11108451336622238,1.2032825946807861,-1.121379017829895,-0.41115832328796387,4.020999908447266,1.003075361251831,0.6517636775970459,0.1986221820116043,1.6414440870285034,-0.5424721240997314,-0.37724971771240234,1.6315279006958008,-1.2213990688323975,1.691038966178894,0.543381929397583,0.2687230408191681,1.0489256381988525,-1.2313456535339355,-0.43190082907676697,0.42668724060058594,0.373929888010025,0.014043238013982773,0.8232865333557129,0.21377167105674744,0.24366404116153717,0.04621395468711853,-1.1992549896240234,-0.39801114797592163,-0.9456559419631958,1.7352476119995117,2.2249951362609863,-2.2889528274536133,-1.9396920204162598,0.3239988088607788,0.5005591511726379,-0.2741290330886841,0.9149698615074158,0.35046809911727905,0.30215829610824585,-0.03262129798531532,-1.0600613355636597,-0.31218135356903076,-0.8860509991645813,1.589882731437683,2.209897041320801,-2.241603374481201,-1.940713882446289,0.49822866916656494,2.6319143772125244,-1.5496487617492676,2.927638292312622,0.812480628490448,0.22770123183727264,-1.2609659433364868,-0.01198025792837143,-0.7334818840026855,0.33607640862464905,-0.16100510954856873,0.5980484485626221,-0.3791748285293579,0.41145816445350647
2.021,-0.27871814370155334,1.4540263414382935,-0.20414015650749207,-2.0163662433624268,-1.6020488739013672,1.2490220069885254,0.048628948628902435,0.9647142887115479,-0.25876927375793457,0.0,0.0,0.20000000298023224,0.0,0.3304290473461151,0.5157454609870911,-0.26958292722702026,0.9359042644500732,0.3593127131462097,0.3017413914203644,-0.04435895383358002,-1.0616148710250854,-0.3209625482559204,-0.9003368616104126,1.5966850519180298,2.205758571624756,-2.279125213623047,-1.9296534061431885,0.6101492643356323,0.4028628468513489,2.2286458015441895,1.7456742525100708,0.6768820285797119,-0.5152800679206848,-1.0074745416641235,-0.7665001153945923,-0.37785568833351135,-1.639777421951294,1.1073102951049805,-0.18099619448184967,-4.702888488769531,0.33045825362205505,1.003075361251831,0.6517636775970459,0.1986221820116043,1.6414440870285034,-0.5424721240997314,-0.37724971771240234,1.6315279006958008,-1.2213990688323975,1.691038966178894,0.543381929397583,0.2687230408191681,1.0489256381988525,-1.2313456535339355,-0.43190082907676697,4.000999927520752,1.2801659107208252,0.4761022627353668,0.3713913559913635,1.3445184230804443,-0.9841609597206116,-0.26488155126571655,1.7205238342285156,-1.2984596490859985,1.5569208860397339,0.07112579047679901,0.38930878043174744,0.9055591225624084,-1.3778709173202515,-0.5720700025558472,0.5333850979804993,0.3059905171394348,0.09986945986747742,0.7477728724479675,0.0659455955028534,0.2607116401195526,0.10418795049190521,-1.2732924222946167,-0.4455753564834595,-1.0908465385437012,1.8029509782791138,2.1768875122070312,-2.3498940467834473,-1.973813533782959,0.3304290473461151,0.5157454609870911,-0.26958292722702026,0.9359042644500732,0.3593127131462097,0.3017413914203644,-0.04435895383358002,-1.0616148710250854,-0.3209625482559204,-0.9003368616104126,1.5966850519180298,2.205758571624756,-2.279125213623047,-1.9296534061431885,0.6101492643356323,0.4028628468513489,2.2286458015441895,1.7456742525100708,0.6768820285797119,-0.5152800679206848,-1.0074745416641235,-0.7665001153945923,-0.37785568833351135,-1.639777421951294,1.1073102951049805,-0.18099619448184967,-4.702888488769531,0.33045825362205505
2.042,-0.27871814370155334,1.4540263414382935,-0.20414015650749207,-2.3868510723114014,-2.4316978454589844,1.5737067461013794,0.06785418093204498,0.9738656878471375,-0.21675202250480652,0.0,0.0,0.20000000298023224,0.0,0.34457677602767944,0.4783248007297516,-0.14798417687416077,0.9370445013046265,0.3696775436401367,0.2906428277492523,-0.059476081281900406,-1.0876610279083252,-0.32015591859817505,-0.951498806476593,1.6237049102783203,2.194973945617676,-2.3357632160186768,-1.9477448463439941,0.7700293660163879,-4.02607536315918,8.989399909973145,-2.4962446689605713,0.47390279173851013,0.31098848581314087,-0.0037013974506407976,-1.5182337760925293,0.5080292820930481,-5.841503620147705,2.287234306335449,-1.8369903564453125,-6.34355354309082,-2.672189235687256,1.2801659107208252,0.4761022627353668,0.3713913559913635,1.3445184230804443,-0.9841609597206116,-0.26488155126571655,1.7205238342285156,-1.2984596490859985,1.5569208860397339,0.07112579047679901,0.38930878043174744,0.9055591225624084,-1.3778709173202515,-0.5720700025558472,3.9809999465942383,1.1934831142425537,0.5246247053146362,0.1932019591331482,1.1892904043197632,-1.0028799772262573,-0.06413111090660095,1.3504765033721924,-0.8431219458580017,1.4154820442199707,-0.21139878034591675,0.0887625589966774,1.0136797428131104,-1.1537967920303345,-0.6156493425369263,0.5650633573532104,0.28415143489837646,0.09823521971702576,0.6712090373039246,-0.012647196650505066,0.31942301988601685,0.04066311568021774,-1.196476697921753,-0.5047171711921692,-1.2340729236602783,1.7616660594940186,2.179863691329956,-2.3243460655212402,-2.0017690658569336,0.34457677602767944,0.4783248007297516,-0.14798417687416077,0.9370445013046265,0.3696775436401367,0.2906428277492523,-0.059476081281900406,-1.0876610279083252,-0.32015591859817505,-0.951498806476593,1.6237049102783203,2.194973945617676,-2.3357632160186768,-1.9477448463439941,0.7700293660163879,-4.02607536315918,8.989399909973145,-2.4962446689605713,0.47390279173851013,0.31098848581314087,-0.0037013974506407976,-1.5182337760925293,0.5080292820930481,-5.841503620147705,2.287234306335449,-1.8369903564453125,-6.34355354309082,-2.672189235687256
2.063,-0.5154570937156677,1.6604152917861938,-0.2896743416786194,-1.9098165035247803,-2.5764803886413574,1.0531532764434814,0.08899982273578644,0.9816423058509827,-0.16869321465492249,0.0,0.0,0.20000000298023224,0.0,0.3555123209953308,0.3574828505516052,0.06515137106180191,0.833264172077179,0.38008248805999756,0.2895936667919159,-0.054477062076330185,-1.1323529481887817,-0.3031724691390991,-1.0588845014572144,1.6620773077011108,2.158566474914551,-2.3403708934783936,-1.9921361207962036,0.11130616068840027,-7.455038547515869,10.906789779663086,-8.35863971710205,1.1007134914398193,0.7571383118629456,0.3538292944431305,-1.3593446016311646,0.13989675045013428,-7.920304298400879,1.3226453065872192,-2.272287607192993,3.6584038734436035,-3.568925142288208,1.1934831142425537,0.5246247053146362,0.1932019591331482,1.1892904043197632,-1.0028799772262573,-0.06413111090660095,1.3504765033721924,-0.8431219458580017,1.4154820442199707,-0.21139878034591675,0.0887625589966774,1.0136797428131104,-1.1537967920303345,-0.6156493425369263,3.9600000381469727,1.0170115232467651,0.5864356160163879,0.24407051503658295,1.0450562238693237,-0.7344936728477478,0.19236508011817932,1.0814898014068604,-0.5203879475593567,1.509303092956543,-0.1675032675266266,-0.14555692672729492,1.1288686990737915,-0.6466845273971558,-0.5244230628013611,0.5367845296859741,0.288684606552124,0.11013524234294891,0.5968685746192932,0.015152983367443085,0.4129027724266052,-0.058345977216959,-1.0773853063583374,-0.5108327865600586,-1.2947123050689697,1.6824438571929932,2.210149049758911,-2.1847941875457764,-1.9929403066635132,0.35549333691596985,0.28217360377311707,0.16401053965091705,0.741491973400116,0.39179661870002747,0.29258620738983154,-0.04761157184839249,-1.1496912240982056,-0.299981027841568,-1.121425747871399,1.6829829216003418,2.1398496627807617,-2.327261209487915,-2.0064752101898193,-0.005951048340648413,-7.3041863441467285,9.033785820007324,-9.421883583068848,1.2744859457015991,0.010306593030691147,1.0139542818069458,-2.011458396911621,0.3502085208892822,-5.150404930114746,2.5266804695129395,-1.3068125247955322,0.030952466651797295,-0.4422501027584076
2.08,-0.5154570937156677,1.6604152917861938,-0.2896743416786194,-1.7694189548492432,-2.233328342437744,0.7372525930404663,0.09571351855993271,0.9846881628036499,-0.14569877088069916,0.0,0.0,0.20000000298023224,0.0,0.35380837321281433,0.21575061976909637,0.24530461430549622,0.6418331861495972,0.4116261303424835,0.30050063133239746,-0.03752884641289711,-1.1623390913009644,-0.3087107241153717,-1.1893894672393799,1.6967297792434692,2.131654977798462,-2.268218994140625,-2.0100793838500977,-0.23052264750003815,-5.976490020751953,7.397681713104248,-10.422840118408203,2.008193254470825,1.1851811408996582,0.4301987886428833,-0.28977254033088684,-1.0192358493804932,-6.2627105712890625,0.5957762598991394,-0.8141596913337708,12.719358444213867,0.14765021204948425,1.0170115232467651,0.5864356160163879,0.24407051503658295,1.0450562238693237,-0.7344936728477478,0.19236508011817932,1.0814898014068604,-0.5203879475593567,1.509303092956543,-0.1675032675266266,-0.14555692672729492,1.1288686990737915,-0.6466845273971558,-0.5244230628013611,3.940999984741211,0.8721641898155212,0.5789917707443237,0.2647014856338501,0.9282740950584412,-0.7496136426925659,0.1472996175289154,0.7858557105064392,-0.6263033747673035,1.5073593854904175,0.07531636953353882,-0.10606908798217773,1.1210533380508423,-0.510619044303894,-0.5738538503646851,0.48643332719802856,0.28909024596214294,0.12124299257993698,0.5305027961730957,0.02527308091521263,0.44837629795074463,-0.1817590445280075,-1.044318437576294,-0.5143765211105347,-1.264327049255371,1.6527047157287598,2.2233378887176514,-2.0810017585754395,-2.0008835792541504,0.35380837321281433,0.21575061976909637,0.24530461430549622,0.6418331861495972,0.4116261303424835,0.30050063133239746,-0.03752884641289711,-1.1623390913009644,-0.3087107241153717,-1.1893894672393799,1.6967297792434692,2.131654977798462,-2.268218994140625,-2.0100793838500977,-0.23052264750003815,-5.976490020751953,7.397681713104248,-10.422840118408203,2.008193254470825,1.1851811408996582,0.4301987886428833,-0.28977254033088684,-1.0192358493804932,-6.2627105712890625,0.5957762598991394,-0.8141596913337708,12.719358444213867,0.14765021204948425
2.102,-0.5414371490478516,1.7817878723144531,-0.2175988107919693,-2.0615227222442627,-1.4671306610107422,0.5450524687767029,0.10210639983415604,0.988781750202179,-0.10901819914579391,0.0,0.0,0.20000000298023224,0.0,0.35561177134513855,0.15521468222141266,0.332720011472702,0.47430989146232605,0.44247448444366455,0.3276246190071106,-0.02446409873664379,-1.150502324104309,-0.3109917938709259,-1.2496689558029175,1.7213327884674072,2.145024061203003,-2.1202495098114014,-2.015455961227417,0.13339613378047943,-0.5583814978599548,1.6441104412078857,-6.536197662353516,1.2331870794296265,2.002202033996582,-0.346666544675827,1.5467077493667603,-0.06791497021913528,-1.2456581592559814,0.7199734449386597,1.65569007396698,10.111699104309082,-0.601108729839325,0.8721641898155212,0.5789917707443237,0.2647014856338501,0.9282740950584412,-0.7496136426925659,0.1472996175289154,0.7858557105064392,-0.6263033747673035,1.5073593854904175,0.07531636953353882,-0.10606908798217773,1.1210533380508423,-0.510619044303894,-0.5738538503646851,3.9210000038146973,0.9426138401031494,0.5697329044342041,0.3326275944709778,0.96142578125,-0.8029230237007141,-0.13423705101013184,1.0473042726516724,-1.0478029251098633,1.6251001358032227,0.3551262617111206,0.03596649318933487,1.207875370979309,-0.6855241060256958,-0.749758780002594,0.47887012362480164,0.2869783639907837,0.14377839863300323,0.5056078433990479,0.017005784437060356,0.3957288861274719,-0.17810344696044922,-1.133159875869751,-0.4867132306098938,-1.1791819334030151,1.6733438968658447,2.2516379356384277,-2.072831869125366,-2.0488314628601074,0.35796576738357544,0.16567417979240417,0.33036568760871887,0.42610669136047363,0.45239150524139404,0.3496153950691223,-0.03038973920047283,-1.1347497701644897,-0.3095744848251343,-1.2605605125427246,1.7330893278121948,2.1642072200775146,-2.066767692565918,-2.0123238563537598,0.40457218885421753,2.343146562576294,-1.5857893228530884,-3.2173702716827393,0.8348358869552612,2.253129720687866,-0.7429494857788086,1.5906174182891846,0.18993204832077026,-0.8208672404289246,1.2532424926757812,2.1745102405548096,1.95699942111969,0.5718517303466797
2.12,-0.5414371490478516,1.7817878723144531,-0.2175988107919693,-2.495009660720825,-0.605266273021698,0.3767087161540985,0.10937556624412537,0.9918758869171143,-0.06495590507984161,0.0,0.0,0.20000000298023224,0.0,0.36335375905036926,0.20065070688724518,0.3011588752269745,0.4179198443889618,0.4528641402721405,0.36476486921310425,-0.04260226711630821,-1.125127911567688,-0.2960701584815979,-1.2444144487380981,1.7466870546340942,2.203533172607422,-2.0630671977996826,-2.0356404781341553,0.5517862439155579,4.119315147399902,-3.935819149017334,0.9972074031829834,-1.173817753791809,0.4850439131259918,-1.7435638904571533,-0.11349721252918243,3.3547627925872803,3.9633326530456543,1.4971866607666016,5.758594036102295,0.20751997828483582,-4.699427127838135,0.9426138401031494,0.5697329044342041,0.3326275944709778,0.96142578125,-0.8029230237007141,-0.13423705101013184,1.0473042726516724,-1.0478029251098633,1.6251001358032227,0.3551262617111206,0.03596649318933487,1.207875370979309,-0.6855241060256958,-0.749758780002594,3.9010000228881836,1.0449224710464478,0.519731879234314,0.24245889484882355,1.5379955768585205,-0.4327966570854187,-0.11065854132175446,1.5292482376098633,-0.9346807599067688,1.749201774597168,0.42126989364624023,-0.08678137511014938,1.3526464700698853,-0.8708907961845398,-0.7769050598144531,0.5006656646728516,0.27342215180397034,0.1325039267539978,0.637302815914154,0.10540372878313065,0.3752998113632202,-0.05578964948654175,-1.1493000984191895,-0.44185617566108704,-1.1200735569000244,1.652976632118225,2.301980495452881,-2.11508846282959,-2.079591989517212,0.36335375905036926,0.20065070688724518,0.3011588752269745,0.4179198443889618,0.4528641402721405,0.36476486921310425,-0.04260226711630821,-1.125127911567688,-0.2960701584815979,-1.2444144487380981,1.7466870546340942,2.203533172607422,-2.0630671977996826,-2.0356404781341553,0.5517862439155579,4.119315147399902,-3.935819149017334,0.9972074031829834,-1.173817753791809,0.4850439131259918,-1.7435638904571533,-0.11349721252918243,3.3547627925872803,3.9633326530456543,1.4971866607666016,5.758594036102295,0.20751997828483582,-4.699427127838135
2.141,-0.33923131227493286,1.8102989196777344,0.20955294370651245,-3.395338535308838,-0.13183113932609558,0.18458636105060577,0.11408102512359619,0.9934430122375488,-0.007513395976275206,0.0,0.0,0.20000000298023224,0.0,0.38267782330513,0.3049311935901642,0.20697644352912903,0.48950284719467163,0.4490557610988617,0.36633095145225525,-0.06405696272850037,-1.1386971473693848,-0.2731090188026428,-1.1772316694259644,1.722747802734375,2.28578519821167,-2.102090358734131,-2.074374198913574,1.6376579999923706,5.731496810913086,-4.495668888092041,7.131655693054199,-0.07103388756513596,-0.34358277916908264,0.010032054036855698,-1.3445817232131958,0.7670965790748596,2.948857545852661,-3.5870285034179688,3.7636139392852783,-3.6154367923736572,-1.0977727174758911,1.0449224710464478,0.519731879234314,0.24245889484882355,1.5379955768585205,-0.4327966570854187,-0.11065854132175446,1.5292482376098633,-0.9346807599067688,1.749201774597168,0.42126989364624023,-0.08678137511014938,1.3526464700698853,-0.8708907961845398,-0.7769050598144531,3.88100004196167,0.8474316000938416,0.7725385427474976,0.1567324846982956,2.111450672149658,-0.6085879802703857,0.016369421035051346,1.6454226970672607,-0.9393120408058167,1.8463399410247803,0.37834736704826355,-0.13506795465946198,1.4694862365722656,-1.0202655792236328,-0.6534196138381958,0.46219074726104736,0.32984572649002075,0.1054350882768631,0.846514105796814,0.10565486550331116,0.39684224128723145,0.03441086411476135,-1.1585280895233154,-0.3951430916786194,-1.1012499332427979,1.6307213306427002,2.3563618659973145,-2.173560619354248,-2.064100742340088,0.38267782330513,0.3049311935901642,0.20697644352912903,0.48950284719467163,0.4490557610988617,0.36633095145225525,-0.06405696272850037,-1.1386971473693848,-0.2731090188026428,-1.1772316694259644,1.722747802734375,2.28578519821167,-2.102090358734131,-2.074374198913574,1.6376579999923706,5.731496810913086,-4.495668888092041,7.131655693054199,-0.07103388756513596,-0.34358277916908264,0.010032054036855698,-1.3445817232131958,0.7670965790748596,2.948857545852661,-3.5870285034179688,3.7636139392852783,-3.6154367923736572,-1.0977727174758911
2.161,-0.33923131227493286,1.8102989196777344,0.20955294370651245,-3.796499252319336,-0.32023364305496216,0.38404884934425354,0.11952976882457733,0.9908919930458069,0.062013354152441025,0.0,0.0,0.20000000298023224,0.0,0.4155840575695038,0.39689409732818604,0.12139787524938583,0.6670156717300415,0.4406472146511078,0.36573898792266846,-0.061040982604026794,-1.1639899015426636,-0.2432619035243988,-1.1294671297073364,1.6423300504684448,2.33994460105896,-2.164435386657715,-2.0682685375213623,2.0397989749908447,3.966794967651367,-3.373866558074951,12.209734916687012,-0.71292644739151,0.6452916264533997,0.8380947709083557,-1.8269599676132202,1.806241750717163,1.6382492780685425,-4.423729419708252,3.3313188552856445,-4.910783767700195,1.2634963989257812,0.8474316000938416,0.7725385427474976,0.1567324846982956,2.111450672149658,-0.6085879802703857,0.016369421035051346,1.6454226970672607,-0.9393120408058167,1.8463399410247803,0.37834736704826355,-0.13506795465946198,1.4694862365722656,-1.0202655792236328,-0.6534196138381958,3.8610000610351562,0.9679179191589355,1.0582998991012573,0.008243799209594727,2.0986850261688232,-0.5940110683441162,0.0022271722555160522,1.591909408569336,-0.8971527218818665,1.861450433731079,0.38009342551231384,-0.29147952795028687,1.4461150169372559,-1.022054672241211,-0.548262357711792,0.47307485342025757,0.4294978380203247,0.05477849394083023,0.9479283094406128,0.1094246655702591,0.4040779173374176,0.0661327987909317,-1.152602195739746,-0.36800894141197205,-1.0914015769958496,1.5804908275604248,2.3777096271514893,-2.2032439708709717,-2.0300660133361816,0.4155840575695038,0.39689409732818604,0.12139787524938583,0.6670156717300415,0.4406472146511078,0.36573898792266846,-0.061040982604026794,-1.1639899015426636,-0.2432619035243988,-1.1294671297073364,1.6423300504684448,2.33994460105896,-2.164435386657715,-2.0682685375213623,2.0397989749908447,3.966794967651367,-3.373866558074951,12.209734916687012,-0.71292644739151,0.6452916264533997,0.8380947709083557,-1.8269599676132202,1.806241750717163,1.6382492780685425,-4.423729419708252,3.3313188552856445,-4.910783767700195,1.2634963989257812
2.18,-0.32544994354248047,1.9493865966796875,0.4330264925956726,-3.5140252113342285,-0.6220424175262451,0.5545547604560852,0.1304987072944641,0.9824708700180054,0.13312050700187683,0.0,0.0,0.20000000298023224,0.0,0.4493236243724823,0.4450832009315491,0.06017857789993286,0.9139195680618286,0.42950907349586487,0.38289156556129456,-0.043128639459609985,-1.1748547554016113,-0.20856304466724396,-1.1039220094680786,1.566688060760498,2.3705790042877197,-2.2049269676208496,-2.0370845794677734,1.5671623945236206,1.854791283607483,-2.8242177963256836,12.189069747924805,-0.2983599603176117,1.1342694759368896,1.497718095779419,0.33991286158561707,1.196035623550415,0.8709661364555359,-3.5113627910614014,0.4146517515182495,-2.081275463104248,2.651392698287964,0.9679179191589355,1.0582998991012573,0.008243799209594727,2.0986850261688232,-0.5940110683441162,0.0022271722555160522,1.591909408569336,-0.8971527218818665,1.861450433731079,0.38009342551231384,-0.29147952795028687,1.4461150169372559,-1.022054672241211,-0.548262357711792,3.8410000801086426,1.0826139450073242,1.1615973711013794,0.02925945818424225,1.969009518623352,-0.6646366715431213,3.2920390367507935e-05,1.5501770973205566,-1.1673009395599365,1.7649598121643066,0.28321465849876404,-0.14709483087062836,1.389286994934082,-1.0418874025344849,-0.590004026889801,0.5071909427642822,0.5051482915878296,0.03470411151647568,0.9662165641784668,0.09365316480398178,0.4071471691131592,0.07156068831682205,-1.2171763181686401,-0.3785645365715027,-1.1106971502304077,1.5914716720581055,2.374176502227783,-2.223043918609619,-2.023483991622925,0.4493236243724823,0.4450832009315491,0.06017857789993286,0.9139195680618286,0.42950907349586487,0.38289156556129456,-0.043128639459609985,-1.1748547554016113,-0.20856304466724396,-1.1039220094680786,1.566688060760498,2.3705790042877197,-2.2049269676208496,-2.0370845794677734,1.5671623945236206,1.854791283607483,-2.8242177963256836,12.189069747924805,-0.2983599603176117,1.1342694759368896,1.497718095779419,0.33991286158561707,1.196035623550415,0.8709661364555359,-3.5113627910614014,0.4146517515182495,-2.081275463104248,2.651392698287964
2.2,-0.32544994354248047,1.9493865966796875,0.4330264925956726,-3.067002296447754,-0.7766425609588623,0.4434981942176819,0.14277507364749908,0.9706713557243347,0.19342274963855743,0.0,0.0,0.20000000298023224,0.0,0.4656710922718048,0.4676048755645752,-0.008109059184789658,1.0914990901947021,0.43419349193573,0.4066246747970581,-0.021492309868335724,-1.1552335023880005,-0.20223218202590942,-1.1107258796691895,1.5342679023742676,2.3547492027282715,-2.228029489517212,-2.017185688018799,0.47418007254600525,1.3576209545135498,-3.534539222717285,5.971292495727539,0.34127482771873474,0.7736591696739197,0.9487866163253784,0.5729244947433472,0.2652585506439209,0.04466952010989189,-0.34955069422721863,-1.214432716369629,-0.8454380035400391,0.18192383646965027,1.0826139450073242,1.1615973711013794,0.02925945818424225,1.969009518623352,-0.6646366715431213,3.2920390367507935e-05,1.5501770973205566,-1.1673009395599365,1.7649598121643066,0.28321465849876404,-0.14709483087062836,1.389286994934082,-1.0418874025344849,-0.590004026889801,3.821000099182129,1.1855401992797852,0.9160053730010986,0.2320927083492279,1.8088898658752441,-0.8951913714408875,-0.0012868642807006836,1.542966604232788,-1.4043056964874268,1.6686865091323853,0.10067680478096008,0.2546309530735016,1.333843469619751,-1.1791162490844727,-0.6972659826278687,0.5499805212020874,0.48157548904418945,0.07537522912025452,0.9353307485580444,0.028128739446401596,0.408351868391037,0.07247200608253479,-1.3087146282196045,-0.40791064500808716,-1.1659793853759766,1.6973936557769775,2.358549118041992,-2.2672510147094727,-2.047008514404297,0.4656710922718048,0.4676048755645752,-0.008109059184789658,1.0914990901947021,0.43419349193573,0.4066246747970581,-0.021492309868335724,-1.1552335023880005,-0.20223218202590942,-1.1107258796691895,1.5342679023742676,2.3547492027282715,-2.228029489517212,-2.017185688018799,0.47418007254600525,1.3576209545135498,-3.534539222717285,5.971292495727539,0.34127482771873474,0.7736591696739197,0.9487866163253784,0.5729244947433472,0.2652585506439209,0.04466952010989189,-0.34955069422721863,-1.214432716369629,-0.8454380035400391,0.18192383646965027
2.22,-0.4446425139904022,2.306759834289551,0.5195043087005615,-3.089357852935791,-1.0327051877975464,0.505137026309967,0.15546685457229614,0.9557637572288513,0.24969109892845154,0.0,0.0,0.20000000298023224,0.0,0.4689081013202667,0.4942292869091034,-0.06363587826490402,1.1299766302108765,0.4425162672996521,0.41943901777267456,-0.00898789893835783,-1.1547120809555054,-0.19902163743972778,-1.1324626207351685,1.552643060684204,2.3221516609191895,-2.2685048580169678,-2.0365471839904785,-0.012900098226964474,1.0387104749679565,-1.5277875661849976,-1.3074672222137451,0.3512686491012573,0.2513990104198456,0.016635186970233917,-1.2946481704711914,0.3079776465892792,-1.3408840894699097,2.6058239936828613,-1.4776945114135742,-2.4724786281585693,-1.3826731443405151,1.1855401992797852,0.9160053730010986,0.2320927083492279,1.8088898658752441,-0.8951913714408875,-0.0012868642807006836,1.542966604232788,-1.4043056964874268,1.6686865091323853,0.10067680478096008,0.2546309530735016,1.333843469619751,-1.1791162490844727,-0.6972659826278687,3.8010001182556152,1.484399676322937,0.6515882015228271,0.3961695432662964,1.518678903579712,-1.1853264570236206,-0.077847421169281,1.4673364162445068,-1.4744696617126465,1.4623665809631348,-0.23069679737091064,0.6254159212112427,1.3734289407730103,-1.458900809288025,-0.8431196212768555,0.6460901498794556,0.4036847949028015,0.13673000037670135,0.8473351001739502,-0.07716724276542664,0.3898140788078308,0.054020121693611145,-1.3720247745513916,-0.474163681268692,-1.2764638662338257,1.8430508375167847,2.3606319427490234,-2.3593006134033203,-2.0952341556549072,0.4689081013202667,0.4942292869091034,-0.06363587826490402,1.1299766302108765,0.4425162672996521,0.41943901777267456,-0.00898789893835783,-1.1547120809555054,-0.19902163743972778,-1.1324626207351685,1.552643060684204,2.3221516609191895,-2.2685048580169678,-2.0365471839904785,-0.012900098226964474,1.0387104749679565,-1.5277875661849976,-1.3074672222137451,0.3512686491012573,0.2513990104198456,0.016635186970233917,-1.2946481704711914,0.3079776465892792,-1.3408840894699097,2.6058239936828613,-1.4776945114135742,-2.4724786281585693,-1.3826731443405151
2.24,-0.4446425139904022,2.306759834289551,0.5195043087005615,-3.5514464378356934,-1.539547324180603,0.8284955620765686,0.1754060983657837,0.9354550838470459,0.3068493604660034,0.0,0.0,0.20000000298023224,0.0,0.467961847782135,0.49655282497406006,-0.049669764935970306,1.0505114793777466,0.45562660694122314,0.41831961274147034,-0.018077703192830086,-1.2024368047714233,-0.20700867474079132,-1.1830939054489136,1.6309810876846313,2.307811737060547,-2.340017795562744,-2.0833210945129395,0.06784385442733765,-1.1703386306762695,3.0653159618377686,-6.860741138458252,1.3347994089126587,-0.5314468741416931,-0.9544498324394226,-2.866969347000122,-1.6561628580093384,-3.778716564178467,5.7528228759765625,-1.0841139554977417,-6.526947498321533,-2.4720706939697266,1.484399676322937,0.6515882015228271,0.3961695432662964,1.518678903579712,-1.1853264570236206,-0.077847421169281,1.4673364162445068,-1.4744696617126465,1.4623665809631348,-0.23069679737091064,0.6254159212112427,1.3734289407730103,-1.458900809288025,-0.8431196212768555,3.7809998989105225,1.457658052444458,0.5895981192588806,0.07714346051216125,1.372035264968872,-1.17355477809906,0.00277763232588768,1.1821417808532715,-1.0273692607879639,1.2380845546722412,-0.4008522629737854,0.5848274827003479,1.5487526655197144,-1.469578742980957,-0.9425215721130371,0.6874595880508423,0.3492419123649597,0.08765086531639099,0.7666763663291931,-0.12687231600284576,0.40070146322250366,-0.026504479348659515,-1.2919046878814697,-0.5633606910705566,-1.3742449283599854,1.905732274055481,2.4055042266845703,-2.4079949855804443,-2.144197463989258,0.467961847782135,0.49655282497406006,-0.049669764935970306,1.0505114793777466,0.45562660694122314,0.41831961274147034,-0.018077703192830086,-1.2024368047714233,-0.20700867474079132,-1.1830939054489136,1.6309810876846313,2.307811737060547,-2.340017795562744,-2.0833210945129395,0.06784385442733765,-1.1703386306762695,3.0653159618377686,-6.860741138458252,1.3347994089126587,-0.5314468741416931,-0.9544498324394226,-2.866969347000122,-1.6561628580093384,-3.778716564178467,5.7528228759765625,-1.0841139554977417,-6.526947498321533,-2.4720706939697266
2.26,-0.5641394257545471,2.474170684814453,0.4851928651332855,-3.505099058151245,-1.7706475257873535,1.122479796409607,0.2055296003818512,0.9078049063682556,0.3655787706375122,0.0,0.0,0.20000000298023224,0.0,0.47175297141075134,0.44110429286956787,0.058655641973018646,0.8752766847610474,0.4906883239746094,0.40911728143692017,-0.04254208132624626,-1.254152774810791,-0.25755631923675537,-1.2715984582901,1.7516791820526123,2.3022615909576416,-2.409607172012329,-2.1492695808410645,-0.04528558626770973,-4.643342018127441,6.134515285491943,-10.898914337158203,2.4545509815216064,-0.5133059024810791,-1.5926411151885986,-1.7478328943252563,-3.917732000350952,-4.5470499992370605,6.577641010284424,-0.03221408277750015,-2.230351686477661,-2.286724805831909,1.457658052444458,0.5895981192588806,0.07714346051216125,1.372035264968872,-1.17355477809906,0.00277763232588768,1.1821417808532715,-1.0273692607879639,1.2380845546722412,-0.4008522629737854,0.5848274827003479,1.5487526655197144,-1.469578742980957,-0.9425215721130371,3.760999917984009,1.3429800271987915,0.6196168065071106,-0.0782318115234375,1.195482850074768,-1.1532763242721558,0.06669583171606064,0.9664141535758972,-0.7121680378913879,1.2602132558822632,-0.36231449246406555,0.4255918264389038,1.6275362968444824,-1.1912416219711304,-0.9387891888618469,0.6794748306274414,0.3295251727104187,0.02426747977733612,0.6822088956832886,-0.14665523171424866,0.4221246838569641,-0.12069869041442871,-1.1730443239212036,-0.6024270057678223,-1.4135010242462158,1.897264003753662,2.447636127471924,-2.362757921218872,-2.167746067047119,0.47175297141075134,0.44110429286956787,0.058655641973018646,0.8752766847610474,0.4906883239746094,0.40911728143692017,-0.04254208132624626,-1.254152774810791,-0.25755631923675537,-1.2715984582901,1.7516791820526123,2.3022615909576416,-2.409607172012329,-2.1492695808410645,-0.04528558626770973,-4.643342018127441,6.134515285491943,-10.898914337158203,2.4545509815216064,-0.5133059024810791,-1.5926411151885986,-1.7478328943252563,-3.917732000350952,-4.5470499992370605,6.577641010284424,-0.03221408277750015,-2.230351686477661,-2.286724805831909
2.2800000000000002,-0.5641394257545471,2.474170684814453,0.4851928651332855,-6.552619457244873,0.6008318662643433,-0.8624227643013,0.2145865261554718,0.8638323545455933,0.4557919502258301,0.0,0.0,0.20000000298023224,0.0,0.5105977058410645,0.3762737214565277,0.1979624330997467,0.6931552290916443,0.531193733215332,0.38380783796310425,-0.0717778131365776,-1.2766016721725464,-0.3266957998275757,-1.3546475172042847,1.8559561967849731,2.3161873817443848,-2.3688104152679443,-2.182939052581787,6.299104690551758,1.975190281867981,7.670529842376709,-5.366095066070557,2.0117294788360596,-3.376967430114746,-1.55303955078125,-0.3748052418231964,-2.621890068054199,-3.4273409843444824,4.789320945739746,0.26525062322616577,2.823878288269043,-1.929430603981018,1.3429800271987915,0.6196168065071106,-0.0782318115234375,1.195482850074768,-1.1532763242721558,0.06669583171606064,0.9664141535758972,-0.7121680378913879,1.2602132558822632,-0.36231449246406555,0.4255918264389038,1.6275362968444824,-1.1912416219711304,-0.9387891888618469,3.740999937057495,0.7450863718986511,0.46048736572265625,0.10875734686851501,1.6915278434753418,-1.2757558822631836,0.447378933429718,1.2367298603057861,-1.0175009965896606,1.650281310081482,-0.24627608060836792,0.5808830857276917,1.8408305644989014,-1.1801670789718628,-1.0883077383041382,0.5260090231895447,0.2798844277858734,0.039323076605796814,0.7639864087104797,-0.18716658651828766,0.5280070304870605,-0.10021686553955078,-1.1899473667144775,-0.5244431495666504,-1.4041194915771484,1.9318528175354004,2.5220255851745605,-2.3373708724975586,-2.216899871826172,0.5105977058410645,0.3762737214565277,0.1979624330997467,0.6931552290916443,0.531193733215332,0.38380783796310425,-0.0717778131365776,-1.2766016721725464,-0.3266957998275757,-1.3546475172042847,1.8559561967849731,2.3161873817443848,-2.3688104152679443,-2.182939052581787,6.299104690551758,1.975190281867981,7.670529842376709,-5.366095066070557,2.0117294788360596,-3.376967430114746,-1.55303955078125,-0.3748052418231964,-2.621890068054199,-3.4273409843444824,4.789320945739746,0.26525062322616577,2.823878288269043,-1.929430603981018
2.3,-0.7091743350028992,2.5392796993255615,0.5529729127883911,-3.691789388656616,2.0156683921813965,-0.6521751284599304,0.18803288042545319,0.8200187087059021,0.5405672788619995,0.0,0.0,0.20000000298023224,0.0,0.5854313373565674,0.3481573164463043,0.22274570167064667,0.6044270992279053,0.5214465856552124,0.34486159682273865,-0.09323650598526001,-1.3021187782287598,-0.3573875427246094,-1.4041792154312134,1.938440203666687,2.398076295852661,-2.3409624099731445,-2.2318203449249268,0.9218413233757019,-4.037304878234863,-4.109657287597656,-2.5635764598846436,-3.674518346786499,-0.09182869642972946,-0.4923843443393707,-1.63656485080719,-3.6984975337982178,-1.9424762725830078,2.946502685546875,5.890263080596924,1.6627576351165771,-1.4645425081253052,0.7450863718986511,0.46048736572265625,0.10875734686851501,1.6915278434753418,-1.2757558822631836,0.447378933429718,1.2367298603057861,-1.0175009965896606,1.650281310081482,-0.24627608060836792,0.5808830857276917,1.8408305644989014,-1.1801670789718628,-1.0883077383041382,3.7209999561309814,1.142293930053711,0.8278750777244568,-0.005161058157682419,1.7654355764389038,-1.0394245386123657,0.1564599573612213,1.244115948677063,-0.8243769407272339,2.126516342163086,-0.06474848091602325,0.3954183757305145,1.9328261613845825,-1.4276846647262573,-1.3568787574768066,0.5485780239105225,0.3469109833240509,0.018371272832155228,0.8233520984649658,-0.1483394205570221,0.50821852684021,-0.0881294310092926,-1.1501178741455078,-0.36639249324798584,-1.3540468215942383,1.9027810096740723,2.582219362258911,-2.386556625366211,-2.308619499206543,0.5854313373565674,0.3481573164463043,0.22274570167064667,0.6044270992279053,0.5214465856552124,0.34486159682273865,-0.09323650598526001,-1.3021187782287598,-0.3573875427246094,-1.4041792154312134,1.938440203666687,2.398076295852661,-2.3409624099731445,-2.2318203449249268,0.9218413233757019,-4.037304878234863,-4.109657287597656,-2.5635764598846436,-3.674518346786499,-0.09182869642972946,-0.4923843443393707,-1.63656485080719,-3.6984975337982178,-1.9424762725830078,2.946502685546875,5.890263080596924,1.6627576351165771,-1.4645425081253052
2.32,-0.7091743350028992,2.5392796993255615,0.5529729127883911,-5.479206085205078,2.7275264263153076,-0.21994638442993164,0.15248359739780426,0.7689135670661926,0.6209031343460083,0.0,0.0,0.20000000298023224,0.0,0.60483318567276,0.2788948118686676,0.11301823705434799,0.6447618007659912,0.33831319212913513,0.3626059889793396,-0.09094611555337906,-1.2953215837478638,-0.3696512281894684,-1.395872712135315,1.955463171005249,2.5189101696014404,-2.3772192001342773,-2.3058643341064453,2.236299514770508,-1.1156147718429565,-4.984742164611816,6.622494697570801,-13.078134536743164,1.8682867288589478,0.34364640712738037,2.394906997680664,2.0784852504730225,1.0449624061584473,-0.9671963453292847,5.091833591461182,-2.948256492614746,-3.714050769805908,1.142293930053711,0.8278750777244568,-0.005161058157682419,1.7654355764389038,-1.0394245386123657,0.1564599573612213,1.244115948677063,-0.8243769407272339,2.126516342163086,-0.06474848091602325,0.3954183757305145,1.9328261613845825,-1.4276846647262573,-1.3568787574768066,3.7009999752044678,0.8748385906219482,1.2068920135498047,-0.38144922256469727,2.149934768676758,-0.13408052921295166,0.06446494162082672,0.9650784134864807,-0.1356402039527893,2.446662425994873,0.25330716371536255,-0.31088361144065857,1.9213297367095947,-1.3518766164779663,-1.269357681274414,0.4929986596107483,0.47517848014831543,-0.08617667108774185,0.9491597414016724,0.0974101573228836,0.47532549500465393,-0.15184509754180908,-0.958018958568573,-0.2073306441307068,-1.2494966983795166,1.711669683456421,2.6094422340393066,-2.392197608947754,-2.33259916305542,0.60483318567276,0.2788948118686676,0.11301823705434799,0.6447618007659912,0.33831319212913513,0.3626059889793396,-0.09094611555337906,-1.2953215837478638,-0.3696512281894684,-1.395872712135315,1.955463171005249,2.5189101696014404,-2.3772192001342773,-2.3058643341064453,2.236299514770508,-1.1156147718429565,-4.984742164611816,6.622494697570801,-13.078134536743164,1.8682867288589478,0.34364640712738037,2.394906997680664,2.0784852504730225,1.0449624061584473,-0.9671963453292847,5.091833591461182,-2.948256492614746,-3.714050769805908
2.34,-0.5054312944412231,2.7308857440948486,0.8483710289001465,-5.689126968383789,2.5760176181793213,-0.6513940691947937,0.11171499639749527,0.6938901543617249,0.7113622426986694,0.0,0.0,0.20000000298023224,0.0,0.6310034990310669,0.3046466112136841,0.018499750643968582,0.8165740370750427,0.08247784525156021,0.4075731635093689,-0.08938524127006531,-1.2107809782028198,-0.33275705575942993,-1.3386263847351074,1.903955340385437,2.590693235397339,-2.382847309112549,-2.3389549255371094,-0.48354873061180115,4.3482208251953125,-5.014581680297852,9.240121841430664,-9.80881118774414,2.486375093460083,0.7231926321983337,7.057736396789551,2.631279706954956,3.91770339012146,-5.20814847946167,1.8261871337890625,0.37572765350341797,-0.5455920100212097,0.8748385906219482,1.2068920135498047,-0.38144922256469727,2.149934768676758,-0.13408052921295166,0.06446494162082672,0.9650784134864807,-0.1356402039527893,2.446662425994873,0.25330716371536255,-0.31088361144065857,1.9213297367095947,-1.3518766164779663,-1.269357681274414,3.680999994277954,0.7779881358146667,1.0329121351242065,-0.0773559957742691,2.4965648651123047,-0.08594252169132233,0.12247805297374725,1.0608563423156738,-0.6565427184104919,2.494586944580078,0.2167118936777115,-0.21018648147583008,1.9577494859695435,-1.3557285070419312,-1.1053805351257324,0.44099634885787964,0.49581727385520935,-0.0624273344874382,1.0987210273742676,0.2323194444179535,0.47338226437568665,-0.15975844860076904,-0.9921951293945312,-0.11581858992576599,-1.2063703536987305,1.6412882804870605,2.6321585178375244,-2.3959808349609375,-2.3035945892333984,0.6310034990310669,0.3046466112136841,0.018499750643968582,0.8165740370750427,0.08247784525156021,0.4075731635093689,-0.08938524127006531,-1.2107809782028198,-0.33275705575942993,-1.3386263847351074,1.903955340385437,2.590693235397339,-2.382847309112549,-2.3389549255371094,-0.48354873061180115,4.3482208251953125,-5.014581680297852,9.240121841430664,-9.80881118774414,2.486375093460083,0.7231926321983337,7.057736396789551,2.631279706954956,3.91770339012146,-5.20814847946167,1.8261871337890625,0.37572765350341797,-0.5455920100212097
2.36,-0.5054312944412231,2.7308857440948486,0.8483710289001465,-5.324462890625,2.095371961593628,-1.0436484813690186,0.06536128371953964,0.6153393387794495,0.7855478525161743,0.0,0.0,0.20000000298023224,0.0,0.5699625611305237,0.4282133877277374,-0.08480018377304077,1.0073658227920532,-0.027621213346719742,0.4599165916442871,-0.08186138421297073,-1.0794625282287598,-0.2681691348552704,-1.259647011756897,1.7806169986724854,2.636216402053833,-2.3832268714904785,-2.2988977432250977,-5.038713455200195,7.396237850189209,-4.023693084716797,10.798713684082031,-1.404755711555481,2.6081457138061523,-0.3132130205631256,5.376788139343262,3.8230462074279785,3.30954909324646,-6.884128093719482,2.883504629135132,-0.3824270963668823,3.2244133949279785,0.7779881358146667,1.0329121351242065,-0.0773559957742691,2.4965648651123047,-0.08594252169132233,0.12247805297374725,1.0608563423156738,-0.6565427184104919,2.494586944580078,0.2167118936777115,-0.21018648147583008,1.9577494859695435,-1.3557285070419312,-1.1053805351257324,3.6610000133514404,0.6951806545257568,0.6131503582000732,0.2593226730823517,2.815858840942383,-0.3926141858100891,0.10372860729694366,1.4412765502929688,-1.223034143447876,2.229475498199463,0.18312916159629822,0.10376298427581787,1.7478618621826172,-1.5037546157836914,-0.8132070302963257,0.39429333806037903,0.4011962413787842,0.03361700102686882,1.2533252239227295,0.22310617566108704,0.4677232801914215,-0.06861007213592529,-1.1509060859680176,-0.1363404244184494,-1.1932029724121094,1.6845848560333252,2.5910449028015137,-2.4348790645599365,-2.2160491943359375,0.5699625611305237,0.4282133877277374,-0.08480018377304077,1.0073658227920532,-0.027621213346719742,0.4599165916442871,-0.08186138421297073,-1.0794625282287598,-0.2681691348552704,-1.259647011756897,1.7806169986724854,2.636216402053833,-2.3832268714904785,-2.2988977432250977,-5.038713455200195,7.396237850189209,-4.023693084716797,10.798713684082031,-1.404755711555481,2.6081457138061523,-0.3132130205631256,5.376788139343262,3.8230462074279785,3.30954909324646,-6.884128093719482,2.883504629135132,-0.3824270963668823,3.2244133949279785
2.38,-0.3763948976993561,3.0333282947540283,1.019015908241272,-5.642625331878662,1.712083101272583,-0.3124123811721802,0.025975998491048813,0.527783989906311,0.8489813208580017,0.0,0.0,0.20000000298023224,0.0,0.4421752989292145,0.5471762418746948,-0.1291569024324417,1.209123134613037,0.006086758803576231,0.49574705958366394,-0.11231566965579987,-1.007344126701355,-0.21968655288219452,-1.2035455703735352,1.6767531633377075,2.652984857559204,-2.4328978061676025,-2.200930595397949,-7.232122421264648,3.142742156982422,0.571862518787384,11.347648620605469,3.0229811668395996,1.050713062286377,-2.298219680786133,0.42582106590270996,2.456085443496704,1.550588846206665,-3.9563064575195312,0.5327131152153015,-2.765054225921631,4.779688358306885,0.6951806545257568,0.6131503582000732,0.2593226730823517,2.815858840942383,-0.3926141858100891,0.10372860729694366,1.4412765502929688,-1.223034143447876,2.229475498199463,0.18312916159629822,0.10376298427581787,1.7478618621826172,-1.5037546157836914,-0.8132070302963257,3.6410000324249268,1.3510959148406982,0.6921747922897339,0.16932609677314758,2.156033992767334,-1.3678748607635498,0.251511812210083,1.553065538406372,-1.1285783052444458,1.89628005027771,-0.3287336528301239,0.48165905475616455,1.5797806978225708,-1.6849170923233032,-0.9435274600982666,0.5349206328392029,0.37364181876182556,0.059140026569366455,1.1656711101531982,-0.025315627455711365,0.5018395781517029,0.004911363124847412,-1.2066476345062256,-0.22990021109580994,-1.3145849704742432,1.800707221031189,2.5284676551818848,-2.4996187686920166,-2.2048563957214355,0.4421752989292145,0.5471762418746948,-0.1291569024324417,1.209123134613037,0.006086758803576231,0.49574705958366394,-0.11231566965579987,-1.007344126701355,-0.21968655288219452,-1.2035455703735352,1.6767531633377075,2.652984857559204,-2.4328978061676025,-2.200930595397949,-7.232122421264648,3.142742156982422,0.571862518787384,11.347648620605469,3.0229811668395996,1.050713062286377,-2.298219680786133,0.42582106590270996,2.456085443496704,1.550588846206665,-3.9563064575195312,0.5327131152153015,-2.765054225921631,4.779688358306885
2.402,-0.3763948976993561,3.0333282947540283,1.019015908241272,-6.86126184463501,2.1590640544891357,-0.03964352235198021,-0.017114102840423584,0.3829554617404938,0.9236082434654236,0.0,0.0,0.20000000298023224,0.0,0.3396855592727661,0.49786919355392456,-0.022311344742774963,1.364527940750122,0.07239897549152374,0.5082883238792419,-0.17694790661334991,-1.0371817350387573,-0.20641998946666718,-1.2574595212936401,1.6443912982940674,2.5436160564422607,-2.5223872661590576,-2.1973485946655273,2.324251651763916,-5.1760711669921875,5.168498992919922,-0.8072721362113953,-0.27278903126716614,-0.4409632980823517,-0.9302695989608765,-2.743701457977295,-0.43208253383636475,-2.1591145992279053,0.7927483916282654,-4.714707374572754,0.41564425826072693,-1.43778395652771,1.3510959148406982,0.6921747922897339,0.16932609677314758,2.156033992767334,-1.3678748607635498,0.251511812210083,1.553065538406372,-1.1285783052444458,1.89628005027771,-0.3287336528301239,0.48165905475616455,1.5797806978225708,-1.6849170923233032,-0.9435274600982666,3.61899995803833,1.5326045751571655,0.7931554913520813,-0.3393220901489258,1.8382166624069214,-1.5508852005004883,0.3382364511489868,1.2304177284240723,-0.8403295278549194,1.7270464897155762,-0.8017226457595825,0.688275158405304,1.9527403116226196,-1.5845493078231812,-1.5697673559188843,0.6506114602088928,0.3851097822189331,-0.05526050925254822,1.0423897504806519,-0.19527912139892578,0.5405789017677307,-0.038989871740341187,-1.1624561548233032,-0.31898850202560425,-1.493523120880127,1.9104223251342773,2.590418815612793,-2.506896734237671,-2.3558201789855957,0.3396855592727661,0.49786919355392456,-0.022311344742774963,1.364527940750122,0.07239897549152374,0.5082883238792419,-0.17694790661334991,-1.0371817350387573,-0.20641998946666718,-1.2574595212936401,1.6443912982940674,2.5436160564422607,-2.5223872661590576,-2.1973485946655273,2.324251651763916,-5.1760711669921875,5.168498992919922,-0.8072721362113953,-0.27278903126716614,-0.4409632980823517,-0.9302695989608765,-2.743701457977295,-0.43208253383636475,-2.1591145992279053,0.7927483916282654,-4.714707374572754,0.41564425826072693,-1.43778395652771
2.42,0.13220152258872986,2.44040846824646,0.374961793422699,-5.882353782653809,2.229367971420288,-0.6172563433647156,-0.04593241959810257,0.28744858503341675,0.9566940665245056,0.0,0.0,0.20000000298023224,0.0,0.3942408263683319,0.4506864547729492,0.02760712243616581,1.343498706817627,0.06403707712888718,0.5195732712745667,-0.1851477324962616,-1.0502742528915405,-0.2305217981338501,-1.3203632831573486,1.6859817504882812,2.519355535507202,-2.527284622192383,-2.3018434047698975,6.479331016540527,-6.1408371925354,2.2095937728881836,-6.456203460693359,-2.6527209281921387,0.742355465888977,-1.0696009397506714,-1.2527931928634644,-2.1327295303344727,-7.12975549697876,5.797362327575684,-2.5798184871673584,-0.09928010404109955,-11.734992980957031,1.5326045751571655,0.7931554913520813,-0.3393220901489258,1.8382166624069214,-1.5508852005004883,0.3382364511489868,1.2304177284240723,-0.8403295278549194,1.7270464897155762,-0.8017226457595825,0.688275158405304,1.9527403116226196,-1.5845493078231812,-1.5697673559188843,3.6010000705718994,0.9352304339408875,1.0174415111541748,-0.8066422939300537,1.7681045532226562,-1.2565441131591797,0.5396257042884827,0.4152706265449524,-0.5157644152641296,1.748689889907837,-0.6406480669975281,0.8996050953865051,1.6934016942977905,-1.7003437280654907,-1.8683409690856934,0.5591133236885071,0.44691526889801025,-0.22929082810878754,0.96322101354599,-0.20667558908462524,0.6102958917617798,-0.26472726464271545,-1.0592191219329834,-0.358121782541275,-1.5427236557006836,2.0181124210357666,2.5565598011016846,-2.5394842624664307,-2.5059452056884766,0.3942408263683319,0.4506864547729492,0.02760712243616581,1.343498706817627,0.06403707712888718,0.5195732712745667,-0.1851477324962616,-1.0502742528915405,-0.2305217981338501,-1.3203632831573486,1.6859817504882812,2.519355535507202,-2.527284622192383,-2.3018434047698975,6.479331016540527,-6.1408371925354,2.2095937728881836,-6.456203460693359,-2.6527209281921387,0.742355465888977,-1.0696009397506714,-1.2527931928634644,-2.1327295303344727,-7.12975549697876,5.797362327575684,-2.5798184871673584,-0.09928010404109955,-11.734992980957031
2.44,0.13220152258872986,2.44040846824646,0.374961793422699,-3.3423564434051514,1.831807017326355,-0.9924842715263367,-0.07850851118564606,0.16839691996574402,0.9825878739356995,0.0,0.0,0.20000000298023224,0.0,0.5915793180465698,0.3524191081523895,0.05881829559803009,1.1528472900390625,-0.016198882833123207,0.550396203994751,-0.16845814883708954,-1.0631027221679688,-0.2867673337459564,-1.4489835500717163,1.851683259010315,2.4631268978118896,-2.5461788177490234,-2.465292453765869,6.26519775390625,-7.0042829513549805,-7.667031288146973,-16.59436798095703,-5.362349510192871,0.9578655958175659,0.42593875527381897,-0.6788418889045715,-2.7618520259857178,-4.523373126983643,10.820228576660156,-1.568231225013733,-0.573905348777771,-10.806212425231934,0.9352304339408875,1.0174415111541748,-0.8066422939300537,1.7681045532226562,-1.2565441131591797,0.5396257042884827,0.4152706265449524,-0.5157644152641296,1.748689889907837,-0.6406480669975281,0.8996050953865051,1.6934016942977905,-1.7003437280654907,-1.8683409690856934,3.5810000896453857,0.4452868700027466,1.5571494102478027,-1.0995090007781982,1.5333693027496338,-0.8127920031547546,0.12486788630485535,-0.12054898589849472,0.05766269564628601,1.5469024181365967,-0.08457855880260468,0.9903315305709839,1.1540724039077759,-1.7939212322235107,-1.9246890544891357,0.3908783793449402,0.6127449870109558,-0.3895226716995239,0.864952802658081,-0.10143579542636871,0.5414649248123169,-0.5115508437156677,-0.8642438650131226,-0.4281352758407593,-1.4283064603805542,2.0946390628814697,2.4047980308532715,-2.5791726112365723,-2.595094919204712,0.5915793180465698,0.3524191081523895,0.05881829559803009,1.1528472900390625,-0.016198882833123207,0.550396203994751,-0.16845814883708954,-1.0631027221679688,-0.2867673337459564,-1.4489835500717163,1.851683259010315,2.4631268978118896,-2.5461788177490234,-2.465292453765869,6.26519775390625,-7.0042829513549805,-7.667031288146973,-16.59436798095703,-5.362349510192871,0.9578655958175659,0.42593875527381897,-0.6788418889045715,-2.7618520259857178,-4.523373126983643,10.820228576660156,-1.568231225013733,-0.573905348777771,-10.806212425231934
2.46,0.1755567342042923,2.4496278762817383,-0.18402597308158875,-2.0490095615386963,0.4885508716106415,-0.2554609775543213,-0.08220365643501282,0.09674235433340073,0.9919090270996094,0.0,0.0,0.20000000298023224,0.0,0.6825363636016846,0.2909911572933197,-0.10306528955698013,0.851051926612854,-0.09271544218063354,0.6038480401039124,-0.12580759823322296,-1.0474903583526611,-0.3619563579559326,-1.4682649374008179,2.083688974380493,2.447052478790283,-2.5614798069000244,-2.589371681213379,-2.569835901260376,-1.5546072721481323,-15.856966018676758,-19.52274513244629,-3.458908796310425,1.168014407157898,-0.5156322717666626,3.454965353012085,-3.4083669185638428,2.492391347885132,11.039112091064453,-4.816142559051514,1.7093123197555542,-4.287628173828125,0.4452868700027466,1.5571494102478027,-1.0995090007781982,1.5333693027496338,-0.8127920031547546,0.12486788630485535,-0.12054898589849472,0.05766269564628601,1.5469024181365967,-0.08457855880260468,0.9903315305709839,1.1540724039077759,-1.7939212322235107,-1.9246890544891357,3.561000108718872,0.624302327632904,1.2140504121780396,-0.714990496635437,1.3779929876327515,-0.7498040795326233,-0.31154853105545044,-0.03872803598642349,-0.4457782506942749,1.6593387126922607,0.1721680462360382,1.0456980466842651,0.8869959115982056,-1.746389627456665,-1.7200000286102295,0.3515147566795349,0.6098850965499878,-0.3735089600086212,0.7769746780395508,-0.03306891769170761,0.3979453444480896,-0.6145074367523193,-0.8926165103912354,-0.4350329637527466,-1.3069112300872803,2.1467440128326416,2.262147903442383,-2.5871336460113525,-2.5884976387023926,0.6825363636016846,0.2909911572933197,-0.10306528955698013,0.851051926612854,-0.09271544218063354,0.6038480401039124,-0.12580759823322296,-1.0474903583526611,-0.3619563579559326,-1.4682649374008179,2.083688974380493,2.447052478790283,-2.5614798069000244,-2.589371681213379,-2.569835901260376,-1.5546072721481323,-15.856966018676758,-19.52274513244629,-3.458908796310425,1.168014407157898,-0.5156322717666626,3.454965353012085,-3.4083669185638428,2.492391347885132,11.039112091064453,-4.816142559051514,1.7093123197555542,-4.287628173828125
2.48,0.1755567342042923,2.4496278762817383,-0.18402597308158875,-3.640890598297119,0.0763227716088295,-0.04171909764409065,-0.06560373306274414,0.02982533536851406,0.9973999261856079,0.0,0.0,0.20000000298023224,0.0,0.5930377840995789,0.406095951795578,-0.3253907263278961,0.5942695736885071,-0.11495301127433777,0.6386364102363586,-0.1562892645597458,-0.9868046045303345,-0.41940534114837646,-1.3897329568862915,2.2606940269470215,2.40971302986145,-2.5482535362243652,-2.5877935886383057,-7.90616512298584,8.764822959899902,-10.312238693237305,-9.42753791809082,-1.1498117446899414,-2.724072217941284,-7.781830310821533,3.0512330532073975,-1.2135980129241943,6.61789083480835,5.076705455780029,-5.052477836608887,1.853363037109375,1.3774985074996948,0.624302327632904,1.2140504121780396,-0.714990496635437,1.3779929876327515,-0.7498040795326233,-0.31154853105545044,-0.03872803598642349,-0.4457782506942749,1.6593387126922607,0.1721680462360382,1.0456980466842651,0.8869959115982056,-1.746389627456665,-1.7200000286102295,3.5409998893737793,0.8840840458869934,0.24989177286624908,-0.27948611974716187,1.7739933729171753,-0.8190077543258667,-0.1580999493598938,1.2097564935684204,-1.192931056022644,1.6322933435440063,-0.06454960256814957,1.206101894378662,1.1610726118087769,-1.9606702327728271,-1.4872276782989502,0.396778404712677,0.36741548776626587,-0.2566260099411011,0.8319857120513916,-0.016186397522687912,0.3645476698875427,-0.3538645803928375,-1.0935909748077393,-0.44524314999580383,-1.3053929805755615,2.212897300720215,2.2593421936035156,-2.644684314727783,-2.527005672454834,0.5930377840995789,0.406095951795578,-0.3253907263278961,0.5942695736885071,-0.11495301127433777,0.6386364102363586,-0.1562892645597458,-0.9868046045303345,-0.41940534114837646,-1.3897329568862915,2.2606940269470215,2.40971302986145,-2.5482535362243652,-2.5877935886383057,-7.90616512298584,8.764822959899902,-10.312238693237305,-9.42753791809082,-1.1498117446899414,-2.724072217941284,-7.781830310821533,3.0512330532073975,-1.2135980129241943,6.61789083480835,5.076705455780029,-5.052477836608887,1.853363037109375,1.3774985074996948
2.5,0.19051294028759003,2.2787926197052,-0.5292967557907104,-4.074760913848877,0.45673638582229614,0.039854638278484344,-0.05067237839102745,-0.04324965551495552,0.9977784156799316,0.0,0.0,0.20000000298023224,0.0,0.43383553624153137,0.5902798771858215,-0.4110069274902344,0.5519029498100281,-0.086863212287426,0.5784136056900024,-0.2920626997947693,-0.9932501316070557,-0.4478151500225067,-1.3175302743911743,2.289740562438965,2.404909133911133,-2.6333494186401367,-2.5228564739227295,-7.625650405883789,5.085233688354492,-0.41800230741500854,4.696652889251709,0.3887433409690857,-7.192051410675049,-8.071937561035156,-3.102121353149414,0.18126250803470612,3.1032862663269043,-3.860016345977783,-1.2400110960006714,-4.20614767074585,4.047621250152588,0.8840840458869934,0.24989177286624908,-0.27948611974716187,1.7739933729171753,-0.8190077543258667,-0.1580999493598938,1.2097564935684204,-1.192931056022644,1.6322933435440063,-0.06454960256814957,1.206101894378662,1.1610726118087769,-1.9606702327728271,-1.4872276782989502,3.5209999084472656,0.8449980616569519,0.12739691138267517,-0.15742535889148712,2.196186065673828,-0.9694049954414368,0.2987287640571594,1.5742250680923462,-1.1055262088775635,1.928329586982727,-0.3615487515926361,0.9428151249885559,1.175998568534851,-2.124812364578247,-1.1697911024093628,0.4096387028694153,0.21555697917938232,-0.16766934096813202,0.9650393724441528,-0.04534444957971573,0.4620560109615326,-0.13242600858211517,-1.1722270250320435,-0.3763391971588135,-1.3788836002349854,2.180152416229248,2.2616705894470215,-2.7144951820373535,-2.416900634765625,0.43383553624153137,0.5902798771858215,-0.4110069274902344,0.5519029498100281,-0.086863212287426,0.5784136056900024,-0.2920626997947693,-0.9932501316070557,-0.4478151500225067,-1.3175302743911743,2.289740562438965,2.404909133911133,-2.6333494186401367,-2.5228564739227295,-7.625650405883789,5.085233688354492,-0.41800230741500854,4.696652889251709,0.3887433409690857,-7.192051410675049,-8.071937561035156,-3.102121353149414,0.18126250803470612,3.1032862663269043,-3.860016345977783,-1.2400110960006714,-4.20614767074585,4.047621250152588
