timestamp_s,obs_0: base_lin_vel_x,obs_1: base_lin_vel_y,obs_2: base_lin_vel_z,obs_3: base_ang_vel_x,obs_4: base_ang_vel_y,obs_5: base_ang_vel_z,obs_6: projected_gravity_x,obs_7: projected_gravity_y,obs_8: projected_gravity_z,obs_9: pose_commands_cmd_0,obs_10: pose_commands_cmd_1,obs_11: pose_commands_cmd_2,obs_12: pose_commands_cmd_3,obs_13: joint_pos_FL_HAA,obs_14: joint_pos_FR_HAA,obs_15: joint_pos_HL_HAA,obs_16: joint_pos_HR_HAA,obs_17: joint_pos_FL_HFE,obs_18: joint_pos_FR_HFE,obs_19: joint_pos_HL_HFE,obs_20: joint_pos_HR_HFE,obs_21: joint_pos_FL_KFE,obs_22: joint_pos_FR_KFE,obs_23: joint_pos_HL_KFE,obs_24: joint_pos_HR_KFE,obs_25: joint_pos_HL_AFE,obs_26: joint_pos_HR_AFE,obs_27: joint_vel_FL_HAA,obs_28: joint_vel_FR_HAA,obs_29: joint_vel_HL_HAA,obs_30: joint_vel_HR_HAA,obs_31: joint_vel_FL_HFE,obs_32: joint_vel_FR_HFE,obs_33: joint_vel_HL_HFE,obs_34: joint_vel_HR_HFE,obs_35: joint_vel_FL_KFE,obs_36: joint_vel_FR_KFE,obs_37: joint_vel_HL_KFE,obs_38: joint_vel_HR_KFE,obs_39: joint_vel_HL_AFE,obs_40: joint_vel_HR_AFE,obs_41: actions_FL_HAA,obs_42: actions_FR_HAA,obs_43: actions_HL_HAA,obs_44: actions_HR_HAA,obs_45: actions_FL_HFE,obs_46: actions_FR_HFE,obs_47: actions_HL_HFE,obs_48: actions_HR_HFE,obs_49: actions_FL_KFE,obs_50: actions_FR_KFE,obs_51: actions_HL_KFE,obs_52: actions_HR_KFE,obs_53: actions_HL_AFE,obs_54: actions_HR_AFE,obs_55: time_remaining_s_time,action_IA_FL_HAA,action_IA_FR_HAA,action_IA_HL_HAA,action_IA_HR_HAA,action_IA_FL_HFE,action_IA_FR_HFE,action_IA_HL_HFE,action_IA_HR_HFE,action_IA_FL_KFE,action_IA_FR_KFE,action_IA_HL_KFE,action_IA_HR_KFE,action_IA_HL_AFE,action_IA_HR_AFE,target_envoyee_FL_HAA,target_envoyee_FR_HAA,target_envoyee_HL_HAA,target_envoyee_HR_HAA,target_envoyee_FL_HFE,target_envoyee_FR_HFE,target_envoyee_HL_HFE,target_envoyee_HR_HFE,target_envoyee_FL_KFE,target_envoyee_FR_KFE,target_envoyee_HL_KFE,target_envoyee_HR_KFE,target_envoyee_HL_AFE,target_envoyee_HR_AFE,position_reelle_FL_HAA,position_reelle_FR_HAA,position_reelle_HL_HAA,position_reelle_HR_HAA,position_reelle_FL_HFE,position_reelle_FR_HFE,position_reelle_HL_HFE,position_reelle_HR_HFE,position_reelle_FL_KFE,position_reelle_FR_KFE,position_reelle_HL_KFE,position_reelle_HR_KFE,position_reelle_HL_AFE,position_reelle_HR_AFE,vitesse_reelle_FL_HAA,vitesse_reelle_FR_HAA,vitesse_reelle_HL_HAA,vitesse_reelle_HR_HAA,vitesse_reelle_FL_HFE,vitesse_reelle_FR_HFE,vitesse_reelle_HL_HFE,vitesse_reelle_HR_HFE,vitesse_reelle_FL_KFE,vitesse_reelle_FR_KFE,vitesse_reelle_HL_KFE,vitesse_reelle_HR_KFE,vitesse_reelle_HL_AFE,vitesse_reelle_HR_AFE
0.022,0.0,0.0,0.0,1.5482342648589012e-14,-1.373412085556476e-14,-2.7908659880186183e-15,-1.6714476332750732e-17,-9.722920471453683e-17,-1.0,0.0,0.0,0.0,0.20000000298023224,0.0,0.0,0.0,0.0,0.41019999980926514,0.41019999980926514,-0.6980999708175659,-0.6980999708175659,-1.2716000080108643,-1.2716000080108643,1.6759999990463257,1.6759999990463257,-1.7218999862670898,-1.7218999862670898,9.680064468910437e-15,-9.136168519852453e-15,-3.7853932058947836e-15,-1.263008117145456e-14,-3.392000823762022e-15,8.623539097976467e-15,-3.8832486353021153e-14,-5.1474009245527225e-14,-1.385213541500686e-14,-1.8434377830646442e-14,4.846930894294131e-14,5.34534710331519e-15,-1.3687409529622527e-14,2.344588553252619e-14,0.0,0.0,0.0,0.0,0.0,0.0,0.0,0.0,0.0,0.0,0.0,0.0,0.0,0.0,6.0,0.3941307067871094,-0.11134832352399826,-0.8680879473686218,0.9607245326042175,-0.11725541949272156,0.22016389667987823,0.6155130863189697,-0.38178548216819763,1.0076087713241577,0.28430384397506714,0.786976158618927,1.0380785465240479,-0.534289538860321,-0.9321982860565186,0.09853267669677734,-0.027837080880999565,-0.21702198684215546,0.24018113315105438,0.38088613748550415,0.4652409851551056,-0.5442216992378235,-0.7935463190078735,-1.0196977853775024,-1.200524091720581,1.872744083404541,1.9355196952819824,-1.8554723262786865,-1.9549496173858643,0.0,0.0,0.0,0.0,0.41019999980926514,0.41019999980926514,-0.6980999708175659,-0.6980999708175659,-1.2716000080108643,-1.2716000080108643,1.6759999990463257,1.6759999990463257,-1.7218999862670898,-1.7218999862670898,-1.631872669763043e-14,-4.759760616109823e-15,3.816054951552442e-15,-1.6938229019318571e-15,-1.6615920065635864e-14,8.120837749275248e-15,4.142438345469679e-15,-5.1937200742403766e-14,1.4479608104970426e-14,-7.595914491202813e-15,-3.9351591659416254e-16,6.944239020617582e-14,4.361218485415992e-15,-6.200668098551784e-14
0.041,0.0,0.0,0.0,1.908870400613681e-14,1.0815426584377154e-14,1.167587404535668e-16,-6.511996577680451e-17,-2.8127626896776484e-16,-1.0,0.0,0.0,0.0,0.20000000298023224,0.0,0.0,0.0,0.0,0.41019999980926514,0.41019999980926514,-0.6980999708175659,-0.6980999708175659,-1.2716000080108643,-1.2716000080108643,1.6759999990463257,1.6759999990463257,-1.7218999862670898,-1.7218999862670898,-2.852436643547944e-14,-2.3828817269518597e-14,-5.755072186495146e-15,-5.004364249519078e-15,-2.0720233458149627e-14,4.842355645829537e-15,2.969549790527576e-14,4.3533119410731416e-14,1.4939008282375058e-14,2.854348778074723e-15,-8.565221557184366e-14,-6.565492642824147e-14,6.885550479394584e-14,6.8374917781431534e-15,0.3941307067871094,-0.11134832352399826,-0.8680879473686218,0.9607245326042175,-0.11725541949272156,0.22016389667987823,0.6155130863189697,-0.38178548216819763,1.0076087713241577,0.28430384397506714,0.786976158618927,1.0380785465240479,-0.534289538860321,-0.9321982860565186,5.980999946594238,0.28342700004577637,0.015774043276906013,-0.941831111907959,1.009543538093567,-0.2550368010997772,0.17615601420402527,0.6038898825645447,-0.43139782547950745,1.1237030029296875,0.3815685510635376,0.7726535201072693,1.1021289825439453,-0.7892288565635681,-1.0793088674545288,0.12012308835983276,-0.009975029155611992,-0.34396877884864807,0.3724764585494995,0.33178386092185974,0.4817594885826111,-0.4701883792877197,-0.8536726236343384,-0.8647231459617615,-1.1406699419021606,1.967535376548767,2.081292152404785,-1.9859933853149414,-2.1082520484924316,0.0,0.0,0.0,0.0,0.41019999980926514,0.41019999980926514,-0.6980999708175659,-0.6980999708175659,-1.2716000080108643,-1.2716000080108643,1.6759999990463257,1.6759999990463257,-1.7218999862670898,-1.7218999862670898,-2.852436643547944e-14,-2.3828817269518597e-14,-5.755072186495146e-15,-5.004364249519078e-15,-2.0720233458149627e-14,4.842355645829537e-15,2.969549790527576e-14,4.3533119410731416e-14,1.4939008282375058e-14,2.854348778074723e-15,-8.565221557184366e-14,-6.565492642824147e-14,6.885550479394584e-14,6.8374917781431534e-15
0.061,5.602890012026702e-16,-1.5309144316149768e-15,-0.3846299946308136,-3.917785556693462e-14,1.1763191230817777e-15,-5.2726200074309885e-15,1.0044595626116162e-17,-2.0869913761989678e-16,-1.0,0.0,0.0,0.0,0.20000000298023224,0.0,0.0,0.0,0.0,0.41019999980926514,0.41019999980926514,-0.6980999708175659,-0.6980999708175659,-1.2716000080108643,-1.2716000080108643,1.6759999990463257,1.6759999990463257,-1.7218999862670898,-1.7218999862670898,2.129825212948775e-14,1.1648681693711416e-14,2.5976960586391283e-14,-1.7952206866520774e-15,-1.8279880715133152e-14,1.8433112363423244e-14,-2.973707705859058e-14,-1.7987949115796063e-14,8.475113514629096e-15,-2.8511176438424796e-14,4.739002972594525e-14,3.132161481675562e-14,-4.64860016257361e-14,-1.219042448501748e-14,0.28342700004577637,0.015774043276906013,-0.941831111907959,1.009543538093567,-0.2550368010997772,0.17615601420402527,0.6038898825645447,-0.43139782547950745,1.1237030029296875,0.3815685510635376,0.7726535201072693,1.1021289825439453,-0.7892288565635681,-1.0793088674545288,5.960999965667725,0.1979326754808426,0.052423637360334396,-0.8692141175270081,0.9639458060264587,-0.29349806904792786,0.09465719759464264,0.581875741481781,-0.4408585727214813,1.2627456188201904,0.5184351205825806,0.7082443237304688,0.9950908422470093,-0.8183715343475342,-1.0201689004898071,0.10954470932483673,0.008118394762277603,-0.38928791880607605,0.42722469568252563,0.29761743545532227,0.46964403986930847,-0.4386752247810364,-0.8861009478569031,-0.7524751424789429,-1.076526165008545,1.9988288879394531,2.1274187564849854,-2.058539628982544,-2.1701183319091797,0.0,0.0,0.0,0.0,0.41019999980926514,0.41019999980926514,-0.6980999708175659,-0.6980999708175659,-1.2716000080108643,-1.2716000080108643,1.6759999990463257,1.6759999990463257,-1.7218999862670898,-1.7218999862670898,2.129825212948775e-14,1.1648681693711416e-14,2.5976960586391283e-14,-1.7952206866520774e-15,-1.8279880715133152e-14,1.8433112363423244e-14,-2.973707705859058e-14,-1.7987949115796063e-14,8.475113514629096e-15,-2.8511176438424796e-14,4.739002972594525e-14,3.132161481675562e-14,-4.64860016257361e-14,-1.219042448501748e-14
0.083,5.602890012026702e-16,-1.5309144316149768e-15,-0.3846299946308136,-9.85655310083329e-15,-7.560942194876578e-16,3.211169665676833e-15,2.0365868277880285e-17,1.3071431467182452e-17,-1.0,0.0,0.0,0.0,0.20000000298023224,0.0,0.0,0.0,0.0,0.41019999980926514,0.41019999980926514,-0.6980999708175659,-0.6980999708175659,-1.2716000080108643,-1.2716000080108643,1.6759999990463257,1.6759999990463257,-1.7218999862670898,-1.7218999862670898,9.296516091932428e-15,1.1984304099500829e-14,-3.16756716240926e-15,-2.6601306877746533e-15,-1.5167852867800646e-14,9.254287264347065e-15,1.1525823799876916e-14,-5.490066070485376e-15,8.87669183492236e-15,-1.0635313921989473e-15,-3.8159918475978716e-14,1.4307793612608759e-15,2.9241247688190433e-14,4.23859267860904e-15,0.1979326754808426,0.052423637360334396,-0.8692141175270081,0.9639458060264587,-0.29349806904792786,0.09465719759464264,0.581875741481781,-0.4408585727214813,1.2627456188201904,0.5184351205825806,0.7082443237304688,0.9950908422470093,-0.8183715343475342,-1.0201689004898071,5.940000057220459,0.2096264809370041,0.05012509971857071,-0.8297063112258911,0.9670093059539795,-0.28677138686180115,0.08436380326747894,0.6256277561187744,-0.44599711894989014,1.2843117713928223,0.5413493514060974,0.6952833533287048,0.9643017053604126,-0.8058776259422302,-0.9897068738937378,0.10717897117137909,0.01659047231078148,-0.4020705223083496,0.4553646743297577,0.2822158634662628,0.46101295948028564,-0.41198065876960754,-0.903599739074707,-0.690959632396698,-1.038725733757019,2.011235237121582,2.142784833908081,-2.091689109802246,-2.1934359073638916,0.0,0.0,0.0,0.0,0.41019999980926514,0.41019999980926514,-0.6980999708175659,-0.6980999708175659,-1.2716000080108643,-1.2716000080108643,1.6759999990463257,1.6759999990463257,-1.7218999862670898,-1.7218999862670898,-1.303236422315994e-15,1.2179138618028263e-14,1.7826834978898823e-14,1.0633631291039752e-14,-1.0995304195121972e-14,6.8966011253343475e-15,-2.350199130088642e-14,-1.862757926965157e-14,1.8463641124908184e-15,-3.974360750713061e-15,4.8620849913468683e-14,7.23358259548763e-15,-2.8496119580754403e-14,1.255402184795586e-14
0.101,-3.617476547398144e-15,2.9684506805752187e-15,-0.7616437673568726,5.842475398739949e-16,1.7284888899685418e-15,-2.925375031800838e-15,4.3892334119321585e-17,4.740560510012826e-17,-1.0,0.0,0.0,0.0,0.20000000298023224,0.0,0.0,0.0,0.0,0.41019999980926514,0.41019999980926514,-0.6980999708175659,-0.6980999708175659,-1.2716000080108643,-1.2716000080108643,1.6759999990463257,1.6759999990463257,-1.7218999862670898,-1.7218999862670898,2.4811804087004896e-14,4.687733592956527e-15,8.008667717169203e-15,7.82541976232726e-15,-1.2410250710653652e-14,5.44849538750003e-15,-1.2674877355903051e-14,-1.1254853724885529e-14,-2.9532830733469727e-15,-5.894852104549892e-15,1.3362911207529405e-14,1.4763904972837439e-15,-1.3513582275219947e-14,3.050618382173043e-15,0.2096264809370041,0.05012509971857071,-0.8297063112258911,0.9670093059539795,-0.28677138686180115,0.08436380326747894,0.6256277561187744,-0.44599711894989014,1.2843117713928223,0.5413493514060974,0.6952833533287048,0.9643017053604126,-0.8058776259422302,-0.9897068738937378,5.921000003814697,0.1676546037197113,0.044802475720644,-0.7527652382850647,0.9052815437316895,-0.3064778745174408,0.02650035172700882,0.6094589829444885,-0.43305864930152893,1.4282249212265015,0.6537045836448669,0.62008136510849,0.8267443776130676,-0.7800098061561584,-0.8900805711746216,0.09550313651561737,0.019495856016874313,-0.3892265558242798,0.4540027379989624,0.2695884704589844,0.44223156571388245,-0.4026755690574646,-0.9091144800186157,-0.6242235898971558,-0.9917367100715637,1.9986379146575928,2.1160783767700195,-2.101797103881836,-2.1801881790161133,0.0,0.0,0.0,0.0,0.41019999980926514,0.41019999980926514,-0.6980999708175659,-0.6980999708175659,-1.2716000080108643,-1.2716000080108643,1.6759999990463257,1.6759999990463257,-1.7218999862670898,-1.7218999862670898,2.4811804087004896e-14,4.687733592956527e-15,8.008667717169203e-15,7.82541976232726e-15,-1.2410250710653652e-14,5.44849538750003e-15,-1.2674877355903051e-14,-1.1254853724885529e-14,-2.9532830733469727e-15,-5.894852104549892e-15,1.3362911207529405e-14,1.4763904972837439e-15,-1.3513582275219947e-14,3.050618382173043e-15
0.123,-3.617476547398144e-15,2.9684506805752187e-15,-0.7616437673568726,-0.0655033141374588,0.21751423180103302,9.032178058987483e-05,0.00045091667561791837,0.0002586933260317892,-0.9999998807907104,0.0,0.0,0.0,0.20000000298023224,-1.0801658390846569e-05,-9.602651516615879e-06,-8.337881808984093e-06,-1.1032580005121417e-05,0.4102020859718323,0.4102036654949188,-0.6980992555618286,-0.6980950832366943,-1.271599292755127,-1.2716012001037598,1.6760047674179077,1.679136872291565,-1.7219033241271973,-1.7271891832351685,-0.010833673179149628,-0.009630812332034111,-0.008359040133655071,-0.010217756032943726,0.0020924117416143417,0.003666385542601347,0.0007378074806183577,0.004951649345457554,0.000705192273017019,-0.0011540345149114728,0.004814523737877607,3.146265745162964,-0.003328651189804077,-5.304986000061035,0.1676546037197113,0.044802475720644,-0.7527652382850647,0.9052815437316895,-0.3064778745174408,0.02650035172700882,0.6094589829444885,-0.43305864930152893,1.4282249212265015,0.6537045836448669,0.62008136510849,0.8267443776130676,-0.7800098061561584,-0.8900805711746216,5.900000095367432,0.20501808822155,0.013230934739112854,-0.7175344824790955,0.895189642906189,-0.2754042446613312,0.06356498599052429,0.6447320580482483,-0.39233270287513733,1.4657038450241089,0.6233649849891663,0.6905369162559509,0.7664642333984375,-0.7878472805023193,-0.879281222820282,0.09900608658790588,0.01305566169321537,-0.37399691343307495,0.45079877972602844,0.27104318141937256,0.44210702180862427,-0.389204740524292,-0.9016903638839722,-0.5814858675003052,-0.9758270978927612,2.009953022003174,2.0876553058624268,-2.1088104248046875,-2.1708643436431885,0.0011402000673115253,-0.00014039796951692551,0.0005982707371003926,0.0003574858419597149,0.40814071893692017,0.4080478847026825,-0.7042062282562256,-0.7007036805152893,-1.2725616693496704,-1.27254056930542,1.7106915712356567,1.7129331827163696,-1.772691011428833,-1.785037875175476,0.12686149775981903,-0.11962659657001495,0.017737258225679398,0.005097940564155579,-0.41910138726234436,-0.4187418222427368,-0.6627321243286133,-0.6028697490692139,-0.1489727944135666,-0.16190534830093384,2.9363901615142822,2.826648473739624,-4.804986000061035,-4.764104843139648
0.141,0.0346820130944252,0.011625402607023716,-0.6924346089363098,0.01830182410776615,0.16219404339790344,0.012266392819583416,0.00907097663730383,0.00038252159720286727,-0.9999588131904602,0.0,0.0,0.0,0.20000000298023224,0.001459956867620349,-0.0005619959556497633,0.0006234477623365819,0.00025813901447691023,0.42983850836753845,0.4297381639480591,-0.7100405097007751,-0.7080264091491699,-1.321054458618164,-1.3210649490356445,1.7362651824951172,1.7389154434204102,-1.8108512163162231,-1.8202438354492188,-0.015963239595294,-0.019345290958881378,-0.008963520638644695,-0.015052743256092072,2.5186030864715576,2.5257413387298584,-0.6439138650894165,-0.896190345287323,-5.25545597076416,-5.26270866394043,2.3309519290924072,2.469736099243164,-2.849876642227173,-2.4493722915649414,0.20501808822155,0.013230934739112854,-0.7175344824790955,0.895189642906189,-0.2754042446613312,0.06356498599052429,0.6447320580482483,-0.39233270287513733,1.4657038450241089,0.6233649849891663,0.6905369162559509,0.7664642333984375,-0.7878472805023193,-0.879281222820282,5.88100004196167,0.27868902683258057,0.11187703162431717,-0.8858134150505066,0.8932030200958252,-0.38392096757888794,-0.08932964503765106,0.6486684083938599,-0.3900739848613739,1.3931188583374023,0.5860266089439392,0.702954113483429,0.8854925036430359,-0.9742501378059387,-0.949801504611969,0.11917530000209808,0.03449708968400955,-0.40845179557800293,0.4487001299858093,0.24464134871959686,0.40382111072540283,-0.381485253572464,-0.8974136710166931,-0.5782632231712341,-0.9772068858146667,2.0187149047851562,2.103200912475586,-2.1589179039001465,-2.1838326454162598,0.001078781671822071,-0.00094338518101722,0.0005074595683254302,0.00010518451745156199,0.4468194246292114,0.4469156563282013,-0.7182672619819641,-0.7187020778656006,-1.357301950454712,-1.3573335409164429,1.7559435367584229,1.7597767114639282,-1.828108549118042,-1.8329448699951172,-0.05592161417007446,-0.05590943619608879,-0.008384186774492264,-0.011516615748405457,1.1021884679794312,1.1332241296768188,-0.9715729355812073,-1.1436827182769775,-2.478248357772827,-2.472804069519043,1.9086099863052368,1.7166084051132202,-1.251678228378296,-0.42511630058288574
0.162,0.0346820130944252,0.011625402607023716,-0.6924346089363098,-1.571012258529663,-0.5752279162406921,-0.3512614071369171,0.006891290191560984,0.008818516507744789,-0.9999373555183411,0.0,0.0,0.0,0.20000000298023224,0.005062625277787447,0.002985370811074972,-0.000976908253505826,0.0142307598143816,0.4536091685295105,0.4482792615890503,-0.7118430733680725,-0.7275040745735168,-1.3704084157943726,-1.3613733053207397,1.7727899551391602,1.7914676666259766,-1.9319337606430054,-1.9292314052581787,1.2696077823638916,1.2598819732666016,-0.4368785619735718,4.149542331695557,0.6137332320213318,-0.7101147770881653,3.907620429992676,-0.30304646492004395,-0.44519180059432983,1.5983407497406006,0.4019027054309845,4.4703216552734375,-22.96524429321289,-22.788293838500977,0.27868902683258057,0.11187703162431717,-0.8858134150505066,0.8932030200958252,-0.38392096757888794,-0.08932964503765106,0.6486684083938599,-0.3900739848613739,1.3931188583374023,0.5860266089439392,0.702954113483429,0.8854925036430359,-0.9742501378059387,-0.949801504611969,5.861000061035156,0.07436282932758331,-0.007372635882347822,-1.2315391302108765,0.881226122379303,-0.12613749504089355,0.1835654377937317,0.4573197364807129,-0.2627186179161072,1.2232228517532349,0.5807611346244812,0.5459533929824829,0.3608405888080597,-0.9269967079162598,-0.6515232920646667,0.07817836105823517,0.015405385755002499,-0.512110710144043,0.4446566104888916,0.2958863079547882,0.4529018998146057,-0.42546266317367554,-0.8634364604949951,-0.6191259026527405,-0.9792131185531616,1.983845829963684,1.9798105955123901,-2.1721582412719727,-2.1157469749450684,0.027020476758480072,0.024829376488924026,-0.01373671181499958,0.08714611083269119,0.45412468910217285,0.4317992031574249,-0.6524168252944946,-0.7353147864341736,-1.359218716621399,-1.3258305788040161,1.754351019859314,1.8061110973358154,-2.1309683322906494,-2.1150214672088623,2.764726161956787,2.743108034133911,-2.2270538806915283,9.637092590332031,-0.3671218156814575,-2.5227794647216797,6.661722183227539,-1.606693983078003,2.1648571491241455,5.250014781951904,-3.1225361824035645,-0.7207655906677246,-13.488475799560547,-12.744889259338379
0.18,-0.24171215295791626,0.0728241354227066,0.40428635478019714,-1.9502346515655518,-0.9076265096664429,-0.5460758209228516,-0.005691203288733959,0.0397288016974926,-0.9991942644119263,0.0,0.0,0.0,0.20000000298023224,0.05190679058432579,0.05013230815529823,-0.04579547420144081,0.18944834172725677,0.44803744554519653,0.4029582738876343,-0.5893511176109314,-0.7552906274795532,-1.3302364349365234,-1.2640072107315063,1.7257479429244995,1.7779467105865479,-2.2133188247680664,-2.1322531700134277,1.7204723358154297,1.697944164276123,-1.8481543064117432,4.889676570892334,-0.8982639908790588,-2.776359796524048,6.78070068359375,1.22127103805542,3.932131290435791,6.665165424346924,-2.561326742172241,-0.4273650348186493,-10.102354049682617,0.31787964701652527,0.07436282932758331,-0.007372635882347822,-1.2315391302108765,0.881226122379303,-0.12613749504089355,0.1835654377937317,0.4573197364807129,-0.2627186179161072,1.2232228517532349,0.5807611346244812,0.5459533929824829,0.3608405888080597,-0.9269967079162598,-0.6515232920646667,5.841000080108643,0.4208695888519287,-0.06764250993728638,-0.7454203963279724,1.3552110195159912,-0.021851617842912674,0.4429284334182739,1.1119728088378906,-0.6441536545753479,1.2501604557037354,0.1993863433599472,0.7027558088302612,0.8943754434585571,-0.9952932596206665,-0.9728960990905762,0.14430657029151917,-0.009207934141159058,-0.4424104690551758,0.5611310601234436,0.3475802540779114,0.5422830581665039,-0.28378811478614807,-0.9418066143989563,-0.6328228712081909,-1.0755599737167358,2.0056118965148926,2.051499128341675,-2.195852279663086,-2.1620473861694336,0.05190679058432579,0.05013230815529823,-0.04579547420144081,0.18944834172725677,0.44803744554519653,0.4029582738876343,-0.5893511176109314,-0.7552906274795532,-1.3302364349365234,-1.2640072107315063,1.7257479429244995,1.7779467105865479,-2.2133188247680664,-2.1322531700134277,1.7204723358154297,1.697944164276123,-1.8481543064117432,4.889676570892334,-0.8982639908790588,-2.776359796524048,6.78070068359375,1.22127103805542,3.932131290435791,6.665165424346924,-2.561326742172241,-0.4273650348186493,-10.102354049682617,0.31787964701652527
0.201,-0.24171215295791626,0.0728241354227066,0.40428635478019714,-0.05429632589221001,-0.7722817063331604,-0.39733466506004333,-0.035277847200632095,0.05113827437162399,-0.9980683326721191,0.0,0.0,0.0,0.20000000298023224,0.0724760890007019,0.06125040352344513,-0.05584348738193512,0.21408621966838837,0.40938079357147217,0.3747400641441345,-0.492861807346344,-0.749433159828186,-1.287315845489502,-1.1817747354507446,1.6745736598968506,1.797276496887207,-2.3278725147247314,-2.1594722270965576,1.864794135093689,-0.3229193091392517,-0.09032933413982391,1.2700871229171753,-2.2259750366210938,0.376227468252182,3.3793654441833496,-0.897978663444519,0.8964686393737793,2.814142942428589,-2.1425681114196777,2.048217296600342,-3.486725091934204,-0.19047415256500244,0.4208695888519287,-0.06764250993728638,-0.7454203963279724,1.3552110195159912,-0.021851617842912674,0.4429284334182739,1.1119728088378906,-0.6441536545753479,1.2501604557037354,0.1993863433599472,0.7027558088302612,0.8943754434585571,-0.9952932596206665,-0.9728960990905762,5.821000099182129,0.5079883337020874,0.10333546251058578,-0.6563769578933716,1.2697404623031616,0.00790821760892868,0.24371498823165894,1.0783412456512451,-0.46885794401168823,1.3091974258422852,0.3649035692214966,0.7493885159492493,0.903744101524353,-1.19931161403656,-1.0090229511260986,0.19915036857128143,0.021229898557066917,-0.3852994740009308,0.5980006456375122,0.3808671832084656,0.5371702909469604,-0.22135873138904572,-0.937167763710022,-0.6249120831489563,-1.0823540687561035,2.0281529426574707,2.0896854400634766,-2.25870418548584,-2.1942293643951416,0.0724760890007019,0.06125040352344513,-0.05584348738193512,0.21408621966838837,0.40938079357147217,0.3747400641441345,-0.492861807346344,-0.749433159828186,-1.287315845489502,-1.1817747354507446,1.6745736598968506,1.797276496887207,-2.3278725147247314,-2.1594722270965576,1.864794135093689,-0.3229193091392517,-0.09032933413982391,1.2700871229171753,-2.2259750366210938,0.376227468252182,3.3793654441833496,-0.897978663444519,0.8964686393737793,2.814142942428589,-2.1425681114196777,2.048217296600342,-3.486725091934204,-0.19047415256500244
0.22,-0.15744738280773163,0.06870590150356293,0.17497846484184265,-0.7215995788574219,-0.0499066598713398,-0.769853949546814,-0.04303761199116707,0.05581222102046013,-0.9975132942199707,0.0,0.0,0.0,0.20000000298023224,0.13226144015789032,0.040436889976263046,-0.06112416833639145,0.24004024267196655,0.370197057723999,0.4108835756778717,-0.4480578601360321,-0.7689550518989563,-1.2834903001785278,-1.139387607574463,1.6449980735778809,1.8238778114318848,-2.377657890319824,-2.1770684719085693,4.983089923858643,-0.37044137716293335,0.2662612497806549,3.053191661834717,-1.2428215742111206,2.5030477046966553,2.099299192428589,-0.9746681451797485,0.002372256014496088,1.598863959312439,-1.4993528127670288,0.6822822093963623,-2.3896617889404297,-1.0106110572814941,0.5079883337020874,0.10333546251058578,-0.6563769578933716,1.2697404623031616,0.00790821760892868,0.24371498823165894,1.0783412456512451,-0.46885794401168823,1.3091974258422852,0.3649035692214966,0.7493885159492493,0.903744101524353,-1.19931161403656,-1.0090229511260986,5.801000118255615,0.3383049964904785,0.2271754890680313,-0.7055716514587402,1.3407071828842163,-0.2395401895046234,0.16328832507133484,1.0241914987564087,-0.4556097388267517,1.5284521579742432,0.38231614232063293,0.6671743988990784,1.0445020198822021,-1.345350980758667,-1.0804882049560547,0.18415144085884094,0.06740882247686386,-0.36904263496398926,0.6341770887374878,0.3356485366821289,0.5145072340965271,-0.20368146896362305,-0.9315363168716431,-0.5661430358886719,-1.0813980102539062,2.0188701152801514,2.143968105316162,-2.3266398906707764,-2.22818660736084,0.13226144015789032,0.040436889976263046,-0.06112416833639145,0.24004024267196655,0.370197057723999,0.4108835756778717,-0.4480578601360321,-0.7689550518989563,-1.2834903001785278,-1.139387607574463,1.6449980735778809,1.8238778114318848,-2.377657890319824,-2.1770684719085693,4.983089923858643,-0.37044137716293335,0.2662612497806549,3.053191661834717,-1.2428215742111206,2.5030477046966553,2.099299192428589,-0.9746681451797485,0.002372256014496088,1.598863959312439,-1.4993528127670288,0.6822822093963623,-2.3896617889404297,-1.0106110572814941
0.241,-0.15744738280773163,0.06870590150356293,0.17497846484184265,-0.38288453221321106,0.1316671222448349,-1.1146866083145142,-0.04208293929696083,0.06803183257579803,-0.9967952370643616,0.0,0.0,0.0,0.20000000298023224,0.23173344135284424,0.05038836970925331,-0.06451810151338577,0.30999886989593506,0.35090401768684387,0.4484046399593353,-0.4117809236049652,-0.7828032374382019,-1.2774789333343506,-1.1322906017303467,1.6237192153930664,1.8322023153305054,-2.4293441772460938,-2.214733600616455,4.0634446144104,1.3494776487350464,-0.9170294404029846,4.155519485473633,-0.8651949763298035,0.5838080048561096,1.8449233770370483,-0.39118167757987976,0.204010009765625,-1.0000860691070557,-0.9765850901603699,0.40489089488983154,-2.698486566543579,-1.6725659370422363,0.3383049964904785,0.2271754890680313,-0.7055716514587402,1.3407071828842163,-0.2395401895046234,0.16328832507133484,1.0241914987564087,-0.4556097388267517,1.5284521579742432,0.38231614232063293,0.6671743988990784,1.0445020198822021,-1.345350980758667,-1.0804882049560547,5.781000137329102,0.2643547058105469,0.22495917975902557,-0.6446131467819214,1.5089186429977417,-0.2938481271266937,0.05815839022397995,1.2506849765777588,-0.6090629696846008,1.5790263414382935,0.5415943264961243,0.6758051514625549,1.177007794380188,-1.4087855815887451,-1.0958573818206787,0.1581643968820572,0.08994420617818832,-0.345674604177475,0.6943181753158569,0.299462229013443,0.47689321637153625,-0.13821947574615479,-0.9670838713645935,-0.5241149663925171,-1.0411005020141602,2.0163865089416504,2.2042360305786133,-2.3764662742614746,-2.2490077018737793,0.2587055265903473,0.06101923808455467,-0.07273444533348083,0.34215813875198364,0.34415653347969055,0.44787758588790894,-0.3951740860939026,-0.7841317057609558,-1.2761176824569702,-1.1442711353302002,1.6139365434646606,1.83463716506958,-2.44878888130188,-2.234558582305908,1.4640811681747437,0.745055615901947,-0.9577457308769226,2.218583822250366,-0.5166321396827698,-0.20627735555171967,1.4396804571151733,0.025419313460588455,0.1104944720864296,-1.1543875932693481,-0.7650184631347656,0.056874632835388184,-1.393315315246582,-1.9592634439468384
0.261,-0.13331441581249237,0.10912660509347916,0.10755234956741333,0.006392581854015589,-0.2973836362361908,-1.3247771263122559,-0.04539935290813446,0.06597632169723511,-0.9967878460884094,0.0,0.0,0.0,0.20000000298023224,0.2600797414779663,0.0672229751944542,-0.08673396706581116,0.35949471592903137,0.33731600642204285,0.4415757358074188,-0.3784620463848114,-0.7863951921463013,-1.2716541290283203,-1.146301031112671,1.6096020936965942,1.8374247550964355,-2.4686572551727295,-2.252686023712158,-0.7525842785835266,0.7496618628501892,-1.6115366220474243,1.9349058866500854,-0.8265448808670044,-0.8510374426841736,2.0382444858551025,-0.39006346464157104,0.3384028673171997,0.3870816230773926,-0.37738037109375,0.7094451785087585,-2.229186534881592,-1.2873672246932983,0.2643547058105469,0.22495917975902557,-0.6446131467819214,1.5089186429977417,-0.2938481271266937,0.05815839022397995,1.2506849765777588,-0.6090629696846008,1.5790263414382935,0.5415943264961243,0.6758051514625549,1.177007794380188,-1.4087855815887451,-1.0958573818206787,5.761000156402588,0.27699559926986694,0.11963463574647903,-0.5758695602416992,1.6278411149978638,-0.21929927170276642,-0.00902344286441803,1.416134238243103,-0.6844202876091003,1.4284981489181519,0.6993148922920227,0.7827954292297363,1.139891266822815,-1.4941176176071167,-1.1097160577774048,0.14833110570907593,0.07488076388835907,-0.3168047070503235,0.7541193962097168,0.30000630021095276,0.4412907361984253,-0.0641261637210846,-1.0036970376968384,-0.5407329797744751,-0.9815215468406677,2.0418920516967773,2.225090980529785,-2.422712564468384,-2.262882709503174,0.2600797414779663,0.0672229751944542,-0.08673396706581116,0.35949471592903137,0.33731600642204285,0.4415757358074188,-0.3784620463848114,-0.7863951921463013,-1.2716541290283203,-1.146301031112671,1.6096020936965942,1.8374247550964355,-2.4686572551727295,-2.252686023712158,-0.7525842785835266,0.7496618628501892,-1.6115366220474243,1.9349058866500854,-0.8265448808670044,-0.8510374426841736,2.0382444858551025,-0.39006346464157104,0.3384028673171997,0.3870816230773926,-0.37738037109375,0.7094451785087585,-2.229186534881592,-1.2873672246932983
0.283,-0.13331441581249237,0.10912660509347916,0.10755234956741333,-1.0605971813201904,-0.518731951713562,-1.489361047744751,-0.056304045021533966,0.07360375672578812,-0.9956969022750854,0.0,0.0,0.0,0.20000000298023224,0.2174447923898697,0.08879440277814865,-0.1088469922542572,0.3935883939266205,0.3227510154247284,0.4160340130329132,-0.3340155780315399,-0.795477032661438,-1.2704987525939941,-1.1187269687652588,1.6034644842147827,1.8504282236099243,-2.5215985774993896,-2.2683403491973877,-2.736607313156128,1.7032225131988525,-0.49173814058303833,2.3340330123901367,-0.6549423933029175,-1.7770220041275024,2.744858980178833,-0.6224833130836487,4.7204841393977404e-05,2.509889841079712,-0.40008068084716797,0.8828765153884888,-3.1015756130218506,-0.12638504803180695,0.27699559926986694,0.11963463574647903,-0.5758695602416992,1.6278411149978638,-0.21929927170276642,-0.00902344286441803,1.416134238243103,-0.6844202876091003,1.4284981489181519,0.6993148922920227,0.7827954292297363,1.139891266822815,-1.4941176176071167,-1.1097160577774048,5.741000175476074,0.36043494939804077,-0.09469489008188248,-0.6121755838394165,1.7033772468566895,-0.21421626210212708,0.10526783764362335,1.5234383344650269,-0.6827329993247986,1.3717907667160034,0.6430511474609375,0.8413785696029663,1.095998764038086,-1.6280990839004517,-1.1186985969543457,0.16427429020404816,0.013766659423708916,-0.31144624948501587,0.8029040098190308,0.3015490770339966,0.45206230878829956,-0.0002534836530685425,-1.021581768989563,-0.5632188320159912,-0.965798020362854,2.0692906379699707,2.2245452404022217,-2.4793310165405273,-2.272066116333008,0.18952566385269165,0.10867737233638763,-0.11152159422636032,0.4206911325454712,0.31560948491096497,0.3979654610157013,-0.3093556761741638,-0.8015406727790833,-1.2707847356796265,-1.093914270401001,1.602031946182251,1.857853651046753,-2.5541434288024902,-2.267927408218384,-2.8185062408447266,2.1634457111358643,-0.13475874066352844,2.940359354019165,-0.7772098779678345,-1.779393196105957,2.2229084968566895,-0.5828583240509033,-0.050421591848134995,2.317275285720825,0.15380561351776123,0.5858823657035828,-3.233992099761963,0.14868837594985962
0.302,-0.10595746338367462,0.1614724099636078,0.03737776726484299,-1.3952819108963013,-0.23535281419754028,-1.5042158365249634,-0.06667139381170273,0.09892112761735916,-0.9928592443466187,0.0,0.0,0.0,0.20000000298023224,0.16191892325878143,0.1307632327079773,-0.11349817365407944,0.45505568385124207,0.30802932381629944,0.38055622577667236,-0.2845659852027893,-0.8108872175216675,-1.2713758945465088,-1.0715659856796265,1.6024715900421143,1.8643121719360352,-2.5902881622314453,-2.2659175395965576,-2.5516185760498047,2.1407625675201416,-0.026007497683167458,4.22774600982666,-0.7303350567817688,-1.5563368797302246,2.838036060333252,-1.2289959192276,-0.05900733545422554,2.046379327774048,-0.4423440992832184,0.6155458688735962,-3.3025126457214355,0.12563280761241913,0.36043494939804077,-0.09469489008188248,-0.6121755838394165,1.7033772468566895,-0.21421626210212708,0.10526783764362335,1.5234383344650269,-0.6827329993247986,1.3717907667160034,0.6430511474609375,0.8413785696029663,1.095998764038086,-1.6280990839004517,-1.1186985969543457,5.71999979019165,0.4570475220680237,-0.14448845386505127,-0.6351955533027649,1.744025707244873,-0.2890676259994507,0.15779392421245575,1.5710593461990356,-0.6428161859512329,1.5082718133926392,0.5313239693641663,0.8088319301605225,1.093484878540039,-1.738337516784668,-1.102834939956665,0.1963990330696106,-0.029238782823085785,-0.31452202796936035,0.8374584317207336,0.2836076319217682,0.4705796241760254,0.04358810931444168,-1.0205450057983398,-0.5403414964675903,-0.9858680367469788,2.0748534202575684,2.2236437797546387,-2.5351998805999756,-2.2726917266845703,0.13863584399223328,0.14405126869678497,-0.11420100182294846,0.5011163353919983,0.3003008961677551,0.3678170442581177,-0.2601439654827118,-0.8231109976768494,-1.2721519470214844,-1.0506823062896729,1.5980299711227417,1.8672401905059814,-2.6224448680877686,-2.266697645187378,-2.1830835342407227,0.4733950197696686,-0.21598663926124573,4.713637828826904,-0.8004179000854492,-0.9637838006019592,2.1331851482391357,-1.1993249654769897,-0.09589502960443497,2.046802520751953,-0.23784326016902924,-0.018227102234959602,-3.0987534523010254,-0.2493884116411209
0.321,-0.10595746338367462,0.1614724099636078,0.03737776726484299,-0.8919402956962585,0.35768094658851624,-1.5654670000076294,-0.06792615354061127,0.11746919900178909,-0.9907507300376892,0.0,0.0,0.0,0.20000000298023224,0.12314776331186295,0.13380995392799377,-0.11982905119657516,0.5493329763412476,0.2882259786128998,0.3690060079097748,-0.23740650713443756,-0.8355665802955627,-1.2701224088668823,-1.0488052368164062,1.594506859779358,1.8636921644210815,-2.654313087463379,-2.2707808017730713,-0.8904828429222107,-2.3742055892944336,-0.5760179162025452,5.030498027801514,-1.314483880996704,0.3603050708770752,2.4546358585357666,-1.3322935104370117,-0.07354912906885147,1.191920280456543,-0.6781648397445679,-0.5728405117988586,-2.6835062503814697,-0.47342124581336975,0.4570475220680237,-0.14448845386505127,-0.6351955533027649,1.744025707244873,-0.2890676259994507,0.15779392421245575,1.5710593461990356,-0.6428161859512329,1.5082718133926392,0.5313239693641663,0.8088319301605225,1.093484878540039,-1.738337516784668,-1.102834939956665,5.701000213623047,0.6079041361808777,0.05498354882001877,-0.7552040219306946,1.6774497032165527,-0.3447565734386444,0.20954790711402893,1.429716944694519,-0.5386021733283997,1.692247748374939,0.3119397461414337,0.7032415270805359,1.208154320716858,-1.775177001953125,-1.1874849796295166,0.2501755356788635,-0.0008735042065382004,-0.3460620045661926,0.8380916118621826,0.26071467995643616,0.4927767813205719,0.030173305422067642,-0.9939730167388916,-0.48290881514549255,-1.0507490634918213,2.051237106323242,2.2518606185913086,-2.5723443031311035,-2.2941670417785645,0.12314776331186295,0.13380995392799377,-0.11982905119657516,0.5493329763412476,0.2882259786128998,0.3690060079097748,-0.23740650713443756,-0.8355665802955627,-1.2701224088668823,-1.0488052368164062,1.594506859779358,1.8636921644210815,-2.654313087463379,-2.2707808017730713,-0.8904828429222107,-2.3742055892944336,-0.5760179162025452,5.030498027801514,-1.314483880996704,0.3603050708770752,2.4546358585357666,-1.3322935104370117,-0.07354912906885147,1.191920280456543,-0.6781648397445679,-0.5728405117988586,-2.6835062503814697,-0.47342124581336975
0.343,0.05454321205615997,0.12060310691595078,-0.345047265291214,-0.6628512144088745,0.9518890976905823,-2.1368730068206787,-0.056046389043331146,0.13537079095840454,-0.9892085194587708,0.0,0.0,0.0,0.20000000298023224,0.13889427483081818,0.04698892682790756,-0.13736914098262787,0.6494951844215393,0.26431533694267273,0.393924355506897,-0.20461565256118774,-0.859157919883728,-1.2711716890335083,-1.0448546409606934,1.591798186302185,1.8335977792739868,-2.7073020935058594,-2.288684368133545,3.0944881439208984,-4.849257469177246,-0.7915281057357788,5.772420406341553,-1.2366459369659424,2.1737895011901855,1.1514842510223389,-0.913155198097229,-0.0700843408703804,-1.2622133493423462,0.5121173858642578,-3.0606343746185303,-2.53314208984375,-0.9256020188331604,0.6079041361808777,0.05498354882001877,-0.7552040219306946,1.6774497032165527,-0.3447565734386444,0.20954790711402893,1.429716944694519,-0.5386021733283997,1.692247748374939,0.3119397461414337,0.7032415270805359,1.208154320716858,-1.775177001953125,-1.1874849796295166,5.681000232696533,0.3831198811531067,0.2607845366001129,-0.891225278377533,1.5752488374710083,-0.5453639030456543,0.12876710295677185,1.142215371131897,-0.4901830554008484,1.8430198431015015,0.3315664827823639,0.5754181742668152,1.3844473361968994,-1.8145899772644043,-1.2977447509765625,0.22086773812770844,0.06475938111543655,-0.39583730697631836,0.812857985496521,0.19911636412143707,0.48368018865585327,-0.048409491777420044,-0.968582272529602,-0.41649943590164185,-1.0782828330993652,2.0074729919433594,2.310042142868042,-2.600769519805908,-2.3324697017669678,0.1766793578863144,-0.0030368054285645485,-0.1489599496126175,0.7114116549491882,0.2552758753299713,0.4141167402267456,-0.19294074177742004,-0.8750813007354736,-1.2728358507156372,-1.0501210689544678,1.5983130931854248,1.8026034832000732,-2.7328426837921143,-2.2898032665252686,4.100707054138184,-5.090836524963379,-1.5370036363601685,6.443107604980469,-0.650696873664856,1.9787116050720215,1.1649445295333862,-2.0609116554260254,-0.14697395265102386,-0.291795939207077,0.7417315244674683,-3.2128124237060547,-2.474514961242676,0.45687636733055115
0.361,0.05454321205615997,0.12060310691595078,-0.345047265291214,1.7640399932861328,0.5597183704376221,-2.73225474357605,-0.04808177053928375,0.12732920050621033,-0.9906944036483765,0.0,0.0,0.0,0.20000000298023224,0.21219876408576965,-0.053878359496593475,-0.17289337515830994,0.7777856588363647,0.24719753861427307,0.43663161993026733,-0.1851203888654709,-0.9006296396255493,-1.2692283391952515,-1.066545009613037,1.6127488613128662,1.7956407070159912,-2.7532529830932617,-2.3250741958618164,2.2826621532440186,-5.116471290588379,-3.6093921661376953,7.4665093421936035,-0.9150813817977905,2.0333831310272217,0.6598898768424988,-4.591663837432861,0.5320018529891968,-1.2160793542861938,2.2102410793304443,6.956035614013672,-1.81300687789917,-9.585776329040527,0.3831198811531067,0.2607845366001129,-0.891225278377533,1.5752488374710083,-0.5453639030456543,0.12876710295677185,1.142215371131897,-0.4901830554008484,1.8430198431015015,0.3315664827823639,0.5754181742668152,1.3844473361968994,-1.8145899772644043,-1.2977447509765625,5.660999774932861,-0.11616137623786926,0.449603796005249,-1.1343730688095093,1.4451346397399902,-0.46939989924430847,-0.23930101096630096,0.6050683856010437,-0.20066586136817932,1.4958844184875488,0.8393511176109314,0.6827138066291809,1.4979183673858643,-1.830466389656067,-1.3238288164138794,0.0813935250043869,0.14478063583374023,-0.4815119206905365,0.7677126526832581,0.187308207154274,0.38711482286453247,-0.22198763489723206,-0.8835076093673706,-0.47007861733436584,-0.9651036262512207,2.0124149322509766,2.3675007820129395,-2.6189513206481934,-2.3581418991088867,0.21219876408576965,-0.053878359496593475,-0.17289337515830994,0.7777856588363647,0.24719753861427307,0.43663161993026733,-0.1851203888654709,-0.9006296396255493,-1.2692283391952515,-1.066545009613037,1.6127488613128662,1.7956407070159912,-2.7532529830932617,-2.3250741958618164,2.2826621532440186,-5.116471290588379,-3.6093921661376953,7.4665093421936035,-0.9150813817977905,2.0333831310272217,0.6598898768424988,-4.591663837432861,0.5320018529891968,-1.2160793542861938,2.2102410793304443,6.956035614013672,-1.81300687789917,-9.585776329040527
0.38,-0.11771857738494873,-0.0511256568133831,-0.4467632472515106,3.8888819217681885,-1.1422711610794067,-3.327327013015747,-0.05349850654602051,0.06665406376123428,-0.9963408708572388,0.0,0.0,0.0,0.20000000298023224,0.21668854355812073,-0.11760122328996658,-0.2872481346130371,0.9044161438941956,0.21821944415569305,0.46199101209640503,-0.17752912640571594,-1.002044439315796,-1.1898627281188965,-1.0399514436721802,1.6837447881698608,2.0376131534576416,-2.774526357650757,-2.3728582859039307,-0.9793665409088135,-0.3688935935497284,-7.576703071594238,2.6361770629882812,-1.6758047342300415,0.052172061055898666,-2.1269733905792236,-1.6700314283370972,9.309063911437988,4.598217010498047,8.507177352905273,11.86801528930664,1.6770490407943726,-0.8539546728134155,-0.11616137623786926,0.449603796005249,-1.1343730688095093,1.4451346397399902,-0.46939989924430847,-0.23930101096630096,0.6050683856010437,-0.20066586136817932,1.4958844184875488,0.8393511176109314,0.6827138066291809,1.4979183673858643,-1.830466389656067,-1.3238288164138794,5.640999794006348,-1.0797069072723389,0.3391750454902649,-1.1763745546340942,1.2724595069885254,-0.6408100128173828,-1.2102773189544678,0.9175058603286743,-0.20634454488754272,0.9125686883926392,1.644610047340393,0.7449716925621033,1.4927124977111816,-1.5856205224990845,-1.2284740209579468,-0.22922995686531067,0.15718407928943634,-0.5348495841026306,0.701971173286438,0.13855159282684326,0.09608808159828186,-0.2306673377752304,-0.8423899412155151,-0.6426971554756165,-0.7071993350982666,2.0304503440856934,2.394928455352783,-2.566830635070801,-2.347139358520508,0.21668854355812073,-0.11760122328996658,-0.2872481346130371,0.9044161438941956,0.21821944415569305,0.46199101209640503,-0.17752912640571594,-1.002044439315796,-1.1898627281188965,-1.0399514436721802,1.6837447881698608,2.0376131534576416,-2.774526357650757,-2.3728582859039307,-0.9793665409088135,-0.3688935935497284,-7.576703071594238,2.6361770629882812,-1.6758047342300415,0.052172061055898666,-2.1269733905792236,-1.6700314283370972,9.309063911437988,4.598217010498047,8.507177352905273,11.86801528930664,1.6770490407943726,-0.8539546728134155
0.401,-0.11771857738494873,-0.0511256568133831,-0.4467632472515106,3.564857006072998,-3.8095998764038086,-3.3913369178771973,-0.1105828732252121,-0.010948247276246548,-0.9938066005706787,0.0,0.0,0.0,0.20000000298023224,0.16730758547782898,-0.154144287109375,-0.45143723487854004,0.863170325756073,0.15849365293979645,0.46446365118026733,-0.21766208112239838,-0.9369864463806152,-0.9249351620674133,-1.057884931564331,1.9082223176956177,2.207695484161377,-2.72053599357605,-2.3517355918884277,-6.622157096862793,-1.8236076831817627,-9.003807067871094,-6.362272262573242,-2.5710349082946777,-2.6880035400390625,-1.0937024354934692,6.438386917114258,12.412609100341797,5.920275688171387,11.227221488952637,6.404034614562988,3.2121684551239014,1.810455560684204,-1.0797069072723389,0.3391750454902649,-1.1763745546340942,1.2724595069885254,-0.6408100128173828,-1.2102773189544678,0.9175058603286743,-0.20634454488754272,0.9125686883926392,1.644610047340393,0.7449716925621033,1.4927124977111816,-1.5856205224990845,-1.2284740209579468,5.620999813079834,-0.7062237858772278,0.18368299305438995,-0.7827820181846619,1.2375895977020264,-0.19378280639648438,-1.1340382099151611,1.0547226667404175,-0.6086769104003906,0.8140163421630859,1.561342716217041,0.6738304495811462,0.8080379366874695,-1.287329077720642,-1.0157243013381958,-0.2911709249019623,0.12451279163360596,-0.4631202816963196,0.6603829860687256,0.2259300947189331,-0.030365511775016785,-0.2007029950618744,-0.9224141836166382,-0.7536444664001465,-0.5990639925003052,2.0216827392578125,2.237473726272583,-2.4661974906921387,-2.2884507179260254,0.06822577863931656,-0.17322039604187012,-0.5429421067237854,0.8080514073371887,0.1410643756389618,0.43174058198928833,-0.21931710839271545,-0.8839080333709717,-0.8237106800079346,-0.9810121655464172,2.005948543548584,2.272078037261963,-2.688817024230957,-2.3819124698638916,-11.79731559753418,-1.7039391994476318,-9.045414924621582,-3.5425639152526855,-1.3198620080947876,-4.542303562164307,0.3177493214607239,3.323427677154541,8.254150390625,10.108010292053223,8.445932388305664,6.477845191955566,3.177278518676758,-7.2411112785339355
0.422,-0.3388715982437134,0.513931393623352,0.6481924653053284,0.24707640707492828,-2.67919659614563,-3.247018814086914,-0.17820443212985992,-0.06466735899448395,-0.9818662405014038,0.0,0.0,0.0,0.20000000298023224,-0.057121966034173965,-0.1811024248600006,-0.6239469051361084,0.770769476890564,0.14090532064437866,0.37099960446357727,-0.21244284510612488,-0.8635103106498718,-0.7921776175498962,-0.8575835227966309,2.068371534347534,2.324256658554077,-2.6553006172180176,-2.4179129600524902,-12.755216598510742,0.12895213067531586,-7.014211177825928,-3.6605355739593506,0.4189157783985138,-7.353507995605469,0.2835444211959839,0.9978957772254944,0.9525423645973206,13.961627960205078,4.9542670249938965,3.8488528728485107,3.8743937015533447,-0.8626108765602112,-0.7062237858772278,0.18368299305438995,-0.7827820181846619,1.2375895977020264,-0.19378280639648438,-1.1340382099151611,1.0547226667404175,-0.6086769104003906,0.8140163421630859,1.561342716217041,0.6738304495811462,0.8080379366874695,-1.287329077720642,-1.0157243013381958,5.598999977111816,0.058493100106716156,-0.1201915293931961,-0.9854665994644165,1.7857781648635864,-0.3391380310058594,-0.26274949312210083,1.127586007118225,-0.7743427157402039,0.813064694404602,1.027181625366211,1.3623343706130981,1.392966389656067,-1.8424755334854126,-1.3407560586929321,-0.13096219301223755,0.03220851346850395,-0.4779267907142639,0.776636004447937,0.23328053951263428,0.12422987073659897,-0.16750498116016388,-1.003842830657959,-0.8093560934066772,-0.678536593914032,2.189424991607666,2.304978370666504,-2.5546674728393555,-2.340364456176758,-0.17414119839668274,-0.13509468734264374,-0.6759364604949951,0.7398548126220703,0.14310024678707123,0.29097744822502136,-0.2156088799238205,-0.8604947924613953,-0.7836531400680542,-0.7507510185241699,2.1063928604125977,2.341423273086548,-2.6117069721221924,-2.402653455734253,-10.60340690612793,8.108112335205078,-3.7262721061706543,-2.5283145904541016,0.0989929586648941,-8.344366073608398,-0.5879232287406921,-0.18963231146335602,0.7074323296546936,8.236518859863281,2.841684579849243,0.06788305193185806,4.498807430267334,3.2714614868164062
0.442,-0.3388715982437134,0.513931393623352,0.6481924653053284,-4.96328067779541,-1.1973724365234375,-3.2100491523742676,-0.2095658779144287,-0.02671879529953003,-0.9774293899536133,0.0,0.0,0.0,0.20000000298023224,-0.2541808784008026,-0.022370653226971626,-0.6914536952972412,0.7417239546775818,0.15000197291374207,0.22106458246707916,-0.21677814424037933,-0.8738688826560974,-0.7996618747711182,-0.7187345027923584,2.132888078689575,2.3472657203674316,-2.5974903106689453,-2.3700203895568848,-5.232028484344482,13.150294303894043,0.8506249785423279,2.5914382934570312,0.6564276218414307,-5.890185832977295,-0.012177259661257267,-2.234380006790161,-1.4325246810913086,0.7549645900726318,2.4545860290527344,0.3214324414730072,2.8383564949035645,4.539672374725342,0.058493100106716156,-0.1201915293931961,-0.9854665994644165,1.7857781648635864,-0.3391380310058594,-0.26274949312210083,1.127586007118225,-0.7743427157402039,0.813064694404602,1.027181625366211,1.3623343706130981,1.392966389656067,-1.8424755334854126,-1.3407560586929321,5.579999923706055,0.02798028290271759,-0.4567873775959015,-0.9806995391845703,1.7269420623779297,-0.4845236837863922,0.042692381888628006,1.6071614027023315,-0.7263011336326599,1.1853083372116089,0.8633077144622803,1.2583197355270386,1.5560590028762817,-1.9948382377624512,-1.2586560249328613,-0.05848602578043938,-0.09809258580207825,-0.48413828015327454,0.8200535178184509,0.20060935616493225,0.2778880298137665,-0.031012125313282013,-1.0325467586517334,-0.7441509962081909,-0.7592413425445557,2.2472925186157227,2.3795039653778076,-2.636993408203125,-2.3457961082458496,-0.2807183563709259,0.11408023536205292,-0.685468316078186,0.7778512239456177,0.15451593697071075,0.16760632395744324,-0.21517561376094818,-0.8969531059265137,-0.8078973889350891,-0.7107027769088745,2.157608985900879,2.3406858444213867,-2.574824333190918,-2.334990978240967,-0.8516461253166199,13.409960746765137,1.1319468021392822,4.178503036499023,0.40042844414711,-4.756485939025879,0.345514178276062,-2.2666914463043213,-0.6008325219154358,0.606310248374939,2.21034836769104,-1.0650336742401123,1.611518144607544,1.6776578426361084
0.461,-0.048622358590364456,0.5600649118423462,0.3353123366832733,-5.528360366821289,-0.5820264220237732,-2.4933888912200928,-0.22505535185337067,0.07024691253900528,-0.9718104004859924,0.0,0.0,0.0,0.20000000298023224,-0.27168574929237366,0.22802673280239105,-0.6670163869857788,0.8274720907211304,0.15046226978302002,0.13689866662025452,-0.20405298471450806,-0.9276484251022339,-0.7890897989273071,-0.7328882217407227,2.1808369159698486,2.3425023555755615,-2.6014151573181152,-2.339003801345825,2.2286932468414307,8.89260196685791,3.0523457527160645,5.810925483703613,-0.5819321274757385,-1.334710717201233,2.521293878555298,-3.924884557723999,2.4284026622772217,-3.908884286880493,1.9906880855560303,1.8760066032409668,-7.907108783721924,-1.5476880073547363,0.02798028290271759,-0.4567873775959015,-0.9806995391845703,1.7269420623779297,-0.4845236837863922,0.042692381888628006,1.6071614027023315,-0.7263011336326599,1.1853083372116089,0.8633077144622803,1.2583197355270386,1.5560590028762817,-1.9948382377624512,-1.2586560249328613,5.560999870300293,0.3741692304611206,-0.19959044456481934,-0.9480793476104736,1.715770959854126,-0.4531106650829315,0.19505774974822998,1.4394168853759766,-0.5495519638061523,1.4251036643981934,0.37440425157546997,1.1572962999343872,1.511561393737793,-1.901389479637146,-1.1903163194656372,0.06429929286241531,-0.09894390404224396,-0.4790889620780945,0.8389694690704346,0.1921270191669464,0.3928084373474121,-0.004701826721429825,-1.002711296081543,-0.6515995860099792,-0.9218196272850037,2.2509703636169434,2.405642509460449,-2.654794216156006,-2.3314270973205566,-0.24094299972057343,0.2785910367965698,-0.6305158734321594,0.8728719353675842,0.14968712627887726,0.13393519818782806,-0.17411468923091888,-0.9634319543838501,-0.774954080581665,-0.7579282522201538,2.190136194229126,2.351829767227173,-2.639305353164673,-2.3447608947753906,3.430267095565796,1.688772201538086,1.949708104133606,3.1260244846343994,0.13163641095161438,0.41489073634147644,3.3458502292633057,-3.3069868087768555,1.0769007205963135,-1.710918664932251,0.8543664813041687,0.3060133755207062,-1.0135446786880493,-0.19487763941287994
0.481,-0.048622358590364456,0.5600649118423462,0.3353123366832733,-3.970391035079956,-0.3130558729171753,-1.6989563703536987,-0.23786474764347076,0.14803889393806458,-0.9599504470825195,0.0,0.0,0.0,0.20000000298023224,-0.19646073877811432,0.2594374418258667,-0.6101794242858887,0.8955284357070923,0.14636000990867615,0.15859578549861908,-0.13438139855861664,-0.9882792234420776,-0.7392534613609314,-0.8088246583938599,2.1971828937530518,2.3568077087402344,-2.658637285232544,-2.3441500663757324,5.728208541870117,-4.678679466247559,1.9222177267074585,1.5532615184783936,-0.19407621026039124,3.781697988510132,4.277418613433838,-1.9912687540054321,3.8888368606567383,-6.6677045822143555,0.6316803097724915,0.5010241866111755,-1.6965430974960327,0.9717439413070679,0.3741692304611206,-0.19959044456481934,-0.9480793476104736,1.715770959854126,-0.4531106650829315,0.19505774974822998,1.4394168853759766,-0.5495519638061523,1.4251036643981934,0.37440425157546997,1.1572962999343872,1.511561393737793,-1.901389479637146,-1.1903163194656372,5.540999889373779,0.6457769274711609,0.24657268822193146,-0.8717939257621765,1.5590308904647827,-0.43705037236213684,0.19018052518367767,1.014114260673523,-0.43789806962013245,1.5886229276657104,0.0017791083082556725,1.0571333169937134,1.6218301057815552,-1.7452788352966309,-1.3553447723388672,0.19359387457370758,0.012171220034360886,-0.4574929475784302,0.8092424869537354,0.19190090894699097,0.44904935359954834,-0.09787233173847198,-0.9598801136016846,-0.5644440650939941,-1.0962650775909424,2.2277684211730957,2.4462788105010986,-2.624666690826416,-2.36549973487854,-0.19646073877811432,0.2594374418258667,-0.6101794242858887,0.8955284357070923,0.14636000990867615,0.15859578549861908,-0.13438139855861664,-0.9882792234420776,-0.7392534613609314,-0.8088246583938599,2.1971828937530518,2.3568077087402344,-2.658637285232544,-2.3441500663757324,5.728208541870117,-4.678679466247559,1.9222177267074585,1.5532615184783936,-0.19407621026039124,3.781697988510132,4.277418613433838,-1.9912687540054321,3.8888368606567383,-6.6677045822143555,0.6316803097724915,0.5010241866111755,-1.6965430974960327,0.9717439413070679
0.5,0.11565797030925751,0.6078170537948608,-0.1374894231557846,-3.5859055519104004,0.3864066004753113,-1.4811049699783325,-0.23982341587543488,0.2120189070701599,-0.9473820328712463,0.0,0.0,0.0,0.20000000298023224,-0.0336388424038887,0.06874468922615051,-0.5868829488754272,0.8860522508621216,0.1490408331155777,0.2460581660270691,-0.07952369004487991,-1.0027488470077515,-0.6701301336288452,-0.9238052368164062,2.2139952182769775,2.364276170730591,-2.68030047416687,-2.3652961254119873,11.537252426147461,-10.664542198181152,1.3704077005386353,-1.5397800207138062,0.00510117644444108,5.32345724105835,0.5823337435722351,0.8950790166854858,4.773804664611816,-8.174301147460938,1.5696206092834473,0.43313565850257874,0.07988261431455612,-3.8631317615509033,0.6457769274711609,0.24657268822193146,-0.8717939257621765,1.5590308904647827,-0.43705037236213684,0.19018052518367767,1.014114260673523,-0.43789806962013245,1.5886229276657104,0.0017791083082556725,1.0571333169937134,1.6218301057815552,-1.7452788352966309,-1.3553447723388672,5.520999908447266,0.17621229588985443,0.6526471972465515,-1.070552110671997,1.4633628129959106,-0.6435568928718567,0.07855420559644699,0.5725499391555786,-0.3151729106903076,1.765059232711792,0.2246050238609314,0.9318134188652039,1.6316516399383545,-1.7535609006881714,-1.5152812004089355,0.1408500075340271,0.16924740374088287,-0.49638450145721436,0.770461916923523,0.14016123116016388,0.44926321506500244,-0.2548486590385437,-0.9077832698822021,-0.4767572283744812,-1.1277812719345093,2.184837579727173,2.469052314758301,-2.611673593521118,-2.422520160675049,-0.0336388424038887,0.06874468922615051,-0.5868829488754272,0.8860522508621216,0.1490408331155777,0.2460581660270691,-0.07952369004487991,-1.0027488470077515,-0.6701301336288452,-0.9238052368164062,2.2139952182769775,2.364276170730591,-2.68030047416687,-2.3652961254119873,11.537252426147461,-10.664542198181152,1.3704077005386353,-1.5397800207138062,0.00510117644444108,5.32345724105835,0.5823337435722351,0.8950790166854858,4.773804664611816,-8.174301147460938,1.5696206092834473,0.43313565850257874,0.07988261431455612,-3.8631317615509033
0.52,0.11565797030925751,0.6078170537948608,-0.1374894231557846,-4.299760341644287,-0.022513877600431442,-2.137687921524048,-0.24822713434696198,0.2682473659515381,-0.9308204054832458,0.0,0.0,0.0,0.20000000298023224,0.08378267288208008,-0.10994672775268555,-0.5732963681221008,0.8238706588745117,0.15747538208961487,0.3440498411655426,-0.07876318693161011,-0.9665749073028564,-0.6295253038406372,-1.0426363945007324,2.255112648010254,2.391334056854248,-2.650193691253662,-2.428632974624634,5.507070064544678,-4.104955196380615,0.8944116830825806,-3.803574562072754,-0.596746563911438,4.142891883850098,-0.8461621403694153,2.9732718467712402,4.013787746429443,-4.000720024108887,2.8061015605926514,1.0354042053222656,2.993722438812256,-1.9251704216003418,0.17621229588985443,0.6526471972465515,-1.070552110671997,1.4633628129959106,-0.6435568928718567,0.07855420559644699,0.5725499391555786,-0.3151729106903076,1.765059232711792,0.2246050238609314,0.9318134188652039,1.6316516399383545,-1.7535609006881714,-1.5152812004089355,5.500999927520752,0.17539376020431519,0.4642415940761566,-1.0308444499969482,1.4051340818405151,-0.5154387354850769,0.08723058551549911,0.6342188119888306,-0.5067168474197388,1.720471978187561,0.3035241663455963,1.0360321998596191,1.7219104766845703,-1.8487510681152344,-1.6172481775283813,0.11427344381809235,0.2006841003894806,-0.5059033632278442,0.7365144491195679,0.14632093906402588,0.4515392482280731,-0.31791961193084717,-0.9296208620071411,-0.44406062364578247,-1.123809576034546,2.189426898956299,2.5030038356781006,-2.628974437713623,-2.4765219688415527,0.08378267288208008,-0.10994672775268555,-0.5732963681221008,0.8238706588745117,0.15747538208961487,0.3440498411655426,-0.07876318693161011,-0.9665749073028564,-0.6295253038406372,-1.0426363945007324,2.255112648010254,2.391334056854248,-2.650193691253662,-2.428632974624634,5.507070064544678,-4.104955196380615,0.8944116830825806,-3.803574562072754,-0.596746563911438,4.142891883850098,-0.8461621403694153,2.9732718467712402,4.013787746429443,-4.000720024108887,2.8061015605926514,1.0354042053222656,2.993722438812256,-1.9251704216003418
0.543,0.07464731484651566,0.3816494643688202,0.14313648641109467,-4.601072311401367,0.5160496830940247,-2.3504531383514404,-0.2586497366428375,0.3439711928367615,-0.9026539325714111,0.0,0.0,0.0,0.20000000298023224,0.2176666408777237,-0.05868155509233475,-0.5445128083229065,0.773995578289032,0.14386874437332153,0.41364896297454834,-0.094004325568676,-0.9198792576789856,-0.5451730489730835,-1.0898358821868896,2.31898832321167,2.43156099319458,-2.598052501678467,-2.4581027030944824,6.6789751052856445,7.152546405792236,1.6447004079818726,-2.1763620376586914,-0.7509253621101379,3.039647340774536,-1.1011837720870972,1.301965355873108,4.176184177398682,-1.4574995040893555,2.7612860202789307,3.4555180072784424,2.8511064052581787,-4.388230800628662,0.17539376020431519,0.4642415940761566,-1.0308444499969482,1.4051340818405151,-0.5154387354850769,0.08723058551549911,0.6342188119888306,-0.5067168474197388,1.720471978187561,0.3035241663455963,1.0360321998596191,1.7219104766845703,-1.8487510681152344,-1.6172481775283813,5.479000091552734,-0.24392153322696686,0.10328381508588791,-1.0633912086486816,1.6314388513565063,-0.40896663069725037,0.03190624713897705,0.7948522567749023,-0.36135104298591614,1.4806400537490845,0.6563923954963684,1.1330221891403198,1.5062505006790161,-1.9015263319015503,-1.586327314376831,-0.0038436613976955414,0.12616300582885742,-0.5187994837760925,0.7761169672012329,0.17601880431175232,0.4388461709022522,-0.30929672718048096,-0.904198169708252,-0.48767030239105225,-1.033606767654419,2.2159690856933594,2.466064453125,-2.6508188247680664,-2.495792865753174,0.27257052063941956,0.025487391278147697,-0.5282410979270935,0.744813859462738,0.13791613280773163,0.4409279227256775,-0.10550311952829361,-0.9118468761444092,-0.5119236707687378,-1.1006317138671875,2.33798885345459,2.4558842182159424,-2.5707099437713623,-2.4751522541046143,4.446094036102295,9.000654220581055,1.481260895729065,-3.4031178951263428,-0.5322163701057434,2.4525554180145264,-1.1459298133850098,0.33209753036499023,2.634483575820923,-0.782865583896637,1.1322085857391357,2.0818064212799072,2.5826287269592285,-0.3953278362751007
0.56,0.07464731484651566,0.3816494643688202,0.14313648641109467,-1.1566137075424194,0.9126632809638977,-1.9136019945144653,-0.26058661937713623,0.3892178237438202,-0.8835180401802063,0.0,0.0,0.0,0.20000000298023224,0.29421257972717285,0.10616006702184677,-0.5212194919586182,0.7037674188613892,0.13951432704925537,0.4545328617095947,-0.11678602546453476,-0.9061124920845032,-0.5113201141357422,-1.081035852432251,2.346750259399414,2.4696922302246094,-2.583237886428833,-2.486985683441162,-0.7150890827178955,6.3468708992004395,-0.07107480615377426,-4.537151336669922,0.34729307889938354,0.7858214378356934,-1.660159945487976,0.6017778515815735,-0.39786186814308167,3.133028030395508,0.6191375851631165,1.187245488166809,-5.731162071228027,-1.9101998805999756,-0.24392153322696686,0.10328381508588791,-1.0633912086486816,1.6314388513565063,-0.40896663069725037,0.03190624713897705,0.7948522567749023,-0.36135104298591614,1.4806400537490845,0.6563923954963684,1.1330221891403198,1.5062505006790161,-1.9015263319015503,-1.586327314376831,5.460999965667725,-0.14666007459163666,0.05942535772919655,-1.0723826885223389,1.8035348653793335,-0.2094946652650833,-0.2553187608718872,1.1527494192123413,-0.5306205749511719,1.2269588708877563,0.9114730954170227,1.2018892765045166,1.5538864135742188,-1.9991443157196045,-1.458087682723999,-0.038586847484111786,0.07793784141540527,-0.5274953842163086,0.8389421701431274,0.2407357394695282,0.36069339513778687,-0.2155109941959381,-0.9338042140007019,-0.5728954076766968,-0.9247351288795471,2.2464568614959717,2.4595038890838623,-2.686145544052124,-2.4733684062957764,0.29421257972717285,0.10616006702184677,-0.5212194919586182,0.7037674188613892,0.13951432704925537,0.4545328617095947,-0.11678602546453476,-0.9061124920845032,-0.5113201141357422,-1.081035852432251,2.346750259399414,2.4696922302246094,-2.583237886428833,-2.486985683441162,-0.7150890827178955,6.3468708992004395,-0.07107480615377426,-4.537151336669922,0.34729307889938354,0.7858214378356934,-1.660159945487976,0.6017778515815735,-0.39786186814308167,3.133028030395508,0.6191375851631165,1.187245488166809,-5.731162071228027,-1.9101998805999756
0.58,-0.072116419672966,0.26398369669914246,0.0009724886622279882,1.0335829257965088,0.8040359616279602,-1.1143231391906738,-0.25721505284309387,0.3754902184009552,-0.8904198408126831,0.0,0.0,0.0,0.20000000298023224,0.1981450319290161,0.16372406482696533,-0.5313297510147095,0.6462584137916565,0.14808516204357147,0.45608189702033997,-0.18078523874282837,-0.9282181262969971,-0.5399429202079773,-1.012886643409729,2.3167531490325928,2.509100914001465,-2.6798033714294434,-2.471923589706421,-9.152481079101562,-0.25043660402297974,-0.8990828990936279,0.06345459818840027,1.0447180271148682,-1.2814565896987915,-3.1190640926361084,-2.171687602996826,-2.2328033447265625,5.14301061630249,-2.4691872596740723,2.2108142375946045,-4.124561786651611,1.9120784997940063,-0.14666007459163666,0.05942535772919655,-1.0723826885223389,1.8035348653793335,-0.2094946652650833,-0.2553187608718872,1.1527494192123413,-0.5306205749511719,1.2269588708877563,0.9114730954170227,1.2018892765045166,1.5538864135742188,-1.9991443157196045,-1.458087682723999,5.440999984741211,0.24019263684749603,0.030717195942997932,-1.1488398313522339,1.7766553163528442,-0.16613814234733582,-0.44601970911026,1.2961167097091675,-0.5711361765861511,1.329869031906128,0.9863079786300659,1.1570205688476562,1.6439895629882812,-2.134922742843628,-1.292345404624939,0.040754735469818115,0.04664821922779083,-0.5509576797485352,0.8636349439620972,0.2839333415031433,0.2739417552947998,-0.13277630507946014,-0.9587361812591553,-0.5897804498672485,-0.8515905737876892,2.250483512878418,2.4787492752075195,-2.737753391265869,-2.4207205772399902,0.1981450319290161,0.16372406482696533,-0.5313297510147095,0.6462584137916565,0.14808516204357147,0.45608189702033997,-0.18078523874282837,-0.9282181262969971,-0.5399429202079773,-1.012886643409729,2.3167531490325928,2.509100914001465,-2.6798033714294434,-2.471923589706421,-9.152481079101562,-0.25043660402297974,-0.8990828990936279,0.06345459818840027,1.0447180271148682,-1.2814565896987915,-3.1190640926361084,-2.171687602996826,-2.2328033447265625,5.14301061630249,-2.4691872596740723,2.2108142375946045,-4.124561786651611,1.9120784997940063
0.6,-0.072116419672966,0.26398369669914246,0.0009724886622279882,-0.8168649077415466,0.9034525156021118,-0.8308958411216736,-0.24878346920013428,0.3672659397125244,-0.8962268233299255,0.0,0.0,0.0,0.20000000298023224,-0.004544543102383614,0.13315819203853607,-0.5317294001579285,0.7367649078369141,0.17836739122867584,0.4114540219306946,-0.2208261489868164,-0.9660129547119141,-0.5827922821044922,-0.9200319647789001,2.264676332473755,2.536695957183838,-2.7442808151245117,-2.426720142364502,-8.443953514099121,-1.902579426765442,0.5026134848594666,8.24625015258789,1.9389945268630981,-3.3326034545898438,-0.17682132124900818,-1.6284399032592773,-1.2915196418762207,4.144290447235107,-2.1911303997039795,0.21142098307609558,-3.8442139625549316,4.023481845855713,0.24019263684749603,0.030717195942997932,-1.1488398313522339,1.7766553163528442,-0.16613814234733582,-0.44601970911026,1.2961167097091675,-0.5711361765861511,1.329869031906128,0.9863079786300659,1.1570205688476562,1.6439895629882812,-2.134922742843628,-1.292345404624939,5.421000003814697,0.49272167682647705,0.11934509873390198,-1.2224565744400024,1.6936464309692383,-0.5312325358390808,-0.015725642442703247,1.2951478958129883,-0.719453752040863,1.602795124053955,0.6135736703872681,1.0082720518112183,1.610053300857544,-2.146409749984741,-1.280174970626831,0.14355778694152832,0.05316038429737091,-0.5810929536819458,0.8552290797233582,0.21425853669643402,0.33813947439193726,-0.09165116399526596,-1.0082814693450928,-0.5299914479255676,-0.9082018733024597,2.2153096199035645,2.4798879623413086,-2.7664291858673096,-2.3913540840148926,-0.004544543102383614,0.13315819203853607,-0.5317294001579285,0.7367649078369141,0.17836739122867584,0.4114540219306946,-0.2208261489868164,-0.9660129547119141,-0.5827922821044922,-0.9200319647789001,2.264676332473755,2.536695957183838,-2.7442808151245117,-2.426720142364502,-8.443953514099121,-1.902579426765442,0.5026134848594666,8.24625015258789,1.9389945268630981,-3.3326034545898438,-0.17682132124900818,-1.6284399032592773,-1.2915196418762207,4.144290447235107,-2.1911303997039795,0.21142098307609558,-3.8442139625549316,4.023481845855713
0.62,-0.10455095767974854,0.38633814454078674,-0.27618470788002014,-0.5316449403762817,0.266096293926239,-1.763195276260376,-0.24403007328510284,0.3809677064418793,-0.8918032050132751,0.0,0.0,0.0,0.20000000298023224,-0.08716443181037903,0.09662546217441559,-0.5324652791023254,0.8998271822929382,0.2122165560722351,0.3513055443763733,-0.19241580367088318,-0.9700978994369507,-0.5874847769737244,-0.8996794819831848,2.225908041000366,2.5056803226470947,-2.7699978351593018,-2.389824628829956,2.2621891498565674,-1.9077600240707397,-2.2431704998016357,6.321589469909668,1.2102382183074951,-2.164992570877075,3.8896143436431885,-0.2589837908744812,-1.858132243156433,-1.0226223468780518,-2.3873112201690674,-1.7133262157440186,-1.876739501953125,2.0825912952423096,0.49272167682647705,0.11934509873390198,-1.2224565744400024,1.6936464309692383,-0.5312325358390808,-0.015725642442703247,1.2951478958129883,-0.719453752040863,1.602795124053955,0.6135736703872681,1.0082720518112183,1.610053300857544,-2.146409749984741,-1.280174970626831,5.401000022888184,0.33827483654022217,0.5051057934761047,-0.8807170987129211,1.7281136512756348,-0.44735461473464966,-0.16833147406578064,1.2101569175720215,-0.9032703638076782,1.8582618236541748,0.7404932975769043,0.807816743850708,1.6308132410049438,-1.7930517196655273,-1.1345192193984985,0.1563476026058197,0.15285664796829224,-0.510725736618042,0.8596429824829102,0.20039060711860657,0.33208686113357544,-0.09233634173870087,-1.0790083408355713,-0.43623027205467224,-0.9047776460647583,2.147608995437622,2.485647201538086,-2.692427635192871,-2.340256690979004,-0.08716443181037903,0.09662546217441559,-0.5324652791023254,0.8998271822929382,0.2122165560722351,0.3513055443763733,-0.19241580367088318,-0.9700978994369507,-0.5874847769737244,-0.8996794819831848,2.225908041000366,2.5056803226470947,-2.7699978351593018,-2.389824628829956,2.2621891498565674,-1.9077600240707397,-2.2431704998016357,6.321589469909668,1.2102382183074951,-2.164992570877075,3.8896143436431885,-0.2589837908744812,-1.858132243156433,-1.0226223468780518,-2.3873112201690674,-1.7133262157440186,-1.876739501953125,2.0825912952423096
0.641,-0.10455095767974854,0.38633814454078674,-0.27618470788002014,-1.3303931951522827,-0.2806760370731354,-2.3360517024993896,-0.26204952597618103,0.3845922350883484,-0.8851094841957092,0.0,0.0,0.0,0.20000000298023224,-0.04419831186532974,0.07110840082168579,-0.5891557335853577,0.9698440432548523,0.20957817137241364,0.3158652186393738,-0.12220234423875809,-0.9792537689208984,-0.5542276501655579,-0.9051569104194641,2.1852166652679443,2.471501350402832,-2.7234690189361572,-2.343874931335449,2.911623954772949,1.166609764099121,-1.2765275239944458,2.1389405727386475,-0.8778253793716431,-1.2457648515701294,3.1590445041656494,-1.2426669597625732,3.8458352088928223,-0.2811330258846283,-1.255204439163208,-1.2982170581817627,-1.9684863090515137,3.561830759048462,0.33827483654022217,0.5051057934761047,-0.8807170987129211,1.7281136512756348,-0.44735461473464966,-0.16833147406578064,1.2101569175720215,-0.9032703638076782,1.8582618236541748,0.7404932975769043,0.807816743850708,1.6308132410049438,-1.7930517196655273,-1.1345192193984985,5.38100004196167,0.15571185946464539,0.3164367377758026,-0.6096768379211426,1.7567449808120728,-0.28209835290908813,-0.1742214411497116,1.2596882581710815,-0.7067533135414124,1.7313876152038574,0.8552206158638,0.8816402554512024,1.5482569932937622,-1.7826817035675049,-1.095205545425415,0.1171017661690712,0.15553751587867737,-0.40778207778930664,0.8690077066421509,0.23477071523666382,0.3275880813598633,-0.080296091735363,-1.0652425289154053,-0.4210682511329651,-0.8743836879730225,2.1322145462036133,2.4678878784179688,-2.652834177017212,-2.304879665374756,-0.04419831186532974,0.07110840082168579,-0.5891557335853577,0.9698440432548523,0.20957817137241364,0.3158652186393738,-0.12220234423875809,-0.9792537689208984,-0.5542276501655579,-0.9051569104194641,2.1852166652679443,2.471501350402832,-2.7234690189361572,-2.343874931335449,2.911623954772949,1.166609764099121,-1.2765275239944458,2.1389405727386475,-0.8778253793716431,-1.2457648515701294,3.1590445041656494,-1.2426669597625732,3.8458352088928223,-0.2811330258846283,-1.255204439163208,-1.2982170581817627,-1.9684863090515137,3.561830759048462
0.66,-0.18968886137008667,0.36089643836021423,-0.10352000594139099,-1.5152878761291504,0.12711763381958008,-2.416633367538452,-0.28378546237945557,0.3960617482662201,-0.8732702136039734,0.0,0.0,0.0,0.20000000298023224,0.017240703105926514,0.1260787546634674,-0.626291811466217,0.9598308801651001,0.20117656886577606,0.2974914312362671,-0.07619620859622955,-0.9971872568130493,-0.4945201575756073,-0.8934293389320374,2.1897923946380615,2.435318946838379,-2.7527008056640625,-2.3139140605926514,3.2668447494506836,3.737703800201416,-1.2959890365600586,-2.2562060356140137,-0.18568970263004303,-0.48967671394348145,0.9436230063438416,-0.6983818411827087,2.309854745864868,0.9159237742424011,0.43758606910705566,-2.637789249420166,0.1312512457370758,2.657566547393799,0.15571185946464539,0.3164367377758026,-0.6096768379211426,1.7567449808120728,-0.28209835290908813,-0.1742214411497116,1.2596882581710815,-0.7067533135414124,1.7313876152038574,0.8552206158638,0.8816402554512024,1.5482569932937622,-1.7826817035675049,-1.095205545425415,5.361000061035156,0.10016780346632004,0.043997205793857574,-0.5543849468231201,1.739282488822937,-0.3279859125614166,-0.19901947677135468,1.4321211576461792,-0.6117900609970093,1.5506993532180786,0.9632431268692017,1.0375381708145142,1.447235107421875,-1.8496805429458618,-1.0609756708145142,0.08359283208847046,0.08876805752515793,-0.34248727560043335,0.8693244457244873,0.24048888683319092,0.31913918256759644,-0.031167741864919662,-1.0346187353134155,-0.458659291267395,-0.8321810960769653,2.163491725921631,2.4337527751922607,-2.649787187576294,-2.2786335945129395,0.017240703105926514,0.1260787546634674,-0.626291811466217,0.9598308801651001,0.20117656886577606,0.2974914312362671,-0.07619620859622955,-0.9971872568130493,-0.4945201575756073,-0.8934293389320374,2.1897923946380615,2.435318946838379,-2.7527008056640625,-2.3139140605926514,3.2668447494506836,3.737703800201416,-1.2959890365600586,-2.2562060356140137,-0.18568970263004303,-0.48967671394348145,0.9436230063438416,-0.6983818411827087,2.309854745864868,0.9159237742424011,0.43758606910705566,-2.637789249420166,0.1312512457370758,2.657566547393799
0.681,-0.18968886137008667,0.36089643836021423,-0.10352000594139099,-0.9157003164291382,0.6887580156326294,-1.4982314109802246,-0.2924659848213196,0.4087802767753601,-0.8645011782646179,0.0,0.0,0.0,0.20000000298023224,0.07892587035894394,0.1918981671333313,-0.6439874768257141,0.9078444242477417,0.20658458769321442,0.29404065012931824,-0.08064399659633636,-1.0123780965805054,-0.48322585225105286,-0.8668361306190491,2.2061820030212402,2.402698516845703,-2.736771821975708,-2.288557767868042,2.8743338584899902,1.8408188819885254,-0.15885895490646362,-2.848297595977783,0.459020733833313,0.025925248861312866,-0.9681946039199829,-0.21440699696540833,-0.08085543662309647,1.795052409172058,0.647743284702301,-1.7581886053085327,1.1364541053771973,1.5228712558746338,0.10016780346632004,0.043997205793857574,-0.5543849468231201,1.739282488822937,-0.3279859125614166,-0.19901947677135468,1.4321211576461792,-0.6117900609970093,1.5506993532180786,0.9632431268692017,1.0375381708145142,1.447235107421875,-1.8496805429458618,-1.0609756708145142,5.341000080108643,0.342711865901947,0.006498918868601322,-0.5410234928131104,1.6573567390441895,-0.3955191969871521,-0.187430739402771,1.5514758825302124,-0.6209628582000732,1.61846125125885,0.8553243279457092,1.0522178411483765,1.4451812505722046,-1.8631006479263306,-1.0109397172927856,0.12747438251972198,0.04600875824689865,-0.30649951100349426,0.849001407623291,0.22646464407444,0.31781190633773804,0.02323511429131031,-1.0216000080108643,-0.4605143368244171,-0.8380594849586487,2.18280029296875,2.4161715507507324,-2.651618719100952,-2.2530016899108887,0.10262031108140945,0.19541509449481964,-0.6434012055397034,0.8845274448394775,0.2094859778881073,0.2977888286113739,-0.09057094901800156,-1.017250895500183,-0.4845277667045593,-0.8555258512496948,2.2070248126983643,2.3981404304504395,-2.725916624069214,-2.2841176986694336,1.9443897008895874,-0.793729841709137,0.23663748800754547,-2.0369038581848145,0.25361382961273193,0.5663227438926697,-0.9619174599647522,-0.5756124258041382,-0.28567445278167725,0.9201633334159851,-0.41387006640434265,0.21148298680782318,1.0949296951293945,0.12820850312709808
0.703,-0.08116539567708969,0.13062742352485657,-0.012475826777517796,-0.6796977519989014,0.5776407718658447,-0.46375805139541626,-0.2894634008407593,0.41479063034057617,-0.8626468777656555,0.0,0.0,0.0,0.20000000298023224,0.1211712434887886,0.17464585602283478,-0.6355577707290649,0.861445963382721,0.20873790979385376,0.305301308631897,-0.09749442338943481,-1.0141907930374146,-0.4831290543079376,-0.8521305918693542,2.1997687816619873,2.3848559856414795,-2.718055248260498,-2.260014772415161,1.7439268827438354,-3.069125175476074,1.1432578563690186,-1.5924915075302124,-0.10361620783805847,0.7021015286445618,-0.40681910514831543,0.31911787390708923,0.03211513161659241,0.6077364683151245,-1.057420253753662,-0.378246009349823,0.43823933601379395,1.1479603052139282,0.342711865901947,0.006498918868601322,-0.5410234928131104,1.6573567390441895,-0.3955191969871521,-0.187430739402771,1.5514758825302124,-0.6209628582000732,1.61846125125885,0.8553243279457092,1.0522178411483765,1.4451812505722046,-1.8631006479263306,-1.0109397172927856,5.317999839782715,0.6437971591949463,0.17640919983386993,-0.6368836760520935,1.4865614175796509,-0.3697987496852875,-0.13132871687412262,1.4313856363296509,-0.6486415863037109,1.7190518379211426,0.6079404354095459,0.9638943076133728,1.4803862571716309,-1.898572564125061,-1.061561107635498,0.22468647360801697,0.06710667908191681,-0.3124706745147705,0.7961410284042358,0.2258826345205307,0.33117377758026123,0.02041397988796234,-1.022010326385498,-0.43629419803619385,-0.9028446674346924,2.1703736782073975,2.416182279586792,-2.661402463912964,-2.252840995788574,0.1386188268661499,0.13638436794281006,-0.61917644739151,0.8541980981826782,0.2071908563375473,0.3122631311416626,-0.09967829287052155,-1.0112121105194092,-0.4843030571937561,-0.8463583588600159,2.1872951984405518,2.387343168258667,-2.7169344425201416,-2.2557716369628906,1.7604498863220215,-4.282279968261719,2.034749746322632,-0.12283793836832047,-0.16305367648601532,0.6984012722969055,-0.10408281534910202,0.3304542303085327,-0.25624874234199524,0.5288903713226318,-1.349088430404663,0.5140538215637207,-0.07000533491373062,0.20113971829414368
0.723,-0.08116539567708969,0.13062742352485657,-0.012475826777517796,-1.528420329093933,0.34005826711654663,-0.01444175187498331,-0.2825826406478882,0.43101999163627625,-0.8569532036781311,0.0,0.0,0.0,0.20000000298023224,0.15770240128040314,0.09353844076395035,-0.5941230058670044,0.8545956611633301,0.2021392583847046,0.32454174757003784,-0.09801416099071503,-1.0049678087234497,-0.48130759596824646,-0.8605053424835205,2.171771764755249,2.3891124725341797,-2.7204935550689697,-2.252873420715332,2.148968458175659,-3.8633337020874023,2.7895796298980713,-0.26492583751678467,-0.9881559610366821,1.728973627090454,0.6029365658760071,1.0092458724975586,1.2733150720596313,-2.87160587310791,-1.7373132705688477,-0.30212628841400146,-0.7745943069458008,0.2804485857486725,0.6437971591949463,0.17640919983386993,-0.6368836760520935,1.4865614175796509,-0.3697987496852875,-0.13132871687412262,1.4313856363296509,-0.6486415863037109,1.7190518379211426,0.6079404354095459,0.9638943076133728,1.4803862571716309,-1.898572564125061,-1.061561107635498,5.300000190734863,0.7125973701477051,0.3646475374698639,-0.674083411693573,1.3889989852905273,-0.39831045269966125,-0.09922689199447632,1.3013496398925781,-0.6558851599693298,1.8755910396575928,0.4258221387863159,0.8358461856842041,1.4809036254882812,-1.8836016654968262,-1.1286838054656982,0.29049259424209595,0.12471522390842438,-0.3247562050819397,0.7453202605247498,0.2184637039899826,0.3458801507949829,-0.013505585491657257,-1.0240263938903809,-0.38504934310913086,-0.980766773223877,2.132148265838623,2.4163169860839844,-2.6625516414642334,-2.2695415019989014,0.183539018034935,0.062042105942964554,-0.5620669722557068,0.8537153601646423,0.19684208929538727,0.3361026644706726,-0.09206900000572205,-0.9950097799301147,-0.4763876795768738,-0.8744279146194458,2.1585452556610107,2.3871665000915527,-2.728456974029541,-2.252080202102661,2.9570834636688232,-2.518860340118408,3.5696353912353516,0.06332644075155258,-0.4025747776031494,0.8888391852378845,0.5129360556602478,0.9306081533432007,0.2711084187030792,-0.958613932132721,-0.9347892999649048,-0.13097679615020752,-0.8129774332046509,0.024856334552168846
0.742,-0.1092086210846901,0.03319248929619789,0.006445834878832102,-2.676086902618408,0.28434574604034424,-0.16076192259788513,-0.2779163122177124,0.46725961565971375,-0.8393038511276245,0.0,0.0,0.0,0.20000000298023224,0.21678434312343597,0.049788396805524826,-0.5228453874588013,0.8482962250709534,0.1865071803331375,0.3509770929813385,-0.08855687826871872,-0.9839890003204346,-0.4614832103252411,-0.9078894853591919,2.1512675285339355,2.3835253715515137,-2.7346160411834717,-2.2615561485290527,3.5905985832214355,-0.019014278426766396,3.933687210083008,-1.287402868270874,-1.0525813102722168,1.391059398651123,0.48311054706573486,1.169018030166626,1.685115098953247,-3.3221538066864014,-0.5640433430671692,-0.5144265294075012,-0.6883612871170044,-1.56239914894104,0.7125973701477051,0.3646475374698639,-0.674083411693573,1.3889989852905273,-0.39831045269966125,-0.09922689199447632,1.3013496398925781,-0.6558851599693298,1.8755910396575928,0.4258221387863159,0.8358461856842041,1.4809036254882812,-1.8836016654968262,-1.1286838054656982,5.28000020980835,0.5726639628410339,0.21519535779953003,-0.6560484766960144,1.3718516826629639,-0.42948463559150696,0.00325104221701622,1.3519673347473145,-0.591277003288269,1.8383628129959106,0.43977534770965576,0.8901896476745605,1.3845709562301636,-1.9299066066741943,-1.1458253860473633,0.28841227293014526,0.1161564514040947,-0.32639020681381226,0.7156230211257935,0.20696069300174713,0.37885284423828125,-0.017810944467782974,-1.0088824033737183,-0.3687339723110199,-1.0162395238876343,2.1266214847564697,2.392301082611084,-2.6747026443481445,-2.282176971435547,0.25692594051361084,0.06100791320204735,-0.48079702258110046,0.8315277099609375,0.17782120406627655,0.3598730266094208,-0.08476118743419647,-0.9765198230743408,-0.44725701212882996,-0.932081401348114,2.1481940746307373,2.3789820671081543,-2.7407355308532715,-2.268444061279297,4.254072189331055,1.8598411083221436,4.309611797332764,-1.993709921836853,-0.7461222410202026,0.5805809497833252,0.30448979139328003,0.37762388586997986,1.227593183517456,-1.9628335237503052,-0.08676870167255402,-0.2699507772922516,-0.6076816320419312,-0.22424739599227905
0.76,-0.1092086210846901,0.03319248929619789,0.006445834878832102,-1.99020254611969,0.26962900161743164,-0.2521206736564636,-0.2750411629676819,0.5078529715538025,-0.816356360912323,0.0,0.0,0.0,0.20000000298023224,0.2976924479007721,0.08265581727027893,-0.4391573667526245,0.7967702150344849,0.16538754105567932,0.3718177080154419,-0.08166519552469254,-0.9668120741844177,-0.42523306608200073,-0.9691881537437439,2.1461703777313232,2.36519718170166,-2.745710611343384,-2.275735378265381,3.6998627185821533,2.098712205886841,3.7997195720672607,-4.381539821624756,-1.0437769889831543,1.0597898960113525,0.38824835419654846,0.8986428380012512,2.0135316848754883,-2.710226058959961,-0.318238765001297,-1.2491313219070435,-0.4410760998725891,-1.3501754999160767,0.5726639628410339,0.21519535779953003,-0.6560484766960144,1.3718516826629639,-0.42948463559150696,0.00325104221701622,1.3519673347473145,-0.591277003288269,1.8383628129959106,0.43977534770965576,0.8901896476745605,1.3845709562301636,-1.9299066066741943,-1.1458253860473633,5.261000156402588,0.41292935609817505,0.10074853897094727,-0.5752227902412415,1.3651241064071655,-0.38142693042755127,0.0026904046535491943,1.3690402507781982,-0.5253220796585083,1.6878650188446045,0.6017343997955322,0.9273175597190857,1.2608693838119507,-1.9112387895584106,-1.0968010425567627,0.2474384754896164,0.08326536417007446,-0.3070008158683777,0.6990925073623657,0.21322360634803772,0.3951990306377411,-0.015695394948124886,-0.9848216772079468,-0.39820075035095215,-0.9934861660003662,2.1331400871276855,2.34936785697937,-2.6761109828948975,-2.2762386798858643,0.2976924479007721,0.08265581727027893,-0.4391573667526245,0.7967702150344849,0.16538754105567932,0.3718177080154419,-0.08166519552469254,-0.9668120741844177,-0.42523306608200073,-0.9691881537437439,2.1461703777313232,2.36519718170166,-2.745710611343384,-2.275735378265381,3.6998627185821533,2.098712205886841,3.7997195720672607,-4.381539821624756,-1.0437769889831543,1.0597898960113525,0.38824835419654846,0.8986428380012512,2.0135316848754883,-2.710226058959961,-0.318238765001297,-1.2491313219070435,-0.4410760998725891,-1.3501754999160767
0.781,-0.1556110680103302,0.09639456868171692,-0.20735754072666168,-0.5430489182472229,0.15859536826610565,0.034492697566747665,-0.27292710542678833,0.5260217785835266,-0.8054885864257812,0.0,0.0,0.0,0.20000000298023224,0.3317343592643738,0.10572992265224457,-0.37939080595970154,0.6903403997421265,0.16964784264564514,0.3869788944721222,-0.07942863553762436,-0.9628839492797852,-0.4184970557689667,-0.9816852807998657,2.143717050552368,2.351029396057129,-2.7470457553863525,-2.2762410640716553,0.29609647393226624,-0.11650975793600082,2.3424935340881348,-5.717464447021484,0.7553739547729492,1.0377922058105469,-0.20362019538879395,0.05590116232633591,0.2950544059276581,-0.2070198655128479,-0.012850216589868069,-0.44397440552711487,0.3145948648452759,0.0840664878487587,0.41292935609817505,0.10074853897094727,-0.5752227902412415,1.3651241064071655,-0.38142693042755127,0.0026904046535491943,1.3690402507781982,-0.5253220796585083,1.6878650188446045,0.6017343997955322,0.9273175597190857,1.2608693838119507,-1.9112387895584106,-1.0968010425567627,5.239999771118164,0.4440096616744995,0.1379648596048355,-0.4895063638687134,1.2844241857528687,-0.36795371770858765,-0.11750270426273346,1.4141677618026733,-0.5605838894844055,1.6699491739273071,0.7632235884666443,0.8945770859718323,1.192958950996399,-1.8433362245559692,-1.025301456451416,0.23472166061401367,0.07612389326095581,-0.2758769989013672,0.6706522703170776,0.21972337365150452,0.37332385778427124,-0.003355742432177067,-0.9816067814826965,-0.4174130856990814,-0.941737174987793,2.1282143592834473,2.3109235763549805,-2.659839630126953,-2.255394697189331,0.33420616388320923,0.09999645501375198,-0.3577291965484619,0.6420928835868835,0.17599040269851685,0.3964899182319641,-0.0820092111825943,-0.9674348831176758,-0.4172914922237396,-0.984204113483429,2.1436870098114014,2.354666233062744,-2.7441933155059814,-2.2762835025787354,0.29007983207702637,-0.8252192735671997,2.1083030700683594,-3.996227741241455,0.5163178443908691,0.8483235239982605,-0.2829936444759369,-0.743157684803009,0.02385587990283966,-0.20870454609394073,-0.008794480003416538,0.7918373942375183,0.23612084984779358,0.021992605179548264
0.8,-0.1556110680103302,0.09639456868171692,-0.20735754072666168,-0.217598557472229,0.17424334585666656,0.2883187532424927,-0.2686235010623932,0.5326883792877197,-0.8025487661361694,0.0,0.0,0.0,0.20000000298023224,0.33561939001083374,0.08929770439863205,-0.3366793394088745,0.6043833494186401,0.18554703891277313,0.39498254656791687,-0.08271247893571854,-0.9716215133666992,-0.4330442249774933,-0.9609182476997375,2.1399588584899902,2.3477165699005127,-2.743722438812256,-2.256237506866455,0.37519779801368713,-1.2094242572784424,2.127107620239258,-3.04675555229187,0.645543098449707,-0.19460152089595795,-0.1047712117433548,-0.34864598512649536,-0.6774742007255554,1.5139214992523193,-0.4292098879814148,-0.8213686347007751,-0.012429691851139069,1.5688889026641846,0.4440096616744995,0.1379648596048355,-0.4895063638687134,1.2844241857528687,-0.36795371770858765,-0.11750270426273346,1.4141677618026733,-0.5605838894844055,1.6699491739273071,0.7632235884666443,0.8945770859718323,1.192958950996399,-1.8433362245559692,-1.025301456451416,5.2210001945495605,0.5167566537857056,0.22480884194374084,-0.4473375082015991,1.3213080167770386,-0.42702198028564453,-0.13888055086135864,1.539499282836914,-0.6274204254150391,1.7857221364974976,0.8040890097618103,0.7890641689300537,1.1885241270065308,-1.817901611328125,-1.000870943069458,0.24654999375343323,0.09426415711641312,-0.24977287650108337,0.6656531095504761,0.2082061916589737,0.35704177618026733,0.03414696455001831,-0.9967085123062134,-0.39807599782943726,-0.9056463241577148,2.0993733406066895,2.290592670440674,-2.6453452110290527,-2.2388648986816406,0.33561939001083374,0.08929770439863205,-0.3366793394088745,0.6043833494186401,0.18554703891277313,0.39498254656791687,-0.08271247893571854,-0.9716215133666992,-0.4330442249774933,-0.9609182476997375,2.1399588584899902,2.3477165699005127,-2.743722438812256,-2.256237506866455,0.37519779801368713,-1.2094242572784424,2.127107620239258,-3.04675555229187,0.645543098449707,-0.19460152089595795,-0.1047712117433548,-0.34864598512649536,-0.6774742007255554,1.5139214992523193,-0.4292098879814148,-0.8213686347007751,-0.012429691851139069,1.5688889026641846
0.82,-0.17573517560958862,0.06250003725290298,-0.3433997333049774,0.03768610954284668,0.08646567910909653,0.37128308415412903,-0.2626248896121979,0.5372151136398315,-0.8015161156654358,0.0,0.0,0.0,0.20000000298023224,0.3539247214794159,0.06991631537675858,-0.2916310727596283,0.588047444820404,0.17756079137325287,0.38361790776252747,-0.08086396008729935,-0.9849694967269897,-0.4242996573448181,-0.9237760901451111,2.123730421066284,2.3346378803253174,-2.7488155364990234,-2.2354118824005127,0.9695875644683838,-0.4226817190647125,2.2643704414367676,0.9753983020782471,-0.6100806593894958,-0.5677935481071472,0.4940566122531891,-0.8197191953659058,0.7015959620475769,1.086103081703186,-1.2689340114593506,-0.6642842888832092,-0.5796406865119934,0.34248828887939453,0.5167566537857056,0.22480884194374084,-0.4473375082015991,1.3213080167770386,-0.42702198028564453,-0.13888055086135864,1.539499282836914,-0.6274204254150391,1.7857221364974976,0.8040890097618103,0.7890641689300537,1.1885241270065308,-1.817901611328125,-1.000870943069458,5.201000213623047,0.5469222068786621,0.34050047397613525,-0.40000712871551514,1.3789743185043335,-0.4006844758987427,-0.1826661229133606,1.5763039588928223,-0.6134940981864929,1.9755686521530151,0.9133538603782654,0.6231421828269958,1.1072427034378052,-1.767836332321167,-0.9143195748329163,0.26000553369522095,0.13225719332695007,-0.22488822042942047,0.677570104598999,0.20903196930885315,0.3379543423652649,0.06209948658943176,-1.0007777214050293,-0.340945839881897,-0.860284686088562,2.0434722900390625,2.2601070404052734,-2.625581741333008,-2.2089624404907227,0.3539247214794159,0.06991631537675858,-0.2916310727596283,0.588047444820404,0.17756079137325287,0.38361790776252747,-0.08086396008729935,-0.9849694967269897,-0.4242996573448181,-0.9237760901451111,2.123730421066284,2.3346378803253174,-2.7488155364990234,-2.2354118824005127,0.9695875644683838,-0.4226817190647125,2.2643704414367676,0.9753983020782471,-0.6100806593894958,-0.5677935481071472,0.4940566122531891,-0.8197191953659058,0.7015959620475769,1.086103081703186,-1.2689340114593506,-0.6642842888832092,-0.5796406865119934,0.34248828887939453
0.84,-0.17573517560958862,0.06250003725290298,-0.3433997333049774,0.5914029479026794,-0.0426495224237442,0.29591134190559387,-0.25882673263549805,0.533911943435669,-0.8049514293670654,0.0,0.0,0.0,0.20000000298023224,0.3545765280723572,0.07019685953855515,-0.2533361613750458,0.6237080097198486,0.17281730473041534,0.3695332407951355,-0.07131234556436539,-0.9968302249908447,-0.4084843099117279,-0.8926219344139099,2.0995473861694336,2.311535120010376,-2.7556045055389404,-2.216914653778076,-0.34192177653312683,1.0033714771270752,1.6666899919509888,2.2292168140411377,-0.7033212780952454,-1.247771978378296,1.1668287515640259,-0.2787516713142395,2.15754771232605,2.9368672370910645,-1.8034926652908325,-2.727337598800659,-0.8524875044822693,3.5511038303375244,0.5469222068786621,0.34050047397613525,-0.40000712871551514,1.3789743185043335,-0.4006844758987427,-0.1826661229133606,1.5763039588928223,-0.6134940981864929,1.9755686521530151,0.9133538603782654,0.6231421828269958,1.1072427034378052,-1.767836332321167,-0.9143195748329163,5.181000232696533,0.4641796946525574,0.2816806137561798,-0.40461140871047974,1.4367733001708984,-0.3744558095932007,-0.23334018886089325,1.6773048639297485,-0.6500422954559326,1.9018875360488892,1.0904558897018433,0.5813007354736328,1.087886929512024,-1.7684305906295776,-0.8623437881469727,0.24604769051074982,0.13654875755310059,-0.21359696984291077,0.6979783773422241,0.21600203216075897,0.3157421350479126,0.10132597386837006,-1.0119494199752808,-0.3308010399341583,-0.7933284044265747,2.005061388015747,2.240025281906128,-2.6158485412597656,-2.1810171604156494,0.3545765280723572,0.07019685953855515,-0.2533361613750458,0.6237080097198486,0.17281730473041534,0.3695332407951355,-0.07131234556436539,-0.9968302249908447,-0.4084843099117279,-0.8926219344139099,2.0995473861694336,2.311535120010376,-2.7556045055389404,-2.216914653778076,-0.34192177653312683,1.0033714771270752,1.6666899919509888,2.2292168140411377,-0.7033212780952454,-1.247771978378296,1.1668287515640259,-0.2787516713142395,2.15754771232605,2.9368672370910645,-1.8034926652908325,-2.727337598800659,-0.8524875044822693,3.5511038303375244
0.863,-0.0771401971578598,0.041360996663570404,-0.427566260099411,1.6302515268325806,-0.06339138746261597,0.18835748732089996,-0.2576731741428375,0.5161713361740112,-0.8168057799339294,0.0,0.0,0.0,0.20000000298023224,0.3133920431137085,0.09822554886341095,-0.23334866762161255,0.672089695930481,0.1763506680727005,0.346516877412796,-0.04654672369360924,-1.002815842628479,-0.36920350790023804,-0.8413169384002686,2.0591917037963867,2.270132541656494,-2.7648768424987793,-2.1791186332702637,-3.7358086109161377,1.5763133764266968,0.35121285915374756,2.449439287185669,0.8963311314582825,-1.1217880249023438,1.334934949874878,-0.3465774655342102,1.537009596824646,2.303891181945801,-2.243995428085327,-1.6628457307815552,-0.22521544992923737,0.573859453201294,0.4641796946525574,0.2816806137561798,-0.40461140871047974,1.4367733001708984,-0.3744558095932007,-0.23334018886089325,1.6773048639297485,-0.6500422954559326,1.9018875360488892,1.0904558897018433,0.5813007354736328,1.087886929512024,-1.7684305906295776,-0.8623437881469727,5.160999774932861,0.43784093856811523,0.26076042652130127,-0.5308147072792053,1.4312950372695923,-0.3814629912376404,-0.44924700260162354,1.6045588254928589,-0.6268685460090637,1.7450615167617798,1.3223775625228882,0.6579740643501282,1.141170859336853,-1.786135196685791,-0.7728424072265625,0.23248407244682312,0.1334644854068756,-0.2395021617412567,0.7068129777908325,0.21773526072502136,0.250659316778183,0.10275270789861679,-1.0117418766021729,-0.36493515968322754,-0.7018698453903198,2.0050241947174072,2.243305206298828,-2.615407943725586,-2.1446690559387207,0.2703869640827179,0.11405479162931442,-0.23253785073757172,0.6954164505004883,0.18730731308460236,0.3374263346195221,-0.03680436313152313,-1.0055170059204102,-0.3563764989376068,-0.8239566683769226,2.040564775466919,2.256347179412842,-2.762812376022339,-2.1804778575897217,-4.582947254180908,1.5855183601379395,-0.12174349278211594,2.1645255088806152,1.2012543678283691,-0.7839195132255554,0.7184976935386658,-0.2089591771364212,1.1061551570892334,1.3926280736923218,-1.5604561567306519,-1.2986069917678833,0.4924221932888031,-0.2767565846443176
0.88,-0.0771401971578598,0.041360996663570404,-0.427566260099411,2.1961262226104736,0.07818429172039032,-0.017361855134367943,-0.25686466693878174,0.4838324189186096,-0.8366162180900574,0.0,0.0,0.0,0.20000000298023224,0.22324632108211517,0.12807786464691162,-0.23793475329875946,0.7136436104774475,0.20358586311340332,0.321219801902771,-0.030929863452911377,-1.0105537176132202,-0.3637806177139282,-0.7868928909301758,2.0277011394500732,2.2432861328125,-2.756060838699341,-2.1591176986694336,-4.740481376647949,1.2021745443344116,-0.8370131254196167,1.6089149713516235,1.5163490772247314,-2.1796813011169434,0.4260523319244385,-0.683294415473938,-0.7935540080070496,4.685744762420654,-1.0701031684875488,-1.0441842079162598,0.8514849543571472,3.345731735229492,0.43784093856811523,0.26076042652130127,-0.5308147072792053,1.4312950372695923,-0.3814629912376404,-0.44924700260162354,1.6045588254928589,-0.6268685460090637,1.7450615167617798,1.3223775625228882,0.6579740643501282,1.141170859336853,-1.786135196685791,-0.7728424072265625,5.140999794006348,0.34251511096954346,0.19621141254901886,-0.6424664258956909,1.461551547050476,-0.3968141973018646,-0.5932137966156006,1.695814847946167,-0.6471992135047913,1.5680978298187256,1.4877861738204956,0.753960132598877,1.2318085432052612,-1.807492971420288,-0.7556494474411011,0.20187081396579742,0.11578509211540222,-0.2803676724433899,0.7187943458557129,0.2147640883922577,0.1821262091398239,0.12628008425235748,-1.0167207717895508,-0.4262431263923645,-0.6147884130477905,2.0290021896362305,2.2676048278808594,-2.6205272674560547,-2.122196912765503,0.22324632108211517,0.12807786464691162,-0.23793475329875946,0.7136436104774475,0.20358586311340332,0.321219801902771,-0.030929863452911377,-1.0105537176132202,-0.3637806177139282,-0.7868928909301758,2.0277011394500732,2.2432861328125,-2.756060838699341,-2.1591176986694336,-4.740481376647949,1.2021745443344116,-0.8370131254196167,1.6089149713516235,1.5163490772247314,-2.1796813011169434,0.4260523319244385,-0.683294415473938,-0.7935540080070496,4.685744762420654,-1.0701031684875488,-1.0441842079162598,0.8514849543571472,3.345731735229492
0.9,0.02634931355714798,0.11393213272094727,-0.6710405349731445,2.4575459957122803,0.11496365815401077,-0.3475954234600067,-0.2575661838054657,0.4412710964679718,-0.8596159219741821,0.0,0.0,0.0,0.20000000298023224,0.1440546065568924,0.14367377758026123,-0.26880383491516113,0.7378776669502258,0.22832603752613068,0.270214319229126,-0.021545274183154106,-1.0226701498031616,-0.38902944326400757,-0.6972984671592712,2.0173702239990234,2.2463319301605225,-2.7367594242095947,-2.126920461654663,-3.098283052444458,0.2486637979745865,-1.9870630502700806,0.6307162642478943,0.8597908616065979,-2.944751739501953,0.5076650381088257,-0.4468364417552948,-1.5651369094848633,4.130217552185059,-0.19160984456539154,0.6749958992004395,0.7456026077270508,1.409664511680603,0.34251511096954346,0.19621141254901886,-0.6424664258956909,1.461551547050476,-0.3968141973018646,-0.5932137966156006,1.695814847946167,-0.6471992135047913,1.5680978298187256,1.4877861738204956,0.753960132598877,1.2318085432052612,-1.807492971420288,-0.7556494474411011,5.120999813079834,0.2423916459083557,0.3335329294204712,-0.6160342693328857,1.4452916383743286,-0.350897878408432,-0.738598644733429,1.636277437210083,-0.7053946256637573,1.5756895542144775,1.6204842329025269,0.7277371883392334,1.2826176881790161,-1.7270946502685547,-0.7300004959106445,0.16153332591056824,0.1412757784128189,-0.2941924035549164,0.7207200527191162,0.224757581949234,0.11151344329118729,0.12315941601991653,-1.0337589979171753,-0.454999178647995,-0.5380731821060181,2.034435272216797,2.292456865310669,-2.602987289428711,-2.104548454284668,0.1440546065568924,0.14367377758026123,-0.26880383491516113,0.7378776669502258,0.22832603752613068,0.270214319229126,-0.021545274183154106,-1.0226701498031616,-0.38902944326400757,-0.6972984671592712,2.0173702239990234,2.2463319301605225,-2.7367594242095947,-2.126920461654663,-3.098283052444458,0.2486637979745865,-1.9870630502700806,0.6307162642478943,0.8597908616065979,-2.944751739501953,0.5076650381088257,-0.4468364417552948,-1.5651369094848633,4.130217552185059,-0.19160984456539154,0.6749958992004395,0.7456026077270508,1.409664511680603
0.92,0.02634931355714798,0.11393213272094727,-0.6710405349731445,2.302241563796997,0.30764782428741455,-0.5633421540260315,-0.2579229772090912,0.3975220322608948,-0.8805975317955017,0.0,0.0,0.0,0.20000000298023224,0.11448033899068832,0.14515841007232666,-0.31285935640335083,0.7431171536445618,0.239571675658226,0.20985478162765503,-0.009162403643131256,-1.0270189046859741,-0.4261796474456787,-0.6241216659545898,2.021592617034912,2.262054681777954,-2.7274892330169678,-2.112447500228882,-0.4911646246910095,-0.00898069143295288,-2.519469976425171,0.2387942224740982,0.45043450593948364,-3.6601436138153076,0.40507373213768005,-0.9459640979766846,-2.176339864730835,4.727215766906738,0.8391435742378235,1.6466904878616333,0.5167469382286072,1.9239943027496338,0.2423916459083557,0.3335329294204712,-0.6160342693328857,1.4452916383743286,-0.350897878408432,-0.738598644733429,1.636277437210083,-0.7053946256637573,1.5756895542144775,1.6204842329025269,0.7277371883392334,1.2826176881790161,-1.7270946502685547,-0.7300004959106445,5.10099983215332,0.1093866229057312,0.3913779854774475,-0.618079662322998,1.4039371013641357,-0.3263528048992157,-0.8073407411575317,1.691929817199707,-0.6868143081665039,1.5516635179519653,1.7230366468429565,0.7152706384658813,1.287571907043457,-1.6882548332214355,-0.7016164064407349,0.10811331868171692,0.16848239302635193,-0.3016161322593689,0.711344301700592,0.23589059710502625,0.05902153626084328,0.13551217317581177,-1.0376330614089966,-0.4753836989402771,-0.474077433347702,2.0340352058410645,2.306121349334717,-2.584507465362549,-2.0886282920837402,0.11448033899068832,0.14515841007232666,-0.31285935640335083,0.7431171536445618,0.239571675658226,0.20985478162765503,-0.009162403643131256,-1.0270189046859741,-0.4261796474456787,-0.6241216659545898,2.021592617034912,2.262054681777954,-2.7274892330169678,-2.112447500228882,-0.4911646246910095,-0.00898069143295288,-2.519469976425171,0.2387942224740982,0.45043450593948364,-3.6601436138153076,0.40507373213768005,-0.9459640979766846,-2.176339864730835,4.727215766906738,0.8391435742378235,1.6466904878616333,0.5167469382286072,1.9239943027496338
0.942,0.1716133952140808,0.15668551623821259,-0.8384496569633484,2.7877748012542725,0.2810537815093994,-0.6198333501815796,-0.25625404715538025,0.350359708070755,-0.9008784294128418,0.0,0.0,0.0,0.20000000298023224,0.11707058548927307,0.15070976316928864,-0.36381474137306213,0.7356882691383362,0.24563926458358765,0.1382315456867218,0.002740107709541917,-1.0323805809020996,-0.46226072311401367,-0.5438362956047058,2.0345022678375244,2.2840540409088135,-2.719930410385132,-2.0901217460632324,-0.044969990849494934,0.5068897008895874,-2.6618223190307617,-0.9517689347267151,0.06738696992397308,-3.4457836151123047,0.6317204236984253,0.0906553715467453,-0.742508590221405,3.298903703689575,0.5274356603622437,0.8449891805648804,0.40870365500450134,0.9287300109863281,0.1093866229057312,0.3913779854774475,-0.618079662322998,1.4039371013641357,-0.3263528048992157,-0.8073407411575317,1.691929817199707,-0.6868143081665039,1.5516635179519653,1.7230366468429565,0.7152706384658813,1.287571907043457,-1.6882548332214355,-0.7016164064407349,5.079999923706055,-0.07364155352115631,0.45962589979171753,-0.596519947052002,1.3402400016784668,-0.3381447196006775,-1.0170902013778687,1.6756770610809326,-0.7320124506950378,1.4553762674331665,1.8904005289077759,0.72526615858078,1.275992751121521,-1.6715680360794067,-0.6628418564796448,0.03564627096056938,0.19914767146110535,-0.29993805289268494,0.6907321214675903,0.23850911855697632,-0.019661782309412956,0.13762536644935608,-1.0508697032928467,-0.509647786617279,-0.400238573551178,2.0363340377807617,2.310058832168579,-2.5710957050323486,-2.070974588394165,0.10261406004428864,0.15569065511226654,-0.3925635814666748,0.7225625514984131,0.25184163451194763,0.10915116965770721,0.009999181143939495,-1.0287227630615234,-0.4630105793476105,-0.5197927355766296,2.03902006149292,2.291907787322998,-2.7139675617218018,-2.0868020057678223,-1.8371044397354126,0.6112065315246582,-2.9297902584075928,-1.4111685752868652,0.9435074329376221,-2.537656545639038,0.7758426666259766,0.5289808511734009,-0.186926007270813,1.8833701610565186,0.4283094108104706,0.6841712594032288,0.7343651652336121,0.08465234935283661
0.96,0.1716133952140808,0.15668551623821259,-0.8384496569633484,2.992365598678589,0.3132016360759735,-0.4638124108314514,-0.25496533513069153,0.2936970889568329,-0.9212679862976074,0.0,0.0,0.0,0.20000000298023224,0.08270280063152313,0.16492916643619537,-0.4219537377357483,0.7085114121437073,0.26491400599479675,0.07496919482946396,0.015007355250418186,-1.0294748544692993,-0.4799223840236664,-0.47519147396087646,2.0442352294921875,2.2987403869628906,-2.7037036418914795,-2.071995258331299,-1.9647510051727295,1.1450703144073486,-2.8411166667938232,-1.4559636116027832,1.1590673923492432,-3.3689451217651367,0.2919470965862274,-0.1401951014995575,-0.755902111530304,3.796189069747925,0.5030022263526917,0.5722954869270325,1.239835500717163,1.4325717687606812,-0.07364155352115631,0.45962589979171753,-0.596519947052002,1.3402400016784668,-0.3381447196006775,-1.0170902013778687,1.6756770610809326,-0.7320124506950378,1.4553762674331665,1.8904005289077759,0.72526615858078,1.275992751121521,-1.6715680360794067,-0.6628418564796448,5.060999870300293,-0.08381927013397217,0.3339812755584717,-0.6519874334335327,1.3198353052139282,-0.3374048173427582,-1.1004313230514526,1.775313377380371,-0.717873215675354,1.2980459928512573,1.98497474193573,0.7999787926673889,1.225135087966919,-1.6829259395599365,-0.5972946286201477,-0.003131682053208351,0.1830691546201706,-0.31296586990356445,0.6753249168395996,0.24000334739685059,-0.07983872294425964,0.16359104216098785,-1.0539531707763672,-0.5661123991012573,-0.3396756052970886,2.056161880493164,2.2993130683898926,-2.5672292709350586,-2.0457611083984375,0.08270280063152313,0.16492916643619537,-0.4219537377357483,0.7085114121437073,0.26491400599479675,0.07496919482946396,0.015007355250418186,-1.0294748544692993,-0.4799223840236664,-0.47519147396087646,2.0442352294921875,2.2987403869628906,-2.7037036418914795,-2.071995258331299,-1.9647510051727295,1.1450703144073486,-2.8411166667938232,-1.4559636116027832,1.1590673923492432,-3.3689451217651367,0.2919470965862274,-0.1401951014995575,-0.755902111530304,3.796189069747925,0.5030022263526917,0.5722954869270325,1.239835500717163,1.4325717687606812
0.982,0.27320364117622375,-0.014464901760220528,-0.8208295106887817,3.071498394012451,0.27653294801712036,-0.05097641050815582,-0.25067055225372314,0.23672761023044586,-0.9386821985244751,0.0,0.0,0.0,0.20000000298023224,0.044769737869501114,0.195681631565094,-0.4683727025985718,0.6861345171928406,0.28613829612731934,0.01333621796220541,0.02038009651005268,-1.0275628566741943,-0.5025356411933899,-0.41120511293411255,2.0499117374420166,2.299246072769165,-2.67726469039917,-2.0512375831604004,-1.873302698135376,1.4748945236206055,-1.8597487211227417,-1.0473558902740479,1.2028732299804688,-3.5314464569091797,0.03485341742634773,-0.03742293268442154,-1.1042951345443726,4.535707473754883,0.24496930837631226,-0.8957875967025757,1.4971481561660767,2.8526124954223633,-0.08381927013397217,0.3339812755584717,-0.6519874334335327,1.3198353052139282,-0.3374048173427582,-1.1004313230514526,1.775313377380371,-0.717873215675354,1.2980459928512573,1.98497474193573,0.7999787926673889,1.225135087966919,-1.6829259395599365,-0.5972946286201477,5.040999889373779,-0.13287469744682312,0.1837519109249115,-0.7804796695709229,1.152175784111023,-0.37416645884513855,-1.1469331979751587,1.8245974779129028,-0.7076696753501892,1.1383949518203735,2.084740400314331,0.8350785374641418,1.1439541578292847,-1.7274774312973022,-0.5483274459838867,-0.03478451445698738,0.13747255504131317,-0.35160285234451294,0.6257064342498779,0.23156005144119263,-0.12155266106128693,0.18889489769935608,-1.0529439449310303,-0.634257435798645,-0.2844527065753937,2.074850559234619,2.2736449241638184,-2.5764341354370117,-2.0209124088287354,0.025011183694005013,0.20724013447761536,-0.4850333034992218,0.6799028515815735,0.2983141839504242,-0.015660883858799934,0.022849446162581444,-1.0277259349822998,-0.5142714381217957,-0.3844461143016815,2.05017352104187,2.2974607944488525,-2.6646852493286133,-2.0434412956237793,-2.006847858428955,0.9237023591995239,-1.436843991279602,-0.3210980296134949,1.1208136081695557,-2.5638656616210938,0.36929649114608765,0.0032962097320705652,-1.0573740005493164,1.9140182733535767,-0.11189276725053787,0.016709718853235245,1.094435214996338,0.032202668488025665
1.0,0.27320364117622375,-0.014464901760220528,-0.8208295106887817,3.708466053009033,0.14023533463478088,0.44599777460098267,-0.24546223878860474,0.1739688664674759,-0.9536682367324829,0.0,0.0,0.0,0.20000000298023224,-0.0005397932836785913,0.20723570883274078,-0.49933651089668274,0.6662706732749939,0.3081425428390503,-0.04708671197295189,0.028584418818354607,-1.0256807804107666,-0.5435565114021301,-0.3461880385875702,2.0495259761810303,2.281994581222534,-2.6497302055358887,-2.020777702331543,-3.088726282119751,-0.9621239304542542,-1.17855703830719,-1.9162840843200684,0.36336591839790344,-3.0405876636505127,0.650627613067627,0.20631375908851624,-3.3236100673675537,3.268864870071411,-0.20662514865398407,-1.5133240222930908,1.6161335706710815,1.482559323310852,-0.13287469744682312,0.1837519109249115,-0.7804796695709229,1.152175784111023,-0.37416645884513855,-1.1469331979751587,1.8245974779129028,-0.7076696753501892,1.1383949518203735,2.084740400314331,0.8350785374641418,1.1439541578292847,-1.7274774312973022,-0.5483274459838867,5.020999908447266,0.045122284442186356,0.2779049277305603,-0.8631926774978638,0.9205141663551331,-0.28321075439453125,-1.2439099550247192,1.6820794343948364,-0.6364448070526123,1.0718871355056763,2.145113229751587,0.8197023868560791,1.1296273469924927,-1.7210725545883179,-0.5254971981048584,-0.006111686117947102,0.13821250200271606,-0.3915995955467224,0.542981743812561,0.25007733702659607,-0.1666538119316101,0.1659173220396042,-1.0346331596374512,-0.6849569082260132,-0.24174804985523224,2.080350875854492,2.2572293281555176,-2.579435348510742,-2.0027804374694824,-0.0005397932836785913,0.20723570883274078,-0.49933651089668274,0.6662706732749939,0.3081425428390503,-0.04708671197295189,0.028584418818354607,-1.0256807804107666,-0.5435565114021301,-0.3461880385875702,2.0495259761810303,2.281994581222534,-2.6497302055358887,-2.020777702331543,-3.088726282119751,-0.9621239304542542,-1.17855703830719,-1.9162840843200684,0.36336591839790344,-3.0405876636505127,0.650627613067627,0.20631375908851624,-3.3236100673675537,3.268864870071411,-0.20662514865398407,-1.5133240222930908,1.6161335706710815,1.482559323310852
1.021,0.31031790375709534,-0.11918199062347412,-0.910836935043335,3.0395123958587646,0.26817774772644043,0.7422146201133728,-0.23967905342578888,0.10972841829061508,-0.9646313190460205,0.0,0.0,0.0,0.20000000298023224,-0.05381447449326515,0.16875700652599335,-0.5226635336875916,0.6259269118309021,0.33715397119522095,-0.10415814816951752,0.03749270364642143,-1.0186684131622314,-0.5928808450698853,-0.28596049547195435,2.045474052429199,2.271559953689575,-2.6336510181427,-2.0213751792907715,-2.487131118774414,-2.1672961711883545,-0.5769609808921814,-0.025009561330080032,1.6062699556350708,-2.7236995697021484,0.10476795583963394,0.14534929394721985,-2.4901912212371826,2.0678582191467285,-0.03130139037966728,4.243471622467041,0.7654526829719543,-4.302896976470947,0.045122284442186356,0.2779049277305603,-0.8631926774978638,0.9205141663551331,-0.28321075439453125,-1.2439099550247192,1.6820794343948364,-0.6364448070526123,1.0718871355056763,2.145113229751587,0.8197023868560791,1.1296273469924927,-1.7210725545883179,-0.5254971981048584,5.0,0.27996647357940674,0.3686060309410095,-0.9356294870376587,0.7577186822891235,-0.15678100287914276,-1.0814974308013916,1.5258204936981201,-0.5293326377868652,1.2559601068496704,1.9912861585617065,0.7898954153060913,1.154661774635315,-1.6728321313858032,-0.5495178699493408,0.06693577766418457,0.1612577587366104,-0.4297071695327759,0.4609205424785614,0.2909434139728546,-0.14860126376152039,0.11536379903554916,-0.9986997246742249,-0.6642884016036987,-0.258852481842041,2.0756492614746094,2.255280017852783,-2.568875789642334,-1.9997196197509766,-0.07427401840686798,0.15149396657943726,-0.5224076509475708,0.6291621327400208,0.35189297795295715,-0.12798894941806793,0.04029303416609764,-1.0182045698165894,-0.6157276630401611,-0.27184563875198364,2.041938543319702,2.3090436458587646,-2.627669334411621,-2.0547585487365723,-1.6634085178375244,-1.2954860925674438,0.521334707736969,0.6355971097946167,1.3372827768325806,-2.1278882026672363,0.38191351294517517,-0.08190768212080002,-2.0541868209838867,1.060795545578003,-0.5533087849617004,3.3754262924194336,0.5050112009048462,-2.4917337894439697
1.041,0.31031790375709534,-0.11918199062347412,-0.910836935043335,1.9905061721801758,0.18556882441043854,0.5590211153030396,-0.23418520390987396,0.06709334254264832,-0.9698740839958191,0.0,0.0,0.0,0.20000000298023224,-0.08634530752897263,0.14591224491596222,-0.5118706822395325,0.6384397149085999,0.3652958869934082,-0.13968627154827118,0.04268192872405052,-1.0145416259765625,-0.6349813342094421,-0.2799818515777588,2.0370004177093506,2.335153341293335,-2.6188039779663086,-2.0750348567962646,-1.0339388847351074,0.013124080374836922,1.1163749694824219,0.9313151836395264,1.2933616638183594,-0.776351809501648,-0.10532772541046143,0.4659017026424408,-1.7244077920913696,-0.541486382484436,-0.19211271405220032,2.2157387733459473,1.424390196800232,-1.5024009943008423,0.27996647357940674,0.3686060309410095,-0.9356294870376587,0.7577186822891235,-0.15678100287914276,-1.0814974308013916,1.5258204936981201,-0.5293326377868652,1.2559601068496704,1.9912861585617065,0.7898954153060913,1.154661774635315,-1.6728321313858032,-0.5495178699493408,4.980999946594238,0.2527775764465332,0.280071496963501,-0.8014922142028809,0.7885013818740845,-0.18874356150627136,-1.0848203897476196,1.5890519618988037,-0.605911374092102,1.3236145973205566,1.9523371458053589,0.7213484644889832,1.2307032346725464,-1.6645121574401855,-0.5773083567619324,0.09666228294372559,0.15064674615859985,-0.41522663831710815,0.4275856018066406,0.30338579416275024,-0.14040572941303253,0.10589490830898285,-0.9998776912689209,-0.6370405554771423,-0.2771419584751129,2.056161880493164,2.273315906524658,-2.5615158081054688,-2.0051369667053223,-0.09235940128564835,0.15387795865535736,-0.4965311586856842,0.6494521498680115,0.3750419318675995,-0.14854975044727325,0.04156337305903435,-1.0131055116653442,-0.6459528803825378,-0.27610552310943604,2.033268928527832,2.3545753955841064,-2.5990359783172607,-2.081681728363037,-0.20000359416007996,1.4112310409545898,1.9835423231124878,1.4096038341522217,0.7090100049972534,-0.8218837976455688,-0.050038889050483704,-0.07502802461385727,-0.6138870716094971,0.4915861189365387,-0.49893397092819214,2.0074241161346436,2.459735870361328,-0.5851507186889648
1.06,0.3358445465564728,-0.15373191237449646,-0.6063297390937805,1.2221571207046509,0.43676942586898804,0.09934982657432556,-0.22818852961063385,0.039133958518505096,-0.9728301763534546,0.0,0.0,0.0,0.20000000298023224,-0.09277684986591339,0.16935206949710846,-0.47687971591949463,0.6630163788795471,0.3769437074661255,-0.14983700215816498,0.043228063732385635,-1.0176355838775635,-0.6418570280075073,-0.2890165150165558,2.021670341491699,2.3741092681884766,-2.5774142742156982,-2.0804901123046875,0.1369132250547409,1.7274534702301025,1.9563993215560913,1.288087248802185,0.10800787061452866,-0.321718692779541,0.2217942476272583,-0.5471181273460388,0.528918981552124,-0.16949322819709778,-1.3476086854934692,1.6154429912567139,1.991858959197998,0.559516966342926,0.2527775764465332,0.280071496963501,-0.8014922142028809,0.7885013818740845,-0.18874356150627136,-1.0848203897476196,1.5890519618988037,-0.605911374092102,1.3236145973205566,1.9523371458053589,0.7213484644889832,1.2307032346725464,-1.6645121574401855,-0.5773083567619324,4.960999965667725,0.12362737208604813,0.07871352136135101,-0.7709330916404724,0.9965349435806274,-0.15561160445213318,-0.9951065182685852,1.6738672256469727,-0.5627111196517944,1.2422770261764526,1.873710036277771,0.7908607721328735,1.2770192623138428,-1.7396632432937622,-0.6234658360481262,0.07923798263072968,0.09500175714492798,-0.400346577167511,0.4629265367984772,0.3178899884223938,-0.11387949436903,0.12236427515745163,-0.9896665811538696,-0.6437510251998901,-0.30594348907470703,2.063796043395996,2.293912887573242,-2.5766236782073975,-2.0193848609924316,-0.09277684986591339,0.16935206949710846,-0.47687971591949463,0.6630163788795471,0.3769437074661255,-0.14983700215816498,0.043228063732385635,-1.0176355838775635,-0.6418570280075073,-0.2890165150165558,2.021670341491699,2.3741092681884766,-2.5774142742156982,-2.0804901123046875,0.1369132250547409,1.7274534702301025,1.9563993215560913,1.288087248802185,0.10800787061452866,-0.321718692779541,0.2217942476272583,-0.5471181273460388,0.528918981552124,-0.16949322819709778,-1.3476086854934692,1.6154429912567139,1.991858959197998,0.559516966342926
1.08,0.3358445465564728,-0.15373191237449646,-0.6063297390937805,1.2039064168930054,0.8608266115188599,-0.043495312333106995,-0.21567466855049133,0.015979019924998283,-0.9763345122337341,0.0,0.0,0.0,0.20000000298023224,-0.07841622829437256,0.19524148106575012,-0.4393155574798584,0.6863428354263306,0.38085705041885376,-0.14595407247543335,0.053782932460308075,-1.0224422216415405,-0.6378418803215027,-0.30818605422973633,2.008378267288208,2.3907840251922607,-2.5782222747802734,-2.0677945613861084,2.1494765281677246,-0.039771948009729385,1.6339225769042969,0.9575204849243164,-0.21459326148033142,0.46031761169433594,0.7901099324226379,0.05891209468245506,0.3073091506958008,-0.527124285697937,-0.061350706964731216,0.24907055497169495,-1.3008391857147217,0.3442670404911041,0.12362737208604813,0.07871352136135101,-0.7709330916404724,0.9965349435806274,-0.15561160445213318,-0.9951065182685852,1.6738672256469727,-0.5627111196517944,1.2422770261764526,1.873710036277771,0.7908607721328735,1.2770192623138428,-1.7396632432937622,-0.6234658360481262,4.940999984741211,0.1073969155550003,0.043424319475889206,-0.8479008078575134,1.0272842645645142,-0.18471285700798035,-0.9300954341888428,1.6160826683044434,-0.5613201260566711,1.264003038406372,1.7585914134979248,0.8305299282073975,1.2996668815612793,-1.868686318397522,-0.6968640685081482,0.06646822392940521,0.058356959372758865,-0.41214847564697266,0.4882843494415283,0.3178667724132538,-0.08436360955238342,0.116152822971344,-0.9842132925987244,-0.6416747570037842,-0.34912389516830444,2.0775303840637207,2.309873104095459,-2.6164333820343018,-2.044858455657959,-0.07841622829437256,0.19524148106575012,-0.4393155574798584,0.6863428354263306,0.38085705041885376,-0.14595407247543335,0.053782932460308075,-1.0224422216415405,-0.6378418803215027,-0.30818605422973633,2.008378267288208,2.3907840251922607,-2.5782222747802734,-2.0677945613861084,2.1494765281677246,-0.039771948009729385,1.6339225769042969,0.9575204849243164,-0.21459326148033142,0.46031761169433594,0.7901099324226379,0.05891209468245506,0.3073091506958008,-0.527124285697937,-0.061350706964731216,0.24907055497169495,-1.3008391857147217,0.3442670404911041
1.101,0.3758045434951782,-0.051634807139635086,-0.729783833026886,2.5688304901123047,1.5783169269561768,-0.20697195827960968,-0.1902550309896469,-0.022129036486148834,-0.9814852476119995,0.0,0.0,0.0,0.20000000298023224,-0.004402171820402145,0.15154263377189636,-0.42574092745780945,0.6919942498207092,0.3561420142650604,-0.13148261606693268,0.06234772875905037,-1.0203280448913574,-0.6354276537895203,-0.33541759848594666,2.02111554145813,2.3885040283203125,-2.611656665802002,-2.072862386703491,3.9398231506347656,-4.554513931274414,-0.7437431812286377,-0.5023002624511719,-1.7157132625579834,0.9708735346794128,0.2714804410934448,0.09516093134880066,-0.217742457985878,-1.212592601776123,1.3081719875335693,-0.1123141348361969,-2.9627628326416016,-0.7604126334190369,0.1073969155550003,0.043424319475889206,-0.8479008078575134,1.0272842645645142,-0.18471285700798035,-0.9300954341888428,1.6160826683044434,-0.5613201260566711,1.264003038406372,1.7585914134979248,0.8305299282073975,1.2996668815612793,-1.868686318397522,-0.6968640685081482,4.921000003814697,-0.14899727702140808,0.4907947778701782,-1.0708359479904175,0.9702898859977722,-0.37019696831703186,-1.1253479719161987,1.217240810394287,-0.44438719749450684,1.3147315979003906,1.8366904258728027,0.8760022521018982,1.5061008930206299,-2.0099740028381348,-0.9152575731277466,-0.004015207290649414,0.15187717974185944,-0.4737832248210907,0.4867146611213684,0.2714841365814209,-0.11841879785060883,0.013336628675460815,-0.9522534608840942,-0.6279544830322266,-0.35118934512138367,2.0957655906677246,2.36946177482605,-2.6716601848602295,-2.1121935844421387,0.039548490196466446,0.12296927720308304,-0.42907577753067017,0.6898269653320312,0.34073254466056824,-0.12072449922561646,0.06923907995223999,-1.0148428678512573,-0.6373491287231445,-0.3494762182235718,2.032052516937256,2.385347366333008,-2.624333381652832,-2.0829386711120605,5.334815979003906,0.9069401621818542,1.123466968536377,0.9960879683494568,-1.1562516689300537,1.619340181350708,1.7749356031417847,1.5619490146636963,0.09020914137363434,-2.269232749938965,1.3778597116470337,-0.8305611610412598,-0.48156851530075073,-0.7480874061584473
1.124,0.3758045434951782,-0.051634807139635086,-0.729783833026886,1.6204649209976196,-0.5354697108268738,-0.22840186953544617,-0.18961888551712036,-0.04176231101155281,-0.9809691905975342,0.0,0.0,0.0,0.20000000298023224,0.07776176184415817,0.12909339368343353,-0.4295341670513153,0.6922705173492432,0.32378438115119934,-0.11129109561443329,0.08398393541574478,-0.9929399490356445,-0.6220657229423523,-0.3551251292228699,2.061471700668335,2.3851191997528076,-2.6556665897369385,-2.1192634105682373,2.0306460857391357,0.07842183858156204,-1.2900097370147705,0.13228172063827515,-1.6762137413024902,0.6489385366439819,0.8590636253356934,1.793936014175415,0.6830911636352539,0.18397419154644012,3.7103219032287598,-0.27046674489974976,-3.7447516918182373,-0.8626623749732971,-0.14899727702140808,0.4907947778701782,-1.0708359479904175,0.9702898859977722,-0.37019696831703186,-1.1253479719161987,1.217240810394287,-0.44438719749450684,1.3147315979003906,1.8366904258728027,0.8760022521018982,1.5061008930206299,-2.0099740028381348,-0.9152575731277466,4.89900016784668,-0.41183578968048096,0.5518418550491333,-1.074435830116272,0.8897112607955933,-0.1806815266609192,-1.4240081310272217,1.3483461141586304,-0.6581100821495056,0.8843482136726379,2.0603981018066406,0.8303471207618713,1.3514224290847778,-1.9365671873092651,-0.8893611431121826,-0.10496655106544495,0.21389904618263245,-0.5055005550384521,0.4657851457595825,0.2956717014312744,-0.21011143922805786,-0.0052951425313949585,-0.9897042512893677,-0.7286902070045471,-0.296295166015625,2.0934696197509766,2.360586643218994,-2.680922031402588,-2.1393871307373047,0.07974401116371155,0.12524208426475525,-0.44861260056495667,0.6900663375854492,0.30921050906181335,-0.10365381836891174,0.08759243786334991,-0.9773509502410889,-0.6216128468513489,-0.35253840684890747,2.092515230178833,2.386523723602295,-2.6678261756896973,-2.125265598297119,-1.2663954496383667,-0.8645102381706238,-2.4964261054992676,-0.7252630591392517,-1.389472246170044,0.6924749612808228,-0.08757264912128448,1.2927665710449219,-0.1612834483385086,0.46616071462631226,2.510197639465332,0.5131630301475525,0.17006777226924896,-0.4653410315513611
1.143,0.12302479892969131,0.16133929789066315,-0.3408687114715576,3.0560998916625977,-0.6514686942100525,-0.6269029378890991,-0.20097845792770386,-0.09378720074892044,-0.9750956892967224,0.0,0.0,0.0,0.20000000298023224,0.04982594773173332,0.11094460636377335,-0.48185721039772034,0.6751388907432556,0.30296534299850464,-0.10753709077835083,0.07928376644849777,-0.9694709181785583,-0.6462411284446716,-0.3303181231021881,2.1108882427215576,2.3952832221984863,-2.6661312580108643,-2.128129720687866,-4.665410995483398,-1.8075052499771118,-4.060540676116943,-2.0696840286254883,0.1734013557434082,-1.5192625522613525,-1.430233120918274,0.4814743101596832,-4.5223069190979,4.106264114379883,1.4187382459640503,1.1112405061721802,-0.4847990870475769,-0.21838495135307312,-0.41183578968048096,0.5518418550491333,-1.074435830116272,0.8897112607955933,-0.1806815266609192,-1.4240081310272217,1.3483461141586304,-0.6581100821495056,0.8843482136726379,2.0603981018066406,0.8303471207618713,1.3514224290847778,-1.9365671873092651,-0.8893611431121826,4.879000186920166,-0.2643778920173645,0.5910229682922363,-1.2343995571136475,0.9824877977371216,-0.09330542385578156,-1.6485949754714966,1.5627015829086304,-0.6920688152313232,0.6231799721717834,2.2121598720550537,0.935403048992157,1.4101752042770386,-1.8476697206497192,-0.8517441749572754,-0.1185777485370636,0.2547052502632141,-0.5613501667976379,0.47851452231407166,0.3296095132827759,-0.3121044635772705,0.038977839052677155,-1.0169193744659424,-0.8443500995635986,-0.2309076189994812,2.1185855865478516,2.3708372116088867,-2.6633284091949463,-2.1435794830322266,0.04982594773173332,0.11094460636377335,-0.48185721039772034,0.6751388907432556,0.30296534299850464,-0.10753709077835083,0.07928376644849777,-0.9694709181785583,-0.6462411284446716,-0.3303181231021881,2.1108882427215576,2.3952832221984863,-2.6661312580108643,-2.128129720687866,-4.665410995483398,-1.8075052499771118,-4.060540676116943,-2.0696840286254883,0.1734013557434082,-1.5192625522613525,-1.430233120918274,0.4814743101596832,-4.5223069190979,4.106264114379883,1.4187382459640503,1.1112405061721802,-0.4847990870475769,-0.21838495135307312
1.16,0.12302479892969131,0.16133929789066315,-0.3408687114715576,1.7778292894363403,-0.3454473614692688,-1.3887039422988892,-0.2073933184146881,-0.14867395162582397,-0.9668940305709839,0.0,0.0,0.0,0.20000000298023224,-0.07146662473678589,0.0776677280664444,-0.5583029985427856,0.6293506026268005,0.3067604601383209,-0.1365712583065033,0.04331718012690544,-0.9637531638145447,-0.7248994708061218,-0.2604893445968628,2.1158132553100586,2.419423818588257,-2.6724910736083984,-2.1379127502441406,-6.01314115524292,-0.6396463513374329,-4.029965877532959,-2.3363420963287354,1.1463342905044556,-2.751188278198242,-1.3969039916992188,-0.4604177474975586,-6.006433486938477,4.455896854400635,-0.08591967076063156,1.0738558769226074,0.7021501660346985,0.42096424102783203,-0.2643778920173645,0.5910229682922363,-1.2343995571136475,0.9824877977371216,-0.09330542385578156,-1.6485949754714966,1.5627015829086304,-0.6920688152313232,0.6231799721717834,2.2121598720550537,0.935403048992157,1.4101752042770386,-1.8476697206497192,-0.8517441749572754,4.861000061035156,-0.20904050767421722,0.2561403512954712,-1.2504324913024902,1.208233118057251,-0.03659481555223465,-1.4611300230026245,1.5553597211837769,-0.6752070784568787,0.7156943082809448,2.136946439743042,1.07728910446167,1.4021880626678467,-1.9001139402389526,-0.8604360818862915,-0.1115490049123764,0.19138771295547485,-0.5932831764221191,0.5413155555725098,0.3607560396194458,-0.3162347376346588,0.05927886441349983,-1.0263113975524902,-0.8790514469146729,-0.21701720356941223,2.1666150093078613,2.3739657402038574,-2.667642593383789,-2.147848606109619,-0.07146662473678589,0.0776677280664444,-0.5583029985427856,0.6293506026268005,0.3067604601383209,-0.1365712583065033,0.04331718012690544,-0.9637531638145447,-0.7248994708061218,-0.2604893445968628,2.1158132553100586,2.419423818588257,-2.6724910736083984,-2.1379127502441406,-6.01314115524292,-0.6396463513374329,-4.029965877532959,-2.3363420963287354,1.1463342905044556,-2.751188278198242,-1.3969039916992188,-0.4604177474975586,-6.006433486938477,4.455896854400635,-0.08591967076063156,1.0738558769226074,0.7021501660346985,0.42096424102783203
1.183,0.05053829774260521,0.14751243591308594,-0.4805363714694977,0.10271330922842026,-0.12448389083147049,-1.729227066040039,-0.2064065784215927,-0.1696997731924057,-0.9636380672454834,0.0,0.0,0.0,0.20000000298023224,-0.1487792581319809,0.14545989036560059,-0.6176199913024902,0.6004202961921692,0.32787439227104187,-0.20880165696144104,0.028342710807919502,-0.9705747961997986,-0.8213115334510803,-0.21887612342834473,2.114459991455078,2.427391290664673,-2.6740593910217285,-2.1334481239318848,-2.0411489009857178,5.532337665557861,-2.2664315700531006,-0.8191065192222595,0.8292750716209412,-3.7965126037597656,-0.35787433385849,-0.291477233171463,-3.00054669380188,0.4361216425895691,0.7192322611808777,-0.02056736685335636,-0.1909852772951126,0.31149402260780334,-0.20904050767421722,0.2561403512954712,-1.2504324913024902,1.208233118057251,-0.03659481555223465,-1.4611300230026245,1.5553597211837769,-0.6752070784568787,0.7156943082809448,2.136946439743042,1.07728910446167,1.4021880626678467,-1.9001139402389526,-0.8604360818862915,4.840000152587891,-0.33196401596069336,-0.13633672893047333,-0.9621338844299316,1.3032243251800537,-0.01923546940088272,-1.3147422075271606,1.9798345565795898,-0.7343243956565857,0.8664227724075317,2.1984305381774902,1.0705307722091675,1.1263337135314941,-1.8323360681533813,-0.6557073593139648,-0.13876551389694214,0.061609674245119095,-0.5371750593185425,0.5964638590812683,0.38066914677619934,-0.2817029356956482,0.17554809153079987,-1.0457868576049805,-0.858720064163208,-0.19470097124576569,2.1889400482177734,2.3065662384033203,-2.652855396270752,-2.0988011360168457,-0.160215824842453,0.20446445047855377,-0.6330912113189697,0.5958497524261475,0.33412450551986694,-0.24506910145282745,0.024894271045923233,-0.9727134108543396,-0.8436413407325745,-0.21859703958034515,2.1220414638519287,2.4268529415130615,-2.6719539165496826,-2.1335551738739014,-0.5141956210136414,5.940256118774414,-0.9949348568916321,-0.2265636920928955,0.4969685673713684,-3.437235116958618,-0.3021283447742462,-0.19452248513698578,-1.7682609558105469,-0.17167767882347107,0.7438951730728149,-0.050250668078660965,0.32132330536842346,-0.19806766510009766
1.201,0.05053829774260521,0.14751243591308594,-0.4805363714694977,-0.2187778502702713,0.020018314942717552,-0.9442458748817444,-0.20255734026432037,-0.1733529418706894,-0.9638046026229858,0.0,0.0,0.0,0.20000000298023224,-0.16397719085216522,0.25134629011154175,-0.6324034333229065,0.5966446995735168,0.3390238583087921,-0.2734017074108124,0.026548147201538086,-0.9823328256607056,-0.8460458517074585,-0.21030370891094208,2.129180908203125,2.4312140941619873,-2.664325475692749,-2.1264727115631104,-0.3237871527671814,3.0427536964416504,1.2295223474502563,0.5349845290184021,0.7285173535346985,-1.741121768951416,0.8418778777122498,-1.2378915548324585,-0.021616308018565178,0.12443327903747559,0.6527977585792542,0.7581645250320435,0.8245587944984436,1.0428909063339233,-0.33196401596069336,-0.13633672893047333,-0.9621338844299316,1.3032243251800537,-0.01923546940088272,-1.3147422075271606,1.9798345565795898,-0.7343243956565857,0.8664227724075317,2.1984305381774902,1.0705307722091675,1.1263337135314941,-1.8323360681533813,-0.6557073593139648,4.821000099182129,0.16081926226615906,-0.42752310633659363,-0.6291330456733704,1.3072516918182373,-0.015680942684412003,-0.8368942737579346,2.0649337768554688,-0.6079968214035034,1.0980496406555176,1.806990385055542,1.0234650373458862,1.0381156206130981,-1.8386569023132324,-0.5527607798576355,-0.029177941381931305,-0.07607594132423401,-0.42587077617645264,0.6250448226928711,0.3915143311023712,-0.14497503638267517,0.25495749711990356,-1.0239425897598267,-0.7906476259231567,-0.2814028859138489,2.1883363723754883,2.25081205368042,-2.6470417976379395,-2.0485408306121826,-0.1676211804151535,0.25914138555526733,-0.6110869646072388,0.6039406061172485,0.3468068540096283,-0.28500187397003174,0.04086754098534584,-0.9923336505889893,-0.850401759147644,-0.21078012883663177,2.1331591606140137,2.4380548000335693,-2.659410238265991,-2.1183409690856934,-0.3950594365596771,-1.0461170673370361,2.7279019355773926,0.8666056394577026,0.7093664407730103,-0.8064320087432861,1.7859190702438354,-0.8177983164787292,-0.4355044364929199,0.00021951326925773174,0.3130553364753723,0.6520780324935913,0.2694152891635895,0.5545938014984131
1.223,0.12530910968780518,0.19713202118873596,-0.7730706930160522,-1.495668649673462,0.39365842938423157,0.18105681240558624,-0.19806241989135742,-0.15841732919216156,-0.9673030972480774,0.0,0.0,0.0,0.20000000298023224,-0.1598978191614151,0.2269068956375122,-0.563870370388031,0.6205154061317444,0.3513537049293518,-0.2721574604511261,0.06776119768619537,-0.991652250289917,-0.8315199613571167,-0.2466035783290863,2.131765842437744,2.437603712081909,-2.656095266342163,-2.1161246299743652,2.12165904045105,-5.128026485443115,6.691880702972412,2.394926071166992,0.542711615562439,2.259195327758789,3.1501829624176025,0.12127303332090378,1.9213354587554932,-3.4750492572784424,-0.41597408056259155,-0.3096473813056946,0.4417988359928131,0.5597399473190308,0.16081926226615906,-0.42752310633659363,-0.6291330456733704,1.3072516918182373,-0.015680942684412003,-0.8368942737579346,2.0649337768554688,-0.6079968214035034,1.0980496406555176,1.806990385055542,1.0234650373458862,1.0381156206130981,-1.8386569023132324,-0.5527607798576355,4.800000190734863,0.597459614276886,-0.1740192472934723,-0.5736468434333801,1.0899016857147217,-0.2893926203250885,-0.19991479814052582,1.6240496635437012,-0.5855384469032288,1.6907085180282593,0.8605259656906128,0.7238091826438904,1.1126669645309448,-1.746233344078064,-0.7879310250282288,0.13477593660354614,-0.08154278248548508,-0.35634708404541016,0.584997832775116,0.32850903272628784,0.08263377845287323,0.18444117903709412,-1.0074058771133423,-0.6084467172622681,-0.5613699555397034,2.1131205558776855,2.241572856903076,-2.6210293769836426,-2.0822031497955322,-0.1287842094898224,0.1534547656774521,-0.4878859221935272,0.6471006274223328,0.35698142647743225,-0.24595513939857483,0.10051728039979935,-0.9938147664070129,-0.817520260810852,-0.26858189702033997,2.1293883323669434,2.4335086345672607,-2.653125047683716,-2.1052818298339844,3.7590675354003906,-8.953214645385742,7.851353168487549,2.737628936767578,0.5495667457580566,2.823817253112793,3.3426194190979004,-0.46129927039146423,1.0902212858200073,-1.4113211631774902,-0.019092699512839317,-0.46235668659210205,0.17557823657989502,1.3317608833312988
1.242,0.12530910968780518,0.19713202118873596,-0.7730706930160522,-2.549875020980835,0.4106699824333191,0.07522236555814743,-0.1899748146533966,-0.11151587218046188,-0.975435197353363,0.0,0.0,0.0,0.20000000298023224,-0.070095956325531,0.11780745536088943,-0.39126893877983093,0.6820234656333923,0.3507128655910492,-0.19981098175048828,0.13228575885295868,-0.9856917858123779,-0.767095148563385,-0.32749655842781067,2.122868776321411,2.41746187210083,-2.6295597553253174,-2.0997047424316406,8.278379440307617,4.108154296875,11.317838668823242,4.328664779663086,-1.2634823322296143,6.497406959533691,3.107306480407715,2.0433757305145264,7.301630020141602,-11.496386528015137,-1.0831148624420166,-2.5981318950653076,3.5794718265533447,-0.001235474250279367,0.597459614276886,-0.1740192472934723,-0.5736468434333801,1.0899016857147217,-0.2893926203250885,-0.19991479814052582,1.6240496635437012,-0.5855384469032288,1.6907085180282593,0.8605259656906128,0.7238091826438904,1.1126669645309448,-1.746233344078064,-0.7879310250282288,4.78000020980835,0.2090679258108139,-0.32798779010772705,-0.5012443661689758,1.2496612071990967,-0.34617388248443604,-0.10861384868621826,1.3835617303848267,-0.6693864464759827,1.7595503330230713,0.6419447064399719,0.4765484631061554,1.2139408588409424,-1.6817657947540283,-0.8229291439056396,0.11965495347976685,-0.1227683424949646,-0.30348461866378784,0.6049141883850098,0.2828110456466675,0.21926343441009521,0.08906103670597076,-1.0200995206832886,-0.5001357793807983,-0.7559988498687744,2.013697385787964,2.2622716426849365,-2.5919060707092285,-2.107783794403076,0.013635728508234024,0.15336084365844727,-0.2998749017715454,0.7166716456413269,0.33923691511154175,-0.14256587624549866,0.16081224381923676,-0.9744393825531006,-0.7086822390556335,-0.4339611530303955,2.1173343658447266,2.3980400562286377,-2.6144702434539795,-2.0955135822296143,7.949156284332275,2.7513160705566406,6.869071006774902,2.6197052001953125,-1.0690858364105225,4.882578372955322,2.6679811477661133,0.4968818724155426,4.754635810852051,-9.362607955932617,-0.10728409141302109,-1.3394126892089844,0.24067190289497375,0.5297914743423462
1.2610000000000001,0.005077474284917116,0.31026342511177063,-0.879106342792511,2.056403160095215,0.469440221786499,0.2631303369998932,-0.18127426505088806,-0.10702243447303772,-0.977591872215271,0.0,0.0,0.0,0.20000000298023224,0.07629302889108658,0.16356974840164185,-0.2507507801055908,0.7312358021736145,0.3182064890861511,-0.08537830412387848,0.17463937401771545,-0.9768486022949219,-0.6403418779373169,-0.5490117073059082,2.1119656562805176,2.395966053009033,-2.5877268314361572,-2.098302125930786,4.609863758087158,-0.08619500696659088,3.2799112796783447,0.23860295116901398,-2.403916597366333,6.747345924377441,0.44999322295188904,-0.4818045198917389,6.7967119216918945,-13.0498628616333,-1.1376951932907104,-0.13217996060848236,3.336684226989746,0.6983275413513184,0.2090679258108139,-0.32798779010772705,-0.5012443661689758,1.2496612071990967,-0.34617388248443604,-0.10861384868621826,1.3835617303848267,-0.6693864464759827,1.7595503330230713,0.6419447064399719,0.4765484631061554,1.2139408588409424,-1.6817657947540283,-0.8229291439056396,4.761000156402588,0.17392493784427643,0.43883225321769714,-0.6108822822570801,1.0171736478805542,-0.334011048078537,-0.8491656184196472,1.0887110233306885,-0.3579730987548828,1.6541668176651,1.2764160633087158,0.5755912065505981,1.2821848392486572,-1.682836651802063,-0.9239779114723206,0.10330870747566223,0.048323892056941986,-0.30446287989616394,0.5567505359649658,0.26300275325775146,0.10244031250476837,-0.03234171122312546,-0.948593020439148,-0.4723261892795563,-0.6946954131126404,1.9887465238571167,2.289681911468506,-2.5776121616363525,-2.145836353302002,0.10324332863092422,0.14876222610473633,-0.24226999282836914,0.7226144671440125,0.2975548803806305,-0.02543560415506363,0.17400749027729034,-0.9799899458885193,-0.5893543362617493,-0.6663373708724976,2.099083185195923,2.3998024463653564,-2.5765020847320557,-2.101485252380371,1.2854958772659302,-2.4859607219696045,-0.8749748468399048,-1.5468858480453491,-1.8348963260650635,5.240499973297119,-0.4902277886867523,-0.18344657123088837,4.0337677001953125,-10.34231185913086,-1.3824228048324585,0.9139724969863892,-0.16530895233154297,-1.2832872867584229
1.2810000000000001,0.005077474284917116,0.31026342511177063,-0.879106342792511,2.7832674980163574,0.00039551203371956944,0.390224426984787,-0.1775365173816681,-0.16189409792423248,-0.9707064628601074,0.0,0.0,0.0,0.20000000298023224,0.10617569833993912,0.11919295787811279,-0.25584521889686584,0.6999728679656982,0.27415767312049866,0.010112127289175987,0.15904882550239563,-0.9682602286338806,-0.5372198224067688,-0.7362050414085388,2.0805883407592773,2.403878927230835,-2.566830635070801,-2.1377711296081543,0.007265505380928516,-2.8636996746063232,-1.1895794868469238,-1.9537112712860107,-1.851374864578247,2.5851824283599854,-2.4835846424102783,1.7979815006256104,3.3204283714294434,-5.007408618927002,-1.7832783460617065,-0.219138041138649,1.3078497648239136,-3.1212685108184814,0.17392493784427643,0.43883225321769714,-0.6108822822570801,1.0171736478805542,-0.334011048078537,-0.8491656184196472,1.0887110233306885,-0.3579730987548828,1.6541668176651,1.2764160633087158,0.5755912065505981,1.2821848392486572,-1.682836651802063,-0.9239779114723206,4.741000175476074,0.09751555323600769,0.953244149684906,-0.8711637854576111,0.5013484358787537,-0.34286612272262573,-1.2691538333892822,1.1062391996383667,-0.3589060306549072,1.3834412097930908,1.6923651695251465,0.5457826256752014,1.5754683017730713,-1.5698422193527222,-1.070792317390442,0.07603324204683304,0.2624729871749878,-0.37002238631248474,0.4037123918533325,0.2508848309516907,-0.0609683021903038,-0.08866104483604431,-0.9130730032920837,-0.5261027812957764,-0.5600564479827881,1.9688189029693604,2.3767080307006836,-2.5422167778015137,-2.201566219329834,0.10376442223787308,0.09138374030590057,-0.26893576979637146,0.6811764240264893,0.2600460350513458,0.027857037261128426,0.12742143869400024,-0.9503017663955688,-0.5146940350532532,-0.770156979560852,2.0643272399902344,2.401106595993042,-2.564481019973755,-2.168095588684082,-0.43339991569519043,-2.779520034790039,-1.5100336074829102,-1.9393937587738037,-1.1410353183746338,1.0345913171768188,-3.6159439086914062,1.5572326183319092,1.708340048789978,-1.9879729747772217,-1.6393566131591797,-0.3092476427555084,-0.37723419070243835,-2.6264219284057617
1.301,-0.29171696305274963,0.5306777954101562,-0.4559462070465088,2.042311429977417,-0.42977070808410645,-0.2902648150920868,-0.18142487108707428,-0.21051442623138428,-0.9606084823608398,0.0,0.0,0.0,0.20000000298023224,0.09587601572275162,0.06415031105279922,-0.2924601435661316,0.6563721299171448,0.2532370984554291,0.022865599021315575,0.0860600695014,-0.9320387244224548,-0.5172258615493774,-0.7614261507987976,2.043804407119751,2.398142099380493,-2.5461783409118652,-2.209463357925415,-0.9222007989883423,-2.404435157775879,-3.111128091812134,-2.4943132400512695,-0.42139264941215515,-1.8001601696014404,-4.211716175079346,1.6093841791152954,-1.0496041774749756,3.3766820430755615,-2.2849466800689697,-1.0731072425842285,3.2012572288513184,-1.9705473184585571,0.09751555323600769,0.953244149684906,-0.8711637854576111,0.5013484358787537,-0.34286612272262573,-1.2691538333892822,1.1062391996383667,-0.3589060306549072,1.3834412097930908,1.6923651695251465,0.5457826256752014,1.5754683017730713,-1.5698422193527222,-1.070792317390442,4.7210001945495605,-0.107801154255867,0.9770064949989319,-0.9303759932518005,0.6674811840057373,-0.2607935070991516,-1.3963388204574585,1.5358479022979736,-0.5902100801467896,1.1655997037887573,1.8621162176132202,0.5108879208564758,1.627037525177002,-1.4371953010559082,-0.9996037483215332,0.011066332459449768,0.3754881024360657,-0.4176051914691925,0.3687264919281006,0.2653440237045288,-0.17446886003017426,-0.009418532252311707,-0.9531390070915222,-0.6074514389038086,-0.4502991735935211,1.9501314163208008,2.4331133365631104,-2.4913573265075684,-2.2116341590881348,0.08925870805978775,0.04651234298944473,-0.3299189507961273,0.632304847240448,0.2503352761268616,-0.0024725571274757385,0.046456027776002884,-0.9215222001075745,-0.5223607420921326,-0.7158035039901733,2.023175001144409,2.3894248008728027,-2.5342326164245605,-2.2213938236236572,-0.4468729496002197,-1.0042835474014282,-4.213489055633545,-2.4377236366271973,-0.1472204178571701,-3.2128610610961914,-3.8657009601593018,0.5078315734863281,-0.37081512808799744,5.507303714752197,-2.060215473175049,-0.6905221343040466,0.07287689298391342,-0.7004350423812866
1.32,-0.29171696305274963,0.5306777954101562,-0.4559462070465088,0.8170966506004333,-0.8809599876403809,-1.604957103729248,-0.1887279450893402,-0.24737703800201416,-0.9503611922264099,0.0,0.0,0.0,0.20000000298023224,0.0760820060968399,0.03887801989912987,-0.3848784863948822,0.6035040616989136,0.2624020576477051,-0.04452190548181534,0.020644333213567734,-0.9302138090133667,-0.5537200570106506,-0.6421589851379395,1.9891735315322876,2.396817207336426,-2.5028834342956543,-2.220503091812134,-1.3139718770980835,0.48543599247932434,-5.924288272857666,-2.6237223148345947,1.398703694343567,-4.649084568023682,-1.6808476448059082,-1.398461937904358,-2.6254589557647705,8.067985534667969,-3.5135653018951416,0.8911623358726501,3.1531805992126465,0.9545323848724365,-0.107801154255867,0.9770064949989319,-0.9303759932518005,0.6674811840057373,-0.2607935070991516,-1.3963388204574585,1.5358479022979736,-0.5902100801467896,1.1655997037887573,1.8621162176132202,0.5108879208564758,1.627037525177002,-1.4371953010559082,-0.9996037483215332,4.701000213623047,-0.5459641218185425,0.5485337376594543,-0.8823899030685425,1.2051215171813965,-0.21666640043258667,-1.4319270849227905,1.771820306777954,-0.7899258732795715,1.0345714092254639,2.1111769676208496,0.7266045212745667,1.266202688217163,-1.4189152717590332,-0.7205122709274292,-0.13095787167549133,0.3248775005340576,-0.42940008640289307,0.4856436252593994,0.2836053967475891,-0.2401162087917328,0.08919582515954971,-1.0231009721755981,-0.6808828711509705,-0.3331553339958191,1.9947168827056885,2.371107339859009,-2.461357593536377,-2.146895170211792,0.0760820060968399,0.03887801989912987,-0.3848784863948822,0.6035040616989136,0.2624020576477051,-0.04452190548181534,0.020644333213567734,-0.9302138090133667,-0.5537200570106506,-0.6421589851379395,1.9891735315322876,2.396817207336426,-2.5028834342956543,-2.220503091812134,-1.3139718770980835,0.48543599247932434,-5.924288272857666,-2.6237223148345947,1.398703694343567,-4.649084568023682,-1.6808476448059082,-1.398461937904358,-2.6254589557647705,8.067985534667969,-3.5135653018951416,0.8911623358726501,3.1531805992126465,0.9545323848724365
1.341,-0.42621681094169617,0.4980448782444,-0.5509023666381836,0.3282715082168579,-1.0185546875,-1.80843985080719,-0.19758400321006775,-0.2596876323223114,-0.9452633857727051,0.0,0.0,0.0,0.20000000298023224,0.05968603491783142,0.17845240235328674,-0.4858417510986328,0.5675418376922607,0.2923353910446167,-0.1328277885913849,-0.003786289133131504,-0.9593693614006042,-0.6052464246749878,-0.5006995797157288,1.9401090145111084,2.41109561920166,-2.4785077571868896,-2.199591875076294,-2.2208447456359863,10.329132080078125,-4.507333278656006,-1.4402153491973877,1.8530524969100952,-4.526191711425781,-0.9298737645149231,-2.8038570880889893,-3.6943516731262207,7.995298385620117,-1.4299018383026123,1.545096516609192,2.173764705657959,2.2600574493408203,-0.5459641218185425,0.5485337376594543,-0.8823899030685425,1.2051215171813965,-0.21666640043258667,-1.4319270849227905,1.771820306777954,-0.7899258732795715,1.0345714092254639,2.1111769676208496,0.7266045212745667,1.266202688217163,-1.4189152717590332,-0.7205122709274292,4.681000232696533,-0.8089942336082458,-0.10172285884618759,-0.8319041728973389,1.3260750770568848,-0.18233098089694977,-1.5901334285736084,2.3662564754486084,-0.7212402820587158,0.7367175221443176,2.4554481506347656,0.8288402557373047,0.6841439008712769,-1.3539234399795532,-0.23640373349189758,-0.26772749423980713,0.13700804114341736,-0.42267608642578125,0.5743405818939209,0.30131995677948,-0.3124914765357971,0.2871120572090149,-1.0409104824066162,-0.7920620441436768,-0.18851563334465027,2.0425686836242676,2.194589614868164,-2.4301095008850098,-1.9934985637664795,0.05968603491783142,0.17845240235328674,-0.4858417510986328,0.5675418376922607,0.2923353910446167,-0.1328277885913849,-0.003786289133131504,-0.9593693614006042,-0.6052464246749878,-0.5006995797157288,1.9401090145111084,2.41109561920166,-2.4785077571868896,-2.199591875076294,-2.2208447456359863,10.329132080078125,-4.507333278656006,-1.4402153491973877,1.8530524969100952,-4.526191711425781,-0.9298737645149231,-2.8038570880889893,-3.6943516731262207,7.995298385620117,-1.4299018383026123,1.545096516609192,2.173764705657959,2.2600574493408203
1.3599999999999999,-0.42621681094169617,0.4980448782444,-0.5509023666381836,0.6699924468994141,-0.6692098379135132,-0.3308863639831543,-0.2077176421880722,-0.2761498987674713,-0.9384000301361084,0.0,0.0,0.0,0.20000000298023224,-0.04967388138175011,0.3684476613998413,-0.5459725856781006,0.540662944316864,0.31485530734062195,-0.2028176486492157,-0.011669826693832874,-1.0156681537628174,-0.6750431060791016,-0.36884403228759766,1.9207751750946045,2.445350170135498,-2.450134754180908,-2.155613660812378,-9.112062454223633,6.035086154937744,-1.5001764297485352,-1.3009480237960815,0.9163100123405457,-3.4802544116973877,0.6872603893280029,-3.571331262588501,-5.052627086639404,7.9558515548706055,-0.7809393405914307,2.0657689571380615,1.7864173650741577,3.285323143005371,-0.8089942336082458,-0.10172285884618759,-0.8319041728973389,1.3260750770568848,-0.18233098089694977,-1.5901334285736084,2.3662564754486084,-0.7212402820587158,0.7367175221443176,2.4554481506347656,0.8288402557373047,0.6841439008712769,-1.3539234399795532,-0.23640373349189758,4.660999774932861,0.25923657417297363,-0.5617255568504333,-0.7547813057899475,1.292858362197876,0.05338074639439583,-1.0292532444000244,2.2665183544158936,-0.41476690769195557,0.8277239203453064,2.074065685272217,1.1217437982559204,0.6000363826751709,-1.6099435091018677,-0.1864081621170044,-0.06905460357666016,-0.07192736864089966,-0.4000333547592163,0.6103848814964294,0.36910516023635864,-0.2084590494632721,0.3611356317996979,-0.9731969833374023,-0.8249000310897827,-0.21154139935970306,2.1397204399108887,2.085303783416748,-2.4784905910491943,-1.9043012857437134,-0.04967388138175011,0.3684476613998413,-0.5459725856781006,0.540662944316864,0.31485530734062195,-0.2028176486492157,-0.011669826693832874,-1.0156681537628174,-0.6750431060791016,-0.36884403228759766,1.9207751750946045,2.445350170135498,-2.450134754180908,-2.155613660812378,-9.112062454223633,6.035086154937744,-1.5001764297485352,-1.3009480237960815,0.9163100123405457,-3.4802544116973877,0.6872603893280029,-3.571331262588501,-5.052627086639404,7.9558515548706055,-0.7809393405914307,2.0657689571380615,1.7864173650741577,3.285323143005371
1.381,-0.19769351184368134,0.7634862661361694,-0.5067731142044067,-4.087255001068115,-0.011925558559596539,1.2027338743209839,-0.21720252931118011,-0.23796376585960388,-0.9466764330863953,0.0,0.0,0.0,0.20000000298023224,-0.2311607301235199,0.3946745693683624,-0.5015683174133301,0.5514698624610901,0.3200741410255432,-0.23546114563941956,0.039758726954460144,-1.0518895387649536,-0.7659977078437805,-0.2937975823879242,1.9279634952545166,2.4492969512939453,-2.4926068782806396,-2.095639228820801,-5.07899808883667,-1.90894615650177,6.426575660705566,3.032222032546997,0.01630806364119053,-0.037635669112205505,3.986102342605591,-0.011890040710568428,-3.294177532196045,2.2021777629852295,2.355264902114868,-2.6724369525909424,-3.8673698902130127,3.814913034439087,0.25923657417297363,-0.5617255568504333,-0.7547813057899475,1.292858362197876,0.05338074639439583,-1.0292532444000244,2.2665183544158936,-0.41476690769195557,0.8277239203453064,2.074065685272217,1.1217437982559204,0.6000363826751709,-1.6099435091018677,-0.1864081621170044,4.640999794006348,1.0790408849716187,-0.20625457167625427,-0.5559132099151611,1.1500425338745117,-0.663661777973175,-0.21124552190303802,1.9137102365493774,-0.5225703120231628,1.667710542678833,0.6232729554176331,0.9416353106498718,1.0302475690841675,-1.8171111345291138,-0.6533726453781128,0.23523291945457458,-0.0875273272395134,-0.33899497985839844,0.592703104019165,0.22373713552951813,0.048059090971946716,0.30994540452957153,-0.966291069984436,-0.6313223838806152,-0.5857524871826172,2.1432690620422363,2.138213634490967,-2.5544729232788086,-1.9764437675476074,-0.25658491253852844,0.35241302847862244,-0.42640289664268494,0.5913185477256775,0.31948578357696533,-0.23064838349819183,0.08497273921966553,-1.0499612092971802,-0.7907934188842773,-0.2719632685184479,1.9570814371109009,2.4160618782043457,-2.5028367042541504,-2.054586887359619,-0.7465043067932129,-6.32534646987915,7.756383895874023,4.31234073638916,-0.061889857053756714,0.8722061514854431,5.035497188568115,0.30712899565696716,-2.007636070251465,2.0367681980133057,3.2940666675567627,-3.9766829013824463,0.5498695373535156,4.632553577423096
1.4,-0.19769351184368134,0.7634862661361694,-0.5067731142044067,-4.753177165985107,0.775383472442627,1.4829920530319214,-0.216604545712471,-0.1409098207950592,-0.9660366773605347,0.0,0.0,0.0,0.20000000298023224,-0.23703241348266602,0.2602030038833618,-0.3433091342449188,0.6389718055725098,0.29929119348526,-0.1939324289560318,0.13619183003902435,-1.0383108854293823,-0.7538737058639526,-0.3259596526622772,2.001023530960083,2.3741512298583984,-2.5370354652404785,-2.0309205055236816,4.533369541168213,-11.456345558166504,8.517970085144043,4.773087024688721,-2.988828420639038,6.439233303070068,5.264928817749023,1.8308377265930176,5.694352626800537,-12.208518981933594,4.754519462585449,-5.506313800811768,-5.437067985534668,3.6599559783935547,1.0790408849716187,-0.20625457167625427,-0.5559132099151611,1.1500425338745117,-0.663661777973175,-0.21124552190303802,1.9137102365493774,-0.5225703120231628,1.667710542678833,0.6232729554176331,0.9416353106498718,1.0302475690841675,-1.8171111345291138,-0.6533726453781128,4.620999813079834,0.8191231489181519,0.5272271633148193,-0.6479846239089966,1.2855976819992065,-0.8685450553894043,-0.2673811912536621,1.493572473526001,-0.462771475315094,1.9837126731872559,0.08981896936893463,0.4020194411277771,1.1959656476974487,-1.6539503335952759,-1.1474971771240234,0.32239723205566406,0.08804312348365784,-0.33149364590644836,0.6177510023117065,0.09983230382204056,0.162284255027771,0.17931583523750305,-0.9478883743286133,-0.4555330276489258,-0.9062215089797974,2.0101394653320312,2.2060980796813965,-2.5516738891601562,-2.1360461711883545,-0.23703241348266602,0.2602030038833618,-0.3433091342449188,0.6389718055725098,0.29929119348526,-0.1939324289560318,0.13619183003902435,-1.0383108854293823,-0.7538737058639526,-0.3259596526622772,2.001023530960083,2.3741512298583984,-2.5370354652404785,-2.0309205055236816,4.533369541168213,-11.456345558166504,8.517970085144043,4.773087024688721,-2.988828420639038,6.439233303070068,5.264928817749023,1.8308377265930176,5.694352626800537,-12.208518981933594,4.754519462585449,-5.506313800811768,-5.437067985534668,3.6599559783935547
1.421,-0.03919970244169235,0.7338622808456421,-1.006440281867981,-4.90355920791626,2.2402262687683105,0.14022758603096008,-0.18808609247207642,-0.03799616917967796,-0.9814172983169556,0.0,0.0,0.0,0.20000000298023224,-0.023672204464673996,0.005406631156802177,-0.21656541526317596,0.7221919298171997,0.21787406504154205,-0.048232920467853546,0.23886530101299286,-0.9856235980987549,-0.6257500648498535,-0.5749778747558594,2.0655391216278076,2.2765259742736816,-2.54350209236145,-2.1003293991088867,16.976776123046875,-10.368481636047363,4.718881607055664,2.7899575233459473,-5.226186275482178,7.868083477020264,4.605669975280762,3.4345929622650146,7.67995548248291,-14.802905082702637,1.3411108255386353,-5.532831192016602,1.6260937452316284,-8.152451515197754,0.8191231489181519,0.5272271633148193,-0.6479846239089966,1.2855976819992065,-0.8685450553894043,-0.2673811912536621,1.493572473526001,-0.462771475315094,1.9837126731872559,0.08981896936893463,0.4020194411277771,1.1959656476974487,-1.6539503335952759,-1.1474971771240234,4.599999904632568,-0.015383511781692505,0.8083853721618652,-0.9885200262069702,1.253050446510315,-0.5995387434959412,-0.3677772879600525,0.5399077534675598,-0.17403891682624817,2.0986382961273193,0.6627406477928162,0.44226986169815063,1.2528074979782104,-1.5137567520141602,-1.2008413076400757,0.1573527455329895,0.24611790478229523,-0.41287684440612793,0.6221381425857544,0.10513146221637726,0.19429780542850494,-0.12441512942314148,-0.866503894329071,-0.3389069437980652,-0.9232255816459656,1.9536371231079102,2.254251003265381,-2.515226125717163,-2.2291834354400635,-0.023672204464673996,0.005406631156802177,-0.21656541526317596,0.7221919298171997,0.21787406504154205,-0.048232920467853546,0.23886530101299286,-0.9856235980987549,-0.6257500648498535,-0.5749778747558594,2.0655391216278076,2.2765259742736816,-2.54350209236145,-2.1003293991088867,16.976776123046875,-10.368481636047363,4.718881607055664,2.7899575233459473,-5.226186275482178,7.868083477020264,4.605669975280762,3.4345929622650146,7.67995548248291,-14.802905082702637,1.3411108255386353,-5.532831192016602,1.6260937452316284,-8.152451515197754
1.441,-0.03919970244169235,0.7338622808456421,-1.006440281867981,-2.088287830352783,2.796570301055908,-0.7130981683731079,-0.13644306361675262,0.03108956292271614,-0.9901599287986755,0.0,0.0,0.0,0.20000000298023224,0.293118417263031,-0.15459968149662018,-0.22602765262126923,0.7097252011299133,0.13005301356315613,0.07456935197114944,0.29186373949050903,-0.9486851692199707,-0.5027349591255188,-0.7857003808021545,2.079005718231201,2.202420234680176,-2.50071120262146,-2.2128162384033203,12.465156555175781,-5.088464736938477,-4.744564533233643,-3.5774950981140137,-3.5733747482299805,4.87706184387207,-1.3658956289291382,1.664208173751831,6.944545269012451,-6.680130958557129,0.6623356342315674,-1.2595289945602417,5.110208034515381,-7.898289203643799,-0.015383511781692505,0.8083853721618652,-0.9885200262069702,1.253050446510315,-0.5995387434959412,-0.3677772879600525,0.5399077534675598,-0.17403891682624817,2.0986382961273193,0.6627406477928162,0.44226986169815063,1.2528074979782104,-1.5137567520141602,-1.2008413076400757,4.580999851226807,-0.37101560831069946,1.0211260318756104,-0.868431806564331,1.2316745519638062,-0.5387935638427734,-0.5699402689933777,0.27116426825523376,0.05914612114429474,2.0364739894866943,1.1055524349212646,0.6233020424842834,1.4203989505767822,-1.6460771560668945,-1.425001859664917,-0.014077529311180115,0.3783404529094696,-0.42354637384414673,0.6189876794815063,0.12296734005212784,0.15976384282112122,-0.34346646070480347,-0.7675154209136963,-0.29613497853279114,-0.8210246562957764,1.9706439971923828,2.320225238800049,-2.5300822257995605,-2.3317923545837402,0.293118417263031,-0.15459968149662018,-0.22602765262126923,0.7097252011299133,0.13005301356315613,0.07456935197114944,0.29186373949050903,-0.9486851692199707,-0.5027349591255188,-0.7857003808021545,2.079005718231201,2.202420234680176,-2.50071120262146,-2.2128162384033203,12.465156555175781,-5.088464736938477,-4.744564533233643,-3.5774950981140137,-3.5733747482299805,4.87706184387207,-1.3658956289291382,1.664208173751831,6.944545269012451,-6.680130958557129,0.6623356342315674,-1.2595289945602417,5.110208034515381,-7.898289203643799
1.461,-0.23278553783893585,0.6050885915756226,-0.9596567749977112,-0.774005115032196,1.9883819818496704,-1.0721410512924194,-0.0897817388176918,0.052529774606227875,-0.9945752024650574,0.0,0.0,0.0,0.20000000298023224,0.4182562232017517,-0.16179940104484558,-0.3599891662597656,0.6037963032722473,0.09728877246379852,0.1414414346218109,0.18161198496818542,-0.917572557926178,-0.39397647976875305,-0.8341130018234253,2.09720516204834,2.214581251144409,-2.492643117904663,-2.310800075531006,0.009019889868795872,4.2100443840026855,-6.597978591918945,-5.813063621520996,0.011052356101572514,1.946975827217102,-9.760127067565918,2.8334994316101074,4.631680011749268,1.2741658687591553,0.9391279220581055,2.9999454021453857,-1.2495850324630737,-8.438337326049805,-0.37101560831069946,1.0211260318756104,-0.868431806564331,1.2316745519638062,-0.5387935638427734,-0.5699402689933777,0.27116426825523376,0.05914612114429474,2.0364739894866943,1.1055524349212646,0.6233020424842834,1.4203989505767822,-1.6460771560668945,-1.425001859664917,4.560999870300293,-0.18285828828811646,0.23174335062503815,-0.9109077453613281,1.44166100025177,-0.19734694063663483,-0.7331200838088989,1.095813274383545,-0.18511724472045898,1.8786715269088745,1.0814385414123535,0.6436854004859924,1.191817045211792,-1.6328364610671997,-1.3393765687942505,-0.05275333672761917,0.24710606038570404,-0.4395001232624054,0.6699091196060181,0.21724693477153778,0.10170190036296844,-0.24682989716529846,-0.7790870070457458,-0.31419962644577026,-0.7759526968002319,1.984243392944336,2.2960667610168457,-2.5342001914978027,-2.3616902828216553,0.386861652135849,-0.08804799616336823,-0.411851704120636,0.551190972328186,0.10285297781229019,0.16074682772159576,0.0690244510769844,-0.8872219324111938,-0.3575957417488098,-0.8250963091850281,2.093926429748535,2.2413017749786377,-2.5021324157714844,-2.345243215560913,-5.490194797515869,10.070627212524414,-3.956650733947754,-4.377840995788574,0.8506247997283936,1.8630242347717285,-11.915862083435059,3.151937484741211,3.048389196395874,0.7920212149620056,-1.4857436418533325,2.757032632827759,-1.0196270942687988,-0.5480749011039734
1.482,-0.23278553783893585,0.6050885915756226,-0.9596567749977112,-1.8202550411224365,0.7528271079063416,-1.292482614517212,-0.06037347391247749,0.07413572818040848,-0.9954189658164978,0.0,0.0,0.0,0.20000000298023224,0.31466299295425415,-0.0027269036509096622,-0.4482721984386444,0.5234437584877014,0.12262696027755737,0.16699473559856415,-0.03984442725777626,-0.8560965657234192,-0.35971179604530334,-0.8160843849182129,2.0672402381896973,2.269934892654419,-2.5248289108276367,-2.358319044113159,2.501487970352173,2.84285569190979,-2.1139445304870605,-0.22722363471984863,1.3685262203216553,0.16420727968215942,-10.625368118286133,2.9346706867218018,-4.479848384857178,-5.70182466506958,-3.3390402793884277,2.632629632949829,-2.185218572616577,-1.2046500444412231,-0.18285828828811646,0.23174335062503815,-0.9109077453613281,1.44166100025177,-0.19734694063663483,-0.7331200838088989,1.095813274383545,-0.18511724472045898,1.8786715269088745,1.0814385414123535,0.6436854004859924,1.191817045211792,-1.6328364610671997,-1.3393765687942505,4.539999961853027,-0.057235799729824066,0.34950533509254456,-0.7432963848114014,1.6086132526397705,-0.21057361364364624,-0.8055872321128845,1.5041389465332031,-0.6562646627426147,1.9693516492843628,1.26923406124115,0.1258823424577713,1.766611933708191,-1.3113795518875122,-1.2826182842254639,-0.04068561643362045,0.21092936396598816,-0.40557414293289185,0.7371078729629517,0.2610800564289093,0.05455414205789566,-0.09643019735813141,-0.9026596546173096,-0.30056190490722656,-0.706467866897583,1.8615922927856445,2.4276862144470215,-2.455894947052002,-2.3624496459960938,0.3456723093986511,0.029025746509432793,-0.46607375144958496,0.5352723598480225,0.12998242676258087,0.16065716743469238,-0.12653875350952148,-0.8247154355049133,-0.37774860858917236,-0.8419212698936462,2.0259487628936768,2.3011670112609863,-2.5373499393463135,-2.3590452671051025,3.292295217514038,3.404966354370117,-1.2615753412246704,2.424435615539551,0.27219173312187195,-1.3881968259811401,-7.711613655090332,3.214691162109375,-0.2379893958568573,-0.36972373723983765,-4.324175834655762,3.0056803226470947,-0.6023401618003845,0.6477044820785522
1.501,-0.6881943941116333,0.1410587728023529,-0.22373072803020477,-2.014211416244507,-0.5918082594871521,-1.186305284500122,-0.06342294812202454,0.11388249695301056,-0.9914677739143372,0.0,0.0,0.0,0.20000000298023224,0.3766423761844635,0.06429281830787659,-0.4665769338607788,0.584524393081665,0.13145478069782257,0.1372496634721756,-0.18651141226291656,-0.8069469332695007,-0.3703111708164215,-0.8198471665382385,1.9638866186141968,2.3532357215881348,-2.4932456016540527,-2.3556675910949707,2.7894930839538574,3.5991642475128174,0.7906437516212463,6.951218128204346,0.5092617869377136,-2.6050398349761963,-3.877884864807129,0.367918461561203,0.8227506279945374,3.3895719051361084,-7.8627190589904785,6.904780387878418,6.3888468742370605,0.8021191358566284,-0.057235799729824066,0.34950533509254456,-0.7432963848114014,1.6086132526397705,-0.21057361364364624,-0.8055872321128845,1.5041389465332031,-0.6562646627426147,1.9693516492843628,1.26923406124115,0.1258823424577713,1.766611933708191,-1.3113795518875122,-1.2826182842254639,4.520999908447266,-0.38016676902770996,0.3085302710533142,-0.775870680809021,1.3846838474273682,0.06240490451455116,-0.8437601923942566,1.77644944190979,-0.8051311373710632,1.6519919633865356,1.7930818796157837,0.1590697467327118,1.3221681118011475,-1.1967637538909912,-0.7225956916809082,-0.11538450419902802,0.18259724974632263,-0.39675474166870117,0.7147248983383179,0.35124126076698303,0.02143702283501625,0.046847276389598846,-1.0016626119613647,-0.3730829656124115,-0.5407634973526001,1.8085635900497437,2.38238525390625,-2.3880884647369385,-2.2228236198425293,0.3766423761844635,0.06429281830787659,-0.4665769338607788,0.584524393081665,0.13145478069782257,0.1372496634721756,-0.18651141226291656,-0.8069469332695007,-0.3703111708164215,-0.8198471665382385,1.9638866186141968,2.3532357215881348,-2.4932456016540527,-2.3556675910949707,2.7894930839538574,3.5991642475128174,0.7906437516212463,6.951218128204346,0.5092617869377136,-2.6050398349761963,-3.877884864807129,0.367918461561203,0.8227506279945374,3.3895719051361084,-7.8627190589904785,6.904780387878418,6.3888468742370605,0.8021191358566284
1.521,-0.6881943941116333,0.1410587728023529,-0.22373072803020477,1.37865149974823,-1.4134386777877808,-0.9487583041191101,-0.08675539493560791,0.11790905147790909,-0.9892274737358093,0.0,0.0,0.0,0.20000000298023224,0.39412009716033936,0.11372499912977219,-0.46536779403686523,0.7077481746673584,0.16751602292060852,0.08908951282501221,-0.1727001667022705,-0.8253467679023743,-0.3846357762813568,-0.7367129921913147,1.8720606565475464,2.42606258392334,-2.4971954822540283,-2.238846778869629,-2.205471992492676,0.651260256767273,-1.607939600944519,3.7092196941375732,3.291684150695801,-2.3294832706451416,4.433414459228516,-2.266044855117798,-1.9326906204223633,5.138579845428467,-1.9002937078475952,0.6405152082443237,-4.362069129943848,9.730911254882812,-0.38016676902770996,0.3085302710533142,-0.775870680809021,1.3846838474273682,0.06240490451455116,-0.8437601923942566,1.77644944190979,-0.8051311373710632,1.6519919633865356,1.7930818796157837,0.1590697467327118,1.3221681118011475,-1.1967637538909912,-0.7225956916809082,4.500999927520752,-0.3512955904006958,0.4689972400665283,-0.6431206464767456,1.1424784660339355,-0.11218862235546112,-1.1814430952072144,1.845732569694519,-0.7918269634246826,1.0698727369308472,2.1773459911346436,0.558233916759491,1.084434986114502,-1.3774280548095703,-0.49320295453071594,-0.14551615715026855,0.2085479348897934,-0.359157532453537,0.6429820656776428,0.3526734709739685,-0.07954226434230804,0.13580679893493652,-1.0478379726409912,-0.5548732876777649,-0.3618452548980713,1.8818402290344238,2.3003013134002686,-2.399351119995117,-2.0956625938415527,0.39412009716033936,0.11372499912977219,-0.46536779403686523,0.7077481746673584,0.16751602292060852,0.08908951282501221,-0.1727001667022705,-0.8253467679023743,-0.3846357762813568,-0.7367129921913147,1.8720606565475464,2.42606258392334,-2.4971954822540283,-2.238846778869629,-2.205471992492676,0.651260256767273,-1.607939600944519,3.7092196941375732,3.291684150695801,-2.3294832706451416,4.433414459228516,-2.266044855117798,-1.9326906204223633,5.138579845428467,-1.9002937078475952,0.6405152082443237,-4.362069129943848,9.730911254882812
1.54,-0.7171849608421326,0.042490098625421524,-0.06651230156421661,3.554258346557617,-1.8972890377044678,-0.5168185830116272,-0.12210853397846222,0.05950402095913887,-0.990731418132782,0.0,0.0,0.0,0.20000000298023224,0.2801278233528137,0.08417820185422897,-0.533203125,0.7132967710494995,0.2408054918050766,0.03922726958990097,-0.10151725262403488,-0.8814211487770081,-0.426430881023407,-0.6144562363624573,1.8398149013519287,2.404587507247925,-2.547868490219116,-2.1248035430908203,-8.154149055480957,-2.6126835346221924,-4.363604545593262,-2.971059560775757,5.244822978973389,-3.4964423179626465,2.720857620239258,-3.479809522628784,-3.6279735565185547,8.712069511413574,-0.4391690492630005,-4.487442970275879,-1.355247139930725,9.767582893371582,-0.3512955904006958,0.4689972400665283,-0.6431206464767456,1.1424784660339355,-0.11218862235546112,-1.1814430952072144,1.845732569694519,-0.7918269634246826,1.0698727369308472,2.1773459911346436,0.558233916759491,1.084434986114502,-1.3774280548095703,-0.49320295453071594,4.480999946594238,-0.24394316971302032,0.11830642074346542,-1.0540685653686523,0.9750044345855713,-0.3933110535144806,-1.2401195764541626,1.8727632761001587,-0.5714927911758423,0.4585168957710266,2.1992671489715576,1.003860354423523,0.8488085269927979,-1.609197974205017,-0.4634186923503876,-0.13374386727809906,0.1338505744934082,-0.4430959224700928,0.5652421712875366,0.28310897946357727,-0.1447010338306427,0.18704423308372498,-1.0158421993255615,-0.7986074686050415,-0.26690584421157837,2.0298852920532227,2.200352668762207,-2.4629249572753906,-2.0246360301971436,0.2801278233528137,0.08417820185422897,-0.533203125,0.7132967710494995,0.2408054918050766,0.03922726958990097,-0.10151725262403488,-0.8814211487770081,-0.426430881023407,-0.6144562363624573,1.8398149013519287,2.404587507247925,-2.547868490219116,-2.1248035430908203,-8.154149055480957,-2.6126835346221924,-4.363604545593262,-2.971059560775757,5.244822978973389,-3.4964423179626465,2.720857620239258,-3.479809522628784,-3.6279735565185547,8.712069511413574,-0.4391690492630005,-4.487442970275879,-1.355247139930725,9.767582893371582
1.561,-0.7171849608421326,0.042490098625421524,-0.06651230156421661,2.059990406036377,-1.406552791595459,0.22055242955684662,-0.15676148235797882,-0.00879033375531435,-0.9875973463058472,0.0,0.0,0.0,0.20000000298023224,0.08371366560459137,0.02508787252008915,-0.6242309808731079,0.6290532350540161,0.34144943952560425,-0.03626883029937744,-0.06406670063734055,-0.9370073080062866,-0.5261626839637756,-0.4359559714794159,1.8522366285324097,2.3242247104644775,-2.5517706871032715,-2.0303118228912354,-10.233979225158691,-2.230628490447998,-3.454854726791382,-2.3518855571746826,4.459445953369141,-4.038712024688721,1.1912102699279785,-1.3834545612335205,-8.939693450927734,8.11117935180664,1.9502484798431396,3.936720132827759,2.3287851810455322,0.1129593700170517,-0.24394316971302032,0.11830642074346542,-1.0540685653686523,0.9750044345855713,-0.3933110535144806,-1.2401195764541626,1.8727632761001587,-0.5714927911758423,0.4585168957710266,2.1992671489715576,1.003860354423523,0.8488085269927979,-1.609197974205017,-0.4634186923503876,4.460999965667725,0.4114269018173218,-0.012122292071580887,-0.8505021929740906,1.0070273876190186,-0.11860020458698273,-0.99773770570755,1.7516826391220093,-0.5259986519813538,0.7854691743850708,1.936336874961853,1.1178297996520996,0.8809183239936829,-1.6686351299285889,-0.4085140824317932,0.035984791815280914,0.06389471143484116,-0.4341735243797302,0.534377932548523,0.3170044422149658,-0.1166849434375763,0.18239279091358185,-0.988470733165741,-0.8387364149093628,-0.28516870737075806,2.1324000358581543,2.1584057807922363,-2.5095713138580322,-1.9753965139389038,0.0012023972813040018,0.02675648406147957,-0.6422684192657471,0.6196044087409973,0.3742547631263733,-0.07225403189659119,-0.05389687791466713,-0.9396848678588867,-0.6007118821144104,-0.37510931491851807,1.8747373819351196,2.3522539138793945,-2.5286128520965576,-2.039707899093628,-6.523902416229248,2.0350921154022217,-0.4955066740512848,-0.04442152380943298,2.3853230476379395,-3.2800190448760986,1.0727084875106812,0.3482048511505127,-6.2266340255737305,4.799842834472656,2.31848406791687,1.5557420253753662,2.0755550861358643,-0.8906562924385071
1.581,-0.562626302242279,0.05471394956111908,-0.07773979008197784,-2.214931011199951,-0.5881307721138,0.9577066898345947,-0.17579668760299683,-0.0008574480307288468,-0.9844261407852173,0.0,0.0,0.0,0.20000000298023224,-0.03982372581958771,0.06341522932052612,-0.6261948943138123,0.6305427551269531,0.3964299261569977,-0.09388236701488495,-0.040743909776210785,-0.9298290610313416,-0.6733478903770447,-0.35633334517478943,1.904386281967163,2.3513529300689697,-2.53200364112854,-2.0423641204833984,-1.8360921144485474,4.690679550170898,3.966738224029541,2.223053216934204,1.5235809087753296,-1.766418218612671,1.3335987329483032,0.9326123595237732,-6.975203514099121,1.6425036191940308,3.8396048545837402,-1.007627010345459,-1.0947599411010742,0.6401743292808533,0.4114269018173218,-0.012122292071580887,-0.8505021929740906,1.0070273876190186,-0.11860020458698273,-0.99773770570755,1.7516826391220093,-0.5259986519813538,0.7854691743850708,1.936336874961853,1.1178297996520996,0.8809183239936829,-1.6686351299285889,-0.4085140824317932,4.440999984741211,0.621233344078064,-0.4074766933917999,-0.48486828804016113,0.8882709741592407,-0.15944598615169525,-0.4712345004081726,2.1434619426727295,-0.6197190880775452,1.288088321685791,1.3979055881500244,0.9462214708328247,0.6585366725921631,-1.7368086576461792,-0.38270115852355957,0.17330072820186615,-0.0699218213558197,-0.3383038341999054,0.48925670981407166,0.32374072074890137,0.02894890308380127,0.27801188826560974,-0.9982150793075562,-0.7331461310386658,-0.42890796065330505,2.1407554149627686,2.0818371772766113,-2.5499377250671387,-1.9443235397338867,-0.03982372581958771,0.06341522932052612,-0.6261948943138123,0.6305427551269531,0.3964299261569977,-0.09388236701488495,-0.040743909776210785,-0.9298290610313416,-0.6733478903770447,-0.35633334517478943,1.904386281967163,2.3513529300689697,-2.53200364112854,-2.0423641204833984,-1.8360921144485474,4.690679550170898,3.966738224029541,2.223053216934204,1.5235809087753296,-1.766418218612671,1.3335987329483032,0.9326123595237732,-6.975203514099121,1.6425036191940308,3.8396048545837402,-1.007627010345459,-1.0947599411010742,0.6401743292808533
1.6019999999999999,-0.562626302242279,0.05471394956111908,-0.07773979008197784,-1.6185600757598877,-0.5566327571868896,1.1664732694625854,-0.18652641773223877,0.04916524514555931,-0.9812189936637878,0.0,0.0,0.0,0.20000000298023224,-0.005788115784525871,0.14937880635261536,-0.47621530294418335,0.6999608874320984,0.4014851748943329,-0.10135592520236969,0.01197910588234663,-0.933672308921814,-0.726024866104126,-0.37160584330558777,1.9774301052093506,2.331218719482422,-2.5541093349456787,-1.998561978340149,2.2982404232025146,1.4301722049713135,9.272741317749023,3.5336368083953857,0.2697818875312805,1.940739393234253,4.496804237365723,-0.8037553429603577,-0.9496700763702393,-3.9774672985076904,2.635878562927246,-0.7235168814659119,-2.2460179328918457,3.2221791744232178,0.621233344078064,-0.4074766933917999,-0.48486828804016113,0.8882709741592407,-0.15944598615169525,-0.4712345004081726,2.1434619426727295,-0.6197190880775452,1.288088321685791,1.3979055881500244,0.9462214708328247,0.6585366725921631,-1.7368086576461792,-0.38270115852355957,4.420000076293945,0.814240574836731,-0.4592377841472626,-0.21954010426998138,0.9292688965797424,-0.2192130833864212,-0.09356723725795746,2.0227181911468506,-0.414440780878067,1.5258793830871582,0.8027408123016357,0.6364243030548096,0.5882214307785034,-1.6986063718795776,-0.5004909038543701,0.2902105152606964,-0.1497703492641449,-0.22403694689273834,0.47694557905197144,0.31216710805892944,0.19618263840675354,0.29563552141189575,-0.9517676830291748,-0.6209032535552979,-0.6495687961578369,2.067483901977539,2.0259737968444824,-2.560570478439331,-1.9582345485687256,0.010552900843322277,0.13826121389865875,-0.388237863779068,0.728709876537323,0.4001423418521881,-0.07957478612661362,0.05972861498594284,-0.9407519102096558,-0.729867160320282,-0.39991673827171326,2.0008151531219482,2.3243420124053955,-2.5601885318756104,-1.9702932834625244,1.0770699977874756,-3.1295926570892334,8.01865291595459,2.267642021179199,-0.5086445212364197,2.2568247318267822,4.896116733551025,-0.6044101715087891,0.08525267988443375,-2.056857109069824,2.3038625717163086,-0.6981996297836304,0.22860723733901978,2.346615791320801
1.621,-0.5053664445877075,0.11421608179807663,-0.05378415435552597,-0.04885604977607727,0.006056000478565693,0.8670554757118225,-0.1908453404903412,0.0654994398355484,-0.9794324040412903,0.0,0.0,0.0,0.20000000298023224,0.015460066497325897,0.08374813199043274,-0.313723623752594,0.7444655895233154,0.38554805517196655,-0.04157266020774841,0.11592311412096024,-0.9335179924964905,-0.7126091718673706,-0.45612403750419617,2.012075662612915,2.311188220977783,-2.5595037937164307,-1.964738130569458,0.20541758835315704,-7.118489742279053,7.734204292297363,1.2476576566696167,-1.6944390535354614,5.637310028076172,6.175191879272461,1.889853835105896,2.2057974338531494,-9.601089477539062,-0.233978271484375,-1.8182847499847412,-0.09934569895267487,-0.8555635809898376,0.814240574836731,-0.4592377841472626,-0.21954010426998138,0.9292688965797424,-0.2192130833864212,-0.09356723725795746,2.0227181911468506,-0.414440780878067,1.5258793830871582,0.8027408123016357,0.6364243030548096,0.5882214307785034,-1.6986063718795776,-0.5004909038543701,4.400000095367432,0.9121419191360474,0.035553496330976486,-0.29832446575164795,1.024156928062439,-0.30706408619880676,-0.14812350273132324,1.5241776704788208,-0.5087872743606567,1.7049641609191895,0.43133726716041565,0.527877151966095,0.792363703250885,-1.7155277729034424,-0.7967398166656494,0.37314075231552124,-0.06599680334329605,-0.18659958243370056,0.49451202154159546,0.2844175398349762,0.26616042852401733,0.17981219291687012,-0.9521306753158569,-0.5200105905532837,-0.8527500629425049,2.003711223602295,2.0490779876708984,-2.5701169967651367,-2.039252281188965,0.015158941969275475,-0.00152749998960644,-0.24309863150119781,0.7510383129119873,0.367340087890625,0.012790308333933353,0.17197448015213013,-0.9156789183616638,-0.6912651062011719,-0.5320215821266174,2.0113186836242676,2.289797306060791,-2.5591418743133545,-1.9736852645874023,-0.1588164120912552,-9.393850326538086,6.245197772979736,0.17106395959854126,-1.8359808921813965,5.113030433654785,5.155893325805664,1.547919750213623,1.9048326015472412,-5.953097820281982,0.1571453958749771,-2.362562656402588,0.036779578775167465,-0.7757009267807007
1.641,-0.5053664445877075,0.11421608179807663,-0.05378415435552597,-0.5728859305381775,0.5106996893882751,-0.3008459508419037,-0.18463771045207977,0.06883256137371063,-0.9803932905197144,0.0,0.0,0.0,0.20000000298023224,0.016358032822608948,-0.08700734376907349,-0.17886139452457428,0.7475254535675049,0.3420925438404083,0.07610486447811127,0.21511539816856384,-0.896274209022522,-0.658528208732605,-0.6270785927772522,2.0090484619140625,2.2636308670043945,-2.557896137237549,-2.0082595348358154,0.494673490524292,-7.34330940246582,6.428158283233643,-0.21452206373214722,-2.446676015853882,6.537937641143799,3.50582218170166,1.9849478006362915,3.266875743865967,-10.260149002075195,-0.25372833013534546,-3.583242654800415,-0.004349698778241873,-0.3767014145851135,0.9121419191360474,0.035553496330976486,-0.29832446575164795,1.024156928062439,-0.30706408619880676,-0.14812350273132324,1.5241776704788208,-0.5087872743606567,1.7049641609191895,0.43133726716041565,0.527877151966095,0.792363703250885,-1.7155277729034424,-0.7967398166656494,4.38100004196167,0.6463295817375183,0.19885370135307312,-0.4902184009552002,1.0318493843078613,-0.34933966398239136,-0.11565394699573517,1.2312103509902954,-0.34510383009910583,1.798457384109497,0.410899817943573,0.48356789350509644,0.9963113069534302,-1.863379955291748,-1.0789541006088257,0.348152756690979,0.016715023666620255,-0.21585439145565033,0.5052183866500854,0.2599738538265228,0.30926674604415894,0.04865869879722595,-0.9113912582397461,-0.4461909532546997,-0.9594500660896301,1.9607475996017456,2.111616849899292,-2.61185359954834,-2.1503148078918457,0.027303969487547874,-0.1444568932056427,-0.12257708609104156,0.7445679903030396,0.3178790211677551,0.1317695528268814,0.24254222214221954,-0.8779715895652771,-0.6266484260559082,-0.7080798149108887,2.0108580589294434,2.2232792377471924,-2.5605857372283936,-2.010225296020508,1.5896210670471191,-4.380887508392334,4.764119625091553,-0.3520370125770569,-2.3017470836639404,4.782244682312012,2.258758306503296,1.5836130380630493,2.9453563690185547,-6.540361404418945,0.48137685656547546,-4.331359386444092,-0.36361163854599,0.11688666045665741
1.6600000000000001,-0.6163896918296814,0.09053178876638412,-0.022398192435503006,-1.546012282371521,1.1752662658691406,-1.7829582691192627,-0.17099468410015106,0.08485443145036697,-0.9816111922264099,0.0,0.0,0.0,0.20000000298023224,0.046577293425798416,-0.167758971452713,-0.09206399321556091,0.7291133999824524,0.2874841094017029,0.18364858627319336,0.2620372474193573,-0.8534669876098633,-0.5813265442848206,-0.7908958792686462,2.016209363937378,2.190201759338379,-2.5864052772521973,-2.08711838722229,2.5717878341674805,-0.48771196603775024,1.799040675163269,-3.583728551864624,-3.0914175510406494,4.848206996917725,1.0800203084945679,2.70554780960083,4.606354713439941,-7.917346954345703,0.6462128162384033,-4.295098781585693,-3.0834267139434814,-10.087403297424316,0.6463295817375183,0.19885370135307312,-0.4902184009552002,1.0318493843078613,-0.34933966398239136,-0.11565394699573517,1.2312103509902954,-0.34510383009910583,1.798457384109497,0.410899817943573,0.48356789350509644,0.9963113069534302,-1.863379955291748,-1.0789541006088257,4.361000061035156,0.22110238671302795,0.07230726629495621,-0.7859621047973633,0.9830106496810913,-0.16107945144176483,-0.1211840957403183,0.9872971177101135,-0.1127660945057869,1.7030383348464966,0.7291531562805176,0.7464835047721863,1.0591154098510742,-1.9753528833389282,-1.2883998155593872,0.2293519675731659,0.02643432840704918,-0.3044177293777466,0.49836185574531555,0.2948170602321625,0.32943734526634216,-0.0778963565826416,-0.8329371213912964,-0.43313589692115784,-0.9332367181777954,2.0049946308135986,2.1585874557495117,-2.660715103149414,-2.258207321166992,0.046577293425798416,-0.167758971452713,-0.09206399321556091,0.7291133999824524,0.2874841094017029,0.18364858627319336,0.2620372474193573,-0.8534669876098633,-0.5813265442848206,-0.7908958792686462,2.016209363937378,2.190201759338379,-2.5864052772521973,-2.08711838722229,2.5717878341674805,-0.48771196603775024,1.799040675163269,-3.583728551864624,-3.0914175510406494,4.848206996917725,1.0800203084945679,2.70554780960083,4.606354713439941,-7.917346954345703,0.6462128162384033,-4.295098781585693,-3.0834267139434814,-10.087403297424316
1.683,-0.6163896918296814,0.09053178876638412,-0.022398192435503006,0.5652459263801575,1.7710078954696655,-2.621091604232788,-0.14512360095977783,0.08861250430345535,-0.9854374527931213,0.0,0.0,0.0,0.20000000298023224,0.17462486028671265,-0.11898196488618851,-0.12313736975193024,0.6046767234802246,0.24624013900756836,0.2505309581756592,0.2339024841785431,-0.8416629433631897,-0.5022976994514465,-0.8762661814689636,2.0515215396881104,2.118861198425293,-2.6395986080169678,-2.2407045364379883,6.2049994468688965,3.1885805130004883,-6.225496768951416,-8.972763061523438,-0.5322173237800598,2.889937400817871,-4.089997291564941,-0.5923444628715515,2.5350759029388428,-2.5407614707946777,3.023547410964966,-1.7443737983703613,-2.7704365253448486,-7.5191192626953125,0.22110238671302795,0.07230726629495621,-0.7859621047973633,0.9830106496810913,-0.16107945144176483,-0.1211840957403183,0.9872971177101135,-0.1127660945057869,1.7030383348464966,0.7291531562805176,0.7464835047721863,1.0591154098510742,-1.9753528833389282,-1.2883998155593872,4.339000225067139,-0.6310531497001648,0.14751987159252167,-0.9262209534645081,1.0437592267990112,-0.38542911410331726,-0.7082562446594238,0.9921696782112122,0.2998761832714081,1.310577154159546,1.3514493703842163,0.8801282048225403,1.0271646976470947,-1.9374538660049438,-1.1844528913497925,-0.04308730363845825,0.05009713023900986,-0.3837640881538391,0.5101207494735718,0.2561512589454651,0.1927546113729477,-0.13995574414730072,-0.6905494928359985,-0.5247236490249634,-0.7645560503005981,2.0605292320251465,2.1740849018096924,-2.675671100616455,-2.2861669063568115,0.23177403211593628,-0.08230641484260559,-0.19678008556365967,0.509558916091919,0.24787165224552155,0.27687183022499084,0.18189872801303864,-0.8550904393196106,-0.48175469040870667,-0.8965831398963928,2.0743348598480225,2.1062092781066895,-2.6490235328674316,-2.2722697257995605,5.376842021942139,4.1772990226745605,-7.723330974578857,-9.442862510681152,0.673671305179596,2.4550716876983643,-5.857581615447998,-1.7321422100067139,1.7953943014144897,-1.5877695083618164,1.5414329767227173,-0.5911152362823486,-0.11497942358255386,-0.8686308264732361
1.702,-0.6439830660820007,0.04606175422668457,-0.30356070399284363,2.53523850440979,1.3915879726409912,-2.5771849155426025,-0.11681417375802994,0.05236697942018509,-0.9917722344398499,0.0,0.0,0.0,0.20000000298023224,0.26381638646125793,-0.04122167080640793,-0.2822031080722809,0.41962867975234985,0.2590729296207428,0.28816723823547363,0.11324343085289001,-0.8685634136199951,-0.4835636019706726,-0.8729966878890991,2.0914828777313232,2.1188440322875977,-2.658237934112549,-2.30067777633667,-0.15734723210334778,3.499279022216797,-9.890485763549805,-9.2274751663208,1.2109023332595825,-0.22115559875965118,-7.812427997589111,-0.4596993327140808,-1.6516249179840088,5.830121994018555,2.0711870193481445,1.8565852642059326,-1.522446632385254,-2.8462564945220947,-0.6310531497001648,0.14751987159252167,-0.9262209534645081,1.0437592267990112,-0.38542911410331726,-0.7082562446594238,0.9921696782112122,0.2998761832714081,1.310577154159546,1.3514493703842163,0.8801282048225403,1.0271646976470947,-1.9374538660049438,-1.1844528913497925,4.321000099182129,-0.8098697662353516,0.03293820470571518,-0.9512531757354736,1.1331487894058228,-0.3115910589694977,-1.401421070098877,1.4662728309631348,-0.08349350839853287,1.1971858739852905,1.7374175786972046,0.8714547157287598,0.89116370677948,-1.696507215499878,-0.8356490135192871,-0.22401109337806702,0.033283114433288574,-0.42969533801078796,0.538347601890564,0.2552778720855713,-0.048877961933612823,-0.05245964974164963,-0.7151980996131897,-0.5988653898239136,-0.5837236642837524,2.0861282348632812,2.1478333473205566,-2.6229124069213867,-2.2129456996917725,0.22992607951164246,-0.00588150043040514,-0.3758639991283417,0.33691760897636414,0.2694668173789978,0.2850895822048187,0.033087633550167084,-0.8618773221969604,-0.4952518939971924,-0.8260189890861511,2.10015869140625,2.1360299587249756,-2.6674768924713135,-2.3076019287109375,-5.439006328582764,3.8487446308135986,-8.273842811584473,-6.735013961791992,0.841999888420105,-0.37515854835510254,-8.006149291992188,1.5105319023132324,-0.8884009718894958,3.809514284133911,-0.13230685889720917,1.9133800268173218,-0.6137824654579163,0.29910486936569214
1.72,-0.6439830660820007,0.04606175422668457,-0.30356070399284363,0.5951377749443054,0.20443059504032135,-1.4236282110214233,-0.09894349426031113,0.005989712662994862,-0.9950750470161438,0.0,0.0,0.0,0.20000000298023224,0.1517287641763687,0.03303509205579758,-0.4493916630744934,0.29353833198547363,0.2790469229221344,0.2620503604412079,-0.04204939678311348,-0.8489395976066589,-0.5242722034454346,-0.7501758337020874,2.092351198196411,2.148777723312378,-2.643178939819336,-2.2451071739196777,-10.199499130249023,3.5971550941467285,-6.840701580047607,-2.094914674758911,0.6298890113830566,-4.0714545249938965,-6.648548126220703,1.3340704441070557,-3.086388111114502,9.859243392944336,-1.2825018167495728,1.8492285013198853,3.6602988243103027,6.877704620361328,-0.8098697662353516,0.03293820470571518,-0.9512531757354736,1.1331487894058228,-0.3115910589694977,-1.401421070098877,1.4662728309631348,-0.08349350839853287,1.1971858739852905,1.7374175786972046,0.8714547157287598,0.89116370677948,-1.696507215499878,-0.8356490135192871,4.301000118255615,-0.09380851686000824,-0.529874324798584,-0.727932870388031,1.4527243375778198,0.04713362827897072,-0.9480947852134705,1.8086789846420288,-0.7246884703636169,1.3159992694854736,1.6208513975143433,0.9343985319137573,0.9006256461143494,-1.6517131328582764,-0.7259141206741333,-0.13545767962932587,-0.11582702398300171,-0.39683088660240173,0.6323548555374146,0.3445223569869995,-0.05636267736554146,0.07688993215560913,-0.8878211975097656,-0.6062328815460205,-0.5224490165710449,2.114663600921631,2.137073040008545,-2.585334539413452,-2.1489014625549316,0.1517287641763687,0.03303509205579758,-0.4493916630744934,0.29353833198547363,0.2790469229221344,0.2620503604412079,-0.04204939678311348,-0.8489395976066589,-0.5242722034454346,-0.7501758337020874,2.092351198196411,2.148777723312378,-2.643178939819336,-2.2451071739196777,-10.199499130249023,3.5971550941467285,-6.840701580047607,-2.094914674758911,0.6298890113830566,-4.0714545249938965,-6.648548126220703,1.3340704441070557,-3.086388111114502,9.859243392944336,-1.2825018167495728,1.8492285013198853,3.6602988243103027,6.877704620361328
1.741,-0.8536439538002014,0.610704779624939,0.258455753326416,-0.4733007848262787,-0.4139312505722046,-0.6670851111412048,-0.10222909599542618,0.029633840546011925,-0.9943193793296814,0.0,0.0,0.0,0.20000000298023224,0.0714874267578125,0.0741458460688591,-0.4768294394016266,0.41835111379623413,0.2964755594730377,0.17950065433979034,-0.11222005635499954,-0.7925370931625366,-0.5656833648681641,-0.6457231640815735,2.067399263381958,2.1838161945343018,-2.606724977493286,-2.1380865573883057,0.8915749192237854,2.8700127601623535,1.5157394409179688,11.88871955871582,1.6065281629562378,-4.527292728424072,-0.5551385283470154,1.7104614973068237,-2.0809009075164795,6.867665767669678,-1.4527405500411987,2.700761079788208,2.108088493347168,4.09320068359375,-0.09380851686000824,-0.529874324798584,-0.727932870388031,1.4527243375778198,0.04713362827897072,-0.9480947852134705,1.8086789846420288,-0.7246884703636169,1.3159992694854736,1.6208513975143433,0.9343985319137573,0.9006256461143494,-1.6517131328582764,-0.7259141206741333,4.28000020980835,0.3375701308250427,0.0028196671046316624,-0.5523154139518738,1.5951762199401855,0.004154704511165619,-0.2227550894021988,2.157351493835449,-0.9075344800949097,1.5305839776992798,1.1950113773345947,0.39638811349868774,0.9655129313468933,-1.2466449737548828,-0.5706976652145386,0.016663692891597748,-0.0572085939347744,-0.3364942967891693,0.7149714827537537,0.3783998489379883,0.12122989445924759,0.2287328541278839,-1.0198441743850708,-0.5562704801559448,-0.5982716679573059,1.9944288730621338,2.1479148864746094,-2.4652786254882812,-2.0780751705169678,0.06556414067745209,0.06976944208145142,-0.46972304582595825,0.5327657461166382,0.3092292547225952,0.1317884773015976,-0.10719449073076248,-0.7816756963729858,-0.5824717283248901,-0.5934834480285645,2.0520262718200684,2.2062861919403076,-2.596039056777954,-2.1218743324279785,-1.9064335823059082,-3.096618890762329,-0.04319930076599121,10.590636253356934,1.0333305597305298,-4.865889072418213,1.2012627124786377,0.6650402545928955,-1.359119176864624,3.994595766067505,-1.4692089557647705,1.4399611949920654,0.427918940782547,0.34975770115852356
1.76,-0.8536439538002014,0.610704779624939,0.258455753326416,0.48137298226356506,-0.9028619527816772,-0.15833863615989685,-0.11451881378889084,0.01929853856563568,-0.9932336211204529,0.0,0.0,0.0,0.20000000298023224,0.048490773886442184,0.02674037218093872,-0.458996444940567,0.6404151320457458,0.3170132637023926,0.09529577195644379,-0.08411911875009537,-0.7885033488273621,-0.5830263495445251,-0.5916631817817688,2.0238356590270996,2.2091639041900635,-2.545905113220215,-2.0779025554656982,-1.2226238250732422,-4.351144790649414,2.7696444988250732,11.737373352050781,0.8586775064468384,-2.311685562133789,3.826017379760742,-2.086639165878296,0.3537791967391968,-1.9022159576416016,-4.731227397918701,0.17868588864803314,10.257522583007812,6.879823684692383,0.3375701308250427,0.0028196671046316624,-0.5523154139518738,1.5951762199401855,0.004154704511165619,-0.2227550894021988,2.157351493835449,-0.9075344800949097,1.5305839776992798,1.1950113773345947,0.39638811349868774,0.9655129313468933,-1.2466449737548828,-0.5706976652145386,4.261000156402588,0.6147063374519348,0.5610104203224182,-0.6947330236434937,1.1856130361557007,-0.12441883981227875,-0.17062705755233765,1.3550230264663696,-0.6448398232460022,1.5680174827575684,0.9766915440559387,0.4068117141723633,0.8985247611999512,-1.2223279476165771,-0.5472314357757568,0.16200843453407288,0.1116483062505722,-0.3419303894042969,0.653889000415802,0.3631952106952667,0.22305817902088165,0.1040721982717514,-1.0201820135116577,-0.5219308733940125,-0.690762996673584,1.9369173049926758,2.1365885734558105,-2.3991713523864746,-2.0367953777313232,0.048490773886442184,0.02674037218093872,-0.458996444940567,0.6404151320457458,0.3170132637023926,0.09529577195644379,-0.08411911875009537,-0.7885033488273621,-0.5830263495445251,-0.5916631817817688,2.0238356590270996,2.2091639041900635,-2.545905113220215,-2.0779025554656982,-1.2226238250732422,-4.351144790649414,2.7696444988250732,11.737373352050781,0.8586775064468384,-2.311685562133789,3.826017379760742,-2.086639165878296,0.3537791967391968,-1.9022159576416016,-4.731227397918701,0.17868588864803314,10.257522583007812,6.879823684692383
1.7810000000000001,-0.9121991991996765,0.6092250347137451,-0.32737046480178833,-0.8393957018852234,-1.245865821838379,-0.7185074090957642,-0.13707168400287628,0.020737752318382263,-0.9903440475463867,0.0,0.0,0.0,0.20000000298023224,0.04763014242053032,-0.04915536940097809,-0.38724103569984436,0.8352866172790527,0.3223070204257965,0.08642542362213135,0.026124633848667145,-0.8399418592453003,-0.5634723901748657,-0.6429673433303833,1.9434514045715332,2.169113874435425,-2.4051365852355957,-2.0193099975585938,2.86710786819458,-0.7644131183624268,4.40765380859375,6.884418964385986,-0.06387042999267578,1.2061140537261963,5.412725925445557,-2.770747661590576,1.4523563385009766,-3.381488561630249,-2.5517821311950684,-3.9189090728759766,4.899514675140381,0.584614634513855,0.6147063374519348,0.5610104203224182,-0.6947330236434937,1.1856130361557007,-0.12441883981227875,-0.17062705755233765,1.3550230264663696,-0.6448398232460022,1.5680174827575684,0.9766915440559387,0.4068117141723633,0.8985247611999512,-1.2223279476165771,-0.5472314357757568,4.241000175476074,0.5040954351425171,0.44824081659317017,-0.21659819781780243,1.0884519815444946,-0.07368461787700653,-0.22436557710170746,1.1622920036315918,-0.4316490888595581,1.7598397731781006,0.9960777163505554,0.16182337701320648,0.7335647344589233,-1.0726778507232666,-0.5056305527687073,0.2070280760526657,0.16788434982299805,-0.22511474788188934,0.5990574955940247,0.368276447057724,0.26053768396377563,-0.006440885365009308,-0.9670532941818237,-0.4568054974079132,-0.7321620583534241,1.846914529800415,2.0896854400634766,-2.328705072402954,-2.0057554244995117,0.04763014242053032,-0.04915536940097809,-0.38724103569984436,0.8352866172790527,0.3223070204257965,0.08642542362213135,0.026124633848667145,-0.8399418592453003,-0.5634723901748657,-0.6429673433303833,1.9434514045715332,2.169113874435425,-2.4051365852355957,-2.0193099975585938,2.86710786819458,-0.7644131183624268,4.40765380859375,6.884418964385986,-0.06387042999267578,1.2061140537261963,5.412725925445557,-2.770747661590576,1.4523563385009766,-3.381488561630249,-2.5517821311950684,-3.9189090728759766,4.899514675140381,0.584614634513855
1.8,-0.9121991991996765,0.6092250347137451,-0.32737046480178833,-1.153256893157959,-0.6406932473182678,-1.2828305959701538,-0.15820397436618805,0.040448758751153946,-0.9865776300430298,0.0,0.0,0.0,0.20000000298023224,0.14455021917819977,0.0036276744212955236,-0.2995530664920807,0.8817858099937439,0.33042192459106445,0.12998875975608826,0.10752054303884506,-0.8932494521141052,-0.5199012756347656,-0.7056071162223816,1.9144532680511475,2.077680826187134,-2.3242874145507812,-2.00697922706604,6.381742000579834,5.510485649108887,6.006638050079346,1.4964683055877686,0.5196478962898254,2.7918107509613037,1.6639724969863892,-2.6758692264556885,3.041130781173706,-2.126558303833008,-1.5631129741668701,2.0866050720214844,5.571305751800537,2.2947781085968018,0.5040954351425171,0.44824081659317017,-0.21659819781780243,1.0884519815444946,-0.07368461787700653,-0.22436557710170746,1.1622920036315918,-0.4316490888595581,1.7598397731781006,0.9960777163505554,0.16182337701320648,0.7335647344589233,-1.0726778507232666,-0.5056305527687073,4.2210001945495605,0.2569637894630432,-0.035648878663778305,0.10891285538673401,1.105757236480713,0.06423644721508026,-0.19664911925792694,1.4981337785720825,-0.2848231792449951,1.6998754739761353,1.2322330474853516,0.206253781914711,0.8800137042999268,-0.9969205260276794,-0.4743565618991852,0.16775497794151306,0.07502995431423187,-0.08532916009426117,0.5759680271148682,0.40529733896255493,0.28620654344558716,0.022263016551733017,-0.9037824273109436,-0.4392338991165161,-0.6938227415084839,1.8130207061767578,2.102846145629883,-2.2745327949523926,-1.9824168682098389,0.14455021917819977,0.0036276744212955236,-0.2995530664920807,0.8817858099937439,0.33042192459106445,0.12998875975608826,0.10752054303884506,-0.8932494521141052,-0.5199012756347656,-0.7056071162223816,1.9144532680511475,2.077680826187134,-2.3242874145507812,-2.00697922706604,6.381742000579834,5.510485649108887,6.006638050079346,1.4964683055877686,0.5196478962898254,2.7918107509613037,1.6639724969863892,-2.6758692264556885,3.041130781173706,-2.126558303833008,-1.5631129741668701,2.0866050720214844,5.571305751800537,2.2947781085968018
1.822,-0.9727798700332642,0.6572628617286682,-0.318036288022995,0.932083010673523,-0.5809186697006226,-0.8501604795455933,-0.1669873595237732,0.03141450136899948,-0.9854584336280823,0.0,0.0,0.0,0.20000000298023224,0.2381715327501297,0.09580379724502563,-0.18419139087200165,0.9067440032958984,0.3460770547389984,0.18411007523536682,0.09904242306947708,-0.9367583394050598,-0.47161492705345154,-0.7402523756027222,1.866090178489685,2.142932653427124,-2.267052412033081,-2.034525156021118,1.49735426902771,0.32809892296791077,5.953161716461182,0.16873574256896973,1.4067150354385376,2.38439679145813,-1.648845911026001,-1.456024408340454,1.6300060749053955,-6.156120777130127,-3.635239601135254,2.7543230056762695,2.6534032821655273,-2.5035135746002197,0.2569637894630432,-0.035648878663778305,0.10891285538673401,1.105757236480713,0.06423644721508026,-0.19664911925792694,1.4981337785720825,-0.2848231792449951,1.6998754739761353,1.2322330474853516,0.206253781914711,0.8800137042999268,-0.9969205260276794,-0.4743565618991852,4.199999809265137,0.5990480184555054,0.12686364352703094,0.1440378725528717,0.9019564986228943,0.15963201224803925,-0.41540855169296265,1.7642441987991333,-0.18243548274040222,1.6078006029129028,1.2931759357452393,-0.08762431889772415,1.1298176050186157,-0.882989764213562,-0.5488336086273193,0.23363949358463287,0.06923088431358337,-0.006655111908912659,0.5134731531143188,0.44765669107437134,0.24435113370418549,0.10314257442951202,-0.8465501070022583,-0.4534668028354645,-0.6594173908233643,1.7226042747497559,2.171877384185791,-2.218963861465454,-1.9893667697906494,0.23782005906105042,0.09588421881198883,-0.12595266103744507,0.9081340432167053,0.36142662167549133,0.19769112765789032,0.0788421705365181,-0.948945939540863,-0.4592447876930237,-0.7795524001121521,1.8358968496322632,2.172093391418457,-2.2639365196228027,-2.0652546882629395,-1.2954261302947998,-0.3261639177799225,5.386514186859131,0.002758748596534133,1.56511652469635,0.7106199264526367,-2.3173937797546387,-1.1786593198776245,1.0099282264709473,-2.5713613033294678,-2.6291658878326416,3.090318441390991,-0.7555271983146667,-3.368882179260254
1.841,-0.9727798700332642,0.6572628617286682,-0.318036288022995,1.1544562578201294,-0.6897574067115784,-0.9273310303688049,-0.18187583982944489,0.009093875996768475,-0.9832794666290283,0.0,0.0,0.0,0.20000000298023224,0.22204622626304626,0.09378513693809509,-0.06960777938365936,0.9081377983093262,0.3847459554672241,0.19294488430023193,0.06320969760417938,-0.957137405872345,-0.46678245067596436,-0.7810258269309998,1.7933993339538574,2.1998701095581055,-2.23795485496521,-2.098846673965454,-1.4013704061508179,-0.013393347151577473,6.132638454437256,0.052832454442977905,2.382075786590576,-0.9738379120826721,-0.813483476638794,-0.629271388053894,-0.04233865067362785,0.9896109700202942,-5.507410049438477,2.440492630004883,5.019607067108154,-2.955721616744995,0.5990480184555054,0.12686364352703094,0.1440378725528717,0.9019564986228943,0.15963201224803925,-0.41540855169296265,1.7642441987991333,-0.18243548274040222,1.6078006029129028,1.2931759357452393,-0.08762431889772415,1.1298176050186157,-0.882989764213562,-0.5488336086273193,4.181000232696533,0.4959765672683716,0.12440983206033707,0.10819672048091888,0.9102156758308411,0.22642262279987335,-0.4020988345146179,1.9743510484695435,-0.24613478779792786,1.4623091220855713,1.5459837913513184,-0.2417304664850235,1.121543526649475,-0.7231703400611877,-0.4287726581096649,0.24081388115882874,0.0657178983092308,0.02372162416577339,0.4842904806137085,0.48553401231765747,0.22675085067749023,0.19610905647277832,-0.8338587284088135,-0.49695611000061035,-0.5790127515792847,1.6388695240020752,2.204324722290039,-2.1512246131896973,-1.9628264904022217,0.22204622626304626,0.09378513693809509,-0.06960777938365936,0.9081377983093262,0.3847459554672241,0.19294488430023193,0.06320969760417938,-0.957137405872345,-0.46678245067596436,-0.7810258269309998,1.7933993339538574,2.1998701095581055,-2.23795485496521,-2.098846673965454,-1.4013704061508179,-0.013393347151577473,6.132638454437256,0.052832454442977905,2.382075786590576,-0.9738379120826721,-0.813483476638794,-0.629271388053894,-0.04233865067362785,0.9896109700202942,-5.507410049438477,2.440492630004883,5.019607067108154,-2.955721616744995
1.861,-0.8264718055725098,0.9198403358459473,0.3717983365058899,0.7927141785621643,-0.03974729776382446,-0.6979671716690063,-0.18937665224075317,-0.012228955514729023,-0.9818283915519714,0.0,0.0,0.0,0.20000000298023224,0.1890324205160141,0.08828887343406677,-0.07425151020288467,0.8932257890701294,0.4325144290924072,0.16490241885185242,0.0842650979757309,-0.9757910966873169,-0.48396795988082886,-0.7535063624382019,1.7563691139221191,2.232065200805664,-2.25184965133667,-2.128700017929077,-1.0680770874023438,-0.09751670062541962,-1.8694473505020142,-1.141187071800232,2.279141902923584,-2.250331401824951,2.147094249725342,-1.186325192451477,-0.8685504198074341,2.8174359798431396,-2.1790099143981934,0.40788111090660095,-2.0254337787628174,0.6540132164955139,0.4959765672683716,0.12440983206033707,0.10819672048091888,0.9102156758308411,0.22642262279987335,-0.4020988345146179,1.9743510484695435,-0.24613478779792786,1.4623091220855713,1.5459837913513184,-0.2417304664850235,1.121543526649475,-0.7231703400611877,-0.4287726581096649,4.160999774932861,0.7227768898010254,0.38185063004493713,-0.11295673251152039,1.3227838277816772,0.062392767518758774,-0.541740894317627,2.1733038425445557,-0.6424142718315125,1.376281976699829,1.380384922027588,0.26703697443008423,1.205658197402954,-1.094012975692749,-0.547470211982727,0.3011011481285095,0.1283216029405594,-0.0163783710449934,0.5728411674499512,0.46346521377563477,0.18304020166397095,0.2923305034637451,-0.926582932472229,-0.54020756483078,-0.5802101492881775,1.724194049835205,2.241576910018921,-2.2100656032562256,-1.9792307615280151,0.18290264904499054,0.0866377055644989,-0.09037460386753082,0.8802247643470764,0.45094287395477295,0.1408202201128006,0.10011955350637436,-0.988457441329956,-0.488920658826828,-0.7247751951217651,1.7291932106018066,2.2303669452667236,-2.263193368911743,-2.116433620452881,-0.2430829405784607,-0.2241414338350296,-1.3991518020629883,-1.479232668876648,1.5401370525360107,-2.3283259868621826,1.0719019174575806,-1.2257329225540161,-0.3509986996650696,2.5576906204223633,-3.0197412967681885,-0.7748033404350281,-0.37451133131980896,1.7699967622756958
1.881,-0.8264718055725098,0.9198403358459473,0.3717983365058899,-0.3210316300392151,0.12901270389556885,-0.7187303900718689,-0.18584421277046204,-0.021716734394431114,-0.9823392033576965,0.0,0.0,0.0,0.20000000298023224,0.19355104863643646,0.08805473148822784,-0.10237180441617966,0.8684845566749573,0.46432140469551086,0.11617624759674072,0.11125165224075317,-1.0070934295654297,-0.5055800676345825,-0.6969923973083496,1.7037171125411987,2.2243809700012207,-2.272905111312866,-2.0865297317504883,2.6971070766448975,0.7691452503204346,-0.5479488372802734,-0.9676200151443481,0.9538987874984741,-2.3720879554748535,1.593755841255188,-2.3851964473724365,-1.903045415878296,3.0573928356170654,-2.4891300201416016,-0.8171108365058899,1.5735663175582886,4.354460716247559,0.7227768898010254,0.38185063004493713,-0.11295673251152039,1.3227838277816772,0.062392767518758774,-0.541740894317627,2.1733038425445557,-0.6424142718315125,1.376281976699829,1.380384922027588,0.26703697443008423,1.205658197402954,-1.094012975692749,-0.547470211982727,4.140999794006348,0.5981239080429077,0.3189147710800171,-0.004814423620700836,1.392555594444275,-0.10252343118190765,-0.3847234845161438,2.0825393199920654,-0.6170933246612549,1.4971588850021362,1.2660362720489502,0.3269699513912201,1.0219870805740356,-1.0964733362197876,-0.5209716558456421,0.3000815510749817,0.14388948678970337,-0.00939279142767191,0.6345595121383667,0.41120174527168274,0.2004392296075821,0.31775009632110596,-0.9666147828102112,-0.5316140651702881,-0.6093959808349609,1.7818394899368286,2.214285373687744,-2.2401010990142822,-1.9808082580566406,0.23134805262088776,0.1000724658370018,-0.10168647766113281,0.8633816242218018,0.4703008830547333,0.10003331303596497,0.13060276210308075,-1.0267716646194458,-0.5172013640403748,-0.6722317337989807,1.6798548698425293,2.2172043323516846,-2.2408976554870605,-2.050672769546509,4.3933515548706055,1.3804231882095337,0.5296332240104675,-0.2844538986682892,0.41014134883880615,-1.0519449710845947,2.2367124557495117,-1.5494738817214966,-0.8597432971000671,2.2263362407684326,-2.1511738300323486,-0.765488862991333,3.84946346282959,3.0291829109191895
1.901,-0.6396339535713196,0.8800032138824463,0.2703687846660614,-0.4166799783706665,-0.19770681858062744,-0.5720623135566711,-0.18677918612957,-0.011271961033344269,-0.982337236404419,0.0,0.0,0.0,0.20000000298023224,0.2820972204208374,0.11971642822027206,-0.0914599746465683,0.865368664264679,0.4650261402130127,0.10408109426498413,0.1573297679424286,-1.0406359434127808,-0.5120798945426941,-0.6741286516189575,1.6763784885406494,2.210505962371826,-2.245311737060547,-2.022223711013794,5.095709323883057,2.0908498764038086,1.2653014659881592,0.35256731510162354,-0.6754359602928162,0.6935423612594604,2.8301548957824707,-1.0152796506881714,-0.22372877597808838,1.3593004941940308,0.511587917804718,-0.6364314556121826,-1.3268576860427856,2.2107698917388916,0.5981239080429077,0.3189147710800171,-0.004814423620700836,1.392555594444275,-0.10252343118190765,-0.3847234845161438,2.0825393199920654,-0.6170933246612549,1.4971588850021362,1.2660362720489502,0.3269699513912201,1.0219870805740356,-1.0964733362197876,-0.5209716558456421,4.120999813079834,0.4429247975349426,0.39318129420280457,0.02398841641843319,1.4048218727111816,-0.03797364979982376,-0.44239646196365356,1.9346693754196167,-0.595372200012207,1.4771243333816528,1.2443174123764038,0.25339651107788086,0.9777146577835083,-1.0847676992416382,-0.5513594150543213,0.2607719898223877,0.17024007439613342,0.0013007083907723427,0.6684852242469788,0.40120744705200195,0.19472050666809082,0.2934924066066742,-0.9812004566192627,-0.5323259830474854,-0.6294186115264893,1.7922688722610474,2.1895713806152344,-2.252192497253418,-1.9891939163208008,0.324060320854187,0.13374413549900055,-0.07994917035102844,0.8668183088302612,0.4562632739543915,0.11418777704238892,0.18527579307556152,-1.046628475189209,-0.5158944129943848,-0.6656522154808044,1.6854969263076782,2.206331968307495,-2.2480180263519287,-2.0106194019317627,3.2766339778900146,0.8025591969490051,0.9633432030677795,-0.08031151443719864,-1.0160173177719116,1.0582892894744873,2.777965784072876,-0.32268983125686646,-0.41642695665359497,-0.32053300738334656,1.1870195865631104,-0.1731000542640686,0.30970051884651184,0.32914093136787415
1.921,-0.6396339535713196,0.8800032138824463,0.2703687846660614,1.046556830406189,-0.29517343640327454,-0.35942938923835754,-0.19183090329170227,-0.02104872651398182,-0.981202244758606,0.0,0.0,0.0,0.20000000298023224,0.3427700996398926,0.13725215196609497,-0.07026377320289612,0.8633172512054443,0.4425535500049591,0.12327347695827484,0.20532624423503876,-1.047921895980835,-0.5187561511993408,-0.6757339835166931,1.7066316604614258,2.2059216499328613,-2.247661590576172,-2.0144972801208496,0.5740482211112976,0.11135920137166977,1.0724633932113647,-0.5537927150726318,-1.5615006685256958,0.6874178647994995,1.4283512830734253,0.032193489372730255,-0.4379112720489502,-0.7392225861549377,2.682459592819214,0.013321945443749428,-0.719233512878418,-0.9534316062927246,0.4429247975349426,0.39318129420280457,0.02398841641843319,1.4048218727111816,-0.03797364979982376,-0.44239646196365356,1.9346693754196167,-0.595372200012207,1.4771243333816528,1.2443174123764038,0.25339651107788086,0.9777146577835083,-1.0847676992416382,-0.5513594150543213,4.10099983215332,0.4381932020187378,0.5922127366065979,-0.09822182357311249,1.309352993965149,0.036383140832185745,-0.7293981909751892,2.0265769958496094,-0.6265004873275757,1.276263952255249,1.424452781677246,0.23882460594177246,1.1494466066360474,-1.199546456336975,-0.6977323889732361,0.2399342954158783,0.2331732213497162,-0.023905102163553238,0.6615808606147766,0.4147995114326477,0.12011070549488068,0.3043404817581177,-0.9962753057479858,-0.5828970074653625,-0.5943961143493652,1.7938406467437744,2.2201473712921143,-2.286932945251465,-2.029980182647705,0.3339099884033203,0.13136719167232513,-0.058779243379831314,0.8549781441688538,0.4283440113067627,0.12575949728488922,0.22123849391937256,-1.0469770431518555,-0.5237817764282227,-0.6781474351882935,1.7280383110046387,2.208853244781494,-2.251581907272339,-2.028602361679077,-1.902047038078308,-0.9191403985023499,1.264699101448059,-0.9992178678512573,-1.3206595182418823,-0.01684080995619297,1.6661685705184937,0.09450877457857132,-0.4746059477329254,-0.10117197036743164,1.7770979404449463,0.5059490203857422,-0.13450737297534943,-1.6821273565292358
1.94,-0.6420103907585144,0.8423746824264526,0.16267524659633636,1.2553470134735107,-0.481533020734787,-0.5969236493110657,-0.2001151144504547,-0.049335822463035583,-0.9785294532775879,0.0,0.0,0.0,0.20000000298023224,0.3047701120376587,0.12149959802627563,-0.05023995414376259,0.8432486653327942,0.4252449572086334,0.1152961477637291,0.24561083316802979,-1.0492404699325562,-0.5499651432037354,-0.6618431806564331,1.7451399564743042,2.22273850440979,-2.2787702083587646,-2.053642988204956,-3.517442464828491,-0.9316022992134094,0.7757691740989685,-1.2397068738937378,-0.18486575782299042,-1.3087639808654785,2.7491161823272705,-0.24574731290340424,-2.097219944000244,2.0716466903686523,1.6309031248092651,0.9488502144813538,-3.1608457565307617,-1.1399234533309937,0.4381932020187378,0.5922127366065979,-0.09822182357311249,1.309352993965149,0.036383140832185745,-0.7293981909751892,2.0265769958496094,-0.6265004873275757,1.276263952255249,1.424452781677246,0.23882460594177246,1.1494466066360474,-1.199546456336975,-0.6977323889732361,4.080999851226807,0.391478955745697,0.5541279911994934,-0.3314218521118164,1.313085913658142,0.1638871431350708,-0.80989009141922,1.9738514423370361,-0.6167080998420715,1.1055630445480347,1.6102564334869385,0.3000775873661041,1.252134084701538,-1.3305221796035767,-0.6859666109085083,0.2178368866443634,0.25511860847473145,-0.09480801224708557,0.6590619087219238,0.4534715414047241,0.06268282979726791,0.2965831160545349,-1.0013647079467773,-0.6508577466011047,-0.5304339528083801,1.8099397420883179,2.2611072063446045,-2.3370471000671387,-2.047431707382202,0.3047701120376587,0.12149959802627563,-0.05023995414376259,0.8432486653327942,0.4252449572086334,0.1152961477637291,0.24561083316802979,-1.0492404699325562,-0.5499651432037354,-0.6618431806564331,1.7451399564743042,2.22273850440979,-2.2787702083587646,-2.053642988204956,-3.517442464828491,-0.9316022992134094,0.7757691740989685,-1.2397068738937378,-0.18486575782299042,-1.3087639808654785,2.7491161823272705,-0.24574731290340424,-2.097219944000244,2.0716466903686523,1.6309031248092651,0.9488502144813538,-3.1608457565307617,-1.1399234533309937
1.96,-0.6420103907585144,0.8423746824264526,0.16267524659633636,0.6187840700149536,-0.4232625961303711,-1.097078800201416,-0.20909978449344635,-0.07123281806707382,-0.9752964377403259,0.0,0.0,0.0,0.20000000298023224,0.22927485406398773,0.11002601683139801,-0.04159913212060928,0.821775496006012,0.4286571443080902,0.0854405015707016,0.29415687918663025,-1.053359866142273,-0.5984556078910828,-0.6182457208633423,1.7859355211257935,2.243907928466797,-2.3283586502075195,-2.0840771198272705,-3.850724935531616,-0.12948468327522278,-0.8994436860084534,-0.9047384858131409,0.7547397613525391,-1.8723498582839966,2.5510833263397217,-0.3756013810634613,-2.8691518306732178,2.7379496097564697,2.7996630668640137,1.1381962299346924,-3.5480690002441406,-1.3728337287902832,0.391478955745697,0.5541279911994934,-0.3314218521118164,1.313085913658142,0.1638871431350708,-0.80989009141922,1.9738514423370361,-0.6167080998420715,1.1055630445480347,1.6102564334869385,0.3000775873661041,1.252134084701538,-1.3305221796035767,-0.6859666109085083,4.060999870300293,0.3338392376899719,0.4351373314857483,-0.4581547975540161,1.4284063577651978,0.14858940243721008,-0.8836692571640015,2.052517890930176,-0.6581426858901978,1.0732606649398804,1.6733512878417969,0.4318335950374603,1.2575832605361938,-1.477662444114685,-0.695791482925415,0.19237825274467468,0.2363436371088028,-0.16194270551204681,0.686632513999939,0.46898311376571655,0.015524100512266159,0.31237104535102844,-1.0142680406570435,-0.6929137110710144,-0.482679158449173,1.8509283065795898,2.282949447631836,-2.3988890647888184,-2.0586137771606445,0.22927485406398773,0.11002601683139801,-0.04159913212060928,0.821775496006012,0.4286571443080902,0.0854405015707016,0.29415687918663025,-1.053359866142273,-0.5984556078910828,-0.6182457208633423,1.7859355211257935,2.243907928466797,-2.3283586502075195,-2.0840771198272705,-3.850724935531616,-0.12948468327522278,-0.8994436860084534,-0.9047384858131409,0.7547397613525391,-1.8723498582839966,2.5510833263397217,-0.3756013810634613,-2.8691518306732178,2.7379496097564697,2.7996630668640137,1.1381962299346924,-3.5480690002441406,-1.3728337287902832
1.98,-0.5813053250312805,0.7929091453552246,0.10402524471282959,0.004419715143740177,-0.19008468091487885,-1.4925999641418457,-0.2132851779460907,-0.0821932703256607,-0.9735264182090759,0.0,0.0,0.0,0.20000000298023224,0.17105025053024292,0.12512752413749695,-0.08142992854118347,0.8047773241996765,0.4458215534687042,0.04096030443906784,0.3432774245738983,-1.0678846836090088,-0.652023434638977,-0.5616280436515808,1.8319661617279053,2.2624824047088623,-2.3759288787841797,-2.0999741554260254,-2.339272975921631,0.8252876400947571,-3.9347307682037354,-0.825100302696228,1.1595886945724487,-2.3926782608032227,2.8839023113250732,-1.1416844129562378,-2.8154079914093018,2.913942575454712,3.0442960262298584,0.8298306465148926,-6.086776256561279,-0.06429587304592133,0.3338392376899719,0.4351373314857483,-0.4581547975540161,1.4284063577651978,0.14858940243721008,-0.8836692571640015,2.052517890930176,-0.6581426858901978,1.0732606649398804,1.6733512878417969,0.4318335950374603,1.2575832605361938,-1.477662444114685,-0.695791482925415,4.040999889373779,0.2768493890762329,0.2728084623813629,-0.563241183757782,1.534026026725769,0.11538508534431458,-0.9302915930747986,2.122328281402588,-0.7142072916030884,1.0760183334350586,1.681747555732727,0.5911921262741089,1.1461682319641113,-1.6589019298553467,-0.6571813821792603,0.16540147364139557,0.18637393414974213,-0.2217816412448883,0.7268227338790894,0.4684378206729889,-0.019710848107933998,0.33771759271621704,-1.034735918045044,-0.7132523059844971,-0.45670270919799805,1.9112621545791626,2.266016721725464,-2.4751200675964355,-2.0545520782470703,0.17105025053024292,0.12512752413749695,-0.08142992854118347,0.8047773241996765,0.4458215534687042,0.04096030443906784,0.3432774245738983,-1.0678846836090088,-0.652023434638977,-0.5616280436515808,1.8319661617279053,2.2624824047088623,-2.3759288787841797,-2.0999741554260254,-2.339272975921631,0.8252876400947571,-3.9347307682037354,-0.825100302696228,1.1595886945724487,-2.3926782608032227,2.8839023113250732,-1.1416844129562378,-2.8154079914093018,2.913942575454712,3.0442960262298584,0.8298306465148926,-6.086776256561279,-0.06429587304592133
2.001,-0.5813053250312805,0.7929091453552246,0.10402524471282959,-0.4311237335205078,0.07955421507358551,-1.5445576906204224,-0.21155332028865814,-0.08355328440666199,-0.9737884998321533,0.0,0.0,0.0,0.20000000298023224,0.14709515869617462,0.15690822899341583,-0.17011341452598572,0.791962742805481,0.4596635699272156,-0.007782327011227608,0.38270673155784607,-1.088327407836914,-0.6935800909996033,-0.5117476582527161,1.883786678314209,2.2679085731506348,-2.4538471698760986,-2.103712320327759,-0.6073924899101257,1.5794131755828857,-5.3568620681762695,-0.4946805238723755,0.2348547726869583,-2.308096170425415,1.6278566122055054,-1.0421695709228516,-1.2902562618255615,1.9963600635528564,3.0415236949920654,-0.026128044351935387,-5.6776957511901855,-0.033918023109436035,0.2768493890762329,0.2728084623813629,-0.563241183757782,1.534026026725769,0.11538508534431458,-0.9302915930747986,2.122328281402588,-0.7142072916030884,1.0760183334350586,1.681747555732727,0.5911921262741089,1.1461682319641113,-1.6589019298553467,-0.6571813821792603,4.020999908447266,0.3164680004119873,0.1428050398826599,-0.48907774686813354,1.5669634342193604,0.0864504724740982,-0.935653567314148,2.2801692485809326,-0.7721961140632629,1.1260462999343872,1.6211450099945068,0.686806857585907,0.9974915981292725,-1.7954612970352173,-0.6019022464752197,0.161817729473114,0.12888821959495544,-0.23316025733947754,0.7551522254943848,0.46093153953552246,-0.03866881504654884,0.3898511230945587,-1.0594669580459595,-0.7109146118164062,-0.45886510610580444,1.9653327465057373,2.220381259918213,-2.547375202178955,-2.0387015342712402,0.14439401030540466,0.1738623082637787,-0.21663238108158112,0.7878223657608032,0.4601196050643921,-0.027383994311094284,0.38869404792785645,-1.0974726676940918,-0.7018264532089233,-0.4986967444419861,1.9080532789230347,2.265068769454956,-2.4741687774658203,-2.105358839035034,0.05375049635767937,1.8010213375091553,-3.908022403717041,-0.2802441120147705,-0.020543450489640236,-1.7534866333007812,-0.06972495466470718,-0.8226516842842102,-0.6387667059898376,0.7407918572425842,1.9151062965393066,-0.4407525658607483,-0.08703949302434921,-0.2607671916484833
2.021,-0.5088035464286804,0.7194404006004333,-0.05592089518904686,-0.9663962125778198,0.2109392136335373,-1.2987594604492188,-0.206218421459198,-0.07506662607192993,-0.9756223559379578,0.0,0.0,0.0,0.20000000298023224,0.1485191285610199,0.19364580512046814,-0.2528981566429138,0.7873902916908264,0.4572560787200928,-0.04578176513314247,0.3909964859485626,-1.110983967781067,-0.703210175037384,-0.4899505078792572,1.9307665824890137,2.2626149654388428,-2.5229332447052,-2.1011252403259277,0.6777454614639282,2.137279510498047,-3.073610305786133,0.20581431686878204,-0.33039891719818115,-1.6484020948410034,0.25263679027557373,-1.3332500457763672,-0.33395305275917053,0.5262727737426758,2.3558194637298584,-0.303398996591568,-6.531443119049072,0.4237499535083771,0.3164680004119873,0.1428050398826599,-0.48907774686813354,1.5669634342193604,0.0864504724740982,-0.935653567314148,2.2801692485809326,-0.7721961140632629,1.1260462999343872,1.6211450099945068,0.686806857585907,0.9974915981292725,-1.7954612970352173,-0.6019022464752197,4.000999927520752,0.4653014540672302,-0.03903868794441223,-0.34408366680145264,1.4908195734024048,0.010886449366807938,-0.8135117888450623,2.3232109546661377,-0.7426049709320068,1.2823225259780884,1.4998390674591064,0.650259792804718,0.9555215835571289,-1.8277701139450073,-0.5302826762199402,0.19723422825336456,0.054684437811374664,-0.20260104537010193,0.7502809762954712,0.4382873773574829,-0.017612354829907417,0.42667829990386963,-1.0644347667694092,-0.6706767082214355,-0.49027279019355774,1.9832313060760498,2.1870710849761963,-2.5915801525115967,-2.012871503829956,0.15574240684509277,0.21248088777065277,-0.27189797163009644,0.7908101677894592,0.4542773365974426,-0.05995262786746025,0.3870086371898651,-1.1219642162322998,-0.7068122029304504,-0.4888281226158142,1.9474667310714722,2.258068323135376,-2.5511085987091064,-2.0995559692382812,0.7363500595092773,1.9857404232025146,-0.994562029838562,0.48634466528892517,-0.26026618480682373,-1.2682971954345703,-0.7247611880302429,-0.9255115985870361,-0.3089650273323059,-0.07332359999418259,1.152208924293518,-0.4977847933769226,-0.6240013241767883,-0.0735263004899025
2.04,-0.5088035464286804,0.7194404006004333,-0.05592089518904686,-1.0807870626449585,0.20694656670093536,-0.7506850361824036,-0.20116455852985382,-0.0571649894118309,-0.9778880476951599,0.0,0.0,0.0,0.20000000298023224,0.1664445549249649,0.22680360078811646,-0.2695867121219635,0.798366367816925,0.44298437237739563,-0.06268130242824554,0.3782772123813629,-1.1294173002243042,-0.68739253282547,-0.5102163553237915,1.960983157157898,2.251833438873291,-2.5691747665405273,-2.1012556552886963,1.3443927764892578,0.5366564393043518,0.8327898979187012,1.0128910541534424,-1.080361008644104,-0.14320559799671173,-0.09153416007757187,-1.004632830619812,1.25555419921875,-1.6472052335739136,1.1425056457519531,-0.3050755262374878,-5.579204559326172,-0.07690677791833878,0.4653014540672302,-0.03903868794441223,-0.34408366680145264,1.4908195734024048,0.010886449366807938,-0.8135117888450623,2.3232109546661377,-0.7426049709320068,1.2823225259780884,1.4998390674591064,0.650259792804718,0.9555215835571289,-1.8277701139450073,-0.5302826762199402,3.9809999465942383,0.7475110292434692,-0.04703330248594284,-0.12585553526878357,1.3792667388916016,-0.05492487922310829,-0.5640770196914673,2.2552666664123535,-0.6839839220046997,1.5316083431243896,1.198500394821167,0.5338324308395386,0.9628221392631531,-1.7688655853271484,-0.5528244972229004,0.285494863986969,0.015583893284201622,-0.13276439905166626,0.719957172870636,0.41051244735717773,0.05527456849813461,0.42810583114624023,-1.0522633790969849,-0.5882362723350525,-0.5813112854957581,1.96307373046875,2.1722412109375,-2.59895658493042,-2.005591869354248,0.1664445549249649,0.22680360078811646,-0.2695867121219635,0.798366367816925,0.44298437237739563,-0.06268130242824554,0.3782772123813629,-1.1294173002243042,-0.68739253282547,-0.5102163553237915,1.960983157157898,2.251833438873291,-2.5691747665405273,-2.1012556552886963,1.3443927764892578,0.5366564393043518,0.8327898979187012,1.0128910541534424,-1.080361008644104,-0.14320559799671173,-0.09153416007757187,-1.004632830619812,1.25555419921875,-1.6472052335739136,1.1425056457519531,-0.3050755262374878,-5.579204559326172,-0.07690677791833878
2.061,-0.4387352168560028,0.7208321690559387,-0.21653632819652557,-1.2466129064559937,0.3694065809249878,-0.19331330060958862,-0.19516482949256897,-0.03244630992412567,-0.9802336096763611,0.0,0.0,0.0,0.20000000298023224,0.20406506955623627,0.2086702585220337,-0.20911821722984314,0.8221893310546875,0.41444262862205505,-0.05959851294755936,0.3715224862098694,-1.1432713270187378,-0.6449698209762573,-0.564056396484375,1.9534674882888794,2.240537643432617,-2.6013174057006836,-2.106381893157959,3.0883164405822754,-2.635331630706787,5.2215704917907715,1.5316895246505737,-1.6503137350082397,0.9725592136383057,-0.4623328447341919,-0.5069103240966797,2.424799919128418,-3.297083854675293,-1.3696318864822388,-0.7788257598876953,-0.26174890995025635,-0.3189070224761963,0.7475110292434692,-0.04703330248594284,-0.12585553526878357,1.3792667388916016,-0.05492487922310829,-0.5640770196914673,2.2552666664123535,-0.6839839220046997,1.5316083431243896,1.198500394821167,0.5338324308395386,0.9628221392631531,-1.7688655853271484,-0.5528244972229004,3.9609999656677246,0.8460811972618103,0.09125463664531708,0.06008467450737953,1.2150388956069946,-0.24210470914840698,-0.23003853857517242,1.9444952011108398,-0.6156848073005676,1.8400793075561523,0.8151026964187622,0.248609721660614,1.039501667022705,-1.5428448915481567,-0.668652355670929,0.3542677164077759,0.030605606734752655,-0.05136103183031082,0.6637383103370667,0.3498300313949585,0.17522765696048737,0.3511267304420471,-1.0291028022766113,-0.4698983132839203,-0.7226799726486206,1.8816893100738525,2.1839959621429443,-2.5461394786834717,-2.0309090614318848,0.20406506955623627,0.2086702585220337,-0.20911821722984314,0.8221893310546875,0.41444262862205505,-0.05959851294755936,0.3715224862098694,-1.1432713270187378,-0.6449698209762573,-0.564056396484375,1.9534674882888794,2.240537643432617,-2.6013174057006836,-2.106381893157959,3.0883164405822754,-2.635331630706787,5.2215704917907715,1.5316895246505737,-1.6503137350082397,0.9725592136383057,-0.4623328447341919,-0.5069103240966797,2.424799919128418,-3.297083854675293,-1.3696318864822388,-0.7788257598876953,-0.26174890995025635,-0.3189070224761963
2.081,-0.4387352168560028,0.7208321690559387,-0.21653632819652557,-1.0381165742874146,0.5912222266197205,0.08153427392244339,-0.18809843063354492,-0.015826674178242683,-0.9820226430892944,0.0,0.0,0.0,0.20000000298023224,0.27432021498680115,0.12696541845798492,-0.09897308796644211,0.8496025204658508,0.37751397490501404,-0.029104162007570267,0.3536722958087921,-1.153710126876831,-0.57537841796875,-0.650123119354248,1.9234440326690674,2.226867914199829,-2.554612398147583,-2.117948293685913,4.351787090301514,-5.36278772354126,6.435304641723633,1.3443219661712646,-2.2922093868255615,3.131917953491211,-1.4635270833969116,-0.09613505005836487,4.691068172454834,-5.0458083152771,-2.3836591243743896,-0.9597300291061401,4.624032020568848,-1.1722280979156494,0.8460811972618103,0.09125463664531708,0.06008467450737953,1.2150388956069946,-0.24210470914840698,-0.23003853857517242,1.9444952011108398,-0.6156848073005676,1.8400793075561523,0.8151026964187622,0.248609721660614,1.039501667022705,-1.5428448915481567,-0.668652355670929,3.940999984741211,0.7145410180091858,0.3267800509929657,-0.03750468045473099,1.1146477460861206,-0.3316240608692169,-0.14396893978118896,1.5678426027297974,-0.48491591215133667,1.9580612182617188,0.644938588142395,0.020152917131781578,1.2364521026611328,-1.3665242195129395,-0.8369671702384949,0.3557690978050232,0.09699781239032745,-0.03505668789148331,0.6105310916900635,0.2971090078353882,0.2567215859889984,0.21847403049468994,-0.984830379486084,-0.3812338709831238,-0.8359053134918213,1.7838828563690186,2.2391109466552734,-2.4756507873535156,-2.085646152496338,0.31622540950775146,0.07362806051969528,-0.04670106992125511,0.8603804111480713,0.35917434096336365,0.0021563249174505472,0.3444550335407257,-1.156984806060791,-0.5394194722175598,-0.6965181231498718,1.9011338949203491,2.219472646713257,-2.5403285026550293,-2.1292884349823,3.903503894805908,-5.00971794128418,4.034516334533691,0.8116877675056458,-1.4952961206436157,2.819887161254883,-0.5725778341293335,-0.5296840071678162,2.8918821811676025,-4.269668102264404,-2.027240753173828,-0.5595148801803589,-0.2801535129547119,-1.0847772359848022
2.101,-0.3185655474662781,0.738696813583374,-0.3211140036582947,0.4981878399848938,0.6638894081115723,-0.15946809947490692,-0.1709083616733551,-0.009572159498929977,-0.9852404594421387,0.0,0.0,0.0,0.20000000298023224,0.34914106130599976,0.03271855413913727,-0.014716009609401226,0.8634695410728455,0.33887019753456116,0.034687340259552,0.33341851830482483,-1.1586006879806519,-0.4913671314716339,-0.7583070993423462,1.8768270015716553,2.21293044090271,-2.5064494609832764,-2.149580478668213,2.676591634750366,-3.296715021133423,2.914515733718872,-0.04580339044332504,-2.305349349975586,3.8334388732910156,-2.010842800140381,0.3812671899795532,5.482014179229736,-6.965633869171143,-3.1194570064544678,-1.2355462312698364,8.315905570983887,-1.903647780418396,0.7145410180091858,0.3267800509929657,-0.03750468045473099,1.1146477460861206,-0.3316240608692169,-0.14396893978118896,1.5678426027297974,-0.48491591215133667,1.9580612182617188,0.644938588142395,0.020152917131781578,1.2364521026611328,-1.3665242195129395,-0.8369671702384949,3.9210000038146973,0.46909958124160767,0.7652917504310608,-0.14972256124019623,1.0722626447677612,-0.31772366166114807,-0.5393319129943848,1.2235794067382812,-0.43377962708473206,1.9228671789169312,1.026995062828064,-0.011963499709963799,1.6033637523651123,-1.3269613981246948,-0.9972069263458252,0.2951594591140747,0.23982185125350952,-0.05495898425579071,0.5733312368392944,0.27422359585762024,0.19862781465053558,0.06608188152313232,-0.949910044670105,-0.34570014476776123,-0.7970038652420044,1.7269505262374878,2.358396530151367,-2.430515766143799,-2.1530747413635254,0.3675602972507477,0.020076502114534378,0.0006380666163749993,0.8615744113922119,0.32157018780708313,0.06357913464307785,0.3162383735179901,-1.1555500030517578,-0.4515635669231415,-0.8283202648162842,1.8493722677230835,2.2054710388183594,-2.4650557041168213,-2.1741247177124023,1.0804197788238525,-0.5369648933410645,0.41941142082214355,-0.43877899646759033,-1.3839412927627563,2.1722116470336914,-1.5855668783187866,0.15802264213562012,3.168795108795166,-6.323118209838867,-2.3564887046813965,-0.4587908387184143,1.1849159002304077,-2.4524106979370117
2.121,-0.3185655474662781,0.738696813583374,-0.3211140036582947,1.4848697185516357,-0.04004918783903122,-0.4029932916164398,-0.16450488567352295,-0.034625716507434845,-0.9857683181762695,0.0,0.0,0.0,0.20000000298023224,0.35859474539756775,0.00886382907629013,-0.004587232600897551,0.8474612832069397,0.3027501702308655,0.07416887581348419,0.29151850938796997,-1.1483677625656128,-0.40423744916915894,-0.8669812083244324,1.823922872543335,2.205449342727661,-2.4254610538482666,-2.2184064388275146,-2.0690557956695557,-1.3237439393997192,-1.0276997089385986,-1.3618578910827637,-1.4031795263290405,0.7013294696807861,-3.0534138679504395,0.3805331885814667,3.1412155628204346,-2.9094655513763428,-2.317413568496704,-0.25763335824012756,3.636725902557373,-2.4423508644104004,0.46909958124160767,0.7652917504310608,-0.14972256124019623,1.0722626447677612,-0.31772366166114807,-0.5393319129943848,1.2235794067382812,-0.43377962708473206,1.9228671789169312,1.026995062828064,-0.011963499709963799,1.6033637523651123,-1.3269613981246948,-0.9972069263458252,3.9010000228881836,0.2340194433927536,1.0672651529312134,-0.3218814730644226,0.8423818945884705,-0.13810668885707855,-1.0711241960525513,1.5267937183380127,-0.4850037097930908,1.5208179950714111,1.592753529548645,-0.10259942710399628,1.943953037261963,-1.2483433485031128,-1.1192612648010254,0.20608459413051605,0.3867272138595581,-0.10794986039400101,0.497261106967926,0.30768513679504395,0.03663285821676254,0.06568938493728638,-0.9452559351921082,-0.42844557762145996,-0.6361135244369507,1.6758253574371338,2.5031864643096924,-2.388293743133545,-2.2173027992248535,0.3317519724369049,-0.0035168288741260767,-0.018753377720713615,0.8345785737037659,0.293334037065506,0.07713962346315384,0.25843745470046997,-1.1478445529937744,-0.3825787901878357,-0.8863228559494019,1.80443274974823,2.208437442779541,-2.4149231910705566,-2.2417099475860596,-2.9121973514556885,-1.0342217683792114,-1.5242526531219482,-1.1229050159454346,-0.6619609594345093,-0.024442382156848907,-3.48996639251709,-0.17931616306304932,1.6793251037597656,-1.202282190322876,-1.8023946285247803,0.6769348382949829,-0.32834190130233765,-2.2432548999786377
2.14,-0.4275297224521637,0.8124808669090271,-0.1401301622390747,1.0973912477493286,-1.1146841049194336,-1.1898653507232666,-0.17411836981773376,-0.06460027396678925,-0.9826034903526306,0.0,0.0,0.0,0.20000000298023224,0.2900014817714691,-0.013569082133471966,-0.04369885101914406,0.8165740966796875,0.30068930983543396,0.06534108519554138,0.22760923206806183,-1.1470609903335571,-0.39640921354293823,-0.8721284866333008,1.7789565324783325,2.225931406021118,-2.396047592163086,-2.28085994720459,-5.20782995223999,-0.8643938302993774,-3.175572156906128,-1.5913195610046387,1.2771015167236328,-2.189789295196533,-2.565638542175293,-0.5997886657714844,-1.7183115482330322,3.8386070728302,-3.085902214050293,1.7391866445541382,3.6883881092071533,-1.4355738162994385,0.2340194433927536,1.0672651529312134,-0.3218814730644226,0.8423818945884705,-0.13810668885707855,-1.0711241960525513,1.5267937183380127,-0.4850037097930908,1.5208179950714111,1.592753529548645,-0.10259942710399628,1.943953037261963,-1.2483433485031128,-1.1192612648010254,3.88100004196167,-0.0750729888677597,1.0535026788711548,-0.5223456025123596,1.072621464729309,-0.0013401098549365997,-1.3715896606445312,1.787889003753662,-0.7393885850906372,1.1652743816375732,1.9819976091384888,-0.09960270673036575,2.0187244415283203,-1.1257182359695435,-0.9345112442970276,0.0842740535736084,0.45673927664756775,-0.1845613270998001,0.5167859196662903,0.35860753059387207,-0.11948098242282867,0.13076695799827576,-1.0065251588821411,-0.5587041974067688,-0.4583573639392853,1.6510119438171387,2.5942745208740234,-2.336526393890381,-2.2032291889190674,0.2900014817714691,-0.013569082133471966,-0.04369885101914406,0.8165740966796875,0.30068930983543396,0.06534108519554138,0.22760923206806183,-1.1470609903335571,-0.39640921354293823,-0.8721284866333008,1.7789565324783325,2.225931406021118,-2.396047592163086,-2.28085994720459,-5.20782995223999,-0.8643938302993774,-3.175572156906128,-1.5913195610046387,1.2771015167236328,-2.189789295196533,-2.565638542175293,-0.5997886657714844,-1.7183115482330322,3.8386070728302,-3.085902214050293,1.7391866445541382,3.6883881092071533,-1.4355738162994385
2.161,-0.4275297224521637,0.8124808669090271,-0.1401301622390747,0.07376415282487869,-2.021773099899292,-2.0048012733459473,-0.20415973663330078,-0.08383563905954361,-0.9753411412239075,0.0,0.0,0.0,0.20000000298023224,0.17451077699661255,-0.012097219005227089,-0.12242152541875839,0.7927120327949524,0.34070298075675964,-0.0015686812112107873,0.199453666806221,-1.1810507774353027,-0.45420587062835693,-0.7412844896316528,1.7136006355285645,2.2919416427612305,-2.346021890640259,-2.288135528564453,-6.890483379364014,0.8643527030944824,-5.394603729248047,-1.051613211631775,2.786807060241699,-4.8568034172058105,0.005370820872485638,-2.9745631217956543,-4.402209758758545,9.916585922241211,-3.4261105060577393,4.912708282470703,3.4600424766540527,0.7700052857398987,-0.0750729888677597,1.0535026788711548,-0.5223456025123596,1.072621464729309,-0.0013401098549365997,-1.3715896606445312,1.787889003753662,-0.7393885850906372,1.1652743816375732,1.9819976091384888,-0.09960270673036575,2.0187244415283203,-1.1257182359695435,-0.9345112442970276,3.8610000610351562,-0.2772771120071411,0.6117910146713257,-0.7628214955329895,1.6214191913604736,0.04940113052725792,-1.327064037322998,1.786167025566101,-0.9227423667907715,0.9927356839179993,2.119830369949341,0.21352531015872955,1.6663485765457153,-1.1602497100830078,-0.6364054679870605,-0.02718225121498108,0.3813173770904541,-0.282986044883728,0.6637477874755859,0.39675402641296387,-0.18640649318695068,0.1628752499818802,-1.0829981565475464,-0.6669682264328003,-0.33502107858657837,1.7168872356414795,2.551724433898926,-2.3192756175994873,-2.1216659545898438,0.17451077699661255,-0.012097219005227089,-0.12242152541875839,0.7927120327949524,0.34070298075675964,-0.0015686812112107873,0.199453666806221,-1.1810507774353027,-0.45420587062835693,-0.7412844896316528,1.7136006355285645,2.2919416427612305,-2.346021890640259,-2.288135528564453,-6.890483379364014,0.8643527030944824,-5.394603729248047,-1.051613211631775,2.786807060241699,-4.8568034172058105,0.005370820872485638,-2.9745631217956543,-4.402209758758545,9.916585922241211,-3.4261105060577393,4.912708282470703,3.4600424766540527,0.7700052857398987
2.18,-0.36443546414375305,0.7102552056312561,-0.07274529337882996,-1.2438464164733887,-1.3500583171844482,-2.4999287128448486,-0.2327723503112793,-0.07829855382442474,-0.9693742394447327,0.0,0.0,0.0,0.20000000298023224,0.05460343509912491,0.08242693543434143,-0.21404415369033813,0.7854560613632202,0.3835378587245941,-0.08665021508932114,0.24929241836071014,-1.2234766483306885,-0.5421839356422424,-0.5510990023612976,1.7706173658370972,2.362605094909668,-2.3627829551696777,-2.2695159912109375,-5.867652416229248,7.124611854553223,-4.605965614318848,-0.15237471461296082,2.1166930198669434,-4.658827304840088,2.735373020172119,-2.9905760288238525,-5.734832763671875,9.820508003234863,3.6268603801727295,3.0878517627716064,-1.1409525871276855,2.7508013248443604,-0.2772771120071411,0.6117910146713257,-0.7628214955329895,1.6214191913604736,0.04940113052725792,-1.327064037322998,1.786167025566101,-0.9227423667907715,0.9927356839179993,2.119830369949341,0.21352531015872955,1.6663485765457153,-1.1602497100830078,-0.6364054679870605,3.8410000801086426,-0.3488128185272217,-0.03559088706970215,-0.8277841806411743,1.7008155584335327,0.05840298905968666,-1.2694076299667358,2.042311191558838,-0.9179165959358215,0.8437079787254333,2.155351161956787,0.6942695379257202,1.2078157663345337,-1.5334831476211548,-0.45821142196655273,-0.10079433023929596,0.1817609667778015,-0.3484390676021576,0.7570778131484985,0.4180777668952942,-0.20545515418052673,0.242965430021286,-1.1200282573699951,-0.7583571076393127,-0.26447275280952454,1.8700109720230103,2.415816307067871,-2.403958559036255,-2.0363359451293945,0.05460343509912491,0.08242693543434143,-0.21404415369033813,0.7854560613632202,0.3835378587245941,-0.08665021508932114,0.24929241836071014,-1.2234766483306885,-0.5421839356422424,-0.5510990023612976,1.7706173658370972,2.362605094909668,-2.3627829551696777,-2.2695159912109375,-5.867652416229248,7.124611854553223,-4.605965614318848,-0.15237471461296082,2.1166930198669434,-4.658827304840088,2.735373020172119,-2.9905760288238525,-5.734832763671875,9.820508003234863,3.6268603801727295,3.0878517627716064,-1.1409525871276855,2.7508013248443604
2.201,-0.36443546414375305,0.7102552056312561,-0.07274529337882996,-0.10584339499473572,-0.348299503326416,-2.1254866123199463,-0.24268050491809845,-0.07628319412469864,-0.9671024084091187,0.0,0.0,0.0,0.20000000298023224,-0.017368042841553688,0.26364418864250183,-0.3259180784225464,0.776761531829834,0.42493200302124023,-0.16573506593704224,0.28885090351104736,-1.2869598865509033,-0.625584065914154,-0.39639440178871155,1.8443228006362915,2.4014322757720947,-2.404737949371338,-2.195805311203003,-2.7232000827789307,7.062312602996826,-5.961452484130859,-1.0446134805679321,2.593266725540161,-2.982661247253418,0.6168725490570068,-3.3690099716186523,-3.843550443649292,5.550473690032959,3.2372076511383057,1.4514515399932861,0.7237387895584106,3.7793936729431152,-0.3488128185272217,-0.03559088706970215,-0.8277841806411743,1.7008155584335327,0.05840298905968666,-1.2694076299667358,2.042311191558838,-0.9179165959358215,0.8437079787254333,2.155351161956787,0.6942695379257202,1.2078157663345337,-1.5334831476211548,-0.45821142196655273,3.821000099182129,-0.26555806398391724,-0.24723105132579803,-0.5141950845718384,1.6484500169754028,-0.03827356547117233,-1.4146697521209717,2.5957255363464355,-0.966066300868988,0.7080211639404297,2.22900128364563,0.8326846957206726,0.9795284271240234,-1.5593088865280151,-0.23357972502708435,-0.11678668111562729,0.029072720557451248,-0.3027682900428772,0.7906514406204224,0.40457049012184143,-0.2512950301170349,0.4213641285896301,-1.150580644607544,-0.8379732370376587,-0.21078605949878693,1.9811766147613525,2.290790319442749,-2.452756404876709,-1.9375128746032715,-0.045155592262744904,0.31635183095932007,-0.3738771975040436,0.7648206353187561,0.4454430639743805,-0.18790744245052338,0.2869309186935425,-1.3117265701293945,-0.659221887588501,-0.35340794920921326,1.8707497119903564,2.409623384475708,-2.388934850692749,-2.168555736541748,-2.728205680847168,3.717639923095703,-4.305243015289307,-1.291360855102539,1.5593253374099731,-1.6861735582351685,-0.555407702922821,-1.7297792434692383,-2.8570544719696045,3.4767584800720215,2.1626458168029785,0.3027350902557373,1.7608754634857178,1.8519067764282227
2.222,-0.19260142743587494,0.6828766465187073,-0.05014197155833244,-0.4628293216228485,0.14231759309768677,-0.6902230978012085,-0.24204914271831512,-0.08097885549068451,-0.9668788313865662,0.0,0.0,0.0,0.20000000298023224,-0.06864207237958908,0.32879140973091125,-0.4049766957759857,0.7534357309341431,0.4562166929244995,-0.20897261798381805,0.28501489758491516,-1.335397481918335,-0.6997978687286377,-0.3015426993370056,1.8959009647369385,2.412465810775757,-2.4328558444976807,-2.1392202377319336,-1.7811568975448608,-1.1353014707565308,-1.3864655494689941,-0.8037510514259338,0.726367175579071,-1.658195972442627,-0.07902386784553528,-2.336625099182129,-2.0558102130889893,3.911025285720825,2.3116416931152344,0.051408782601356506,-5.90726900100708,3.1632769107818604,-0.26555806398391724,-0.24723105132579803,-0.5141950845718384,1.6484500169754028,-0.03827356547117233,-1.4146697521209717,2.5957255363464355,-0.966066300868988,0.7080211639404297,2.22900128364563,0.8326846957206726,0.9795284271240234,-1.5593088865280151,-0.23357972502708435,3.799999952316284,0.5902411341667175,-0.3031259775161743,-0.46137332916259766,1.4590480327606201,-0.12808704376220703,-0.8168444037437439,2.4338748455047607,-0.847281813621521,0.9923396706581116,1.5154309272766113,0.7296624183654785,1.0435035228729248,-1.7022757530212402,-0.3841530382633209,0.08916693925857544,-0.061245135962963104,-0.266727477312088,0.7600877285003662,0.37536346912384033,-0.12475861608982086,0.4701007902622223,-1.1361607313156128,-0.8067017197608948,-0.36233529448509216,2.0110039710998535,2.2442710399627686,-2.51289701461792,-1.9257447719573975,-0.07769092917442322,0.29137128591537476,-0.3983778655529022,0.7486725449562073,0.466264545917511,-0.22074849903583527,0.28339675068855286,-1.3513444662094116,-0.7268802523612976,-0.27264609932899475,1.9110989570617676,2.406395673751831,-2.462249994277954,-2.1119725704193115,-0.3020903468132019,-5.709814071655273,2.097266912460327,-0.22665676474571228,0.92698073387146,-0.874971866607666,-0.13947716355323792,-1.031877875328064,-2.688481092453003,2.3477704524993896,1.0216528177261353,-1.0904227495193481,-0.9872055053710938,2.3819899559020996
2.241,-0.19260142743587494,0.6828766465187073,-0.05014197155833244,-1.9865446090698242,0.2085331827402115,0.26757776737213135,-0.23834694921970367,-0.05588280037045479,-0.9695709347724915,0.0,0.0,0.0,0.20000000298023224,-0.06755825877189636,0.21530213952064514,-0.35950323939323425,0.7533128261566162,0.46703246235847473,-0.2073003053665161,0.29239410161972046,-1.3492708206176758,-0.7355597019195557,-0.29939791560173035,1.9250595569610596,2.3873450756073,-2.513430118560791,-2.0944409370422363,1.6402291059494019,-9.041875839233398,5.231738090515137,0.9838149547576904,0.35647860169410706,2.4144628047943115,1.4863407611846924,0.837000846862793,-1.3363324403762817,-3.9287781715393066,1.1966496706008911,-2.351445198059082,-4.731738090515137,1.485755443572998,0.5902411341667175,-0.3031259775161743,-0.46137332916259766,1.4590480327606201,-0.12808704376220703,-0.8168444037437439,2.4338748455047607,-0.847281813621521,0.9923396706581116,1.5154309272766113,0.7296624183654785,1.0435035228729248,-1.7022757530212402,-0.3841530382633209,3.7809998989105225,0.85353022813797,0.0997086688876152,-0.3232325315475464,1.1943740844726562,-0.47791588306427,-0.19436298310756683,1.9424216747283936,-0.7565099000930786,1.5723284482955933,0.5247048735618591,0.4178406298160553,1.1680793762207031,-1.6142020225524902,-0.7575777173042297,0.2579660415649414,-0.005695400759577751,-0.2141718715429306,0.6786373853683472,0.27330276370048523,0.09412994235754013,0.3716058135032654,-1.1062579154968262,-0.6460687518119812,-0.6857914328575134,1.9479621648788452,2.252155303955078,-2.520948886871338,-2.013216972351074,-0.06755825877189636,0.21530213952064514,-0.35950323939323425,0.7533128261566162,0.46703246235847473,-0.2073003053665161,0.29239410161972046,-1.3492708206176758,-0.7355597019195557,-0.29939791560173035,1.9250595569610596,2.3873450756073,-2.513430118560791,-2.0944409370422363,1.6402291059494019,-9.041875839233398,5.231738090515137,0.9838149547576904,0.35647860169410706,2.4144628047943115,1.4863407611846924,0.837000846862793,-1.3363324403762817,-3.9287781715393066,1.1966496706008911,-2.351445198059082,-4.731738090515137,1.485755443572998
2.26,-0.11235097795724869,0.6251640319824219,-0.005602154415100813,-2.951009511947632,-0.2402230203151703,-0.09002193808555603,-0.2378505915403366,-0.007296369876712561,-0.9712743759155273,0.0,0.0,0.0,0.20000000298023224,-0.024538492783904076,0.007255844306200743,-0.23896700143814087,0.7756249904632568,0.466238796710968,-0.1334799975156784,0.33670470118522644,-1.312798261642456,-0.7464894652366638,-0.4036974012851715,1.935523271560669,2.325967788696289,-2.520284414291382,-2.0832467079162598,2.9284472465515137,-9.434622764587402,7.272925853729248,1.7552441358566284,-1.5337539911270142,6.969291687011719,2.582928419113159,3.6037769317626953,2.756338119506836,-12.799537658691406,-0.2133268266916275,-4.293917179107666,0.8111998438835144,0.3032369911670685,0.85353022813797,0.0997086688876152,-0.3232325315475464,1.1943740844726562,-0.47791588306427,-0.19436298310756683,1.9424216747283936,-0.7565099000930786,1.5723284482955933,0.5247048735618591,0.4178406298160553,1.1680793762207031,-1.6142020225524902,-0.7575777173042297,3.760999917984009,0.6226478815078735,0.28540554642677307,-0.2530618906021118,1.197252869606018,-0.6321374773979187,-0.25836610794067383,1.3603395223617554,-0.825833261013031,1.7175549268722534,0.19322994351387024,0.2762542963027954,1.2233399152755737,-1.5853379964828491,-0.934185802936554,0.2846449911594391,0.06850368529558182,-0.17035141587257385,0.6386319398880005,0.1837170124053955,0.18757344782352448,0.17683780193328857,-1.1086373329162598,-0.5294456481933594,-0.9303882122039795,1.881044626235962,2.2699127197265625,-2.517758846282959,-2.101104974746704,-0.024538492783904076,0.007255844306200743,-0.23896700143814087,0.7756249904632568,0.466238796710968,-0.1334799975156784,0.33670470118522644,-1.312798261642456,-0.7464894652366638,-0.4036974012851715,1.935523271560669,2.325967788696289,-2.520284414291382,-2.0832467079162598,2.9284472465515137,-9.434622764587402,7.272925853729248,1.7552441358566284,-1.5337539911270142,6.969291687011719,2.582928419113159,3.6037769317626953,2.756338119506836,-12.799537658691406,-0.2133268266916275,-4.293917179107666,0.8111998438835144,0.3032369911670685
2.281,-0.11235097795724869,0.6251640319824219,-0.005602154415100813,-3.4485855102539062,-0.25425875186920166,-1.1102349758148193,-0.2457214593887329,0.05302271246910095,-0.9678892493247986,0.0,0.0,0.0,0.20000000298023224,0.05105908215045929,-0.10891767591238022,-0.10808230936527252,0.8077183961868286,0.42165279388427734,0.009002148173749447,0.38308972120285034,-1.2331597805023193,-0.651212751865387,-0.6435255408287048,1.933335304260254,2.2513179779052734,-2.503699779510498,-2.121992588043213,4.207128047943115,-2.098829746246338,5.940629005432129,0.5465984344482422,-2.9315755367279053,7.242501258850098,0.49099040031433105,4.058948040008545,6.573709487915039,-12.795701026916504,0.1995963603258133,-3.9145684242248535,1.3105543851852417,-1.0611191987991333,0.6226478815078735,0.28540554642677307,-0.2530618906021118,1.197252869606018,-0.6321374773979187,-0.25836610794067383,1.3603395223617554,-0.825833261013031,1.7175549268722534,0.19322994351387024,0.2762542963027954,1.2233399152755737,-1.5853379964828491,-0.934185802936554,3.740999937057495,0.43336600065231323,0.2138613909482956,-0.27925747632980347,1.1856411695480347,-0.40788084268569946,-0.18558211624622345,1.1578989028930664,-0.7887009382247925,1.755369782447815,0.26154157519340515,0.25188159942626953,1.3543885946273804,-1.5817973613739014,-1.0436148643493652,0.25066399574279785,0.08771719038486481,-0.1549900770187378,0.6157262325286865,0.19498829543590546,0.25249120593070984,0.02884364128112793,-1.1005438566207886,-0.4616803824901581,-1.0356087684631348,1.8414926528930664,2.311553478240967,-2.5152788162231445,-2.1724061965942383,0.1133936196565628,-0.10995621979236603,-0.05898403376340866,0.8159427046775818,0.3833547830581665,0.06813806295394897,0.3764159083366394,-1.201606273651123,-0.5962449312210083,-0.7451969981193542,1.9398014545440674,2.2142839431762695,-2.5013835430145264,-2.11956524848938,7.728401184082031,1.2334740161895752,3.5932235717773438,0.44006574153900146,-4.434510231018066,4.9236226081848145,-1.3312135934829712,2.6661689281463623,4.204972743988037,-8.298561096191406,0.7841062545776367,-3.2093615531921387,-0.38586172461509705,0.5026416182518005
2.301,-0.30200523138046265,0.49084028601646423,-0.13938435912132263,-1.502622127532959,0.5931832790374756,-1.895550012588501,-0.24330531060695648,0.09608536213636398,-0.9651787877082825,0.0,0.0,0.0,0.20000000298023224,0.19081610441207886,-0.08893732726573944,-0.04159150645136833,0.8040927648544312,0.334160715341568,0.11980585753917694,0.3523193895816803,-1.1726692914962769,-0.5462357401847839,-0.8420099020004272,1.9424612522125244,2.2042438983917236,-2.497659921646118,-2.170912742614746,7.200770854949951,2.5107007026672363,0.2093546986579895,-3.4819068908691406,-4.908333778381348,4.96799898147583,-3.7931313514709473,3.0403764247894287,4.468482494354248,-9.270248413085938,0.011146151460707188,-0.4974195659160614,0.8415459990501404,-5.230705738067627,0.43336600065231323,0.2138613909482956,-0.27925747632980347,1.1856411695480347,-0.40788084268569946,-0.18558211624622345,1.1578989028930664,-0.7887009382247925,1.755369782447815,0.26154157519340515,0.25188159942626953,1.3543885946273804,-1.5817973613739014,-1.0436148643493652,3.7209999561309814,0.12728793919086456,0.37561726570129395,-0.6677878499031067,1.0841217041015625,-0.0610046423971653,-0.6706156730651855,1.1402448415756226,-0.19457387924194336,1.628546118736267,1.0940276384353638,0.2685592770576477,1.5411134958267212,-1.5113040208816528,-1.1947386264801025,0.15715397894382477,0.1377629041671753,-0.24444200098514557,0.5788935422897339,0.28734299540519714,0.1636916846036911,-0.049566954374313354,-0.9479653835296631,-0.4595036506652832,-0.880097508430481,1.8258861303329468,2.3790550231933594,-2.496415376663208,-2.245837688446045,0.19081610441207886,-0.08893732726573944,-0.04159150645136833,0.8040927648544312,0.334160715341568,0.11980585753917694,0.3523193895816803,-1.1726692914962769,-0.5462357401847839,-0.8420099020004272,1.9424612522125244,2.2042438983917236,-2.497659921646118,-2.170912742614746,7.200770854949951,2.5107007026672363,0.2093546986579895,-3.4819068908691406,-4.908333778381348,4.96799898147583,-3.7931313514709473,3.0403764247894287,4.468482494354248,-9.270248413085938,0.011146151460707188,-0.4974195659160614,0.8415459990501404,-5.230705738067627
2.322,-0.30200523138046265,0.49084028601646423,-0.13938435912132263,1.3172059059143066,0.4230997562408447,-2.6532750129699707,-0.23600193858146667,0.07778327912092209,-0.9686345458030701,0.0,0.0,0.0,0.20000000298023224,0.2771945893764496,-0.02956508845090866,-0.12016914039850235,0.6483643054962158,0.25897330045700073,0.17756804823875427,0.24574019014835358,-1.1203960180282593,-0.5016487836837769,-0.9078783988952637,1.924925446510315,2.2312066555023193,-2.4837327003479004,-2.2461624145507812,0.39625877141952515,3.452596426010132,-7.76189661026001,-11.596882820129395,-1.9264808893203735,1.0027482509613037,-6.326813697814941,3.5964972972869873,0.9436015486717224,1.7001261711120605,-1.8573273420333862,2.763046979904175,1.2745308876037598,-5.281109809875488,0.12728793919086456,0.37561726570129395,-0.6677878499031067,1.0841217041015625,-0.0610046423971653,-0.6706156730651855,1.1402448415756226,-0.19457387924194336,1.628546118736267,1.0940276384353638,0.2685592770576477,1.5411134958267212,-1.5113040208816528,-1.1947386264801025,3.7009999752044678,-0.4542359709739685,0.28286683559417725,-0.8132977485656738,1.2838821411132812,0.0023594237864017487,-1.3855746984481812,1.317175030708313,-0.2944789230823517,1.214442491531372,1.4950759410858154,0.5685349106788635,1.1916234493255615,-1.4280098676681519,-0.9157706499099731,-0.03498200327157974,0.13959816098213196,-0.32554543018341064,0.6104173064231873,0.3493613600730896,-0.05944783240556717,-0.04453970491886139,-0.8966524004936218,-0.5619412064552307,-0.7020797729492188,1.893076777458191,2.3254332542419434,-2.466160297393799,-2.2128114700317383,0.2685915529727936,0.015364257618784904,-0.19525788724422455,0.5341230034828186,0.24762867391109467,0.18703176081180573,0.18076066672801971,-1.0855786800384521,-0.49237409234046936,-0.8940615653991699,1.9065515995025635,2.26227068901062,-2.4715020656585693,-2.262256622314453,-1.3983399868011475,5.57562255859375,-4.4748382568359375,-10.223552703857422,-0.7023900151252747,1.0251895189285278,-5.206570625305176,3.417548179626465,1.0174498558044434,1.0834507942199707,0.256691038608551,3.6820566654205322,10.211665153503418,0.12105030566453934
2.34,-0.4241161048412323,0.43929028511047363,-0.3825235366821289,1.5967434644699097,0.5546799898147583,-2.2774930000305176,-0.23093299567699432,0.04224487394094467,-0.9720520973205566,0.0,0.0,0.0,0.20000000298023224,0.24085699021816254,0.07515586912631989,-0.24378210306167603,0.4471879303455353,0.2542005479335785,0.17915254831314087,0.14732302725315094,-1.0488417148590088,-0.5150660872459412,-0.844925582408905,1.9394752979278564,2.2894389629364014,-2.4308409690856934,-2.2336578369140625,-4.936007499694824,5.774253845214844,-5.634657382965088,-5.767623424530029,1.2739826440811157,-2.7591569423675537,-3.4763741493225098,2.8338494300842285,-3.0418951511383057,8.305208206176758,3.5254859924316406,4.086207389831543,0.9311801195144653,1.1898900270462036,-0.4542359709739685,0.28286683559417725,-0.8132977485656738,1.2838821411132812,0.0023594237864017487,-1.3855746984481812,1.317175030708313,-0.2944789230823517,1.214442491531372,1.4950759410858154,0.5685349106788635,1.1916234493255615,-1.4280098676681519,-0.9157706499099731,3.680999994277954,-0.7069903612136841,0.03003615140914917,-0.6976465582847595,1.4792078733444214,0.023419123142957687,-1.6906166076660156,1.9799580574035645,-0.8138434886932373,0.9656100869178772,2.122122287750244,0.7198821306228638,1.046423077583313,-1.4058339595794678,-0.6266034245491028,-0.1942385882139206,0.07730811834335327,-0.3371843695640564,0.675010621547699,0.38563546538352966,-0.24727806448936462,0.12366967648267746,-1.0008370876312256,-0.675368070602417,-0.45630931854248047,1.9645090103149414,2.262322425842285,-2.445488691329956,-2.124006748199463,0.24085699021816254,0.07515586912631989,-0.24378210306167603,0.4471879303455353,0.2542005479335785,0.17915254831314087,0.14732302725315094,-1.0488417148590088,-0.5150660872459412,-0.844925582408905,1.9394752979278564,2.2894389629364014,-2.4308409690856934,-2.2336578369140625,-4.936007499694824,5.774253845214844,-5.634657382965088,-5.767623424530029,1.2739826440811157,-2.7591569423675537,-3.4763741493225098,2.8338494300842285,-3.0418951511383057,8.305208206176758,3.5254859924316406,4.086207389831543,0.9311801195144653,1.1898900270462036
2.362,-0.4241161048412323,0.43929028511047363,-0.3825235366821289,0.9216592907905579,0.7565643787384033,-1.7406864166259766,-0.2202603816986084,-0.0033494664821773767,-0.9754353761672974,0.0,0.0,0.0,0.20000000298023224,0.05205174908041954,0.1640274077653885,-0.34432175755500793,0.37947165966033936,0.29520365595817566,0.07555960863828659,0.08995725214481354,-1.0307393074035645,-0.5930638313293457,-0.6572167277336121,1.9733182191848755,2.3213744163513184,-2.4402432441711426,-2.2352142333984375,-13.540324211120605,2.496772527694702,-4.607030391693115,-2.925994396209717,2.3340260982513428,-7.405461311340332,-1.7947379350662231,-1.8319203853607178,-3.9668259620666504,10.708711624145508,0.28780120611190796,-0.6798561811447144,-1.7676727771759033,-0.3798918128013611,-0.7069903612136841,0.03003615140914917,-0.6976465582847595,1.4792078733444214,0.023419123142957687,-1.6906166076660156,1.9799580574035645,-0.8138434886932373,0.9656100869178772,2.122122287750244,0.7198821306228638,1.046423077583313,-1.4058339595794678,-0.6266034245491028,3.6589999198913574,0.0646354928612709,-0.48478060960769653,-0.640324056148529,1.654158115386963,-0.1666903793811798,-0.8121377825737,2.0726563930511475,-0.7146721482276917,1.073599934577942,1.6600680351257324,1.0797725915908813,0.7354816794395447,-1.8669558763504028,-0.4759298264980316,-0.08096042275428772,-0.0825410932302475,-0.32867318391799927,0.7510448694229126,0.35624516010284424,-0.12157347798347473,0.23094895482063293,-1.0281364917755127,-0.7050840854644775,-0.44893765449523926,2.0901975631713867,2.153031587600708,-2.5504331588745117,-2.041935920715332,-0.027433253824710846,0.19097214937210083,-0.37130969762802124,0.3620630204677582,0.3098430335521698,0.00016977183986455202,0.07650601118803024,-1.0508216619491577,-0.6356692314147949,-0.5762487053871155,1.9698954820632935,2.3122096061706543,-2.446143865585327,-2.2333271503448486,0.6866798996925354,2.9758689403533936,-1.5678468942642212,-0.7424622178077698,0.6880732774734497,-7.599244117736816,-0.7917489409446716,-2.0988216400146484,-2.8083088397979736,6.158371448516846,-0.5906962752342224,-1.2582955360412598,0.21310611069202423,0.5239837765693665
2.3810000000000002,-0.31731554865837097,0.3414789140224457,-0.7845180034637451,-0.6968561410903931,0.4167025685310364,-0.533517599105835,-0.20676900446414948,-0.005425094626843929,-0.978374719619751,0.0,0.0,0.0,0.20000000298023224,-0.012384423054754734,0.2102154940366745,-0.37796705961227417,0.3622404634952545,0.32134026288986206,-0.06528617441654205,0.07980818301439285,-1.0774855613708496,-0.6710127592086792,-0.5320823192596436,1.9726402759552002,2.3038017749786377,-2.501332998275757,-2.214611768722534,1.7503458261489868,0.32019445300102234,-0.061488695442676544,0.6400272250175476,1.3154277801513672,-5.126097679138184,1.3081969022750854,-3.1651017665863037,-3.4242987632751465,2.832909107208252,1.453389286994934,-0.3087766468524933,-10.811310768127441,2.9307477474212646,0.0646354928612709,-0.48478060960769653,-0.640324056148529,1.654158115386963,-0.1666903793811798,-0.8121377825737,2.0726563930511475,-0.7146721482276917,1.073599934577942,1.6600680351257324,1.0797725915908813,0.7354816794395447,-1.8669558763504028,-0.4759298264980316,3.6410000324249268,0.39590024948120117,-0.45047613978385925,-0.13975858688354492,1.172819972038269,-0.1848457306623459,-0.5553333759307861,2.2561352252960205,-0.692085325717926,1.5460400581359863,1.557375192642212,0.6631682515144348,0.4284714162349701,-1.664376139640808,-0.2887601852416992,0.05849485099315643,-0.15388958156108856,-0.19927623867988586,0.6687273979187012,0.3370111584663391,0.005479916930198669,0.33045828342437744,-1.0361394882202148,-0.6018320322036743,-0.4709250330924988,2.0488908290863037,2.0216336250305176,-2.552260637283325,-1.9541079998016357,0.004564784932881594,0.18810062110424042,-0.36781349778175354,0.3731846511363983,0.3318290114402771,-0.10373761504888535,0.0931304544210434,-1.1040982007980347,-0.7006821632385254,-0.5113611221313477,1.9886391162872314,2.302330732345581,-2.5633413791656494,-2.188481330871582,1.6570367813110352,-4.164251804351807,1.810455083847046,1.441809058189392,0.8372905850410461,-2.903114080429077,1.381702184677124,-2.1598598957061768,-2.601567268371582,1.7145826816558838,1.6668745279312134,-0.08358665555715561,-2.4306747913360596,2.2242720127105713
2.4,-0.31731554865837097,0.3414789140224457,-0.7845180034637451,-2.617077350616455,-0.2234659194946289,0.3949907720088959,-0.20508180558681488,0.0249479953199625,-0.9784268140792847,0.0,0.0,0.0,0.20000000298023224,0.025643639266490936,0.1300419121980667,-0.3294839859008789,0.3952307105064392,0.3306753635406494,-0.11167397350072861,0.11842045187950134,-1.1209346055984497,-0.7069148421287537,-0.5196762681007385,1.9909826517105103,2.301290512084961,-2.565171480178833,-2.166088819503784,2.695223808288574,-6.864325523376465,5.889726161956787,3.0028297901153564,-0.49303239583969116,0.4769194424152374,3.5365638732910156,-1.3347465991973877,0.29546603560447693,-0.29879650473594666,-0.9087287783622742,-0.18464244902133942,0.6221731305122375,2.4092280864715576,0.39590024948120117,-0.45047613978385925,-0.13975858688354492,1.172819972038269,-0.1848457306623459,-0.5553333759307861,2.2561352252960205,-0.692085325717926,1.5460400581359863,1.557375192642212,0.6631682515144348,0.4284714162349701,-1.664376139640808,-0.2887601852416992,3.621000051498413,0.6175926327705383,0.020852306857705116,0.13513943552970886,0.9457452297210693,-0.4524005949497223,-0.1517232358455658,1.862999439239502,-0.5959373116493225,1.9356732368469238,0.8064355850219727,0.32891857624053955,0.5495824813842773,-1.3349761962890625,-0.5101215839385986,0.1836455762386322,-0.07173171639442444,-0.06585326045751572,0.5708000063896179,0.26050543785095215,0.16990914940834045,0.28192901611328125,-1.016103982925415,-0.45279771089553833,-0.6696536540985107,1.944675087928772,1.9862124919891357,-2.4708242416381836,-1.9655344486236572,0.025643639266490936,0.1300419121980667,-0.3294839859008789,0.3952307105064392,0.3306753635406494,-0.11167397350072861,0.11842045187950134,-1.1209346055984497,-0.7069148421287537,-0.5196762681007385,1.9909826517105103,2.301290512084961,-2.565171480178833,-2.166088819503784,2.695223808288574,-6.864325523376465,5.889726161956787,3.0028297901153564,-0.49303239583969116,0.4769194424152374,3.5365638732910156,-1.3347465991973877,0.29546603560447693,-0.29879650473594666,-0.9087287783622742,-0.18464244902133942,0.6221731305122375,2.4092280864715576
2.421,-0.24354934692382812,0.3498145341873169,-0.36958256363868713,-4.5367021560668945,-0.8200916647911072,0.054088838398456573,-0.21702054142951965,0.09832847118377686,-0.9712021350860596,0.0,0.0,0.0,0.20000000298023224,0.10403324663639069,-0.017774313688278198,-0.14911912381649017,0.479027658700943,0.31301018595695496,-0.04418820142745972,0.1928960531949997,-1.1168714761734009,-0.6761986017227173,-0.5686711072921753,1.9604076147079468,2.274627208709717,-2.479734420776367,-2.1216695308685303,5.343072414398193,-5.834287643432617,12.082636833190918,5.270974636077881,-2.267861843109131,5.992647171020508,3.6642813682556152,1.7557144165039062,4.789341449737549,-5.387609958648682,-2.351414680480957,-2.8111414909362793,5.531919956207275,2.298704147338867,0.6175926327705383,0.020852306857705116,0.13513943552970886,0.9457452297210693,-0.4524005949497223,-0.1517232358455658,1.862999439239502,-0.5959373116493225,1.9356732368469238,0.8064355850219727,0.32891857624053955,0.5495824813842773,-1.3349761962890625,-0.5101215839385986,3.6010000705718994,0.4109002947807312,0.1341332048177719,-0.05336727946996689,0.9578412771224976,-0.42599087953567505,-0.15507489442825317,1.3083206415176392,-0.613016664981842,1.8708508014678955,0.41457390785217285,-0.037265315651893616,0.8957362174987793,-1.215907096862793,-0.6280349493026733,0.1945478618144989,-0.0023325569927692413,-0.04626844823360443,0.5248603224754333,0.22885499894618988,0.2512858510017395,0.11899468302726746,-1.0103561878204346,-0.3944861590862274,-0.8669833540916443,1.8010212182998657,2.0550403594970703,-2.400338888168335,-2.0007259845733643,0.16134332120418549,-0.06878070533275604,-0.03569575026631355,0.5316984057426453,0.28904855251312256,0.01345626451075077,0.23100441694259644,-1.1005935668945312,-0.6244173645973206,-0.6076133251190186,1.9442273378372192,2.242858409881592,-2.461862802505493,-2.092697858810425,5.953060626983643,-4.681614875793457,10.274507522583008,5.155848503112793,-2.7015926837921143,5.3804144859313965,3.6525211334228516,1.4840458631515503,5.608567714691162,-2.9186229705810547,-0.9264633655548096,-3.6466176509857178,-0.20710128545761108,3.3872029781341553
2.44,-0.24354934692382812,0.3498145341873169,-0.36958256363868713,-3.021970748901367,0.11689914762973785,-0.5042408108711243,-0.22389782965183258,0.17512552440166473,-0.9587495923042297,0.0,0.0,0.0,0.20000000298023224,0.21771475672721863,-0.11037861555814743,0.052340343594551086,0.5766390562057495,0.252514511346817,0.0770815834403038,0.2557153105735779,-1.0842781066894531,-0.553450882434845,-0.674079954624176,1.9275214672088623,2.2018773555755615,-2.405951738357544,-2.060716152191162,4.973875999450684,-3.838031053543091,7.035883903503418,3.916163206100464,-3.5814261436462402,6.72910737991333,1.5811289548873901,1.4175430536270142,6.672877311706543,-8.612710952758789,-1.9661675691604614,-4.392767906188965,6.3916521072387695,3.521894931793213,0.4109002947807312,0.1341332048177719,-0.05336727946996689,0.9578412771224976,-0.42599087953567505,-0.15507489442825317,1.3083206415176392,-0.613016664981842,1.8708508014678955,0.41457390785217285,-0.037265315651893616,0.8957362174987793,-1.215907096862793,-0.6280349493026733,3.5810000896453857,0.30116304755210876,0.36739981174468994,-0.19706450402736664,1.0669482946395874,-0.3486257791519165,-0.2520020008087158,1.0397289991378784,-0.4871726632118225,1.9886449575424194,0.5938666462898254,0.027871472761034966,1.0034034252166748,-1.3485016822814941,-0.8396257758140564,0.17256468534469604,0.09068367630243301,-0.07240034639835358,0.5291672348976135,0.23237106204032898,0.26774242520332336,-0.029620394110679626,-0.9760212302207947,-0.3358818292617798,-0.9208250045776367,1.7454783916473389,2.1163711547851562,-2.398244857788086,-2.0712194442749023,0.21771475672721863,-0.11037861555814743,0.052340343594551086,0.5766390562057495,0.252514511346817,0.0770815834403038,0.2557153105735779,-1.0842781066894531,-0.553450882434845,-0.674079954624176,1.9275214672088623,2.2018773555755615,-2.405951738357544,-2.060716152191162,4.973875999450684,-3.838031053543091,7.035883903503418,3.916163206100464,-3.5814261436462402,6.72910737991333,1.5811289548873901,1.4175430536270142,6.672877311706543,-8.612710952758789,-1.9661675691604614,-4.392767906188965,6.3916521072387695,3.521894931793213
2.46,-0.2773151099681854,0.302866131067276,-0.276527464389801,-0.7229166030883789,0.7013465166091919,-1.1423143148422241,-0.21726547181606293,0.19866321980953217,-0.9556822776794434,0.0,0.0,0.0,0.20000000298023224,0.2629811763763428,-0.1722208559513092,0.07095333188772202,0.6158837676048279,0.20288033783435822,0.18847131729125977,0.262307345867157,-1.0532636642456055,-0.45125865936279297,-0.8101832270622253,1.8973907232284546,2.1314072608947754,-2.3780674934387207,-2.0683109760284424,0.37006694078445435,-1.091113805770874,-3.317270040512085,-0.44819602370262146,-1.5989112854003906,4.7083420753479,-1.607958197593689,2.5746734142303467,4.575173854827881,-5.153080463409424,-1.561545968055725,-3.114504337310791,0.39717307686805725,-4.279219150543213,0.30116304755210876,0.36739981174468994,-0.19706450402736664,1.0669482946395874,-0.3486257791519165,-0.2520020008087158,1.0397289991378784,-0.4871726632118225,1.9886449575424194,0.5938666462898254,0.027871472761034966,1.0034034252166748,-1.3485016822814941,-0.8396257758140564,3.561000108718872,0.42441511154174805,0.5845784544944763,-0.45160412788391113,1.0070527791976929,-0.1268693208694458,-0.5875489711761475,0.9968342185020447,-0.46918582916259766,1.9043580293655396,1.059722661972046,0.21355010569095612,1.4361363649368286,-1.4928983449935913,-1.1254689693450928,0.19238612055778503,0.1914864480495453,-0.14910119771957397,0.51634681224823,0.2895681858062744,0.19208396971225739,-0.1146516278386116,-0.9543570280075073,-0.32765141129493713,-0.831281840801239,1.7641267776489258,2.2552196979522705,-2.4332971572875977,-2.177927017211914,0.2629811763763428,-0.1722208559513092,0.07095333188772202,0.6158837676048279,0.20288033783435822,0.18847131729125977,0.262307345867157,-1.0532636642456055,-0.45125865936279297,-0.8101832270622253,1.8973907232284546,2.1314072608947754,-2.3780674934387207,-2.0683109760284424,0.37006694078445435,-1.091113805770874,-3.317270040512085,-0.44819602370262146,-1.5989112854003906,4.7083420753479,-1.607958197593689,2.5746734142303467,4.575173854827881,-5.153080463409424,-1.561545968055725,-3.114504337310791,0.39717307686805725,-4.279219150543213
2.48,-0.2773151099681854,0.302866131067276,-0.276527464389801,-0.8844944834709167,0.6527243852615356,-2.0459179878234863,-0.21126006543636322,0.20535914599895477,-0.9556133151054382,0.0,0.0,0.0,0.20000000298023224,0.2552756667137146,-0.10835671424865723,-0.031111236661672592,0.5832115411758423,0.1962539255619049,0.24347341060638428,0.1916528195142746,-1.0078105926513672,-0.39087092876434326,-0.8370341658592224,1.873637080192566,2.1115853786468506,-2.411043643951416,-2.1607108116149902,-0.6074119806289673,7.538732528686523,-6.462946891784668,-1.9839016199111938,1.1909254789352417,0.872090756893158,-5.258515357971191,1.8640137910842896,2.045039176940918,1.413802146911621,-0.4319075047969818,2.5374412536621094,-3.016645908355713,-7.872672080993652,0.42441511154174805,0.5845784544944763,-0.45160412788391113,1.0070527791976929,-0.1268693208694458,-0.5875489711761475,0.9968342185020447,-0.46918582916259766,1.9043580293655396,1.059722661972046,0.21355010569095612,1.4361363649368286,-1.4928983449935913,-1.1254689693450928,3.5409998893737793,-0.3212342858314514,0.08751768618822098,-0.6620986461639404,1.441992163658142,0.08759674429893494,-1.1351615190505981,1.4714568853378296,-0.4745892882347107,1.4522318840026855,1.5532728433609009,0.27455413341522217,1.3153307437896729,-1.438430666923523,-0.8899967074394226,0.015884488821029663,0.11762264370918274,-0.2400752604007721,0.6186714172363281,0.3717832863330841,0.017351604998111725,-0.03851157799363136,-0.9448758363723755,-0.4365677237510681,-0.6631227135658264,1.7887018918991089,2.294442653656006,-2.437206268310547,-2.172412633895874,0.2552756667137146,-0.10835671424865723,-0.031111236661672592,0.5832115411758423,0.1962539255619049,0.24347341060638428,0.1916528195142746,-1.0078105926513672,-0.39087092876434326,-0.8370341658592224,1.873637080192566,2.1115853786468506,-2.411043643951416,-2.1607108116149902,-0.6074119806289673,7.538732528686523,-6.462946891784668,-1.9839016199111938,1.1909254789352417,0.872090756893158,-5.258515357971191,1.8640137910842896,2.045039176940918,1.413802146911621,-0.4319075047969818,2.5374412536621094,-3.016645908355713,-7.872672080993652
2.5,-0.3874995708465576,0.28286853432655334,-0.4900960326194763,2.227370023727417,0.8944355845451355,-2.271465539932251,-0.20736828446388245,0.18810449540615082,-0.9600078463554382,0.0,0.0,0.0,0.20000000298023224,0.23099297285079956,0.08913744986057281,-0.11021967232227325,0.5398752093315125,0.24391666054725647,0.22928041219711304,0.115360327064991,-0.9951192736625671,-0.40240728855133057,-0.773717999458313,1.8957180976867676,2.1923186779022217,-2.400545597076416,-2.185873031616211,-4.201208114624023,8.045726776123047,-6.3836798667907715,-3.105966806411743,3.382854461669922,-3.252087116241455,-1.8188743591308594,-0.4689960181713104,-2.8701114654541016,6.689342021942139,1.4778056144714355,5.904548645019531,-2.8009884357452393,1.615701675415039,-0.3212342858314514,0.08751768618822098,-0.6620986461639404,1.441992163658142,0.08759674429893494,-1.1351615190505981,1.4714568853378296,-0.4745892882347107,1.4522318840026855,1.5532728433609009,0.27455413341522217,1.3153307437896729,-1.438430666923523,-0.8899967074394226,3.5209999084472656,-0.8848997950553894,-0.04793069139122963,-0.7286685109138489,1.538049578666687,-0.04248923435807228,-1.7987754344940186,1.9432131052017212,-0.6300897598266602,0.9498928189277649,2.251960039138794,0.5219159722328186,1.0642280578613281,-1.297561526298523,-0.46980541944503784,-0.21328270435333252,0.04682864993810654,-0.30220475792884827,0.6938481330871582,0.3803693354129791,-0.2359180599451065,0.1174975037574768,-0.9790103435516357,-0.6166106462478638,-0.40437135100364685,1.8628299236297607,2.2512784004211426,-2.4039435386657715,-2.064607620239258,0.23099297285079956,0.08913744986057281,-0.11021967232227325,0.5398752093315125,0.24391666054725647,0.22928041219711304,0.115360327064991,-0.9951192736625671,-0.40240728855133057,-0.773717999458313,1.8957180976867676,2.1923186779022217,-2.400545597076416,-2.185873031616211,-4.201208114624023,8.045726776123047,-6.3836798667907715,-3.105966806411743,3.382854461669922,-3.252087116241455,-1.8188743591308594,-0.4689960181713104,-2.8701114654541016,6.689342021942139,1.4778056144714355,5.904548645019531,-2.8009884357452393,1.615701675415039
2.521,-0.3874995708465576,0.28286853432655334,-0.4900960326194763,4.878245830535889,1.1935640573501587,-1.865692377090454,-0.19249868392944336,0.1002342700958252,-0.9761646389961243,0.0,0.0,0.0,0.20000000298023224,0.09243254363536835,0.17599263787269592,-0.265102356672287,0.4787009060382843,0.30363181233406067,0.11798233538866043,0.07966472208499908,-1.012394905090332,-0.4907800853252411,-0.61137455701828,1.8893272876739502,2.2784814834594727,-2.3996806144714355,-2.0787603855133057,-10.199844360351562,0.13952574133872986,-9.95271110534668,-1.7136712074279785,2.6714718341827393,-8.438305854797363,-1.4394588470458984,-1.3955579996109009,-6.43873929977417,11.058582305908203,-1.200088381767273,3.807774066925049,-0.34295815229415894,6.073203086853027,-0.8848997950553894,-0.04793069139122963,-0.7286685109138489,1.538049578666687,-0.04248923435807228,-1.7987754344940186,1.9432131052017212,-0.6300897598266602,0.9498928189277649,2.251960039138794,0.5219159722328186,1.0642280578613281,-1.297561526298523,-0.46980541944503784,3.5,-0.5676538348197937,-0.15393754839897156,-0.9385272264480591,1.668631911277771,-0.15037834644317627,-1.679276704788208,2.02960205078125,-0.7173894643783569,0.8314304947853088,2.1954593658447266,0.9311426281929016,0.7588837742805481,-1.5809457302093506,-0.25139081478118896,-0.24855481088161469,-0.015070062130689621,-0.3857342004776001,0.7640820741653442,0.35769009590148926,-0.3326781988143921,0.21709927916526794,-1.0179024934768677,-0.736247718334198,-0.2891208529472351,2.0022006034851074,2.15336012840271,-2.458158254623413,-1.9561015367507935,-0.00355558842420578,0.16616348922252655,-0.3508759140968323,0.4846022427082062,0.32042187452316284,0.033166613429784775,0.06488925963640213,-1.0165060758590698,-0.5438131093978882,-0.5284289717674255,1.8717402219772339,2.310302734375,-2.4038655757904053,-2.054199457168579,-8.509583473205566,-1.5830470323562622,-6.983673095703125,2.6252596378326416,0.9578275680541992,-8.382177352905273,-1.5109196901321411,0.34928613901138306,-4.4708709716796875,6.3033905029296875,-2.1010217666625977,2.3297650814056396,-0.40173766016960144,0.6600831747055054
2.541,-0.41339462995529175,0.16455122828483582,-0.8331038355827332,4.091589450836182,0.9968836903572083,-0.7343389987945557,-0.17146557569503784,0.0073508271016180515,-0.9851626753807068,0.0,0.0,0.0,0.20000000298023224,-0.0839606299996376,0.13835088908672333,-0.4142804741859436,0.5291815400123596,0.326459676027298,-0.056946270167827606,0.05447401851415634,-1.0173853635787964,-0.5991458892822266,-0.45391151309013367,1.8610305786132812,2.309786558151245,-2.447706699371338,-1.98915696144104,-8.675676345825195,-3.945267677307129,-6.385364532470703,5.981068134307861,0.4663908779621124,-9.435186386108398,-0.5856810212135315,-0.516239583492279,-6.48943567276001,8.110871315002441,0.47498658299446106,-1.8198777437210083,-7.179600715637207,10.651641845703125,-0.5676538348197937,-0.15393754839897156,-0.9385272264480591,1.668631911277771,-0.15037834644317627,-1.679276704788208,2.02960205078125,-0.7173894643783569,0.8314304947853088,2.1954593658447266,0.9311426281929016,0.7588837742805481,-1.5809457302093506,-0.25139081478118896,3.4809999465942383,-0.1374771147966385,-0.27763813734054565,-1.3752163648605347,1.2064510583877563,-0.06153321638703346,-1.255314588546753,2.146442174911499,-0.6596408486366272,0.8884627223014832,2.1950488090515137,0.9400080442428589,0.2579558789730072,-1.8248484134674072,-0.04933241754770279,-0.15864668786525726,-0.07694456726312637,-0.5366711616516113,0.6836538314819336,0.3685617446899414,-0.2750677466392517,0.29611021280288696,-1.0229114294052124,-0.7818081378936768,-0.23159822821617126,2.0741024017333984,1.9791690111160278,-2.546241283416748,-1.8513338565826416,-0.15948915481567383,0.09236273914575577,-0.4619171619415283,0.5971429347991943,0.3274916410446167,-0.1427919864654541,0.051700659096241,-1.0047441720962524,-0.6545965671539307,-0.39517343044281006,1.870849370956421,2.291422128677368,-2.479809284210205,-1.964040756225586,-6.6849589347839355,-5.101771831512451,-3.7970917224884033,2.1401448249816895,0.039254579693078995,-7.788686275482178,0.3660232424736023,4.7272562980651855,-4.71082878112793,4.46427583694458,1.204453706741333,-0.572290301322937,-0.7111861109733582,-10.924357414245605
2.56,-0.41339462995529175,0.16455122828483582,-0.8331038355827332,1.4875833988189697,0.7848127484321594,-0.5100711584091187,-0.15607956051826477,-0.053052883595228195,-0.9863187074661255,0.0,0.0,0.0,0.20000000298023224,-0.2032093107700348,0.041826438158750534,-0.4981955885887146,0.5849881172180176,0.332437664270401,-0.21355077624320984,0.06930515170097351,-0.9731953144073486,-0.7116156220436096,-0.34857845306396484,1.8960624933242798,2.2843360900878906,-2.526186943054199,-2.042348861694336,-2.26495623588562,-5.034936904907227,-4.119965076446533,-1.6365844011306763,0.5552077293395996,-6.221241474151611,3.0587120056152344,0.5628337264060974,-4.413406848907471,4.808062553405762,3.7616865634918213,-0.41444122791290283,-8.507733345031738,-3.882329225540161,-0.1374771147966385,-0.27763813734054565,-1.3752163648605347,1.2064510583877563,-0.06153321638703346,-1.255314588546753,2.146442174911499,-0.6596408486366272,0.8884627223014832,2.1950488090515137,0.9400080442428589,0.2579558789730072,-1.8248484134674072,-0.04933241754770279,3.4609999656677246,0.3638377785682678,-0.3181130886077881,-0.5005003213882446,0.9044353365898132,0.07734991610050201,-0.8673588633537292,2.2096359729766846,-0.6979946494102478,1.210905909538269,1.9398314952850342,0.9013684391975403,0.20845520496368408,-1.8490238189697266,-0.18434295058250427,0.011636100709438324,-0.11800055205821991,-0.3934606611728668,0.5679357647895813,0.4087183475494385,-0.1492735892534256,0.35141411423683167,-1.0350043773651123,-0.7239775657653809,-0.2666412591934204,2.100393295288086,1.8796982765197754,-2.5963265895843506,-1.83270263671875,-0.2032093107700348,0.041826438158750534,-0.4981955885887146,0.5849881172180176,0.332437664270401,-0.21355077624320984,0.06930515170097351,-0.9731953144073486,-0.7116156220436096,-0.34857845306396484,1.8960624933242798,2.2843360900878906,-2.526186943054199,-2.042348861694336,-2.26495623588562,-5.034936904907227,-4.119965076446533,-1.6365844011306763,0.5552077293395996,-6.221241474151611,3.0587120056152344,0.5628337264060974,-4.413406848907471,4.808062553405762,3.7616865634918213,-0.41444122791290283,-8.507733345031738,-3.882329225540161
2.581,-0.21724851429462433,0.23057538270950317,-0.5391504168510437,-2.467068910598755,0.29601365327835083,0.15542243421077728,-0.14566119015216827,-0.043131522834300995,-0.9883939027786255,0.0,0.0,0.0,0.20000000298023224,-0.19347843527793884,-0.034441009163856506,-0.5360304713249207,0.5879514217376709,0.35780683159828186,-0.27381718158721924,0.1599149852991104,-1.0094056129455566,-0.7943611145019531,-0.3206579089164734,1.9678573608398438,2.277097225189209,-2.5925943851470947,-2.0199759006500244,2.538473606109619,-2.214937448501587,2.2540030479431152,2.233750104904175,1.274321436882019,0.4187191426753998,5.810701847076416,-2.098733425140381,-3.661902666091919,-0.7200847864151001,3.2437126636505127,-1.429787516593933,-3.0262362957000732,4.226396560668945,0.3638377785682678,-0.3181130886077881,-0.5005003213882446,0.9044353365898132,0.07734991610050201,-0.8673588633537292,2.2096359729766846,-0.6979946494102478,1.210905909538269,1.9398314952850342,0.9013684391975403,0.20845520496368408,-1.8490238189697266,-0.18434295058250427,3.440999984741211,0.46123212575912476,-0.04327007383108139,-0.2412009984254837,0.8681665062904358,-0.40294721722602844,-0.47035127878189087,1.7654260396957397,-0.4991825222969055,1.5772465467453003,1.1137380599975586,0.7321925163269043,0.7444970607757568,-1.626132845878601,-0.5217270851135254,0.12112608551979065,-0.06981779634952545,-0.25703057646751404,0.5010095238685608,0.3087223768234253,0.012875385582447052,0.268013596534729,-0.9913477897644043,-0.6034771203994751,-0.4906861186027527,2.071244716644287,1.9639734029769897,-2.5656466484069824,-1.9077330827713013,-0.1580689400434494,-0.047492239624261856,-0.4862517714500427,0.6203203201293945,0.3685046434402466,-0.2595142424106598,0.21555955708026886,-1.0239572525024414,-0.8254836797714233,-0.31501564383506775,1.9950007200241089,2.2555582523345947,-2.5990190505981445,-1.9761381149291992,4.194248199462891,-0.7920328974723816,6.6690673828125,3.635772943496704,0.5919800996780396,2.1453089714050293,5.291885852813721,-0.9553082585334778,-2.1523144245147705,1.0371825695037842,2.5085628032684326,-3.279996395111084,0.4694269895553589,5.335317611694336
2.601,-0.21724851429462433,0.23057538270950317,-0.5391504168510437,-3.1243338584899902,-0.4716709852218628,0.13273145258426666,-0.14871516823768616,0.01794465444982052,-0.988717257976532,0.0,0.0,0.0,0.20000000298023224,-0.11296013742685318,-0.04970556125044823,-0.39194154739379883,0.6573694348335266,0.35892462730407715,-0.20900461077690125,0.2566401958465576,-1.0162792205810547,-0.8129727244377136,-0.3678400218486786,2.0097782611846924,2.2163960933685303,-2.5587522983551025,-1.94648277759552,4.871001720428467,0.41460269689559937,11.543734550476074,4.248263835906982,-1.85001540184021,6.2871413230896,3.081005096435547,1.8157345056533813,3.204742431640625,-6.530684471130371,1.556764841079712,-4.536543369293213,3.153186321258545,3.101724863052368,0.46123212575912476,-0.04327007383108139,-0.2412009984254837,0.8681665062904358,-0.40294721722602844,-0.47035127878189087,1.7654260396957397,-0.4991825222969055,1.5772465467453003,1.1137380599975586,0.7321925163269043,0.7444970607757568,-1.626132845878601,-0.5217270851135254,3.4210000038146973,0.37150299549102783,-0.3152857720851898,-0.0435410812497139,0.8745175004005432,-0.25404778122901917,-0.2920796871185303,1.4497960805892944,-0.5996943712234497,1.6013106107711792,0.6406984329223633,0.17275555431842804,0.8926662802696228,-1.5612033605575562,-0.5738796591758728,0.15343879163265228,-0.11373034119606018,-0.13940055668354034,0.4691341519355774,0.295949250459671,0.13851776719093323,0.14740583300590515,-0.9946475028991699,-0.5372109413146973,-0.72096848487854,1.916811227798462,2.0431532859802246,-2.534074306488037,-1.9582865238189697,-0.06516473740339279,-0.04526146501302719,-0.2763301134109497,0.6971169710159302,0.33674466609954834,-0.14828751981258392,0.2806910574436188,-0.9964495897293091,-0.7726284861564636,-0.4156205356121063,2.0285139083862305,2.1722195148468018,-2.5508906841278076,-1.9205125570297241,4.606264591217041,0.21384604275226593,10.927173614501953,3.576993703842163,-2.731607675552368,5.663897514343262,1.8616334199905396,1.9446429014205933,4.908512592315674,-3.5616798400878906,2.0864925384521484,-4.415962219238281,-0.48548629879951477,2.3815455436706543
2.62,-0.3417820334434509,0.0684686005115509,-0.24756978452205658,-0.577256977558136,0.25771528482437134,-0.6096128821372986,-0.15182113647460938,0.05586818978190422,-0.9868277907371521,0.0,0.0,0.0,0.20000000298023224,-0.024045614525675774,-0.056764956563711166,-0.17166098952293396,0.7152140140533447,0.3011392652988434,-0.08228481560945511,0.28544867038726807,-0.9760489463806152,-0.7079430222511292,-0.49071457982063293,2.0379765033721924,2.136791944503784,-2.5261948108673096,-1.943082571029663,3.7076034545898438,-2.383680820465088,10.270545959472656,-0.844404399394989,-3.5975470542907715,7.470213413238525,-0.5076172351837158,2.0868875980377197,6.5523223876953125,-10.49756145477295,-0.5225365161895752,-4.5553693771362305,3.62548828125,-2.4964871406555176,0.37150299549102783,-0.3152857720851898,-0.0435410812497139,0.8745175004005432,-0.25404778122901917,-0.2920796871185303,1.4497960805892944,-0.5996943712234497,1.6013106107711792,0.6406984329223633,0.17275555431842804,0.8926662802696228,-1.5612033605575562,-0.5738796591758728,3.4010000228881836,0.3218296766281128,-0.3172283470630646,-0.15110409259796143,0.8068057298660278,-0.013221606612205505,-0.28318554162979126,1.278045415878296,-0.36820128560066223,1.507873773574829,0.6544944643974304,0.19463825225830078,0.9872748255729675,-1.6108078956604004,-0.7287550568580627,0.15717682242393494,-0.13617226481437683,-0.10747630149126053,0.43626850843429565,0.3497692346572876,0.20356249809265137,0.04416428506374359,-0.9384240508079529,-0.5274370312690735,-0.8326606154441833,1.8450651168823242,2.1063952445983887,-2.530689239501953,-2.022282123565674,-0.024045614525675774,-0.056764956563711166,-0.17166098952293396,0.7152140140533447,0.3011392652988434,-0.08228481560945511,0.28544867038726807,-0.9760489463806152,-0.7079430222511292,-0.49071457982063293,2.0379765033721924,2.136791944503784,-2.5261948108673096,-1.943082571029663,3.7076034545898438,-2.383680820465088,10.270545959472656,-0.844404399394989,-3.5975470542907715,7.470213413238525,-0.5076172351837158,2.0868875980377197,6.5523223876953125,-10.49756145477295,-0.5225365161895752,-4.5553693771362305,3.62548828125,-2.4964871406555176
2.64,-0.3417820334434509,0.0684686005115509,-0.24756978452205658,2.5675578117370605,0.9756564497947693,-1.341248631477356,-0.13910417258739471,0.02867712825536728,-0.9898624420166016,0.0,0.0,0.0,0.20000000298023224,0.05499301105737686,-0.14968056976795197,-0.044097717851400375,0.6690161824226379,0.26063668727874756,0.04702078178524971,0.25497865676879883,-0.9677202701568604,-0.6141564846038818,-0.6633503437042236,1.9960318803787231,2.0787901878356934,-2.512557029724121,-2.0150206089019775,3.5277860164642334,-6.551408290863037,2.722095251083374,-6.447850227355957,-0.22524423897266388,5.977406978607178,-2.698814630508423,0.6787325143814087,3.0243325233459473,-7.934545040130615,-3.5515246391296387,-2.644988775253296,0.0019848779775202274,-4.987935543060303,0.3218296766281128,-0.3172283470630646,-0.15110409259796143,0.8068057298660278,-0.013221606612205505,-0.28318554162979126,1.278045415878296,-0.36820128560066223,1.507873773574829,0.6544944643974304,0.19463825225830078,0.9872748255729675,-1.6108078956604004,-0.7287550568580627,3.38100004196167,-0.009196296334266663,0.24780942499637604,-0.43461310863494873,0.4890553951263428,-0.21707795560359955,-0.5889500379562378,0.8479611277580261,-0.06826519221067429,1.3554821014404297,1.1071226596832275,0.3879980444908142,1.298124074935913,-1.564598798751831,-1.0184996128082275,0.0762893408536911,-0.006133776158094406,-0.16239142417907715,0.3403981029987335,0.3257151246070862,0.1596437394618988,-0.11497756093740463,-0.8353283405303955,-0.5606479644775391,-0.7753496170043945,1.857532024383545,2.215728759765625,-2.517444372177124,-2.126715898513794,0.05499301105737686,-0.14968056976795197,-0.044097717851400375,0.6690161824226379,0.26063668727874756,0.04702078178524971,0.25497865676879883,-0.9677202701568604,-0.6141564846038818,-0.6633503437042236,1.9960318803787231,2.0787901878356934,-2.512557029724121,-2.0150206089019775,3.5277860164642334,-6.551408290863037,2.722095251083374,-6.447850227355957,-0.22524423897266388,5.977406978607178,-2.698814630508423,0.6787325143814087,3.0243325233459473,-7.934545040130615,-3.5515246391296387,-2.644988775253296,0.0019848779775202274,-4.987935543060303
2.66,-0.4307660460472107,-0.021993739530444145,-0.5982381105422974,3.2080469131469727,0.8730399012565613,-1.9499197006225586,-0.11791685968637466,-0.039120420813560486,-0.9922525882720947,0.0,0.0,0.0,0.20000000298023224,0.11578833311796188,-0.26844099164009094,-0.05847509577870369,0.531887412071228,0.2777961492538452,0.12730833888053894,0.17481523752212524,-0.9736531376838684,-0.5860372185707092,-0.7347152829170227,1.9364265203475952,2.0743324756622314,-2.5113775730133057,-2.1117262840270996,1.724063515663147,-3.6613311767578125,-3.7605140209198,-8.740456581115723,1.2635960578918457,2.485541343688965,-5.737111568450928,1.1462944746017456,0.6116990447044373,-1.0801975727081299,-1.5612385272979736,0.8964288830757141,1.1289973258972168,-8.219003677368164,-0.009196296334266663,0.24780942499637604,-0.43461310863494873,0.4890553951263428,-0.21707795560359955,-0.5889500379562378,0.8479611277580261,-0.06826519221067429,1.3554821014404297,1.1071226596832275,0.3879980444908142,1.298124074935913,-1.564598798751831,-1.0184996128082275,3.3610000610351562,-0.4844692349433899,0.5133516788482666,-0.5196914672851562,0.3500814735889435,-0.3026687800884247,-1.2322455644607544,0.9074364900588989,0.09618914127349854,1.1772650480270386,1.7015732526779175,0.2534048557281494,1.5650532245635986,-1.318106770515442,-1.057603359222412,-0.08297263830900192,0.1252710372209549,-0.21111857891082764,0.2577194273471832,0.2922903597354889,-0.02313952147960663,-0.17967964708805084,-0.7426668405532837,-0.6218076944351196,-0.5980814695358276,1.8301172256469727,2.337127685546875,-2.4491987228393555,-2.188708782196045,0.1320531666278839,-0.27396664023399353,-0.09695851057767868,0.4364088177680969,0.2938263416290283,0.14950144290924072,0.11604782193899155,-0.9570980072021484,-0.5778915882110596,-0.745282769203186,1.9227924346923828,2.081087827682495,-2.5079596042633057,-2.147024393081665,1.6488127708435059,2.0666308403015137,-3.587521553039551,-9.61140251159668,1.8459209203720093,1.9972565174102783,-5.892215728759766,1.9163122177124023,0.8566017746925354,-0.8772386312484741,-1.2921173572540283,1.0539336204528809,-0.18000264465808868,-0.8448912501335144
2.682,-0.4307660460472107,-0.021993739530444145,-0.5982381105422974,2.9432616233825684,0.11558452993631363,-2.385993719100952,-0.10530047118663788,-0.10089345276355743,-0.9893090128898621,0.0,0.0,0.0,0.20000000298023224,0.13849185407161713,-0.22842586040496826,-0.13217206299304962,0.34230324625968933,0.31388479471206665,0.15701210498809814,0.05430376157164574,-0.93212890625,-0.5828705430030823,-0.7219563126564026,1.9045683145523071,2.1118061542510986,-2.482269763946533,-2.185731887817383,-1.3960161209106445,6.164226055145264,-4.197619438171387,-10.207488059997559,1.854080319404602,-1.2225412130355835,-6.810356140136719,3.3086581230163574,-1.7119296789169312,7.045795917510986,-2.605825424194336,4.882806301116943,8.437271118164062,-7.558414459228516,-0.4844692349433899,0.5133516788482666,-0.5196914672851562,0.3500814735889435,-0.3026687800884247,-1.2322455644607544,0.9074364900588989,0.09618914127349854,1.1772650480270386,1.7015732526779175,0.2534048557281494,1.5650532245635986,-1.318106770515442,-1.057603359222412,3.3399999141693115,-1.2342398166656494,0.24814273416996002,-0.7640193104743958,0.9040165543556213,-0.22411362826824188,-1.871859073638916,1.4670077562332153,-0.359659880399704,0.7994503378868103,2.0880558490753174,0.4928397238254547,0.7742758393287659,-0.9777888059616089,-0.5915665626525879,-0.3500462770462036,0.12467120587825775,-0.29656410217285156,0.35486385226249695,0.29521676898002625,-0.27443453669548035,-0.07213786989450455,-0.8102983832359314,-0.7468412518501282,-0.4128267765045166,1.8762686252593994,2.2001328468322754,-2.3299965858459473,-2.103196144104004,0.10796590149402618,-0.16118881106376648,-0.1761987805366516,0.24121172726154327,0.32797926664352417,0.14226126670837402,-0.009909814223647118,-0.8976839780807495,-0.5919651389122009,-0.6779263019561768,1.8827792406082153,2.1617462635040283,-2.4395997524261475,-2.209724187850952,-4.414483547210693,-0.3803466856479645,-4.038327693939209,-9.60011100769043,0.9538217782974243,-0.43408581614494324,-6.3894219398498535,3.816493034362793,-0.4966621994972229,-2.5625295639038086,-1.7004163265228271,5.153585910797119,1.252297043800354,0.2647840082645416
2.701,-0.7074265480041504,-0.006652796640992165,-0.5865697860717773,-1.02910315990448,-1.4408315420150757,-1.8990904092788696,-0.11569803208112717,-0.12072617560625076,-0.9859204888343811,0.0,0.0,0.0,0.20000000298023224,0.05961740016937256,-0.14399836957454681,-0.19979704916477203,0.1789073348045349,0.34383413195610046,0.11475848406553268,-0.06518585234880447,-0.859410285949707,-0.6251895427703857,-0.6490675806999207,1.8753446340560913,2.1976447105407715,-2.3920624256134033,-2.1324374675750732,-6.302858352661133,2.816528797149658,-2.103156089782715,-3.495083808898926,1.6740278005599976,-5.483715534210205,-4.68265962600708,3.547170877456665,-4.545750141143799,8.598164558410645,-0.32345080375671387,3.202489137649536,8.459158897399902,9.47171401977539,-1.2342398166656494,0.24814273416996002,-0.7640193104743958,0.9040165543556213,-0.22411362826824188,-1.871859073638916,1.4670077562332153,-0.359659880399704,0.7994503378868103,2.0880558490753174,0.4928397238254547,0.7742758393287659,-0.9777888059616089,-0.5915665626525879,3.319999933242798,-0.33419084548950195,-0.37875378131866455,-0.4166629910469055,0.9036155343055725,0.2268952578306198,-0.9845072627067566,1.9659233093261719,-0.9635115265846252,1.0044469833374023,2.0801916122436523,0.43612992763519287,0.7546167969703674,-1.063476800918579,-0.38676342368125916,-0.2585708498954773,-0.03235284239053726,-0.25244778394699097,0.4033358097076416,0.40943217277526855,-0.17824408411979675,0.10636191070079803,-0.9950770139694214,-0.7581088542938232,-0.32216548919677734,1.8851667642593384,2.126720666885376,-2.2918174266815186,-2.0092389583587646,-0.02524041198194027,-0.10505206882953644,-0.22156283259391785,0.17302748560905457,0.35376298427581787,0.053391557186841965,-0.09887851774692535,-0.8222007751464844,-0.6618457436561584,-0.5539340972900391,1.8732243776321411,2.2345380783081055,-2.3382153511047363,-2.0878422260284424,-10.108135223388672,5.440598964691162,-2.380333662033081,1.4471298456192017,0.3978153467178345,-6.665372371673584,-2.4387495517730713,3.607304811477661,-3.082461357116699,8.53135871887207,-0.2500048279762268,3.5882627964019775,2.6120591163635254,1.6951206922531128
2.721,-0.7074265480041504,-0.006652796640992165,-0.5865697860717773,-3.07702898979187,-1.0872009992599487,-2.0813639163970947,-0.136079803109169,-0.0816521942615509,-0.9873272776603699,0.0,0.0,0.0,0.20000000298023224,-0.12989717721939087,-0.029424572363495827,-0.24066980183124542,0.21145956218242645,0.3559850752353668,-0.017056889832019806,-0.11356502771377563,-0.7973939776420593,-0.7000299096107483,-0.4776403307914734,1.8670347929000854,2.251372814178467,-2.315929889678955,-2.031216859817505,-10.186384201049805,8.348878860473633,-1.2636699676513672,5.929958820343018,0.3728131055831909,-6.795406341552734,-0.20796331763267517,0.6148806810379028,-4.022536277770996,7.520037651062012,-1.3205219507217407,0.1442665308713913,3.191822052001953,11.343711853027344,-0.33419084548950195,-0.37875378131866455,-0.4166629910469055,0.9036155343055725,0.2268952578306198,-0.9845072627067566,1.9659233093261719,-0.9635115265846252,1.0044469833374023,2.0801916122436523,0.43612992763519287,0.7546167969703674,-1.063476800918579,-0.38676342368125916,3.3010001182556152,-0.09931688010692596,-0.873089611530304,-0.6373154520988464,1.25753653049469,0.10653789341449738,-0.7609490752220154,1.942671775817871,-0.9299850463867188,1.2331122159957886,1.86721670627594,0.7451958656311035,0.5065922141075134,-1.5300617218017578,-0.19218316674232483,-0.15411464869976044,-0.23444882035255432,-0.2855527400970459,0.5160520076751709,0.4364505410194397,-0.07425931096076965,0.18979892134666443,-1.0790847539901733,-0.7065763473510742,-0.3300785720348358,1.9668822288513184,2.028008460998535,-2.389374256134033,-1.9136152267456055,-0.22993360459804535,0.051278069615364075,-0.2526167035102844,0.2870540916919708,0.3559301495552063,-0.0772491917014122,-0.10059624165296555,-0.8013890981674194,-0.7247986793518066,-0.4231170415878296,1.8508858680725098,2.257143020629883,-2.303304433822632,-1.9771665334701538,-9.720996856689453,7.53401517868042,-1.2232348918914795,8.339303016662598,-0.19483019411563873,-5.437915325164795,2.219898223876953,-1.0274059772491455,-1.8359893560409546,4.1922993659973145,-1.6269875764846802,0.23542363941669464,0.25310200452804565,1.7252435684204102
2.7439999999999998,-0.6469632983207703,0.1800147145986557,-1.04403817653656,-3.280895948410034,-0.8437494039535522,-1.7482547760009766,-0.1528184413909912,-0.019844233989715576,-0.9880550503730774,0.0,0.0,0.0,0.20000000298023224,-0.3099989891052246,0.1051015630364418,-0.27292636036872864,0.37930744886398315,0.3520970940589905,-0.11364079266786575,-0.06531048566102982,-0.8278040289878845,-0.7190563678741455,-0.4051963984966278,1.8552037477493286,2.231782913208008,-2.380764961242676,-1.8991779088974,-6.747380256652832,2.73283052444458,-2.4963982105255127,9.91677474975586,-0.11462465673685074,-2.70784330368042,4.141409397125244,-3.562093734741211,0.2088392972946167,1.705711007118225,0.9481909871101379,-3.0295701026916504,-7.394204616546631,6.3227858543396,-0.09931688010692596,-0.873089611530304,-0.6373154520988464,1.25753653049469,0.10653789341449738,-0.7609490752220154,1.942671775817871,-0.9299850463867188,1.2331122159957886,1.86721670627594,0.7451958656311035,0.5065922141075134,-1.5300617218017578,-0.19218316674232483,3.2780001163482666,0.37975096702575684,-0.3242972493171692,-0.33604586124420166,1.1123695373535156,-0.21082226932048798,-0.5272653102874756,1.537827491760254,-0.46824562549591064,1.7089133262634277,1.3233839273452759,0.6789478063583374,0.3072889447212219,-1.6080893278121948,-0.14940035343170166,0.01788041740655899,-0.19829872250556946,-0.22678783535957336,0.5361183881759644,0.3706197142601013,0.036154016852378845,0.13030634820461273,-1.005653738975525,-0.5618598461151123,-0.4699932932853699,1.991178035736084,1.9288264513015747,-2.4576594829559326,-1.8551076650619507,-0.3362942934036255,0.09782968461513519,-0.3045693039894104,0.4176541268825531,0.3573208153247833,-0.13111554086208344,-0.019155165180563927,-0.8429734110832214,-0.7237284183502197,-0.3889206647872925,1.8645684719085693,2.2357890605926514,-2.409372568130493,-1.8941925764083862,4.8218159675598145,-3.1980655193328857,-3.6286818981170654,2.7628395557403564,2.1250970363616943,-1.0431342124938965,5.009184837341309,-1.9179246425628662,-2.423245429992676,1.4524725675582886,0.7317157983779907,1.5437616109848022,0.12685230374336243,0.47242844104766846
2.761,-0.6469632983207703,0.1800147145986557,-1.04403817653656,-3.674499273300171,-1.2399667501449585,-0.9469016194343567,-0.17326770722866058,0.03361489996314049,-0.9843009114265442,0.0,0.0,0.0,0.20000000298023224,-0.29283279180526733,0.035613805055618286,-0.3393050730228424,0.4452384114265442,0.3754405677318573,-0.12825758755207062,0.02729334682226181,-0.861679196357727,-0.741150975227356,-0.3908720314502716,1.879417896270752,2.253657341003418,-2.4133284091949463,-1.8869574069976807,4.831719875335693,-7.392640113830566,-1.6950901746749878,3.6170337200164795,0.25034675002098083,2.8710010051727295,3.7713465690612793,-0.9191414713859558,1.2601486444473267,-5.859829425811768,3.5615932941436768,0.8481268286705017,-6.713937759399414,0.7822960615158081,0.37975096702575684,-0.3242972493171692,-0.33604586124420166,1.1123695373535156,-0.21082226932048798,-0.5272653102874756,1.537827491760254,-0.46824562549591064,1.7089133262634277,1.3233839273452759,0.6789478063583374,0.3072889447212219,-1.6080893278121948,-0.14940035343170166,3.260999917984009,0.4860594868659973,0.1006588488817215,0.07489420473575592,0.8368378281593323,-0.291626513004303,-0.3560885190963745,1.465009331703186,-0.43684402108192444,1.862207055091858,0.8674874305725098,0.3533593416213989,0.19672732055187225,-1.1505393981933594,-0.4202929139137268,0.13045507669448853,-0.07398465275764465,-0.094670370221138,0.47726863622665405,0.3175032138824463,0.13415488600730896,0.08235552161931992,-0.9610878229141235,-0.4511781632900238,-0.653924822807312,1.921928882598877,1.8515950441360474,-2.3774147033691406,-1.8935770988464355,-0.29283279180526733,0.035613805055618286,-0.3393050730228424,0.4452384114265442,0.3754405677318573,-0.12825758755207062,0.02729334682226181,-0.861679196357727,-0.741150975227356,-0.3908720314502716,1.879417896270752,2.253657341003418,-2.4133284091949463,-1.8869574069976807,4.831719875335693,-7.392640113830566,-1.6950901746749878,3.6170337200164795,0.25034675002098083,2.8710010051727295,3.7713465690612793,-0.9191414713859558,1.2601486444473267,-5.859829425811768,3.5615932941436768,0.8481268286705017,-6.713937759399414,0.7822960615158081
2.782,-0.5785499811172485,0.10197518765926361,-0.601807713508606,-6.594394207000732,-1.8190982341766357,-1.0925912857055664,-0.20704157650470734,0.12736006081104279,-0.9700068235397339,0.0,0.0,0.0,0.20000000298023224,-0.17322203516960144,-0.10437913984060287,-0.26933977007865906,0.5460267663002014,0.3760979473590851,-0.03837897256016731,0.08154547959566116,-0.8416135311126709,-0.6967219114303589,-0.5021675229072571,1.9067251682281494,2.243635654449463,-2.3909997940063477,-1.8879755735397339,8.025593757629395,-3.736530303955078,9.715733528137207,6.941089630126953,-1.280401587486267,5.949173927307129,1.4369577169418335,3.3457043170928955,5.21852445602417,-7.193769931793213,-0.6700228452682495,-2.4132063388824463,6.943158149719238,-1.2750314474105835,0.4860594868659973,0.1006588488817215,0.07489420473575592,0.8368378281593323,-0.291626513004303,-0.3560885190963745,1.465009331703186,-0.43684402108192444,1.862207055091858,0.8674874305725098,0.3533593416213989,0.19672732055187225,-1.1505393981933594,-0.4202929139137268,3.239000082015991,0.13529378175735474,-0.09543438255786896,0.0075098611414432526,0.7356513142585754,-0.3502241373062134,-0.11626574397087097,1.0536068677902222,-0.5842083096504211,1.7537243366241455,0.42739051580429077,-0.06919750571250916,0.5238375663757324,-0.8994060158729553,-0.48078739643096924,0.09905098378658295,-0.060850922018289566,-0.04545772075653076,0.4225471615791321,0.27629557251930237,0.2431109994649887,-0.04447050765156746,-0.9756459593772888,-0.42295801639556885,-0.8559147715568542,1.7816650867462158,1.8947569131851196,-2.2745089530944824,-1.9279353618621826,-0.08632207661867142,-0.12423349171876907,-0.16220231354236603,0.6171110272407532,0.3667135536670685,0.014519771561026573,0.09657880663871765,-0.8120840191841125,-0.6468469500541687,-0.5561243295669556,1.901984691619873,2.2163119316101074,-2.3634493350982666,-1.888038992881775,9.292343139648438,-0.8156078457832336,11.18559455871582,7.205831050872803,-1.4984601736068726,4.522501468658447,1.1997478008270264,2.438769817352295,5.940322399139404,-4.215915679931641,-0.15337438881397247,-3.1423346996307373,0.20620734989643097,1.0595887899398804
2.8,-0.5785499811172485,0.10197518765926361,-0.601807713508606,-4.529810905456543,-0.23038031160831451,-1.7998342514038086,-0.2360362857580185,0.2313266396522522,-0.9438086748123169,0.0,0.0,0.0,0.20000000298023224,0.0010380165185779333,-0.13471439480781555,-0.06725127249956131,0.6731168627738953,0.34207597374916077,0.06401334702968597,0.09665539115667343,-0.7980036735534668,-0.5747381448745728,-0.6283319592475891,1.903328776359558,2.1862165927886963,-2.3268017768859863,-1.889064073562622,7.8905816078186035,-2.0035457611083984,5.171565055847168,3.6932239532470703,-3.2693684101104736,5.474578857421875,-0.17266803979873657,0.3905053734779358,7.3429789543151855,-10.415070533752441,2.377056360244751,-4.47271203994751,1.8317677974700928,2.231905221939087,0.13529378175735474,-0.09543438255786896,0.0075098611414432526,0.7356513142585754,-0.3502241373062134,-0.11626574397087097,1.0536068677902222,-0.5842083096504211,1.7537243366241455,0.42739051580429077,-0.06919750571250916,0.5238375663757324,-0.8994060158729553,-0.48078739643096924,3.2209999561309814,0.16053634881973267,-0.080168716609478,-0.11136266589164734,0.8430919051170349,-0.2956290543079376,-0.10800756514072418,1.0672639608383179,-0.23394909501075745,1.8805655241012573,0.5952336192131042,0.12240319699048996,0.6484294533729553,-1.1788241863250732,-0.8069473505020142,0.08965957909822464,-0.05046764016151428,-0.050569526851177216,0.4220465421676636,0.26934051513671875,0.2996536195278168,-0.10446924716234207,-0.8953602313995361,-0.3771376311779022,-0.9149489402770996,1.7594332695007324,1.9474859237670898,-2.292910575866699,-2.0266544818878174,0.0010380165185779333,-0.13471439480781555,-0.06725127249956131,0.6731168627738953,0.34207597374916077,0.06401334702968597,0.09665539115667343,-0.7980036735534668,-0.5747381448745728,-0.6283319592475891,1.903328776359558,2.1862165927886963,-2.3268017768859863,-1.889064073562622,7.8905816078186035,-2.0035457611083984,5.171565055847168,3.6932239532470703,-3.2693684101104736,5.474578857421875,-0.17266803979873657,0.3905053734779358,7.3429789543151855,-10.415070533752441,2.377056360244751,-4.47271203994751,1.8317677974700928,2.231905221939087
2.82,-0.46960383653640747,-0.08536681532859802,-0.4882279634475708,-0.6414316892623901,0.7804079055786133,-2.5342676639556885,-0.2381599396467209,0.26295801997184753,-0.9349507689476013,0.0,0.0,0.0,0.20000000298023224,0.12387732416391373,-0.19095522165298462,-0.013852990232408047,0.6745279431343079,0.2826833128929138,0.1524546891450882,0.08146268874406815,-0.7853592038154602,-0.466772198677063,-0.7957176566123962,1.9209893941879272,2.0869483947753906,-2.27647066116333,-1.9671013355255127,3.3462421894073486,-3.3842220306396484,-0.10345355421304703,-6.204138278961182,-2.2034497261047363,3.946065902709961,-0.6423739194869995,0.6306095719337463,3.816225051879883,-6.204585552215576,-0.4721930921077728,-6.880786895751953,2.8391854763031006,-9.898853302001953,0.16053634881973267,-0.080168716609478,-0.11136266589164734,0.8430919051170349,-0.2956290543079376,-0.10800756514072418,1.0672639608383179,-0.23394909501075745,1.8805655241012573,0.5952336192131042,0.12240319699048996,0.6484294533729553,-1.1788241863250732,-0.8069473505020142,3.2009999752044678,-0.12443724274635315,-0.003964013885706663,-0.20133446156978607,0.6416469216346741,-0.1158943921327591,-0.23420484364032745,0.6132168173789978,-0.06718199700117111,1.570160984992981,0.9616462588310242,0.49506238102912903,0.5234692692756653,-1.362099051475525,-0.9348470568656921,0.013720478862524033,-0.02622482366859913,-0.07561837881803513,0.3714349865913391,0.31079667806625366,0.2963756024837494,-0.24798040091991425,-0.8135255575180054,-0.4318285584449768,-0.8528628945350647,1.841482162475586,1.942610263824463,-2.3479299545288086,-2.1079888343811035,0.12387732416391373,-0.19095522165298462,-0.013852990232408047,0.6745279431343079,0.2826833128929138,0.1524546891450882,0.08146268874406815,-0.7853592038154602,-0.466772198677063,-0.7957176566123962,1.9209893941879272,2.0869483947753906,-2.27647066116333,-1.9671013355255127,3.3462421894073486,-3.3842220306396484,-0.10345355421304703,-6.204138278961182,-2.2034497261047363,3.946065902709961,-0.6423739194869995,0.6306095719337463,3.816225051879883,-6.204585552215576,-0.4721930921077728,-6.880786895751953,2.8391854763031006,-9.898853302001953
2.844,-0.46960383653640747,-0.08536681532859802,-0.4882279634475708,0.3228521943092346,0.5552459955215454,-2.4456422328948975,-0.23924271762371063,0.24878202378749847,-0.9385469555854797,0.0,0.0,0.0,0.20000000298023224,0.13484734296798706,-0.2287118285894394,-0.054629452526569366,0.4875626266002655,0.26774606108665466,0.21665647625923157,0.0697341188788414,-0.8110518455505371,-0.44313594698905945,-0.8481607437133789,1.9202739000320435,1.9622148275375366,-2.2944233417510986,-2.089183807373047,-2.2197048664093018,0.23881448805332184,-2.564211845397949,-10.913039207458496,0.29460591077804565,2.856863498687744,-2.5982186794281006,-1.3989040851593018,-0.12184448540210724,0.02405381016433239,1.5535244941711426,-5.099452495574951,-6.398036479949951,-7.59985876083374,-0.12443724274635315,-0.003964013885706663,-0.20133446156978607,0.6416469216346741,-0.1158943921327591,-0.23420484364032745,0.6132168173789978,-0.06718199700117111,1.570160984992981,0.9616462588310242,0.49506238102912903,0.5234692692756653,-1.362099051475525,-0.9348470568656921,3.178999900817871,-0.24149926006793976,-0.24166500568389893,-0.384888231754303,0.41626593470573425,0.2408151775598526,-0.4450069069862366,0.6647335886955261,0.0021765194833278656,1.142921805381775,1.234324336051941,0.4861085116863251,0.546238124370575,-1.3152844905853271,-0.7878891825675964,-0.05351457744836807,-0.07352866232395172,-0.1340312510728836,0.2897839844226837,0.42070212960243225,0.24203607439994812,-0.30685678124427795,-0.7552686333656311,-0.5659838318824768,-0.7536503672599792,1.8802682161331177,1.9458646774291992,-2.363736152648926,-2.1119165420532227,0.10529404133558273,-0.2080981731414795,-0.07404524087905884,0.3863140642642975,0.27117475867271423,0.24661459028720856,0.03871694207191467,-0.8305902481079102,-0.4412785768508911,-0.8492036461830139,1.9375362396240234,1.9193919897079468,-2.277634382247925,-2.124262571334839,-3.1822075843811035,3.7486586570739746,-1.1386522054672241,-9.000659942626953,0.44476768374443054,3.016561985015869,-3.1606709957122803,-2.2631704807281494,0.2249860018491745,0.014874639920890331,1.8786274194717407,-3.2810659408569336,-0.7734537720680237,-1.2437810897827148
2.862,-0.6491965055465698,-0.16085368394851685,-0.676921010017395,0.5774718523025513,0.6182886958122253,-2.0836143493652344,-0.24039900302886963,0.23306214809417725,-0.9422793388366699,0.0,0.0,0.0,0.20000000298023224,0.06283321976661682,-0.1628469079732895,-0.09275759011507034,0.3005366325378418,0.2854733169078827,0.26788949966430664,0.007128464989364147,-0.8499943614006042,-0.46935734152793884,-0.825288712978363,1.96407949924469,1.8967418670654297,-2.2822206020355225,-2.130727529525757,-5.8778791427612305,4.147886753082275,-2.978776693344116,-9.059526443481445,2.4643616676330566,1.1174168586730957,-3.8085882663726807,-1.4546834230422974,-5.344622611999512,4.646926403045654,3.6029903888702393,-1.5472182035446167,-6.127312660217285,-0.5712022185325623,-0.24149926006793976,-0.24166500568389893,-0.384888231754303,0.41626593470573425,0.2408151775598526,-0.4450069069862366,0.6647335886955261,0.0021765194833278656,1.142921805381775,1.234324336051941,0.4861085116863251,0.546238124370575,-1.3152844905853271,-0.7878891825675964,3.1600000858306885,0.05350351333618164,-0.5579003691673279,-0.523318350315094,0.4305671453475952,0.4619298577308655,-0.7940778732299805,1.144649624824524,0.012691646814346313,1.199887752532959,1.5946924686431885,0.3298088014125824,0.7335770726203918,-1.2417000532150269,-0.58941650390625,-0.013381410390138626,-0.17623943090438843,-0.1978452205657959,0.25253379344940186,0.5309334993362427,0.1275985687971115,-0.21631596982479095,-0.7235113978385925,-0.6188199520111084,-0.6139520406723022,1.8605862855911255,1.9943265914916992,-2.353243112564087,-2.0642623901367188,-0.0006560995243489742,-0.11738322675228119,-0.10973584651947021,0.2207849621772766,0.3089064657688141,0.2791072130203247,-0.03629705309867859,-0.8596134185791016,-0.50943523645401,-0.7933578491210938,1.9877949953079224,1.8885749578475952,-2.287635564804077,-2.131608009338379,-6.351803302764893,4.945272922515869,-0.8492605686187744,-6.7140679359436035,2.2290964126586914,0.967216968536377,-3.922816514968872,-0.5584725737571716,-3.134341239929199,2.504971504211426,2.016291856765747,-0.19733959436416626,2.4987378120422363,0.12391066551208496
2.88,-0.6491965055465698,-0.16085368394851685,-0.676921010017395,0.2519216537475586,1.1962887048721313,-1.9262150526046753,-0.2329263538122177,0.21626387536525726,-0.9481430649757385,0.0,0.0,0.0,0.20000000298023224,-0.06076335906982422,-0.07549652457237244,-0.12187904119491577,0.162527397274971,0.3425898849964142,0.2711640000343323,-0.05812639370560646,-0.8629923462867737,-0.5615835785865784,-0.7317891716957092,1.9916006326675415,1.8968205451965332,-2.2947864532470703,-2.099416971206665,-5.797983646392822,2.8718018531799316,-1.8637948036193848,-5.295334815979004,3.5345711708068848,-1.826345443725586,-1.4559041261672974,-0.07558458298444748,-4.069850444793701,6.701807498931885,-0.5139833688735962,1.7529199123382568,-3.820680856704712,4.180529594421387,0.05350351333618164,-0.5579003691673279,-0.523318350315094,0.4305671453475952,0.4619298577308655,-0.7940778732299805,1.144649624824524,0.012691646814346313,1.199887752532959,1.5946924686431885,0.3298088014125824,0.7335770726203918,-1.2417000532150269,-0.58941650390625,3.1410000324249268,0.15373054146766663,-0.7095702290534973,-0.2321205884218216,0.8909021615982056,0.37021157145500183,-0.8190624117851257,1.4429548978805542,-0.31255802512168884,1.481022596359253,1.7905347347259521,0.2807552218437195,0.9581586122512817,-1.225189208984375,-0.5100181698799133,0.03174193203449249,-0.26551228761672974,-0.15695275366306305,0.3489924371242523,0.563119649887085,0.06413368135690689,-0.09646924585103989,-0.788945198059082,-0.5749543309211731,-0.4951423406600952,1.8384819030761719,2.0747029781341553,-2.3438687324523926,-2.020585775375366,-0.06076335906982422,-0.07549652457237244,-0.12187904119491577,0.162527397274971,0.3425898849964142,0.2711640000343323,-0.05812639370560646,-0.8629923462867737,-0.5615835785865784,-0.7317891716957092,1.9916006326675415,1.8968205451965332,-2.2947864532470703,-2.099416971206665,-5.797983646392822,2.8718018531799316,-1.8637948036193848,-5.295334815979004,3.5345711708068848,-1.826345443725586,-1.4559041261672974,-0.07558458298444748,-4.069850444793701,6.701807498931885,-0.5139833688735962,1.7529199123382568,-3.820680856704712,4.180529594421387
2.902,-0.5694969296455383,-0.162258118391037,-1.0320837497711182,-1.6033343076705933,2.1290719509124756,-1.599257230758667,-0.2082854062318802,0.22277438640594482,-0.9523595571517944,0.0,0.0,0.0,0.20000000298023224,-0.11815915256738663,-0.053675632923841476,-0.1243356391787529,0.13970071077346802,0.409616082906723,0.20674452185630798,-0.07473624497652054,-0.8558594584465027,-0.5865696668624878,-0.6164300441741943,1.9596045017242432,1.9680107831954956,-2.3156912326812744,-2.0403451919555664,0.7783074378967285,-0.6730647087097168,1.486405849456787,3.9814469814300537,3.6121273040771484,-4.677597522735596,0.4682799279689789,-0.1306435614824295,-0.03130345791578293,6.092350006103516,-2.8071067333221436,5.706324100494385,-1.1291295289993286,3.5836901664733887,0.15373054146766663,-0.7095702290534973,-0.2321205884218216,0.8909021615982056,0.37021157145500183,-0.8190624117851257,1.4429548978805542,-0.31255802512168884,1.481022596359253,1.7905347347259521,0.2807552218437195,0.9581586122512817,-1.225189208984375,-0.5100181698799133,3.121000051498413,0.0673842653632164,-0.2931106686592102,-0.024031654000282288,1.4632318019866943,0.08793894946575165,-0.30228930711746216,1.6770975589752197,-0.3939776122570038,2.120868444442749,1.5871870517730713,-0.14066024124622345,1.1207818984985352,-0.9855903387069702,-0.44267570972442627,0.032717034220695496,-0.20603381097316742,-0.0844842940568924,0.5403041839599609,0.5086445808410645,0.16159451007843018,0.02198978140950203,-0.8420169949531555,-0.3930600583553314,-0.4865744113922119,1.7220759391784668,2.1555471420288086,-2.2792820930480957,-1.9819117784500122,-0.09398084878921509,-0.07413585484027863,-0.1040443629026413,0.19837576150894165,0.4453006088733673,0.1606341004371643,-0.07130292803049088,-0.8488958477973938,-0.5857915282249451,-0.5718147158622742,1.9293138980865479,2.0191445350646973,-2.3292202949523926,-2.0205795764923096,3.4523508548736572,-3.3008251190185547,2.1341423988342285,6.90700626373291,3.4688637256622314,-4.5239386558532715,0.1392775923013687,1.3144116401672363,0.19745247066020966,3.397671699523926,-3.0880672931671143,4.3790364265441895,-1.3100653886795044,1.1007977724075317
2.92,-0.5694969296455383,-0.162258118391037,-1.0320837497711182,-0.09479890763759613,0.7931748032569885,-1.5958412885665894,-0.1856866180896759,0.22965730726718903,-0.9553941488265991,0.0,0.0,0.0,0.20000000298023224,-0.0616740882396698,-0.11732465773820877,-0.09287229180335999,0.2742917835712433,0.4570413827896118,0.12830831110477448,-0.056156307458877563,-0.8423958420753479,-0.6190771460533142,-0.5435776114463806,1.8877525329589844,2.080327272415161,-2.3417913913726807,-1.989923119544983,2.977403163909912,-4.403749942779541,1.0319888591766357,9.387190818786621,-1.0349233150482178,-1.8270269632339478,2.5638513565063477,0.4190777540206909,0.6162348985671997,1.8547643423080444,-4.850959777832031,7.3556060791015625,-1.456728219985962,3.751516103744507,0.0673842653632164,-0.2931106686592102,-0.024031654000282288,1.4632318019866943,0.08793894946575165,-0.30228930711746216,1.6770975589752197,-0.3939776122570038,2.120868444442749,1.5871870517730713,-0.14066024124622345,1.1207818984985352,-0.9855903387069702,-0.44267570972442627,3.1010000705718994,-0.148594930768013,0.43796372413635254,-0.6101921200752258,1.4092057943344116,0.4990385174751282,-0.7508061528205872,1.3855608701705933,-0.27918604016304016,1.7444701194763184,2.0389976501464844,-0.5014421343803406,1.2290761470794678,-1.0437031984329224,-0.3822280764579773,-0.020790215581655502,0.006474025547504425,-0.19479018449783325,0.6224535703659058,0.5841819047927856,0.09819571673870087,0.008335122838616371,-0.8398549556732178,-0.39621251821517944,-0.369337797164917,1.57367742061615,2.2230424880981445,-2.261516809463501,-1.9474629163742065,-0.0616740882396698,-0.11732465773820877,-0.09287229180335999,0.2742917835712433,0.4570413827896118,0.12830831110477448,-0.056156307458877563,-0.8423958420753479,-0.6190771460533142,-0.5435776114463806,1.8877525329589844,2.080327272415161,-2.3417913913726807,-1.989923119544983,2.977403163909912,-4.403749942779541,1.0319888591766357,9.387190818786621,-1.0349233150482178,-1.8270269632339478,2.5638513565063477,0.4190777540206909,0.6162348985671997,1.8547643423080444,-4.850959777832031,7.3556060791015625,-1.456728219985962,3.751516103744507
2.94,-0.4472220242023468,-0.4839957654476166,-0.738244891166687,-0.07197759300470352,0.6168043613433838,-2.072021007537842,-0.1833234578371048,0.22537614405155182,-0.9568688869476318,0.0,0.0,0.0,0.20000000298023224,-0.0029311925172805786,-0.1801990419626236,-0.07173293083906174,0.5122920274734497,0.43463802337646484,0.10376664251089096,-0.0018686233088374138,-0.8096371293067932,-0.5534358620643616,-0.47291186451911926,1.7955971956253052,2.1873867511749268,-2.351677894592285,-1.9352043867111206,3.0617096424102783,-0.08275417238473892,1.2768065929412842,13.85685920715332,0.31286588311195374,-1.1898460388183594,2.889465093612671,2.225001335144043,5.206510543823242,4.603001594543457,-4.557952404022217,3.625053644180298,-0.03293314203619957,1.9657835960388184,-0.148594930768013,0.43796372413635254,-0.6101921200752258,1.4092057943344116,0.4990385174751282,-0.7508061528205872,1.3855608701705933,-0.27918604016304016,1.7444701194763184,2.0389976501464844,-0.5014421343803406,1.2290761470794678,-1.0437031984329224,-0.3822280764579773,3.0810000896453857,-0.9695239663124084,0.2894967794418335,-1.1992783546447754,0.8619227409362793,0.1412295699119568,-1.2470643520355225,1.150328516960144,-0.3883233666419983,1.1341217756271362,2.515115261077881,0.020643116906285286,0.832018256187439,-1.3400808572769165,-0.22980529069900513,-0.2527760863304138,0.07561120390892029,-0.3972146809101105,0.5267074704170227,0.5324983596801758,-0.057568229734897614,-0.05730029568076134,-0.8660582900047302,-0.5503758192062378,-0.1916900873184204,1.6299995183944702,2.1575257778167725,-2.326728582382202,-1.8921327590942383,-0.0029311925172805786,-0.1801990419626236,-0.07173293083906174,0.5122920274734497,0.43463802337646484,0.10376664251089096,-0.0018686233088374138,-0.8096371293067932,-0.5534358620643616,-0.47291186451911926,1.7955971956253052,2.1873867511749268,-2.351677894592285,-1.9352043867111206,3.0617096424102783,-0.08275417238473892,1.2768065929412842,13.85685920715332,0.31286588311195374,-1.1898460388183594,2.889465093612671,2.225001335144043,5.206510543823242,4.603001594543457,-4.557952404022217,3.625053644180298,-0.03293314203619957,1.9657835960388184
2.961,-0.4472220242023468,-0.4839957654476166,-0.738244891166687,5.920464515686035,0.7728631496429443,-3.60378098487854,-0.1797717809677124,0.15581002831459045,-0.9712905287742615,0.0,0.0,0.0,0.20000000298023224,-0.02358781360089779,-0.16079171001911163,-0.127088725566864,0.6910412907600403,0.48077982664108276,0.06549113243818283,0.039247170090675354,-0.7759466171264648,-0.5107443928718567,-0.3543761074542999,1.7337687015533447,2.194530963897705,-2.349947690963745,-1.8734698295593262,-8.445161819458008,0.03997102379798889,-10.424691200256348,0.657688558101654,3.167724847793579,-3.7379682064056396,1.0232034921646118,0.3439597487449646,-1.5426591634750366,8.356513977050781,-1.5126328468322754,-1.2750167846679688,3.595360279083252,1.9890307188034058,-0.9695239663124084,0.2894967794418335,-1.1992783546447754,0.8619227409362793,0.1412295699119568,-1.2470643520355225,1.150328516960144,-0.3883233666419983,1.1341217756271362,2.515115261077881,0.020643116906285286,0.832018256187439,-1.3400808572769165,-0.22980529069900513,3.061000108718872,-1.4017137289047241,-0.21091896295547485,-1.2679855823516846,1.2140421867370605,-0.4706871211528778,-2.238600969314575,1.3721827268600464,-0.19720998406410217,0.3284434378147125,2.8701462745666504,0.919287383556366,0.5022600293159485,-1.520326018333435,-0.06414239853620529,-0.47681647539138794,-0.01492413878440857,-0.5156037211418152,0.5668642520904541,0.3536773920059204,-0.38333436846733093,-0.03465445339679718,-0.831381618976593,-0.8288770318031311,-0.014108479022979736,1.8828215599060059,2.042327880859375,-2.404395818710327,-1.823051929473877,-0.1338530331850052,-0.1530778557062149,-0.25937917828559875,0.6633300185203552,0.5084974765777588,0.02875327691435814,0.04735567793250084,-0.7774139642715454,-0.5226711630821228,-0.2900339663028717,1.719831109046936,2.181580066680908,-2.320294141769409,-1.8759682178497314,-12.078886985778809,1.9620673656463623,-14.61678695678711,-4.735353469848633,2.376610279083252,-3.529146909713745,0.5035863518714905,-0.5566331744194031,-0.9271985292434692,5.025335311889648,-1.3550070524215698,-1.4596548080444336,1.6828498840332031,-1.0107495784759521
2.98,-0.6652792692184448,-0.33456581830978394,-0.9220538139343262,6.041472911834717,0.6117970943450928,-4.127429485321045,-0.1743653565645218,0.019603559747338295,-0.9844858646392822,0.0,0.0,0.0,0.20000000298023224,-0.265277624130249,-0.1234809011220932,-0.4179152250289917,0.5987424850463867,0.5286036729812622,-0.02773463726043701,0.04280370846390724,-0.784915030002594,-0.579041600227356,-0.19731199741363525,1.7315858602523804,2.1423516273498535,-2.371619939804077,-1.8290873765945435,-14.476495742797852,3.078535318374634,-16.735666275024414,-7.161168098449707,0.920316755771637,-7.296157360076904,-1.865691900253296,-0.9249117374420166,-8.492583274841309,10.554604530334473,3.5542402267456055,-4.011908531188965,-7.804189682006836,4.5112762451171875,-1.4017137289047241,-0.21091896295547485,-1.2679855823516846,1.2140421867370605,-0.4706871211528778,-2.238600969314575,1.3721827268600464,-0.19720998406410217,0.3284434378147125,2.8701462745666504,0.919287383556366,0.5022600293159485,-1.520326018333435,-0.06414239853620529,3.0409998893737793,-0.6357370018959045,-0.6987242698669434,-1.0282152891159058,1.1629445552825928,-0.021830445155501366,-1.736352562904358,1.4180095195770264,-0.3404019773006439,0.6105555295944214,2.340672016143799,0.9765157103538513,-0.05022894963622093,-1.5841357707977295,0.13903594017028809,-0.3973425030708313,-0.18214313685894012,-0.514855682849884,0.5741682648658752,0.3764810860157013,-0.4206553101539612,-0.011874832212924957,-0.849841296672821,-0.8975996375083923,-0.05768623948097229,2.0235395431518555,1.846606731414795,-2.459181785583496,-1.7377169132232666,-0.265277624130249,-0.1234809011220932,-0.4179152250289917,0.5987424850463867,0.5286036729812622,-0.02773463726043701,0.04280370846390724,-0.784915030002594,-0.579041600227356,-0.19731199741363525,1.7315858602523804,2.1423516273498535,-2.371619939804077,-1.8290873765945435,-14.476495742797852,3.078535318374634,-16.735666275024414,-7.161168098449707,0.920316755771637,-7.296157360076904,-1.865691900253296,-0.9249117374420166,-8.492583274841309,10.554604530334473,3.5542402267456055,-4.011908531188965,-7.804189682006836,4.5112762451171875
3.003,-0.6652792692184448,-0.33456581830978394,-0.9220538139343262,0.2115367352962494,1.9370051622390747,-2.8577752113342285,-0.1485552191734314,-0.05015776306390762,-0.9876312613487244,0.0,0.0,0.0,0.20000000298023224,-0.49275586009025574,-0.01401056069880724,-0.6544399857521057,0.4858667850494385,0.4896353483200073,-0.17997722327709198,-0.03532813489437103,-0.8147926926612854,-0.742466390132904,-0.0993916243314743,1.8191319704055786,2.1526002883911133,-2.462535858154297,-1.8820521831512451,-6.050830841064453,6.794346332550049,-5.153397560119629,-2.914573907852173,-4.003026008605957,-7.7440595626831055,-5.143004417419434,-2.5348501205444336,-6.838348388671875,1.6194350719451904,4.903177738189697,-1.0721890926361084,-2.9874279499053955,0.10200899094343185,-0.6357370018959045,-0.6987242698669434,-1.0282152891159058,1.1629445552825928,-0.021830445155501366,-1.736352562904358,1.4180095195770264,-0.3404019773006439,0.6105555295944214,2.340672016143799,0.9765157103538513,-0.05022894963622093,-1.5841357707977295,0.13903594017028809,3.0190000534057617,-0.08484797179698944,-1.0343806743621826,-0.5177865624427795,0.7567837834358215,0.11635275185108185,-1.0633909702301025,2.0277578830718994,-0.3300793170928955,1.211988091468811,2.2531094551086426,0.9945755004882812,-0.19198551774024963,-1.5746009349822998,0.1120326891541481,-0.2198832482099533,-0.3496667444705963,-0.3868744969367981,0.4762800931930542,0.4224287271499634,-0.27107539772987366,0.15195207297801971,-0.8564904928207397,-0.7816027998924255,-0.10136575996875763,2.0984137058258057,1.7133069038391113,-2.4841911792755127,-1.7018003463745117,-0.5242787599563599,0.049336422234773636,-0.6655257344245911,0.4760264754295349,0.44358348846435547,-0.25314342975616455,-0.08498955518007278,-0.8389022946357727,-0.799483060836792,-0.08983687311410904,1.8605254888534546,2.1342194080352783,-2.4706380367279053,-1.8778371810913086,-1.05315363407135,5.601205825805664,1.8344669342041016,0.3269808888435364,-4.84957218170166,-6.840755939483643,-4.509581565856934,-2.2613437175750732,-4.9012770652771,0.5114502310752869,3.4802231788635254,-2.824632406234741,0.12301358580589294,1.3388534784317017
3.023,-0.3117106258869171,-0.25185760855674744,-1.02254056930542,-3.8541345596313477,2.6622838973999023,-1.1804988384246826,-0.0995895192027092,-0.015545884147286415,-0.9949071407318115,0.0,0.0,0.0,0.20000000298023224,-0.5098703503608704,0.08839698135852814,-0.6184791326522827,0.4926035702228546,0.39482125639915466,-0.3042145073413849,-0.11728278547525406,-0.8600945472717285,-0.8192411661148071,-0.1112608090043068,1.891304612159729,2.0959503650665283,-2.4849791526794434,-1.8496415615081787,4.264459133148193,2.5186069011688232,7.448185443878174,3.0018107891082764,-4.550401210784912,-3.361924648284912,-1.6581904888153076,-1.7221605777740479,0.3558998107910156,-3.180584669113159,2.784458637237549,-4.8946123123168945,-3.620596170425415,4.094287395477295,-0.08484797179698944,-1.0343806743621826,-0.5177865624427795,0.7567837834358215,0.11635275185108185,-1.0633909702301025,2.0277578830718994,-0.3300793170928955,1.211988091468811,2.2531094551086426,0.9945755004882812,-0.19198551774024963,-1.5746009349822998,0.1120326891541481,3.0,0.21955032646656036,-0.9679431915283203,-0.033789291977882385,0.5877577662467957,-0.3084845244884491,-0.1492018699645996,2.1049511432647705,-0.22823023796081543,1.7575833797454834,1.3696070909500122,0.7423487901687622,0.2958640158176422,-1.597424030303955,-0.2723328173160553,-0.05505404248833656,-0.41681915521621704,-0.20188456773757935,0.3850795030593872,0.3391932249069214,0.03226183354854584,0.2531638443470001,-0.8343527913093567,-0.5872055292129517,-0.3440811038017273,2.072793960571289,1.7686195373535156,-2.50240159034729,-1.7799334526062012,-0.44344744086265564,0.08768013119697571,-0.520809531211853,0.5325612425804138,0.3623974323272705,-0.3244799077510834,-0.11661047488451004,-0.8702664375305176,-0.8205885887145996,-0.12810452282428741,1.9105768203735352,2.041330337524414,-2.5038206577301025,-1.8084347248077393,5.762557506561279,-3.3066062927246094,9.954431533813477,3.691460132598877,0.7286831140518188,-0.35715436935424805,1.8514212369918823,-0.6391201615333557,-3.979166269302368,-1.274487853050232,1.2267987728118896,-5.012386798858643,-0.46264931559562683,4.048305034637451
3.04,-0.3117106258869171,-0.25185760855674744,-1.02254056930542,0.9363829493522644,-0.12202102690935135,0.17153650522232056,-0.07765813171863556,0.004389554727822542,-0.9969703555107117,0.0,0.0,0.0,0.20000000298023224,-0.4117395579814911,0.0002657577861100435,-0.4310331642627716,0.5539560317993164,0.3874545991420746,-0.28617730736732483,-0.07184708118438721,-0.862725555896759,-0.8736426830291748,-0.1821206510066986,1.9080681800842285,2.0143749713897705,-2.506406307220459,-1.8089367151260376,2.183593988418579,-12.345741271972656,9.735783576965332,1.797906517982483,0.1959865242242813,7.617156028747559,6.085330009460449,2.041083812713623,0.18350818753242493,-9.795984268188477,-1.1739624738693237,-2.8150086402893066,-0.793358564376831,0.6401177644729614,0.21955032646656036,-0.9679431915283203,-0.033789291977882385,0.5877577662467957,-0.3084845244884491,-0.1492018699645996,2.1049511432647705,-0.22823023796081543,1.7575833797454834,1.3696070909500122,0.7423487901687622,0.2958640158176422,-1.597424030303955,-0.2723328173160553,2.9809999465942383,0.2920939326286316,-0.4892219305038452,-0.20362968742847443,0.669619083404541,-0.2702047824859619,-0.3116585612297058,1.298914909362793,-0.33408114314079285,1.4847421646118164,0.746888279914856,0.1907326579093933,0.1965549886226654,-1.3644810914993286,-0.3752382695674896,0.045496463775634766,-0.3307150602340698,-0.15184970200061798,0.35994452238082886,0.3071454167366028,0.14331626892089844,0.10226066410541534,-0.8497467041015625,-0.5582172274589539,-0.6211184859275818,1.922080159187317,1.7714484930038452,-2.45327091217041,-1.844726324081421,-0.4117395579814911,0.0002657577861100435,-0.4310331642627716,0.5539560317993164,0.3874545991420746,-0.28617730736732483,-0.07184708118438721,-0.862725555896759,-0.8736426830291748,-0.1821206510066986,1.9080681800842285,2.0143749713897705,-2.506406307220459,-1.8089367151260376,2.183593988418579,-12.345741271972656,9.735783576965332,1.797906517982483,0.1959865242242813,7.617156028747559,6.085330009460449,2.041083812713623,0.18350818753242493,-9.795984268188477,-1.1739624738693237,-2.8150086402893066,-0.793358564376831,0.6401177644729614
3.061,-0.445469468832016,-0.3398979604244232,-0.7150664329528809,-0.1031276062130928,-0.660377025604248,-0.7491738200187683,-0.08852729946374893,-0.011544585227966309,-0.9960068464279175,0.0,0.0,0.0,0.20000000298023224,-0.3865116834640503,-0.3095157742500305,-0.2241128832101822,0.576388418674469,0.3608875870704651,-0.0980779305100441,0.05394313484430313,-0.8147687911987305,-0.7884135246276855,-0.3405611515045166,1.9004218578338623,1.9889572858810425,-2.4633805751800537,-1.8314663171768188,2.0705060958862305,-14.047481536865234,12.276844024658203,1.5524579286575317,-2.3727595806121826,10.728331565856934,5.361431121826172,2.9166016578674316,6.666619777679443,-11.851895332336426,-0.682995617389679,-1.666428804397583,6.20497465133667,-0.6892443895339966,0.2920939326286316,-0.4892219305038452,-0.20362968742847443,0.669619083404541,-0.2702047824859619,-0.3116585612297058,1.298914909362793,-0.33408114314079285,1.4847421646118164,0.746888279914856,0.1907326579093933,0.1965549886226654,-1.3644810914993286,-0.3752382695674896,2.9609999656677246,-0.01698341965675354,-0.23140403628349304,-0.4617382884025574,0.6014900207519531,0.05865159258246422,-0.34035825729370117,0.7417993545532227,-0.2175171971321106,1.4795856475830078,0.533555269241333,-0.09286566078662872,0.563058078289032,-1.2035335302352905,-0.4968458116054535,0.018502376973628998,-0.22320854663848877,-0.19135943055152893,0.3303447663784027,0.373335599899292,0.1916685700416565,-0.11246981471776962,-0.8283026218414307,-0.5450122356414795,-0.8129703998565674,1.7758235931396484,1.8644888401031494,-2.3884687423706055,-1.907524585723877,-0.3865116834640503,-0.3095157742500305,-0.2241128832101822,0.576388418674469,0.3608875870704651,-0.0980779305100441,0.05394313484430313,-0.8147687911987305,-0.7884135246276855,-0.3405611515045166,1.9004218578338623,1.9889572858810425,-2.4633805751800537,-1.8314663171768188,2.0705060958862305,-14.047481536865234,12.276844024658203,1.5524579286575317,-2.3727595806121826,10.728331565856934,5.361431121826172,2.9166016578674316,6.666619777679443,-11.851895332336426,-0.682995617389679,-1.666428804397583,6.20497465133667,-0.6892443895339966
3.08,-0.445469468832016,-0.3398979604244232,-0.7150664329528809,-1.4664546251296997,0.16469641029834747,-2.8767991065979004,-0.0944657027721405,0.00585451815277338,-0.9955108761787415,0.0,0.0,0.0,0.20000000298023224,-0.3082846999168396,-0.49244028329849243,-0.013581163249909878,0.6021754145622253,0.3254125714302063,0.06356880813837051,0.1460036039352417,-0.759640097618103,-0.676019549369812,-0.5364608764648438,1.9061989784240723,1.9510020017623901,-2.3904807567596436,-1.8794606924057007,6.629055500030518,-4.287084579467773,7.393315315246582,-1.0796055793762207,-1.2970861196517944,6.507019996643066,3.1444225311279297,2.60306715965271,4.525023937225342,-11.53708267211914,0.24125409126281738,-3.5585944652557373,6.780577659606934,-2.1810081005096436,-0.01698341965675354,-0.23140403628349304,-0.4617382884025574,0.6014900207519531,0.05865159258246422,-0.34035825729370117,0.7417993545532227,-0.2175171971321106,1.4795856475830078,0.533555269241333,-0.09286566078662872,0.563058078289032,-1.2035335302352905,-0.4968458116054535,2.940999984741211,-0.3090730309486389,-0.45850032567977905,-0.2580559253692627,0.5413755774497986,-0.05228687450289726,-0.09433741867542267,0.3964650630950928,-0.15243756771087646,1.5686018466949463,0.8058143854141235,0.220441535115242,0.8299240469932556,-1.3471920490264893,-0.8850573897361755,-0.06801706552505493,-0.22622935473918915,-0.16019369661808014,0.300516277551651,0.378696084022522,0.27734994888305664,-0.3061686158180237,-0.801310658454895,-0.5161556601524353,-0.8408316373825073,1.7810221910476685,1.9777253866195679,-2.391982316970825,-2.0359766483306885,-0.3082846999168396,-0.49244028329849243,-0.013581163249909878,0.6021754145622253,0.3254125714302063,0.06356880813837051,0.1460036039352417,-0.759640097618103,-0.676019549369812,-0.5364608764648438,1.9061989784240723,1.9510020017623901,-2.3904807567596436,-1.8794606924057007,6.629055500030518,-4.287084579467773,7.393315315246582,-1.0796055793762207,-1.2970861196517944,6.507019996643066,3.1444225311279297,2.60306715965271,4.525023937225342,-11.53708267211914,0.24125409126281738,-3.5585944652557373,6.780577659606934,-2.1810081005096436
3.102,-0.6611417531967163,-0.28509390354156494,-0.624679446220398,1.0122532844543457,1.2489988803863525,-3.7802717685699463,-0.07914795726537704,0.005454753525555134,-0.996847927570343,0.0,0.0,0.0,0.20000000298023224,-0.12186873704195023,-0.4945407211780548,0.020474759861826897,0.526524007320404,0.3130812644958496,0.1485590934753418,0.1617903858423233,-0.7336152195930481,-0.590863049030304,-0.7190074920654297,1.9281657934188843,1.9142234325408936,-2.3603932857513428,-1.9899113178253174,8.980268478393555,2.0217697620391846,-2.9234516620635986,-7.952527046203613,0.3461424708366394,3.171420097351074,-2.9853601455688477,-0.11479590833187103,3.1025075912475586,-6.339743614196777,1.6866302490234375,-0.31408247351646423,0.22889859974384308,-10.09577751159668,-0.3090730309486389,-0.45850032567977905,-0.2580559253692627,0.5413755774497986,-0.05228687450289726,-0.09433741867542267,0.3964650630950928,-0.15243756771087646,1.5686018466949463,0.8058143854141235,0.220441535115242,0.8299240469932556,-1.3471920490264893,-0.8850573897361755,2.9210000038146973,-1.0628650188446045,-0.16479083895683289,-0.5250594019889832,0.5135793089866638,-0.17179812490940094,-0.7613022327423096,0.43334275484085083,0.5504521727561951,1.1223087310791016,1.605901837348938,0.2991302013397217,0.9897628426551819,-1.2372593879699707,-0.8720030784606934,-0.2997247874736786,-0.1543123871088028,-0.21136170625686646,0.27865296602249146,0.3514985144138336,0.1534494161605835,-0.3937985897064209,-0.6120922565460205,-0.6133006811141968,-0.6547403335571289,1.8032937049865723,2.074303388595581,-2.36625599861145,-2.0969390869140625,-0.04222826659679413,-0.46350839734077454,-0.022621776908636093,0.4287828207015991,0.3213765621185303,0.1768571138381958,0.11112306267023087,-0.7487951517105103,-0.5664322376251221,-0.7667849063873291,1.9395620822906494,1.9083019495010376,-2.360459566116333,-2.0383620262145996,7.070347309112549,4.0720109939575195,-5.028325080871582,-10.808782577514648,1.224627137184143,2.676985263824463,-6.388971328735352,-2.4148881435394287,2.055873394012451,-3.763261079788208,0.41560086607933044,-0.42266884446144104,-0.3345433473587036,-1.8746371269226074
3.121,-0.6611417531967163,-0.28509390354156494,-0.624679446220398,3.4818975925445557,0.8879323601722717,-3.767102003097534,-0.05438406020402908,-0.0446169413626194,-0.99752277135849,0.0,0.0,0.0,0.20000000298023224,0.005867147818207741,-0.41340044140815735,-0.08189607411623001,0.31404605507850647,0.33754226565361023,0.19216379523277283,0.03164296969771385,-0.7735911011695862,-0.5629664659500122,-0.7588891983032227,1.9406027793884277,1.9219012260437012,-2.354681968688965,-2.088222026824951,1.4876121282577515,5.40635871887207,-7.255743026733398,-12.477880477905273,2.0202417373657227,0.22271575033664703,-9.334572792053223,-1.6813007593154907,-2.0481791496276855,5.107594013214111,-0.07592301815748215,2.844912528991699,2.435460090637207,-8.879349708557129,-1.0628650188446045,-0.16479083895683289,-0.5250594019889832,0.5135793089866638,-0.17179812490940094,-0.7613022327423096,0.43334275484085083,0.5504521727561951,1.1223087310791016,1.605901837348938,0.2991302013397217,0.9897628426551819,-1.2372593879699707,-0.8720030784606934,2.9010000228881836,-1.4365540742874146,-0.05035081133246422,-0.47357177734375,0.9231694340705872,-0.1928228884935379,-1.5948847532272339,0.9205214977264404,0.26013830304145813,0.9105440974235535,1.868877649307251,0.28365641832351685,0.5195954442024231,-0.7409732937812805,-0.49861833453178406,-0.5090008974075317,-0.08974389731884003,-0.22407379746437073,0.3701188564300537,0.3326435387134552,-0.11689648032188416,-0.3158189058303833,-0.5900615453720093,-0.714814305305481,-0.49595075845718384,1.810560941696167,2.0050506591796875,-2.2293214797973633,-2.034074068069458,0.005867147818207741,-0.41340044140815735,-0.08189607411623001,0.31404605507850647,0.33754226565361023,0.19216379523277283,0.03164296969771385,-0.7735911011695862,-0.5629664659500122,-0.7588891983032227,1.9406027793884277,1.9219012260437012,-2.354681968688965,-2.088222026824951,1.4876121282577515,5.40635871887207,-7.255743026733398,-12.477880477905273,2.0202417373657227,0.22271575033664703,-9.334572792053223,-1.6813007593154907,-2.0481791496276855,5.107594013214111,-0.07592301815748215,2.844912528991699,2.435460090637207,-8.879349708557129
3.141,-0.7513467669487,-0.35759660601615906,-0.6900721192359924,1.6128290891647339,0.5738765001296997,-3.198051691055298,-0.03637053817510605,-0.10078104585409164,-0.9942436218261719,0.0,0.0,0.0,0.20000000298023224,-0.07399393618106842,-0.24864062666893005,-0.2000405192375183,0.09347302466630936,0.37297990918159485,0.18566131591796875,-0.16070090234279633,-0.7714835405349731,-0.6127783060073853,-0.6430657505989075,1.8846218585968018,1.9549500942230225,-2.289580821990967,-2.072272777557373,-7.519583702087402,11.578129768371582,-3.393836259841919,-6.409276008605957,1.175439476966858,-2.8315114974975586,-9.196968078613281,1.7244023084640503,-3.9114749431610107,9.458678245544434,-5.135483741760254,1.421857237815857,10.021137237548828,5.6569294929504395,-1.4365540742874146,-0.05035081133246422,-0.47357177734375,0.9231694340705872,-0.1928228884935379,-1.5948847532272339,0.9205214977264404,0.26013830304145813,0.9105440974235535,1.868877649307251,0.28365641832351685,0.5195954442024231,-0.7409732937812805,-0.49861833453178406,2.88100004196167,-0.8732354640960693,-0.903494119644165,-0.6464582085609436,1.2907449007034302,0.18578113615512848,-1.3153575658798218,1.5546355247497559,-0.6082857847213745,1.0396560430526733,2.0575032234191895,0.4846090078353882,0.03314631059765816,-0.7482838034629822,-0.1022774875164032,-0.4728093147277832,-0.27074548602104187,-0.27365145087242126,0.507745623588562,0.4178670644760132,-0.18218763172626495,-0.11830055713653564,-0.7961521744728088,-0.7332931756973267,-0.3693995773792267,1.864432692527771,1.8488118648529053,-2.1626815795898438,-1.9035563468933105,-0.1713436096906662,-0.12486045807600021,-0.22510717809200287,0.0664106011390686,0.37703317403793335,0.14986887574195862,-0.24419452250003815,-0.7465287446975708,-0.6443197131156921,-0.5707697868347168,1.834964394569397,1.9832675457000732,-2.2311034202575684,-2.046337127685547,-11.535937309265137,12.575945854187012,-1.9260661602020264,0.05557839199900627,-0.23984284698963165,-4.10428524017334,-7.708056449890137,3.1139323711395264,-2.6283035278320312,5.524238586425781,-4.714305400848389,3.334725856781006,2.2324020862579346,1.3103890419006348
3.161,-0.7513467669487,-0.35759660601615906,-0.6900721192359924,-2.3352744579315186,-0.40603557229042053,-2.021604299545288,-0.02988084964454174,-0.09432411938905716,-0.9950929880142212,0.0,0.0,0.0,0.20000000298023224,-0.2967402935028076,-0.08139707893133163,-0.23145394027233124,0.10498664528131485,0.3790227472782135,0.1119135171175003,-0.3116604685783386,-0.7139727473258972,-0.6851006150245667,-0.5212994813919067,1.8038959503173828,1.988779902458191,-2.192535161972046,-1.9391685724258423,-12.511615753173828,4.592724800109863,0.5515264272689819,7.663496494293213,0.06545809656381607,-4.110912322998047,-4.9188551902771,3.063697338104248,-2.435462713241577,6.6090803146362305,-2.33602237701416,-0.10757017880678177,3.0941884517669678,12.465394973754883,-0.8732354640960693,-0.903494119644165,-0.6464582085609436,1.2907449007034302,0.18578113615512848,-1.3153575658798218,1.5546355247497559,-0.6082857847213745,1.0396560430526733,2.0575032234191895,0.4846090078353882,0.03314631059765816,-0.7482838034629822,-0.1022774875164032,2.8610000610351562,0.010884907096624374,-1.1666966676712036,-0.7443744540214539,1.0263131856918335,0.2024119645357132,-0.5066842436790466,1.5905869007110596,-0.6980676651000977,1.2756935358047485,1.5498077869415283,0.6545611619949341,0.15419618785381317,-1.186186671257019,0.016583573073148727,-0.23368343710899353,-0.42704689502716064,-0.3229193389415741,0.510451078414917,0.46463653445243835,-0.012664876878261566,-0.010553538799285889,-0.9216430187225342,-0.6835231781005859,-0.4330478310585022,1.933856725692749,1.800955057144165,-2.238837480545044,-1.8085823059082031,-0.4198870360851288,-0.033355679363012314,-0.22265535593032837,0.21597100794315338,0.37647679448127747,0.06770234555006027,-0.3427858054637909,-0.685872495174408,-0.7029992341995239,-0.4531530737876892,1.783555269241333,1.993139624595642,-2.1820361614227295,-1.8772234916687012,-12.288481712341309,3.5469343662261963,0.5018510222434998,12.811100006103516,-0.5964889526367188,-4.860757350921631,-1.9337793588638306,2.3883132934570312,-1.4820832014083862,5.497213363647461,-1.9517568349838257,0.251443475484848,0.11455037444829941,2.4253556728363037
3.18,-0.7230091691017151,-0.27299514412879944,-0.9594348669052124,-1.6828032732009888,-0.1091870591044426,-2.4762892723083496,-0.02992643602192402,-0.053792133927345276,-0.9981036186218262,0.0,0.0,0.0,0.20000000298023224,-0.5313057899475098,-0.024262694641947746,-0.2319803088903427,0.3474159836769104,0.3683684468269348,0.027198893949389458,-0.34733036160469055,-0.674024224281311,-0.699692964553833,-0.44336697459220886,1.7805060148239136,1.9721283912658691,-2.233868360519409,-1.810044527053833,-8.958695411682129,-1.3013505935668945,-2.306368827819824,13.176847457885742,-0.5346292853355408,-3.5639960765838623,1.0908116102218628,-0.22670766711235046,0.37672147154808044,-0.415447860956192,0.8290676474571228,-3.189021348953247,-8.698726654052734,9.172975540161133,0.010884907096624374,-1.1666966676712036,-0.7443744540214539,1.0263131856918335,0.2024119645357132,-0.5066842436790466,1.5905869007110596,-0.6980676651000977,1.2756935358047485,1.5498077869415283,0.6545611619949341,0.15419618785381317,-1.186186671257019,0.016583573073148727,2.8410000801086426,0.07507564127445221,-0.5386210680007935,-1.0386031866073608,0.9272788166999817,0.04519852623343468,-0.5934777855873108,1.1780641078948975,-0.3480618894100189,1.3609200716018677,1.5518978834152222,0.6598045229911804,0.07313001155853271,-1.4121760129928589,0.0450039878487587,-0.09807281196117401,-0.3481787145137787,-0.42111045122146606,0.4870452284812927,0.4487178921699524,0.05039811506867409,-0.05981072783470154,-0.896886944770813,-0.6373316049575806,-0.4643494486808777,1.9698795080184937,1.7567600011825562,-2.3334126472473145,-1.7539901733398438,-0.5313057899475098,-0.024262694641947746,-0.2319803088903427,0.3474159836769104,0.3683684468269348,0.027198893949389458,-0.34733036160469055,-0.674024224281311,-0.699692964553833,-0.44336697459220886,1.7805060148239136,1.9721283912658691,-2.233868360519409,-1.810044527053833,-8.958695411682129,-1.3013505935668945,-2.306368827819824,13.176847457885742,-0.5346292853355408,-3.5639960765838623,1.0908116102218628,-0.22670766711235046,0.37672147154808044,-0.415447860956192,0.8290676474571228,-3.189021348953247,-8.698726654052734,9.172975540161133
3.2,-0.7230091691017151,-0.27299514412879944,-0.9594348669052124,-0.8574924468994141,-0.3070228695869446,-3.5852346420288086,-0.03161180019378662,-0.03374708071351051,-0.9989303350448608,0.0,0.0,0.0,0.20000000298023224,-0.5946219563484192,-0.15232884883880615,-0.336733341217041,0.5704184174537659,0.3610415756702423,-0.027747539803385735,-0.28485825657844543,-0.7004848122596741,-0.6780416369438171,-0.46942758560180664,1.821191668510437,1.888412594795227,-2.3268299102783203,-1.7360197305679321,2.0063891410827637,-9.624153137207031,-8.608949661254883,8.078126907348633,-0.04973089322447777,-1.9471620321273804,4.465789318084717,-1.7925641536712646,1.3543250560760498,-1.3062958717346191,4.069320201873779,-5.57525634765625,-6.105123996734619,1.8458446264266968,0.07507564127445221,-0.5386210680007935,-1.0386031866073608,0.9272788166999817,0.04519852623343468,-0.5934777855873108,1.1780641078948975,-0.3480618894100189,1.3609200716018677,1.5518978834152222,0.6598045229911804,0.07313001155853271,-1.4121760129928589,0.0450039878487587,2.821000099182129,-0.2665663957595825,0.17579799890518188,-0.8786017298698425,0.8394289612770081,0.05412813648581505,-0.6242849230766296,0.7686895132064819,-0.23781472444534302,1.2222992181777954,1.5564285516738892,0.47301623225212097,0.20676863193511963,-1.1054307222366333,-0.20388060808181763,-0.11567800492048264,-0.13013985753059387,-0.43020564317703247,0.45337986946105957,0.4429909586906433,0.07422782480716705,-0.18678297102451324,-0.856947124004364,-0.6488909721374512,-0.4788675904273987,1.9411938190460205,1.7680721282958984,-2.304013967514038,-1.7889151573181152,-0.5946219563484192,-0.15232884883880615,-0.336733341217041,0.5704184174537659,0.3610415756702423,-0.027747539803385735,-0.28485825657844543,-0.7004848122596741,-0.6780416369438171,-0.46942758560180664,1.821191668510437,1.888412594795227,-2.3268299102783203,-1.7360197305679321,2.0063891410827637,-9.624153137207031,-8.608949661254883,8.078126907348633,-0.04973089322447777,-1.9471620321273804,4.465789318084717,-1.7925641536712646,1.3543250560760498,-1.3062958717346191,4.069320201873779,-5.57525634765625,-6.105123996734619,1.8458446264266968
3.223,-0.6785829067230225,-0.36341798305511475,-1.2839912176132202,-3.4196040630340576,-1.2183563709259033,-4.248426914215088,-0.039708949625492096,0.011718612164258957,-0.999142587184906,0.0,0.0,0.0,0.20000000298023224,-0.41833576560020447,-0.3275073170661926,-0.5063695311546326,0.694136917591095,0.3805568814277649,-0.050056640058755875,-0.18351751565933228,-0.7418361306190491,-0.6692395806312561,-0.4948789179325104,1.8799433708190918,1.7904739379882812,-2.313319206237793,-1.779465913772583,16.015029907226562,-4.043905258178711,-5.929845809936523,5.360712051391602,1.612931251525879,-0.3967486321926117,4.282497406005859,-1.544166088104248,0.213145449757576,-0.862939715385437,2.495922327041626,-5.2399468421936035,4.743485450744629,-3.4834585189819336,-0.2665663957595825,0.17579799890518188,-0.8786017298698425,0.8394289612770081,0.05412813648581505,-0.6242849230766296,0.7686895132064819,-0.23781472444534302,1.2222992181777954,1.5564285516738892,0.47301623225212097,0.20676863193511963,-1.1054307222366333,-0.20388060808181763,2.799999952316284,-0.9810014367103577,0.10690256208181381,-0.4968021512031555,0.4974629878997803,-0.04010242596268654,-0.5634661912918091,0.12830309569835663,-0.03934700787067413,1.0073742866516113,1.6952946186065674,-0.03250903636217117,0.5478036999702454,-0.8683291673660278,-0.21697929501533508,-0.30308935046195984,-0.038344286382198334,-0.3393033742904663,0.35105568170547485,0.41656988859176636,0.10134736448526382,-0.4103657007217407,-0.7873603105545044,-0.7084019184112549,-0.4514101445674896,1.8004696369171143,1.8589869737625122,-2.230039119720459,-1.809652328491211,-0.34176990389823914,-0.3420059084892273,-0.5608540177345276,0.7286294102668762,0.42174458503723145,-0.0426848940551281,-0.1390848308801651,-0.7565127015113831,-0.6932931542396545,-0.4973120093345642,1.9053418636322021,1.7487460374832153,-2.2881407737731934,-1.7947720289230347,6.894899845123291,0.9643970131874084,-4.487229824066162,2.205265760421753,4.306541442871094,1.2715376615524292,4.246501445770264,-1.5189119577407837,-1.6580983400344849,0.15322621166706085,2.4308581352233887,-3.50295090675354,1.0730220079421997,-0.19220706820487976
3.24,-0.6785829067230225,-0.36341798305511475,-1.2839912176132202,-3.6496124267578125,-1.5181901454925537,-4.060413360595703,-0.0755368173122406,0.08248758316040039,-0.9937252998352051,0.0,0.0,0.0,0.20000000298023224,-0.27054548263549805,-0.3092445731163025,-0.5793193578720093,0.7363956570625305,0.46244120597839355,-0.025868726894259453,-0.10834663361310959,-0.7710525393486023,-0.6999448537826538,-0.48239389061927795,1.914839267730713,1.7242637872695923,-2.2497873306274414,-1.8094923496246338,6.959776401519775,4.70754861831665,1.172845721244812,-0.657356321811676,3.5520360469818115,2.3418705463409424,1.0840122699737549,-1.181494951248169,0.4349299669265747,1.5036697387695312,-1.3054670095443726,-1.0353490114212036,10.897448539733887,-4.36681604385376,-0.9810014367103577,0.10690256208181381,-0.4968021512031555,0.4974629878997803,-0.04010242596268654,-0.5634661912918091,0.12830309569835663,-0.03934700787067413,1.0073742866516113,1.6952946186065674,-0.03250903636217117,0.5478036999702454,-0.8683291673660278,-0.21697929501533508,2.7809998989105225,-0.6815785765647888,-0.8679718375205994,0.3084504008293152,0.48130589723587036,0.2451619654893875,-0.36615049839019775,0.4821653962135315,-0.2685472071170807,1.1920565366744995,1.592241883277893,0.2478574514389038,0.1778605431318283,-0.7102784514427185,-0.014020895585417747,-0.3219393193721771,-0.2361651062965393,-0.09253908693790436,0.2958543300628662,0.4746754467487335,0.16423605382442474,-0.43369150161743164,-0.8098669052124023,-0.6919867992401123,-0.4634445905685425,1.8001991510391235,1.8119585514068604,-2.1535391807556152,-1.7692813873291016,-0.27054548263549805,-0.3092445731163025,-0.5793193578720093,0.7363956570625305,0.46244120597839355,-0.025868726894259453,-0.10834663361310959,-0.7710525393486023,-0.6999448537826538,-0.48239389061927795,1.914839267730713,1.7242637872695923,-2.2497873306274414,-1.8094923496246338,6.959776401519775,4.70754861831665,1.172845721244812,-0.657356321811676,3.5520360469818115,2.3418705463409424,1.0840122699737549,-1.181494951248169,0.4349299669265747,1.5036697387695312,-1.3054670095443726,-1.0353490114212036,10.897448539733887,-4.36681604385376
3.262,-1.0562766790390015,-0.8977000713348389,-1.1079137325286865,-0.3214569389820099,-0.40011993050575256,-2.598588228225708,-0.10038944333791733,0.11681047081947327,-0.9880674481391907,0.0,0.0,0.0,0.20000000298023224,-0.15989312529563904,-0.20207038521766663,-0.4440843164920807,0.7816078662872314,0.5162952542304993,0.04400667920708656,-0.17165398597717285,-0.8053091764450073,-0.6734989881515503,-0.48185768723487854,1.8596720695495605,1.7943886518478394,-2.1270458698272705,-1.7709859609603882,4.263137340545654,2.8284707069396973,11.601919174194336,2.1841580867767334,1.730006217956543,4.186030864715576,-6.537843227386475,-1.0600111484527588,1.547364592552185,0.18901556730270386,-4.823097229003906,3.316061496734619,4.043707370758057,1.4493094682693481,-0.6815785765647888,-0.8679718375205994,0.3084504008293152,0.48130589723587036,0.2451619654893875,-0.36615049839019775,0.4821653962135315,-0.2685472071170807,1.1920565366744995,1.592241883277893,0.2478574514389038,0.1778605431318283,-0.7102784514427185,-0.014020895585417747,2.759999990463257,0.0018992945551872253,-1.543962001800537,-0.12463793158531189,0.1931225061416626,0.6301118731498718,-0.48967134952545166,1.3819222450256348,0.3116976320743561,0.9592303037643433,1.641236424446106,-0.19731302559375763,0.25428372621536255,-0.496423602104187,0.11999344825744629,-0.1604948341846466,-0.5040730237960815,-0.07742902636528015,0.19620779156684875,0.5999656915664673,0.16480019688606262,-0.2204151749610901,-0.6760590076446533,-0.7419857978820801,-0.4572131931781769,1.6887712478637695,1.8075501918792725,-2.0618255138397217,-1.715592384338379,-0.13597072660923004,-0.1986813247203827,-0.3461529612541199,0.7926478981971741,0.5318450331687927,0.0838504433631897,-0.24142837524414062,-0.8129618167877197,-0.6660401821136475,-0.47561633586883545,1.823197364807129,1.8267598152160645,-2.093850612640381,-1.7700366973876953,-0.668097198009491,-2.534621238708496,-2.8238930702209473,-0.8156769871711731,1.0220797061920166,3.1491472721099854,-6.437331676483154,-1.2450121641159058,-0.14960935711860657,0.9524754285812378,4.593758583068848,3.5236687660217285,12.304150581359863,-0.5314507484436035
3.2800000000000002,-1.0562766790390015,-0.8977000713348389,-1.1079137325286865,3.183521032333374,1.604261875152588,-2.305651903152466,-0.09101025015115738,0.06968316435813904,-0.9934089779853821,0.0,0.0,0.0,0.20000000298023224,-0.15115444362163544,-0.24775034189224243,-0.38027164340019226,0.7743085622787476,0.5440177321434021,0.11307476460933685,-0.2746959328651428,-0.8159797191619873,-0.6964486837387085,-0.4668535888195038,1.8427566289901733,1.846535325050354,-2.0184717178344727,-1.7817902565002441,-2.049832582473755,-7.6256561279296875,-3.6749069690704346,-2.6524343490600586,1.049601674079895,2.738189458847046,-0.8432682752609253,0.2911069989204407,-2.974400043487549,0.5032124519348145,-1.6716386079788208,1.0394058227539062,5.759802341461182,-1.850030779838562,0.0018992945551872253,-1.543962001800537,-0.12463793158531189,0.1931225061416626,0.6301118731498718,-0.48967134952545166,1.3819222450256348,0.3116976320743561,0.9592303037643433,1.641236424446106,-0.19731302559375763,0.25428372621536255,-0.496423602104187,0.11999344825744629,2.740999937057495,0.2239760458469391,-0.7459831833839417,-0.29574471712112427,-0.29456135630607605,0.23613379895687103,-0.9885044693946838,0.9678204655647278,0.4988083243370056,1.1915196180343628,2.239877462387085,0.18086285889148712,0.8257312178611755,-1.0212546586990356,-0.20085430145263672,-0.02425340563058853,-0.438532292842865,-0.11265069246292114,0.024463556706905365,0.5641162991523743,0.04037398099899292,-0.21730245649814606,-0.562377393245697,-0.7089129686355591,-0.30443722009658813,1.7276012897491455,1.9482078552246094,-2.1471762657165527,-1.7689597606658936,-0.15115444362163544,-0.24775034189224243,-0.38027164340019226,0.7743085622787476,0.5440177321434021,0.11307476460933685,-0.2746959328651428,-0.8159797191619873,-0.6964486837387085,-0.4668535888195038,1.8427566289901733,1.846535325050354,-2.0184717178344727,-1.7817902565002441,-2.049832582473755,-7.6256561279296875,-3.6749069690704346,-2.6524343490600586,1.049601674079895,2.738189458847046,-0.8432682752609253,0.2911069989204407,-2.974400043487549,0.5032124519348145,-1.6716386079788208,1.0394058227539062,5.759802341461182,-1.850030779838562
3.305,-0.7706254720687866,-1.115373969078064,-1.1999305486679077,0.6839596629142761,0.9837935566902161,-2.1680877208709717,-0.05861648544669151,0.015942992642521858,-0.9981532692909241,0.0,0.0,0.0,0.20000000298023224,-0.15787038207054138,-0.49998852610588074,-0.3148719370365143,0.717174232006073,0.5713135004043579,0.12746356427669525,-0.23837661743164062,-0.7766761183738708,-0.7197632789611816,-0.36030808091163635,1.7047683000564575,1.8412481546401978,-2.1561076641082764,-1.867974042892456,1.7714437246322632,-4.654329776763916,7.819831848144531,-0.1362798660993576,1.2277135848999023,-1.038661003112793,0.5543583035469055,1.3917592763900757,-0.17422112822532654,3.429114818572998,-3.9653046131134033,-0.6511566638946533,-0.8442569375038147,-1.2893474102020264,0.2239760458469391,-0.7459831833839417,-0.29574471712112427,-0.29456135630607605,0.23613379895687103,-0.9885044693946838,0.9678204655647278,0.4988083243370056,1.1915196180343628,2.239877462387085,0.18086285889148712,0.8257312178611755,-1.0212546586990356,-0.20085430145263672,2.7179999351501465,-0.23572637140750885,-0.8613658547401428,-0.37134039402008057,-0.5409395098686218,0.23847343027591705,-0.6531767845153809,1.0134873390197754,0.14022910594940186,1.1945399045944214,2.3353869915008545,-0.3180449306964874,0.6580302715301514,-0.8842171430587769,-0.0802534818649292,-0.07105829566717148,-0.4346076250076294,-0.1491604447364807,-0.12300309538841248,0.546776533126831,0.061992794275283813,-0.20432937145233154,-0.595181405544281,-0.6916215419769287,-0.20417186617851257,1.6222894191741943,1.9766114950180054,-2.155592441558838,-1.7654932737350464,-0.15787038207054138,-0.49998852610588074,-0.3148719370365143,0.717174232006073,0.5713135004043579,0.12746356427669525,-0.23837661743164062,-0.7766761183738708,-0.7197632789611816,-0.36030808091163635,1.7047683000564575,1.8412481546401978,-2.1561076641082764,-1.867974042892456,1.7714437246322632,-4.654329776763916,7.819831848144531,-0.1362798660993576,1.2277135848999023,-1.038661003112793,0.5543583035469055,1.3917592763900757,-0.17422112822532654,3.429114818572998,-3.9653046131134033,-0.6511566638946533,-0.8442569375038147,-1.2893474102020264
3.322,-0.7706254720687866,-1.115373969078064,-1.1999305486679077,0.7214452624320984,0.5459940433502197,-2.63955020904541,-0.049027517437934875,0.0058692158199846745,-0.9987801909446716,0.0,0.0,0.0,0.20000000298023224,-0.1370416134595871,-0.531193733215332,-0.2316727638244629,0.7181305289268494,0.5789636969566345,0.11215377599000931,-0.23237748444080353,-0.772641122341156,-0.7084669470787048,-0.3207103908061981,1.671414852142334,1.8448173999786377,-2.1551403999328613,-1.8678946495056152,1.701412320137024,-2.589402198791504,7.910033226013184,-0.3474622666835785,-0.37699031829833984,-1.7606130838394165,1.6945089101791382,-1.1134921312332153,3.5871005058288574,5.616705894470215,-4.627779483795166,1.7887977361679077,0.14967231452465057,1.7499160766601562,-0.23572637140750885,-0.8613658547401428,-0.37134039402008057,-0.5409395098686218,0.23847343027591705,-0.6531767845153809,1.0134873390197754,0.14022910594940186,1.1945399045944214,2.3353869915008545,-0.3180449306964874,0.6580302715301514,-0.8842171430587769,-0.0802534818649292,2.7009999752044678,-0.5325087904930115,-0.9249061942100525,-0.07413350045681,-0.4467710852622986,0.37436506152153015,-0.7033193111419678,0.9437140822410583,0.1810809075832367,1.0838590860366821,2.4333689212799072,-0.4164755642414093,0.5771960020065308,-0.6884655356407166,0.12876065075397491,-0.1686563491821289,-0.448530375957489,-0.09311360120773315,-0.17319431900978088,0.5720795392990112,0.06026656925678253,-0.21528615057468414,-0.6013704538345337,-0.7106460332870483,-0.1295437067747116,1.5450258255004883,1.970604658126831,-2.1108627319335938,-1.7115064859390259,-0.11539075523614883,-0.5448668003082275,-0.1579461246728897,0.7146375179290771,0.5798521637916565,0.09581790864467621,-0.2159830629825592,-0.7823253273963928,-0.6945294141769409,-0.2767333984375,1.6327284574508667,1.8644227981567383,-2.1562933921813965,-1.8550548553466797,2.41418719291687,-0.5444836020469666,6.654971599578857,-0.5088063478469849,0.023691508919000626,-1.5575865507125854,1.506157636642456,-0.8247931599617004,0.6461939215660095,3.533221960067749,-3.1290061473846436,2.063542127609253,-0.20936265587806702,0.8857608437538147
3.342,-0.754470944404602,-1.0089881420135498,-1.2271486520767212,2.451058864593506,0.6979890465736389,-3.121594190597534,-0.036219336092472076,-0.026512030512094498,-0.9989921450614929,0.0,0.0,0.0,0.20000000298023224,-0.10317361354827881,-0.5479066371917725,-0.1009848415851593,0.7027139067649841,0.5857167840003967,0.0762375220656395,-0.20252054929733276,-0.7947059273719788,-0.7095761895179749,-0.22702659666538239,1.5932590961456299,1.8880280256271362,-2.119321584701538,-1.8431710004806519,-0.21166038513183594,-0.28833863139152527,4.7547101974487305,-1.7840864658355713,0.3673986494541168,-1.7983720302581787,1.2443369626998901,-1.6126959323883057,-0.5656487345695496,4.706282615661621,-4.291072845458984,2.769026756286621,4.542486667633057,1.28086519241333,-0.5325087904930115,-0.9249061942100525,-0.07413350045681,-0.4467710852622986,0.37436506152153015,-0.7033193111419678,0.9437140822410583,0.1810809075832367,1.0838590860366821,2.4333689212799072,-0.4164755642414093,0.5771960020065308,-0.6884655356407166,0.12876065075397491,2.680000066757202,-0.7251551747322083,-0.588057816028595,0.047209419310092926,-0.11843064427375793,0.16498826444149017,-1.159258484840393,1.1404082775115967,0.23176759481430054,0.8887104988098145,2.7637646198272705,-0.543971598148346,0.772654116153717,-0.4347976744174957,0.18327149748802185,-0.2656169533729553,-0.37127965688705444,-0.034754447638988495,-0.11620482057332993,0.532386839389801,-0.05458133667707443,-0.17159098386764526,-0.5917932987213135,-0.7689453959465027,-0.009630702435970306,1.474519968032837,2.016465902328491,-2.025080680847168,-1.6708853244781494,-0.11831662058830261,-0.5483471155166626,-0.06882680207490921,0.6780992746353149,0.5866156220436096,0.062151409685611725,-0.19187985360622406,-0.8091852068901062,-0.709513783454895,-0.19218552112579346,1.5606456995010376,1.9159451723098755,-2.104182481765747,-1.8350330591201782,-2.4493749141693115,0.1772383600473404,2.0101640224456787,-2.9997899532318115,-0.05645015835762024,-1.1736743450164795,0.8715785145759583,-1.2399307489395142,0.08255846798419952,2.7644670009613037,-2.537196636199951,2.7370805740356445,-0.08971021324396133,0.3263024091720581
3.3609999999999998,-0.754470944404602,-1.0089881420135498,-1.2271486520767212,3.401522636413574,0.8027873635292053,-3.661989450454712,-0.01654675416648388,-0.09153430163860321,-0.9956644177436829,0.0,0.0,0.0,0.20000000298023224,-0.15331928431987762,-0.5405051112174988,-0.057147059589624405,0.6417093873023987,0.5862753987312317,0.04407218471169472,-0.18122580647468567,-0.8220965266227722,-0.7196609973907471,-0.14614085853099823,1.5266293287277222,1.9427235126495361,-2.0706074237823486,-1.8315763473510742,-4.059115886688232,1.7748503684997559,0.9352849125862122,-4.1057538986206055,-0.12608225643634796,-2.860666036605835,1.7468799352645874,-1.5792359113693237,-1.9460481405258179,7.156676769256592,-5.425539970397949,2.6329643726348877,8.753423690795898,0.8795621991157532,-0.7251551747322083,-0.588057816028595,0.047209419310092926,-0.11843064427375793,0.16498826444149017,-1.159258484840393,1.1404082775115967,0.23176759481430054,0.8887104988098145,2.7637646198272705,-0.543971598148346,0.772654116153717,-0.4347976744174957,0.18327149748802185,2.6610000133514404,-0.9639952778816223,-0.44832998514175415,-0.2678101658821106,0.14182673394680023,0.08788192272186279,-1.5398361682891846,1.147649884223938,0.14582346379756927,0.7183142304420471,2.8638288974761963,-0.3813230097293854,0.7598423957824707,-0.43014776706695557,0.19502025842666626,-0.37380731105804443,-0.29772233963012695,-0.0843297690153122,-0.022645726799964905,0.4932639002799988,-0.2071497142314911,-0.1479330062866211,-0.6084907650947571,-0.8406941890716553,0.07534186542034149,1.4799292087554932,2.036193370819092,-1.9810272455215454,-1.6476376056671143,-0.19079582393169403,-0.5086072683334351,-0.05425200238823891,0.5988394021987915,0.5816327333450317,0.017297212034463882,-0.16646306216716766,-0.8360922932624817,-0.7322120070457458,-0.09260063618421555,1.4886345863342285,1.96644926071167,-2.023599147796631,-1.8233517408370972,-3.640181303024292,4.159842491149902,-0.21021117269992828,-4.488418102264404,-0.6176798939704895,-2.546924591064453,1.2955257892608643,-1.2039849758148193,-0.9576992392539978,4.171336650848389,-2.7193477153778076,2.0988049507141113,1.7657078504562378,0.6991791129112244
3.38,-0.7226535081863403,-0.7490644454956055,-1.0314465761184692,3.88368821144104,0.4926702082157135,-3.730893850326538,0.009145635180175304,-0.16901817917823792,-0.98557049036026,0.0,0.0,0.0,0.20000000298023224,-0.23535262048244476,-0.4610045850276947,-0.06959937512874603,0.5461169481277466,0.5763006806373596,-0.018276633694767952,-0.1534324288368225,-0.855166494846344,-0.7537017464637756,-0.033459439873695374,1.4658081531524658,1.9909627437591553,-1.9972561597824097,-1.8095500469207764,-5.123620986938477,5.329738140106201,-2.8597066402435303,-6.048046112060547,-0.6359825134277344,-4.55488395690918,1.3120791912078857,-2.523805618286133,-2.9014732837677,6.705649375915527,-1.8666359186172485,2.692003011703491,3.8254599571228027,1.998523235321045,-0.9639952778816223,-0.44832998514175415,-0.2678101658821106,0.14182673394680023,0.08788192272186279,-1.5398361682891846,1.147649884223938,0.14582346379756927,0.7183142304420471,2.8638288974761963,-0.3813230097293854,0.7598423957824707,-0.43014776706695557,0.19502025842666626,2.6410000324249268,-1.154481053352356,-0.3956378698348999,-0.5535590052604675,0.36111214756965637,0.03640541061758995,-1.8599574565887451,1.4049769639968872,0.0384037047624588,0.4022919237613678,2.8114266395568848,-0.2108374834060669,0.6257350444793701,-0.3024084270000458,0.28168463706970215,-0.4755239188671112,-0.24777063727378845,-0.18055462837219238,0.07895517349243164,0.4608333110809326,-0.36346423625946045,-0.0717722475528717,-0.6436944007873535,-0.955574095249176,0.10472758859395981,1.5252552032470703,2.0125303268432617,-1.9270657300949097,-1.6143476963043213,-0.23535262048244476,-0.4610045850276947,-0.06959937512874603,0.5461169481277466,0.5763006806373596,-0.018276633694767952,-0.1534324288368225,-0.855166494846344,-0.7537017464637756,-0.033459439873695374,1.4658081531524658,1.9909627437591553,-1.9972561597824097,-1.8095500469207764,-5.123620986938477,5.329738140106201,-2.8597066402435303,-6.048046112060547,-0.6359825134277344,-4.55488395690918,1.3120791912078857,-2.523805618286133,-2.9014732837677,6.705649375915527,-1.8666359186172485,2.692003011703491,3.8254599571228027,1.998523235321045
3.403,-0.7226535081863403,-0.7490644454956055,-1.0314465761184692,2.336775779724121,-0.6263309717178345,-3.340592622756958,0.009822776541113853,-0.21285036206245422,-0.9770354628562927,0.0,0.0,0.0,0.20000000298023224,-0.3518713414669037,-0.455174058675766,-0.0946408063173294,0.452300101518631,0.5531533360481262,-0.1300201714038849,-0.1338600516319275,-0.8626477122306824,-0.824086606502533,0.1436544954776764,1.476658582687378,2.0153865814208984,-1.9394419193267822,-1.7643346786499023,-7.7016425132751465,-0.7315359711647034,-2.3313395977020264,-4.82013463973999,-1.6830388307571411,-3.9544007778167725,1.5669403076171875,-0.19793851673603058,-5.41753625869751,6.50932502746582,1.3179830312728882,0.7309251427650452,3.482492208480835,3.692244529724121,-1.154481053352356,-0.3956378698348999,-0.5535590052604675,0.36111214756965637,0.03640541061758995,-1.8599574565887451,1.4049769639968872,0.0384037047624588,0.4022919237613678,2.8114266395568848,-0.2108374834060669,0.6257350444793701,-0.3024084270000458,0.28168463706970215,2.61899995803833,-0.6947062015533447,-0.6867311000823975,-0.8660032153129578,0.06413555145263672,0.33290472626686096,-1.515929102897644,1.5448765754699707,-0.2084244191646576,0.5175203680992126,2.827235221862793,-0.03733624517917633,0.3123117983341217,-0.7191551327705383,0.26633718609809875,-0.411438524723053,-0.2955681085586548,-0.3067781329154968,0.055511474609375,0.5187427997589111,-0.35561439394950867,0.0012830346822738647,-0.7230032682418823,-0.9842069149017334,0.12337259948253632,1.5912935733795166,1.922343134880066,-2.0042717456817627,-1.6015396118164062,-0.43147721886634827,-0.46144455671310425,-0.12727347016334534,0.4011215269565582,0.5299431681632996,-0.15891355276107788,-0.11324547231197357,-0.8596943616867065,-0.8692846894264221,0.18736684322357178,1.491288185119629,2.01556134223938,-1.9257086515426636,-1.7283995151519775,-7.741796016693115,-0.3774937689304352,-3.757380723953247,-5.207535743713379,-2.744832754135132,-2.262032985687256,2.378810405731201,0.7664005756378174,-3.87245512008667,3.0364904403686523,1.5220578908920288,-0.6242091655731201,0.24137946963310242,3.39504075050354
3.42,-0.5631573796272278,-0.27517348527908325,-0.7059940695762634,0.7264491319656372,-0.7447009682655334,-4.335285186767578,0.014343664050102234,-0.2410237044095993,-0.9704132080078125,0.0,0.0,0.0,0.20000000298023224,-0.49419301748275757,-0.4572538733482361,-0.17268702387809753,0.3499346375465393,0.5075274705886841,-0.18182027339935303,-0.08327767997980118,-0.8519623279571533,-0.9212943315505981,0.21590831875801086,1.5177340507507324,2.0026652812957764,-1.9758632183074951,-1.6878349781036377,-4.819106101989746,0.7544183135032654,-5.8281474113464355,-5.226595401763916,-2.012532949447632,-2.339353561401367,3.6226303577423096,0.5211742520332336,-5.160680770874023,2.2506790161132812,3.4179441928863525,-1.4901632070541382,-8.416936874389648,4.5343523025512695,-0.6947062015533447,-0.6867311000823975,-0.8660032153129578,0.06413555145263672,0.33290472626686096,-1.515929102897644,1.5448765754699707,-0.2084244191646576,0.5175203680992126,2.827235221862793,-0.03733624517917633,0.3123117983341217,-0.7191551327705383,0.26633718609809875,2.6010000705718994,-0.6095146536827087,-0.8229497075080872,-0.5771807432174683,0.3416690528392792,0.4389854371547699,-1.4593265056610107,1.171261191368103,-0.4755653738975525,0.7488460540771484,2.425621747970581,0.34413209557533264,0.4187975227832794,-1.0095707178115845,0.016355294734239578,-0.3580979108810425,-0.353521466255188,-0.2976842522621155,0.1131730005145073,0.5742177963256836,-0.33753883838653564,-0.05559317022562027,-0.8294429779052734,-0.9406919479370117,0.03229173272848129,1.719679832458496,1.903870940208435,-2.115478515625,-1.6576309204101562,-0.49419301748275757,-0.4572538733482361,-0.17268702387809753,0.3499346375465393,0.5075274705886841,-0.18182027339935303,-0.08327767997980118,-0.8519623279571533,-0.9212943315505981,0.21590831875801086,1.5177340507507324,2.0026652812957764,-1.9758632183074951,-1.6878349781036377,-4.819106101989746,0.7544183135032654,-5.8281474113464355,-5.226595401763916,-2.012532949447632,-2.339353561401367,3.6226303577423096,0.5211742520332336,-5.160680770874023,2.2506790161132812,3.4179441928863525,-1.4901632070541382,-8.416936874389648,4.5343523025512695
3.441,-0.5631573796272278,-0.27517348527908325,-0.7059940695762634,-1.627975344657898,-0.9967466592788696,-4.4804768562316895,0.01674872450530529,-0.225325807929039,-0.9741395115852356,0.0,0.0,0.0,0.20000000298023224,-0.5094632506370544,-0.4131288528442383,-0.295879065990448,0.256998747587204,0.47127315402030945,-0.20375563204288483,-0.017291126772761345,-0.8162716627120972,-0.9526454210281372,0.21578623354434967,1.6058576107025146,1.9431208372116089,-2.087066888809204,-1.6541695594787598,3.11875319480896,3.6327178478240967,-5.576008319854736,-4.408636093139648,-0.5401751399040222,0.2730241119861603,2.3092944622039795,2.0369412899017334,-0.44522663950920105,-2.267637014389038,6.548948764801025,-3.6902191638946533,-7.020005226135254,-0.956063449382782,-0.6095146536827087,-0.8229497075080872,-0.5771807432174683,0.3416690528392792,0.4389854371547699,-1.4593265056610107,1.171261191368103,-0.4755653738975525,0.7488460540771484,2.425621747970581,0.34413209557533264,0.4187975227832794,-1.0095707178115845,0.016355294734239578,2.5810000896453857,-0.7177969813346863,-1.135673999786377,-0.23346452414989471,0.47942832112312317,0.3262667655944824,-1.0249934196472168,1.1307623386383057,-0.4931115508079529,0.8289377689361572,2.015448570251465,0.3976832330226898,0.17641064524650574,-1.0675007104873657,-0.169304758310318,-0.358498215675354,-0.46067923307418823,-0.20720826089382172,0.17644357681274414,0.573775589466095,-0.21991777420043945,-0.09415598213672638,-0.8870493769645691,-0.8989115357398987,-0.11579199135303497,1.7972607612609863,1.8340381383895874,-2.1855645179748535,-1.7320916652679443,-0.4638311266899109,-0.3736894428730011,-0.3424028158187866,0.21178226172924042,0.4724946618080139,-0.20079496502876282,0.0010755393886938691,-0.8038135170936584,-0.9559400677680969,0.19213132560253143,1.6609569787979126,1.9121429920196533,-2.113678216934204,-1.65968918800354,5.545764923095703,4.158015251159668,-3.736133098602295,-4.485581874847412,0.6086775660514832,0.23838220536708832,1.4461976289749146,0.6083188652992249,-0.162999227643013,-2.267970085144043,4.668468475341797,-2.5067501068115234,-0.11485438793897629,-0.3452111482620239
3.461,-0.5892356634140015,-0.33956363797187805,-1.001936912536621,-2.5521080493927,-0.5321868062019348,-3.4744937419891357,0.01625184528529644,-0.17505668103694916,-0.9844242334365845,0.0,0.0,0.0,0.20000000298023224,-0.39855480194091797,-0.3263244926929474,-0.3520811200141907,0.18265999853610992,0.47906607389450073,-0.17955045402050018,0.002283357549458742,-0.7997530102729797,-0.9354313015937805,0.14123453199863434,1.7193450927734375,1.8935177326202393,-2.1592040061950684,-1.7097231149673462,6.888640403747559,5.017151832580566,1.5554420948028564,-1.8312454223632812,1.2017170190811157,3.110081672668457,-0.7674136161804199,-0.03361646458506584,1.4747663736343384,-6.422154426574707,5.506070137023926,-2.240292549133301,-4.574043273925781,-4.556938171386719,-0.7177969813346863,-1.135673999786377,-0.23346452414989471,0.47942832112312317,0.3262667655944824,-1.0249934196472168,1.1307623386383057,-0.4931115508079529,0.8289377689361572,2.015448570251465,0.3976832330226898,0.17641064524650574,-1.0675007104873657,-0.169304758310318,2.561000108718872,-0.7076911926269531,-1.4484747648239136,0.13324059545993805,0.5217627882957458,0.23112453520298004,-0.45825105905532837,1.1723904609680176,-0.2276262640953064,1.1246778964996338,1.618390679359436,0.16600102186203003,0.0996275395154953,-0.8478192687034607,-0.13470548391342163,-0.3561719059944153,-0.5924583077430725,-0.07029397785663605,0.21866248548030853,0.5497689247131348,-0.01942165195941925,-0.10303036123514175,-0.8494812250137329,-0.8040863275527954,-0.28909832239151,1.7781306505203247,1.7799259424209595,-2.165687084197998,-1.7606722116470337,-0.39855480194091797,-0.3263244926929474,-0.3520811200141907,0.18265999853610992,0.47906607389450073,-0.17955045402050018,0.002283357549458742,-0.7997530102729797,-0.9354313015937805,0.14123453199863434,1.7193450927734375,1.8935177326202393,-2.1592040061950684,-1.7097231149673462,6.888640403747559,5.017151832580566,1.5554420948028564,-1.8312454223632812,1.2017170190811157,3.110081672668457,-0.7674136161804199,-0.03361646458506584,1.4747663736343384,-6.422154426574707,5.506070137023926,-2.240292549133301,-4.574043273925781,-4.556938171386719
3.482,-0.5892356634140015,-0.33956363797187805,-1.001936912536621,-0.6441463828086853,0.26742830872535706,-2.1798765659332275,0.024505579844117165,-0.14498426020145416,-0.989130437374115,0.0,0.0,0.0,0.20000000298023224,-0.30128949880599976,-0.3172735869884491,-0.26115942001342773,0.14579176902770996,0.5002037286758423,-0.12753568589687347,-0.04102332144975662,-0.8258405327796936,-0.8887418508529663,-0.0373055599629879,1.7613517045974731,1.8506149053573608,-2.158841609954834,-1.7537814378738403,2.5842947959899902,-4.971224784851074,7.824529647827148,-1.3990892171859741,0.45093730092048645,3.4300038814544678,-3.243748903274536,-0.964453935623169,3.9611220359802246,-12.353625297546387,-0.9128122329711914,-2.6618921756744385,2.1981356143951416,-2.714522361755371,-0.7076911926269531,-1.4484747648239136,0.13324059545993805,0.5217627882957458,0.23112453520298004,-0.45825105905532837,1.1723904609680176,-0.2276262640953064,1.1246778964996338,1.618390679359436,0.16600102186203003,0.0996275395154953,-0.8478192687034607,-0.13470548391342163,2.5399999618530273,-0.3616058826446533,-1.0579313039779663,0.2704421281814575,0.49271559715270996,0.11414684355258942,-0.15277399122714996,1.1597862243652344,-0.08938591927289963,1.3339033126831055,1.2124814987182617,-0.2445746809244156,0.36095550656318665,-0.6415510177612305,-0.37910693883895874,-0.26848742365837097,-0.5607119798660278,0.032463543117046356,0.23251014947891235,0.5085211992263794,0.15719568729400635,-0.11061860620975494,-0.7961370944976807,-0.7043673396110535,-0.4772287905216217,1.665921688079834,1.8182017803192139,-2.1041812896728516,-1.8360629081726074,-0.29028257727622986,-0.3942348062992096,-0.17639954388141632,0.13546276092529297,0.5084942579269409,-0.09751773625612259,-0.07469039410352707,-0.8400611877441406,-0.8594168424606323,-0.13451208174228668,1.7496041059494019,1.8294421434402466,-2.1567416191101074,-1.7651461362838745,0.005805536638945341,-9.540470123291016,8.715003967285156,-0.7318540811538696,1.0597220659255981,2.6357076168060303,-3.3488690853118896,-1.6672834157943726,2.3732028007507324,-7.743781089782715,-1.3132047653198242,-1.7019740343093872,-0.8298941850662231,-0.28118327260017395
3.501,-0.5613654255867004,-0.5053967833518982,-1.6512387990951538,-2.056364059448242,0.18910503387451172,-1.694074034690857,0.03503642976284027,-0.1227688118815422,-0.9918166399002075,0.0,0.0,0.0,0.20000000298023224,-0.28455427289009094,-0.4911796748638153,-0.06924324482679367,0.1467881202697754,0.5107077360153198,-0.05633557215332985,-0.10581839084625244,-0.8471828699111938,-0.8100531101226807,-0.2391994446516037,1.7189470529556274,1.8293651342391968,-2.11659574508667,-1.8266820907592773,1.7480378150939941,-8.84469985961914,12.536811828613281,2.7374167442321777,0.10752277076244354,5.340664863586426,-2.5101044178009033,0.147345632314682,5.143415927886963,-11.976237297058105,-4.278564453125,-0.396965354681015,5.242873191833496,-5.811150550842285,-0.3616058826446533,-1.0579313039779663,0.2704421281814575,0.49271559715270996,0.11414684355258942,-0.15277399122714996,1.1597862243652344,-0.08938591927289963,1.3339033126831055,1.2124814987182617,-0.2445746809244156,0.36095550656318665,-0.6415510177612305,-0.37910693883895874,2.5209999084472656,-0.6331302523612976,-0.675571620464325,-0.29862648248672485,0.43892237544059753,0.32575103640556335,-0.23683001101016998,0.83604896068573,0.13089293241500854,1.4915493726730347,1.2651017904281616,-0.896746814250946,0.2825273871421814,-0.42757201194763184,-0.21335741877555847,-0.2925262749195099,-0.44924890995025635,-0.058424849063158035,0.22598567605018616,0.5407983660697937,0.22449034452438354,-0.19534704089164734,-0.71439528465271,-0.6150963306427002,-0.5581389665603638,1.4467741250991821,1.817732810974121,-2.0199337005615234,-1.8323208093643188,-0.28455427289009094,-0.4911796748638153,-0.06924324482679367,0.1467881202697754,0.5107077360153198,-0.05633557215332985,-0.10581839084625244,-0.8471828699111938,-0.8100531101226807,-0.2391994446516037,1.7189470529556274,1.8293651342391968,-2.11659574508667,-1.8266820907592773,1.7480378150939941,-8.84469985961914,12.536811828613281,2.7374167442321777,0.10752277076244354,5.340664863586426,-2.5101044178009033,0.147345632314682,5.143415927886963,-11.976237297058105,-4.278564453125,-0.396965354681015,5.242873191833496,-5.811150550842285
3.52,-0.5613654255867004,-0.5053967833518982,-1.6512387990951538,-0.9401148557662964,0.09617277979850769,-2.4632835388183594,0.04113875702023506,-0.08710304647684097,-0.9953495264053345,0.0,0.0,0.0,0.20000000298023224,-0.24815966188907623,-0.6356702446937561,0.15387345850467682,0.21186210215091705,0.5217064023017883,0.047023192048072815,-0.1322891265153885,-0.8368481993675232,-0.7230883240699768,-0.4119866192340851,1.6480029821395874,1.807816743850708,-2.0656721591949463,-1.8422033786773682,0.5445444583892822,-5.29616117477417,8.215886116027832,2.4003360271453857,0.9028914570808411,5.433884620666504,-0.38303932547569275,1.7082284688949585,4.934135437011719,-7.703782081604004,-5.038148880004883,-1.641196370124817,9.180591583251953,0.22717997431755066,-0.6331302523612976,-0.675571620464325,-0.29862648248672485,0.43892237544059753,0.32575103640556335,-0.23683001101016998,0.83604896068573,0.13089293241500854,1.4915493726730347,1.2651017904281616,-0.896746814250946,0.2825273871421814,-0.42757201194763184,-0.21335741877555847,2.500999927520752,-0.584878146648407,-0.41733723878860474,-0.203854039311409,0.20080158114433289,0.32659339904785156,-0.3958636522293091,0.3078710436820984,-0.028271257877349854,1.4038647413253784,1.7556443214416504,-1.0962780714035034,0.7316683530807495,-0.5380520820617676,-0.407672256231308,-0.2924826741218567,-0.32895874977111816,-0.08017593622207642,0.1631932258605957,0.5571475028991699,0.21837925910949707,-0.36975574493408203,-0.7133154273033142,-0.5923819541931152,-0.4759584069252014,1.2873175144195557,1.9297834634780884,-2.005429744720459,-1.8790284395217896,-0.24815966188907623,-0.6356702446937561,0.15387345850467682,0.21186210215091705,0.5217064023017883,0.047023192048072815,-0.1322891265153885,-0.8368481993675232,-0.7230883240699768,-0.4119866192340851,1.6480029821395874,1.807816743850708,-2.0656721591949463,-1.8422033786773682,0.5445444583892822,-5.29616117477417,8.215886116027832,2.4003360271453857,0.9028914570808411,5.433884620666504,-0.38303932547569275,1.7082284688949585,4.934135437011719,-7.703782081604004,-5.038148880004883,-1.641196370124817,9.180591583251953,0.22717997431755066
3.542,-0.505654513835907,-0.46018362045288086,-1.6464200019836426,0.0034349258057773113,0.12175281345844269,-3.2935950756073,0.04763307049870491,-0.0819535031914711,-0.9954972267150879,0.0,0.0,0.0,0.20000000298023224,-0.2761571705341339,-0.680210530757904,0.19464628398418427,0.2215932011604309,0.5439710021018982,0.12558817863464355,-0.12057285755872726,-0.7974693775177002,-0.6430927515029907,-0.4717007279396057,1.5671316385269165,1.8085867166519165,-1.9951633214950562,-1.8845876455307007,-2.55841326713562,1.6581484079360962,-2.380967378616333,-0.9895279407501221,1.2706990242004395,2.9585962295532227,0.4334351122379303,1.880092978477478,2.8949532508850098,0.024705249816179276,-4.152429103851318,1.8451061248779297,2.2080869674682617,-3.137702703475952,-0.584878146648407,-0.41733723878860474,-0.203854039311409,0.20080158114433289,0.32659339904785156,-0.3958636522293091,0.3078710436820984,-0.028271257877349854,1.4038647413253784,1.7556443214416504,-1.0962780714035034,0.7316683530807495,-0.5380520820617676,-0.407672256231308,2.4800000190734863,-0.5481963753700256,-0.18233443796634674,-0.4487904906272888,0.06925028562545776,0.456210196018219,-1.2220454216003418,0.08578921854496002,-0.14744272828102112,1.1689344644546509,2.3385064601898193,-1.2117009162902832,1.5995638370513916,-0.5079360604286194,-0.6778231859207153,-0.28329044580459595,-0.21006298065185547,-0.1522855907678604,0.09890918433666229,0.5977262854576111,0.008778274059295654,-0.5124805569648743,-0.7425683736801147,-0.6397573947906494,-0.289152592420578,1.1787335872650146,2.20278263092041,-1.990648865699768,-1.9699199199676514,-0.29893937706947327,-0.6334441304206848,0.1573745161294937,0.2091318815946579,0.5548938512802124,0.1541910618543625,-0.12157905101776123,-0.7800145745277405,-0.6220152378082275,-0.4717063009738922,1.5250935554504395,1.8272231817245483,-1.987127661705017,-1.8904963731765747,-1.9555264711380005,6.956705570220947,-4.671488285064697,-1.4034138917922974,0.8877791166305542,2.72023606300354,-0.6100221276283264,1.6710196733474731,1.6616723537445068,0.07239889353513718,-4.213713645935059,2.0147619247436523,-0.02304176799952984,0.47070443630218506
3.5620000000000003,-0.505654513835907,-0.46018362045288086,-1.6464200019836426,0.43068623542785645,0.3143981099128723,-4.258544921875,0.057947129011154175,-0.08161690086126328,-0.9949777722358704,0.0,0.0,0.0,0.20000000298023224,-0.3161546587944031,-0.5436968803405762,0.09711802005767822,0.19095909595489502,0.5685235857963562,0.16387028992176056,-0.13457486033439636,-0.7729406356811523,-0.6320511698722839,-0.4309238791465759,1.4780523777008057,1.8780207633972168,-1.9784178733825684,-1.9353530406951904,-1.538448452949524,10.571737289428711,-7.192476272583008,-2.124398708343506,1.2276804447174072,-1.1068229675292969,-2.0947489738464355,-0.31352001428604126,-0.9168817400932312,8.042329788208008,-5.288619041442871,9.011972427368164,2.290714740753174,-10.726930618286133,-0.5481963753700256,-0.18233443796634674,-0.4487904906272888,0.06925028562545776,0.456210196018219,-1.2220454216003418,0.08578921854496002,-0.14744272828102112,1.1689344644546509,2.3385064601898193,-1.2117009162902832,1.5995638370513916,-0.5079360604286194,-0.6778231859207153,2.4609999656677246,-1.6070268154144287,-0.8867046236991882,-0.5792528986930847,1.6762840747833252,0.2097749263048172,-1.869278073310852,0.6531039476394653,-0.2606787085533142,0.9796682000160217,1.9931104183197021,-0.7156254649162292,0.3706841766834259,-0.5371652245521545,-0.06445004045963287,-0.5434019565582275,-0.326707661151886,-0.22095602750778198,0.46852561831474304,0.5564068555831909,-0.2578303813934326,-0.44201427698135376,-0.7855038642883301,-0.7107616662979126,-0.2820987105369568,1.2484604120254517,2.032062292098999,-1.9905657768249512,-1.8620223999023438,-0.3241451382637024,-0.4198155403137207,0.01889842003583908,0.16153743863105774,0.5767421126365662,0.1458229124546051,-0.1657908707857132,-0.7811586856842041,-0.6356631517410278,-0.36702048778533936,1.4226073026657104,1.9626280069351196,-1.9674146175384521,-1.9811445474624634,-0.2086046189069748,13.515701293945312,-8.112464904785156,-3.6097970008850098,0.6164987683296204,-2.215304136276245,-3.921236276626587,-0.9603474736213684,-0.2355433702468872,5.001654624938965,-5.80035924911499,7.897880554199219,0.19897744059562683,-0.9216712713241577
3.58,-0.6842129826545715,-0.23269815742969513,-1.6547149419784546,0.19987395405769348,0.5040103197097778,-3.960000991821289,0.07110590487718582,-0.08473329246044159,-0.9938632845878601,0.0,0.0,0.0,0.20000000298023224,-0.332811564207077,-0.341025710105896,-0.06869301944971085,0.12811815738677979,0.5880557894706726,0.11042752116918564,-0.2165810465812683,-0.7965387105941772,-0.6439761519432068,-0.32285091280937195,1.370837688446045,2.015666961669922,-1.977339267730713,-1.89686918258667,-0.47105783224105835,0.7920063138008118,-7.213287353515625,0.03248622268438339,1.878637671470642,-4.220614910125732,-6.267524242401123,-0.5990642309188843,-0.0022179237566888332,3.867076873779297,-4.165789604187012,4.519897937774658,-1.190708041191101,8.941619873046875,-1.6070268154144287,-0.8867046236991882,-0.5792528986930847,1.6762840747833252,0.2097749263048172,-1.869278073310852,0.6531039476394653,-0.2606787085533142,0.9796682000160217,1.9931104183197021,-0.7156254649162292,0.3706841766834259,-0.5371652245521545,-0.06445004045963287,2.440999984741211,-1.1161792278289795,-0.4947695732116699,0.2479020655155182,1.977963924407959,0.38524672389030457,-1.6290273666381836,1.5320056676864624,-0.5885274410247803,1.0227031707763672,2.333885431289673,-1.0115736722946167,0.9266042113304138,-0.051211167126894,0.13825228810310364,-0.5507457852363586,-0.2870462238788605,-0.048502497375011444,0.7287538051605225,0.5796151161193848,-0.33107203245162964,-0.18705570697784424,-0.8889337778091431,-0.7355050444602966,-0.1933780014514923,1.209336757659912,2.0856821537017822,-1.8690357208251953,-1.7573981285095215,-0.3263286352157593,-0.3173545002937317,-0.11509568244218826,0.17921365797519684,0.6109437346458435,0.06968525797128677,-0.2828594148159027,-0.7865498661994934,-0.647478461265564,-0.2721957564353943,1.3303725719451904,2.059443473815918,-1.9840091466903687,-1.852990984916687,1.489661693572998,2.8788414001464844,-3.845466375350952,7.756468772888184,2.369919776916504,-4.081408500671387,-6.669462203979492,1.486826777458191,-0.6214239001274109,5.263916492462158,-4.643584728240967,4.0384111404418945,-0.20057418942451477,2.0161547660827637
3.6029999999999998,-0.6842129826545715,-0.23269815742969513,-1.6547149419784546,-2.819193124771118,0.6477944254875183,-2.6500706672668457,0.07845565676689148,-0.009736735373735428,-0.9968700408935547,0.0,0.0,0.0,0.20000000298023224,-0.31146374344825745,-0.28560250997543335,-0.14284472167491913,0.28328269720077515,0.6424242258071899,0.022859293967485428,-0.3385273218154907,-0.7826088666915894,-0.671796441078186,-0.21597257256507874,1.2667471170425415,2.099377393722534,-1.929600715637207,-1.8030974864959717,2.34230375289917,4.054917335510254,0.13458190858364105,13.992852210998535,3.4361202716827393,-5.446452617645264,-4.358982563018799,-1.0477672815322876,-2.821989059448242,5.163180828094482,2.334362268447876,4.136620998382568,13.260624885559082,10.696648597717285,-1.1161792278289795,-0.4947695732116699,0.2479020655155182,1.977963924407959,0.38524672389030457,-1.6290273666381836,1.5320056676864624,-0.5885274410247803,1.0227031707763672,2.333885431289673,-1.0115736722946167,0.9266042113304138,-0.051211167126894,0.13825228810310364,2.4189999103546143,-1.4075275659561157,-0.30958467721939087,-0.6597315073013306,1.0802912712097168,-0.07022523880004883,-0.9410508275032043,1.7637735605239868,-0.7584395408630371,1.0239380598068237,2.4408657550811768,-0.5859228372573853,0.022590558975934982,-0.14429272711277008,0.5766138434410095,-0.6272547841072083,-0.22091928124427795,-0.18918412923812866,0.6344497203826904,0.47735124826431274,-0.19569872319698334,-0.001634448766708374,-0.9831267595291138,-0.7475680112838745,-0.1222725659608841,1.2961876392364502,1.886488676071167,-1.8315410614013672,-1.595495581626892,-0.29486536979675293,-0.25467848777770996,-0.145694300532341,0.44433361291885376,0.6666358113288879,-0.028457438573241234,-0.34228911995887756,-0.7887646555900574,-0.6893576383590698,-0.16501286625862122,1.3037852048873901,2.135143518447876,-1.9297791719436646,-1.739654302597046,0.8287184834480286,1.997078776359558,-1.0842416286468506,16.60704231262207,1.6174379587173462,-4.374377250671387,1.9891046285629272,-0.15536662936210632,-0.8819864988327026,5.4417195320129395,0.1124119907617569,2.5036814212799072,-1.3609598875045776,3.034926414489746
3.621,-0.2978351414203644,-0.35666418075561523,-0.9927588105201721,1.7565257549285889,0.5184452533721924,-1.9546955823898315,0.09466669708490372,0.003344174474477768,-0.9955034255981445,0.0,0.0,0.0,0.20000000298023224,-0.3129035532474518,-0.24916177988052368,-0.16838711500167847,0.5895795822143555,0.6749768853187561,-0.0656551942229271,-0.31351491808891296,-0.7907620668411255,-0.6947358250617981,-0.12025157362222672,1.288903832435608,2.115098237991333,-1.9439034461975098,-1.6443792581558228,-5.644682884216309,-0.9607614278793335,-3.5227320194244385,11.58212661743164,-0.14684192836284637,-3.084284543991089,3.5114598274230957,-0.4416641891002655,-0.13094131648540497,3.7534093856811523,-2.796889543533325,-6.0114946365356445,-0.8121606707572937,15.905143737792969,-1.4075275659561157,-0.30958467721939087,-0.6597315073013306,1.0802912712097168,-0.07022523880004883,-0.9410508275032043,1.7637735605239868,-0.7584395408630371,1.0239380598068237,2.4408657550811768,-0.5859228372573853,0.022590558975934982,-0.14429272711277008,0.5766138434410095,2.4010000228881836,-0.841328501701355,-0.4671839773654938,-1.5864242315292358,0.21886952221393585,-0.02057707868516445,-1.30403733253479,0.9133487939834595,-0.3908419609069824,0.43709516525268555,2.5447092056274414,0.6138357520103455,-0.49662983417510986,-0.9719515442848206,0.507174551486969,-0.5239595174789429,-0.22725564241409302,-0.4911981225013733,0.3719422519207001,0.4386313557624817,-0.2187587022781372,-0.12153001129627228,-0.9383238554000854,-0.900310218334198,-0.060758985579013824,1.6395528316497803,1.6570868492126465,-2.0197083950042725,-1.5319042205810547,-0.3129035532474518,-0.24916177988052368,-0.16838711500167847,0.5895795822143555,0.6749768853187561,-0.0656551942229271,-0.31351491808891296,-0.7907620668411255,-0.6947358250617981,-0.12025157362222672,1.288903832435608,2.115098237991333,-1.9439034461975098,-1.6443792581558228,-5.644682884216309,-0.9607614278793335,-3.5227320194244385,11.58212661743164,-0.14684192836284637,-3.084284543991089,3.5114598274230957,-0.4416641891002655,-0.13094131648540497,3.7534093856811523,-2.796889543533325,-6.0114946365356445,-0.8121606707572937,15.905143737792969
3.642,-0.2978351414203644,-0.35666418075561523,-0.9927588105201721,2.9508118629455566,-0.0010623193811625242,-2.8421132564544678,0.09986569732427597,-0.04203299805521965,-0.9941127300262451,0.0,0.0,0.0,0.20000000298023224,-0.5279548168182373,-0.30619508028030396,-0.28333908319473267,0.7270200252532959,0.6310897469520569,-0.11153815686702728,-0.25832122564315796,-0.7966101169586182,-0.7206080555915833,-0.06080435961484909,1.265181064605713,1.9735839366912842,-1.9954382181167603,-1.5200196504592896,-10.895533561706543,-3.6085968017578125,-9.255753517150879,0.17882968485355377,-3.023101806640625,-3.0902140140533447,-0.4575774371623993,0.50809645652771,-4.578665256500244,3.490962505340576,7.297322750091553,-11.965782165527344,-10.455737113952637,6.686135768890381,-0.841328501701355,-0.4671839773654938,-1.5864242315292358,0.21886952221393585,-0.02057707868516445,-1.30403733253479,0.9133487939834595,-0.3908419609069824,0.43709516525268555,2.5447092056274414,0.6138357520103455,-0.49662983417510986,-0.9719515442848206,0.507174551486969,2.380000114440918,-0.4781608581542969,-0.5729824900627136,-1.1643590927124023,0.2942172884941101,-0.040123771876096725,-1.3706835508346558,0.9608672857284546,-0.42039617896080017,0.45247048139572144,2.2314090728759766,0.6321424245834351,-0.10710130631923676,-1.3855568170547485,0.15418079495429993,-0.38151997327804565,-0.2568734288215637,-0.5366888046264648,0.25952544808387756,0.41438472270965576,-0.24695023894309998,-0.16959816217422485,-0.9233109951019287,-0.9728374481201172,-0.1083272248506546,1.8158119916915894,1.639768123626709,-2.217193365097046,-1.5883569717407227,-0.6224598288536072,-0.3443358838558197,-0.39604201912879944,0.6916763782501221,0.5936424136161804,-0.1404082030057907,-0.26358988881111145,-0.7907282710075378,-0.7646102905273438,-0.032160282135009766,1.3524969816207886,1.8580595254898071,-2.0452237129211426,-1.51126229763031,-7.6740546226501465,-3.6585159301757812,-12.344497680664062,-5.766287803649902,-4.079986095428467,-2.6265740394592285,-0.08037324994802475,0.25798484683036804,-3.4079461097717285,2.212468385696411,8.838020324707031,-10.964312553405762,-0.8117269277572632,-1.6203958988189697
3.66,-0.5810409784317017,0.1574634462594986,-1.0611051321029663,0.37658384442329407,-1.0592259168624878,-4.3907694816589355,0.08952730894088745,-0.07206251472234726,-0.9933739900588989,0.0,0.0,0.0,0.20000000298023224,-0.6617006063461304,-0.36983394622802734,-0.5284590721130371,0.6193820238113403,0.5703717470169067,-0.16073434054851532,-0.26417216658592224,-0.7882117629051208,-0.7820300459861755,-0.025615263730287552,1.4657437801361084,1.7545201778411865,-2.1239500045776367,-1.567906379699707,-1.7918356657028198,-1.4900609254837036,-13.925535202026367,-8.309720039367676,-0.4218091666698456,-1.7323024272918701,0.17209990322589874,-0.12183891981840134,-2.8189332485198975,-0.3489490747451782,13.150233268737793,-10.122018814086914,-15.219099044799805,-5.870492458343506,-0.4781608581542969,-0.5729824900627136,-1.1643590927124023,0.2942172884941101,-0.040123771876096725,-1.3706835508346558,0.9608672857284546,-0.42039617896080017,0.45247048139572144,2.2314090728759766,0.6321424245834351,-0.10710130631923676,-1.3855568170547485,0.15418079495429993,2.3610000610351562,-0.4455850124359131,-0.4925716519355774,0.25303882360458374,0.6069251298904419,-0.32260027527809143,-0.9786878228187561,0.6726569533348083,-0.4811338186264038,0.8108856678009033,1.4126977920532227,0.4573902189731598,-0.022608036175370216,-1.018999457359314,-0.060133643448352814,-0.3021562397480011,-0.2515796422958374,-0.2050846964120865,0.28149402141571045,0.3316422998905182,-0.16304707527160645,-0.2656848430633545,-0.9309889078140259,-0.9194973111152649,-0.33678916096687317,1.8602535724639893,1.652232050895691,-2.2242965698242188,-1.6701619625091553,-0.6617006063461304,-0.36983394622802734,-0.5284590721130371,0.6193820238113403,0.5703717470169067,-0.16073434054851532,-0.26417216658592224,-0.7882117629051208,-0.7820300459861755,-0.025615263730287552,1.4657437801361084,1.7545201778411865,-2.1239500045776367,-1.567906379699707,-1.7918356657028198,-1.4900609254837036,-13.925535202026367,-8.309720039367676,-0.4218091666698456,-1.7323024272918701,0.17209990322589874,-0.12183891981840134,-2.8189332485198975,-0.3489490747451782,13.150233268737793,-10.122018814086914,-15.219099044799805,-5.870492458343506
3.682,-0.5810409784317017,0.1574634462594986,-1.0611051321029663,-3.8415608406066895,-0.4235401451587677,-3.863274097442627,0.08395072817802429,-0.03305906802415848,-0.9959213733673096,0.0,0.0,0.0,0.20000000298023224,-0.656996488571167,-0.33758705854415894,-0.7307144403457642,0.5316625237464905,0.5773478150367737,-0.1679665595293045,-0.25520598888397217,-0.8062150478363037,-0.8083250522613525,-0.10285624116659164,1.6646472215652466,1.7476773262023926,-2.2225873470306396,-1.6110893487930298,2.6493289470672607,5.280111789703369,-3.910543203353882,-1.117040753364563,1.0802013874053955,2.159179925918579,-0.11634793132543564,0.9879257678985596,-0.9597200751304626,-9.650755882263184,7.763018608093262,-0.2519373595714569,1.0142841339111328,-1.2840650081634521,-0.4455850124359131,-0.4925716519355774,0.25303882360458374,0.6069251298904419,-0.32260027527809143,-0.9786878228187561,0.6726569533348083,-0.4811338186264038,0.8108856678009033,1.4126977920532227,0.4573902189731598,-0.022608036175370216,-1.018999457359314,-0.060133643448352814,2.3410000801086426,-0.5061918497085571,-0.8500614166259766,0.8527352809906006,0.8033422827720642,-0.46791985630989075,-0.6270834803581238,0.8491226434707642,-0.6195517778396606,1.391944169998169,1.357742428779602,0.8053271174430847,0.13802748918533325,-0.9359667897224426,-0.1393248438835144,-0.277626097202301,-0.33830517530441284,0.1106414720416069,0.34158259630203247,0.2539411783218384,-0.0331944078207016,-0.26961174607276917,-0.9694324135780334,-0.7475626468658447,-0.4647589921951294,1.9694585800170898,1.6986229419708252,-2.207089900970459,-1.7308621406555176,-0.6228511929512024,-0.2709149420261383,-0.7341070771217346,0.5212996006011963,0.5943225026130676,-0.1519487500190735,-0.2540338635444641,-0.7910776734352112,-0.8301633596420288,-0.18505603075027466,1.7239567041397095,1.7312322854995728,-2.212368965148926,-1.6252753734588623,3.627875566482544,7.188925743103027,2.195542573928833,-1.6716991662979126,2.1135575771331787,1.169884443283081,0.34144705533981323,1.6321547031402588,-2.8859779834747314,-6.835390567779541,4.550250053405762,-2.337114095687866,0.6626996994018555,-1.8893176317214966
3.7,-0.40339091420173645,0.12857499718666077,-0.7331587076187134,-3.9624433517456055,-0.7496511340141296,-2.2766082286834717,0.07094576954841614,0.08757387101650238,-0.9936284422874451,0.0,0.0,0.0,0.20000000298023224,-0.5911162495613098,-0.2139340341091156,-0.6883410215377808,0.49760451912879944,0.603428304195404,-0.12698306143283844,-0.2549830973148346,-0.7857608199119568,-0.8346810936927795,-0.2757185995578766,1.7694861888885498,1.729598045349121,-2.2014434337615967,-1.7002580165863037,2.975266456604004,4.1215033531188965,6.6121602058410645,-2.996896266937256,-0.951287567615509,3.3273696899414062,-0.6288341879844666,-0.49001094698905945,2.8737034797668457,-9.491975784301758,4.897964000701904,-0.2991619110107422,1.1900824308395386,-5.951902389526367,-0.5061918497085571,-0.8500614166259766,0.8527352809906006,0.8033422827720642,-0.46791985630989075,-0.6270834803581238,0.8491226434707642,-0.6195517778396606,1.391944169998169,1.357742428779602,0.8053271174430847,0.13802748918533325,-0.9359667897224426,-0.1393248438835144,2.321000099182129,-0.2640306353569031,-0.7855711579322815,0.7912086248397827,0.4684799611568451,-0.3516692519187927,-0.1504700481891632,0.8000283241271973,-0.6397458910942078,1.1279386281967163,0.6459977030754089,0.5301952958106995,0.42204856872558594,-0.6786638498306274,-0.18901464343070984,-0.20482070744037628,-0.365545392036438,0.25312289595603943,0.2879112958908081,0.24415327608585358,0.15088528394699097,-0.28384876251220703,-0.9937026500701904,-0.727596640586853,-0.7066800594329834,1.9552781581878662,1.7928235530853271,-2.1341609954833984,-1.773634672164917,-0.5911162495613098,-0.2139340341091156,-0.6883410215377808,0.49760451912879944,0.603428304195404,-0.12698306143283844,-0.2549830973148346,-0.7857608199119568,-0.8346810936927795,-0.2757185995578766,1.7694861888885498,1.729598045349121,-2.2014434337615967,-1.7002580165863037,2.975266456604004,4.1215033531188965,6.6121602058410645,-2.996896266937256,-0.951287567615509,3.3273696899414062,-0.6288341879844666,-0.49001094698905945,2.8737034797668457,-9.491975784301758,4.897964000701904,-0.2991619110107422,1.1900824308395386,-5.951902389526367
3.723,-0.40339091420173645,0.12857499718666077,-0.7331587076187134,-3.689359426498413,-1.2874804735183716,-1.4406898021697998,0.045624181628227234,0.16146023571491241,-0.9858240485191345,0.0,0.0,0.0,0.20000000298023224,-0.5458229780197144,-0.19906611740589142,-0.4445129930973053,0.4200110137462616,0.5713487267494202,-0.040994562208652496,-0.2718895375728607,-0.832546055316925,-0.7442625164985657,-0.45962706208229065,1.8277933597564697,1.73369562625885,-2.1333892345428467,-1.7653027772903442,2.220881223678589,-1.8523941040039062,17.291393280029297,-4.146851539611816,-2.0492279529571533,6.096197605133057,-1.1526745557785034,-3.839165449142456,5.660194396972656,-11.886553764343262,1.3461236953735352,1.3807399272918701,4.582263469696045,-2.501098871231079,-0.2640306353569031,-0.7855711579322815,0.7912086248397827,0.4684799611568451,-0.3516692519187927,-0.1504700481891632,0.8000283241271973,-0.6397458910942078,1.1279386281967163,0.6459977030754089,0.5301952958106995,0.42204856872558594,-0.6786638498306274,-0.18901464343070984,2.299999952316284,-0.23163540661334991,-0.609473466873169,0.1312713623046875,0.5041471123695374,0.19680830836296082,-0.07407201826572418,0.5639417767524719,0.144341379404068,1.2054303884506226,0.24438953399658203,-0.3883805274963379,0.8112936615943909,-0.11558553576469421,-0.11189969629049301,-0.16031920909881592,-0.33514106273651123,0.1593792885541916,0.2699924111366272,0.37637871503829956,0.2620246410369873,-0.3499889373779297,-0.8098160028457642,-0.6982407569885254,-0.9280426502227783,1.7185440063476562,1.9372352361679077,-1.9569268226623535,-1.7757422924041748,-0.5247347950935364,-0.229814812541008,-0.27453938126564026,0.36993181705474854,0.5531342029571533,0.012829625979065895,-0.28099727630615234,-0.876672089099884,-0.6906599998474121,-0.5509481430053711,1.847631573677063,1.7449190616607666,-2.1246652603149414,-1.7710143327713013,2.0907692909240723,-3.93851375579834,16.72712516784668,-5.583927631378174,-1.608880877494812,4.753055572509766,-0.7679361701011658,-4.685725212097168,4.993241310119629,-7.225630760192871,2.2652597427368164,0.8809113502502441,-0.7570533156394958,0.0825367420911789
3.741,-0.5396583080291748,0.17812685668468475,-1.1908427476882935,-4.922566890716553,-1.5599548816680908,-1.7919458150863647,0.01224968396127224,0.24473123252391815,-0.9695135951042175,0.0,0.0,0.0,0.20000000298023224,-0.49974602460861206,-0.2697218656539917,-0.09528406709432602,0.3158819377422333,0.5482383370399475,0.06315573304891586,-0.2943970263004303,-0.9200027585029602,-0.659738302230835,-0.6428155899047852,1.8625704050064087,1.7498879432678223,-2.0632357597351074,-1.7763468027114868,2.7072720527648926,-4.116754531860352,18.6541748046875,-5.272848606109619,-1.2308858633041382,6.334682941436768,-1.533398151397705,-3.731886148452759,4.6395063400268555,-13.441064834594727,-0.6584068536758423,1.6726791858673096,16.120115280151367,-3.569795608520508,-0.23163540661334991,-0.609473466873169,0.1312713623046875,0.5041471123695374,0.19680830836296082,-0.07407201826572418,0.5639417767524719,0.144341379404068,1.2054303884506226,0.24438953399658203,-0.3883805274963379,0.8112936615943909,-0.11558553576469421,-0.11189969629049301,2.2809998989105225,-0.36190080642700195,-0.49866247177124023,-0.15931111574172974,0.5101476907730103,0.34741687774658203,0.07399255037307739,0.4457389712333679,0.40789347887039185,1.4598897695541382,0.454229474067688,-0.7767168283462524,0.45274966955184937,0.20906339585781097,0.12730422616004944,-0.17063480615615845,-0.2922361493110657,0.03986186534166336,0.26253312826156616,0.48014357686042786,0.3546104431152344,-0.41260969638824463,-0.6519846320152283,-0.6199479103088379,-0.9862639904022217,1.5030927658081055,1.9198050498962402,-1.7871475219726562,-1.7169950008392334,-0.4679569602012634,-0.3034285306930542,0.09952842444181442,0.26755252480506897,0.5524418354034424,0.11968038976192474,-0.2938452363014221,-0.9453004002571106,-0.6373986601829529,-0.7472919225692749,1.835890769958496,1.7678742408752441,-1.9490221738815308,-1.7979745864868164,3.7574691772460938,-2.6333327293395996,20.089494705200195,-4.2586798667907715,1.0890486240386963,5.0710954666137695,0.9662328958511353,-1.6284464597702026,1.376024603843689,-8.29461669921875,-3.3107540607452393,1.869636058807373,5.685000419616699,-0.8170957565307617
3.76,-0.5396583080291748,0.17812685668468475,-1.1908427476882935,-4.457071781158447,-1.153471827507019,-2.2791056632995605,-0.02927449904382229,0.344669908285141,-0.9382673501968384,0.0,0.0,0.0,0.20000000298023224,-0.4294803738594055,-0.32515132427215576,0.29304105043411255,0.2224985808134079,0.5627816319465637,0.17369581758975983,-0.28289705514907837,-0.9446742534637451,-0.6207765936851501,-0.8362833857536316,1.7826483249664307,1.7686235904693604,-1.849165439605713,-1.7577401399612427,3.4502761363983154,-2.3756229877471924,17.16836929321289,-4.969492435455322,0.6486220359802246,5.314183235168457,1.0248299837112427,1.4963358640670776,2.220008134841919,-8.078445434570312,-6.990234375,-0.41555583477020264,14.494489669799805,4.911636829376221,-0.36190080642700195,-0.49866247177124023,-0.15931111574172974,0.5101476907730103,0.34741687774658203,0.07399255037307739,0.4457389712333679,0.40789347887039185,1.4598897695541382,0.454229474067688,-0.7767168283462524,0.45274966955184937,0.20906339585781097,0.12730422616004944,2.260999917984009,-0.4050067067146301,-0.4439094066619873,-0.1287609487771988,0.7289809584617615,0.370868057012558,0.2502307891845703,0.3323616683483124,0.19391807913780212,1.355574131011963,0.7824835181236267,-1.0816435813903809,0.37506452202796936,0.45130470395088196,0.06094105541706085,-0.18656907975673676,-0.25709542632102966,-0.012259304523468018,0.31351178884506226,0.5378888249397278,0.44496291875839233,-0.4722644090652466,-0.626562774181366,-0.6068804264068604,-0.9333111047744751,1.3191354274749756,1.891668677330017,-1.641697645187378,-1.7042121887207031,-0.4294803738594055,-0.32515132427215576,0.29304105043411255,0.2224985808134079,0.5627816319465637,0.17369581758975983,-0.28289705514907837,-0.9446742534637451,-0.6207765936851501,-0.8362833857536316,1.7826483249664307,1.7686235904693604,-1.849165439605713,-1.7577401399612427,3.4502761363983154,-2.3756229877471924,17.16836929321289,-4.969492435455322,0.6486220359802246,5.314183235168457,1.0248299837112427,1.4963358640670776,2.220008134841919,-8.078445434570312,-6.990234375,-0.41555583477020264,14.494489669799805,4.911636829376221
3.782,-0.24977681040763855,0.09790346026420593,-1.1517393589019775,-3.676875114440918,0.6793287992477417,-1.9948331117630005,-0.050686631351709366,0.41822683811187744,-0.9069273471832275,0.0,0.0,0.0,0.20000000298023224,-0.3733227252960205,-0.37222906947135925,0.4871939718723297,0.14175866544246674,0.5676960349082947,0.2572478652000427,-0.2764081656932831,-0.8730913400650024,-0.5871947407722473,-0.9109373688697815,1.6753933429718018,1.7766797542572021,-1.667834997177124,-1.7272112369537354,2.1174211502075195,-1.9067689180374146,-1.0039952993392944,-1.9546756744384766,-0.021414650604128838,4.317688941955566,-2.1247410774230957,4.812094688415527,0.5862498879432678,-2.1046907901763916,5.930581569671631,0.8608697056770325,2.8419761657714844,0.5519055724143982,-0.4050067067146301,-0.4439094066619873,-0.1287609487771988,0.7289809584617615,0.370868057012558,0.2502307891845703,0.3323616683483124,0.19391807913780212,1.355574131011963,0.7824835181236267,-1.0816435813903809,0.37506452202796936,0.45130470395088196,0.06094105541706085,2.239000082015991,0.10274642705917358,-0.03412726894021034,0.05365019664168358,0.5635582208633423,0.07125605642795563,-0.4778488278388977,0.45004749298095703,-0.2668030261993408,1.5022592544555664,1.3335195779800415,-1.0557115077972412,1.522952914237976,0.22607703506946564,-0.9047150015830994,-0.06759793311357498,-0.13707953691482544,0.007282896898686886,0.2976454496383667,0.49185842275619507,0.3081192374229431,-0.472670316696167,-0.7290321588516235,-0.5636754035949707,-0.7690756320953369,1.2336398363113403,2.1645724773406982,-1.6252795457839966,-1.9392348527908325,-0.35042014718055725,-0.3793250024318695,0.476775199174881,0.1451459378004074,0.5683988332748413,0.3038407564163208,-0.29046371579170227,-0.8220363855361938,-0.5888853073120117,-0.9258174896240234,1.7360658645629883,1.7953271865844727,-1.6623780727386475,-1.723282814025879,2.2426679134368896,0.07597696781158447,-1.2233318090438843,1.844402551651001,0.06234411522746086,4.805356025695801,-0.8368881940841675,5.303531646728516,-0.6500297784805298,-0.9790685772895813,5.000415325164795,2.380074977874756,0.07140986621379852,0.7021294832229614
3.801,-0.24977681040763855,0.09790346026420593,-1.1517393589019775,-2.9346370697021484,1.8605417013168335,-2.0720672607421875,-0.04537668079137802,0.4733135402202606,-0.8797245025634766,0.0,0.0,0.0,0.20000000298023224,-0.32838910818099976,-0.3629928529262543,0.46033257246017456,0.18517380952835083,0.5577815175056458,0.33779335021972656,-0.29500097036361694,-0.7750201225280762,-0.5795628428459167,-0.894199013710022,1.772544264793396,1.8624193668365479,-1.6574392318725586,-1.8107101917266846,2.253065824508667,3.422837972640991,-1.8550833463668823,6.093563079833984,-1.2995692491531372,2.0697407722473145,-0.19306832551956177,4.1315813064575195,1.1573600769042969,6.32411527633667,2.766753673553467,11.719594955444336,0.9028871655464172,-20.656789779663086,0.10274642705917358,-0.03412726894021034,0.05365019664168358,0.5635582208633423,0.07125605642795563,-0.4778488278388977,0.45004749298095703,-0.2668030261993408,1.5022592544555664,1.3335195779800415,-1.0557115077972412,1.522952914237976,0.22607703506946564,-0.9047150015830994,2.2209999561309814,-0.5290610790252686,-0.26009610295295715,-0.933554470539093,1.2316174507141113,0.6565067768096924,-0.7328603267669678,-0.049404241144657135,0.18603432178497314,1.4977024793624878,1.4066482782363892,-0.8734474182128906,1.3246358633041382,-0.5078199505805969,-1.019830346107483,-0.16606423258781433,-0.1335637867450714,-0.22974717617034912,0.4567270874977112,0.6151559352874756,0.17594453692436218,-0.5977362394332886,-0.6670575141906738,-0.5432120561599731,-0.6686757802963257,1.2364580631256104,2.2514452934265137,-1.8005447387695312,-2.0855250358581543,-0.3047366142272949,-0.31210705637931824,0.43626371026039124,0.2525876462459564,0.5433730483055115,0.35331660509109497,-0.2936837375164032,-0.7411664724349976,-0.573148787021637,-0.843648374080658,1.7876189947128296,1.9598450660705566,-1.6446431875228882,-1.9271293878555298,2.16845703125,5.917806625366211,-3.1582484245300293,6.714285850524902,-1.6213356256484985,1.111796498298645,0.39834293723106384,2.712883710861206,0.32178983092308044,4.092822551727295,0.45387810468673706,8.138689994812012,1.5807942152023315,-4.583621978759766
3.82,0.1003488302230835,-0.35825875401496887,-0.7083436250686646,-0.6075682044029236,3.536728858947754,-2.4181652069091797,-0.020250925794243813,0.5041836500167847,-0.8633589744567871,0.0,0.0,0.0,0.20000000298023224,-0.2877618372440338,-0.25037264823913574,0.3947489261627197,0.3280547559261322,0.5286455750465393,0.34522053599357605,-0.27969759702682495,-0.7104644179344177,-0.5653780102729797,-0.7753013372421265,1.7784987688064575,2.0586767196655273,-1.642087697982788,-2.034557819366455,1.549989104270935,6.315128326416016,-4.720605373382568,8.167411804199219,-1.0503321886062622,-1.9073655605316162,2.4730262756347656,3.163771629333496,-2.033083200454712,6.485232830047607,-2.5174174308776855,9.523685455322266,-0.6373735666275024,-10.520707130432129,-0.5290610790252686,-0.26009610295295715,-0.933554470539093,1.2316174507141113,0.6565067768096924,-0.7328603267669678,-0.049404241144657135,0.18603432178497314,1.4977024793624878,1.4066482782363892,-0.8734474182128906,1.3246358633041382,-0.5078199505805969,-1.019830346107483,2.2009999752044678,-1.3329248428344727,-0.4765164256095886,-0.6046360731124878,1.484837532043457,0.1414896696805954,-0.9976285099983215,-0.07489734143018723,-0.14078816771507263,1.2685092687606812,1.720605492591858,-0.062335625290870667,0.8407884240150452,-0.9275336861610413,-0.5444343090057373,-0.4162633419036865,-0.18591099977493286,-0.2660326063632965,0.5995728969573975,0.5480504035949707,0.043665140867233276,-0.666642427444458,-0.717775821685791,-0.5902787446975708,-0.5399864912033081,1.4406450986862183,2.173919677734375,-1.9931057691574097,-2.039821147918701,-0.2877618372440338,-0.25037264823913574,0.3947489261627197,0.3280547559261322,0.5286455750465393,0.34522053599357605,-0.27969759702682495,-0.7104644179344177,-0.5653780102729797,-0.7753013372421265,1.7784987688064575,2.0586767196655273,-1.642087697982788,-2.034557819366455,1.549989104270935,6.315128326416016,-4.720605373382568,8.167411804199219,-1.0503321886062622,-1.9073655605316162,2.4730262756347656,3.163771629333496,-2.033083200454712,6.485232830047607,-2.5174174308776855,9.523685455322266,-0.6373735666275024,-10.520707130432129
3.843,0.1003488302230835,-0.35825875401496887,-0.7083436250686646,4.2574872970581055,5.186893463134766,-2.518036127090454,0.03212768957018852,0.46415552496910095,-0.8851708769798279,0.0,0.0,0.0,0.20000000298023224,-0.3165067732334137,-0.18423402309417725,0.21459485590457916,0.4453502297401428,0.485095739364624,0.26205578446388245,-0.2384319007396698,-0.6781197190284729,-0.6087229251861572,-0.656544029712677,1.715958833694458,2.174628734588623,-1.8052551746368408,-2.0304832458496094,-5.96358585357666,-1.2841835021972656,-15.717998504638672,3.618710517883301,-3.1109464168548584,-6.5249834060668945,-1.032456874847412,0.051424790173769,-0.7025642395019531,6.2806172370910645,-1.6639217138290405,3.549197196960449,-21.633859634399414,3.51535701751709,-1.3329248428344727,-0.4765164256095886,-0.6046360731124878,1.484837532043457,0.1414896696805954,-0.9976285099983215,-0.07489734143018723,-0.14078816771507263,1.2685092687606812,1.720605492591858,-0.062335625290870667,0.8407884240150452,-0.9275336861610413,-0.5444343090057373,2.180999994277954,-0.9080878496170044,-0.47631484270095825,-0.10687176883220673,1.8359544277191162,0.03832158073782921,-1.089597225189209,0.45986151695251465,-0.14924734830856323,1.3861911296844482,1.7001734972000122,0.6063699722290039,0.32624685764312744,-0.9837003946304321,-0.01945486292243004,-0.43515363335609436,-0.212034210562706,-0.15973424911499023,0.7587750554084778,0.488705575466156,-0.04546673595905304,-0.5674058198928833,-0.7452497482299805,-0.5843915939331055,-0.48074987530708313,1.709915041923523,2.006521701812744,-2.1034278869628906,-1.8857243061065674,-0.38788604736328125,-0.2074240744113922,0.0493989922106266,0.48334741592407227,0.4592265784740448,0.1948534995317459,-0.27422717213630676,-0.6759519577026367,-0.6133140325546265,-0.6111012697219849,1.676430344581604,2.200399160385132,-1.9515913724899292,-2.021120071411133,-7.483127117156982,-2.559586524963379,-16.35673713684082,4.187598705291748,-2.0383429527282715,-6.74526834487915,-5.47260856628418,0.36470827460289,-0.3448016345500946,3.3887226581573486,-5.627132415771484,1.6116563081741333,-7.8579487800598145,-0.17710861563682556
3.8609999999999998,0.12733641266822815,-0.3244013488292694,-1.013873815536499,0.9944747090339661,4.760294437408447,-2.5407421588897705,0.10204491764307022,0.4079097509384155,-0.9073017239570618,0.0,0.0,0.0,0.20000000298023224,-0.4535490870475769,-0.22335131466388702,-0.104575976729393,0.53602534532547,0.44153302907943726,0.12068992853164673,-0.34198665618896484,-0.677678108215332,-0.6066098213195801,-0.564792275428772,1.6245501041412354,2.192028284072876,-2.0311100482940674,-1.9631375074386597,-4.767059326171875,0.36013659834861755,-13.268682479858398,7.492949485778809,-1.372389316558838,-7.720832347869873,-8.021838188171387,-0.7064439058303833,0.8522483110427856,5.152537822723389,-2.334191083908081,-4.2572021484375,-13.229013442993164,15.371252059936523,-0.9080878496170044,-0.47631484270095825,-0.10687176883220673,1.8359544277191162,0.03832158073782921,-1.089597225189209,0.45986151695251465,-0.14924734830856323,1.3861911296844482,1.7001734972000122,0.6063699722290039,0.32624685764312744,-0.9837003946304321,-0.01945486292243004,2.1610000133514404,-1.196821928024292,-0.4120751917362213,0.24798983335494995,1.8499304056167603,-0.3224220275878906,-0.8802701830863953,1.0170903205871582,-0.5393165946006775,1.5371904373168945,1.6935489177703857,0.6638298630714417,0.23002704977989197,-0.7992193102836609,0.2872799038887024,-0.516782283782959,-0.20903590321540833,-0.01786966621875763,0.841870129108429,0.3688472807407379,-0.03770091384649277,-0.37848031520843506,-0.8565040230751038,-0.5436981916427612,-0.45278769731521606,1.858915090560913,1.8987675905227661,-2.112468719482422,-1.731992244720459,-0.48247644305229187,-0.20133765041828156,-0.20984140038490295,0.637831449508667,0.4359855353832245,0.05361330881714821,-0.4354197382926941,-0.6725171804428101,-0.602824330329895,-0.5351310968399048,1.6159508228302002,2.1480748653411865,-2.111006021499634,-1.8753894567489624,-1.602797508239746,3.289449453353882,-8.520474433898926,11.73279857635498,-0.04652636870741844,-6.00601053237915,-9.85982608795166,1.3475968837738037,0.3243059515953064,2.028812885284424,-0.3741052746772766,-4.434165000915527,-3.484816074371338,3.5661137104034424
3.88,0.12733641266822815,-0.3244013488292694,-1.013873815536499,-1.4319018125534058,3.6922874450683594,-1.7296173572540283,0.16055990755558014,0.4242909550666809,-0.8911777138710022,0.0,0.0,0.0,0.20000000298023224,-0.4913840889930725,-0.15984492003917694,-0.2688886523246765,0.7665945291519165,0.4288068413734436,0.002158447867259383,-0.5284959673881531,-0.6667585372924805,-0.5726950764656067,-0.5063571333885193,1.619916319847107,2.077068567276001,-2.1333489418029785,-1.7639442682266235,-0.5266701579093933,4.628541946411133,-3.6642425060272217,13.877031326293945,-0.6242920160293579,-4.037386894226074,-8.324451446533203,0.1219564899802208,2.2987537384033203,2.1336779594421387,0.9144279956817627,-7.485287189483643,-1.5092103481292725,11.6220703125,-1.196821928024292,-0.4120751917362213,0.24798983335494995,1.8499304056167603,-0.3224220275878906,-0.8802701830863953,1.0170903205871582,-0.5393165946006775,1.5371904373168945,1.6935489177703857,0.6638298630714417,0.23002704977989197,-0.7992193102836609,0.2872799038887024,2.1410000324249268,-0.9593049883842468,-0.5621785521507263,-0.6539718508720398,0.7995904088020325,-0.3893784284591675,-0.7009245753288269,0.7763118147850037,-0.4595606327056885,1.0368998050689697,1.7366212606430054,0.8195338845252991,-0.06857244670391083,-0.9472314715385437,0.23834967613220215,-0.4982174038887024,-0.24506258964538574,-0.17242780327796936,0.6208326816558838,0.29217904806137085,0.011018399149179459,-0.3442121744155884,-0.8921921253204346,-0.6484241485595703,-0.4280385375022888,1.9723410606384277,1.7702406644821167,-2.153992176055908,-1.667358636856079,-0.4913840889930725,-0.15984492003917694,-0.2688886523246765,0.7665945291519165,0.4288068413734436,0.002158447867259383,-0.5284959673881531,-0.6667585372924805,-0.5726950764656067,-0.5063571333885193,1.619916319847107,2.077068567276001,-2.1333489418029785,-1.7639442682266235,-0.5266701579093933,4.628541946411133,-3.6642425060272217,13.877031326293945,-0.6242920160293579,-4.037386894226074,-8.324451446533203,0.1219564899802208,2.2987537384033203,2.1336779594421387,0.9144279956817627,-7.485287189483643,-1.5092103481292725,11.6220703125
3.902,0.21883094310760498,-0.22808532416820526,-1.644353985786438,2.1021814346313477,3.318086624145508,-2.2629752159118652,0.20521341264247894,0.4265671670436859,-0.8808677196502686,0.0,0.0,0.0,0.20000000298023224,-0.518286406993866,-0.11685051769018173,-0.31227290630340576,0.9823391437530518,0.41105619072914124,-0.04449450597167015,-0.6305310726165771,-0.6774047613143921,-0.5758360624313354,-0.46948495507240295,1.6494755744934082,1.9305940866470337,-2.174142360687256,-1.6511536836624146,-2.9802308082580566,-2.0439746379852295,-3.7686479091644287,4.014321327209473,-1.8260571956634521,-0.9567866325378418,-2.3104488849639893,-1.506304383277893,-2.392592191696167,1.3353021144866943,2.742119312286377,-8.169966697692871,-3.5484557151794434,3.192068338394165,-0.9593049883842468,-0.5621785521507263,-0.6539718508720398,0.7995904088020325,-0.3893784284591675,-0.7009245753288269,0.7763118147850037,-0.4595606327056885,1.0368998050689697,1.7366212606430054,0.8195338845252991,-0.06857244670391083,-0.9472314715385437,0.23834967613220215,2.121000051498413,-0.6942620873451233,-0.5116661190986633,-0.3906904458999634,0.4724067747592926,-0.33591946959495544,-1.065345287322998,0.1109122559428215,-0.1334148645401001,1.0343177318572998,2.1425702571868896,0.65305095911026,0.1702459305524826,-1.0245810747146606,-0.054041989147663116,-0.4226742386817932,-0.2504478096961975,-0.18388651311397552,0.42851802706718445,0.26720964908599854,-0.05572712421417236,-0.4934280216693878,-0.8284997940063477,-0.7014326453208923,-0.3141767084598541,1.9874333143234253,1.7656817436218262,-2.194091320037842,-1.7081398963928223,-0.5513972043991089,-0.1555747389793396,-0.3551260828971863,0.9866520166397095,0.3866603672504425,-0.04943975433707237,-0.6385043859481812,-0.6988998651504517,-0.5975562930107117,-0.4594654142856598,1.6781436204910278,1.858590006828308,-2.1844820976257324,-1.6531600952148438,-3.2477669715881348,-4.934413909912109,-4.395709991455078,-2.139822483062744,-2.7908828258514404,-0.1797967255115509,0.44230183959007263,-2.7416040897369385,-2.0149788856506348,0.8490071296691895,3.0053117275238037,-6.572652816772461,0.37209242582321167,-1.3425581455230713
3.92,0.21883094310760498,-0.22808532416820526,-1.644353985786438,3.093677520751953,2.24621844291687,-2.9492578506469727,0.23515497148036957,0.395520955324173,-0.8878430724143982,0.0,0.0,0.0,0.20000000298023224,-0.5684728622436523,-0.2041475772857666,-0.3942752480506897,0.9423611760139465,0.3570506274700165,-0.057717807590961456,-0.6261743903160095,-0.7233906984329224,-0.6276088953018188,-0.42405781149864197,1.7234960794448853,1.7975231409072876,-2.1998229026794434,-1.6950641870498657,0.016381151974201202,-4.482726573944092,-3.332801103591919,-6.0809550285339355,-3.1837105751037598,-1.5573465824127197,1.1636525392532349,-2.263805866241455,-3.964228868484497,5.3417840003967285,6.1787800788879395,-6.172022342681885,-2.6049537658691406,-4.905043125152588,-0.6942620873451233,-0.5116661190986633,-0.3906904458999634,0.4724067747592926,-0.33591946959495544,-1.065345287322998,0.1109122559428215,-0.1334148645401001,1.0343177318572998,2.1425702571868896,0.65305095911026,0.1702459305524826,-1.0245810747146606,-0.054041989147663116,2.1010000705718994,-0.9715400338172913,-0.47232726216316223,0.013325002044439316,0.02086595632135868,-0.0937066525220871,-0.960346519947052,-0.34691569209098816,4.708766937255859e-06,0.8109809160232544,2.0389463901519775,0.4406861364841461,0.28717994689941406,-0.9254007935523987,-0.3145478665828705,-0.4542221426963806,-0.24330571293830872,-0.08861200511455536,0.21947550773620605,0.31527817249298096,-0.06285019218921661,-0.6824929118156433,-0.7632986903190613,-0.7837710976600647,-0.2831517457962036,1.9418882131576538,1.7926359176635742,-2.1893458366394043,-1.793656826019287,-0.5684728622436523,-0.2041475772857666,-0.3942752480506897,0.9423611760139465,0.3570506274700165,-0.057717807590961456,-0.6261743903160095,-0.7233906984329224,-0.6276088953018188,-0.42405781149864197,1.7234960794448853,1.7975231409072876,-2.1998229026794434,-1.6950641870498657,0.016381151974201202,-4.482726573944092,-3.332801103591919,-6.0809550285339355,-3.1837105751037598,-1.5573465824127197,1.1636525392532349,-2.263805866241455,-3.964228868484497,5.3417840003967285,6.1787800788879395,-6.172022342681885,-2.6049537658691406,-4.905043125152588
3.941,0.19278213381767273,-0.019244777038693428,-1.1732114553451538,1.3364850282669067,0.8732988238334656,-2.8318495750427246,0.23920924961566925,0.368304580450058,-0.8984045386314392,0.0,0.0,0.0,0.20000000298023224,-0.6358514428138733,-0.28731870651245117,-0.4233529567718506,0.7411109209060669,0.35699984431266785,-0.06371723860502243,-0.5662719011306763,-0.7628230452537537,-0.7257035374641418,-0.33866819739341736,1.822940707206726,1.7166342735290527,-2.178293228149414,-1.7964330911636353,-2.7633512020111084,-1.931395411491394,2.7058868408203125,-12.28299331665039,0.48574626445770264,0.38067296147346497,2.7138097286224365,-1.183687448501587,-4.695446014404297,2.8200395107269287,4.610187530517578,-3.792785167694092,1.9247000217437744,-3.9909489154815674,-0.9715400338172913,-0.47232726216316223,0.013325002044439316,0.02086595632135868,-0.0937066525220871,-0.960346519947052,-0.34691569209098816,4.708766937255859e-06,0.8109809160232544,2.0389463901519775,0.4406861364841461,0.28717994689941406,-0.9254007935523987,-0.3145478665828705,2.0810000896453857,-0.553684413433075,-0.43212834000587463,0.26421892642974854,0.13931480050086975,0.12778837978839874,-0.36779308319091797,-0.21958127617835999,-0.07238053530454636,0.8744223117828369,1.3279448747634888,0.41863733530044556,0.6238775253295898,-0.6390140056610107,-0.36534228920936584,-0.36553215980529785,-0.2296849489212036,0.021748729050159454,0.14456644654273987,0.39468616247177124,0.08172663301229477,-0.745191752910614,-0.748794436454773,-0.8090800046920776,-0.44538965821266174,1.91360342502594,1.8902873992919922,-2.1153764724731445,-1.849113941192627,-0.6358514428138733,-0.28731870651245117,-0.4233529567718506,0.7411109209060669,0.35699984431266785,-0.06371723860502243,-0.5662719011306763,-0.7628230452537537,-0.7257035374641418,-0.33866819739341736,1.822940707206726,1.7166342735290527,-2.178293228149414,-1.7964330911636353,-2.7633512020111084,-1.931395411491394,2.7058868408203125,-12.28299331665039,0.48574626445770264,0.38067296147346497,2.7138097286224365,-1.183687448501587,-4.695446014404297,2.8200395107269287,4.610187530517578,-3.792785167694092,1.9247000217437744,-3.9909489154815674
3.9619999999999997,0.19278213381767273,-0.019244777038693428,-1.1732114553451538,-0.851812481880188,-1.008243203163147,-2.411562204360962,0.2192920744419098,0.3748827576637268,-0.9007629752159119,0.0,0.0,0.0,0.20000000298023224,-0.6754162311553955,-0.27573737502098083,-0.26200541853904724,0.45735013484954834,0.3726464807987213,-0.027632586658000946,-0.5259571075439453,-0.7783182859420776,-0.8046354651451111,-0.3483961522579193,1.8873791694641113,1.6811999082565308,-2.106353759765625,-1.8612159490585327,-0.8125787973403931,3.288778066635132,13.697738647460938,-15.150289535522461,1.1591520309448242,3.931509256362915,0.8774813413619995,-0.31148871779441833,-3.2901859283447266,-4.663011074066162,2.012317419052124,0.6317198872566223,6.083225727081299,-3.4928438663482666,-0.553684413433075,-0.43212834000587463,0.26421892642974854,0.13931480050086975,0.12778837978839874,-0.36779308319091797,-0.21958127617835999,-0.07238053530454636,0.8744223117828369,1.3279448747634888,0.41863733530044556,0.6238775253295898,-0.6390140056610107,-0.36534228920936584,2.059999942779541,-0.4452252984046936,-0.4641976058483124,-0.18980668485164642,0.4419873058795929,0.26466935873031616,0.18372046947479248,0.16638094186782837,0.2566896677017212,1.0871708393096924,0.7430353760719299,0.012298744171857834,0.42215314507484436,0.00011251866817474365,0.1652783453464508,-0.29407238960266113,-0.2308918833732605,-0.03657730668783188,0.18278005719184875,0.4686104357242584,0.2918934226036072,-0.6800506114959717,-0.6592748165130615,-0.7685472965240479,-0.6727359890937805,1.7978763580322266,1.8886820077896118,-1.9186100959777832,-1.744187355041504,-0.6789151430130005,-0.23259477317333221,-0.10374690592288971,0.3012825548648834,0.3853461742401123,0.013185587711632252,-0.5211558938026428,-0.7828604578971863,-0.8296927213668823,-0.3829658031463623,1.908373475074768,1.69728684425354,-2.0838277339935303,-1.8663381338119507,-0.11658012121915817,4.732787609100342,16.896142959594727,-16.005979537963867,1.1570097208023071,4.057863712310791,0.08325492590665817,-0.5587479472160339,-1.618843913078308,-2.5570175647735596,2.0779967308044434,2.4308950901031494,0.06625881791114807,0.8009499907493591
3.981,-0.1437729448080063,0.10423893481492996,-1.5215872526168823,-1.22114896774292,-2.2311291694641113,-2.3182578086853027,0.16863933205604553,0.4034939706325531,-0.8993071913719177,0.0,0.0,0.0,0.20000000298023224,-0.678672730922699,-0.18607208132743835,0.07266050577163696,0.1411115676164627,0.3935202360153198,0.06955664604902267,-0.5207998156547546,-0.7838230133056641,-0.8321618437767029,-0.45201295614242554,1.9058138132095337,1.715227484703064,-2.0187058448791504,-1.80934739112854,0.11706594377756119,4.436992645263672,17.809865951538086,-15.474358558654785,0.611626148223877,7.209780216217041,0.0022820064332336187,0.21591848134994507,0.6537551283836365,-10.327893257141113,-2.7635276317596436,1.7333649396896362,15.932391166687012,9.398917198181152,-0.4452252984046936,-0.4641976058483124,-0.18980668485164642,0.4419873058795929,0.26466935873031616,0.18372046947479248,0.16638094186782837,0.2566896677017212,1.0871708393096924,0.7430353760719299,0.012298744171857834,0.42215314507484436,0.00011251866817474365,0.1652783453464508,2.0409998893737793,-0.4617064595222473,-0.6298890113830566,-0.3570525050163269,1.0547312498092651,0.47530728578567505,0.07431630045175552,0.5442314743995667,0.49554678797721863,1.1209219694137573,0.8900275230407715,-0.6099674701690674,-0.12927508354187012,0.4812065064907074,0.4737148880958557,-0.2624627947807312,-0.2729181945323944,-0.10755178332328796,0.35507285594940186,0.5582320094108582,0.3696258068084717,-0.5530174374580383,-0.5548006892204285,-0.7398431301116943,-0.7496610879898071,1.5844463109970093,1.7500221729278564,-1.6999534368515015,-1.6146149635314941,-0.676720380783081,-0.14678043127059937,0.2319929599761963,7.63134376029484e-05,0.4001883268356323,0.1384103000164032,-0.5246924757957458,-0.7784519195556641,-0.8243902325630188,-0.5332338809967041,1.8885061740875244,1.7485486268997192,-1.9105144739151,-1.7583155632019043,0.17227143049240112,3.300255298614502,13.91539192199707,-12.906821250915527,0.69986492395401,6.415634632110596,-0.6879251599311829,0.7983171343803406,0.7095416188240051,-6.40144681930542,-0.6709628105163574,4.083525657653809,5.162410736083984,2.326174020767212
4.002,-0.1437729448080063,0.10423893481492996,-1.5215872526168823,-0.22128328680992126,-0.22732557356357574,-2.0526351928710938,0.12245780229568481,0.4243050217628479,-0.8972008228302002,0.0,0.0,0.0,0.20000000298023224,-0.6772934198379517,-0.1300908625125885,0.33953988552093506,-0.11150630563497543,0.40469223260879517,0.20811478793621063,-0.5245391726493835,-0.7566801309585571,-0.8177151083946228,-0.6160215139389038,1.8533174991607666,1.747541069984436,-1.7809908390045166,-1.6564807891845703,-0.8400177955627441,-0.5658463835716248,-0.7032772302627563,-9.559236526489258,-0.03189830109477043,5.831757068634033,-2.3357832431793213,2.7377922534942627,0.3568289279937744,-6.356328964233398,6.11184549331665,-0.9826350212097168,1.0569342374801636,8.762909889221191,-0.4617064595222473,-0.6298890113830566,-0.3570525050163269,1.0547312498092651,0.47530728578567505,0.07431630045175552,0.5442314743995667,0.49554678797721863,1.1209219694137573,0.8900275230407715,-0.6099674701690674,-0.12927508354187012,0.4812065064907074,0.4737148880958557,2.0199999809265137,0.017432115972042084,-0.5671544671058655,0.4748994708061218,0.39109647274017334,0.1611916869878769,-0.34175193309783936,0.746795654296875,0.06119321286678314,1.2855950593948364,1.2509307861328125,-0.7621679306030273,0.4013529419898987,0.45219317078590393,-0.24982813000679016,-0.12687337398529053,-0.2782477140426636,0.06494897603988647,0.27531054615974426,0.5245139598846436,0.30447492003440857,-0.4388597905635834,-0.6111520528793335,-0.6843228340148926,-0.6978978514671326,1.4396811723709106,1.8133492469787598,-1.5978784561157227,-1.7307145595550537,-0.6874610781669617,-0.15005680918693542,0.29678234457969666,-0.1672000288963318,0.40122362971305847,0.2603689134120941,-0.538807213306427,-0.7209551930427551,-0.8206620812416077,-0.6668835282325745,1.9302157163619995,1.749792456626892,-1.809895396232605,-1.6252562999725342,-0.8901792764663696,-2.6111631393432617,-3.910551071166992,-2.2031047344207764,-0.1465471237897873,4.6977105140686035,-0.7395139932632446,4.074460506439209,-1.2859821319580078,-3.9986064434051514,5.823274612426758,0.9041593670845032,-2.8962554931640625,0.7862647771835327
4.022,0.5682690143585205,-0.3901103138923645,-0.8445219397544861,-1.142240047454834,1.3631274700164795,-1.1182173490524292,0.12068413943052292,0.4372093975543976,-0.8912256956100464,0.0,0.0,0.0,0.20000000298023224,-0.69444340467453,-0.18173569440841675,0.26079243421554565,-0.14698021113872528,0.3942423164844513,0.2935183048248291,-0.5441923141479492,-0.6822158694267273,-0.828262448310852,-0.6743718385696411,1.9743369817733765,1.7889633178710938,-1.835392951965332,-1.682741403579712,-0.47092586755752563,-3.320138692855835,-3.2127726078033447,5.410284996032715,-0.8715150356292725,2.471351146697998,-0.5867646932601929,4.060748100280762,-0.7528998255729675,0.23041366040706635,2.8506999015808105,4.895716190338135,-1.33965265750885,-9.236903190612793,0.017432115972042084,-0.5671544671058655,0.4748994708061218,0.39109647274017334,0.1611916869878769,-0.34175193309783936,0.746795654296875,0.06119321286678314,1.2855950593948364,1.2509307861328125,-0.7621679306030273,0.4013529419898987,0.45219317078590393,-0.24982813000679016,2.000999927520752,-0.25896942615509033,-0.07939980179071426,-0.5253178477287292,0.7661235332489014,0.3164784014225006,-0.9195563793182373,-0.08208952099084854,-0.21986627578735352,1.003782868385315,1.6806613206863403,-0.37440627813339233,1.3149441480636597,-0.4927311837673187,-1.0177712440490723,-0.12817904353141785,-0.1589738130569458,-0.09885497391223907,0.3291861414909363,0.5464766025543213,0.12744836509227753,-0.589002251625061,-0.7095925807952881,-0.7270157337188721,-0.5645835995674133,1.4642390012741089,2.0734105110168457,-1.7830719947814941,-1.9807500839233398,-0.6930062174797058,-0.21078640222549438,0.2364606112241745,-0.0515548437833786,0.3841663599014282,0.3139876127243042,-0.5534618496894836,-0.6406258344650269,-0.8378750681877136,-0.6783542633056641,1.9914751052856445,1.8191081285476685,-1.837258219718933,-1.7233245372772217,0.5455307364463806,-2.6070480346679688,-1.780206322669983,12.660423278808594,-1.1425198316574097,1.664597511291504,-1.0119171142578125,4.147233486175537,-0.9839482307434082,-0.47419804334640503,-0.08850184082984924,1.8904693126678467,1.3754775524139404,-1.0385384559631348
4.041,0.5682690143585205,-0.3901103138923645,-0.8445219397544861,-0.4597002863883972,2.056408405303955,-1.335665225982666,0.14244748651981354,0.46136733889579773,-0.8756991028785706,0.0,0.0,0.0,0.20000000298023224,-0.6844025254249573,-0.22973297536373138,0.22006288170814514,0.10683923959732056,0.37676167488098145,0.30855226516723633,-0.5565756559371948,-0.609391987323761,-0.8567137122154236,-0.6381165981292725,1.985453724861145,1.883792757987976,-1.83260178565979,-1.8623026609420776,0.7185018062591553,-1.5156937837600708,-2.06036376953125,16.702377319335938,-1.3260005712509155,-1.9019466638565063,0.8811699151992798,2.117905378341675,-1.197723627090454,4.994457244873047,-2.065373420715332,8.294305801391602,-0.1322445124387741,-19.17928695678711,-0.25896942615509033,-0.07939980179071426,-0.5253178477287292,0.7661235332489014,0.3164784014225006,-0.9195563793182373,-0.08208952099084854,-0.21986627578735352,1.003782868385315,1.6806613206863403,-0.37440627813339233,1.3149441480636597,-0.4927311837673187,-1.0177712440490723,1.9809999465942383,-0.980369508266449,0.13710957765579224,-1.1199367046356201,0.5634722709655762,0.09235650300979614,-0.6142644286155701,-0.29657304286956787,-0.05922340601682663,1.0853551626205444,1.6109631061553955,0.18107962608337402,0.17479181289672852,-0.7127532362937927,-0.28544101119041443,-0.30918189883232117,-0.04520951211452484,-0.32941165566444397,0.3054611384868622,0.501427412033081,0.11525807529687881,-0.7176944017410278,-0.7186521291732788,-0.7279690504074097,-0.5153510570526123,1.615389347076416,1.918403148651123,-1.9306743144989014,-1.9226852655410767,-0.6844025254249573,-0.22973297536373138,0.22006288170814514,0.10683923959732056,0.37676167488098145,0.30855226516723633,-0.5565756559371948,-0.609391987323761,-0.8567137122154236,-0.6381165981292725,1.985453724861145,1.883792757987976,-1.83260178565979,-1.8623026609420776,0.7185018062591553,-1.5156937837600708,-2.06036376953125,16.702377319335938,-1.3260005712509155,-1.9019466638565063,0.8811699151992798,2.117905378341675,-1.197723627090454,4.994457244873047,-2.065373420715332,8.294305801391602,-0.1322445124387741,-19.17928695678711
4.061,0.8446381092071533,-0.8429567217826843,-0.34528037905693054,1.4665242433547974,2.0504252910614014,-2.7301461696624756,0.1620381772518158,0.4554915428161621,-0.875369131565094,0.0,0.0,0.0,0.20000000298023224,-0.6846556663513184,-0.24044086039066315,0.13169020414352417,0.4051152467727661,0.33135125041007996,0.23953235149383545,-0.5191704034805298,-0.6097049713134766,-0.8538550138473511,-0.557104766368866,1.9225306510925293,1.9422693252563477,-1.8802590370178223,-1.9074902534484863,-0.5504749417304993,1.3184704780578613,-7.346433162689209,11.139779090881348,-2.8078675270080566,-4.248255252838135,1.882356882095337,-0.651879072189331,0.8834751844406128,2.656966209411621,-3.4315028190612793,-1.4266782999038696,-1.3170548677444458,3.2449684143066406,-0.980369508266449,0.13710957765579224,-1.1199367046356201,0.5634722709655762,0.09235650300979614,-0.6142644286155701,-0.29657304286956787,-0.05922340601682663,1.0853551626205444,1.6109631061553955,0.18107962608337402,0.17479181289672852,-0.7127532362937927,-0.28544101119041443,1.9609999656677246,-1.2447131872177124,-0.365729421377182,-0.965975284576416,0.9252622127532959,0.14077942073345184,-1.0042933225631714,-0.06570320576429367,-0.020986422896385193,0.5716729164123535,2.0741117000579834,0.8818119168281555,0.2608153820037842,-1.112676978111267,-0.22143590450286865,-0.4657692313194275,-0.11403711140155792,-0.4061996340751648,0.38404613733291626,0.49100857973098755,0.011655706912279129,-0.7243229746818542,-0.7136226892471313,-0.8568663001060486,-0.37494760751724243,1.8661476373672485,1.8624054193496704,-2.1044564247131348,-1.8776516914367676,-0.6846556663513184,-0.24044086039066315,0.13169020414352417,0.4051152467727661,0.33135125041007996,0.23953235149383545,-0.5191704034805298,-0.6097049713134766,-0.8538550138473511,-0.557104766368866,1.9225306510925293,1.9422693252563477,-1.8802590370178223,-1.9074902534484863,-0.5504749417304993,1.3184704780578613,-7.346433162689209,11.139779090881348,-2.8078675270080566,-4.248255252838135,1.882356882095337,-0.651879072189331,0.8834751844406128,2.656966209411621,-3.4315028190612793,-1.4266782999038696,-1.3170548677444458,3.2449684143066406
4.08,0.8446381092071533,-0.8429567217826843,-0.34528037905693054,2.5821030139923096,1.6789703369140625,-4.504863262176514,0.16235214471817017,0.42500099539756775,-0.8905144333839417,0.0,0.0,0.0,0.20000000298023224,-0.7038435339927673,-0.1793082058429718,-0.10151012986898422,0.515227735042572,0.2895467281341553,0.13912548124790192,-0.4921022951602936,-0.6323155164718628,-0.8645767569541931,-0.4942893087863922,1.8886600732803345,1.892043113708496,-1.9807242155075073,-1.876270055770874,-1.127116084098816,3.5777339935302734,-16.713930130004883,0.8867486715316772,-0.631638765335083,-6.330860137939453,-0.7497398257255554,-1.7488937377929688,-3.238481044769287,5.700540065765381,2.577446699142456,-3.1102614402770996,-17.44077491760254,2.525146484375,-1.2447131872177124,-0.365729421377182,-0.965975284576416,0.9252622127532959,0.14077942073345184,-1.0042933225631714,-0.06570320576429367,-0.020986422896385193,0.5716729164123535,2.0741117000579834,0.8818119168281555,0.2608153820037842,-1.112676978111267,-0.22143590450286865,1.940999984741211,-1.1612529754638672,-0.8447833061218262,-0.3568822145462036,1.4176771640777588,-0.10222592949867249,-1.1867977380752563,0.21698078513145447,-0.28590503334999084,0.6229660511016846,1.7846013307571411,0.8280078172683716,0.32200106978416443,-1.048785924911499,-0.23083782196044922,-0.5231978893280029,-0.2682143747806549,-0.2923203706741333,0.5464423894882202,0.4250478148460388,-0.0857715830206871,-0.6569662690162659,-0.7773375511169434,-0.9084916114807129,-0.37712347507476807,1.9780757427215576,1.8497029542922974,-2.175374746322632,-1.857485294342041,-0.7038435339927673,-0.1793082058429718,-0.10151012986898422,0.515227735042572,0.2895467281341553,0.13912548124790192,-0.4921022951602936,-0.6323155164718628,-0.8645767569541931,-0.4942893087863922,1.8886600732803345,1.892043113708496,-1.9807242155075073,-1.876270055770874,-1.127116084098816,3.5777339935302734,-16.713930130004883,0.8867486715316772,-0.631638765335083,-6.330860137939453,-0.7497398257255554,-1.7488937377929688,-3.238481044769287,5.700540065765381,2.577446699142456,-3.1102614402770996,-17.44077491760254,2.525146484375
4.102,0.8060740232467651,-0.6559249758720398,-0.7301831841468811,0.7238469123840332,0.9567220211029053,-4.0578742027282715,0.14875394105911255,0.40961194038391113,-0.900050163269043,0.0,0.0,0.0,0.20000000298023224,-0.7169787883758545,-0.09315019845962524,-0.40684401988983154,0.5208197236061096,0.28173592686653137,0.032219696789979935,-0.5531984567642212,-0.6738356947898865,-0.9266741275787354,-0.4251261353492737,1.9136688709259033,1.8546098470687866,-2.165480136871338,-1.856817603111267,-0.12127624452114105,3.624424457550049,-11.673944473266602,1.9325199127197266,-0.3186317980289459,-4.692206382751465,-4.550266265869141,-2.617663860321045,-3.508363962173462,2.0582900047302246,0.433415949344635,-0.4193311631679535,-4.689454555511475,0.3777705430984497,-1.1612529754638672,-0.8447833061218262,-0.3568822145462036,1.4176771640777588,-0.10222592949867249,-1.1867977380752563,0.21698078513145447,-0.28590503334999084,0.6229660511016846,1.7846013307571411,0.8280078172683716,0.32200106978416443,-1.048785924911499,-0.23083782196044922,1.9210000038146973,-1.0223690271377563,-0.9277443885803223,0.07703159004449844,1.2009265422821045,-0.11088239401578903,-1.2462050914764404,0.23413297533988953,-0.5120670199394226,0.6542866826057434,1.8562202453613281,0.7508541345596313,0.2437572181224823,-0.9025514721870422,-0.3419029414653778,-0.5171911716461182,-0.3660432696342468,-0.1269022822380066,0.5734528303146362,0.38990330696105957,-0.1493370682001114,-0.6189998388290405,-0.8657355308532715,-0.9264741539955139,-0.36030668020248413,2.014751434326172,1.8237907886505127,-2.1742753982543945,-1.8751683235168457,-0.7155349850654602,-0.06824622303247452,-0.4941597878932953,0.5501567721366882,0.28110864758491516,-0.0074933674186468124,-0.6012528538703918,-0.696047306060791,-0.9611470103263855,-0.4106128513813019,1.9104536771774292,1.8521956205368042,-2.17922043800354,-1.8567519187927246,0.34782156348228455,1.4818907976150513,-6.361106872558594,3.610170364379883,0.039157092571258545,-3.387864112854004,-4.778923511505127,-1.8396373987197876,-3.1709136962890625,1.085576057434082,-0.7545696496963501,-0.2717726528644562,0.04898905009031296,-0.047113534063100815
4.12,0.8060740232467651,-0.6559249758720398,-0.7301831841468811,-0.30016976594924927,0.2999834716320038,-2.498802661895752,0.1323854774236679,0.416952520608902,-0.8992356061935425,0.0,0.0,0.0,0.20000000298023224,-0.7112038731575012,-0.07234922796487808,-0.5291525721549988,0.5924490094184875,0.2818446755409241,-0.043802063912153244,-0.6444332003593445,-0.7148025035858154,-0.9900407195091248,-0.38451847434043884,1.901676058769226,1.8456093072891235,-2.179882526397705,-1.8619674444198608,0.45816129446029663,-2.2639687061309814,-0.833695113658905,4.84386682510376,0.07291840016841888,-3.2808468341827393,-3.825124740600586,-1.9547767639160156,-2.582494020462036,1.5669481754302979,-1.052192211151123,-0.8149039149284363,-0.006547453813254833,-1.245475172996521,-1.0223690271377563,-0.9277443885803223,0.07703159004449844,1.2009265422821045,-0.11088239401578903,-1.2462050914764404,0.23413297533988953,-0.5120670199394226,0.6542866826057434,1.8562202453613281,0.7508541345596313,0.2437572181224823,-0.9025514721870422,-0.3419029414653778,1.9010000228881836,-0.6426750421524048,-0.8148002624511719,0.04437042400240898,0.5616512894630432,-0.11013609915971756,-1.0158437490463257,0.14987905323505402,-0.6054375171661377,0.4618240296840668,1.7303626537322998,0.37933284044265747,0.3857470154762268,-0.722143828868866,-0.4107810854911804,-0.4192643463611603,-0.3867217004299164,-0.052358534187078476,0.4271392226219177,0.3725176453590393,-0.12352947145700455,-0.6210801601409912,-0.9332771301269531,-0.9835810661315918,-0.38336268067359924,1.940208911895752,1.84633207321167,-2.1286234855651855,-1.9012293815612793,-0.7112038731575012,-0.07234922796487808,-0.5291525721549988,0.5924490094184875,0.2818446755409241,-0.043802063912153244,-0.6444332003593445,-0.7148025035858154,-0.9900407195091248,-0.38451847434043884,1.901676058769226,1.8456093072891235,-2.179882526397705,-1.8619674444198608,0.45816129446029663,-2.2639687061309814,-0.833695113658905,4.84386682510376,0.07291840016841888,-3.2808468341827393,-3.825124740600586,-1.9547767639160156,-2.582494020462036,1.5669481754302979,-1.052192211151123,-0.8149039149284363,-0.006547453813254833,-1.245475172996521
4.141,0.8157971501350403,-0.5563274621963501,-0.9708318710327148,-0.4642319083213806,-0.04922756925225258,-2.962810516357422,0.11322540044784546,0.4272654056549072,-0.8970085382461548,0.0,0.0,0.0,0.20000000298023224,-0.7062878608703613,-0.1963953971862793,-0.4932948350906372,0.6752041578292847,0.2827903628349304,-0.09066608548164368,-0.6993419528007507,-0.7675829529762268,-1.0294089317321777,-0.3922804892063141,1.8816897869110107,1.8396176099777222,-2.1280250549316406,-1.8902664184570312,0.17657019197940826,-8.869454383850098,-3.5795700550079346,0.7811675071716309,0.02174796164035797,-2.491116523742676,-2.4959347248077393,-3.461451530456543,-1.6403701305389404,-0.03656936436891556,2.2860283851623535,-0.7662017941474915,3.1540985107421875,-0.30345046520233154,-0.6426750421524048,-0.8148002624511719,0.04437042400240898,0.5616512894630432,-0.11013609915971756,-1.0158437490463257,0.14987905323505402,-0.6054375171661377,0.4618240296840668,1.7303626537322998,0.37933284044265747,0.3857470154762268,-0.722143828868866,-0.4107810854911804,1.88100004196167,-0.6955375075340271,-0.44543659687042236,0.32690948247909546,0.36909544467926025,-0.25789695978164673,-0.9995449185371399,-0.1387118697166443,-0.5900174975395203,0.46110206842422485,1.6898653507232666,0.3253723680973053,0.652503490447998,-0.6153891682624817,-0.6279069185256958,-0.3835165500640869,-0.3047199845314026,0.05554810166358948,0.3058434724807739,0.32688456773757935,-0.10655096173286438,-0.6942680478096008,-0.9631929397583008,-1.012315034866333,-0.4050149917602539,1.889447569847107,1.9242918491363525,-2.0791091918945312,-1.9685413837432861,-0.7003903388977051,-0.2858785092830658,-0.5279140472412109,0.6667726039886475,0.2853115200996399,-0.11370711028575897,-0.7077626585960388,-0.7997035980224609,-1.0466684103012085,-0.39270928502082825,1.8955698013305664,1.825803279876709,-2.116856575012207,-1.8943763971328735,1.0721845626831055,-8.592119216918945,-3.2355053424835205,-1.892863154411316,0.4781610071659088,-2.0962464809417725,0.204226553440094,-3.0244314670562744,-1.7894134521484375,-0.05772023648023605,1.0035854578018188,-1.6425175666809082,-0.2874123156070709,-0.5467656254768372
4.16,0.8157971501350403,-0.5563274621963501,-0.9708318710327148,-2.822873592376709,-0.8007425665855408,-3.6236789226531982,0.0766998827457428,0.46295249462127686,-0.8830583691596985,0.0,0.0,0.0,0.20000000298023224,-0.6821263432502747,-0.35607674717903137,-0.5550552606582642,0.6388481855392456,0.2930283546447754,-0.12581878900527954,-0.7067343592643738,-0.8323951959609985,-1.067509412765503,-0.41267842054367065,1.9092038869857788,1.826465129852295,-2.1188900470733643,-1.949739694595337,2.547478437423706,-5.163370609283447,-2.3894827365875244,-4.152622222900391,0.8981485962867737,-1.4482477903366089,0.07028428465127945,-3.3183698654174805,-2.033445358276367,-0.40923723578453064,1.7145004272460938,0.0019368240609765053,-0.26828259229660034,-5.600286960601807,-0.6955375075340271,-0.44543659687042236,0.32690948247909546,0.36909544467926025,-0.25789695978164673,-0.9995449185371399,-0.1387118697166443,-0.5900174975395203,0.46110206842422485,1.6898653507232666,0.3253723680973053,0.652503490447998,-0.6153891682624817,-0.6279069185256958,1.8609999418258667,-0.8193406462669373,-0.3594583570957184,0.5639328956604004,0.28475695848464966,-0.3303816616535187,-0.785260021686554,-0.0779985561966896,-0.48451149463653564,0.6234678030014038,1.434039831161499,0.605510950088501,0.4607768952846527,-0.6425864100456238,-0.36685657501220703,-0.39659345149993896,-0.2422245740890503,0.16875727474689484,0.22411097586154938,0.28594687581062317,-0.04449048638343811,-0.71568363904953,-0.9517743587493896,-0.9860905408859253,-0.4797975420951843,1.9341015815734863,1.9153401851654053,-2.0611510276794434,-1.9369348287582397,-0.6821263432502747,-0.35607674717903137,-0.5550552606582642,0.6388481855392456,0.2930283546447754,-0.12581878900527954,-0.7067343592643738,-0.8323951959609985,-1.067509412765503,-0.41267842054367065,1.9092038869857788,1.826465129852295,-2.1188900470733643,-1.949739694595337,2.547478437423706,-5.163370609283447,-2.3894827365875244,-4.152622222900391,0.8981485962867737,-1.4482477903366089,0.07028428465127945,-3.3183698654174805,-2.033445358276367,-0.40923723578453064,1.7145004272460938,0.0019368240609765053,-0.26828259229660034,-5.600286960601807
4.18,0.8645027279853821,-0.2939801812171936,-0.6769432425498962,-4.506601333618164,-1.5828132629394531,-3.7456538677215576,0.017262421548366547,0.5338219404220581,-0.8454207181930542,0.0,0.0,0.0,0.20000000298023224,-0.5994191765785217,-0.37117189168930054,-0.591123640537262,0.5024744272232056,0.31002894043922424,-0.131760373711586,-0.7097612023353577,-0.888180673122406,-1.0820863246917725,-0.4440699815750122,1.9739019870758057,1.7981761693954468,-2.130751609802246,-1.9469887018203735,5.301507949829102,3.152116060256958,-1.367089867591858,-8.893218994140625,0.548434853553772,1.1020981073379517,-0.6646471619606018,-2.10684871673584,1.098109483718872,-2.540992259979248,4.634479522705078,-1.5686075687408447,-0.14176326990127563,1.9108837842941284,-0.8193406462669373,-0.3594583570957184,0.5639328956604004,0.28475695848464966,-0.3303816616535187,-0.785260021686554,-0.0779985561966896,-0.48451149463653564,0.6234678030014038,1.434039831161499,0.605510950088501,0.4607768952846527,-0.6425864100456238,-0.36685657501220703,1.840999960899353,-0.7256696224212646,-0.5787586569786072,0.6018708944320679,0.36020639538764954,-0.4515480101108551,-0.5032475590705872,0.14539889991283417,-0.35943785309791565,0.4834415316581726,0.9919005036354065,0.7713198065757751,0.47603654861450195,-0.8573904037475586,-0.24628335237503052,-0.37971413135528564,-0.26580196619033813,0.2348463535308838,0.20210708677768707,0.23518642783164978,0.057042866945266724,-0.6705421209335327,-0.9147965908050537,-1.0079848766326904,-0.6277236938476562,1.9978806972503662,1.9146792888641357,-2.1058731079101562,-1.8909882307052612,-0.5994191765785217,-0.37117189168930054,-0.591123640537262,0.5024744272232056,0.31002894043922424,-0.131760373711586,-0.7097612023353577,-0.888180673122406,-1.0820863246917725,-0.4440699815750122,1.9739019870758057,1.7981761693954468,-2.130751609802246,-1.9469887018203735,5.301507949829102,3.152116060256958,-1.367089867591858,-8.893218994140625,0.548434853553772,1.1020981073379517,-0.6646471619606018,-2.10684871673584,1.098109483718872,-2.540992259979248,4.634479522705078,-1.5686075687408447,-0.14176326990127563,1.9108837842941284
4.201,0.8645027279853821,-0.2939801812171936,-0.6769432425498962,-5.233417987823486,-1.2442187070846558,-2.9708521366119385,-0.04609081521630287,0.6148288249969482,-0.7873126268386841,0.0,0.0,0.0,0.20000000298023224,-0.4820114076137543,-0.27035126090049744,-0.6080142259597778,0.30487582087516785,0.3192295432090759,-0.07923240959644318,-0.7056950330734253,-0.9206432104110718,-1.0510634183883667,-0.5241633057594299,2.0536720752716064,1.776491403579712,-2.1496095657348633,-1.907647967338562,6.015512943267822,5.488478183746338,-0.2777644693851471,-9.890846252441406,0.5704966187477112,4.232401371002197,1.0114301443099976,-1.2520036697387695,1.9205424785614014,-5.408492088317871,3.283254384994507,-0.058652613312006,-1.7984228134155273,2.0645291805267334,-0.7256696224212646,-0.5787586569786072,0.6018708944320679,0.36020639538764954,-0.4515480101108551,-0.5032475590705872,0.14539889991283417,-0.35943785309791565,0.4834415316581726,0.9919005036354065,0.7713198065757751,0.47603654861450195,-0.8573904037475586,-0.24628335237503052,1.8209999799728394,-0.6175081729888916,-0.5811901092529297,0.6376392245292664,0.4713915288448334,-0.5334163904190063,-0.5583118796348572,0.1770133227109909,-0.3277120888233185,0.628826916217804,0.832648754119873,0.8564056158065796,0.40670517086982727,-1.0220351219177246,-0.0501367524266243,-0.3442341089248657,-0.2781985104084015,0.2768329977989197,0.21890142560005188,0.18933911621570587,0.09404346346855164,-0.6400676965713501,-0.8883762955665588,-0.9825857281684875,-0.741499662399292,2.051041603088379,1.897015929222107,-2.1693954467773438,-1.8189783096313477,-0.423308789730072,-0.2214454561471939,-0.6066045165061951,0.2125156819820404,0.3244324028491974,-0.037482913583517075,-0.6967488527297974,-0.9321686625480652,-1.0340304374694824,-0.5647282600402832,2.0820858478546143,1.7837481498718262,-2.16526198387146,-1.9010601043701172,5.729620933532715,4.277938365936279,0.5528850555419922,-8.538775444030762,0.4917027950286865,4.064204692840576,0.7046842575073242,-1.0601688623428345,1.3923876285552979,-3.122901439666748,2.4404397010803223,1.1760380268096924,-1.2537264823913574,0.0437706783413887
4.222,0.9909964203834534,-0.35860705375671387,-0.610901951789856,-5.953783988952637,-0.6320062875747681,-1.5398026704788208,-0.088120236992836,0.6957453489303589,-0.7128626704216003,0.0,0.0,0.0,0.20000000298023224,-0.3658140003681183,-0.18558134138584137,-0.5934500694274902,0.1385175585746765,0.32748982310295105,0.011346222832798958,-0.6867070198059082,-0.937080979347229,-1.0191969871520996,-0.6154429912567139,2.101783514022827,1.7846609354019165,-2.186873197555542,-1.8564187288284302,5.700656890869141,3.017906427383423,1.9840328693389893,-6.026335716247559,0.3521673381328583,5.3841681480407715,1.4198729991912842,-0.04747789353132248,1.3171979188919067,-5.9905242919921875,1.311622977256775,0.026194391772150993,-2.002338409423828,6.437829971313477,-0.6175081729888916,-0.5811901092529297,0.6376392245292664,0.4713915288448334,-0.5334163904190063,-0.5583118796348572,0.1770133227109909,-0.3277120888233185,0.628826916217804,0.832648754119873,0.8564056158065796,0.40670517086982727,-1.0220351219177246,-0.0501367524266243,1.7999999523162842,-0.5826597809791565,-0.42217063903808594,0.7709342241287231,0.5625993013381958,-0.8120676875114441,-0.7236210703849792,0.27439987659454346,-0.5106055736541748,0.7632991671562195,0.6453638076782227,0.7846493721008301,0.5162766575813293,-1.0250035524368286,-0.3074963092803955,-0.3177819848060608,-0.24464191496372223,0.3311500549316406,0.2501005530357361,0.09675263613462448,0.07121646404266357,-0.6004838943481445,-0.9208894968032837,-0.9362680912017822,-0.8452088832855225,2.059683084487915,1.9155771732330322,-2.2018985748291016,-1.8473131656646729,-0.30847856402397156,-0.16574381291866302,-0.5663030743598938,0.10068798065185547,0.32868683338165283,0.05714527517557144,-0.6764888167381287,-0.9369766116142273,-1.008428692817688,-0.6584143042564392,2.1120645999908447,1.8040751218795776,-2.204569101333618,-1.830411434173584,5.680593490600586,1.094462275505066,3.3663313388824463,-2.14516544342041,0.029950100928544998,3.9723751544952393,0.6776553392410278,0.2019643634557724,0.6333450078964233,-3.3269712924957275,0.6438973546028137,2.7046473026275635,-1.4062055349349976,0.9608380198478699
4.241,0.9909964203834534,-0.35860705375671387,-0.610901951789856,-6.606022357940674,-0.013842212967574596,-0.13500931859016418,-0.10252276808023453,0.7784104943275452,-0.619327187538147,0.0,0.0,0.0,0.20000000298023224,-0.2512235641479492,-0.16048650443553925,-0.5257596373558044,0.10399293899536133,0.3238410949707031,0.09229873865842819,-0.6658995747566223,-0.94073885679245,-0.9963879585266113,-0.7098396420478821,2.1109094619750977,1.8530168533325195,-2.223177194595337,-1.8485009670257568,5.793819904327393,0.2127358615398407,4.720711708068848,1.876707673072815,-0.7384819984436035,2.80192494392395,1.2408300638198853,-0.22061336040496826,1.279199481010437,-5.25554895401001,-0.7956156134605408,4.370401859283447,-1.978089690208435,-0.6133370399475098,-0.5826597809791565,-0.42217063903808594,0.7709342241287231,0.5625993013381958,-0.8120676875114441,-0.7236210703849792,0.27439987659454346,-0.5106055736541748,0.7632991671562195,0.6453638076782227,0.7846493721008301,0.5162766575813293,-1.0250035524368286,-0.3074963092803955,1.781000018119812,-0.4253605604171753,0.20717990398406982,0.7730025053024292,0.6672173738479614,-0.866001307964325,-0.7659966349601746,0.4076565206050873,-0.6977675557136536,1.1702054738998413,0.5867714285850525,0.5478430390357971,0.48432305455207825,-0.5969038009643555,-0.4891626536846161,-0.2652311325073242,-0.07052598148584366,0.3588256537914276,0.2918546199798584,0.03697599098086357,0.049209073185920715,-0.5473778247833252,-0.983936607837677,-0.8113826513290405,-0.911711573600769,2.0048022270202637,1.9168694019317627,-2.1111252307891846,-1.9068973064422607,-0.2512235641479492,-0.16048650443553925,-0.5257596373558044,0.10399293899536133,0.3238410949707031,0.09229873865842819,-0.6658995747566223,-0.94073885679245,-0.9963879585266113,-0.7098396420478821,2.1109094619750977,1.8530168533325195,-2.223177194595337,-1.8485009670257568,5.793819904327393,0.2127358615398407,4.720711708068848,1.876707673072815,-0.7384819984436035,2.80192494392395,1.2408300638198853,-0.22061336040496826,1.279199481010437,-5.25554895401001,-0.7956156134605408,4.370401859283447,-1.978089690208435,-0.6133370399475098
4.2620000000000005,0.8519423604011536,-0.3454715311527252,-0.2830141484737396,-7.582335948944092,0.2888794243335724,0.7249641418457031,-0.09441880136728287,0.8595430850982666,-0.5022656917572021,0.0,0.0,0.0,0.20000000298023224,-0.1315302699804306,-0.16154026985168457,-0.40145325660705566,0.20387086272239685,0.2858811020851135,0.11810500174760818,-0.6562172174453735,-0.9303401112556458,-0.951982855796814,-0.8004477620124817,2.076713800430298,1.9178683757781982,-2.241011381149292,-1.8899484872817993,6.366888523101807,1.4239197969436646,7.340929985046387,7.59513521194458,-2.6888136863708496,0.005100684240460396,-0.2426585555076599,0.5359944701194763,3.174755096435547,-4.406857013702393,-2.288431406021118,2.266350746154785,0.5020344257354736,-3.0209591388702393,-0.4253605604171753,0.20717990398406982,0.7730025053024292,0.6672173738479614,-0.866001307964325,-0.7659966349601746,0.4076565206050873,-0.6977675557136536,1.1702054738998413,0.5867714285850525,0.5478430390357971,0.48432305455207825,-0.5969038009643555,-0.4891626536846161,1.7610000371932983,-0.2874903678894043,0.4322040379047394,0.5446980595588684,0.7434849739074707,-0.7182251811027527,-0.6280139684677124,0.4441600739955902,-0.8231185078620911,1.2140212059020996,0.5657928586006165,0.1657232791185379,0.5660431981086731,-0.30827274918556213,-0.5644009113311768,-0.20448815822601318,0.07278801500797272,0.3155873417854309,0.3317985534667969,0.04403170198202133,0.07270104438066483,-0.511698842048645,-1.0467978715896606,-0.7379860281944275,-0.9502075910568237,1.8818318843841553,1.9379454851150513,-1.9935808181762695,-1.9554988145828247,-0.07821384817361832,-0.1393372118473053,-0.3206464350223541,0.286615788936615,0.24172258377075195,0.1123529002070427,-0.6669372916221619,-0.9258178472518921,-0.8995271325111389,-0.8368154168128967,2.0526833534240723,1.9264343976974487,-2.2255983352661133,-1.8997774124145508,3.989802360534668,2.5703063011169434,8.445783615112305,8.412130355834961,-5.097326755523682,-0.9096348881721497,-1.4781615734100342,0.3738078773021698,4.929271221160889,-3.1029539108276367,-2.6134836673736572,0.1057620495557785,2.0979907512664795,-0.23495124280452728
4.281,0.8519423604011536,-0.3454715311527252,-0.2830141484737396,-8.04818058013916,0.5392568111419678,1.4089057445526123,-0.06971108168363571,0.9295494556427002,-0.3620471656322479,0.0,0.0,0.0,0.20000000298023224,-0.05181011185050011,-0.10469423234462738,-0.23156142234802246,0.37219247221946716,0.18870379030704498,0.10732045024633408,-0.6812428832054138,-0.9239794015884399,-0.8540026545524597,-0.8759435415267944,2.022742986679077,1.9314323663711548,-2.2030298709869385,-1.9204193353652954,1.8448288440704346,4.707221031188965,9.363163948059082,9.427604675292969,-5.952423095703125,0.4801276922225952,-1.2929810285568237,-0.6034892201423645,7.209408760070801,-6.69349479675293,-3.4637868404388428,3.2687125205993652,2.3580493927001953,-8.50132942199707,-0.2874903678894043,0.4322040379047394,0.5446980595588684,0.7434849739074707,-0.7182251811027527,-0.6280139684677124,0.4441600739955902,-0.8231185078620911,1.2140212059020996,0.5657928586006165,0.1657232791185379,0.5660431981086731,-0.30827274918556213,-0.5644009113311768,1.7410000562667847,-0.12697939574718475,0.4014158248901367,0.1182398870587349,0.7510803937911987,-0.44376787543296814,-0.5571699738502502,0.23835444450378418,-0.6181848049163818,1.3277603387832642,0.5681893229484558,0.02383672259747982,0.5648205280303955,-0.2503824234008789,-0.4720914959907532,-0.13398893177509308,0.13674795627593994,0.18735364079475403,0.3536693751811981,0.1161738783121109,0.10215802490711212,-0.5453107953071594,-1.0269951820373535,-0.6728529334068298,-0.9688564538955688,1.7848751544952393,1.9481778144836426,-1.9203360080718994,-1.9567222595214844,-0.04640175774693489,-0.047557711601257324,-0.13802234828472137,0.45217880606651306,0.1368010938167572,0.10187062621116638,-0.6960511803627014,-0.9313510060310364,-0.8103996515274048,-0.9071702361106873,1.9848639965057373,1.9349385499954224,-2.173750877380371,-1.9473482370376587,-0.7298068404197693,6.1670145988464355,9.279342651367188,6.731057167053223,-4.7353835105896,-0.7898990511894226,-1.485835075378418,-0.9014645218849182,3.1603331565856934,-2.0962212085723877,-4.192464828491211,-0.7487423419952393,3.400881290435791,-0.6554700136184692
4.304,0.8736438155174255,-0.22787396609783173,-0.10525742918252945,-6.676879405975342,0.5590240359306335,1.4760345220565796,-0.03734944015741348,0.9747793674468994,-0.22002306580543518,0.0,0.0,0.0,0.20000000298023224,-0.06432775408029556,0.018015040084719658,-0.04761958867311478,0.5034235119819641,0.09598297625780106,0.10138319432735443,-0.7148385047912598,-0.9385567903518677,-0.7697930932044983,-0.9425960779190063,1.9417704343795776,1.92677903175354,-2.128020763397217,-1.9560493230819702,-2.3390254974365234,7.006619453430176,8.696840286254883,3.7059035301208496,-3.065469264984131,-0.15555062890052795,-1.9691740274429321,-0.6642810106277466,3.670231580734253,-2.206611394882202,-4.480828762054443,-1.0202648639678955,5.28202486038208,-0.25965532660484314,-0.12697939574718475,0.4014158248901367,0.1182398870587349,0.7510803937911987,-0.44376787543296814,-0.5571699738502502,0.23835444450378418,-0.6181848049163818,1.3277603387832642,0.5681893229484558,0.02383672259747982,0.5648205280303955,-0.2503824234008789,-0.4720914959907532,1.718000054359436,0.19065700471401215,0.11046092212200165,0.13936744630336761,0.6318832039833069,-0.4656653106212616,-0.3844943642616272,0.43381017446517944,-0.8437446355819702,1.0563150644302368,0.40608885884284973,0.25297340750694275,0.8315023183822632,-0.4542711675167084,-0.6134013533592224,-0.019330214709043503,0.09598921239376068,0.12851868569850922,0.3348054885864258,0.14677061140537262,0.16005542874336243,-0.513252854347229,-1.0734837055206299,-0.7081477046012878,-1.0187060832977295,1.7936809062957764,2.0199644565582275,-1.9346857070922852,-1.992661476135254,-0.09702184796333313,0.08523179590702057,0.03147940710186958,0.5186887383460999,0.07638722658157349,0.09850148111581802,-0.7287206649780273,-0.9473796486854553,-0.7415772080421448,-0.9549024105072021,1.8906011581420898,1.9175231456756592,-2.0746877193450928,-1.955249547958374,-3.9657936096191406,6.311718463897705,7.212612152099609,-0.2862522602081299,-1.1509220600128174,-0.2782069742679596,-0.9033921957015991,-1.02664053440094,2.3648557662963867,-0.860519528388977,-5.5482354164123535,-0.7503157258033752,5.2937235832214355,0.10084619373083115
4.322,0.8736438155174255,-0.22787396609783173,-0.10525742918252945,-4.636453151702881,0.1640537679195404,0.7851439118385315,-0.013734729029238224,0.9933626651763916,-0.11420130729675293,0.0,0.0,0.0,0.20000000298023224,-0.16525869071483612,0.1715223491191864,0.1351308822631836,0.4351814389228821,0.09719736129045486,0.11428272724151611,-0.7079178690910339,-0.9900891184806824,-0.7334647178649902,-0.9985532164573669,1.7874202728271484,1.94866943359375,-1.9616166353225708,-1.99004065990448,-1.5371490716934204,2.6977763175964355,3.7551612854003906,-7.292704105377197,1.88373601436615,1.0201804637908936,2.6726980209350586,-2.456845760345459,0.9937068819999695,-1.0869213342666626,-3.6127431392669678,1.477249264717102,3.686560869216919,-0.1405608355998993,0.19065700471401215,0.11046092212200165,0.13936744630336761,0.6318832039833069,-0.4656653106212616,-0.3844943642616272,0.43381017446517944,-0.8437446355819702,1.0563150644302368,0.40608885884284973,0.25297340750694275,0.8315023183822632,-0.4542711675167084,-0.6134013533592224,1.7009999752044678,0.3158259987831116,0.09821674227714539,0.3362652659416199,0.3887157738208771,-0.6407079100608826,-0.379108190536499,0.4480336308479309,-1.0941351652145386,0.8086026310920715,0.4300084114074707,0.6452083587646484,0.6974382996559143,-0.6834037899971008,-0.48297181725502014,0.06929139047861099,0.07254879176616669,0.14832565188407898,0.26458168029785156,0.11830832809209824,0.19035066664218903,-0.4936680197715759,-1.1593255996704102,-0.787723183631897,-1.0376509428024292,1.8961424827575684,2.022341728210449,-1.9991438388824463,-1.9780237674713135,-0.16525869071483612,0.1715223491191864,0.1351308822631836,0.4351814389228821,0.09719736129045486,0.11428272724151611,-0.7079178690910339,-0.9900891184806824,-0.7334647178649902,-0.9985532164573669,1.7874202728271484,1.94866943359375,-1.9616166353225708,-1.99004065990448,-1.5371490716934204,2.6977763175964355,3.7551612854003906,-7.292704105377197,1.88373601436615,1.0201804637908936,2.6726980209350586,-2.456845760345459,0.9937068819999695,-1.0869213342666626,-3.6127431392669678,1.477249264717102,3.686560869216919,-0.1405608355998993
4.34,0.9311730861663818,0.1114940345287323,-0.3921574354171753,-4.218440532684326,-0.2704397439956665,-0.010605547577142715,-0.008576770313084126,0.9995366930961609,-0.02920246310532093,0.0,0.0,0.0,0.20000000298023224,-0.16422519087791443,0.1892402023077011,0.16377855837345123,0.3511667847633362,0.1199197843670845,0.13036081194877625,-0.6754496097564697,-1.0179318189620972,-0.7394893169403076,-1.0223915576934814,1.7736619710922241,1.9625580310821533,-1.983684778213501,-1.9798879623413086,1.7841386795043945,0.9119264483451843,2.118175983428955,-9.318716049194336,2.190352201461792,2.072030544281006,3.547091007232666,-3.4888036251068115,-1.9356588125228882,-2.711456775665283,0.9882019758224487,1.426771640777588,-7.708605766296387,2.6540791988372803,0.3158259987831116,0.09821674227714539,0.3362652659416199,0.3887157738208771,-0.6407079100608826,-0.379108190536499,0.4480336308479309,-1.0941351652145386,0.8086026310920715,0.4300084114074707,0.6452083587646484,0.6974382996559143,-0.6834037899971008,-0.48297181725502014,1.680999994277954,0.28160470724105835,-0.02430998906493187,0.28761929273605347,0.5895783305168152,-0.7478252649307251,-0.4949555993080139,0.24603959918022156,-0.8009933233261108,0.8336887359619141,0.38537973165512085,0.6310468316078186,0.8892692923545837,-0.94295334815979,-0.4687703847885132,0.10504686832427979,0.0301968976855278,0.14606764912605286,0.27968543767929077,0.07729785144329071,0.1765364408493042,-0.5343741178512573,-1.1289610862731934,-0.8212394118309021,-1.0582804679870605,1.9438328742980957,2.07148814201355,-2.0962600708007812,-1.9671545028686523,-0.16422519087791443,0.1892402023077011,0.16377855837345123,0.3511667847633362,0.1199197843670845,0.13036081194877625,-0.6754496097564697,-1.0179318189620972,-0.7394893169403076,-1.0223915576934814,1.7736619710922241,1.9625580310821533,-1.983684778213501,-1.9798879623413086,1.7841386795043945,0.9119264483451843,2.118175983428955,-9.318716049194336,2.190352201461792,2.072030544281006,3.547091007232666,-3.4888036251068115,-1.9356588125228882,-2.711456775665283,0.9882019758224487,1.426771640777588,-7.708605766296387,2.6540791988372803
4.36,0.9311730861663818,0.1114940345287323,-0.3921574354171753,-4.999208927154541,0.14532479643821716,0.31075572967529297,-0.006490888074040413,0.9978892803192139,0.06461278349161148,0.0,0.0,0.0,0.20000000298023224,-0.05028576776385307,0.16949886083602905,0.19822748005390167,0.18125467002391815,0.13764455914497375,0.1574021577835083,-0.6209531426429749,-1.0871566534042358,-0.7775901556015015,-1.0468472242355347,1.8412703275680542,2.0013678073883057,-2.0919291973114014,-1.9718505144119263,8.771364212036133,-2.8948049545288086,1.6074230670928955,-6.520967960357666,-0.6888462901115417,0.659113883972168,2.2081708908081055,-3.372361421585083,-1.414412021636963,-0.4687187075614929,4.234326362609863,2.4279963970184326,-4.008920192718506,0.19274243712425232,0.28160470724105835,-0.02430998906493187,0.28761929273605347,0.5895783305168152,-0.7478252649307251,-0.4949555993080139,0.24603959918022156,-0.8009933233261108,0.8336887359619141,0.38537973165512085,0.6310468316078186,0.8892692923545837,-0.94295334815979,-0.4687703847885132,1.6610000133514404,0.09036966413259506,0.41968780755996704,0.2220074087381363,0.5965660214424133,-0.505419909954071,-0.4855121374130249,0.34143322706222534,-0.599051296710968,1.0843837261199951,0.5248929858207703,0.5171931982040405,0.743134081363678,-0.8588754534721375,-0.4788499176502228,0.07511585205793381,0.12002040445804596,0.1285356730222702,0.2889842391014099,0.11739394813776016,0.17199018597602844,-0.5308787226676941,-1.0632933378219604,-0.775323748588562,-1.0337169170379639,1.9392147064208984,2.059527635574341,-2.1237988471984863,-1.9642397165298462,-0.05028576776385307,0.16949886083602905,0.19822748005390167,0.18125467002391815,0.13764455914497375,0.1574021577835083,-0.6209531426429749,-1.0871566534042358,-0.7775901556015015,-1.0468472242355347,1.8412703275680542,2.0013678073883057,-2.0919291973114014,-1.9718505144119263,8.771364212036133,-2.8948049545288086,1.6074230670928955,-6.520967960357666,-0.6888462901115417,0.659113883972168,2.2081708908081055,-3.372361421585083,-1.414412021636963,-0.4687187075614929,4.234326362609863,2.4279963970184326,-4.008920192718506,0.19274243712425232
4.38,0.951233446598053,0.36628076434135437,-0.41400060057640076,-5.406432151794434,0.5268802046775818,0.5762081742286682,0.0013309400528669357,0.9852449297904968,0.17114520072937012,0.0,0.0,0.0,0.20000000298023224,0.14346538484096527,0.09439104050397873,0.223965585231781,0.1114855706691742,0.11130980402231216,0.16168738901615143,-0.5721695423126221,-1.1339972019195557,-0.7825384736061096,-1.0334419012069702,1.9032580852508545,2.0356009006500244,-2.122213840484619,-1.9711577892303467,9.247098922729492,-3.2052688598632812,0.674808919429779,-0.4454234540462494,-1.031646728515625,0.3372606635093689,2.664379596710205,-0.9530967473983765,0.09868909418582916,0.2199947088956833,2.3622801303863525,1.1466431617736816,-0.9837135076522827,-0.5384629368782043,0.09036966413259506,0.41968780755996704,0.2220074087381363,0.5965660214424133,-0.505419909954071,-0.4855121374130249,0.34143322706222534,-0.599051296710968,1.0843837261199951,0.5248929858207703,0.5171931982040405,0.743134081363678,-0.8588754534721375,-0.4788499176502228,1.6410000324249268,0.09320516884326935,0.8151987791061401,0.510060727596283,0.9185813069343567,-0.620108962059021,-0.5997790694236755,0.5888182520866394,-0.9740421175956726,1.4267618656158447,0.6677207350730896,0.30243921279907227,0.8190152049064636,-0.572415828704834,-0.6714502573013306,0.06085921823978424,0.2638098895549774,0.19178301095962524,0.3741374611854553,0.1087697297334671,0.1411503255367279,-0.46728479862213135,-1.1242072582244873,-0.666771411895752,-0.9857282638549805,1.8832170963287354,2.0725176334381104,-2.065953254699707,-2.010932445526123,0.14346538484096527,0.09439104050397873,0.223965585231781,0.1114855706691742,0.11130980402231216,0.16168738901615143,-0.5721695423126221,-1.1339972019195557,-0.7825384736061096,-1.0334419012069702,1.9032580852508545,2.0356009006500244,-2.122213840484619,-1.9711577892303467,9.247098922729492,-3.2052688598632812,0.674808919429779,-0.4454234540462494,-1.031646728515625,0.3372606635093689,2.664379596710205,-0.9530967473983765,0.09868909418582916,0.2199947088956833,2.3622801303863525,1.1466431617736816,-0.9837135076522827,-0.5384629368782043
4.4,0.951233446598053,0.36628076434135437,-0.41400060057640076,-6.55496883392334,0.2797870337963104,0.7158831357955933,0.012751813046634197,0.9570913910865784,0.28950563073158264,0.0,0.0,0.0,0.20000000298023224,0.2754288613796234,0.0661294236779213,0.23206420242786407,0.18318918347358704,0.08838729560375214,0.16057616472244263,-0.5141937732696533,-1.1515480279922485,-0.7444422245025635,-1.0056134462356567,1.9116737842559814,2.0842864513397217,-2.0657782554626465,-2.009969472885132,4.544010639190674,2.4090218544006348,1.5251590013504028,7.873939514160156,-0.8383758068084717,-0.15637481212615967,3.5083630084991455,-0.7406839728355408,3.0870203971862793,1.2245910167694092,-1.0513834953308105,2.1075353622436523,3.156463384628296,-1.029659390449524,0.09320516884326935,0.8151987791061401,0.510060727596283,0.9185813069343567,-0.620108962059021,-0.5997790694236755,0.5888182520866394,-0.9740421175956726,1.4267618656158447,0.6677207350730896,0.30243921279907227,0.8190152049064636,-0.572415828704834,-0.6714502573013306,1.621000051498413,0.017067432403564453,0.9282788634300232,0.45477139949798584,1.2161873579025269,-0.6521751880645752,-0.5144703388214111,0.6884866952896118,-1.291805624961853,1.5957534313201904,0.8428534269332886,-0.06198514997959137,0.8750041127204895,-0.31710514426231384,-0.534619927406311,0.034696467220783234,0.3639746606349945,0.20958435535430908,0.4911155700683594,0.09644106775522232,0.14705757796764374,-0.4105707108974457,-1.2341049909591675,-0.5702473521232605,-0.9179507493972778,1.7641122341156006,2.0930099487304688,-1.9732029438018799,-2.0000710487365723,0.2754288613796234,0.0661294236779213,0.23206420242786407,0.18318918347358704,0.08838729560375214,0.16057616472244263,-0.5141937732696533,-1.1515480279922485,-0.7444422245025635,-1.0056134462356567,1.9116737842559814,2.0842864513397217,-2.0657782554626465,-2.009969472885132,4.544010639190674,2.4090218544006348,1.5251590013504028,7.873939514160156,-0.8383758068084717,-0.15637481212615967,3.5083630084991455,-0.7406839728355408,3.0870203971862793,1.2245910167694092,-1.0513834953308105,2.1075353622436523,3.156463384628296,-1.029659390449524
4.42,0.9054275751113892,0.7439227104187012,-0.009095714427530766,-5.638105869293213,-0.06751693040132523,0.8692111968994141,0.027967439964413643,0.9147654175758362,0.40301617980003357,0.0,0.0,0.0,0.20000000298023224,0.2720757722854614,0.16408981382846832,0.25047025084495544,0.37351691722869873,0.0779670998454094,0.1583024561405182,-0.44154611229896545,-1.1746271848678589,-0.664355456829071,-0.965218186378479,1.8681279420852661,2.1238434314727783,-1.9820187091827393,-1.995706558227539,-4.175014972686768,7.343149185180664,0.7714812755584717,11.075993537902832,-0.15922550857067108,0.06368884444236755,3.976043701171875,-1.9008628129959106,4.250158786773682,2.3079075813293457,-3.8606886863708496,1.7842121124267578,5.565486431121826,1.7315081357955933,0.017067432403564453,0.9282788634300232,0.45477139949798584,1.2161873579025269,-0.6521751880645752,-0.5144703388214111,0.6884866952896118,-1.291805624961853,1.5957534313201904,0.8428534269332886,-0.06198514997959137,0.8750041127204895,-0.31710514426231384,-0.534619927406311,1.6009999513626099,0.43356168270111084,0.7145594954490662,0.02674144133925438,1.2716213464736938,-0.6860705614089966,-0.3199170231819153,0.6674058437347412,-1.290634036064148,1.4630284309387207,0.763025164604187,0.08092274516820908,1.0428037643432617,-0.5465313196182251,-0.47416138648986816,0.12573865056037903,0.3606272041797638,0.11147753894329071,0.5634630918502808,0.08180288970470428,0.19864952564239502,-0.3874838948249817,-1.2887609004974365,-0.5551666021347046,-0.9040191173553467,1.7402868270874023,2.1452059745788574,-1.9841842651367188,-1.9795258045196533,0.2720757722854614,0.16408981382846832,0.25047025084495544,0.37351691722869873,0.0779670998454094,0.1583024561405182,-0.44154611229896545,-1.1746271848678589,-0.664355456829071,-0.965218186378479,1.8681279420852661,2.1238434314727783,-1.9820187091827393,-1.995706558227539,-4.175014972686768,7.343149185180664,0.7714812755584717,11.075993537902832,-0.15922550857067108,0.06368884444236755,3.976043701171875,-1.9008628129959106,4.250158786773682,2.3079075813293457,-3.8606886863708496,1.7842121124267578,5.565486431121826,1.7315081357955933
4.44,0.9054275751113892,0.7439227104187012,-0.009095714427530766,-4.274888038635254,0.32618585228919983,0.6930532455444336,0.041669175028800964,0.8711288571357727,0.48928332328796387,0.0,0.0,0.0,0.20000000298023224,0.12751874327659607,0.31834766268730164,0.22598706185817719,0.56849205493927,0.07921959459781647,0.16276945173740387,-0.3703943192958832,-1.2179597616195679,-0.5913090705871582,-0.9280073046684265,1.8023669719696045,2.1416313648223877,-1.9760844707489014,-1.9768117666244507,-8.092450141906738,7.3694539070129395,-3.451144218444824,8.558566093444824,0.22089634835720062,0.6279052495956421,2.9989278316497803,-2.9199743270874023,2.1324682235717773,1.0592024326324463,-2.894232988357544,0.658694326877594,-1.413725733757019,1.249082326889038,0.43356168270111084,0.7145594954490662,0.02674144133925438,1.2716213464736938,-0.6860705614089966,-0.3199170231819153,0.6674058437347412,-1.290634036064148,1.4630284309387207,0.763025164604187,0.08092274516820908,1.0428037643432617,-0.5465313196182251,-0.47416138648986816,1.5809999704360962,0.6361942291259766,0.49516749382019043,0.06262347102165222,1.485568881034851,-0.8074818253517151,-0.3504559397697449,0.6888262033462524,-1.128167986869812,1.3592323064804077,0.6598875522613525,0.2988821566104889,1.0926470756530762,-0.8941847085952759,-0.603201687335968,0.22191788256168365,0.3041054606437683,0.07139463722705841,0.6531237363815308,0.04413098841905594,0.21681077778339386,-0.3705853819847107,-1.2754724025726318,-0.5735752582550049,-0.9228376746177673,1.782863974571228,2.183764696121216,-2.0765881538391113,-2.0015134811401367,0.12751874327659607,0.31834766268730164,0.22598706185817719,0.56849205493927,0.07921959459781647,0.16276945173740387,-0.3703943192958832,-1.2179597616195679,-0.5913090705871582,-0.9280073046684265,1.8023669719696045,2.1416313648223877,-1.9760844707489014,-1.9768117666244507,-8.092450141906738,7.3694539070129395,-3.451144218444824,8.558566093444824,0.22089634835720062,0.6279052495956421,2.9989278316497803,-2.9199743270874023,2.1324682235717773,1.0592024326324463,-2.894232988357544,0.658694326877594,-1.413725733757019,1.249082326889038
4.46,0.8852335214614868,1.2848379611968994,0.04552581161260605,-4.926384449005127,0.679090142250061,0.43320339918136597,0.04573482647538185,0.8235629200935364,0.5653781890869141,0.0,0.0,0.0,0.20000000298023224,0.001284679165109992,0.43412554264068604,0.12049389630556107,0.6923968195915222,0.07989482581615448,0.18220894038677216,-0.3362388610839844,-1.2591819763183594,-0.5798856019973755,-0.9336011409759521,1.7809654474258423,2.146674156188965,-2.058274507522583,-2.004673480987549,-2.748242139816284,4.094209671020508,-5.819394111633301,5.072865009307861,-0.7450559139251709,0.7926676273345947,0.7740598320960999,-1.4246631860733032,0.4473235309123993,0.29696160554885864,-0.04871557280421257,-0.16224366426467896,-5.393640518188477,-1.042455792427063,0.6361942291259766,0.49516749382019043,0.06262347102165222,1.485568881034851,-0.8074818253517151,-0.3504559397697449,0.6888262033462524,-1.128167986869812,1.3592323064804077,0.6598875522613525,0.2988821566104889,1.0926470756530762,-0.8941847085952759,-0.603201687335968,1.5609999895095825,0.8793561458587646,0.7147186398506165,0.5739818215370178,1.6284191608428955,-1.2407273054122925,-0.4518205523490906,0.8666995167732239,-1.2958890199661255,1.6120431423187256,0.3392750322818756,0.3677644431591034,1.2288802862167358,-0.8831409215927124,-0.8817200660705566,0.3307979702949524,0.33073240518569946,0.17919278144836426,0.7336666584014893,-0.08301633596420288,0.20055025815963745,-0.31766778230667114,-1.3107584714889526,-0.5195768475532532,-1.0124000310897827,1.8213731050491333,2.237102508544922,-2.1200294494628906,-2.082136631011963,0.001284679165109992,0.43412554264068604,0.12049389630556107,0.6923968195915222,0.07989482581615448,0.18220894038677216,-0.3362388610839844,-1.2591819763183594,-0.5798856019973755,-0.9336011409759521,1.7809654474258423,2.146674156188965,-2.058274507522583,-2.004673480987549,-2.748242139816284,4.094209671020508,-5.819394111633301,5.072865009307861,-0.7450559139251709,0.7926676273345947,0.7740598320960999,-1.4246631860733032,0.4473235309123993,0.29696160554885864,-0.04871557280421257,-0.16224366426467896,-5.393640518188477,-1.042455792427063
4.48,0.8852335214614868,1.2848379611968994,0.04552581161260605,-8.010122299194336,0.6886612176895142,0.5623785257339478,0.04513363540172577,0.740287184715271,0.6707740426063538,0.0,0.0,0.0,0.20000000298023224,0.05766643211245537,0.4856070280075073,0.05041837692260742,0.7935788035392761,0.04455513134598732,0.19588303565979004,-0.3354690372943878,-1.2830199003219604,-0.542855441570282,-0.9562644362449646,1.7784841060638428,2.1677157878875732,-2.1188998222351074,-2.0759708881378174,9.147214889526367,2.084648609161377,0.6196999549865723,5.899566650390625,-2.879041910171509,0.32040369510650635,-0.32254451513290405,-0.8452426195144653,1.9330130815505981,-2.332669734954834,-0.19135236740112305,0.9697273969650269,-2.11173152923584,-3.403017282485962,0.8793561458587646,0.7147186398506165,0.5739818215370178,1.6284191608428955,-1.2407273054122925,-0.4518205523490906,0.8666995167732239,-1.2958890199661255,1.6120431423187256,0.3392750322818756,0.3677644431591034,1.2288802862167358,-0.8831409215927124,-0.8817200660705566,1.5410000085830688,0.6597039103507996,0.8323335647583008,0.3749217987060547,1.2822329998016357,-0.9717422127723694,-0.3771316409111023,0.7385314702987671,-1.0955874919891357,1.6775832176208496,0.22357304394245148,0.25061002373695374,1.0221449136734009,-0.5841150879859924,-0.8072178363800049,0.3303249478340149,0.3734495937824249,0.1833268404006958,0.6873915791511536,-0.07934372127056122,0.21109221875667572,-0.32325100898742676,-1.2783260345458984,-0.4761926233768463,-1.086106777191162,1.8113391399383545,2.212087631225586,-2.066993474960327,-2.103822708129883,0.05766643211245537,0.4856070280075073,0.05041837692260742,0.7935788035392761,0.04455513134598732,0.19588303565979004,-0.3354690372943878,-1.2830199003219604,-0.542855441570282,-0.9562644362449646,1.7784841060638428,2.1677157878875732,-2.1188998222351074,-2.0759708881378174,9.147214889526367,2.084648609161377,0.6196999549865723,5.899566650390625,-2.879041910171509,0.32040369510650635,-0.32254451513290405,-0.8452426195144653,1.9330130815505981,-2.332669734954834,-0.19135236740112305,0.9697273969650269,-2.11173152923584,-3.403017282485962
4.5,0.8330795764923096,1.7136297225952148,-0.06059245765209198,-5.827785015106201,0.3398437201976776,0.5694049596786499,0.045080069452524185,0.6357352137565613,0.7705897092819214,0.0,0.0,0.0,0.20000000298023224,0.2863951027393341,0.4716031551361084,0.0991501584649086,0.8316898345947266,-0.020746896043419838,0.2066335827112198,-0.3481883406639099,-1.2702476978302002,-0.503856360912323,-1.0201069116592407,1.762336015701294,2.151292562484741,-2.0728721618652344,-2.1050822734832764,11.000301361083984,-3.6540415287017822,2.2647438049316406,-2.4585912227630615,-2.8403444290161133,0.5788747072219849,-0.5964944958686829,1.1438546180725098,1.212260127067566,-2.7962429523468018,-0.5593932867050171,-0.6431488990783691,2.841362237930298,-1.2374300956726074,0.6597039103507996,0.8323335647583008,0.3749217987060547,1.2822329998016357,-0.9717422127723694,-0.3771316409111023,0.7385314702987671,-1.0955874919891357,1.6775832176208496,0.22357304394245148,0.25061002373695374,1.0221449136734009,-0.5841150879859924,-0.8072178363800049,1.5210000276565552,0.7932876944541931,1.0047754049301147,0.3323670029640198,1.1845951080322266,-0.7317408323287964,-0.28281617164611816,0.6269697546958923,-1.076180100440979,1.623423457145691,0.10526769608259201,0.35446858406066895,1.0130995512008667,-0.6491865515708923,-0.8049262762069702,0.36348438262939453,0.43791866302490234,0.17475517094135284,0.639844536781311,-0.017507068812847137,0.23994207382202148,-0.35393303632736206,-1.2572580575942993,-0.46804046630859375,-1.152536392211914,1.8322867155075073,2.1973185539245605,-2.0567433834075928,-2.1140928268432617,0.2863951027393341,0.4716031551361084,0.0991501584649086,0.8316898345947266,-0.020746896043419838,0.2066335827112198,-0.3481883406639099,-1.2702476978302002,-0.503856360912323,-1.0201069116592407,1.762336015701294,2.151292562484741,-2.0728721618652344,-2.1050822734832764,11.000301361083984,-3.6540415287017822,2.2647438049316406,-2.4585912227630615,-2.8403444290161133,0.5788747072219849,-0.5964944958686829,1.1438546180725098,1.212260127067566,-2.7962429523468018,-0.5593932867050171,-0.6431488990783691,2.841362237930298,-1.2374300956726074
4.52,0.8330795764923096,1.7136297225952148,-0.06059245765209198,-4.506450653076172,-0.425759494304657,0.3990645110607147,0.05150926113128662,0.5550929307937622,0.8301919102668762,0.0,0.0,0.0,0.20000000298023224,0.44869154691696167,0.36279594898223877,0.12070369720458984,0.7040625214576721,-0.056251268833875656,0.22802463173866272,-0.3614307641983032,-1.2451326847076416,-0.48788994550704956,-1.0856194496154785,1.7796244621276855,2.145531177520752,-2.059295415878296,-2.1121933460235596,5.724159240722656,-5.26896858215332,0.6311330795288086,-8.595366477966309,-0.36112192273139954,1.3758877515792847,-0.6359437704086304,1.2915199995040894,0.38069626688957214,-2.8680202960968018,1.7500109672546387,0.3592050075531006,0.5598363876342773,-0.5492519736289978,0.7932876944541931,1.0047754049301147,0.3323670029640198,1.1845951080322266,-0.7317408323287964,-0.28281617164611816,0.6269697546958923,-1.076180100440979,1.623423457145691,0.10526769608259201,0.35446858406066895,1.0130995512008667,-0.6491865515708923,-0.8049262762069702,1.5010000467300415,0.9361323118209839,0.9861893057823181,0.1837756335735321,1.0842154026031494,-0.8194306492805481,-0.32350093126296997,0.5706892013549805,-1.2141932249069214,1.3618654012680054,-0.020616576075553894,0.6219669580459595,1.013972520828247,-0.9581546783447266,-0.8920232057571411,0.41577526926994324,0.4655066728591919,0.13332149386405945,0.5909761190414429,-0.008511196821928024,0.24419580399990082,-0.38334420323371887,-1.2812273502349854,-0.5293538570404053,-1.2172223329544067,1.909635066986084,2.190152406692505,-2.1288604736328125,-2.1410021781921387,0.44869154691696167,0.36279594898223877,0.12070369720458984,0.7040625214576721,-0.056251268833875656,0.22802463173866272,-0.3614307641983032,-1.2451326847076416,-0.48788994550704956,-1.0856194496154785,1.7796244621276855,2.145531177520752,-2.059295415878296,-2.1121933460235596,5.724159240722656,-5.26896858215332,0.6311330795288086,-8.595366477966309,-0.36112192273139954,1.3758877515792847,-0.6359437704086304,1.2915199995040894,0.38069626688957214,-2.8680202960968018,1.7500109672546387,0.3592050075531006,0.5598363876342773,-0.5492519736289978
4.54,0.7300170063972473,1.7108871936798096,0.12679553031921387,-5.161553382873535,-0.8856940269470215,0.273414671421051,0.0667642280459404,0.47255170345306396,0.8787704110145569,0.0,0.0,0.0,0.20000000298023224,0.5217597484588623,0.30585917830467224,0.1406497359275818,0.5489195585250854,-0.03999011218547821,0.2560559809207916,-0.36981910467147827,-1.2408419847488403,-0.5072932839393616,-1.1485495567321777,1.8356066942214966,2.1739487648010254,-2.1212120056152344,-2.1298296451568604,2.4709105491638184,0.08780710399150848,1.3874377012252808,-6.505343914031982,1.2506694793701172,1.0598626136779785,-0.6914462447166443,-0.5103769302368164,-1.1114829778671265,-2.9189066886901855,3.7780327796936035,1.4089432954788208,-4.095785140991211,-1.3536533117294312,0.9361323118209839,0.9861893057823181,0.1837756335735321,1.0842154026031494,-0.8194306492805481,-0.32350093126296997,0.5706892013549805,-1.2141932249069214,1.3618654012680054,-0.020616576075553894,0.6219669580459595,1.013972520828247,-0.9581546783447266,-0.8920232057571411,1.4809999465942383,1.0900273323059082,0.6084773540496826,0.2113642543554306,1.2599705457687378,-0.9877393245697021,-0.27124327421188354,0.6543945670127869,-1.5009326934814453,1.1324234008789062,-0.17780065536499023,0.7498224377632141,1.2268977165222168,-1.3047268390655518,-0.9976850748062134,0.48039448261260986,0.3848726749420166,0.11950181424617767,0.6104806661605835,-0.04609043151140213,0.2593870759010315,-0.3771234452724457,-1.3648967742919922,-0.6173710823059082,-1.2888612747192383,1.9802731275558472,2.239800453186035,-2.2515618801116943,-2.1808724403381348,0.5217597484588623,0.30585917830467224,0.1406497359275818,0.5489195585250854,-0.03999011218547821,0.2560559809207916,-0.36981910467147827,-1.2408419847488403,-0.5072932839393616,-1.1485495567321777,1.8356066942214966,2.1739487648010254,-2.1212120056152344,-2.1298296451568604,2.4709105491638184,0.08780710399150848,1.3874377012252808,-6.505343914031982,1.2506694793701172,1.0598626136779785,-0.6914462447166443,-0.5103769302368164,-1.1114829778671265,-2.9189066886901855,3.7780327796936035,1.4089432954788208,-4.095785140991211,-1.3536533117294312
4.5600000000000005,0.7300170063972473,1.7108871936798096,0.12679553031921387,-5.226965427398682,-0.7913915514945984,0.47450557351112366,0.08661901205778122,0.37761983275413513,0.9219004511833191,0.0,0.0,0.0,0.20000000298023224,0.5444600582122803,0.35013291239738464,0.17228072881698608,0.4885382056236267,-0.019487008452415466,0.2753797769546509,-0.377293199300766,-1.2847027778625488,-0.5471981763839722,-1.2167267799377441,1.9108070135116577,2.2347488403320312,-2.223412275314331,-2.1736090183258057,0.3415829837322235,2.8091070652008057,1.1374871730804443,-0.0834260806441307,0.3048572540283203,0.5284771919250488,-0.19171777367591858,-3.699496269226074,-2.779920816421509,-3.1465940475463867,3.9645767211914062,3.2497055530548096,-7.697364807128906,-1.1446791887283325,1.0900273323059082,0.6084773540496826,0.2113642543554306,1.2599705457687378,-0.9877393245697021,-0.27124327421188354,0.6543945670127869,-1.5009326934814453,1.1324234008789062,-0.17780065536499023,0.7498224377632141,1.2268977165222168,-1.3047268390655518,-0.9976850748062134,1.4609999656677246,1.0790832042694092,0.5870212316513062,0.2564941346645355,1.5802522897720337,-1.165907382965088,-0.2360333651304245,0.7134830951690674,-1.4330397844314575,1.251493215560913,-0.22221589088439941,0.663002610206604,1.1692818403244019,-1.488313913345337,-1.1412907838821411,0.5099680423736572,0.33919164538383484,0.12387444078922272,0.7003034353256226,-0.10942205786705017,0.2757852077484131,-0.35924094915390015,-1.3897583484649658,-0.631612241268158,-1.335784673690796,1.993887186050415,2.250220775604248,-2.358809471130371,-2.236708879470825,0.5444600582122803,0.35013291239738464,0.17228072881698608,0.4885382056236267,-0.019487008452415466,0.2753797769546509,-0.377293199300766,-1.2847027778625488,-0.5471981763839722,-1.2167267799377441,1.9108070135116577,2.2347488403320312,-2.223412275314331,-2.1736090183258057,0.3415829837322235,2.8091070652008057,1.1374871730804443,-0.0834260806441307,0.3048572540283203,0.5284771919250488,-0.19171777367591858,-3.699496269226074,-2.779920816421509,-3.1465940475463867,3.9645767211914062,3.2497055530548096,-7.697364807128906,-1.1446791887283325
4.58,0.8121516704559326,1.644658088684082,0.5074478983879089,-8.446091651916504,1.8209304809570312,0.39478254318237305,0.08669935166835785,0.25083428621292114,0.9641396999359131,0.0,0.0,0.0,0.20000000298023224,0.5413485765457153,0.4003620743751526,0.18830378353595734,0.5503139495849609,-0.031117098405957222,0.2782636880874634,-0.37800154089927673,-1.3632131814956665,-0.6014314889907837,-1.2841578722000122,1.9681869745254517,2.2828352451324463,-2.3394217491149902,-2.22883677482605,3.0996055603027344,4.976468086242676,4.135228633880615,9.171035766601562,0.819003701210022,-1.6874672174453735,-0.997651219367981,-2.694023609161377,-7.262470722198486,-3.157700538635254,1.9150558710098267,-2.6941111087799072,-6.4638519287109375,-2.134974479675293,1.0790832042694092,0.5870212316513062,0.2564941346645355,1.5802522897720337,-1.165907382965088,-0.2360333651304245,0.7134830951690674,-1.4330397844314575,1.251493215560913,-0.22221589088439941,0.663002610206604,1.1692818403244019,-1.488313913345337,-1.1412907838821411,1.440999984741211,0.9626825451850891,0.6839759349822998,-0.1634535938501358,1.6418675184249878,-1.371594786643982,0.009772736579179764,0.8801589012145996,-1.2301045656204224,1.5273287296295166,-0.20748326182365417,0.6204116940498352,1.2653679847717285,-1.4302310943603516,-1.1827738285064697,0.4956546425819397,0.34058982133865356,0.021073821932077408,0.7606185674667358,-0.192509725689888,0.3454357981681824,-0.30863073468208313,-1.3514553308486938,-0.5697739124298096,-1.3555631637573242,1.990046501159668,2.279452323913574,-2.3979125022888184,-2.2749977111816406,0.5413485765457153,0.4003620743751526,0.18830378353595734,0.5503139495849609,-0.031117098405957222,0.2782636880874634,-0.37800154089927673,-1.3632131814956665,-0.6014314889907837,-1.2841578722000122,1.9681869745254517,2.2828352451324463,-2.3394217491149902,-2.22883677482605,3.0996055603027344,4.976468086242676,4.135228633880615,9.171035766601562,0.819003701210022,-1.6874672174453735,-0.997651219367981,-2.694023609161377,-7.262470722198486,-3.157700538635254,1.9150558710098267,-2.6941111087799072,-6.4638519287109375,-2.134974479675293
4.6,0.8121516704559326,1.644658088684082,0.5074478983879089,-5.761682510375977,2.6057865619659424,0.537046492099762,0.04069683700799942,0.11285477131605148,0.9927777051925659,0.0,0.0,0.0,0.20000000298023224,0.5603719353675842,0.4351981282234192,0.19126547873020172,0.7204902172088623,-0.07462728023529053,0.2556857466697693,-0.3795672059059143,-1.4209905862808228,-0.5879070162773132,-1.3453595638275146,1.9803247451782227,2.264213800430298,-2.404547929763794,-2.2876501083374023,-1.6452289819717407,-1.9842216968536377,-4.397976875305176,6.148841857910156,-3.5634729862213135,-0.19463561475276947,0.5873806476593018,-1.7214783430099487,1.5087577104568481,-1.8318274021148682,0.19033901393413544,-0.9264481067657471,-1.9066466093063354,-1.4787863492965698,0.9626825451850891,0.6839759349822998,-0.1634535938501358,1.6418675184249878,-1.371594786643982,0.009772736579179764,0.8801589012145996,-1.2301045656204224,1.5273287296295166,-0.20748326182365417,0.6204116940498352,1.2653679847717285,-1.4302310943603516,-1.1827738285064697,1.4210000038146973,0.8867291212081909,1.1402578353881836,-0.32988810539245605,1.87101149559021,-1.0052471160888672,-0.06848819553852081,0.733535647392273,-1.0062416791915894,1.7030469179153442,-0.02570277266204357,0.7446779608726501,1.2006311416625977,-1.4995230436325073,-1.4209027290344238,0.4695096015930176,0.4553593695163727,-0.07193511724472046,0.8480621576309204,-0.14246663451194763,0.36069583892822266,-0.3199814558029175,-1.2763381004333496,-0.49492523074150085,-1.32000732421875,2.019192695617676,2.277884006500244,-2.4347870349884033,-2.3536744117736816,0.5603719353675842,0.4351981282234192,0.19126547873020172,0.7204902172088623,-0.07462728023529053,0.2556857466697693,-0.3795672059059143,-1.4209905862808228,-0.5879070162773132,-1.3453595638275146,1.9803247451782227,2.264213800430298,-2.404547929763794,-2.2876501083374023,-1.6452289819717407,-1.9842216968536377,-4.397976875305176,6.148841857910156,-3.5634729862213135,-0.19463561475276947,0.5873806476593018,-1.7214783430099487,1.5087577104568481,-1.8318274021148682,0.19033901393413544,-0.9264481067657471,-1.9066466093063354,-1.4787863492965698
4.62,0.8650168776512146,1.9314111471176147,-0.38155919313430786,-4.6565046310424805,2.7439966201782227,-0.011725105345249176,-0.010604607872664928,-0.017790362238883972,0.9997854828834534,0.0,0.0,0.0,0.20000000298023224,0.558940589427948,0.39772406220436096,0.0795970931649208,0.824403703212738,-0.1429920345544815,0.2676841616630554,-0.36713907122612,-1.4261339902877808,-0.5509902834892273,-1.3454605340957642,2.015192747116089,2.2627367973327637,-2.442065954208374,-2.353847026824951,-3.005725622177124,-3.4814281463623047,-9.246705055236816,1.5454621315002441,-1.7094330787658691,2.937007427215576,2.111924171447754,0.5261577367782593,1.986072063446045,0.5280023813247681,2.89589262008667,1.8705322742462158,-1.514951229095459,-4.191788673400879,0.8867291212081909,1.1402578353881836,-0.32988810539245605,1.87101149559021,-1.0052471160888672,-0.06848819553852081,0.733535647392273,-1.0062416791915894,1.7030469179153442,-0.02570277266204357,0.7446779608726501,1.2006311416625977,-1.4995230436325073,-1.4209027290344238,1.4010000228881836,0.5714091658592224,1.1899046897888184,-0.18199685215950012,2.0813937187194824,-0.8445820212364197,-0.38672858476638794,0.41414201259613037,-1.0026289224624634,1.9828041791915894,0.3365491032600403,0.6418534517288208,1.3178373575210571,-1.4302688837051392,-1.4213391542434692,0.3776071071624756,0.5251558423042297,-0.08146677166223526,0.9443795084953308,-0.07727882266044617,0.2887657880783081,-0.4055052101612091,-1.237876296043396,-0.387561559677124,-1.2116663455963135,2.0080597400665283,2.306401252746582,-2.435910701751709,-2.3931219577789307,0.558940589427948,0.39772406220436096,0.0795970931649208,0.824403703212738,-0.1429920345544815,0.2676841616630554,-0.36713907122612,-1.4261339902877808,-0.5509902834892273,-1.3454605340957642,2.015192747116089,2.2627367973327637,-2.442065954208374,-2.353847026824951,-3.005725622177124,-3.4814281463623047,-9.246705055236816,1.5454621315002441,-1.7094330787658691,2.937007427215576,2.111924171447754,0.5261577367782593,1.986072063446045,0.5280023813247681,2.89589262008667,1.8705322742462158,-1.514951229095459,-4.191788673400879
4.64,0.8650168776512146,1.9314111471176147,-0.38155919313430786,-5.517377853393555,1.5052424669265747,0.15872468054294586,-0.03732359781861305,-0.09332332760095596,0.9949360489845276,0.0,0.0,0.0,0.20000000298023224,0.5026636719703674,0.32045045495033264,-0.09536374360322952,0.8038139343261719,-0.16568061709403992,0.3282473087310791,-0.3254188597202301,-1.4310734272003174,-0.49055227637290955,-1.2957409620285034,2.063807249069214,2.328596353530884,-2.4296669960021973,-2.4038619995117188,-3.8475635051727295,0.23225629329681396,-6.1608991622924805,-0.864406168460846,-0.1846110224723816,1.2636282444000244,1.5585774183273315,4.842758655548096,4.192651271820068,5.814897060394287,-0.9531419277191162,-1.832385778427124,2.8747599124908447,-0.9030209183692932,0.5714091658592224,1.1899046897888184,-0.18199685215950012,2.0813937187194824,-0.8445820212364197,-0.38672858476638794,0.41414201259613037,-1.0026289224624634,1.9828041791915894,0.3365491032600403,0.6418534517288208,1.3178373575210571,-1.4302688837051392,-1.4213391542434692,1.38100004196167,0.678043007850647,0.8788345456123352,-0.018468350172042847,1.9278415441513062,-0.8348557949066162,-0.40967655181884766,0.719757616519928,-1.8284465074539185,1.6806095838546753,0.2969977855682373,0.7852689623832703,1.243381142616272,-1.5353904962539673,-1.3378242254257202,0.35831430554389954,0.48228657245635986,-0.04535047337412834,0.9541501402854919,-0.04225336015224457,0.2470637559890747,-0.3718631863594055,-1.4250998497009277,-0.4094283878803253,-1.1673836708068848,2.0383472442626953,2.3020458221435547,-2.4627528190612793,-2.3919670581817627,0.5026636719703674,0.32045045495033264,-0.09536374360322952,0.8038139343261719,-0.16568061709403992,0.3282473087310791,-0.3254188597202301,-1.4310734272003174,-0.49055227637290955,-1.2957409620285034,2.063807249069214,2.328596353530884,-2.4296669960021973,-2.4038619995117188,-3.8475635051727295,0.23225629329681396,-6.1608991622924805,-0.864406168460846,-0.1846110224723816,1.2636282444000244,1.5585774183273315,4.842758655548096,4.192651271820068,5.814897060394287,-0.9531419277191162,-1.832385778427124,2.8747599124908447,-0.9030209183692932
4.66,0.8183159828186035,1.7611676454544067,-1.6859389543533325,-5.849143981933594,0.2870929539203644,0.4353967010974884,-0.04348665103316307,-0.17009863257408142,0.9844670295715332,0.0,0.0,0.0,0.20000000298023224,0.39614757895469666,0.34844261407852173,-0.18363222479820251,0.8275896310806274,-0.11592430621385574,0.3700603246688843,-0.2858223617076874,-1.4096875190734863,-0.45530253648757935,-1.2132593393325806,2.0706706047058105,2.3827192783355713,-2.4601571559906006,-2.3834567070007324,-6.478439807891846,4.1094584465026855,-0.7346885204315186,2.883237361907959,3.1425764560699463,0.4551713764667511,1.1971110105514526,1.4118298292160034,2.329310655593872,4.867274761199951,-0.642981231212616,0.00669220183044672,-0.330847829580307,2.1436619758605957,0.678043007850647,0.8788345456123352,-0.018468350172042847,1.9278415441513062,-0.8348557949066162,-0.40967655181884766,0.719757616519928,-1.8284465074539185,1.6806095838546753,0.2969977855682373,0.7852689623832703,1.243381142616272,-1.5353904962539673,-1.3378242254257202,1.3609999418258667,0.6341895461082458,0.21447306871414185,0.0017739087343215942,1.688470721244812,-0.9514011740684509,-0.3861737847328186,0.6821942329406738,-1.841744065284729,1.7795864343643188,0.4608328938484192,0.47651585936546326,1.1707621812820435,-1.3279144763946533,-0.8661540150642395,0.33770453929901123,0.2947615385055542,-0.022231759503483772,0.899192750453949,-0.05387697368860245,0.23208843171596527,-0.36443302035331726,-1.5220359563827515,-0.39561760425567627,-1.1042835712432861,1.9763026237487793,2.2817134857177734,-2.424304962158203,-2.2734720706939697,0.39614757895469666,0.34844261407852173,-0.18363222479820251,0.8275896310806274,-0.11592430621385574,0.3700603246688843,-0.2858223617076874,-1.4096875190734863,-0.45530253648757935,-1.2132593393325806,2.0706706047058105,2.3827192783355713,-2.4601571559906006,-2.3834567070007324,-6.478439807891846,4.1094584465026855,-0.7346885204315186,2.883237361907959,3.1425764560699463,0.4551713764667511,1.1971110105514526,1.4118298292160034,2.329310655593872,4.867274761199951,-0.642981231212616,0.00669220183044672,-0.330847829580307,2.1436619758605957
4.68,0.8183159828186035,1.7611676454544067,-1.6859389543533325,-4.306828498840332,0.14581972360610962,0.2852804958820343,-0.04750548675656319,-0.24781256914138794,0.967642605304718,0.0,0.0,0.0,0.20000000298023224,0.3064209520816803,0.4201895594596863,-0.1388172209262848,0.8903486728668213,-0.06146799400448799,0.3555954694747925,-0.28838738799095154,-1.4352716207504272,-0.40974199771881104,-1.1447616815567017,2.0402112007141113,2.368135690689087,-2.4222946166992188,-2.2851030826568604,-4.386133670806885,2.3004934787750244,4.902822971343994,-1.8217551708221436,2.5901007652282715,-2.5292298793792725,-0.795650064945221,-0.5227850675582886,0.9793723821640015,3.862126350402832,-3.0694851875305176,-3.6235263347625732,2.354335308074951,6.995045185089111,0.6341895461082458,0.21447306871414185,0.0017739087343215942,1.688470721244812,-0.9514011740684509,-0.3861737847328186,0.6821942329406738,-1.841744065284729,1.7795864343643188,0.4608328938484192,0.47651585936546326,1.1707621812820435,-1.3279144763946533,-0.8661540150642395,1.340999960899353,0.7583823204040527,-0.09603220969438553,0.19690173864364624,1.4173527956008911,-0.9808480143547058,-0.261221706867218,0.9218379259109497,-1.72793447971344,1.3880409002304077,0.2041468620300293,0.4520053267478943,1.0625413656234741,-1.1167525053024292,-0.7504660487174988,0.3584478497505188,0.12337271869182587,0.03810955584049225,0.8039345741271973,-0.06705048680305481,0.2558387815952301,-0.30080699920654297,-1.5420515537261963,-0.48659858107566833,-1.1369050741195679,1.939152717590332,2.2444920539855957,-2.352290630340576,-2.185302495956421,0.3064209520816803,0.4201895594596863,-0.1388172209262848,0.8903486728668213,-0.06146799400448799,0.3555954694747925,-0.28838738799095154,-1.4352716207504272,-0.40974199771881104,-1.1447616815567017,2.0402112007141113,2.368135690689087,-2.4222946166992188,-2.2851030826568604,-4.386133670806885,2.3004934787750244,4.902822971343994,-1.8217551708221436,2.5901007652282715,-2.5292298793792725,-0.795650064945221,-0.5227850675582886,0.9793723821640015,3.862126350402832,-3.0694851875305176,-3.6235263347625732,2.354335308074951,6.995045185089111
4.7,0.8055537939071655,1.8117996454238892,-1.6198835372924805,-3.5948686599731445,0.5374910831451416,0.5404070019721985,-0.05148141086101532,-0.3089117407798767,0.9496963620185852,0.0,0.0,0.0,0.20000000298023224,0.23489399254322052,0.3711632788181305,-0.041852355003356934,0.8753531575202942,-0.02187393791973591,0.3181495666503906,-0.30152228474617004,-1.4844045639038086,-0.4263400733470917,-1.1377156972885132,1.976391315460205,2.3099706172943115,-2.3648455142974854,-2.1880288124084473,-1.0728644132614136,-5.005332946777344,7.664166450500488,-1.4320685863494873,-0.5078080892562866,-3.4326961040496826,-2.0520598888397217,-0.3238886594772339,-1.3677424192428589,0.9625163674354553,-4.551827907562256,-6.210320949554443,5.0834174156188965,3.2504384517669678,0.7583823204040527,-0.09603220969438553,0.19690173864364624,1.4173527956008911,-0.9808480143547058,-0.261221706867218,0.9218379259109497,-1.72793447971344,1.3880409002304077,0.2041468620300293,0.4520053267478943,1.0625413656234741,-1.1167525053024292,-0.7504660487174988,1.3209999799728394,0.8045490980148315,0.39929625391960144,0.29956114292144775,1.3325735330581665,-0.9988938570022583,-0.18264535069465637,0.8276743292808533,-1.3171340227127075,1.6348884105682373,-0.008956855162978172,0.08015413582324982,1.0058093070983887,-0.6682950258255005,-0.7418845295906067,0.3803611993789673,0.1615104228258133,0.09394506365060806,0.7351106405258179,-0.07814870774745941,0.28735804557800293,-0.29253488779067993,-1.4493592977523804,-0.47037720680236816,-1.2064917087554932,1.8276149034500122,2.211698293685913,-2.2041690349578857,-2.1390724182128906,0.23489399254322052,0.3711632788181305,-0.041852355003356934,0.8753531575202942,-0.02187393791973591,0.3181495666503906,-0.30152228474617004,-1.4844045639038086,-0.4263400733470917,-1.1377156972885132,1.976391315460205,2.3099706172943115,-2.3648455142974854,-2.1880288124084473,-1.0728644132614136,-5.005332946777344,7.664166450500488,-1.4320685863494873,-0.5078080892562866,-3.4326961040496826,-2.0520598888397217,-0.3238886594772339,-1.3677424192428589,0.9625163674354553,-4.551827907562256,-6.210320949554443,5.0834174156188965,3.2504384517669678
4.72,0.8055537939071655,1.8117996454238892,-1.6198835372924805,-4.162690162658691,0.7093130350112915,0.16832353174686432,-0.05748431012034416,-0.37011125683784485,0.9272072315216064,0.0,0.0,0.0,0.20000000298023224,0.24405157566070557,0.20081566274166107,0.07816050946712494,0.7874021530151367,-0.029684338718652725,0.2797463536262512,-0.31393322348594666,-1.5014368295669556,-0.44388946890830994,-1.168810248374939,1.9028431177139282,2.2281224727630615,-2.2550179958343506,-2.148066997528076,4.1916704177856445,-7.611015319824219,8.043266296386719,-4.4509124755859375,-1.9486960172653198,-2.1488869190216064,-1.1581645011901855,2.0254383087158203,-0.42162904143333435,-1.6524072885513306,-5.375,-6.0004777908325195,11.300610542297363,0.8474168181419373,0.8045490980148315,0.39929625391960144,0.29956114292144775,1.3325735330581665,-0.9988938570022583,-0.18264535069465637,0.8276743292808533,-1.3171340227127075,1.6348884105682373,-0.008956855162978172,0.08015413582324982,1.0058093070983887,-0.6682950258255005,-0.7418845295906067,1.3009999990463257,0.3223567605018616,0.8265066742897034,0.17974400520324707,1.2683221101760864,-0.8216560482978821,-0.18438249826431274,0.5748252868652344,-0.9992411732673645,1.848130702972412,0.03127299249172211,-0.10840048640966415,0.9773858189582825,-0.2451934665441513,-0.738497793674469,0.27076977491378784,0.2873818874359131,0.0919085294008255,0.6846358776092529,-0.03938836604356766,0.30268341302871704,-0.35161110758781433,-1.3235399723052979,-0.4089559316635132,-1.2312276363372803,1.7247073650360107,2.1881957054138184,-2.0243330001831055,-2.1151106357574463,0.24405157566070557,0.20081566274166107,0.07816050946712494,0.7874021530151367,-0.029684338718652725,0.2797463536262512,-0.31393322348594666,-1.5014368295669556,-0.44388946890830994,-1.168810248374939,1.9028431177139282,2.2281224727630615,-2.2550179958343506,-2.148066997528076,4.1916704177856445,-7.611015319824219,8.043266296386719,-4.4509124755859375,-1.9486960172653198,-2.1488869190216064,-1.1581645011901855,2.0254383087158203,-0.42162904143333435,-1.6524072885513306,-5.375,-6.0004777908325195,11.300610542297363,0.8474168181419373
4.74,0.8714163899421692,1.593591570854187,-1.5626506805419922,-3.9253385066986084,0.28733476996421814,-0.2995307445526123,-0.057045575231313705,-0.4339328706264496,0.8991373777389526,0.0,0.0,0.0,0.20000000298023224,0.331087589263916,0.0682726800441742,0.1922580897808075,0.6757320165634155,-0.040700241923332214,0.2729390263557434,-0.3083476722240448,-1.4734089374542236,-0.4382604658603668,-1.217560887336731,1.8338512182235718,2.1729981899261475,-2.0806233882904053,-2.128126382827759,4.6085100173950195,-2.4438209533691406,5.27278995513916,-5.010030746459961,-0.9917057752609253,-0.41357144713401794,-0.720666766166687,4.043071746826172,1.7193431854248047,-1.0792759656906128,-4.213423252105713,-3.9407505989074707,13.643198013305664,0.2715734541416168,0.3223567605018616,0.8265066742897034,0.17974400520324707,1.2683221101760864,-0.8216560482978821,-0.18438249826431274,0.5748252868652344,-0.9992411732673645,1.848130702972412,0.03127299249172211,-0.10840048640966415,0.9773858189582825,-0.2451934665441513,-0.738497793674469,1.281000018119812,-0.14282594621181488,0.9789844155311584,0.14528515934944153,1.083616018295288,-0.6335000991821289,-0.30114710330963135,0.4973371624946594,-1.1413565874099731,1.7159676551818848,0.39123839139938354,-0.2844972312450409,1.1590698957443237,-0.16227035224437714,-0.8994520902633667,0.0996783971786499,0.38843703269958496,0.08227555453777313,0.6132219433784485,0.027030792087316513,0.28115493059158325,-0.40052124857902527,-1.2961591482162476,-0.41128605604171753,-1.15360426902771,1.6292293071746826,2.221865177154541,-1.9136841297149658,-2.1433682441711426,0.331087589263916,0.0682726800441742,0.1922580897808075,0.6757320165634155,-0.040700241923332214,0.2729390263557434,-0.3083476722240448,-1.4734089374542236,-0.4382604658603668,-1.217560887336731,1.8338512182235718,2.1729981899261475,-2.0806233882904053,-2.128126382827759,4.6085100173950195,-2.4438209533691406,5.27278995513916,-5.010030746459961,-0.9917057752609253,-0.41357144713401794,-0.720666766166687,4.043071746826172,1.7193431854248047,-1.0792759656906128,-4.213423252105713,-3.9407505989074707,13.643198013305664,0.2715734541416168
4.76,0.8714163899421692,1.593591570854187,-1.5626506805419922,-2.6995275020599365,-0.055499590933322906,-0.39141136407852173,-0.04540083184838295,-0.48329538106918335,0.8742793202400208,0.0,0.0,0.0,0.20000000298023224,0.35130324959754944,0.08692310005426407,0.2262633740901947,0.5756449699401855,-0.017921682447195053,0.278157114982605,-0.2944831848144531,-1.4112238883972168,-0.42868539690971375,-1.1991760730743408,1.7834521532058716,2.1822383403778076,-1.9295134544372559,-2.1523194313049316,-3.1269476413726807,5.0457940101623535,-0.6028632521629333,-4.533345699310303,0.7648962736129761,-0.20703357458114624,-0.30663731694221497,4.155948162078857,1.3171306848526,2.0692663192749023,-3.606095790863037,0.2039160579442978,8.245500564575195,-0.4726221561431885,-0.14282594621181488,0.9789844155311584,0.14528515934944153,1.083616018295288,-0.6335000991821289,-0.30114710330963135,0.4973371624946594,-1.1413565874099731,1.7159676551818848,0.39123839139938354,-0.2844972312450409,1.1590698957443237,-0.16227035224437714,-0.8994520902633667,1.2610000371932983,-0.342282235622406,0.7467507719993591,-0.05491632968187332,1.3474675416946411,-0.4024861752986908,-0.9621066451072693,0.8351032137870789,-1.6460025310516357,1.428430199623108,1.1081373691558838,-0.2556743025779724,1.4745688438415527,-0.30929240584373474,-0.9679266810417175,-0.03573136031627655,0.38090622425079346,0.027408694848418236,0.6434778571128845,0.11799385398626328,0.10515080392360687,-0.3405348062515259,-1.408630132675171,-0.4843354821205139,-0.9355677962303162,1.588696002960205,2.3175747394561768,-1.8951151371002197,-2.1746158599853516,0.35130324959754944,0.08692310005426407,0.2262633740901947,0.5756449699401855,-0.017921682447195053,0.278157114982605,-0.2944831848144531,-1.4112238883972168,-0.42868539690971375,-1.1991760730743408,1.7834521532058716,2.1822383403778076,-1.9295134544372559,-2.1523194313049316,-3.1269476413726807,5.0457940101623535,-0.6028632521629333,-4.533345699310303,0.7648962736129761,-0.20703357458114624,-0.30663731694221497,4.155948162078857,1.3171306848526,2.0692663192749023,-3.606095790863037,0.2039160579442978,8.245500564575195,-0.4726221561431885
4.78,0.8564624786376953,1.8514941930770874,-1.0991047620773315,-1.6028249263763428,0.11482231318950653,0.06671548634767532,-0.03483893349766731,-0.5138425827026367,0.8571767807006836,0.0,0.0,0.0,0.20000000298023224,0.19591692090034485,0.22891494631767273,0.17130374908447266,0.5284743905067444,0.02605380304157734,0.26811543107032776,-0.28770172595977783,-1.3869431018829346,-0.4501323997974396,-1.100941777229309,1.7286502122879028,2.268951892852783,-1.8908814191818237,-2.1703081130981445,-11.471633911132812,8.512545585632324,-4.458617210388184,0.8274522423744202,1.7556716203689575,-3.2392585277557373,-0.1591673344373703,-0.38325226306915283,-1.5258136987686157,8.801655769348145,-4.947264194488525,4.477086544036865,1.6779507398605347,-0.24379050731658936,-0.342282235622406,0.7467507719993591,-0.05491632968187332,1.3474675416946411,-0.4024861752986908,-0.9621066451072693,0.8351032137870789,-1.6460025310516357,1.428430199623108,1.1081373691558838,-0.2556743025779724,1.4745688438415527,-0.30929240584373474,-0.9679266810417175,1.2410000562667847,-0.005150586366653442,0.015669453889131546,-0.5077398419380188,1.8388606309890747,-0.22725903987884521,-1.0748158693313599,0.9987128376960754,-1.4718765020370483,1.2619068622589111,1.1703115701675415,0.14655540883541107,1.1454046964645386,-0.8627384901046753,-0.5105177164077759,-0.019153326749801636,0.19437047839164734,-0.1132306158542633,0.7814540863037109,0.2072821706533432,-0.011028565466403961,-0.26963919401168823,-1.421334147453308,-0.5624910593032837,-0.8110060095787048,1.6689867973327637,2.2831385135650635,-2.0241923332214355,-2.0758872032165527,0.19591692090034485,0.22891494631767273,0.17130374908447266,0.5284743905067444,0.02605380304157734,0.26811543107032776,-0.28770172595977783,-1.3869431018829346,-0.4501323997974396,-1.100941777229309,1.7286502122879028,2.268951892852783,-1.8908814191818237,-2.1703081130981445,-11.471633911132812,8.512545585632324,-4.458617210388184,0.8274522423744202,1.7556716203689575,-3.2392585277557373,-0.1591673344373703,-0.38325226306915283,-1.5258136987686157,8.801655769348145,-4.947264194488525,4.477086544036865,1.6779507398605347,-0.24379050731658936
4.8,0.8564624786376953,1.8514941930770874,-1.0991047620773315,-1.706594467163086,0.527876079082489,0.2776493430137634,-0.03499075397849083,-0.5320582389831543,0.8459844589233398,0.0,0.0,0.0,0.20000000298023224,-0.07384040206670761,0.36170274019241333,0.036240022629499435,0.5631219744682312,0.08299796283245087,0.18943490087985992,-0.2927451729774475,-1.4368321895599365,-0.5070415139198303,-0.9463239312171936,1.6819623708724976,2.3422091007232666,-1.9995099306106567,-2.084462881088257,-12.227865219116211,4.950080394744873,-7.337925910949707,6.152172088623047,2.41731858253479,-6.016054153442383,-0.9597659111022949,-2.2561073303222656,-2.6440091133117676,7.5941033363342285,-2.459958553314209,1.0845566987991333,-7.643367767333984,4.784172534942627,-0.005150586366653442,0.015669453889131546,-0.5077398419380188,1.8388606309890747,-0.22725903987884521,-1.0748158693313599,0.9987128376960754,-1.4718765020370483,1.2619068622589111,1.1703115701675415,0.14655540883541107,1.1454046964645386,-0.8627384901046753,-0.5105177164077759,1.2209999561309814,0.3078550100326538,-0.2131393700838089,-0.2003738135099411,2.0102665424346924,-0.48779210448265076,-0.8170230984687805,1.1764743328094482,-1.4510080814361572,1.2222387790679932,0.9389680027961731,0.33045440912246704,0.9472449421882629,-1.0837903022766113,-0.3278981149196625,0.06738708913326263,0.043900396674871445,-0.10670876502990723,0.8932936787605286,0.18679305911064148,-0.004670057445764542,-0.18975099921226501,-1.422469139099121,-0.6114858388900757,-0.8065609931945801,1.7551069259643555,2.2163805961608887,-2.143993854522705,-1.9808681011199951,-0.07384040206670761,0.36170274019241333,0.036240022629499435,0.5631219744682312,0.08299796283245087,0.18943490087985992,-0.2927451729774475,-1.4368321895599365,-0.5070415139198303,-0.9463239312171936,1.6819623708724976,2.3422091007232666,-1.9995099306106567,-2.084462881088257,-12.227865219116211,4.950080394744873,-7.337925910949707,6.152172088623047,2.41731858253479,-6.016054153442383,-0.9597659111022949,-2.2561073303222656,-2.6440091133117676,7.5941033363342285,-2.459958553314209,1.0845566987991333,-7.643367767333984,4.784172534942627
4.82,0.7450971603393555,1.7371426820755005,-1.1917320489883423,-3.481346845626831,0.37009525299072266,0.40751856565475464,-0.038973838090896606,-0.5669350624084473,0.8228399753570557,0.0,0.0,0.0,0.20000000298023224,-0.24989214539527893,0.3786073923110962,-0.12012091279029846,0.716968297958374,0.14057645201683044,0.08649075776338577,-0.3030765652656555,-1.4782236814498901,-0.5637789964675903,-0.8599206209182739,1.6686716079711914,2.337083578109741,-2.1343202590942383,-1.9891600608825684,-2.3016393184661865,-1.4571698904037476,-5.021815299987793,11.79167652130127,1.4462872743606567,-5.073653697967529,-0.5696542263031006,0.3731212913990021,-1.6904518604278564,2.616811752319336,-0.8318530321121216,-3.941721200942993,-6.231064319610596,4.3141560554504395,0.3078550100326538,-0.2131393700838089,-0.2003738135099411,2.0102665424346924,-0.48779210448265076,-0.8170230984687805,1.1764743328094482,-1.4510080814361572,1.2222387790679932,0.9389680027961731,0.33045440912246704,0.9472449421882629,-1.0837903022766113,-0.3278981149196625,1.2009999752044678,0.4001121520996094,0.43541035056114197,-0.42015767097473145,1.3840492963790894,-0.7740916013717651,-0.4708820581436157,1.3031890392303467,-1.4546294212341309,1.4429938793182373,0.8789500594139099,0.3124409317970276,0.6576410531997681,-0.950654923915863,-0.14933061599731445,0.13372159004211426,0.13080278038978577,-0.15839380025863647,0.7926591634750366,0.10497362911701202,0.08504445850849152,-0.1181282252073288,-1.4239418506622314,-0.5807944536209106,-0.8193429708480835,1.793663740158081,2.110600471496582,-2.1706106662750244,-1.888716697692871,-0.24989214539527893,0.3786073923110962,-0.12012091279029846,0.716968297958374,0.14057645201683044,0.08649075776338577,-0.3030765652656555,-1.4782236814498901,-0.5637789964675903,-0.8599206209182739,1.6686716079711914,2.337083578109741,-2.1343202590942383,-1.9891600608825684,-2.3016393184661865,-1.4571698904037476,-5.021815299987793,11.79167652130127,1.4462872743606567,-5.073653697967529,-0.5696542263031006,0.3731212913990021,-1.6904518604278564,2.616811752319336,-0.8318530321121216,-3.941721200942993,-6.231064319610596,4.3141560554504395
4.84,0.7450971603393555,1.7371426820755005,-1.1917320489883423,-4.358262062072754,0.05973716080188751,0.047517623752355576,-0.03773434832692146,-0.6238236427307129,0.7806536555290222,0.0,0.0,0.0,0.20000000298023224,-0.18829657137393951,0.26837730407714844,-0.22031836211681366,0.9056293964385986,0.16642281413078308,0.02463030256330967,-0.2902041971683502,-1.4518169164657593,-0.5682514309883118,-0.8497599363327026,1.6849614381790161,2.2336764335632324,-2.1894845962524414,-1.9009087085723877,9.338260650634766,-6.078850269317627,-2.6297266483306885,6.779539108276367,-0.3464718163013458,-1.8675318956375122,1.3454656600952148,4.767641544342041,0.8196027278900146,0.348928302526474,0.23707573115825653,-9.48639965057373,0.1909838616847992,4.765078544616699,0.4001121520996094,0.43541035056114197,-0.42015767097473145,1.3840492963790894,-0.7740916013717651,-0.4708820581436157,1.3031890392303467,-1.4546294212341309,1.4429938793182373,0.8789500594139099,0.3124409317970276,0.6576410531997681,-0.950654923915863,-0.14933061599731445,1.180999994277954,-0.09229092299938202,0.9887716174125671,-0.3558398485183716,0.9572887420654297,-0.5804717540740967,-0.6251963376998901,0.8470375537872314,-1.439616322517395,1.4648882150650024,0.8575880527496338,0.2895122766494751,0.6428162455558777,-0.7959463000297546,-0.35142624378204346,0.043788064271211624,0.31259429454803467,-0.16815686225891113,0.6356517672538757,0.11246887594461441,0.09132314473390579,-0.1963547170162201,-1.4209250211715698,-0.5599751472473145,-0.8310744762420654,1.8072099685668945,2.054004192352295,-2.1452417373657227,-1.893164873123169,-0.18829657137393951,0.26837730407714844,-0.22031836211681366,0.9056293964385986,0.16642281413078308,0.02463030256330967,-0.2902041971683502,-1.4518169164657593,-0.5682514309883118,-0.8497599363327026,1.6849614381790161,2.2336764335632324,-2.1894845962524414,-1.9009087085723877,9.338260650634766,-6.078850269317627,-2.6297266483306885,6.779539108276367,-0.3464718163013458,-1.8675318956375122,1.3454656600952148,4.767641544342041,0.8196027278900146,0.348928302526474,0.23707573115825653,-9.48639965057373,0.1909838616847992,4.765078544616699
4.86,0.7996829152107239,1.6640018224716187,-1.4080573320388794,-2.037999391555786,0.8056023120880127,0.8213412165641785,-0.04072388634085655,-0.6752261519432068,0.7364857196807861,0.0,0.0,0.0,0.20000000298023224,0.028966324403882027,0.14482715725898743,-0.29139336943626404,0.9376469850540161,0.15430210530757904,0.005512841045856476,-0.2574344277381897,-1.3844772577285767,-0.5517491102218628,-0.8395999073982239,1.725066065788269,2.1001739501953125,-2.1528449058532715,-1.8866890668869019,8.72036075592041,-4.130813121795654,-3.269659996032715,-4.9432244300842285,-2.2484524250030518,-2.3173534870147705,0.10243099182844162,3.7729034423828125,0.24710100889205933,-0.2667984068393707,-0.03927144780755043,-7.8706560134887695,4.441404342651367,-1.4581921100616455,-0.09229092299938202,0.9887716174125671,-0.3558398485183716,0.9572887420654297,-0.5804717540740967,-0.6251963376998901,0.8470375537872314,-1.439616322517395,1.4648882150650024,0.8575880527496338,0.2895122766494751,0.6428162455558777,-0.7959463000297546,-0.35142624378204346,1.1610000133514404,-0.2256171852350235,0.9244037866592407,0.06608430296182632,0.42391201853752136,-0.5601012706756592,-0.9158152341842651,0.4044155180454254,-1.0495631694793701,1.2041934728622437,0.927216112613678,0.2865014970302582,0.5555009245872498,-0.6882538199424744,-0.6261155009269714,-0.03451026231050491,0.3873980939388275,-0.06755735725164413,0.4238038957118988,0.12130911648273468,0.02180776372551918,-0.34612345695495605,-1.3219032287597656,-0.614739179611206,-0.8195332288742065,1.813230276107788,2.0038774013519287,-2.1056342124938965,-1.9640612602233887,0.028966324403882027,0.14482715725898743,-0.29139336943626404,0.9376469850540161,0.15430210530757904,0.005512841045856476,-0.2574344277381897,-1.3844772577285767,-0.5517491102218628,-0.8395999073982239,1.725066065788269,2.1001739501953125,-2.1528449058532715,-1.8866890668869019,8.72036075592041,-4.130813121795654,-3.269659996032715,-4.9432244300842285,-2.2484524250030518,-2.3173534870147705,0.10243099182844162,3.7729034423828125,0.24710100889205933,-0.2667984068393707,-0.03927144780755043,-7.8706560134887695,4.441404342651367,-1.4581921100616455
