timestamp_s,obs_0: base_lin_vel_x,obs_1: base_lin_vel_y,obs_2: base_lin_vel_z,obs_3: base_ang_vel_x,obs_4: base_ang_vel_y,obs_5: base_ang_vel_z,obs_6: projected_gravity_x,obs_7: projected_gravity_y,obs_8: projected_gravity_z,obs_9: pose_commands_cmd_0,obs_10: pose_commands_cmd_1,obs_11: pose_commands_cmd_2,obs_12: pose_commands_cmd_3,obs_13: joint_pos_FL_HAA,obs_14: joint_pos_FR_HAA,obs_15: joint_pos_HL_HAA,obs_16: joint_pos_HR_HAA,obs_17: joint_pos_FL_HFE,obs_18: joint_pos_FR_HFE,obs_19: joint_pos_HL_HFE,obs_20: joint_pos_HR_HFE,obs_21: joint_pos_FL_KFE,obs_22: joint_pos_FR_KFE,obs_23: joint_pos_HL_KFE,obs_24: joint_pos_HR_KFE,obs_25: joint_pos_HL_AFE,obs_26: joint_pos_HR_AFE,obs_27: joint_vel_FL_HAA,obs_28: joint_vel_FR_HAA,obs_29: joint_vel_HL_HAA,obs_30: joint_vel_HR_HAA,obs_31: joint_vel_FL_HFE,obs_32: joint_vel_FR_HFE,obs_33: joint_vel_HL_HFE,obs_34: joint_vel_HR_HFE,obs_35: joint_vel_FL_KFE,obs_36: joint_vel_FR_KFE,obs_37: joint_vel_HL_KFE,obs_38: joint_vel_HR_KFE,obs_39: joint_vel_HL_AFE,obs_40: joint_vel_HR_AFE,obs_41: actions_FL_HAA,obs_42: actions_FR_HAA,obs_43: actions_HL_HAA,obs_44: actions_HR_HAA,obs_45: actions_FL_HFE,obs_46: actions_FR_HFE,obs_47: actions_HL_HFE,obs_48: actions_HR_HFE,obs_49: actions_FL_KFE,obs_50: actions_FR_KFE,obs_51: actions_HL_KFE,obs_52: actions_HR_KFE,obs_53: actions_HL_AFE,obs_54: actions_HR_AFE,obs_55: time_remaining_s_time,action_IA_FL_HAA,action_IA_FR_HAA,action_IA_HL_HAA,action_IA_HR_HAA,action_IA_FL_HFE,action_IA_FR_HFE,action_IA_HL_HFE,action_IA_HR_HFE,action_IA_FL_KFE,action_IA_FR_KFE,action_IA_HL_KFE,action_IA_HR_KFE,action_IA_HL_AFE,action_IA_HR_AFE,target_envoyee_FL_HAA,target_envoyee_FL_HFE,target_envoyee_FL_KFE,target_envoyee_FR_HAA,target_envoyee_FR_HFE,target_envoyee_FR_KFE,target_envoyee_HL_HAA,target_envoyee_HL_HFE,target_envoyee_HL_KFE,target_envoyee_HL_AFE,target_envoyee_HR_HAA,target_envoyee_HR_HFE,target_envoyee_HR_KFE,target_envoyee_HR_AFE,position_reelle_FL_HAA,position_reelle_FR_HAA,position_reelle_HL_HAA,position_reelle_HR_HAA,position_reelle_FL_HFE,position_reelle_FR_HFE,position_reelle_HL_HFE,position_reelle_HR_HFE,position_reelle_FL_KFE,position_reelle_FR_KFE,position_reelle_HL_KFE,position_reelle_HR_KFE,position_reelle_HL_AFE,position_reelle_HR_AFE,vitesse_reelle_FL_HAA,vitesse_reelle_FR_HAA,vitesse_reelle_HL_HAA,vitesse_reelle_HR_HAA,vitesse_reelle_FL_HFE,vitesse_reelle_FR_HFE,vitesse_reelle_HL_HFE,vitesse_reelle_HR_HFE,vitesse_reelle_FL_KFE,vitesse_reelle_FR_KFE,vitesse_reelle_HL_KFE,vitesse_reelle_HR_KFE,vitesse_reelle_HL_AFE,vitesse_reelle_HR_AFE
0.022,0.0,0.0,0.0,-0.5428404808044434,2.5553314685821533,-0.1585717499256134,0.08556266874074936,-0.015600128099322319,-0.9962106347084045,0.20000000298023224,0.20000000298023224,0.20000000298023224,0.0,-0.009129601530730724,-0.032715462148189545,-0.01461816020309925,-0.01557575911283493,-0.058641355484724045,-0.05444110557436943,-0.10230070352554321,-0.07579564303159714,-0.005815282929688692,-0.0044881128706038,-0.16698545217514038,-0.22991132736206055,0.5753193497657776,0.6616475582122803,0.49973762035369873,0.6561337113380432,-0.528843104839325,0.4936892092227936,0.31260064244270325,0.09963743388652802,-7.289525985717773,-6.3859944343566895,-1.114870309829712,-0.9104806780815125,13.595795631408691,12.42553424835205,-11.465520858764648,-12.375595092773438,0.0,0.0,0.0,0.0,0.0,0.0,0.0,0.0,0.0,0.0,0.0,0.0,0.0,0.0,6.0,-0.48593223094940186,-0.3137739896774292,-1.010168194770813,0.30747926235198975,-0.5091145038604736,0.03333352133631706,1.0231232643127441,1.231707215309143,0.39293208718299866,0.6201252341270447,-0.36548128724098206,-0.287987619638443,0.017486538738012314,-0.32584598660469055,-0.12148305773735046,0.28292137384414673,-1.1733670234680176,-0.0784434974193573,0.4185333847999573,-1.116568684577942,-0.25254204869270325,-0.4423191547393799,1.5846296548843384,-1.7175283432006836,0.07686981558799744,-0.39017316699028015,1.6040030717849731,-1.803361415863037,-1.324003915215144e-05,-0.01975688710808754,-0.01294548436999321,-0.010470624081790447,-0.05447157844901085,-0.052887268364429474,-0.140395388007164,-0.11982899904251099,-0.010950958356261253,-0.009620246477425098,-0.0917501375079155,-0.13936497271060944,0.4654824733734131,0.5295203328132629,1.171743631362915,1.7202200889587402,0.5035856366157532,0.6184743046760559,0.5210729837417603,0.2459487020969391,-2.0977442264556885,-3.0181190967559814,-0.2188071608543396,-0.31246453523635864,6.4509782791137695,7.974629878997803,-15.712798118591309,-16.821979522705078
0.041,0.0,0.0,0.0,-0.4684516191482544,3.5354249477386475,-0.09554430097341537,0.13505297899246216,-0.007072125095874071,-0.990813136100769,0.20000000298023224,0.20000000298023224,0.20000000298023224,0.0,0.011080743744969368,-0.002299222396686673,-0.007147868163883686,-0.004232394974678755,-0.04970685765147209,-0.050386566668748856,-0.14555054903030396,-0.13364291191101074,-0.011805222369730473,-0.011592759750783443,-0.041961420327425,-0.07546284794807434,0.27549293637275696,0.32957398891448975,0.8847461342811584,1.643467664718628,0.5302326083183289,0.5711340308189392,0.5879598259925842,0.4210151135921478,1.1147513389587402,0.2291310727596283,-0.023843154311180115,-0.13812480866909027,3.59623384475708,5.133962631225586,-21.68992042541504,-22.857728958129883,-0.48593223094940186,-0.3137739896774292,-1.010168194770813,0.30747926235198975,-0.5091145038604736,0.03333352133631706,1.0231232643127441,1.231707215309143,0.39293208718299866,0.6201252341270447,-0.36548128724098206,-0.287987619638443,0.017486538738012314,-0.32584598660469055,5.980000019073486,-0.5493309497833252,-0.3179398477077484,-1.0479223728179932,0.3796166181564331,-0.33027738332748413,-0.01790187507867813,0.544929563999176,0.6959788203239441,0.6793559789657593,0.784263551235199,-0.44054675102233887,-0.23261255025863647,-0.10550673305988312,-0.49203434586524963,-0.19807426631450653,0.2639913558959961,-1.0526444911956787,-0.11870671063661575,0.4098912179470062,-0.9980184435844421,-0.3882516026496887,-0.4339771866798401,1.5201780796051025,-1.7460908889770508,0.133339062333107,-0.370141863822937,1.581848382949829,-1.8856393098831177,0.0025859635788947344,-0.0026622251607477665,0.008009983226656914,-0.006397923920303583,0.37157949805259705,0.37276723980903625,-0.6516503095626831,-0.6573271751403809,-1.1627823114395142,-1.163834810256958,1.5666431188583374,1.5598385334014893,-1.5810242891311646,-1.5790209770202637,0.4189503788948059,-0.910250723361969,1.9398729801177979,-1.9765050411224365,-9.425816535949707,-9.163505554199219,11.657716751098633,9.543959617614746,27.129344940185547,26.905458450317383,-24.81666374206543,-25.527856826782227,24.069143295288086,30.157676696777344
0.061,0.5510937571525574,-0.01550348475575447,-0.07487884163856506,0.13714049756526947,1.2664278745651245,0.23018643260002136,0.1683395504951477,-0.010407403111457825,-0.9856741428375244,0.20000000298023224,0.20000000298023224,0.20000000298023224,0.0,0.003511587390676141,-0.007647386286407709,0.025233009830117226,-0.021199241280555725,0.27924585342407227,0.282572865486145,-0.5125081539154053,-0.5323811769485474,-0.9164885878562927,-0.9181691408157349,1.3019217252731323,1.3084133863449097,-1.3342225551605225,-1.339491844177246,-0.024862585589289665,-0.11362368613481522,1.4039356708526611,-1.035404920578003,-9.443169593811035,-9.340679168701172,14.954877853393555,13.958579063415527,25.314678192138672,25.42428207397461,-26.32325553894043,-25.038551330566406,22.191598892211914,23.26727294921875,-0.5493309497833252,-0.3179398477077484,-1.0479223728179932,0.3796166181564331,-0.33027738332748413,-0.01790187507867813,0.544929563999176,0.6959788203239441,0.6793559789657593,0.784263551235199,-0.44054675102233887,-0.23261255025863647,-0.10550673305988312,-0.49203434586524963,5.960999965667725,-0.7738233208656311,0.19696243107318878,-1.2543352842330933,1.0049775838851929,-0.1905600130558014,-0.375798761844635,-0.5297750234603882,-0.25293636322021484,1.0417824983596802,0.9794370532035828,0.22655479609966278,0.37885430455207825,-0.5842448472976685,-0.9049401879310608,-0.29249295592308044,0.28945568203926086,-0.9016766548156738,-0.010112747550010681,0.31609591841697693,-0.8899499177932739,-0.5077096223831177,-0.6984823346138,1.6547276973724365,-1.880056619644165,0.3179139196872711,-0.5973550081253052,1.7236378192901611,-2.0300047397613525,0.0013324355240911245,-0.004994550719857216,0.035207878798246384,-0.026016781106591225,0.19122831523418427,0.19514964520931244,-0.36369144916534424,-0.3870297372341156,-0.6787728071212769,-0.6790068745613098,1.0438379049301147,1.062156319618225,-1.07233464717865,-1.0978000164031982,-0.34770381450653076,0.5156164765357971,0.664945125579834,-0.02415168099105358,-8.610757827758789,-8.542620658874512,14.444153785705566,14.903055191040039,24.315887451171875,24.370948791503906,-24.917598724365234,-23.844921112060547,29.482637405395508,21.811166763305664
0.08,0.5510937571525574,-0.01550348475575447,-0.07487884163856506,0.08254534006118774,0.6983745098114014,0.14264394342899323,0.18489854037761688,-0.01028328388929367,-0.9827038049697876,0.20000000298023224,0.20000000298023224,0.20000000298023224,0.0,-0.003444501431658864,0.001758582191541791,0.037245891988277435,-0.023342778906226158,0.11662554740905762,0.12043843418359756,-0.22018446028232574,-0.24108852446079254,-0.45900794863700867,-0.4594487249851227,0.8024478554725647,0.8173049092292786,-0.810940682888031,-0.8299154043197632,-0.8650959730148315,0.41473662853240967,-0.13229826092720032,0.5552629828453064,-6.612831115722656,-6.567484378814697,15.05803394317627,13.763134956359863,20.152542114257812,20.16030502319336,-26.701160430908203,-21.17643165588379,31.862777709960938,19.33779525756836,-0.7738233208656311,0.19696243107318878,-1.2543352842330933,1.0049775838851929,-0.1905600130558014,-0.375798761844635,-0.5297750234603882,-0.25293636322021484,1.0417824983596802,0.9794370532035828,0.22655479609966278,0.37885430455207825,-0.5842448472976685,-0.9049401879310608,5.940999984741211,-0.9416127800941467,0.13993807137012482,-1.2122511863708496,0.8766624927520752,-0.3371167480945587,-0.48035866022109985,-0.8406161069869995,-0.15109309554100037,0.7914679646492004,1.1001899242401123,0.06263341009616852,0.14491716027259827,-0.5511513352394104,-0.8560017943382263,-0.3816496729850769,0.2655486464500427,-0.8887713551521301,0.029928144067525864,0.24305829405784607,-0.805727481842041,-0.5569176077842712,-0.9084451198577881,1.6810221672058105,-1.9387661218643188,0.37812256813049316,-0.6855007410049438,1.7360482215881348,-2.0899529457092285,-0.009326914325356483,0.0077460044994950294,0.03163043037056923,-0.015178523026406765,0.06481346487998962,0.06765880435705185,-0.08930426090955734,-0.10910120606422424,-0.29620373249053955,-0.2960778772830963,0.5760107040405273,0.5865653157234192,-0.5602070093154907,-0.5616398453712463,-0.5393629670143127,0.4899730682373047,-0.8958171010017395,1.0735982656478882,-4.164494514465332,-4.268057823181152,11.62515926361084,12.039942741394043,13.335187911987305,13.349080085754395,-20.032182693481445,-20.485591888427734,20.738563537597656,21.344377517700195
0.102,0.5844712853431702,-0.05529975891113281,-0.746968150138855,0.17923957109451294,0.6135215163230896,0.05292949452996254,0.19593825936317444,-0.012662583030760288,-0.9805344939231873,0.20000000298023224,0.20000000298023224,0.20000000298023224,0.0,-0.01313791237771511,0.01064371969550848,0.01908142678439617,-0.0026038424111902714,0.0310988649725914,0.03253738582134247,0.008740047924220562,-0.007758661173284054,-0.19035331904888153,-0.19005805253982544,0.3918140232563019,0.39250531792640686,-0.3033921718597412,-0.2948130667209625,-0.24269670248031616,0.12252624332904816,-1.5295727252960205,1.3951210975646973,-2.7972946166992188,-2.9600002765655518,7.907373428344727,8.318704605102539,8.592008590698242,8.605860710144043,-15.907835006713867,-17.152498245239258,27.176523208618164,27.75066375732422,-0.9416127800941467,0.13993807137012482,-1.2122511863708496,0.8766624927520752,-0.3371167480945587,-0.48035866022109985,-0.8406161069869995,-0.15109309554100037,0.7914679646492004,1.1001899242401123,0.06263341009616852,0.14491716027259827,-0.5511513352394104,-0.8560017943382263,5.920000076293945,-0.9106631875038147,0.046905774623155594,-0.8451082110404968,0.5261662006378174,-0.4659365713596344,-0.6169280409812927,-0.5061095952987671,-0.10129531472921371,0.9363701939582825,1.0415399074554443,-0.3187981843948364,-0.035763829946517944,-0.14323577284812927,-0.640978991985321,-0.4184906482696533,0.22139018774032593,-0.8460931777954102,0.026690516620874405,0.17239713668823242,-0.7782787680625916,-0.48973584175109863,-0.9297999143600464,1.5988115072250366,-1.8661420345306396,0.3206028342247009,-0.7171242237091064,1.6970832347869873,-2.066171169281006,-0.013941683806478977,0.009735267609357834,0.0014755886513739824,0.01200567651540041,0.00859183818101883,0.00833476334810257,0.06166190281510353,0.05105040967464447,-0.1228853389620781,-0.12259948998689651,0.27853864431381226,0.27011895179748535,-0.08638030290603638,-0.08352507650852203,0.06013958528637886,-0.2501504719257355,-1.8850336074829102,1.4477488994598389,-1.857784628868103,-2.030116081237793,3.6001951694488525,4.187495231628418,5.439177513122559,5.428561210632324,-8.619057655334473,-9.276333808898926,18.669143676757812,17.628652572631836
0.121,0.5844712853431702,-0.05529975891113281,-0.746968150138855,0.2578223943710327,1.0133556127548218,-0.033415280282497406,0.21203391253948212,-0.017373964190483093,-0.9771078824996948,0.20000000298023224,0.20000000298023224,0.20000000298023224,0.0,-0.011692091822624207,0.005746180657297373,-0.017258279025554657,0.02495245262980461,-0.00574469193816185,-0.007634187117218971,0.08520201593637466,0.07996596395969391,-0.08046010881662369,-0.08034898340702057,0.21508806943893433,0.20388872921466827,0.012703912332654,0.00852720346301794,0.3658124506473541,-0.48857080936431885,-1.814598798751831,1.1472675800323486,-1.1257470846176147,-1.2789005041122437,1.721139907836914,2.14880633354187,3.4264109134674072,3.403850793838501,-5.354725360870361,-5.418030261993408,3.7721643447875977,3.6281545162200928,-0.9106631875038147,0.046905774623155594,-0.8451082110404968,0.5261662006378174,-0.4659365713596344,-0.6169280409812927,-0.5061095952987671,-0.10129531472921371,0.9363701939582825,1.0415399074554443,-0.3187981843948364,-0.035763829946517944,-0.14323577284812927,-0.640978991985321,5.901000022888184,-0.5149961113929749,0.032044801861047745,-0.7741864919662476,0.34703755378723145,-0.6917927861213684,-0.17123828828334808,0.017556123435497284,0.21164590120315552,1.1295461654663086,0.7500207424163818,-0.394705206155777,-0.3239003121852875,0.2779669761657715,-0.31246259808540344,-0.3379943370819092,0.14284689724445343,-0.7764600515365601,0.021356459707021713,0.24848899245262146,-0.8374341726303101,-0.4384145438671112,-0.8095608949661255,1.5387294292449951,-1.7245292663574219,0.24706080555915833,-0.6547006368637085,1.6055665016174316,-1.972151279449463,-0.004630944225937128,0.004590248689055443,-0.03015834465622902,0.03842637315392494,-0.012917435728013515,-0.019687464460730553,0.0980609729886055,0.09648463875055313,-0.0532112643122673,-0.05212092399597168,0.16669709980487823,0.15427815914154053,0.015415369533002377,0.013332719914615154,1.2074675559997559,0.7602598667144775,-0.22137229144573212,2.1023547649383545,-0.22573339939117432,-1.4182379245758057,1.0890804529190063,1.5666524171829224,2.2675280570983887,3.1331565380096436,-4.314458847045898,-4.6499552726745605,-1.1106009483337402,-0.9974193572998047
0.141,0.5419415831565857,-0.03621977940201759,-1.1076709032058716,-1.1467225551605225,0.12954621016979218,0.286143034696579,0.2206306755542755,-0.0009542175102978945,-0.975356936454773,0.20000000298023224,0.20000000298023224,0.20000000298023224,0.0,0.007375032640993595,0.014602641575038433,-0.027402088046073914,0.06059936434030533,-0.012411476112902164,-0.02813461236655712,0.10444266349077225,0.10627176612615585,-0.03443404659628868,-0.02588639035820961,0.12849074602127075,0.11435684561729431,0.0044636414386332035,0.0031809101346880198,1.0181602239608765,1.0152759552001953,0.4302676320075989,2.052121877670288,0.2015576958656311,-0.4004409909248352,0.2070777714252472,0.41375017166137695,1.5736048221588135,2.0538899898529053,-3.408858299255371,-3.4615840911865234,-0.8192530870437622,-0.697323739528656,-0.5149961113929749,0.032044801861047745,-0.7741864919662476,0.34703755378723145,-0.6917927861213684,-0.17123828828334808,0.017556123435497284,0.21164590120315552,1.1295461654663086,0.7500207424163818,-0.394705206155777,-0.3239003121852875,0.2779669761657715,-0.31246259808540344,5.88100004196167,-0.41942620277404785,-0.1764821857213974,-0.6926634311676025,0.27985119819641113,-0.624851644039154,-0.09772375226020813,0.1739616096019745,0.36547133326530457,1.3378057479858398,0.6665021777153015,-0.7096008062362671,-0.6598596572875977,0.2609668970108032,-0.010740995407104492,-0.27385371923446655,0.12031053751707077,-0.6895785927772522,-0.03344231843948364,0.30491358041763306,-0.8878915309906006,-0.39237314462661743,-0.7103400230407715,1.429964542388916,-1.6579729318618774,0.19349320232868195,-0.5850324630737305,1.475818395614624,-1.8497109413146973,0.007375032640993595,0.014602641575038433,-0.027402088046073914,0.06059936434030533,-0.012411476112902164,-0.02813461236655712,0.10444266349077225,0.10627176612615585,-0.03443404659628868,-0.02588639035820961,0.12849074602127075,0.11435684561729431,0.0044636414386332035,0.0031809101346880198,1.0181602239608765,1.0152759552001953,0.4302676320075989,2.052121877670288,0.2015576958656311,-0.4004409909248352,0.2070777714252472,0.41375017166137695,1.5736048221588135,2.0538899898529053,-3.408858299255371,-3.4615840911865234,-0.8192530870437622,-0.697323739528656
0.161,0.5419415831565857,-0.03621977940201759,-1.1076709032058716,0.34355390071868896,-0.6392707824707031,0.12079475075006485,0.215083509683609,0.005278092809021473,-0.9765813946723938,0.20000000298023224,0.20000000298023224,0.20000000298023224,0.0,0.012182184495031834,0.022707536816596985,-0.029891621321439743,0.073410265147686,-0.0075150588527321815,-0.022001193836331367,0.09496619552373886,0.09481191635131836,-0.005855739116668701,0.0008123894804157317,0.0770893543958664,0.06580537557601929,-0.0001508063724031672,0.0015312295872718096,-0.4826730191707611,-0.47671833634376526,-1.103098750114441,-1.1494038105010986,0.42974644899368286,0.9214168190956116,-0.7946518063545227,-1.14211106300354,1.552146315574646,0.8806934356689453,-1.877476453781128,-1.7002254724502563,-0.027823152020573616,0.14373013377189636,-0.41942620277404785,-0.1764821857213974,-0.6926634311676025,0.27985119819641113,-0.624851644039154,-0.09772375226020813,0.1739616096019745,0.36547133326530457,1.3378057479858398,0.6665021777153015,-0.7096008062362671,-0.6598596572875977,0.2609668970108032,-0.010740995407104492,5.861000061035156,-0.34611475467681885,-0.21608299016952515,-0.5642587542533875,0.32337090373039246,-0.6504523158073425,-0.05704572796821594,0.4037325382232666,0.4673992395401001,1.3763221502304077,0.6990827918052673,-0.8641396164894104,-0.8083383440971375,0.28652018308639526,0.09823478013277054,-0.223455548286438,0.10264219343662262,-0.6365087628364563,-0.07074190676212311,0.3432953655719757,-0.9049750566482544,-0.3372512459754944,-0.603286862373352,1.3369474411010742,-1.6183063983917236,0.1775893270969391,-0.5247163772583008,1.3738245964050293,-1.761246681213379,0.005967674311250448,0.01654365286231041,-0.04140247032046318,0.05765942111611366,0.00013251876225695014,-0.011509732343256474,0.0846836268901825,0.08116501569747925,0.005654879845678806,0.009238995611667633,0.060924630612134933,0.050403524190187454,0.0004053491575177759,0.0018106158822774887,-0.6688783764839172,-0.6647427082061768,-1.0928778648376465,-1.802491545677185,0.9493412375450134,1.1510140895843506,-1.1941229104995728,-1.5141077041625977,0.9549221992492676,0.8133178949356079,-1.4500877857208252,-1.433618187904358,0.0813630223274231,-0.05929994583129883
0.181,0.4631887972354889,0.10180901736021042,-1.0843647718429565,2.442941904067993,-1.7796313762664795,0.5600457787513733,0.19159208238124847,-0.019402015954256058,-0.9812828302383423,0.20000000298023224,0.20000000298023224,0.20000000298023224,0.0,-0.011547442525625229,-0.00082468829350546,-0.06657630950212479,0.028481045737862587,0.05335923284292221,0.04260566830635071,0.053203463554382324,0.009369740262627602,-0.06237390264868736,-0.05490237474441528,0.08143885433673859,0.19464725255966187,-0.0029534227214753628,-0.17753224074840546,-3.036677598953247,-2.899817943572998,-4.169683933258057,-3.8505663871765137,9.887755393981934,10.87496280670166,-4.900351524353027,-11.347710609436035,-15.622882843017578,-15.605708122253418,4.540486812591553,25.81716537475586,0.670689582824707,-29.81424903869629,-0.34611475467681885,-0.21608299016952515,-0.5642587542533875,0.32337090373039246,-0.6504523158073425,-0.05704572796821594,0.4037325382232666,0.4673992395401001,1.3763221502304077,0.6990827918052673,-0.8641396164894104,-0.8083383440971375,0.28652018308639526,0.09823478013277054,5.841000080108643,-0.5198206901550293,0.1674240678548813,-0.620235800743103,0.5667398571968079,-0.8616935014724731,-0.5138551592826843,0.9871772527694702,0.9358288049697876,0.8362598419189453,0.5027845501899719,-0.842115044593811,-0.5066930055618286,0.17661742866039276,-0.46193498373031616,-0.24168294668197632,0.04099772125482559,-0.7449893951416016,0.006485063582658768,0.24828389286994934,-0.9625914096832275,-0.32368457317352295,-0.40389910340309143,1.2959449291229248,-1.6259489059448242,0.2304796278476715,-0.37745097279548645,1.398239016532898,-1.8570570945739746,-0.011547442525625229,-0.00082468829350546,-0.06657630950212479,0.028481045737862587,0.05335923284292221,0.04260566830635071,0.053203463554382324,0.009369740262627602,-0.06237390264868736,-0.05490237474441528,0.08143885433673859,0.19464725255966187,-0.0029534227214753628,-0.17753224074840546,-3.036677598953247,-2.899817943572998,-4.169683933258057,-3.8505663871765137,9.887755393981934,10.87496280670166,-4.900351524353027,-11.347710609436035,-15.622882843017578,-15.605708122253418,4.540486812591553,25.81716537475586,0.670689582824707,-29.81424903869629
0.201,0.4631887972354889,0.10180901736021042,-1.0843647718429565,3.623814105987549,-0.7904003262519836,1.3184300661087036,0.16292665898799896,-0.09962597489356995,-0.9815953969955444,0.20000000298023224,0.20000000298023224,0.20000000298023224,0.0,-0.12688718736171722,-0.09400426596403122,-0.19839341938495636,-0.059856146574020386,0.20518110692501068,0.31378647685050964,-0.07487600296735764,-0.22754564881324768,-0.3497179448604584,-0.4647788405418396,0.13604456186294556,0.695637583732605,0.06868312507867813,-0.6835482120513916,-5.543605327606201,-4.484864711761475,-6.312362194061279,-3.7452340126037598,5.058873176574707,10.687804222106934,-6.698995590209961,-10.070401191711426,-12.172197341918945,-16.793949127197266,1.5277905464172363,24.176525115966797,20.006181716918945,-23.279319763183594,-0.5198206901550293,0.1674240678548813,-0.620235800743103,0.5667398571968079,-0.8616935014724731,-0.5138551592826843,0.9871772527694702,0.9358288049697876,0.8362598419189453,0.5027845501899719,-0.842115044593811,-0.5066930055618286,0.17661742866039276,-0.46193498373031616,5.821000099182129,-0.46471595764160156,0.37797290086746216,-0.5354449152946472,0.44064846634864807,-0.7891811728477478,-0.6725742220878601,1.075492024421692,0.7789726257324219,0.990260660648346,0.4813239872455597,-0.5567218661308289,-0.6637563109397888,0.0869312733411789,-0.7619583606719971,-0.23702046275138855,0.028303567320108414,-0.7607295513153076,0.09773575514554977,0.1610983908176422,-0.9967647194862366,-0.2957035303115845,-0.2821265459060669,1.3467919826507568,-1.6521916389465332,0.22540193796157837,-0.3430323004722595,1.3711804151535034,-1.9799680709838867,-0.12688718736171722,-0.09400426596403122,-0.19839341938495636,-0.059856146574020386,0.20518110692501068,0.31378647685050964,-0.07487600296735764,-0.22754564881324768,-0.3497179448604584,-0.4647788405418396,0.13604456186294556,0.695637583732605,0.06868312507867813,-0.6835482120513916,-5.543605327606201,-4.484864711761475,-6.312362194061279,-3.7452340126037598,5.058873176574707,10.687804222106934,-6.698995590209961,-10.070401191711426,-12.172197341918945,-16.793949127197266,1.5277905464172363,24.176525115966797,20.006181716918945,-23.279319763183594
0.221,0.38526174426078796,0.06662993878126144,-1.0945402383804321,1.0477962493896484,0.41230830550193787,1.1964670419692993,0.15729522705078125,-0.14522236585617065,-0.9768155813217163,0.20000000298023224,0.20000000298023224,0.20000000298023224,0.0,-0.20226064324378967,-0.15892992913722992,-0.25932174921035767,-0.07633557915687561,0.2755001187324524,0.4539361596107483,-0.1600039303302765,-0.36433184146881104,-0.5020268559455872,-0.6752864122390747,0.1802695244550705,1.0675848722457886,0.1794070452451706,-1.1912245750427246,-2.1874139308929443,-1.7119855880737305,-0.7160481810569763,2.0288920402526855,3.0986759662628174,4.391621112823486,-1.0481873750686646,-3.54727840423584,-5.9786601066589355,-5.807728290557861,1.2238130569458008,14.08537769317627,0.04000101238489151,-31.73300552368164,-0.46471595764160156,0.37797290086746216,-0.5354449152946472,0.44064846634864807,-0.7891811728477478,-0.6725742220878601,1.075492024421692,0.7789726257324219,0.990260660648346,0.4813239872455597,-0.5567218661308289,-0.6637563109397888,0.0869312733411789,-0.7619583606719971,5.801000118255615,-0.5099990367889404,-0.04432128369808197,-0.9397894144058228,-0.0035248100757598877,-0.6317720413208008,-0.18081608414649963,0.813819408416748,0.4154118299484253,0.909376859664917,0.5828638076782227,-0.5326616168022156,-0.23436586558818817,0.17575854063034058,-1.0214375257492065,-0.24600999057292938,0.06130877137184143,-0.7888205647468567,0.037787556648254395,0.24044518172740936,-0.9884663820266724,-0.3827991187572479,-0.2866584062576294,1.3782305717468262,-1.64310622215271,0.11181976646184921,-0.4167131781578064,1.464998722076416,-2.1062934398651123,-0.22024394571781158,-0.17601369321346283,-0.2632947564125061,-0.04844960570335388,0.29972460865974426,0.4865504503250122,-0.1626404970884323,-0.3881191909313202,-0.5549184679985046,-0.719382643699646,0.18438944220542908,1.1684774160385132,0.16018523275852203,-1.4540941715240479,-1.5582764148712158,-1.5489792823791504,-0.17458516359329224,3.5437166690826416,1.8869043588638306,2.6717538833618164,0.19239330291748047,-1.543087363243103,-4.635794162750244,-3.711872100830078,-0.06850166618824005,9.3826322555542,-3.0350849628448486,-29.654613494873047
0.241,0.38526174426078796,0.06662993878126144,-1.0945402383804321,1.1991477012634277,0.8495806455612183,0.8288336992263794,0.16834664344787598,-0.16956260800361633,-0.9710344672203064,0.20000000298023224,0.20000000298023224,0.20000000298023224,0.0,-0.23722854256629944,-0.1930464506149292,-0.26803097128868103,-0.012385188601911068,0.32413870096206665,0.512431800365448,-0.15791893005371094,-0.4072840213775635,-0.611949622631073,-0.758642315864563,0.18010982871055603,1.2559535503387451,0.1267683207988739,-1.7141870260238647,-1.865595817565918,-1.8910175561904907,-0.6739264130592346,3.84501576423645,1.807157039642334,2.5484635829925537,0.7784678936004639,-2.0606026649475098,-4.6901350021362305,-4.067777633666992,-0.7212184071540833,10.229708671569824,-3.974268674850464,-31.160001754760742,-0.5099990367889404,-0.04432128369808197,-0.9397894144058228,-0.0035248100757598877,-0.6317720413208008,-0.18081608414649963,0.813819408416748,0.4154118299484253,0.909376859664917,0.5828638076782227,-0.5326616168022156,-0.23436586558818817,0.17575854063034058,-1.0214375257492065,5.781000137329102,-0.5224002599716187,0.007804713677614927,-1.0038093328475952,-0.08879142999649048,-0.6265575289726257,-0.08612649142742157,0.6970751881599426,0.13651418685913086,0.9442819356918335,0.597731351852417,-0.48393484950065613,-0.09925242513418198,0.15742240846157074,-1.0634809732437134,-0.25360506772994995,0.07911500334739685,-0.7941398024559021,0.02084495685994625,0.30379095673561096,-0.9806003570556641,-0.4423518776893616,-0.3181104063987732,1.4061315059661865,-1.6431474685668945,0.03371202573180199,-0.523277997970581,1.5456862449645996,-2.179966926574707,-0.2527512311935425,-0.20878082513809204,-0.27314040064811707,0.025418061763048172,0.3350493311882019,0.5321512818336487,-0.14508680999279022,-0.42361924052238464,-0.6461178064346313,-0.7915967702865601,0.16773337125778198,1.3242226839065552,0.0817016139626503,-1.948582410812378,-1.3215841054916382,-1.338690161705017,-0.4047118127346039,3.758822202682495,0.7052713632583618,1.527925968170166,1.5622673034667969,-1.3318488597869873,-2.662484884262085,-2.6559741497039795,-1.5382115840911865,5.337681293487549,-4.636511325836182,-20.943103790283203
0.261,0.21160012483596802,0.002270802855491638,-0.6445298790931702,0.9235640168190002,0.7795363664627075,0.2962994873523712,0.18148300051689148,-0.19068607687950134,-0.964729368686676,0.20000000298023224,0.20000000298023224,0.20000000298023224,0.0,-0.26479801535606384,-0.22108334302902222,-0.27928492426872253,0.06130170822143555,0.3405842185020447,0.5462521314620972,-0.13314279913902283,-0.4444528818130493,-0.6703652143478394,-0.8188628554344177,0.1541518121957779,1.3813543319702148,0.0397256501019001,-2.137939929962158,-1.176963210105896,-1.223218321800232,-1.0440237522125244,3.25038480758667,0.08612128347158432,1.4349771738052368,0.8515040278434753,-3.220055103302002,-1.781086802482605,-3.1737260818481445,-1.6212923526763916,5.774796485900879,-2.8085343837738037,-14.044576644897461,-0.5224002599716187,0.007804713677614927,-1.0038093328475952,-0.08879142999649048,-0.6265575289726257,-0.08612649142742157,0.6970751881599426,0.13651418685913086,0.9442819356918335,0.597731351852417,-0.48393484950065613,-0.09925242513418198,0.15742240846157074,-1.0634809732437134,5.760000228881836,-0.3378862738609314,0.10410464555025101,-0.8511118292808533,0.057458970695734024,-0.6128748655319214,0.08689048886299133,0.9905705451965332,-0.08513227850198746,1.1217058897018433,0.41733187437057495,-0.4767838418483734,0.6110290288925171,0.0985981673002243,-1.078285813331604,-0.21127410233020782,0.09143878519535065,-0.7524434328079224,0.0364486388862133,0.3787180781364441,-1.0217671394348145,-0.4339538812637329,-0.26046255230903625,1.4218697547912598,-1.6578741073608398,0.031220756471157074,-0.631972074508667,1.7636003494262695,-2.2205047607421875,-0.27474579215049744,-0.2315673977136612,-0.2935640215873718,0.08669383078813553,0.33938950300216675,0.5568196773529053,-0.12850429117679596,-0.4815981686115265,-0.6836346387863159,-0.8463362455368042,0.13711482286453247,1.4224003553390503,0.01926238089799881,-2.189201831817627,-0.8330866098403931,-0.8886692523956299,-1.6531144380569458,2.04750394821167,-0.2703990042209625,0.7618758082389832,0.07532422244548798,-3.878002882003784,-0.958234429359436,-2.360806941986084,-1.750183343887329,3.289438486099243,0.013600541278719902,-0.6965117454528809
0.282,0.21160012483596802,0.002270802855491638,-0.6445298790931702,0.7425141930580139,0.31014490127563477,-0.24730345606803894,0.1891007423400879,-0.20200470089912415,-0.9609552621841431,0.20000000298023224,0.20000000298023224,0.20000000298023224,0.0,-0.2814193367958069,-0.23478226363658905,-0.3121296763420105,0.10598164796829224,0.33104854822158813,0.5704461336135864,-0.12352798879146576,-0.5313802361488342,-0.6791664958000183,-0.8834894299507141,0.11491444706916809,1.4902639389038086,0.022817866876721382,-2.225099802017212,-0.4883456826210022,-0.5939162373542786,-1.9899685382843018,1.6965522766113281,-0.8274824023246765,0.7193488478660583,0.10990826040506363,-6.120796203613281,0.6073153018951416,-2.5317776203155518,-1.271067500114441,8.844115257263184,0.2757427990436554,-2.519479751586914,-0.3378862738609314,0.10410464555025101,-0.8511118292808533,0.057458970695734024,-0.6128748655319214,0.08689048886299133,0.9905705451965332,-0.08513227850198746,1.1217058897018433,0.41733187437057495,-0.4767838418483734,0.6110290288925171,0.0985981673002243,-1.078285813331604,5.739999771118164,-0.48790574073791504,0.17949959635734558,-0.7681035399436951,0.25514453649520874,-0.6561119556427002,0.10700488090515137,1.0629940032958984,-0.18271097540855408,1.1764485836029053,0.4531872868537903,-0.5512586236000061,1.0491067171096802,0.08390702307224274,-1.2027524709701538,-0.22761347889900208,0.08679140359163284,-0.717909574508667,0.0630992203950882,0.42121025919914246,-1.0333867073059082,-0.4090028405189514,-0.21353276073932648,1.4111201763153076,-1.668910264968872,0.07939651608467102,-0.7107137441635132,1.98207688331604,-2.271890640258789,-0.2813977897167206,-0.23548394441604614,-0.3288770914077759,0.11877938359975815,0.325029581785202,0.5747091174125671,-0.12411763519048691,-0.5891633629798889,-0.6754500269889832,-0.9054201245307922,0.10597126185894012,1.568921685218811,0.030741285532712936,-2.22586989402771,0.4045726954936981,0.3586310148239136,-1.361568570137024,0.8820412755012512,-0.42125216126441956,0.20486624538898468,-0.1282770335674286,-5.187697410583496,0.21615815162658691,-1.90349543094635,-0.6060299873352051,6.8656792640686035,1.1117414236068726,0.7841995358467102
0.3,-0.3036852180957794,-0.03765617683529854,-0.7083747982978821,-0.23510640859603882,-0.15586939454078674,-1.0477421283721924,0.19410385191440582,-0.19995109736919403,-0.9603870511054993,0.20000000298023224,0.20000000298023224,0.20000000298023224,0.0,-0.27444085478782654,-0.2245456427335739,-0.33823496103286743,0.12270471453666687,0.31756114959716797,0.580453097820282,-0.12012172490358353,-0.6365255117416382,-0.6638701558113098,-0.933987557888031,0.09504227340221405,1.6425234079360962,0.041205696761608124,-2.2469613552093506,0.7319301962852478,1.6203904151916504,-0.3121374249458313,0.2262720763683319,-1.004530906677246,0.8030508160591125,1.008734107017517,-5.161164283752441,2.1095073223114014,-2.864560842514038,-1.5810155868530273,10.49364185333252,0.8196317553520203,-7.890573024749756,-0.48790574073791504,0.17949959635734558,-0.7681035399436951,0.25514453649520874,-0.6561119556427002,0.10700488090515137,1.0629940032958984,-0.18271097540855408,1.1764485836029053,0.4531872868537903,-0.5512586236000061,1.0491067171096802,0.08390702307224274,-1.2027524709701538,5.7210001945495605,-0.6765653491020203,-0.046908747404813766,-0.6089466214179993,0.5495690107345581,-0.3934411406517029,0.08229489624500275,1.406254529953003,-0.127751886844635,1.1541132926940918,0.6362959742546082,-0.7846270203590393,0.8805439472198486,0.010581228882074356,-1.0040290355682373,-0.2829480767250061,0.15013541281223297,-0.7062264680862427,0.01982242241501808,0.4362788498401642,-0.993419349193573,-0.3567380905151367,-0.10425273329019547,1.3474032878875732,-1.6927597522735596,0.17709051072597504,-0.7363448143005371,2.0491743087768555,-2.2479026317596436,-0.27444085478782654,-0.2245456427335739,-0.33823496103286743,0.12270471453666687,0.31756114959716797,0.580453097820282,-0.12012172490358353,-0.6365255117416382,-0.6638701558113098,-0.933987557888031,0.09504227340221405,1.6425234079360962,0.041205696761608124,-2.2469613552093506,0.7319301962852478,1.6203904151916504,-0.3121374249458313,0.2262720763683319,-1.004530906677246,0.8030508160591125,1.008734107017517,-5.161164283752441,2.1095073223114014,-2.864560842514038,-1.5810155868530273,10.49364185333252,0.8196317553520203,-7.890573024749756
0.321,-0.3036852180957794,-0.03765617683529854,-0.7083747982978821,-0.6985102891921997,-0.08393444865942001,-1.2586281299591064,0.1962326616048813,-0.18448127806186676,-0.9630469083786011,0.20000000298023224,0.20000000298023224,0.20000000298023224,0.0,-0.2501034438610077,-0.19830165803432465,-0.33784252405166626,0.10000349581241608,0.30742400884628296,0.5768533945083618,-0.11172888427972794,-0.7264882922172546,-0.641045093536377,-0.964531660079956,0.0801529511809349,1.8096188306808472,0.053064167499542236,-2.265158176422119,1.1106942892074585,1.4609251022338867,0.07105317711830139,-2.1907007694244385,-0.09084669500589371,-0.4295754134654999,1.238585114479065,-4.366445541381836,-0.34733086824417114,-1.0962666273117065,-2.014300584793091,8.405123710632324,1.0890804529190063,2.6128528118133545,-0.6765653491020203,-0.046908747404813766,-0.6089466214179993,0.5495690107345581,-0.3934411406517029,0.08229489624500275,1.406254529953003,-0.127751886844635,1.1541132926940918,0.6362959742546082,-0.7846270203590393,0.8805439472198486,0.010581228882074356,-1.0040290355682373,5.701000213623047,-0.6627089977264404,-0.18772657215595245,-0.2961903214454651,0.9857370257377625,-0.33624371886253357,0.21103733777999878,1.6603367328643799,-0.34785279631614685,1.2576171159744263,0.7924085855484009,-0.9914840459823608,1.004604697227478,0.13522282242774963,-0.8584562540054321,-0.30715128779411316,0.19610677659511566,-0.6745089292526245,-0.03702042996883392,0.47599875926971436,-0.9344075322151184,-0.25241661071777344,0.01390783116221428,1.2638306617736816,-1.6735241413116455,0.33497950434684753,-0.8041856288909912,2.1137382984161377,-2.1995153427124023,-0.2346058338880539,-0.18199039995670319,-0.33508098125457764,0.0729343444108963,0.30301687121391296,0.5715978741645813,-0.10432986915111542,-0.7567311525344849,-0.6370454430580139,-0.974730372428894,0.06854522228240967,1.879783272743225,0.05729851871728897,-2.250699281692505,1.7652604579925537,1.802162528038025,0.46617817878723145,-3.073725461959839,-0.38563472032546997,-0.6756967902183533,0.640033483505249,-1.9792598485946655,0.8143169283866882,-0.8212478160858154,-0.8787385821342468,5.955008506774902,-0.13904136419296265,0.5797678828239441
0.341,-0.174455463886261,-0.034819312393665314,-0.5853239893913269,-0.8596522808074951,0.012261223047971725,-1.0959224700927734,0.20090393722057343,-0.1611698567867279,-0.9662618041038513,0.20000000298023224,0.20000000298023224,0.20000000298023224,0.0,-0.21580365300178528,-0.16258618235588074,-0.32867270708084106,0.03899591788649559,0.2994592487812042,0.5615958571434021,-0.09761801362037659,-0.7663760781288147,-0.6296296715736389,-0.9768514037132263,0.06082940101623535,1.9291727542877197,0.051705218851566315,-2.2494137287139893,1.952440619468689,2.022242546081543,0.7579334378242493,-3.614813804626465,-0.29769426584243774,-1.2987090349197388,0.8385251760482788,-0.13837119936943054,0.855158805847168,0.6160281896591187,-0.7946099638938904,4.265525817871094,-0.6594429016113281,-0.044522352516651154,-0.6627089977264404,-0.18772657215595245,-0.2961903214454651,0.9857370257377625,-0.33624371886253357,0.21103733777999878,1.6603367328643799,-0.34785279631614685,1.2576171159744263,0.7924085855484009,-0.9914840459823608,1.004604697227478,0.13522282242774963,-0.8584562540054321,5.679999828338623,-0.5580359101295471,-0.474079966545105,-0.11812910437583923,1.3073910474777222,-0.3691540062427521,0.32897263765335083,1.9330350160598755,-0.5766091346740723,1.1549385786056519,0.5329533815383911,-0.9413558840751648,0.86225426197052,0.24726040661334991,-0.9142230749130249,-0.29308462142944336,0.21086488664150238,-0.6843198537826538,-0.1370302140712738,0.5253425240516663,-0.9697654247283936,-0.15574058890342712,0.1411626785993576,1.2345763444900513,-1.635896921157837,0.4943374991416931,-0.8952950835227966,2.1104326248168945,-2.189263343811035,-0.21580365300178528,-0.16258618235588074,-0.32867270708084106,0.03899591788649559,0.2994592487812042,0.5615958571434021,-0.09761801362037659,-0.7663760781288147,-0.6296296715736389,-0.9768514037132263,0.06082940101623535,1.9291727542877197,0.051705218851566315,-2.2494137287139893,1.952440619468689,2.022242546081543,0.7579334378242493,-3.614813804626465,-0.29769426584243774,-1.2987090349197388,0.8385251760482788,-0.13837119936943054,0.855158805847168,0.6160281896591187,-0.7946099638938904,4.265525817871094,-0.6594429016113281,-0.044522352516651154
0.36,-0.174455463886261,-0.034819312393665314,-0.5853239893913269,-0.8106897473335266,0.479719877243042,-0.7151411771774292,0.20871827006340027,-0.13921742141246796,-0.9680160880088806,0.20000000298023224,0.20000000298023224,0.20000000298023224,0.0,-0.186879500746727,-0.13105884194374084,-0.31396305561065674,-0.020851438865065575,0.2992364764213562,0.5465448498725891,-0.05868391692638397,-0.794526994228363,-0.6355250477790833,-0.9878553152084351,0.010122222825884819,2.0390126705169678,0.03272872790694237,-2.1818606853485107,1.6030536890029907,0.882377564907074,0.8330143690109253,-2.4304890632629395,0.13832135498523712,-0.778433620929718,2.431169033050537,-1.7074644565582275,-0.6531518697738647,-0.03160586580634117,-3.0639431476593018,4.983131408691406,-2.1536672115325928,1.5486382246017456,-0.5580359101295471,-0.474079966545105,-0.11812910437583923,1.3073910474777222,-0.3691540062427521,0.32897263765335083,1.9330350160598755,-0.5766091346740723,1.1549385786056519,0.5329533815383911,-0.9413558840751648,0.86225426197052,0.24726040661334991,-0.9142230749130249,5.660999774932861,-0.24156303703784943,-0.6297084093093872,-0.07562297582626343,1.5782618522644043,-0.2835894227027893,0.5410984754562378,1.833418607711792,-0.45758718252182007,1.3672901391983032,0.2946808934211731,-0.9350088834762573,0.7281897664070129,0.19950298964977264,-0.8750956058502197,-0.20693306624889374,0.23963508009910583,-0.6361373662948608,-0.2259422093629837,0.6030458807945251,-1.0470125675201416,-0.09677603840827942,0.17988601326942444,1.2215359210968018,-1.6290227174758911,0.64173424243927,-0.9110943078994751,2.075263738632202,-2.1743555068969727,-0.186879500746727,-0.13105884194374084,-0.31396305561065674,-0.020851438865065575,0.2992364764213562,0.5465448498725891,-0.05868391692638397,-0.794526994228363,-0.6355250477790833,-0.9878553152084351,0.010122222825884819,2.0390126705169678,0.03272872790694237,-2.1818606853485107,1.6030536890029907,0.882377564907074,0.8330143690109253,-2.4304890632629395,0.13832135498523712,-0.778433620929718,2.431169033050537,-1.7074644565582275,-0.6531518697738647,-0.03160586580634117,-3.0639431476593018,4.983131408691406,-2.1536672115325928,1.5486382246017456
0.382,-0.044630322605371475,-0.17628733813762665,-0.5708995461463928,-2.7579777240753174,0.4770006239414215,0.03132423013448715,0.2218736708164215,-0.1119542121887207,-0.9686270356178284,0.20000000298023224,0.20000000298023224,0.20000000298023224,0.0,-0.15272916853427887,-0.11957628279924393,-0.2882913053035736,-0.019009720534086227,0.29897937178611755,0.5414422750473022,-0.08665606379508972,-0.8341046571731567,-0.6478994488716125,-1.0134552717208862,0.13391858339309692,2.1139471530914307,-0.18744617700576782,-2.165858507156372,2.3728222846984863,0.45926928520202637,2.2819087505340576,6.278144836425781,0.011801563203334808,0.2311343550682068,-7.888418674468994,-2.472153425216675,-1.2869415283203125,-1.8962029218673706,22.831623077392578,3.459895610809326,-27.872806549072266,0.08581788092851639,-0.24156303703784943,-0.6297084093093872,-0.07562297582626343,1.5782618522644043,-0.2835894227027893,0.5410984754562378,1.833418607711792,-0.45758718252182007,1.3672901391983032,0.2946808934211731,-0.9350088834762573,0.7281897664070129,0.19950298964977264,-0.8750956058502197,5.640999794006348,0.02748853527009487,-0.3452076017856598,-1.3408687114715576,1.2382888793945312,-0.4741862118244171,0.6262068748474121,1.8842787742614746,-0.25769487023353577,1.019471526145935,-0.222436785697937,-0.6681577563285828,0.8288078308105469,-0.8534263968467712,-1.4246140718460083,-0.09659440070390701,0.2063709795475006,-0.6990008354187012,-0.1992730051279068,0.6631746292114258,-1.2149155139923096,-0.3836051821708679,0.2119627147912979,1.2817285060882568,-1.8888180255889893,0.6304393410682678,-0.8690208196640015,2.082833766937256,-2.304281234741211,-0.11532540619373322,-0.10501424223184586,-0.24666906893253326,0.09147628396749496,0.3011475205421448,0.546169102191925,-0.14675216376781464,-0.8551130890846252,-0.6566145420074463,-1.0261766910552979,0.3563835024833679,2.1452388763427734,-0.44790369272232056,-2.165574550628662,4.602972030639648,1.8233261108398438,5.451074123382568,14.474180221557617,0.30128777027130127,0.6897993087768555,-3.4875283241271973,-1.7394611835479736,-0.4391934871673584,-0.96812903881073,19.715476989746094,2.5332512855529785,-24.501420974731445,0.19539377093315125
0.401,-0.044630322605371475,-0.17628733813762665,-0.5708995461463928,-3.127765655517578,-0.4827585816383362,0.2819904386997223,0.21934601664543152,-0.041672274470329285,-0.9747567772865295,0.20000000298023224,0.20000000298023224,0.20000000298023224,0.0,-0.06800579279661179,-0.09192423522472382,-0.1899637132883072,0.25467583537101746,0.30737173557281494,0.5676864981651306,-0.1671494096517563,-0.857010006904602,-0.6619073748588562,-1.068416953086853,0.5584765076637268,2.1644961833953857,-0.7029303908348083,-2.223093271255493,4.131398677825928,0.05442720279097557,4.71820068359375,16.619342803955078,0.4746655821800232,3.162761688232422,-0.16335229575634003,1.0222030878067017,-0.30639171600341797,-6.715157508850098,18.78963279724121,1.4551995992660522,-23.198650360107422,-11.595648765563965,0.02748853527009487,-0.3452076017856598,-1.3408687114715576,1.2382888793945312,-0.4741862118244171,0.6262068748474121,1.8842787742614746,-0.25769487023353577,1.019471526145935,-0.222436785697937,-0.6681577563285828,0.8288078308105469,-0.8534263968467712,-1.4246140718460083,5.620999813079834,0.006915189325809479,-0.3398796617984772,-1.2862112522125244,0.9992091655731201,-0.5275208353996277,0.6689788699150085,1.5365331172943115,-0.370773583650589,0.979928731918335,-0.3347192108631134,-0.5657349824905396,0.29539191722869873,-0.8973557949066162,-1.260867714881897,-0.04656840115785599,0.17640528082847595,-0.740318238735199,-0.1846064180135727,0.7039320468902588,-1.3269375562667847,-0.5133553743362427,0.14106464385986328,1.337430477142334,-2.029697895050049,0.5650219917297363,-0.8762537837028503,1.953264832496643,-2.328307628631592,-0.0382135771214962,-0.11373081803321838,-0.16355611383914948,0.4162852466106415,0.30991044640541077,0.5961179733276367,-0.1507841944694519,-0.8522627353668213,-0.6596656441688538,-1.1208454370498657,0.7462053298950195,2.161076784133911,-0.9632173180580139,-2.289241075515747,1.945886254310608,-3.9628870487213135,0.7838274836540222,15.720009803771973,0.21463461220264435,2.5907554626464844,3.3829894065856934,0.005452010314911604,0.13284406065940857,-4.1650872230529785,18.46265411376953,-1.354185938835144,-30.237112045288086,-3.0019965171813965
0.42,0.017486870288848877,-0.20486237108707428,-0.9489050507545471,1.649298071861267,-0.8171979784965515,-0.5927674770355225,0.20543639361858368,-0.027064746245741844,-0.978296160697937,0.20000000298023224,0.20000000298023224,0.20000000298023224,0.0,-0.03127163276076317,-0.1741306334733963,-0.1883879452943802,0.5418264865875244,0.3098781704902649,0.6306887865066528,-0.10148666799068451,-0.8485441207885742,-0.6731745600700378,-1.1891005039215088,0.9152586460113525,2.1184630393981934,-1.2209709882736206,-2.3079097270965576,-0.5556340217590332,-7.834680557250977,-5.6510844230651855,9.511914253234863,-0.5237927436828613,3.319483995437622,6.37966775894165,0.46676766872406006,-1.693935751914978,-6.4441609382629395,15.31735897064209,-6.136058330535889,-23.212995529174805,-1.3058085441589355,0.006915189325809479,-0.3398796617984772,-1.2862112522125244,0.9992091655731201,-0.5275208353996277,0.6689788699150085,1.5365331172943115,-0.370773583650589,0.979928731918335,-0.3347192108631134,-0.5657349824905396,0.29539191722869873,-0.8973557949066162,-1.260867714881897,5.60099983215332,-0.28528058528900146,0.4473934471607208,-1.3423854112625122,0.9193910956382751,-0.6087056398391724,0.03522517532110214,0.9345929622650146,-0.37422800064086914,0.993412971496582,0.2765715420246124,-0.33489149808883667,0.470913827419281,-1.233568787574768,-1.3868863582611084,-0.09460434317588806,0.14112623035907745,-0.7576059103012085,0.01954515278339386,0.565872311592102,-1.230125904083252,-0.5922740697860718,-0.044869422912597656,1.4229923486709595,-2.1841912269592285,0.5123587846755981,-0.880733847618103,1.9323608875274658,-2.3718254566192627,-0.03127163276076317,-0.1741306334733963,-0.1883879452943802,0.5418264865875244,0.3098781704902649,0.6306887865066528,-0.10148666799068451,-0.8485441207885742,-0.6731745600700378,-1.1891005039215088,0.9152586460113525,2.1184630393981934,-1.2209709882736206,-2.3079097270965576,-0.5556340217590332,-7.834680557250977,-5.6510844230651855,9.511914253234863,-0.5237927436828613,3.319483995437622,6.37966775894165,0.46676766872406006,-1.693935751914978,-6.4441609382629395,15.31735897064209,-6.136058330535889,-23.212995529174805,-1.3058085441589355
0.441,0.017486870288848877,-0.20486237108707428,-0.9489050507545471,1.0163341760635376,-1.1102384328842163,-1.4346243143081665,0.18643908202648163,-0.061103496700525284,-0.980564534664154,0.20000000298023224,0.20000000298023224,0.20000000298023224,0.0,-0.06088709458708763,-0.32492440938949585,-0.4201063811779022,0.6530452966690063,0.2819400727748871,0.6721720695495605,0.07969412952661514,-0.8465607762336731,-0.7015901207923889,-1.2528303861618042,1.1792622804641724,1.9963127374649048,-1.7262320518493652,-2.34080171585083,-0.6042484045028687,-3.4092719554901123,-15.662461280822754,2.9277751445770264,-1.8074421882629395,-0.10765831917524338,8.836606979370117,0.7174797654151917,-0.6983246207237244,2.500217914581299,13.752301216125488,-7.256632328033447,-22.99877166748047,-4.441118240356445,-0.28528058528900146,0.4473934471607208,-1.3423854112625122,0.9193910956382751,-0.6087056398391724,0.03522517532110214,0.9345929622650146,-0.37422800064086914,0.993412971496582,0.2765715420246124,-0.33489149808883667,0.470913827419281,-1.233568787574768,-1.3868863582611084,5.580999851226807,-0.5030902624130249,0.44119128584861755,-1.26887845993042,0.7789015769958496,-0.5728806257247925,-0.35483115911483765,0.601099967956543,-0.29332923889160156,1.019059419631958,0.9654769897460938,-0.07984116673469543,0.5999152064323425,-1.517727255821228,-1.1746102571487427,-0.17307473719120026,0.13244295120239258,-0.7598381042480469,0.12007039785385132,0.399328351020813,-1.0094937086105347,-0.6133566498756409,-0.22120970487594604,1.5295358896255493,-2.332477569580078,0.4509047865867615,-0.8627492189407349,1.9541592597961426,-2.34051513671875,-0.05716845020651817,-0.3081851005554199,-0.5867457985877991,0.6797453761100769,0.27030739188194275,0.6699570417404175,0.1623075008392334,-0.8451644778251648,-0.6904794573783875,-1.2400010824203491,1.3099727630615234,1.9327980279922485,-1.9634045362472534,-2.371303081512451,1.1437616348266602,5.626219272613525,-16.835874557495117,2.5316574573516846,-0.4072128236293793,-0.4346548914909363,7.611689567565918,-0.3223041594028473,1.8298845291137695,0.8778489232063293,11.888876914978027,-5.631659030914307,-23.325490951538086,-1.6744146347045898
0.463,-0.17233169078826904,-0.05176589637994766,-1.0091238021850586,0.5855461359024048,0.40592527389526367,-1.14227294921875,0.1766018569469452,-0.05566182732582092,-0.9827072620391846,0.20000000298023224,0.20000000298023224,0.20000000298023224,0.0,-0.04304392635822296,-0.2202605903148651,-0.7504209876060486,0.6926999688148499,0.27222350239753723,0.6362499594688416,0.20709113776683807,-0.8526598215103149,-0.6737909913063049,-1.1612273454666138,1.4374381303787231,1.888358473777771,-2.1757724285125732,-2.353132724761963,1.5760680437088013,11.397568702697754,-14.736299514770508,0.33204570412635803,0.7429824471473694,-4.235354423522949,2.2984097003936768,-0.9413025975227356,0.4759969115257263,8.051813125610352,11.363765716552734,-3.559964895248413,-18.883790969848633,1.5995694398880005,-0.5030902624130249,0.44119128584861755,-1.26887845993042,0.7789015769958496,-0.5728806257247925,-0.35483115911483765,0.601099967956543,-0.29332923889160156,1.019059419631958,0.9654769897460938,-0.07984116673469543,0.5999152064323425,-1.517727255821228,-1.1746102571487427,5.559999942779541,-0.5827409029006958,-0.28201887011528015,-0.9990526437759399,0.8941162824630737,-0.3827773332595825,-0.5052272081375122,1.3783360719680786,-0.3277198076248169,1.1208592653274536,1.2249925136566162,0.43812721967697144,0.6309327483177185,-1.684067964553833,-0.7385820746421814,-0.23222258687019348,0.17562714219093323,-0.7355042695999146,-0.010469518601894379,0.278457373380661,-0.8342987298965454,-0.5564414858818054,-0.11507081985473633,1.7122998237609863,-2.4482057094573975,0.44898146390914917,-0.8623545169830322,1.9728128910064697,-2.215853214263916,-0.03255441039800644,-0.09274475276470184,-0.8587170243263245,0.679348886013031,0.28032776713371277,0.5894822478294373,0.19544091820716858,-0.8644265532493591,-0.681189775466919,-1.09771728515625,1.5220993757247925,1.8637573719024658,-2.2854716777801514,-2.347513198852539,0.41146185994148254,13.159509658813477,-7.2489542961120605,-2.8272545337677,0.6201586723327637,-5.016201019287109,-4.057701587677002,-1.3653080463409424,-1.284651756286621,5.068431854248047,6.123022079467773,-1.6303988695144653,-4.704655170440674,-0.02616184949874878
0.481,-0.17233169078826904,-0.05176589637994766,-1.0091238021850586,1.6821905374526978,0.3764782249927521,0.4082013666629791,0.18656103312969208,-0.08003683388233185,-0.9791777729988098,0.20000000298023224,0.20000000298023224,0.20000000298023224,0.0,-0.04044700786471367,0.0011166773037984967,-0.8962005376815796,0.6323114633560181,0.27998870611190796,0.5343728065490723,0.1330583691596985,-0.8842511773109436,-0.6906818151473999,-1.0422182083129883,1.5712895393371582,1.8577040433883667,-2.345815420150757,-2.3098459243774414,-1.9817715883255005,-2.068918466567993,-1.1753287315368652,-6.1502580642700195,-0.786424458026886,-2.0509226322174072,-7.327847957611084,-2.398311138153076,-0.1430637687444687,1.3443061113357544,5.353508949279785,-0.2144506424665451,-11.936880111694336,10.736795425415039,-0.5827409029006958,-0.28201887011528015,-0.9990526437759399,0.8941162824630737,-0.3827773332595825,-0.5052272081375122,1.3783360719680786,-0.3277198076248169,1.1208592653274536,1.2249925136566162,0.43812721967697144,0.6309327483177185,-1.684067964553833,-0.7385820746421814,5.540999889373779,0.06937411427497864,-0.22262994945049286,-1.1672942638397217,0.3105943500995636,-0.1777760088443756,-0.4834589958190918,1.4592503309249878,-0.30973565578460693,1.211180329322815,1.233500361442566,0.3900853097438812,1.2205828428268433,-1.4637744426727295,-0.9584975838661194,-0.09876776486635208,0.24846957623958588,-0.7007570266723633,-0.060892246663570404,0.22346393764019012,-0.7445743083953857,-0.5700442790985107,-0.041772812604904175,1.7916712760925293,-2.4509963989257812,0.3021393120288849,-0.8576611280441284,2.129552125930786,-2.208500862121582,-0.05791653320193291,-0.012496614828705788,-0.859696626663208,0.5788390636444092,0.2711426615715027,0.5292152166366577,0.0559430830180645,-0.8896098136901855,-0.6891462802886963,-1.0389996767044067,1.6152364015579224,1.8596934080123901,-2.431123733520508,-2.235112190246582,-1.7565417289733887,-0.895736813545227,6.964706897735596,-4.726869106292725,-0.9093400835990906,-0.5346167087554932,-7.921109199523926,0.619563102722168,0.21726055443286896,1.4081716537475586,3.3083887100219727,0.9916033744812012,-4.66417121887207,3.9091453552246094
0.504,-0.2799655497074127,0.30979907512664795,-0.11530831456184387,-0.31348976492881775,-1.4126408100128174,1.5964186191558838,0.17410890758037567,-0.09054861217737198,-0.980554461479187,0.20000000298023224,0.20000000298023224,0.20000000298023224,0.0,-0.07216540724039078,-0.015799444168806076,-0.7712670564651489,0.5331007838249207,0.26726233959198,0.5148327946662903,-0.01632603257894516,-0.8775393962860107,-0.6782976388931274,-0.99462890625,1.6469851732254028,1.8943365812301636,-2.4580092430114746,-2.2205095291137695,-1.5761228799819946,-0.16235779225826263,9.601042747497559,-5.268022537231445,0.262037992477417,-2.55841326713562,-6.514034748077393,1.4240885972976685,-0.17412994801998138,7.296432018280029,2.892742395401001,5.367733001708984,-1.0217403173446655,0.7018138766288757,0.06937411427497864,-0.22262994945049286,-1.1672942638397217,0.3105943500995636,-0.1777760088443756,-0.4834589958190918,1.4592503309249878,-0.30973565578460693,1.211180329322815,1.233500361442566,0.3900853097438812,1.2205828428268433,-1.4637744426727295,-0.9584975838661194,5.519000053405762,0.3418843150138855,-0.26039206981658936,-1.0721404552459717,0.35372108221054077,-0.09106169641017914,0.15650513768196106,1.5160719156265259,-0.24455121159553528,0.9902486205101013,0.6406409740447998,0.21109715104103088,1.19624924659729,-1.2052927017211914,-1.0717837810516357,0.036087196320295334,0.306569367647171,-0.7386163473129272,-0.09554414451122284,0.3559582531452179,-0.847926914691925,-0.5530572533607483,0.009081587195396423,1.7866098880767822,-2.3877713680267334,0.23949992656707764,-0.8390183448791504,2.201838493347168,-2.2331464290618896,-0.09207870066165924,-0.017809638753533363,-0.6727434992790222,0.46627792716026306,0.2707782983779907,0.4873795807361603,-0.07232290506362915,-0.8596106767654419,-0.6825088262557983,-0.9103585481643677,1.670186161994934,1.9531164169311523,-2.458376407623291,-2.2104506492614746,-2.317927598953247,-0.36628684401512146,9.652487754821777,-7.967547416687012,0.33493292331695557,-3.0989902019500732,-4.870932102203369,1.9624251127243042,-0.44505777955055237,9.412309646606445,1.8884243965148926,6.042333602905273,0.2539403438568115,1.1556127071380615
0.521,-0.2799655497074127,0.30979907512664795,-0.11530831456184387,0.3672475516796112,-2.1376914978027344,1.1824686527252197,0.13498368859291077,-0.09833689779043198,-0.9859560132026672,0.20000000298023224,0.20000000298023224,0.20000000298023224,0.0,-0.11606504768133163,-0.027910808101296425,-0.5845156311988831,0.3690485656261444,0.28197649121284485,0.4675646722316742,-0.1086210384964943,-0.8359380960464478,-0.7073244452476501,-0.8544162511825562,1.6780998706817627,2.0196123123168945,-2.428314685821533,-2.221266508102417,-1.57576584815979,-1.6026455163955688,8.190549850463867,-11.01791000366211,1.4100385904312134,-1.0130468606948853,-2.614204168319702,2.720825433731079,-2.390329122543335,1.1080570220947266,0.12429368495941162,7.006236553192139,6.517890930175781,-2.505054235458374,0.3418843150138855,-0.26039206981658936,-1.0721404552459717,0.35372108221054077,-0.09106169641017914,0.15650513768196106,1.5160719156265259,-0.24455121159553528,0.9902486205101013,0.6406409740447998,0.21109715104103088,1.19624924659729,-1.2052927017211914,-1.0717837810516357,5.500999927520752,0.14556431770324707,-0.19057248532772064,-0.9970300197601318,0.3871084153652191,-0.1114298552274704,0.08083196729421616,1.0248842239379883,-0.2333509922027588,0.9197905659675598,0.6688823699951172,0.3915232717990875,1.022130012512207,-0.9403447508811951,-1.0092055797576904,0.054434679448604584,0.3305272161960602,-0.775160551071167,-0.09541518986225128,0.4032871127128601,-0.892542839050293,-0.5257861614227295,-0.08828813582658768,1.8291857242584229,-2.289921760559082,0.2165270745754242,-0.8268969058990479,2.1944518089294434,-2.2298245429992676,-0.11606504768133163,-0.027910808101296425,-0.5845156311988831,0.3690485656261444,0.28197649121284485,0.4675646722316742,-0.1086210384964943,-0.8359380960464478,-0.7073244452476501,-0.8544162511825562,1.6780998706817627,2.0196123123168945,-2.428314685821533,-2.221266508102417,-1.57576584815979,-1.6026455163955688,8.190549850463867,-11.01791000366211,1.4100385904312134,-1.0130468606948853,-2.614204168319702,2.720825433731079,-2.390329122543335,1.1080570220947266,0.12429368495941162,7.006236553192139,6.517890930175781,-2.505054235458374
0.541,-0.3612143099308014,0.37311282753944397,-0.6843424439430237,-1.3549010753631592,-2.398487091064453,0.6879218220710754,0.0870421975851059,-0.08957725763320923,-0.9921691417694092,0.20000000298023224,0.20000000298023224,0.20000000298023224,0.0,-0.07270053029060364,-0.055382512509822845,-0.44727540016174316,0.14801110327243805,0.31118327379226685,0.4388452172279358,-0.1372884064912796,-0.7896744608879089,-0.7477296590805054,-0.8675754070281982,1.721767544746399,2.1278085708618164,-2.327239990234375,-2.2186038494110107,5.494644641876221,-0.7976588606834412,6.118697643280029,-9.524065971374512,1.2720999717712402,-1.57454252243042,-1.349597692489624,1.7871202230453491,-1.3455954790115356,-1.2240437269210815,4.202901363372803,4.491909503936768,7.260968208312988,0.24304716289043427,0.14556431770324707,-0.19057248532772064,-0.9970300197601318,0.3871084153652191,-0.1114298552274704,0.08083196729421616,1.0248842239379883,-0.2333509922027588,0.9197905659675598,0.6688823699951172,0.3915232717990875,1.022130012512207,-0.9403447508811951,-1.0092055797576904,5.480999946594238,-0.21619652211666107,-0.25883039832115173,-0.692646861076355,0.37094926834106445,-0.17924128472805023,0.15154589712619781,1.0079139471054077,-0.3234923481941223,1.0649720430374146,0.7293883562088013,0.24469515681266785,0.6223068833351135,-0.7678332328796387,-0.8969464898109436,-0.026831790804862976,0.325553297996521,-0.7571372985839844,-0.11241519451141357,0.4446300268173218,-0.8997243642807007,-0.4360547959804535,-0.14121556282043457,1.8137667179107666,-2.197869300842285,0.2010008543729782,-0.8433715105056763,2.0908026695251465,-2.200098991394043,-0.07270053029060364,-0.055382512509822845,-0.44727540016174316,0.14801110327243805,0.31118327379226685,0.4388452172279358,-0.1372884064912796,-0.7896744608879089,-0.7477296590805054,-0.8675754070281982,1.721767544746399,2.1278085708618164,-2.327239990234375,-2.2186038494110107,5.494644641876221,-0.7976588606834412,6.118697643280029,-9.524065971374512,1.2720999717712402,-1.57454252243042,-1.349597692489624,1.7871202230453491,-1.3455954790115356,-1.2240437269210815,4.202901363372803,4.491909503936768,7.260968208312988,0.24304716289043427
0.561,-0.3612143099308014,0.37311282753944397,-0.6843424439430237,-1.287042498588562,-1.848831057548523,0.7061238884925842,0.04340294748544693,-0.06102629378437996,-0.9971920251846313,0.20000000298023224,0.20000000298023224,0.20000000298023224,0.0,0.06129869446158409,-0.07090084999799728,-0.3535332679748535,0.020499717444181442,0.3214370608329773,0.40917059779167175,-0.13686810433864594,-0.782731294631958,-0.7484734654426575,-0.8944723606109619,1.7927180528640747,2.2004663944244385,-2.245556354522705,-2.1945760250091553,5.535821437835693,-1.5949156284332275,3.9716076850891113,-3.946162700653076,-0.2562965452671051,-0.9019044637680054,-0.0682448297739029,-0.7389140725135803,1.0305663347244263,-1.4576419591903687,1.510335922241211,0.8797268867492676,9.746428489685059,4.4043049812316895,-0.21619652211666107,-0.25883039832115173,-0.692646861076355,0.37094926834106445,-0.17924128472805023,0.15154589712619781,1.0079139471054077,-0.3234923481941223,1.0649720430374146,0.7293883562088013,0.24469515681266785,0.6223068833351135,-0.7678332328796387,-0.8969464898109436,5.460999965667725,-0.06409701704978943,-0.1605285108089447,-0.3482435941696167,0.547204852104187,-0.21136094629764557,0.09529542922973633,1.1194504499435425,-0.49860888719558716,1.4394688606262207,0.7444046139717102,0.19153280556201935,0.6672354340553284,-0.8105900287628174,-0.933304488658905,-0.029440149664878845,0.315036416053772,-0.6545014381408691,-0.09633972495794296,0.45123887062072754,-0.8995610475540161,-0.3050882816314697,-0.13979515433311462,1.7927665710449219,-2.162532091140747,0.23730164766311646,-0.8953879475593567,2.0502102375030518,-2.1943254470825195,0.06129869446158409,-0.07090084999799728,-0.3535332679748535,0.020499717444181442,0.3214370608329773,0.40917059779167175,-0.13686810433864594,-0.782731294631958,-0.7484734654426575,-0.8944723606109619,1.7927180528640747,2.2004663944244385,-2.245556354522705,-2.1945760250091553,5.535821437835693,-1.5949156284332275,3.9716076850891113,-3.946162700653076,-0.2562965452671051,-0.9019044637680054,-0.0682448297739029,-0.7389140725135803,1.0305663347244263,-1.4576419591903687,1.510335922241211,0.8797268867492676,9.746428489685059,4.4043049812316895
0.581,-0.24101419746875763,0.3870895802974701,-0.8356263041496277,-1.5628530979156494,-1.4026416540145874,0.9254232048988342,0.017991002649068832,-0.04403092339634895,-0.9988681674003601,0.20000000298023224,0.20000000298023224,0.20000000298023224,0.0,0.1184200793504715,-0.1104966253042221,-0.30817365646362305,0.014134787023067474,0.3155052959918976,0.4003363251686096,-0.12812010943889618,-0.8018273115158081,-0.7318914532661438,-0.9066757559776306,1.8185575008392334,2.1948764324188232,-2.1687397956848145,-2.1795406341552734,1.064990758895874,-1.1943172216415405,2.93122935295105,4.194117546081543,-1.232937216758728,0.1673130840063095,0.5540779829025269,-1.7358696460723877,3.862724542617798,-0.3541354835033417,-0.5938599109649658,-1.8325631618499756,4.1219162940979,0.8066465258598328,-0.06409701704978943,-0.1605285108089447,-0.3482435941696167,0.547204852104187,-0.21136094629764557,0.09529542922973633,1.1194504499435425,-0.49860888719558716,1.4394688606262207,0.7444046139717102,0.19153280556201935,0.6672354340553284,-0.8105900287628174,-0.933304488658905,5.440999984741211,0.22598373889923096,0.023031098768115044,-0.4066161513328552,0.9003174304962158,-0.3132641911506653,0.09203195571899414,1.1512327194213867,-0.4202864468097687,1.8180510997772217,0.6590505838394165,0.03436969965696335,0.774913489818573,-0.971025824546814,-1.0031119585037231,0.04177585989236832,0.2843021750450134,-0.5085379481315613,-0.04241208732128143,0.4537274241447449,-0.9208178520202637,-0.25419819355010986,-0.1311393827199936,1.7429757118225098,-2.1849725246429443,0.3437301814556122,-0.9018155336380005,2.056833505630493,-2.208890676498413,0.1184200793504715,-0.1104966253042221,-0.30817365646362305,0.014134787023067474,0.3155052959918976,0.4003363251686096,-0.12812010943889618,-0.8018273115158081,-0.7318914532661438,-0.9066757559776306,1.8185575008392334,2.1948764324188232,-2.1687397956848145,-2.1795406341552734,1.064990758895874,-1.1943172216415405,2.93122935295105,4.194117546081543,-1.232937216758728,0.1673130840063095,0.5540779829025269,-1.7358696460723877,3.862724542617798,-0.3541354835033417,-0.5938599109649658,-1.8325631618499756,4.1219162940979,0.8066465258598328
0.601,-0.24101419746875763,0.3870895802974701,-0.8356263041496277,-3.178901433944702,-1.2410553693771362,1.287335991859436,-0.014871836639940739,0.014361186884343624,-0.9997862577438354,0.20000000298023224,0.20000000298023224,0.20000000298023224,0.0,0.10742675513029099,-0.10720227658748627,-0.23621194064617157,0.17440621554851532,0.2955494225025177,0.4167073369026184,-0.1160503551363945,-0.8415173888206482,-0.6526918411254883,-0.9235659837722778,1.8046448230743408,2.1500580310821533,-2.172542095184326,-2.199828863143921,-0.43476322293281555,2.4684274196624756,5.177400588989258,11.926522254943848,-1.5783898830413818,1.073701024055481,0.9057150483131409,-2.18843674659729,6.425296306610107,-0.6988410949707031,-1.651590347290039,-2.5600039958953857,-2.402101755142212,-1.6100555658340454,0.22598373889923096,0.023031098768115044,-0.4066161513328552,0.9003174304962158,-0.3132641911506653,0.09203195571899414,1.1512327194213867,-0.4202864468097687,1.8180510997772217,0.6590505838394165,0.03436969965696335,0.774913489818573,-0.971025824546814,-1.0031119585037231,5.421000003814697,0.47502297163009644,0.1221003383398056,-0.6713348627090454,0.8689371347427368,-0.3954927623271942,0.3129841089248657,1.1723768711090088,-0.2670886516571045,1.8590363264083862,0.4377633035182953,-0.23589545488357544,0.7306411266326904,-1.0523638725280762,-0.8940038681030273,0.13964366912841797,0.24837788939476013,-0.4253098964691162,0.009319040924310684,0.5102097392082214,-0.9867681264877319,-0.2949328124523163,-0.12152545899152756,1.650514006614685,-2.216527223587036,0.3890993595123291,-0.8667299151420593,2.049077033996582,-2.1888961791992188,0.10387637466192245,-0.08145729452371597,-0.1922510266304016,0.292110800743103,0.28757885098457336,0.42693063616752625,-0.10827255994081497,-0.8627445697784424,-0.6091044545173645,-0.9241735935211182,1.7885432243347168,2.1183366775512695,-2.185192823410034,-2.2063310146331787,2.3121986389160156,2.248903512954712,2.797158718109131,10.627604484558105,0.6233507990837097,1.059006690979004,1.1259628534317017,-2.158921241760254,0.3085634410381317,0.22548307478427887,-1.6930196285247803,-3.143293619155884,-0.5262719392776489,-0.29654812812805176
0.621,-0.247584730386734,0.3181965947151184,-1.055558681488037,0.29816383123397827,-2.333247184753418,0.42766183614730835,-0.05145251750946045,0.038253672420978546,-0.9979425072669983,0.20000000298023224,0.20000000298023224,0.20000000298023224,0.0,0.11325079947710037,-0.065522700548172,-0.19078750908374786,0.37365618348121643,0.2880937457084656,0.44615352153778076,-0.08871196955442429,-0.877934455871582,-0.5851461887359619,-0.9396455883979797,1.7679765224456787,2.084190845489502,-2.196011781692505,-2.2009637355804443,0.40393221378326416,1.9892538785934448,-1.3370270729064941,6.918728828430176,-1.2167563438415527,2.9203271865844727,2.833059787750244,-0.7651985883712769,5.347603797912598,-3.95328688621521,-2.681894540786743,-3.988773822784424,-3.404428243637085,2.000192880630493,0.47502297163009644,0.1221003383398056,-0.6713348627090454,0.8689371347427368,-0.3954927623271942,0.3129841089248657,1.1723768711090088,-0.2670886516571045,1.8590363264083862,0.4377633035182953,-0.23589545488357544,0.7306411266326904,-1.0523638725280762,-0.8940038681030273,5.401000022888184,0.22663594782352448,0.5831863880157471,-0.4210066795349121,0.8790550827980042,-0.03903236985206604,-0.39048582315444946,1.0553820133209229,-0.48664671182632446,1.687530755996704,1.070364236831665,-0.369843065738678,0.9283366203308105,-1.0514699220657349,-0.7991414070129395,0.1264808177947998,0.3195308446884155,-0.4265722632408142,0.15045611560344696,0.3625833988189697,-0.8615930080413818,-0.25271809101104736,-0.14596721529960632,1.570796251296997,-2.2320809364318848,0.4143134355545044,-0.9040765762329102,2.0946226119995117,-2.1551833152770996,0.11242494732141495,-0.046304140239953995,-0.2181679904460907,0.4318277835845947,0.27628475427627563,0.4697733521461487,-0.06445775181055069,-0.8838396072387695,-0.5314426422119141,-0.9586514234542847,1.7415711879730225,2.0527801513671875,-2.212808847427368,-2.193439483642578,-0.34904178977012634,1.8772555589675903,-3.660346746444702,4.878875732421875,-1.0753173828125,2.1165499687194824,1.9534424543380737,-0.4417176842689514,4.898599147796631,-1.2393360137939453,-2.5069572925567627,-2.686222791671753,-0.4859169125556946,0.1440708339214325
0.641,-0.247584730386734,0.3181965947151184,-1.055558681488037,0.14336831867694855,-2.290912389755249,0.034064292907714844,-0.09754053503274918,0.027758873999118805,-0.994844377040863,0.20000000298023224,0.20000000298023224,0.20000000298023224,0.0,0.11249236762523651,-0.016953490674495697,-0.2520156800746918,0.48006993532180786,0.27309778332710266,0.47504982352256775,-0.049869176000356674,-0.8972967267036438,-0.498114675283432,-0.9314942955970764,1.7120417356491089,2.0406413078308105,-2.2178971767425537,-2.1730589866638184,0.6183920502662659,4.5939860343933105,-2.5665550231933594,4.999350547790527,0.2610148787498474,-0.5842070579528809,1.1571255922317505,-1.7110086679458618,2.69000506401062,4.399006366729736,-3.575772523880005,-0.47316357493400574,-0.6882621049880981,3.364715814590454,0.22663594782352448,0.5831863880157471,-0.4210066795349121,0.8790550827980042,-0.03903236985206604,-0.39048582315444946,1.0553820133209229,-0.48664671182632446,1.687530755996704,1.070364236831665,-0.369843065738678,0.9283366203308105,-1.0514699220657349,-0.7991414070129395,5.38100004196167,-0.2011459320783615,0.517035961151123,-0.41131478548049927,0.9176021218299866,-0.09435109794139862,-0.6156259179115295,1.3963838815689087,-0.6155420541763306,1.4681771993637085,1.5331038236618042,-0.22525373101234436,0.9904309511184692,-0.9645193219184875,-0.5985779166221619,0.012953925877809525,0.3412776589393616,-0.4820418357849121,0.20448705554008484,0.23248521983623505,-0.6833205223083496,-0.2291877418756485,-0.07293762266635895,1.5670846700668335,-2.2181203365325928,0.43655723333358765,-0.9549738168716431,2.1329190731048584,-2.088186264038086,0.11249236762523651,-0.016953490674495697,-0.2520156800746918,0.48006993532180786,0.27309778332710266,0.47504982352256775,-0.049869176000356674,-0.8972967267036438,-0.498114675283432,-0.9314942955970764,1.7120417356491089,2.0406413078308105,-2.2178971767425537,-2.1730589866638184,0.6183920502662659,4.5939860343933105,-2.5665550231933594,4.999350547790527,0.2610148787498474,-0.5842070579528809,1.1571255922317505,-1.7110086679458618,2.69000506401062,4.399006366729736,-3.575772523880005,-0.47316357493400574,-0.6882621049880981,3.364715814590454
0.662,-0.29591360688209534,0.321856826543808,-1.095325231552124,-0.567450225353241,-1.6307810544967651,0.3192059397697449,-0.13729985058307648,0.022394636645913124,-0.9902763366699219,0.20000000298023224,0.20000000298023224,0.20000000298023224,0.0,0.11564772576093674,0.06495851278305054,-0.27376168966293335,0.5380536317825317,0.2968650162220001,0.45231759548187256,-0.002107820939272642,-0.9137473702430725,-0.4865333139896393,-0.8546361923217773,1.7378149032592773,2.103976011276245,-2.29555344581604,-2.2076990604400635,0.3834117352962494,0.5297564268112183,0.141959547996521,2.110720157623291,1.5303537845611572,-0.30800437927246094,3.4565677642822266,-1.2033520936965942,-0.37856462597846985,3.5880050659179688,2.754159927368164,6.034005165100098,-5.718299865722656,-2.5302557945251465,-0.2011459320783615,0.517035961151123,-0.41131478548049927,0.9176021218299866,-0.09435109794139862,-0.6156259179115295,1.3963838815689087,-0.6155420541763306,1.4681771993637085,1.5331038236618042,-0.22525373101234436,0.9904309511184692,-0.9645193219184875,-0.5985779166221619,5.360000133514404,0.29261696338653564,0.21850991249084473,-0.3840368986129761,0.8515082597732544,0.11123231053352356,-0.31932753324508667,1.468563199043274,-0.40595439076423645,1.6064308881759644,1.3345519304275513,0.05792084336280823,0.7651559114456177,-1.1236692667007446,-0.6142428517341614,0.07963120192289352,0.40354689955711365,-0.4752131998538971,0.1568710058927536,0.24151071906089783,-0.6438223123550415,-0.21060308814048767,-0.01837799698114395,1.6360225677490234,-2.250927448272705,0.4311556816101074,-0.928025484085083,2.0957484245300293,-2.0586037635803223,0.12504227459430695,0.07457667589187622,-0.2649540305137634,0.5609403252601624,0.307130366563797,0.44363531470298767,0.025438526645302773,-0.9284763336181641,-0.4882223308086395,-0.8142000436782837,1.7649589776992798,2.1501541137695312,-2.346778154373169,-2.212599992752075,1.1602985858917236,1.1886264085769653,1.4620026350021362,2.3185410499572754,0.7072235941886902,-0.8819436430931091,2.0605595111846924,-1.589798927307129,-0.11727339029312134,3.6576428413391113,2.313793659210205,3.4760375022888184,-4.092053413391113,0.9369644522666931
0.68,-0.29591360688209534,0.321856826543808,-1.095325231552124,-1.121043086051941,-0.9482452273368835,0.5805739164352417,-0.154445081949234,0.037140119820833206,-0.9873030781745911,0.20000000298023224,0.20000000298023224,0.20000000298023224,0.0,0.13606393337249756,0.08725839108228683,-0.24613133072853088,0.5823387503623962,0.31223681569099426,0.4296931028366089,0.03827805444598198,-0.9417251348495483,-0.48932892084121704,-0.7722388505935669,1.783650517463684,2.170628547668457,-2.375514030456543,-2.1929519176483154,1.544492483139038,1.6427490711212158,2.509187698364258,2.34639835357666,0.8475695848464966,-2.285139322280884,0.825943648815155,-0.748866617679596,-0.488741934299469,5.5334343910217285,1.249621033668518,0.9951401948928833,-1.84064519405365,1.8903014659881592,0.29261696338653564,0.21850991249084473,-0.3840368986129761,0.8515082597732544,0.11123231053352356,-0.31932753324508667,1.468563199043274,-0.40595439076423645,1.6064308881759644,1.3345519304275513,0.05792084336280823,0.7651559114456177,-1.1236692667007446,-0.6142428517341614,5.341000080108643,0.4204620122909546,-0.11311452090740204,-0.2317744344472885,0.9713482856750488,-0.14895620942115784,-0.0026614591479301453,1.770541787147522,-0.4487810730934143,1.8697847127914429,1.198603630065918,0.02096189372241497,0.6964269876480103,-1.1355735063552856,-0.6236273646354675,0.1449311077594757,0.36963438987731934,-0.40596044063568115,0.05015687271952629,0.325190007686615,-0.6580602526664734,-0.16324515640735626,0.08439646661281586,1.6612517833709717,-2.2703070640563965,0.4584149122238159,-0.9252579808235168,2.059980869293213,-2.046158790588379,0.13606393337249756,0.08725839108228683,-0.24613133072853088,0.5823387503623962,0.31223681569099426,0.4296931028366089,0.03827805444598198,-0.9417251348495483,-0.48932892084121704,-0.7722388505935669,1.783650517463684,2.170628547668457,-2.375514030456543,-2.1929519176483154,1.544492483139038,1.6427490711212158,2.509187698364258,2.34639835357666,0.8475695848464966,-2.285139322280884,0.825943648815155,-0.748866617679596,-0.488741934299469,5.5334343910217285,1.249621033668518,0.9951401948928833,-1.84064519405365,1.8903014659881592
0.7,-0.04527886211872101,0.5097004771232605,-0.13422518968582153,0.18795651197433472,0.5579618215560913,0.4287317395210266,-0.154869943857193,0.054707132279872894,-0.9864190220832825,0.20000000298023224,0.20000000298023224,0.20000000298023224,0.0,0.14838369190692902,0.09840451180934906,-0.20433537662029266,0.6080393195152283,0.3057103753089905,0.39132171869277954,0.03311414271593094,-0.9627079367637634,-0.4821561276912689,-0.7053262591362,1.7773956060409546,2.168736219406128,-2.373161554336548,-2.1396279335021973,0.15858884155750275,-1.0004791021347046,1.5480538606643677,0.3174140751361847,-1.3136392831802368,-1.830336570739746,-0.43165522813796997,-0.9422705769538879,1.9527477025985718,2.1088807582855225,-2.2480356693267822,-1.1000258922576904,1.0515415668487549,2.922722578048706,0.4204620122909546,-0.11311452090740204,-0.2317744344472885,0.9713482856750488,-0.14895620942115784,-0.0026614591479301453,1.770541787147522,-0.4487810730934143,1.8697847127914429,1.198603630065918,0.02096189372241497,0.6964269876480103,-1.1355735063552856,-0.6236273646354675,5.321000099182129,0.6268818378448486,0.08860788494348526,-0.41094905138015747,1.2525354623794556,-0.3291102647781372,0.020934347063302994,1.7754095792770386,-0.5144532918930054,1.823142170906067,0.7439324855804443,0.33065304160118103,1.2501230239868164,-1.3285852670669556,-0.9786250591278076,0.22918601334095,0.30763962864875793,-0.382994681596756,0.04723040759563446,0.37292858958244324,-0.7788469791412354,-0.1843598484992981,0.1370006501674652,1.7512891292572021,-2.328249931335449,0.5423413515090942,-0.9402922987937927,2.180521249771118,-2.128685712814331,0.14437814056873322,0.07998204976320267,-0.19406257569789886,0.6055675745010376,0.29858362674713135,0.3720038831233978,0.029179273173213005,-0.9707120060920715,-0.4646776020526886,-0.6882585883140564,1.7467257976531982,2.1546099185943604,-2.3588619232177734,-2.1128149032592773,-0.7798227071762085,-2.3709144592285156,0.6606283783912659,-0.6241441965103149,-0.2264188826084137,-1.9350913763046265,-0.4270751476287842,-0.6264472007751465,1.614007592201233,1.3347128629684448,-3.546633720397949,-1.6364296674728394,1.7758848667144775,2.3794872760772705
0.721,-0.04527886211872101,0.5097004771232605,-0.13422518968582153,0.005417907610535622,0.5947121381759644,0.11931112408638,-0.14053785800933838,0.04893098771572113,-0.9888654351234436,0.20000000298023224,0.20000000298023224,0.20000000298023224,0.0,0.14723508059978485,0.072356216609478,-0.18856321275234222,0.6099093556404114,0.2939949035644531,0.36905354261398315,0.030235879123210907,-0.976647138595581,-0.4296010434627533,-0.709043562412262,1.7205395698547363,2.1576664447784424,-2.3654229640960693,-2.133044481277466,1.3201617002487183,0.03929712250828743,0.3305128812789917,0.362685889005661,-0.09896893799304962,0.38076144456863403,0.5916202664375305,-0.174161896109581,2.5615274906158447,-3.3208823204040527,-1.7848188877105713,0.4137756824493408,0.2239619791507721,-2.9692909717559814,0.6268818378448486,0.08860788494348526,-0.41094905138015747,1.2525354623794556,-0.3291102647781372,0.020934347063302994,1.7754095792770386,-0.5144532918930054,1.823142170906067,0.7439324855804443,0.33065304160118103,1.2501230239868164,-1.3285852670669556,-0.9786250591278076,5.301000118255615,0.5230351090431213,0.27325576543807983,-0.46299201250076294,1.349543809890747,-0.3750114142894745,-0.04872005432844162,1.5459270477294922,-0.5881690979003906,1.8572827577590942,0.6687679886817932,0.42456626892089844,1.4087424278259277,-1.4016506671905518,-1.0441502332687378,0.24535179138183594,0.2651669681072235,-0.36297667026519775,0.09192914515733719,0.37938427925109863,-0.8580315113067627,-0.20792792737483978,0.10593210160732269,1.8197860717773438,-2.3754875659942627,0.6085566282272339,-0.9662383794784546,2.2804460525512695,-2.1863303184509277,0.14723508059978485,0.072356216609478,-0.18856321275234222,0.6099093556404114,0.2939949035644531,0.36905354261398315,0.030235879123210907,-0.976647138595581,-0.4296010434627533,-0.709043562412262,1.7205395698547363,2.1576664447784424,-2.3654229640960693,-2.133044481277466,1.3201617002487183,0.03929712250828743,0.3305128812789917,0.362685889005661,-0.09896893799304962,0.38076144456863403,0.5916202664375305,-0.174161896109581,2.5615274906158447,-3.3208823204040527,-1.7848188877105713,0.4137756824493408,0.2239619791507721,-2.9692909717559814
0.743,0.03831776976585388,0.611595869064331,-0.4536966383457184,-0.7995397448539734,0.23248212039470673,0.02600094862282276,-0.13195310533046722,0.06035269796848297,-0.9894169569015503,0.20000000298023224,0.20000000298023224,0.20000000298023224,0.0,0.19990567862987518,0.08049191534519196,-0.19382281601428986,0.6052744388580322,0.29277923703193665,0.38451799750328064,0.04762687161564827,-0.9764821529388428,-0.3808949887752533,-0.7720361351966858,1.7286717891693115,2.1805355548858643,-2.3641774654388428,-2.180835485458374,3.9636735916137695,1.1562645435333252,-0.6767162084579468,1.030216932296753,-0.3092111647129059,1.1107540130615234,0.7744563817977905,-0.7903110384941101,1.8209786415100098,-3.924816846847534,3.2949886322021484,3.844484806060791,-4.3756608963012695,-4.435780048370361,0.5230351090431213,0.27325576543807983,-0.46299201250076294,1.349543809890747,-0.3750114142894745,-0.04872005432844162,1.5459270477294922,-0.5881690979003906,1.8572827577590942,0.6687679886817932,0.42456626892089844,1.4087424278259277,-1.4016506671905518,-1.0441502332687378,5.2789998054504395,0.3054010272026062,0.4645991027355194,-0.6176267862319946,1.3254338502883911,-0.35786888003349304,-0.10878464579582214,1.339396357536316,-0.5203016996383667,1.822921633720398,0.6981620788574219,0.44018542766571045,1.371471881866455,-1.4697343111038208,-1.168365478515625,0.19902615249156952,0.24821627140045166,-0.3615579307079315,0.16211435198783875,0.36759597063064575,-0.890275239944458,-0.25837066769599915,0.03876515477895737,1.85793936252594,-2.4161272048950195,0.6356368064880371,-0.9622446298599243,2.3210909366607666,-2.246206521987915,0.24088729918003082,0.09127181023359299,-0.20052887499332428,0.612914502620697,0.2904607355594635,0.39674797654151917,0.057772085070610046,-0.9822956919670105,-0.37156376242637634,-0.7982653975486755,1.757786750793457,2.210326671600342,-2.3825812339782715,-2.1930322647094727,4.010092258453369,1.07304048538208,-0.6807991862297058,0.551409900188446,-0.2592940330505371,1.2908766269683838,1.2106941938400269,-0.3336639702320099,0.6367922425270081,-2.5103166103363037,2.613783121109009,2.55582594871521,-0.21446996927261353,0.17315833270549774
0.76,0.03831776976585388,0.611595869064331,-0.4536966383457184,-0.4145294725894928,0.05159923434257507,0.12252671271562576,-0.13022488355636597,0.06942877173423767,-0.9890506267547607,0.20000000298023224,0.20000000298023224,0.20000000298023224,0.0,0.2717384696006775,0.1011316105723381,-0.21289800107479095,0.6210828423500061,0.28313976526260376,0.41039130091667175,0.06604280322790146,-0.9822524785995483,-0.3622741103172302,-0.8296194672584534,1.7949217557907104,2.249821662902832,-2.4027862548828125,-2.2338883876800537,2.078700304031372,0.6345444321632385,-2.028017282485962,0.9072993397712708,-0.981353223323822,1.3616857528686523,0.3674600124359131,0.15618985891342163,0.5406578779220581,-2.52264142036438,4.673415184020996,4.616114139556885,-3.462205171585083,-5.678349018096924,0.3054010272026062,0.4645991027355194,-0.6176267862319946,1.3254338502883911,-0.35786888003349304,-0.10878464579582214,1.339396357536316,-0.5203016996383667,1.822921633720398,0.6981620788574219,0.44018542766571045,1.371471881866455,-1.4697343111038208,-1.168365478515625,5.261000156402588,0.25849485397338867,0.6434257626533508,-0.7225308418273926,1.2630444765090942,-0.2555828094482422,-0.34309589862823486,1.251869797706604,-0.5678749680519104,1.6749873161315918,0.8632736206054688,0.504621684551239,1.4326694011688232,-1.5492727756500244,-1.2597205638885498,0.16413679718971252,0.26531243324279785,-0.39783215522766113,0.24191361665725708,0.30312401056289673,-0.865119218826294,-0.3098180294036865,-0.016699958592653275,1.893125057220459,-2.456331729888916,0.6335794925689697,-0.9721410274505615,2.356712818145752,-2.298983573913574,0.2717384696006775,0.1011316105723381,-0.21289800107479095,0.6210828423500061,0.28313976526260376,0.41039130091667175,0.06604280322790146,-0.9822524785995483,-0.3622741103172302,-0.8296194672584534,1.7949217557907104,2.249821662902832,-2.4027862548828125,-2.2338883876800537,2.078700304031372,0.6345444321632385,-2.028017282485962,0.9072993397712708,-0.981353223323822,1.3616857528686523,0.3674600124359131,0.15618985891342163,0.5406578779220581,-2.52264142036438,4.673415184020996,4.616114139556885,-3.462205171585083,-5.678349018096924
0.782,0.042982134968042374,0.7120932340621948,-0.4688605070114136,-0.8136637806892395,-0.255291223526001,0.06435181200504303,-0.1332087516784668,0.07914850115776062,-0.9879225492477417,0.20000000298023224,0.20000000298023224,0.20000000298023224,0.0,0.2732558846473694,0.11144606024026871,-0.25862565636634827,0.6312370896339417,0.2747071087360382,0.4270518124103546,0.0699760764837265,-0.9730154871940613,-0.38016730546951294,-0.8563149571418762,1.8730074167251587,2.312746047973633,-2.4373621940612793,-2.277614116668701,-1.8401367664337158,0.5537467002868652,-2.816781520843506,0.845696747303009,0.16931761801242828,0.07168065011501312,-0.26934415102005005,0.6797937750816345,-1.7231370210647583,0.32009994983673096,4.468889236450195,3.815117835998535,-3.6261048316955566,-5.403625965118408,0.25849485397338867,0.6434257626533508,-0.7225308418273926,1.2630444765090942,-0.2555828094482422,-0.34309589862823486,1.251869797706604,-0.5678749680519104,1.6749873161315918,0.8632736206054688,0.504621684551239,1.4326694011688232,-1.5492727756500244,-1.2597205638885498,5.239999771118164,0.39629536867141724,0.5335265398025513,-0.7891622185707092,1.334470510482788,-0.16573165357112885,-0.3963496685028076,1.347886562347412,-0.7524833083152771,1.5809694528579712,0.88899827003479,0.5522351264953613,1.4343913793563843,-1.635297179222107,-1.2206342220306396,0.18114224076271057,0.296323299407959,-0.4394737184047699,0.25433844327926636,0.25757458806037903,-0.8461100459098816,-0.3521995544433594,-0.02042832411825657,1.922621250152588,-2.4979400634765625,0.6504073739051819,-1.0232412815093994,2.3749542236328125,-2.3156003952026367,0.2752828299999237,0.11842335015535355,-0.28576040267944336,0.6344980001449585,0.2775539755821228,0.42735883593559265,0.06671226769685745,-0.9658731818199158,-0.3840917646884918,-0.8529564738273621,1.9044711589813232,2.334541082382202,-2.451231002807617,-2.296792984008789,0.6748528480529785,0.634233295917511,-2.7777435779571533,-0.06082899495959282,0.5141798257827759,-0.008461316116154194,-0.36232683062553406,0.6606972217559814,-0.3192054033279419,0.4691963493824005,2.202982187271118,1.5282211303710938,-0.09796365350484848,-0.342555969953537
0.801,0.042982134968042374,0.7120932340621948,-0.4688605070114136,-1.0189001560211182,-0.7122731804847717,-0.24430078268051147,-0.14536207914352417,0.09309744834899902,-0.9849886894226074,0.20000000298023224,0.20000000298023224,0.20000000298023224,0.0,0.2843981981277466,0.12768825888633728,-0.31601443886756897,0.6431025266647339,0.29306918382644653,0.42341524362564087,0.062201328575611115,-0.9678910374641418,-0.4060327410697937,-0.8397384285926819,1.9334630966186523,2.3618247509002686,-2.4815359115600586,-2.3080735206604004,1.280434489250183,1.2096726894378662,-2.8612871170043945,1.3297247886657715,1.4281288385391235,-0.24245396256446838,-0.6702727675437927,-0.6453876495361328,-1.6349505186080933,1.0706820487976074,2.9538276195526123,2.517852306365967,-3.610675573348999,-0.5748759508132935,0.39629536867141724,0.5335265398025513,-0.7891622185707092,1.334470510482788,-0.16573165357112885,-0.3963496685028076,1.347886562347412,-0.7524833083152771,1.5809694528579712,0.88899827003479,0.5522351264953613,1.4343913793563843,-1.635297179222107,-1.2206342220306396,5.2210001945495605,0.19961009919643402,0.5612934231758118,-0.6455897092819214,1.487870216369629,-0.2732387185096741,-0.4240846037864685,1.5017420053482056,-0.852138340473175,1.5314422845840454,0.9339585900306702,0.4966289699077606,1.4490717649459839,-1.581958293914795,-1.133121371269226,0.1404736489057541,0.28495198488235474,-0.47267627716064453,0.2674925923347473,0.22786614298820496,-0.825365424156189,-0.33749720454216003,0.016171354800462723,1.9234678745269775,-2.5054097175598145,0.6971712112426758,-1.0737051963806152,2.387744903564453,-2.302030563354492,0.2969658374786377,0.13951422274112701,-0.3417808711528778,0.6523290872573853,0.30371248722076416,0.4185018539428711,0.05194823071360588,-0.974772572517395,-0.4162653684616089,-0.8260430693626404,1.9508787393569946,2.3763628005981445,-2.494180679321289,-2.3086366653442383,1.2261143922805786,1.1536016464233398,-2.342417001724243,0.6558182835578918,0.882538914680481,-0.4745709002017975,-1.2222031354904175,-0.7162923812866211,-0.694476306438446,1.268495798110962,0.8957062363624573,0.8595994710922241,-0.08171462267637253,-0.037610795348882675
0.823,-0.02279536984860897,0.7175933122634888,-0.46490827202796936,-0.972963809967041,-0.7854304909706116,-0.11199289560317993,-0.16111834347248077,0.11295235902070999,-0.9804502129554749,0.20000000298023224,0.20000000298023224,0.20000000298023224,0.0,0.310689777135849,0.15269280970096588,-0.35164138674736023,0.6701495051383972,0.31475865840911865,0.4099673628807068,0.050098299980163574,-0.9918084740638733,-0.428009033203125,-0.8050580024719238,1.9609755277633667,2.3927996158599854,-2.5033230781555176,-2.3002212047576904,1.508048176765442,1.396560788154602,0.6300950646400452,2.68585205078125,0.9986627101898193,-0.6882702112197876,1.1617060899734497,-2.3100428581237793,-1.0119458436965942,1.9127477407455444,2.5279014110565186,1.7121282815933228,-2.395228385925293,1.5211446285247803,0.19961009919643402,0.5612934231758118,-0.6455897092819214,1.487870216369629,-0.2732387185096741,-0.4240846037864685,1.5017420053482056,-0.852138340473175,1.5314422845840454,0.9339585900306702,0.4966289699077606,1.4490717649459839,-1.581958293914795,-1.133121371269226,5.198999881744385,0.23079189658164978,0.45174384117126465,-0.5116752982139587,1.5312765836715698,-0.3466621935367584,-0.260916531085968,1.5356953144073486,-0.731991171836853,1.5777562856674194,0.9177690148353577,0.5119635462760925,1.3082562685012817,-1.5766383409500122,-1.0386033058166504,0.1279347985982895,0.2609104514122009,-0.47769907116889954,0.24668225646018982,0.25380393862724304,-0.8190404772758484,-0.2966674268245697,0.04295951873064041,1.927724838256836,-2.507814407348633,0.7314047813415527,-1.0689003467559814,2.3589365482330322,-2.271615982055664,0.32089856266975403,0.16209089756011963,-0.3496319353580475,0.6907553672790527,0.3216613829135895,0.404910683631897,0.06074342504143715,-1.012825846672058,-0.4357715845108032,-0.7914901375770569,1.98257577419281,2.4008986949920654,-2.526402711868286,-2.294623851776123,0.6482440233230591,0.5926453471183777,0.005229168571531773,1.5633342266082764,0.477772980928421,-0.25222349166870117,0.8644286394119263,-1.9123146533966064,-0.6098139882087708,0.7601048946380615,1.826330304145813,0.17741434276103973,-2.0452446937561035,-0.09643363952636719
0.841,-0.02279536984860897,0.7175933122634888,-0.46490827202796936,0.17678065598011017,-0.524957001209259,0.25709912180900574,-0.17287562787532806,0.1186080351471901,-0.9777761101722717,0.20000000298023224,0.20000000298023224,0.20000000298023224,0.0,0.3244357407093048,0.16607968509197235,-0.3492905795574188,0.701859712600708,0.32423487305641174,0.4060405194759369,0.07096372544765472,-1.0289174318313599,-0.43988507986068726,-0.7909398078918457,1.9942528009414673,2.3870036602020264,-2.547731637954712,-2.275674343109131,0.0871099978685379,0.06244987994432449,0.11516541987657547,1.2289773225784302,-0.23423749208450317,-0.10534028708934784,0.7408495545387268,-1.4628578424453735,0.18927061557769775,0.43837112188339233,0.9498575329780579,-1.8813610076904297,-1.8923147916793823,2.2875213623046875,0.23079189658164978,0.45174384117126465,-0.5116752982139587,1.5312765836715698,-0.3466621935367584,-0.260916531085968,1.5356953144073486,-0.731991171836853,1.5777562856674194,0.9177690148353577,0.5119635462760925,1.3082562685012817,-1.5766383409500122,-1.0386033058166504,5.181000232696533,0.35507774353027344,0.4786313474178314,-0.46902579069137573,1.4544144868850708,-0.3184128701686859,-0.40485215187072754,1.5628894567489624,-0.690694272518158,1.6004626750946045,0.9561008214950562,0.49002256989479065,1.2929608821868896,-1.6112630367279053,-0.9916847944259644,0.1527368426322937,0.25595200061798096,-0.4745338559150696,0.24299895763397217,0.2307889312505722,-0.8062950372695923,-0.2655901610851288,0.06315213441848755,1.924368143081665,-2.5176730155944824,0.7293059825897217,-1.0561738014221191,2.3407084941864014,-2.2446792125701904,0.3221518099308014,0.1638045459985733,-0.34719327092170715,0.7177057862281799,0.3218364715576172,0.4079946279525757,0.07419751584529877,-1.042220115661621,-0.4404204487800598,-0.7918210625648499,2.0027787685394287,2.3740689754486084,-2.5622899532318115,-2.2708358764648438,-0.49587059020996094,-0.4511203169822693,0.2833392918109894,1.6996817588806152,-0.2962161898612976,0.295460045337677,0.013372402638196945,-1.1847753524780273,-0.1516064554452896,-0.2571180760860443,0.7739217281341553,-1.1486762762069702,-1.1571686267852783,-0.18963539600372314
0.862,-0.06199173629283905,0.574802577495575,-0.32044413685798645,0.445464551448822,-0.46871066093444824,0.6696525812149048,-0.18161450326442719,0.1136815994977951,-0.976776659488678,0.20000000298023224,0.20000000298023224,0.20000000298023224,0.0,0.3169172704219818,0.15924616158008575,-0.3414826989173889,0.7307999134063721,0.3170790374279022,0.4062157869338989,0.07610133290290833,-1.0468875169754028,-0.43982216715812683,-0.7851211428642273,2.0058465003967285,2.3482136726379395,-2.5754668712615967,-2.253612756729126,-0.43302738666534424,-0.36199548840522766,0.8528884649276733,1.3387839794158936,-0.5324612259864807,-0.3564506769180298,0.5922526121139526,0.12363000959157944,0.11743505299091339,1.0993963479995728,-0.12044860422611237,-2.965430736541748,-1.7537810802459717,1.9552980661392212,0.35507774353027344,0.4786313474178314,-0.46902579069137573,1.4544144868850708,-0.3184128701686859,-0.40485215187072754,1.5628894567489624,-0.690694272518158,1.6004626750946045,0.9561008214950562,0.49002256989479065,1.2929608821868896,-1.6112630367279053,-0.9916847944259644,5.159999847412109,0.4665592908859253,0.4214048683643341,-0.518958568572998,1.309907078742981,-0.24546760320663452,-0.4104098677635193,1.633288860321045,-0.7187429070472717,1.5478193759918213,0.982431948184967,0.4683212339878082,1.2736687660217285,-1.6202070713043213,-0.9398725628852844,0.19300824403762817,0.2717090845108032,-0.4861120879650116,0.226850688457489,0.21789199113845825,-0.7933395504951477,-0.2625347375869751,0.09084829688072205,1.917264461517334,-2.5248382091522217,0.6921297311782837,-1.0568225383758545,2.3267712593078613,-2.2182579040527344,0.30939429998397827,0.15243859589099884,-0.3339582681655884,0.7464649677276611,0.31152454018592834,0.4036346673965454,0.07768046855926514,-1.0483248233795166,-0.4414065182209015,-0.776792585849762,2.00679612159729,2.331273078918457,-2.591158151626587,-2.24849009513855,-0.9702796936035156,-0.8862451314926147,0.7757446765899658,1.5302780866622925,-0.5828109979629517,-0.12969087064266205,-0.20975551009178162,-0.19977575540542603,-0.30949515104293823,0.5519099831581116,0.08272575587034225,-1.1705795526504517,-1.2540733814239502,0.05551350116729736
0.882,-0.06199173629283905,0.574802577495575,-0.32044413685798645,0.6778379678726196,-0.4372277557849884,0.7756044268608093,-0.18797063827514648,0.10335507243871689,-0.976721465587616,0.20000000298023224,0.20000000298023224,0.20000000298023224,0.0,0.2975105345249176,0.1431395262479782,-0.32636433839797974,0.7535828948020935,0.31140536069869995,0.39974018931388855,0.07947278767824173,-1.0471293926239014,-0.4571918845176697,-0.7660692930221558,2.0015556812286377,2.311326503753662,-2.6059563159942627,-2.229581356048584,-1.3343039751052856,-0.897007942199707,0.7950006127357483,-0.12469665706157684,0.19703270494937897,-0.4921627938747406,0.5409560799598694,0.442935049533844,-1.449655294418335,1.3463741540908813,-0.959004819393158,-2.65946364402771,-1.690232515335083,3.1767594814300537,0.4665592908859253,0.4214048683643341,-0.518958568572998,1.309907078742981,-0.24546760320663452,-0.4104098677635193,1.633288860321045,-0.7187429070472717,1.5478193759918213,0.982431948184967,0.4683212339878082,1.2736687660217285,-1.6202070713043213,-0.9398725628852844,5.140999794006348,0.5558835864067078,0.40353912115097046,-0.5378422141075134,1.1984745264053345,-0.22548986971378326,-0.458856463432312,1.614156723022461,-0.7351499199867249,1.5186392068862915,1.0361673831939697,0.4814692437648773,1.2894455194473267,-1.6067558526992798,-0.9037509560585022,0.23547501862049103,0.28458207845687866,-0.49919623136520386,0.21431012451648712,0.1993318796157837,-0.7734279632568359,-0.2657279372215271,0.0999133437871933,1.9169995784759521,-2.5250580310821533,0.6456835269927979,-1.061248779296875,2.323747158050537,-2.196016788482666,0.2975105345249176,0.1431395262479782,-0.32636433839797974,0.7535828948020935,0.31140536069869995,0.39974018931388855,0.07947278767824173,-1.0471293926239014,-0.4571918845176697,-0.7660692930221558,2.0015556812286377,2.311326503753662,-2.6059563159942627,-2.229581356048584,-1.3343039751052856,-0.897007942199707,0.7950006127357483,-0.12469665706157684,0.19703270494937897,-0.4921627938747406,0.5409560799598694,0.442935049533844,-1.449655294418335,1.3463741540908813,-0.959004819393158,-2.65946364402771,-1.690232515335083,3.1767594814300537
0.901,-0.13529561460018158,0.5065652132034302,-0.2776251435279846,0.4909278452396393,-0.09490867704153061,0.7065076231956482,-0.1914019137620926,0.0940181165933609,-0.9769983887672424,0.20000000298023224,0.20000000298023224,0.20000000298023224,0.0,0.27303192019462585,0.12419410794973373,-0.3092325031757355,0.7532700300216675,0.3074726462364197,0.3871897757053375,0.07632944732904434,-1.0489388704299927,-0.4836958646774292,-0.738985002040863,1.986566185951233,2.3031442165374756,-2.627694845199585,-2.2237141132354736,-1.0053985118865967,-0.6935635805130005,1.068033218383789,0.08417437225580215,-0.2733442783355713,-0.7755841016769409,-0.43965017795562744,-0.7157503962516785,-0.940994918346405,1.4265042543411255,-0.7364993095397949,-0.12678778171539307,-0.7762447595596313,0.9605427980422974,0.5558835864067078,0.40353912115097046,-0.5378422141075134,1.1984745264053345,-0.22548986971378326,-0.458856463432312,1.614156723022461,-0.7351499199867249,1.5186392068862915,1.0361673831939697,0.4814692437648773,1.2894455194473267,-1.6067558526992798,-0.9037509560585022,5.120999813079834,0.6149694323539734,0.3357449173927307,-0.5225477814674377,1.1620523929595947,-0.17177842557430267,-0.40726661682128906,1.6776005029678345,-0.5977052450180054,1.5962547063827515,1.0375792980194092,0.47296586632728577,1.3160886764526367,-1.6095281839370728,-0.8788141012191772,0.27147987484931946,0.30444642901420593,-0.4863344430923462,0.19109129905700684,0.20294928550720215,-0.7631191611289978,-0.2635009288787842,0.12030681222677231,1.9147412776947021,-2.5258610248565674,0.6133548617362976,-1.0291006565093994,2.3288958072662354,-2.178661823272705,0.27303192019462585,0.12419410794973373,-0.3092325031757355,0.7532700300216675,0.3074726462364197,0.3871897757053375,0.07632944732904434,-1.0489388704299927,-0.4836958646774292,-0.738985002040863,1.986566185951233,2.3031442165374756,-2.627694845199585,-2.2237141132354736,-1.0053985118865967,-0.6935635805130005,1.068033218383789,0.08417437225580215,-0.2733442783355713,-0.7755841016769409,-0.43965017795562744,-0.7157503962516785,-0.940994918346405,1.4265042543411255,-0.7364993095397949,-0.12678778171539307,-0.7762447595596313,0.9605427980422974
0.921,-0.13529561460018158,0.5065652132034302,-0.2776251435279846,0.3018916845321655,0.10775651037693024,0.3545747697353363,-0.18978898227214813,0.0889856144785881,-0.9777840971946716,0.20000000298023224,0.20000000298023224,0.20000000298023224,0.0,0.2605910897254944,0.11242856830358505,-0.2900910973548889,0.7513457536697388,0.2989896237850189,0.3713526725769043,0.0635053962469101,-1.0620245933532715,-0.4877438247203827,-0.7172261476516724,1.96660315990448,2.292860746383667,-2.6366631984710693,-2.2038662433624268,-0.21162889897823334,-0.38376152515411377,0.7734103798866272,-0.14987152814865112,0.05459723621606827,-0.7240455746650696,-0.2046261876821518,-0.3083682954311371,0.04910500347614288,0.8362526297569275,-1.4965571165084839,-0.8041867613792419,-0.5476263761520386,0.7316084504127502,0.6149694323539734,0.3357449173927307,-0.5225477814674377,1.1620523929595947,-0.17177842557430267,-0.40726661682128906,1.6776005029678345,-0.5977052450180054,1.5962547063827515,1.0375792980194092,0.47296586632728577,1.3160886764526367,-1.6095281839370728,-0.8788141012191772,5.10099983215332,0.5679342150688171,0.271078884601593,-0.4609719514846802,1.234951376914978,-0.2100682556629181,-0.3699551224708557,1.721461296081543,-0.6327740550041199,1.6606354713439941,1.0210922956466675,0.495831161737442,1.3473111391067505,-1.608069658279419,-0.8709631562232971,0.277723491191864,0.3048061728477478,-0.4638083577156067,0.16331537067890167,0.21408586204051971,-0.7620865106582642,-0.24699345231056213,0.14146874845027924,1.9193284511566162,-2.525897979736328,0.6154152750968933,-1.0217938423156738,2.33927583694458,-2.1680216789245605,0.2589907646179199,0.10873477160930634,-0.2840803563594818,0.7487003207206726,0.3002721667289734,0.3655381500720978,0.05925149470567703,-1.0652037858963013,-0.48789694905281067,-0.7127108573913574,1.954070806503296,2.2846128940582275,-2.6393983364105225,-2.1969947814941406,-0.10134343057870865,-0.33470845222473145,0.47559523582458496,-0.40328267216682434,0.18498529493808746,-0.47000300884246826,-0.5436091423034668,-0.24428771436214447,-0.011534314602613449,0.17831522226333618,-1.072324275970459,-0.8309044241905212,-0.09603206813335419,0.5594985485076904
0.941,-0.049170538783073425,0.5015432834625244,-0.30799320340156555,0.26420724391937256,0.07805253565311432,0.02935311198234558,-0.18736650049686432,0.08380910009145737,-0.9787082672119141,0.20000000298023224,0.20000000298023224,0.20000000298023224,0.0,0.2587728798389435,0.10554452985525131,-0.28156039118766785,0.7412340641021729,0.2999325394630432,0.3624723553657532,0.05587668716907501,-1.066624402999878,-0.473008394241333,-0.7134506106376648,1.9440158605575562,2.279881238937378,-2.6412360668182373,-2.1941192150115967,0.05553204566240311,-0.3133789002895355,0.05543425306677818,-1.0330476760864258,0.18885581195354462,-0.3424265682697296,-0.12679581344127655,-0.1902705729007721,1.2418968677520752,0.0359247662127018,-1.0637608766555786,-0.2912999391555786,-0.2356332540512085,0.15894579887390137,0.5679342150688171,0.271078884601593,-0.4609719514846802,1.234951376914978,-0.2100682556629181,-0.3699551224708557,1.721461296081543,-0.6327740550041199,1.6606354713439941,1.0210922956466675,0.495831161737442,1.3473111391067505,-1.608069658279419,-0.8709631562232971,5.079999923706055,0.4554283022880554,0.2740320563316345,-0.41896629333496094,1.2910799980163574,-0.25339803099632263,-0.3821532130241394,1.6848750114440918,-0.6596136093139648,1.6456397771835327,1.017655849456787,0.5634893178939819,1.3698902130126953,-1.6139917373657227,-0.9056150913238525,0.25271880626678467,0.2941535711288452,-0.4562942385673523,0.15016570687294006,0.21660462021827698,-0.7624292969703674,-0.2282382994890213,0.1429031491279602,1.938536524772644,-2.5273969173431396,0.6304776668548584,-1.0248503684997559,2.3501105308532715,-2.1713645458221436,0.26126500964164734,0.10359710454940796,-0.2814611494541168,0.7324777841567993,0.30387189984321594,0.3597260117530823,0.05403103679418564,-1.0691139698028564,-0.46843376755714417,-0.7143693566322327,1.936525821685791,2.2770004272460938,-2.642853260040283,-2.1911892890930176,0.3882731795310974,-0.10505252331495285,-0.02086799405515194,-0.8416787981987,0.4378376007080078,-0.2623532712459564,-0.22693124413490295,-0.22248335182666779,0.26797208189964294,-0.111904077231884,-0.5342247486114502,-0.27952054142951965,-0.0911155641078949,0.2807673215866089
0.963,-0.049170538783073425,0.5015432834625244,-0.30799320340156555,0.07592523097991943,-0.051664456725120544,-0.09913670271635056,-0.18749332427978516,0.07916853576898575,-0.979070246219635,0.20000000298023224,0.20000000298023224,0.20000000298023224,0.0,0.2627589702606201,0.10213001817464828,-0.28256261348724365,0.7228038311004639,0.30384376645088196,0.35751643776893616,0.04779189079999924,-1.0718661546707153,-0.45767274498939514,-0.7151487469673157,1.9392964839935303,2.282374143600464,-2.6402671337127686,-2.1917691230773926,-0.03190770372748375,-0.13716629147529602,-0.17626510560512543,-1.5038198232650757,0.10546977818012238,-0.2360924333333969,-0.6430521607398987,0.00047346539213322103,0.3574887216091156,0.021624526008963585,0.4271797239780426,0.28415101766586304,0.2738778591156006,-0.2641599178314209,0.4554283022880554,0.2740320563316345,-0.41896629333496094,1.2910799980163574,-0.25339803099632263,-0.3821532130241394,1.6848750114440918,-0.6596136093139648,1.6456397771835327,1.017655849456787,0.5634893178939819,1.3698902130126953,-1.6139917373657227,-0.9056150913238525,5.059999942779541,0.40886443853378296,0.27816444635391235,-0.41020286083221436,1.2907811403274536,-0.25980281829833984,-0.404680073261261,1.6941678524017334,-0.6813080906867981,1.6006900072097778,1.043015480041504,0.6064450740814209,1.353264570236206,-1.61795175075531,-0.933180034160614,0.22857551276683807,0.2872260808944702,-0.4637746214866638,0.14462396502494812,0.2122322916984558,-0.7562607526779175,-0.21666985750198364,0.1459435522556305,1.9588794708251953,-2.5291364192962646,0.6379340887069702,-1.0318021774291992,2.3513712882995605,-2.179927349090576,0.2617613971233368,0.10161954164505005,-0.2843139171600342,0.7088304758071899,0.30512040853500366,0.355364590883255,0.04362557828426361,-1.072323203086853,-0.45617541670799255,-0.7148324847221375,1.9430049657821655,2.2850303649902344,-2.6394810676574707,-2.19427227973938,-0.12385081499814987,0.03719411417841911,-0.13390493392944336,-1.2031570672988892,0.10919522494077682,-0.2054542899131775,-0.27528005838394165,-0.0976838618516922,0.09265309572219849,0.04505203291773796,0.3268302083015442,0.2583223283290863,-0.03316005319356918,-0.12769845128059387
0.981,0.05762998387217522,0.4986724853515625,-0.366129070520401,-0.13570727407932281,-0.1628621369600296,-0.07656664401292801,-0.18928177654743195,0.0796828493475914,-0.9786843657493591,0.20000000298023224,0.20000000298023224,0.20000000298023224,0.0,0.2583639323711395,0.10285936295986176,-0.2849465608596802,0.698986828327179,0.3055053949356079,0.35181376338005066,0.03978801518678665,-1.0739763975143433,-0.459330677986145,-0.7106580138206482,1.9507012367248535,2.2897276878356934,-2.6386916637420654,-2.19610857963562,-0.5675549507141113,0.2097628265619278,0.03316686302423477,-1.0396064519882202,-0.058244042098522186,-0.3628407418727875,-0.4779343605041504,-0.0409851036965847,-0.5480916500091553,0.5605340600013733,1.039597749710083,0.5642083883285522,0.11474612355232239,-0.1577300876379013,0.40886443853378296,0.27816444635391235,-0.41020286083221436,1.2907811403274536,-0.25980281829833984,-0.404680073261261,1.6941678524017334,-0.6813080906867981,1.6006900072097778,1.043015480041504,0.6064450740814209,1.353264570236206,-1.61795175075531,-0.933180034160614,5.040999889373779,0.3870164752006531,0.2841804623603821,-0.4512180685997009,1.3118354082107544,-0.26347729563713074,-0.4231036305427551,1.652761459350586,-0.7157858610153198,1.5609632730484009,1.0548925399780273,0.6335052847862244,1.348738431930542,-1.6554539203643799,-0.9581708908081055,0.2110418677330017,0.2828437089920044,-0.4774464964866638,0.14335709810256958,0.2054402381181717,-0.750207245349884,-0.22113944590091705,0.13711215555667877,1.975816011428833,-2.539381504058838,0.6469259262084961,-1.0438975095748901,2.350870132446289,-2.1904563903808594,0.2583639323711395,0.10285936295986176,-0.2849465608596802,0.698986828327179,0.3055053949356079,0.35181376338005066,0.03978801518678665,-1.0739763975143433,-0.459330677986145,-0.7106580138206482,1.9507012367248535,2.2897276878356934,-2.6386916637420654,-2.19610857963562,-0.5675549507141113,0.2097628265619278,0.03316686302423477,-1.0396064519882202,-0.058244042098522186,-0.3628407418727875,-0.4779343605041504,-0.0409851036965847,-0.5480916500091553,0.5605340600013733,1.039597749710083,0.5642083883285522,0.11474612355232239,-0.1577300876379013
