timestamp_s,obs_0: base_lin_vel_x,obs_1: base_lin_vel_y,obs_2: base_lin_vel_z,obs_3: base_ang_vel_x,obs_4: base_ang_vel_y,obs_5: base_ang_vel_z,obs_6: projected_gravity_x,obs_7: projected_gravity_y,obs_8: projected_gravity_z,obs_9: pose_commands_cmd_0,obs_10: pose_commands_cmd_1,obs_11: pose_commands_cmd_2,obs_12: pose_commands_cmd_3,obs_13: joint_pos_FL_HAA,obs_14: joint_pos_FR_HAA,obs_15: joint_pos_HL_HAA,obs_16: joint_pos_HR_HAA,obs_17: joint_pos_FL_HFE,obs_18: joint_pos_FR_HFE,obs_19: joint_pos_HL_HFE,obs_20: joint_pos_HR_HFE,obs_21: joint_pos_FL_KFE,obs_22: joint_pos_FR_KFE,obs_23: joint_pos_HL_KFE,obs_24: joint_pos_HR_KFE,obs_25: joint_pos_HL_AFE,obs_26: joint_pos_HR_AFE,obs_27: joint_vel_FL_HAA,obs_28: joint_vel_FR_HAA,obs_29: joint_vel_HL_HAA,obs_30: joint_vel_HR_HAA,obs_31: joint_vel_FL_HFE,obs_32: joint_vel_FR_HFE,obs_33: joint_vel_HL_HFE,obs_34: joint_vel_HR_HFE,obs_35: joint_vel_FL_KFE,obs_36: joint_vel_FR_KFE,obs_37: joint_vel_HL_KFE,obs_38: joint_vel_HR_KFE,obs_39: joint_vel_HL_AFE,obs_40: joint_vel_HR_AFE,obs_41: actions_FL_HAA,obs_42: actions_FR_HAA,obs_43: actions_HL_HAA,obs_44: actions_HR_HAA,obs_45: actions_FL_HFE,obs_46: actions_FR_HFE,obs_47: actions_HL_HFE,obs_48: actions_HR_HFE,obs_49: actions_FL_KFE,obs_50: actions_FR_KFE,obs_51: actions_HL_KFE,obs_52: actions_HR_KFE,obs_53: actions_HL_AFE,obs_54: actions_HR_AFE,obs_55: time_remaining_s_time,action_IA_FL_HAA,action_IA_FR_HAA,action_IA_HL_HAA,action_IA_HR_HAA,action_IA_FL_HFE,action_IA_FR_HFE,action_IA_HL_HFE,action_IA_HR_HFE,action_IA_FL_KFE,action_IA_FR_KFE,action_IA_HL_KFE,action_IA_HR_KFE,action_IA_HL_AFE,action_IA_HR_AFE,target_envoyee_FL_HAA,target_envoyee_FR_HAA,target_envoyee_HL_HAA,target_envoyee_HR_HAA,target_envoyee_FL_HFE,target_envoyee_FR_HFE,target_envoyee_HL_HFE,target_envoyee_HR_HFE,target_envoyee_FL_KFE,target_envoyee_FR_KFE,target_envoyee_HL_KFE,target_envoyee_HR_KFE,target_envoyee_HL_AFE,target_envoyee_HR_AFE,position_reelle_FL_HAA,position_reelle_FR_HAA,position_reelle_HL_HAA,position_reelle_HR_HAA,position_reelle_FL_HFE,position_reelle_FR_HFE,position_reelle_HL_HFE,position_reelle_HR_HFE,position_reelle_FL_KFE,position_reelle_FR_KFE,position_reelle_HL_KFE,position_reelle_HR_KFE,position_reelle_HL_AFE,position_reelle_HR_AFE,vitesse_reelle_FL_HAA,vitesse_reelle_FR_HAA,vitesse_reelle_HL_HAA,vitesse_reelle_HR_HAA,vitesse_reelle_FL_HFE,vitesse_reelle_FR_HFE,vitesse_reelle_HL_HFE,vitesse_reelle_HR_HFE,vitesse_reelle_FL_KFE,vitesse_reelle_FR_KFE,vitesse_reelle_HL_KFE,vitesse_reelle_HR_KFE,vitesse_reelle_HL_AFE,vitesse_reelle_HR_AFE
0.021,0.0,0.0,0.0,-5.111117082410958e-15,5.76435185594879e-15,5.099480861418934e-16,9.957596905190897e-17,-1.9335356744594373e-17,-1.0,0.20000000298023224,0.0,0.0,0.0,0.0,0.0,0.0,0.0,0.41019999980926514,0.41019999980926514,-0.6980999708175659,-0.6980999708175659,-1.2716000080108643,-1.2716000080108643,1.6759999990463257,1.6759999990463257,-1.7218999862670898,-1.7218999862670898,2.011052728425472e-15,5.543711208133833e-15,7.080118436653517e-15,1.1863903448246314e-14,1.3839967786719552e-16,5.709627174809058e-15,-3.2802126764602466e-14,-3.273332736049468e-14,-6.160861615788979e-14,-6.215262645639565e-15,-1.3555723858411743e-14,-3.3205100995192804e-14,7.44384920728109e-15,1.6965322850444157e-14,0.0,0.0,0.0,0.0,0.0,0.0,0.0,0.0,0.0,0.0,0.0,0.0,0.0,0.0,6.0,0.39100849628448486,-0.1595287024974823,-0.8758519291877747,0.9478938579559326,-0.1147526204586029,0.257143497467041,0.6228396892547607,-0.36817216873168945,1.0004452466964722,0.28021401166915894,0.7977081537246704,1.0928561687469482,-0.5414401888847351,-0.9451898336410522,0.05865127593278885,-0.023929307237267494,-0.13137780129909515,0.1421840786933899,0.39298707246780396,0.44877150654792786,-0.6046739816665649,-0.7533258199691772,-1.1215331554412842,-1.2295678853988647,1.7956562042236328,1.839928388595581,-1.8031160831451416,-1.8636784553527832,0.0,0.0,0.0,0.0,0.41019999980926514,0.41019999980926514,-0.6980999708175659,-0.6980999708175659,-1.2716000080108643,-1.2716000080108643,1.6759999990463257,1.6759999990463257,-1.7218999862670898,-1.7218999862670898,-2.3479065507136035e-14,-6.4494299861057e-15,-5.8168933096669744e-15,-6.713839367404129e-15,-5.564871361705666e-15,1.6461502571219616e-14,-2.1455383517467e-14,5.79121550587096e-15,-4.213673138707408e-14,-1.0373408370083128e-14,-1.951906958817546e-14,-2.7649378012833958e-14,-2.165334776979498e-16,-1.6305031868939224e-14
0.041,0.0,0.0,0.0,1.260976085104993e-14,-4.1808275727051383e-16,-1.533705193417943e-15,8.00558433195274e-17,-5.796041979013754e-17,-1.0,0.20000000298023224,0.0,0.0,0.0,0.0,0.0,0.0,0.0,0.41019999980926514,0.41019999980926514,-0.6980999708175659,-0.6980999708175659,-1.2716000080108643,-1.2716000080108643,1.6759999990463257,1.6759999990463257,-1.7218999862670898,-1.7218999862670898,-4.5017492981784795e-15,1.044680462199566e-15,-1.5518542507414056e-15,4.369510937969612e-15,3.580415467823979e-15,1.1218680335840087e-14,1.619126348566171e-14,-1.781204070144208e-14,-4.809368710028371e-14,-1.0427750615847175e-15,-5.1554335073981244e-14,2.860337766879932e-14,1.0264149590216796e-14,-2.963664266796874e-14,0.39100849628448486,-0.1595287024974823,-0.8758519291877747,0.9478938579559326,-0.1147526204586029,0.257143497467041,0.6228396892547607,-0.36817216873168945,1.0004452466964722,0.28021401166915894,0.7977081537246704,1.0928561687469482,-0.5414401888847351,-0.9451898336410522,5.980999946594238,0.2830721139907837,-0.04189226031303406,-0.9570823907852173,0.9920440912246704,-0.2547159790992737,0.2146681547164917,0.6077702641487122,-0.41920751333236694,1.1141722202301025,0.37613987922668457,0.7834581136703491,1.1705455780029297,-0.809381365776062,-1.0976486206054688,0.08351670950651169,-0.02303435280919075,-0.23552682995796204,0.24833548069000244,0.35994353890419006,0.4694002866744995,-0.5415362119674683,-0.7996392250061035,-0.9994273781776428,-1.1857565641403198,1.8772780895233154,1.9663317203521729,-1.9001585245132446,-1.9857921600341797,0.0,0.0,0.0,0.0,0.41019999980926514,0.41019999980926514,-0.6980999708175659,-0.6980999708175659,-1.2716000080108643,-1.2716000080108643,1.6759999990463257,1.6759999990463257,-1.7218999862670898,-1.7218999862670898,-6.294278537640656e-15,-1.8161846673933266e-14,-1.6675314015897336e-14,-1.212537828389898e-14,1.3071729232350636e-14,-2.6456197957783255e-16,1.281422444012175e-14,4.1371548927578855e-14,-5.299193633272019e-14,2.0104738661093184e-14,-3.260353141978922e-14,-8.056276051002578e-14,8.492987603882056e-15,5.1960917664926887e-14
0.062,0.007684747688472271,-0.0005511791678145528,-0.36338040232658386,0.006596609950065613,0.17001697421073914,0.005069463513791561,0.0009236443438567221,8.917677405406721e-06,-0.9999995827674866,0.20000000298023224,0.0,0.0,0.0,9.972208499675617e-05,-4.496771362028085e-05,0.00010012786515289918,5.2512848924379796e-05,0.40991511940956116,0.40996965765953064,-0.7009777426719666,-0.6990699172019958,-1.271706223487854,-1.2717280387878418,1.68980073928833,1.689188838005066,-1.7389891147613525,-1.7425189018249512,0.01893347129225731,-0.021264594048261642,0.0071915690787136555,0.0035056706983596087,-0.07714421302080154,-0.0699092373251915,-0.4646562337875366,-0.2509084641933441,-0.028632301837205887,-0.03144688531756401,1.907218098640442,1.7829025983810425,-2.3101508617401123,-2.608747720718384,0.2830721139907837,-0.04189226031303406,-0.9570823907852173,0.9920440912246704,-0.2547159790992737,0.2146681547164917,0.6077702641487122,-0.41920751333236694,1.1141722202301025,0.37613987922668457,0.7834581136703491,1.1705455780029297,-0.809381365776062,-1.0976486206054688,5.960000038146973,0.219878688454628,-0.028096631169319153,-0.9514157772064209,0.9111454486846924,-0.27923861145973206,0.1725926399230957,0.624064564704895,-0.3672522008419037,1.217920184135437,0.464447021484375,0.7712172865867615,1.061535120010376,-0.9256804585456848,-1.1099433898925781,0.0914435014128685,-0.020338542759418488,-0.3075811266899109,0.3105066418647766,0.3331347107887268,0.4775291085243225,-0.49489566683769226,-0.8242653012275696,-0.8983911275863647,-1.1418426036834717,1.9325772523880005,2.0384624004364014,-1.9855329990386963,-2.0731160640716553,0.00036542912130244076,-0.0005172157543711364,9.00299710338004e-05,1.9154244000674225e-05,0.40845954418182373,0.4086046516895294,-0.7067763805389404,-0.7033711075782776,-1.2722222805023193,-1.2722795009613037,1.7089083194732666,1.707545280456543,-1.7615623474121094,-1.7673039436340332,0.03297160565853119,-0.06683661043643951,-0.006425865925848484,-0.008246678858995438,-0.20120516419410706,-0.19033557176589966,-0.6680834889411926,-0.5638874173164368,-0.06967081129550934,-0.07348747551441193,1.8981940746307373,1.8604564666748047,-2.211843967437744,-2.3806426525115967
0.082,0.007684747688472271,-0.0005511791678145528,-0.36338040232658386,0.01535045262426138,0.19374491274356842,0.006857326719909906,0.0067711928859353065,-0.00030479897395707667,-0.9999770522117615,0.20000000298023224,0.0,0.0,0.0,0.0006744028069078922,-0.0012505949707701802,2.2695536245009862e-05,-0.00010821619798662141,0.40947073698043823,0.40975669026374817,-0.7140507698059082,-0.7100107073783875,-1.2795964479446411,-1.2797220945358276,1.7276490926742554,1.726234793663025,-1.7832486629486084,-1.7901921272277832,-0.009379747323691845,-0.025446584448218346,-0.0048921965062618256,-0.011396577581763268,1.8407114744186401,1.8593194484710693,-0.6307051777839661,-0.5911295413970947,-3.8785266876220703,-3.8998918533325195,1.9676588773727417,1.972023844718933,-2.2166032791137695,-2.2989695072174072,0.219878688454628,-0.028096631169319153,-0.9514157772064209,0.9111454486846924,-0.27923861145973206,0.1725926399230957,0.624064564704895,-0.3672522008419037,1.217920184135437,0.464447021484375,0.7712172865867615,1.061535120010376,-0.9256804585456848,-1.1099433898925781,5.940000057220459,0.25954967737197876,0.039075374603271484,-0.9940832853317261,0.9127171039581299,-0.3390534520149231,0.04574062302708626,0.6125109195709229,-0.38596832752227783,1.2450560331344604,0.49537530541419983,0.7902178168296814,1.1132763624191284,-1.0059778690338135,-1.09687077999115,0.10294289886951447,-0.008375673554837704,-0.36441928148269653,0.35426223278045654,0.30539625883102417,0.4641914367675781,-0.4639803171157837,-0.844310998916626,-0.823595404624939,-1.1064635515213013,1.9741367101669312,2.096714973449707,-2.057339668273926,-2.13228178024292,0.00047478286433033645,-0.0014572469517588615,-7.112703315215185e-05,-0.0001865309022832662,0.43072083592414856,0.4312360882759094,-0.7203087210655212,-0.7161175608634949,-1.3225265741348267,-1.3229092359542847,1.7479292154312134,1.746815800666809,-1.8046549558639526,-1.8121310472488403,-0.02397792413830757,-0.02566867135465145,-0.00795251876115799,-0.009221809916198254,2.031911849975586,2.0587337017059326,-0.643080472946167,-0.6456903219223022,-4.069643020629883,-4.097519397735596,2.0476186275482178,2.098006248474121,-2.0634348392486572,-2.0991268157958984
0.1,-0.023392755538225174,-0.001583819161169231,-0.22294384241104126,0.02574213407933712,0.025620756670832634,0.02027447521686554,0.008705984801054,-0.0007456782623194158,-0.9999618530273438,0.20000000298023224,0.0,0.0,0.0,0.0001897498150356114,-0.0017674381379038095,-0.00014684790221508592,-0.0002775839529931545,0.44945892691612244,0.4502842426300049,-0.7267972230911255,-0.7227606177330017,-1.3597925901412964,-1.3604544401168823,1.7682675123214722,1.767848253250122,-1.8242814540863037,-1.8319898843765259,-0.032976169139146805,-0.03510089963674545,-0.006892666220664978,-0.008390670642256737,1.7471474409103394,1.7814128398895264,-0.647203803062439,-0.6697207689285278,-3.4534759521484375,-3.48060941696167,2.012397289276123,2.0955991744995117,-1.8825640678405762,-1.9002141952514648,0.25954967737197876,0.039075374603271484,-0.9940832853317261,0.9127171039581299,-0.3390534520149231,0.04574062302708626,0.6125109195709229,-0.38596832752227783,1.2450560331344604,0.49537530541419983,0.7902178168296814,1.1132763624191284,-1.0059778690338135,-1.09687077999115,5.921000003814697,0.2702154517173767,0.06912975013256073,-0.9906094074249268,0.9159559011459351,-0.3046348989009857,0.0352073535323143,0.6401990652084351,-0.4013156592845917,1.1600040197372437,0.47072669863700867,0.814481258392334,1.1401350498199463,-1.0254510641098022,-1.1215953826904297,0.11259234696626663,0.004506491590291262,-0.40368491411209106,0.3853769302368164,0.29114213585853577,0.4532751142978668,-0.4381863474845886,-0.860645055770874,-0.7839961647987366,-1.0853954553604126,2.0068678855895996,2.1415207386016846,-2.110525369644165,-2.1774065494537354,0.0001897498150356114,-0.0017674381379038095,-0.00014684790221508592,-0.0002775839529931545,0.44945892691612244,0.4502842426300049,-0.7267972230911255,-0.7227606177330017,-1.3597925901412964,-1.3604544401168823,1.7682675123214722,1.767848253250122,-1.8242814540863037,-1.8319898843765259,-0.032976169139146805,-0.03510089963674545,-0.006892666220664978,-0.008390670642256737,1.7471474409103394,1.7814128398895264,-0.647203803062439,-0.6697207689285278,-3.4534759521484375,-3.48060941696167,2.012397289276123,2.0955991744995117,-1.8825640678405762,-1.9002141952514648
0.122,-0.023392755538225174,-0.001583819161169231,-0.22294384241104126,0.02678145468235016,-0.0802251324057579,0.0366816483438015,0.00801450852304697,-0.0012880607973784208,-0.9999670386314392,0.20000000298023224,0.0,0.0,0.0,-0.0006394130177795887,-0.0026225936599075794,-0.0001880091876955703,-0.0003443454043008387,0.4785630702972412,0.48020225763320923,-0.7389858365058899,-0.7354395389556885,-1.4167200326919556,-1.4177956581115723,1.8059499263763428,1.8076171875,-1.857972264289856,-1.8660354614257812,-0.047135286033153534,-0.04869382455945015,0.003936497028917074,0.0028679491952061653,1.1991513967514038,1.2450509071350098,-0.560893177986145,-0.5806030631065369,-2.3265299797058105,-2.33931303024292,1.7339366674423218,1.852942943572998,-1.505624771118164,-1.5305821895599365,0.2702154517173767,0.06912975013256073,-0.9906094074249268,0.9159559011459351,-0.3046348989009857,0.0352073535323143,0.6401990652084351,-0.4013156592845917,1.1600040197372437,0.47072669863700867,0.814481258392334,1.1401350498199463,-1.0254510641098022,-1.1215953826904297,5.901000022888184,0.25432342290878296,0.07485149055719376,-0.9750105142593384,0.9111052751541138,-0.27567481994628906,0.033803217113018036,0.6346225142478943,-0.41908377408981323,1.1129897832870483,0.4710836112499237,0.829414963722229,1.1447861194610596,-1.0253288745880127,-1.1404715776443481,0.11696315556764603,0.01438226830214262,-0.4288310110569,0.406429648399353,0.28550827503204346,0.44542306661605835,-0.42096707224845886,-0.8747440576553345,-0.7633288502693176,-1.070594310760498,2.03201961517334,2.1735823154449463,-2.1477370262145996,-2.211825370788574,-0.0011371796717867255,-0.0031350343488156796,-0.00010413143172627315,-0.00026880664518103004,0.48911434412002563,0.49123722314834595,-0.7442324757575989,-0.7408266663551331,-1.4371860027313232,-1.4383301734924316,1.8221468925476074,1.8250583410263062,-1.8719385862350464,-1.8803067207336426,-0.051876384764909744,-0.05311064422130585,0.012438248842954636,0.011641496792435646,0.9413847923278809,0.9916394948959351,-0.4939269423484802,-0.5024814009666443,-1.8283283710479736,-1.8300812244415283,1.5236642360687256,1.6522830724716187,-1.3104808330535889,-1.3470969200134277
0.14,-0.08371543139219284,-0.002785465680062771,-0.02847789041697979,0.022149398922920227,-0.1295781284570694,0.05225741118192673,0.00579109787940979,-0.0017857324564829469,-0.9999816417694092,0.20000000298023224,0.0,0.0,0.0,-0.0016745022730901837,-0.0036831737961620092,7.646415178896859e-05,-9.861229773378e-05,0.4971621036529541,0.49980679154396057,-0.7487789988517761,-0.7453917860984802,-1.452930212020874,-1.4540244340896606,1.836077332496643,1.840313196182251,-1.8839396238327026,-1.8927305936813354,-0.05510363355278969,-0.056015919893980026,0.022120552137494087,0.02161329612135887,0.6973764896392822,0.7510034441947937,-0.4223948121070862,-0.4183436334133148,-1.3776788711547852,-1.367061734199524,1.2856464385986328,1.4212229251861572,-1.1132363080978394,-1.1613744497299194,0.25432342290878296,0.07485149055719376,-0.9750105142593384,0.9111052751541138,-0.27567481994628906,0.033803217113018036,0.6346225142478943,-0.41908377408981323,1.1129897832870483,0.4710836112499237,0.829414963722229,1.1447861194610596,-1.0253288745880127,-1.1404715776443481,5.88100004196167,0.2838278114795685,0.06588156521320343,-0.9791065454483032,0.9260443449020386,-0.22176460921764374,0.06548893451690674,0.6786025762557983,-0.42636188864707947,1.0365591049194336,0.43837693333625793,0.8556749820709229,1.1770098209381104,-1.0199424028396606,-1.1700090169906616,0.12444838136434555,0.01994982361793518,-0.44704771041870117,0.4234074056148529,0.289651095867157,0.44467946887016296,-0.4023165702819824,-0.8857051134109497,-0.7603263258934021,-1.0651395320892334,2.05356502532959,2.2008590698242188,-2.1729774475097656,-2.240349054336548,-0.0016745022730901837,-0.0036831737961620092,7.646415178896859e-05,-9.861229773378e-05,0.4971621036529541,0.49980679154396057,-0.7487789988517761,-0.7453917860984802,-1.452930212020874,-1.4540244340896606,1.836077332496643,1.840313196182251,-1.8839396238327026,-1.8927305936813354,-0.05510363355278969,-0.056015919893980026,0.022120552137494087,0.02161329612135887,0.6973764896392822,0.7510034441947937,-0.4223948121070862,-0.4183436334133148,-1.3776788711547852,-1.367061734199524,1.2856464385986328,1.4212229251861572,-1.1132363080978394,-1.1613744497299194
0.161,-0.08371543139219284,-0.002785465680062771,-0.02847789041697979,0.3330996036529541,-0.8015649914741516,-0.19129125773906708,-0.0015915522817522287,-0.00394119368866086,-0.9999909400939941,0.20000000298023224,0.0,0.0,0.0,-0.0024170561227947474,-0.004444007761776447,-0.005864594131708145,0.007044811267405748,0.5063385367393494,0.5108384490013123,-0.7519705891609192,-0.7569918632507324,-1.4671330451965332,-1.4713870286941528,1.8698264360427856,1.8903123140335083,-1.9436360597610474,-1.9620506763458252,-0.057799629867076874,-0.0589432418346405,-1.3160969018936157,1.4207886457443237,0.3927026391029358,0.43204253911972046,0.6557348370552063,-1.435985803604126,0.1566532701253891,-0.20339739322662354,2.7780489921569824,5.934090614318848,-6.958104133605957,-8.271504402160645,0.2838278114795685,0.06588156521320343,-0.9791065454483032,0.9260443449020386,-0.22176460921764374,0.06548893451690674,0.6786025762557983,-0.42636188864707947,1.0365591049194336,0.43837693333625793,0.8556749820709229,1.1770098209381104,-1.0199424028396606,-1.1700090169906616,5.861000061035156,0.2114393413066864,0.15901334583759308,-1.0429160594940186,0.9097394943237305,-0.10538981109857559,0.07001040130853653,0.5926865339279175,-0.3004761338233948,0.945828378200531,0.44607841968536377,0.9040496945381165,0.9633774161338806,-1.1085957288742065,-1.1656756401062012,0.11882977187633514,0.03781688213348389,-0.4693707823753357,0.4328460991382599,0.3100073039531708,0.44483721256256104,-0.40214860439300537,-0.8744949698448181,-0.771834135055542,-1.0601658821105957,2.0759029388427734,2.1879079341888428,-2.2039437294006348,-2.2596657276153564,-0.0032616029493510723,-0.005288038868457079,-0.025783834978938103,0.027990669012069702,0.5083807706832886,0.5151894092559814,-0.7388374209403992,-0.7769511938095093,-1.457095742225647,-1.4706252813339233,1.8980785608291626,1.9595366716384888,-2.0088980197906494,-2.034543752670288,-0.08775629103183746,-0.08630683273077011,-2.4598896503448486,2.598397970199585,0.053635094314813614,0.4530828297138214,1.8355318307876587,-2.3109512329101562,1.6654618978500366,0.26471251249313354,2.7904210090637207,7.380009651184082,-6.165562629699707,-6.229852676391602
0.18,-0.2713332772254944,-0.13117437064647675,0.0629618763923645,0.4510672390460968,-1.5618764162063599,-0.4264254868030548,-0.025912392884492874,-0.012185315601527691,-0.9995899200439453,0.20000000298023224,0.0,0.0,0.0,-0.0029896290507167578,-0.004968424793332815,-0.052315253764390945,0.05979561805725098,0.5079574584960938,0.5185083150863647,-0.7150997519493103,-0.7986302375793457,-1.4342807531356812,-1.4629762172698975,1.927512764930725,2.0318617820739746,-2.08020281791687,-2.0938305854797363,0.08261971175670624,0.0885937362909317,-2.643866777420044,3.567904472351074,-0.14972393214702606,0.25444501638412476,2.7777907848358154,-2.0908327102661133,2.7968063354492188,1.1186622381210327,2.7773053646087646,6.907334327697754,-7.164007663726807,-4.922477722167969,0.2114393413066864,0.15901334583759308,-1.0429160594940186,0.9097394943237305,-0.10538981109857559,0.07001040130853653,0.5926865339279175,-0.3004761338233948,0.945828378200531,0.44607841968536377,0.9040496945381165,0.9633774161338806,-1.1085957288742065,-1.1656756401062012,5.841000080108643,0.10174887627363205,0.21701931953430176,-0.9744857549667358,0.9382173418998718,0.020247269421815872,-0.04371589422225952,0.6693233251571655,-0.3294883370399475,0.895235538482666,0.6348276138305664,0.8947239518165588,0.8975382447242737,-1.1085376739501953,-1.0812221765518188,0.0984431654214859,0.059024713933467865,-0.4747323989868164,0.4437248706817627,0.34310221672058105,0.4278886616230011,-0.39053550362586975,-0.8709997534751892,-0.7874785661697388,-1.0283719301223755,2.0901408195495605,2.168966293334961,-2.2256112098693848,-2.26051926612854,-0.0029896290507167578,-0.004968424793332815,-0.052315253764390945,0.05979561805725098,0.5079574584960938,0.5185083150863647,-0.7150997519493103,-0.7986302375793457,-1.4342807531356812,-1.4629762172698975,1.927512764930725,2.0318617820739746,-2.08020281791687,-2.0938305854797363,0.08261971175670624,0.0885937362909317,-2.643866777420044,3.567904472351074,-0.14972393214702606,0.25444501638412476,2.7777907848358154,-2.0908327102661133,2.7968063354492188,1.1186622381210327,2.7773053646087646,6.907334327697754,-7.164007663726807,-4.922477722167969
0.2,-0.2713332772254944,-0.13117437064647675,0.0629618763923645,0.9271278977394104,-2.2701468467712402,-0.6116622686386108,-0.06407741457223892,-0.025391988456249237,-0.9976218342781067,0.20000000298023224,0.0,0.0,0.0,-0.0020270373206585646,-0.0037030994426459074,-0.08456182479858398,0.13396839797496796,0.49894413352012634,0.5221744775772095,-0.6458196640014648,-0.8278670907020569,-1.3547232151031494,-1.4279392957687378,1.9670878648757935,2.1477503776550293,-2.211684465408325,-2.1636106967926025,-0.23128044605255127,-0.20736470818519592,-1.3929804563522339,0.059130556881427765,-0.7292647361755371,0.2767651677131653,3.8988466262817383,0.8288783431053162,5.258261203765869,2.1351516246795654,1.9101333618164062,4.5506792068481445,-6.175609111785889,-4.762429237365723,0.10174887627363205,0.21701931953430176,-0.9744857549667358,0.9382173418998718,0.020247269421815872,-0.04371589422225952,0.6693233251571655,-0.3294883370399475,0.895235538482666,0.6348276138305664,0.8947239518165588,0.8975382447242737,-1.1085376739501953,-1.0812221765518188,5.821000099182129,-0.029843240976333618,0.2545006573200226,-0.7722914814949036,0.8958864808082581,0.11635661125183105,-0.21796046197414398,0.7683456540107727,-0.4848332405090332,0.7677707076072693,0.8327623605728149,0.9333057403564453,0.8997054696083069,-1.1237359046936035,-1.0854228734970093,0.06443372368812561,0.07949239760637283,-0.4481564164161682,0.4449903964996338,0.380685031414032,0.3898879885673523,-0.3675529956817627,-0.8918548226356506,-0.8175493478775024,-0.9764260053634644,2.1058945655822754,2.156032085418701,-2.243058204650879,-2.261746883392334,-0.0020270373206585646,-0.0037030994426459074,-0.08456182479858398,0.13396839797496796,0.49894413352012634,0.5221744775772095,-0.6458196640014648,-0.8278670907020569,-1.3547232151031494,-1.4279392957687378,1.9670878648757935,2.1477503776550293,-2.211684465408325,-2.1636106967926025,-0.23128044605255127,-0.20736470818519592,-1.3929804563522339,0.059130556881427765,-0.7292647361755371,0.2767651677131653,3.8988466262817383,0.8288783431053162,5.258261203765869,2.1351516246795654,1.9101333618164062,4.5506792068481445,-6.175609111785889,-4.762429237365723
0.22,-0.39193180203437805,-0.18837577104568481,-0.023884207010269165,0.5187912583351135,-2.3479738235473633,-0.7744554281234741,-0.11051445454359055,-0.04120969772338867,-0.9930198192596436,0.20000000298023224,0.0,0.0,0.0,-0.003982994239777327,-0.004847293253988028,-0.11187159270048141,0.11968357115983963,0.47890031337738037,0.5248264074325562,-0.574583888053894,-0.8115692734718323,-1.2354791164398193,-1.3781503438949585,2.0185341835021973,2.237290859222412,-2.3251757621765137,-2.252361297607422,0.2224908322095871,0.27189910411834717,-1.2132102251052856,-0.5456071496009827,-1.15263831615448,-0.02906673587858677,3.2094035148620605,0.5678969621658325,6.276823997497559,2.6579363346099854,3.118372917175293,4.523395538330078,-5.240024089813232,-4.007831573486328,-0.029843240976333618,0.2545006573200226,-0.7722914814949036,0.8958864808082581,0.11635661125183105,-0.21796046197414398,0.7683456540107727,-0.4848332405090332,0.7677707076072693,0.8327623605728149,0.9333057403564453,0.8997054696083069,-1.1237359046936035,-1.0854228734970093,5.801000118255615,-0.17423850297927856,0.18359071016311646,-0.7586148977279663,0.8264392018318176,0.13350516557693481,-0.27821749448776245,0.9289435148239136,-0.4116150736808777,0.7857334017753601,1.0171961784362793,0.9517791271209717,0.8060129284858704,-1.2122890949249268,-1.0784714221954346,0.018967829644680023,0.08318328112363815,-0.42750173807144165,0.435459166765213,0.4095652997493744,0.354248970746994,-0.3273755609989166,-0.8954706788063049,-0.8359044790267944,-0.9123988151550293,2.1196930408477783,2.1329243183135986,-2.268554210662842,-2.261563301086426,-0.003982994239777327,-0.004847293253988028,-0.11187159270048141,0.11968357115983963,0.47890031337738037,0.5248264074325562,-0.574583888053894,-0.8115692734718323,-1.2354791164398193,-1.3781503438949585,2.0185341835021973,2.237290859222412,-2.3251757621765137,-2.252361297607422,0.2224908322095871,0.27189910411834717,-1.2132102251052856,-0.5456071496009827,-1.15263831615448,-0.02906673587858677,3.2094035148620605,0.5678969621658325,6.276823997497559,2.6579363346099854,3.118372917175293,4.523395538330078,-5.240024089813232,-4.007831573486328
0.24,-0.39193180203437805,-0.18837577104568481,-0.023884207010269165,0.03649407625198364,-1.9720933437347412,-0.8917714953422546,-0.15289588272571564,-0.04863094910979271,-0.9870450496673584,0.20000000298023224,0.0,0.0,0.0,0.005098562687635422,0.0061751483008265495,-0.13368989527225494,0.11185814440250397,0.4561379849910736,0.5222252011299133,-0.5176714062690735,-0.804436206817627,-1.1165060997009277,-1.3283637762069702,2.086862802505493,2.322659730911255,-2.420841932296753,-2.3243324756622314,0.7777484059333801,0.8592492938041687,-0.9122238755226135,-0.19185973703861237,-1.1179382801055908,-0.190352201461792,2.5920698642730713,0.2091176062822342,5.610342025756836,2.179842948913574,3.5064291954040527,3.859464406967163,-4.377607822418213,-3.248321533203125,-0.17423850297927856,0.18359071016311646,-0.7586148977279663,0.8264392018318176,0.13350516557693481,-0.27821749448776245,0.9289435148239136,-0.4116150736808777,0.7857334017753601,1.0171961784362793,0.9517791271209717,0.8060129284858704,-1.2122890949249268,-1.0784714221954346,5.781000137329102,-0.21701864898204803,0.11416623741388321,-0.7865755558013916,0.8677964806556702,0.09233804047107697,-0.28455018997192383,1.092076301574707,-0.3847605884075165,0.8600741028785706,1.0946273803710938,1.0054056644439697,0.8354989290237427,-1.3445719480514526,-1.1326547861099243,-0.01927531696856022,0.0753532350063324,-0.4172375202178955,0.43499088287353516,0.42360642552375793,0.3283517360687256,-0.2747814357280731,-0.8939735293388367,-0.8376020193099976,-0.8559650182723999,2.1373960971832275,2.1211719512939453,-2.306243658065796,-2.2695624828338623,0.005098562687635422,0.0061751483008265495,-0.13368989527225494,0.11185814440250397,0.4561379849910736,0.5222252011299133,-0.5176714062690735,-0.804436206817627,-1.1165060997009277,-1.3283637762069702,2.086862802505493,2.322659730911255,-2.420841932296753,-2.3243324756622314,0.7777484059333801,0.8592492938041687,-0.9122238755226135,-0.19185973703861237,-1.1179382801055908,-0.190352201461792,2.5920698642730713,0.2091176062822342,5.610342025756836,2.179842948913574,3.5064291954040527,3.859464406967163,-4.377607822418213,-3.248321533203125
0.26,-0.36806821823120117,-0.20126521587371826,-0.054059285670518875,-0.28987663984298706,-1.4461215734481812,-0.9889234900474548,-0.1854189783334732,-0.049028221517801285,-0.9814357161521912,0.20000000298023224,0.0,0.0,0.0,0.024477913975715637,0.027634505182504654,-0.1501324623823166,0.11003649979829788,0.4382844865322113,0.5184598565101624,-0.4720262289047241,-0.8034641146659851,-1.0216343402862549,-1.2953053712844849,2.1561076641082764,2.389056921005249,-2.5004405975341797,-2.382692337036133,1.1684761047363281,1.2774335145950317,-0.706040620803833,0.006400569807738066,-0.7114995718002319,-0.16194914281368256,2.1999399662017822,-0.027817945927381516,4.023777008056641,1.1365926265716553,3.2128474712371826,2.7661120891571045,-3.678969383239746,-2.6916050910949707,-0.21701864898204803,0.11416623741388321,-0.7865755558013916,0.8677964806556702,0.09233804047107697,-0.28455018997192383,1.092076301574707,-0.3847605884075165,0.8600741028785706,1.0946273803710938,1.0054056644439697,0.8354989290237427,-1.3445719480514526,-1.1326547861099243,5.761000156402588,-0.23419849574565887,0.05539686977863312,-0.8321112394332886,0.9175751209259033,0.005225460976362228,-0.3075609803199768,1.2111225128173828,-0.3807346820831299,0.9523424506187439,1.1481144428253174,1.0728274583816528,0.894966721534729,-1.4921913146972656,-1.1796579360961914,-0.0486224964261055,0.061056796461343765,-0.4168829321861267,0.44212988018989563,0.4203683137893677,0.30677205324172974,-0.22010862827301025,-0.8923217058181763,-0.8249500393867493,-0.8084383606910706,2.1599013805389404,2.1218652725219727,-2.354769229888916,-2.282212495803833,0.024477913975715637,0.027634505182504654,-0.1501324623823166,0.11003649979829788,0.4382844865322113,0.5184598565101624,-0.4720262289047241,-0.8034641146659851,-1.0216343402862549,-1.2953053712844849,2.1561076641082764,2.389056921005249,-2.5004405975341797,-2.382692337036133,1.1684761047363281,1.2774335145950317,-0.706040620803833,0.006400569807738066,-0.7114995718002319,-0.16194914281368256,2.1999399662017822,-0.027817945927381516,4.023777008056641,1.1365926265716553,3.2128474712371826,2.7661120891571045,-3.678969383239746,-2.6916050910949707
0.28,-0.36806821823120117,-0.20126521587371826,-0.054059285670518875,-0.3780573606491089,-0.9808963537216187,-1.0781033039093018,-0.2080197036266327,-0.04648464173078537,-0.9770194292068481,0.20000000298023224,0.0,0.0,0.0,0.04952741786837578,0.05512767657637596,-0.16462071239948273,0.1098114401102066,0.42806586623191833,0.5159686803817749,-0.43043720722198486,-0.8070787191390991,-0.9565367102622986,-1.2836047410964966,2.2146425247192383,2.434107780456543,-2.5698161125183105,-2.431828498840332,1.305152416229248,1.4410823583602905,-0.7502769827842712,-0.03793692588806152,-0.3704032897949219,-0.09732577204704285,2.1297287940979004,-0.2621696889400482,2.6925041675567627,0.14376391470432281,2.581463098526001,1.965072751045227,-3.341822862625122,-2.5238840579986572,-0.23419849574565887,0.05539686977863312,-0.8321112394332886,0.9175751209259033,0.005225460976362228,-0.3075609803199768,1.2111225128173828,-0.3807346820831299,0.9523424506187439,1.1481144428253174,1.0728274583816528,0.894966721534729,-1.4921913146972656,-1.1796579360961914,5.741000175476074,-0.23118402063846588,0.030718106776475906,-0.8613395094871521,0.9724233746528625,-0.059786587953567505,-0.3511451482772827,1.2870627641677856,-0.3797115087509155,1.0336339473724365,1.192731499671936,1.1289258003234863,0.9562724232673645,-1.618803858757019,-1.200431227684021,-0.06871335208415985,0.04734747111797333,-0.4210189878940582,0.4553544521331787,0.4083498418331146,0.285128653049469,-0.17044661939144135,-0.8910119533538818,-0.803899884223938,-0.7684770822525024,2.184069871902466,2.1315464973449707,-2.407729148864746,-2.2941834926605225,0.04952741786837578,0.05512767657637596,-0.16462071239948273,0.1098114401102066,0.42806586623191833,0.5159686803817749,-0.43043720722198486,-0.8070787191390991,-0.9565367102622986,-1.2836047410964966,2.2146425247192383,2.434107780456543,-2.5698161125183105,-2.431828498840332,1.305152416229248,1.4410823583602905,-0.7502769827842712,-0.03793692588806152,-0.3704032897949219,-0.09732577204704285,2.1297287940979004,-0.2621696889400482,2.6925041675567627,0.14376391470432281,2.581463098526001,1.965072751045227,-3.341822862625122,-2.5238840579986572
0.3,-0.3000297546386719,-0.17537306249141693,-0.020967325195670128,-0.35663679242134094,-0.6284904479980469,-1.1451504230499268,-0.22243307530879974,-0.04438506439328194,-0.9739370942115784,0.20000000298023224,0.0,0.0,0.0,0.0756666511297226,0.08432698994874954,-0.18170052766799927,0.10754561424255371,0.4222917854785919,0.514311671257019,-0.3894202411174774,-0.8165238499641418,-0.9124628305435181,-1.2894867658615112,2.261519193649292,2.4650635719299316,-2.635744333267212,-2.476989269256592,1.2971359491348267,1.466845989227295,-0.8992063403129578,-0.20604680478572845,-0.250105082988739,-0.10035539418458939,2.079514980316162,-0.6288506984710693,1.9285500049591064,-0.5415399074554443,1.9213861227035522,1.205957293510437,-3.0428295135498047,-2.027190923690796,-0.23118402063846588,0.030718106776475906,-0.8613395094871521,0.9724233746528625,-0.059786587953567505,-0.3511451482772827,1.2870627641677856,-0.3797115087509155,1.0336339473724365,1.192731499671936,1.1289258003234863,0.9562724232673645,-1.618803858757019,-1.200431227684021,5.7210001945495605,-0.24551062285900116,0.05549018085002899,-0.892877459526062,1.060655951499939,-0.12273795902729034,-0.3973429203033447,1.3050332069396973,-0.39062759280204773,1.068986177444458,1.2095341682434082,1.1710885763168335,1.059963345527649,-1.7361286878585815,-1.2481591701507568,-0.08492594212293625,0.04146675765514374,-0.42864489555358887,0.47784650325775146,0.3904941976070404,0.26304861903190613,-0.1329876333475113,-0.8917325139045715,-0.7838619947433472,-0.7379838228225708,2.2073121070861816,2.153877019882202,-2.46239972114563,-2.309722423553467,0.0756666511297226,0.08432698994874954,-0.18170052766799927,0.10754561424255371,0.4222917854785919,0.514311671257019,-0.3894202411174774,-0.8165238499641418,-0.9124628305435181,-1.2894867658615112,2.261519193649292,2.4650635719299316,-2.635744333267212,-2.476989269256592,1.2971359491348267,1.466845989227295,-0.8992063403129578,-0.20604680478572845,-0.250105082988739,-0.10035539418458939,2.079514980316162,-0.6288506984710693,1.9285500049591064,-0.5415399074554443,1.9213861227035522,1.205957293510437,-3.0428295135498047,-2.027190923690796
0.321,-0.3000297546386719,-0.17537306249141693,-0.020967325195670128,-0.3258456587791443,-0.4017939269542694,-1.1789032220840454,-0.23138955235481262,-0.04353291168808937,-0.9718866944313049,0.20000000298023224,0.0,0.0,0.0,0.10111955553293228,0.11356828361749649,-0.2020917534828186,0.10212965309619904,0.4167006313800812,0.5114434361457825,-0.3488536477088928,-0.8325511813163757,-0.8774347305297852,-1.3044170141220093,2.2951889038085938,2.4820830821990967,-2.6956865787506104,-2.5123860836029053,1.251969575881958,1.458709955215454,-1.047006607055664,-0.3448191285133362,-0.32349905371665955,-0.2056223303079605,2.0452895164489746,-0.9217495918273926,1.6968071460723877,-0.8103961944580078,1.3808434009552002,0.5903955698013306,-2.8316941261291504,-1.5770506858825684,-0.24551062285900116,0.05549018085002899,-0.892877459526062,1.060655951499939,-0.12273795902729034,-0.3973429203033447,1.3050332069396973,-0.39062759280204773,1.068986177444458,1.2095341682434082,1.1710885763168335,1.059963345527649,-1.7361286878585815,-1.2481591701507568,5.701000213623047,-0.2808908224105835,0.06378474086523056,-0.9110369682312012,1.1016948223114014,-0.1505514532327652,-0.4519474506378174,1.3333814144134521,-0.38092783093452454,1.0949957370758057,1.2566767930984497,1.1945972442626953,1.107872724533081,-1.8265209197998047,-1.2533365488052368,-0.10158178210258484,0.03859443962574005,-0.4367069602012634,0.49974676966667175,0.37382322549819946,0.2394019216299057,-0.1025141179561615,-0.8907818794250488,-0.7659339904785156,-0.7095671892166138,2.2271080017089844,2.176694869995117,-2.514227867126465,-2.321376085281372,0.10111955553293228,0.11356828361749649,-0.2020917534828186,0.10212965309619904,0.4167006313800812,0.5114434361457825,-0.3488536477088928,-0.8325511813163757,-0.8774347305297852,-1.3044170141220093,2.2951889038085938,2.4820830821990967,-2.6956865787506104,-2.5123860836029053,1.251969575881958,1.458709955215454,-1.047006607055664,-0.3448191285133362,-0.32349905371665955,-0.2056223303079605,2.0452895164489746,-0.9217495918273926,1.6968071460723877,-0.8103961944580078,1.3808434009552002,0.5903955698013306,-2.8316941261291504,-1.5770506858825684
0.342,-0.2661020755767822,-0.13233770430088043,0.0553128607571125,-0.33288654685020447,-0.18986649811267853,-1.1605499982833862,-0.2373121678829193,-0.04296184703707695,-0.9704830050468445,0.20000000298023224,0.0,0.0,0.0,0.12589265406131744,0.14281561970710754,-0.22403182089328766,0.09493443369865417,0.40949031710624695,0.5056613683700562,-0.3109431266784668,-0.8530201315879822,-0.8460757732391357,-1.3218088150024414,2.3193371295928955,2.4874041080474854,-2.749885320663452,-2.5398108959198,1.217841625213623,1.4559078216552734,-1.0841150283813477,-0.3989981710910797,-0.4201720654964447,-0.37798547744750977,1.849074125289917,-1.1140104532241821,1.6055134534835815,-0.7937133312225342,0.885341227054596,0.0915437638759613,-2.4182934761047363,-1.2147793769836426,-0.2808908224105835,0.06378474086523056,-0.9110369682312012,1.1016948223114014,-0.1505514532327652,-0.4519474506378174,1.3333814144134521,-0.38092783093452454,1.0949957370758057,1.2566767930984497,1.1945972442626953,1.107872724533081,-1.8265209197998047,-1.2533365488052368,5.679999828338623,-0.2720872163772583,0.07758069783449173,-0.9145506024360657,1.1814744472503662,-0.16808506846427917,-0.4649202227592468,1.3708072900772095,-0.3868463337421417,1.1106244325637817,1.2517998218536377,1.2046282291412354,1.184719443321228,-1.8952295780181885,-1.2749537229537964,-0.1119203269481659,0.038653209805488586,-0.44287747144699097,0.5270439386367798,0.3595234751701355,0.22090332210063934,-0.0755687803030014,-0.8910042643547058,-0.7510401606559753,-0.6904070973396301,2.2424697875976562,2.2041943073272705,-2.5608139038085938,-2.3327763080596924,0.13818199932575226,0.15754148364067078,-0.23460739850997925,0.09131132811307907,0.4052923023700714,0.5013755559921265,-0.29355090856552124,-0.864192008972168,-0.8314208984375,-1.3300302028656006,2.328691244125366,2.4862465858459473,-2.7742719650268555,-2.5512144565582275,1.2364492416381836,1.4840450286865234,-1.0275317430496216,-0.34077784419059753,-0.3897463083267212,-0.46865156292915344,1.5917768478393555,-1.1241000890731812,1.3096789121627808,-0.8390260338783264,0.9064515829086304,-0.2742249071598053,-2.3047633171081543,-1.0760741233825684
0.36,-0.2661020755767822,-0.13233770430088043,0.0553128607571125,-0.3041311800479889,-0.1536681205034256,-1.1284295320510864,-0.2390170842409134,-0.04261632263660431,-0.9700797200202942,0.20000000298023224,0.0,0.0,0.0,0.150130957365036,0.17205333709716797,-0.24576666951179504,0.08810897916555405,0.40040308237075806,0.49622705578804016,-0.2772587239742279,-0.8761617541313171,-0.8169131278991699,-1.3378620147705078,2.3369410037994385,2.483635425567627,-2.7990713119506836,-2.561263084411621,1.156227946281433,1.4159432649612427,-1.0752131938934326,-0.39967119693756104,-0.5130994915962219,-0.5361046195030212,1.661618947982788,-1.2668697834014893,1.5320254564285278,-0.6894724369049072,0.5859145522117615,-0.27506697177886963,-2.2091026306152344,-0.8570669293403625,-0.2720872163772583,0.07758069783449173,-0.9145506024360657,1.1814744472503662,-0.16808506846427917,-0.4649202227592468,1.3708072900772095,-0.3868463337421417,1.1106244325637817,1.2517998218536377,1.2046282291412354,1.184719443321228,-1.8952295780181885,-1.2749537229537964,5.660999774932861,-0.28995567560195923,0.07170769572257996,-0.908780574798584,1.2054815292358398,-0.17929178476333618,-0.5014100074768066,1.4179095029830933,-0.38830849528312683,1.1220735311508179,1.2863816022872925,1.2048896551132202,1.200033187866211,-1.9470515251159668,-1.2587008476257324,-0.12183757871389389,0.03781340271234512,-0.44633132219314575,0.5497530102729797,0.34783267974853516,0.20248082280158997,-0.04964171350002289,-0.8913792967796326,-0.7388970851898193,-0.6718077063560486,2.2532622814178467,2.225740909576416,-2.6011974811553955,-2.3383185863494873,0.150130957365036,0.17205333709716797,-0.24576666951179504,0.08810897916555405,0.40040308237075806,0.49622705578804016,-0.2772587239742279,-0.8761617541313171,-0.8169131278991699,-1.3378620147705078,2.3369410037994385,2.483635425567627,-2.7990713119506836,-2.561263084411621,1.156227946281433,1.4159432649612427,-1.0752131938934326,-0.39967119693756104,-0.5130994915962219,-0.5361046195030212,1.661618947982788,-1.2668697834014893,1.5320254564285278,-0.6894724369049072,0.5859145522117615,-0.27506697177886963,-2.2091026306152344,-0.8570669293403625
0.381,-0.27194374799728394,-0.09289868175983429,0.08960071206092834,-0.32423946261405945,-0.08698039501905441,-1.0301486253738403,-0.24052293598651886,-0.04190436750650406,-0.9697384834289551,0.20000000298023224,0.0,0.0,0.0,0.17308776080608368,0.20028571784496307,-0.2664783298969269,0.081861712038517,0.3889119327068329,0.48361966013908386,-0.2456868439912796,-0.901768684387207,-0.7872104048728943,-1.3499298095703125,2.3484745025634766,2.4758059978485107,-2.846236228942871,-2.5775790214538574,1.1338074207305908,1.397385835647583,-0.9523629546165466,-0.25471654534339905,-0.5952308773994446,-0.7045000195503235,1.529366135597229,-1.307846188545227,1.4288406372070312,-0.48711422085762024,0.46076643466949463,-0.45400574803352356,-2.2892017364501953,-0.7354114055633545,-0.28995567560195923,0.07170769572257996,-0.908780574798584,1.2054815292358398,-0.17929178476333618,-0.5014100074768066,1.4179095029830933,-0.38830849528312683,1.1220735311508179,1.2863816022872925,1.2048896551132202,1.200033187866211,-1.9470515251159668,-1.2587008476257324,5.640999794006348,-0.2466885894536972,0.06282883137464523,-0.8845174312591553,1.2485778331756592,-0.16981153190135956,-0.5020840167999268,1.488935112953186,-0.39854925870895386,1.150002360343933,1.2842415571212769,1.1942598819732666,1.2132196426391602,-1.9787092208862305,-1.2377619743347168,-0.12228959798812866,0.03589370846748352,-0.4451095461845398,0.5721137523651123,0.34107112884521484,0.18948397040367126,-0.020838923752307892,-0.89317786693573,-0.7262076139450073,-0.6591091752052307,2.2592225074768066,2.2428016662597656,-2.6342146396636963,-2.339057207107544,0.18434569239616394,0.21415486931800842,-0.27542954683303833,0.07979833334684372,0.38333868980407715,0.47623488306999207,-0.23213760554790497,-0.9144930243492126,-0.7748356461524963,-1.3548192977905273,2.35361385345459,2.470043659210205,-2.868300199508667,-2.5847065448760986,1.1161456108093262,1.3752011060714722,-0.8418605923652649,-0.17316687107086182,-0.5186570882797241,-0.7643735408782959,1.1813551187515259,-1.2482271194458008,1.0760257244110107,-0.4883806109428406,0.5223076343536377,-0.6624184250831604,-2.0704257488250732,-0.69674152135849
0.4,-0.27194374799728394,-0.09289868175983429,0.08960071206092834,-0.32486921548843384,-0.04753594473004341,-0.9094991683959961,-0.24105902016162872,-0.04025925695896149,-0.9696750640869141,0.20000000298023224,0.0,0.0,0.0,0.19527485966682434,0.22765134274959564,-0.2838839888572693,0.07830599695444107,0.37739819288253784,0.4682449996471405,-0.21842898428440094,-0.9280068874359131,-0.7625689506530762,-1.3584188222885132,2.356980562210083,2.464686155319214,-2.892040252685547,-2.590585708618164,1.0811152458190918,1.3330507278442383,-0.7848532199859619,-0.12217557430267334,-0.5734761953353882,-0.828885555267334,1.3147517442703247,-1.3538429737091064,1.1512912511825562,-0.29442790150642395,0.27190396189689636,-0.5401515960693359,-2.196187734603882,-0.5646562576293945,-0.2466885894536972,0.06282883137464523,-0.8845174312591553,1.2485778331756592,-0.16981153190135956,-0.5020840167999268,1.488935112953186,-0.39854925870895386,1.150002360343933,1.2842415571212769,1.1942598819732666,1.2132196426391602,-1.9787092208862305,-1.2377619743347168,5.620999813079834,-0.20290066301822662,0.031634844839572906,-0.8566767573356628,1.263680338859558,-0.17170123755931854,-0.5082284808158875,1.5652143955230713,-0.40801626443862915,1.1826059818267822,1.2940481901168823,1.1869755983352661,1.2024126052856445,-2.008833885192871,-1.197792887687683,-0.11603781580924988,0.02987082116305828,-0.4400781989097595,0.5900316834449768,0.33605459332466125,0.17946451902389526,0.010764922015368938,-0.8958569169044495,-0.7124344110488892,-0.6487492322921753,2.2623021602630615,2.2531232833862305,-2.6618454456329346,-2.3335790634155273,0.19527485966682434,0.22765134274959564,-0.2838839888572693,0.07830599695444107,0.37739819288253784,0.4682449996471405,-0.21842898428440094,-0.9280068874359131,-0.7625689506530762,-1.3584188222885132,2.356980562210083,2.464686155319214,-2.892040252685547,-2.590585708618164,1.0811152458190918,1.3330507278442383,-0.7848532199859619,-0.12217557430267334,-0.5734761953353882,-0.828885555267334,1.3147517442703247,-1.3538429737091064,1.1512912511825562,-0.29442790150642395,0.27190396189689636,-0.5401515960693359,-2.196187734603882,-0.5646562576293945
0.423,-0.29032665491104126,-0.06578517705202103,0.11850494146347046,-0.261868417263031,-0.0038928270805627108,-0.7341426610946655,-0.24108614027500153,-0.03800048306584358,-0.969759464263916,0.20000000298023224,0.0,0.0,0.0,0.21576841175556183,0.25300469994544983,-0.2979000508785248,0.07714532315731049,0.3655101954936981,0.45078516006469727,-0.19535188376903534,-0.9549326300621033,-0.7419941425323486,-1.363280177116394,2.3622334003448486,2.4530091285705566,-2.936204433441162,-2.6007132530212402,0.9720228910446167,1.2052866220474243,-0.6278702020645142,-0.012886748649179935,-0.6087331175804138,-0.9124988913536072,1.1179277896881104,-1.3821128606796265,0.9627305269241333,-0.14836011826992035,0.14175008237361908,-0.5412139892578125,-2.1988534927368164,-0.43051838874816895,-0.20290066301822662,0.031634844839572906,-0.8566767573356628,1.263680338859558,-0.17170123755931854,-0.5082284808158875,1.5652143955230713,-0.40801626443862915,1.1826059818267822,1.2940481901168823,1.1869755983352661,1.2024126052856445,-2.008833885192871,-1.197792887687683,5.598999977111816,-0.1200958639383316,0.010003404691815376,-0.8140150308609009,1.2833374738693237,-0.15842492878437042,-0.503121018409729,1.6550788879394531,-0.41748371720314026,1.2238621711730957,1.2875219583511353,1.1703277826309204,1.1888948678970337,-2.0241968631744385,-1.1518068313598633,-0.09924084693193436,0.022410085424780846,-0.43015700578689575,0.6055228114128113,0.3345344662666321,0.1732170134782791,0.04636729136109352,-0.899152398109436,-0.6966047286987305,-0.6424762010574341,2.261960744857788,2.2583205699920654,-2.6834912300109863,-2.3228464126586914,0.22504226863384247,0.2645505964756012,-0.30366674065589905,0.07724186033010483,0.3596339523792267,0.44160887598991394,-0.1860034167766571,-0.9682352542877197,-0.7338283061981201,-1.3649911880493164,2.3639533519744873,2.4470603466033936,-2.957085371017456,-2.6052117347717285,0.8871231079101562,1.1093065738677979,-0.5340451002120972,0.021379953250288963,-0.5612350702285767,-0.920160710811615,0.7720471620559692,-1.2913858890533447,0.6873164772987366,-0.18778809905052185,0.1809724122285843,-0.6278917193412781,-1.968492031097412,-0.4695488512516022
0.44,-0.29032665491104126,-0.06578517705202103,0.11850494146347046,-0.21281933784484863,-0.0161298755556345,-0.6403264403343201,-0.2407960593700409,-0.03702589496970177,-0.9698692560195923,0.20000000298023224,0.0,0.0,0.0,0.23354472219944,0.2752048075199127,-0.3086192309856415,0.07766091078519821,0.3535366356372833,0.43223291635513306,-0.17834217846393585,-0.9812642335891724,-0.7265934944152832,-1.3663825988769531,2.364973306655884,2.4410531520843506,-2.9771459102630615,-2.6095030307769775,0.8325992226600647,1.042396903038025,-0.4745469391345978,0.05817753076553345,-0.630500316619873,-0.9591293931007385,0.8885390758514404,-1.357107400894165,0.7738199830055237,-0.03819619491696358,-0.08087688684463501,-0.5063543319702148,-2.0792338848114014,-0.37086308002471924,-0.1200958639383316,0.010003404691815376,-0.8140150308609009,1.2833374738693237,-0.15842492878437042,-0.503121018409729,1.6550788879394531,-0.41748371720314026,1.2238621711730957,1.2875219583511353,1.1703277826309204,1.1888948678970337,-2.0241968631744385,-1.1518068313598633,5.580999851226807,-0.06404556334018707,-0.023431623354554176,-0.7733442187309265,1.293151617050171,-0.15400640666484833,-0.511803388595581,1.7299301624298096,-0.43306615948677063,1.2582234144210815,1.296582818031311,1.1608399152755737,1.1690425872802734,-2.039907693862915,-1.1047170162200928,-0.07907542586326599,0.012172316201031208,-0.4171115458011627,0.6178387403488159,0.3341331481933594,0.16754139959812164,0.0825166404247284,-0.9037966132164001,-0.6803697943687439,-0.636725902557373,2.260298490524292,2.2589807510375977,-2.7009999752044678,-2.30826997756958,0.23354472219944,0.2752048075199127,-0.3086192309856415,0.07766091078519821,0.3535366356372833,0.43223291635513306,-0.17834217846393585,-0.9812642335891724,-0.7265934944152832,-1.3663825988769531,2.364973306655884,2.4410531520843506,-2.9771459102630615,-2.6095030307769775,0.8325992226600647,1.042396903038025,-0.4745469391345978,0.05817753076553345,-0.630500316619873,-0.9591293931007385,0.8885390758514404,-1.357107400894165,0.7738199830055237,-0.03819619491696358,-0.08087688684463501,-0.5063543319702148,-2.0792338848114014,-0.37086308002471924
0.462,-0.3147498369216919,-0.035774920135736465,0.16055327653884888,-0.5687046051025391,-0.23561382293701172,-0.47095006704330444,-0.2420661598443985,-0.033176250755786896,-0.9696924090385437,0.20000000298023224,0.0,0.0,0.0,0.24970048666000366,0.2951352596282959,-0.3151001036167145,0.08101905137300491,0.3401854336261749,0.41063547134399414,-0.16213396191596985,-1.0067715644836426,-0.7116221785545349,-1.3608603477478027,2.362980604171753,2.430391550064087,-3.0193374156951904,-2.6162898540496826,0.8579074144363403,1.0806505680084229,-0.05967094749212265,0.4387783706188202,-0.6975018978118896,-1.3560782670974731,0.9848659038543701,-1.1239880323410034,0.8263096809387207,1.0797533988952637,-0.053895846009254456,-0.5568646192550659,-2.306584596633911,-0.26278576254844666,-0.06404556334018707,-0.023431623354554176,-0.7733442187309265,1.293151617050171,-0.15400640666484833,-0.511803388595581,1.7299301624298096,-0.43306615948677063,1.2582234144210815,1.296582818031311,1.1608399152755737,1.1690425872802734,-2.039907693862915,-1.1047170162200928,5.560999870300293,0.06458314508199692,-0.10799165070056915,-0.6934576630592346,1.3352060317993164,-0.11292015016078949,-0.40981149673461914,1.841147541999817,-0.4801062345504761,1.3050578832626343,1.2266395092010498,1.1394479274749756,1.0906339883804321,-2.0303027629852295,-1.0510538816452026,-0.04566532373428345,-0.007678127847611904,-0.39599674940109253,0.6327680349349976,0.340015172958374,0.17886725068092346,0.12450379133224487,-0.914103627204895,-0.661980152130127,-0.6431922316551208,2.2559261322021484,2.2476816177368164,-2.711815357208252,-2.2900171279907227,0.25785353779792786,0.3061017096042633,-0.31412023305892944,0.08695603907108307,0.3336884379386902,0.39492103457450867,-0.15234482288360596,-1.0167326927185059,-0.7043653726577759,-1.343953013420105,2.363978624343872,2.424509286880493,-3.0424816608428955,-2.618596076965332,0.7604036927223206,1.0944677591323853,0.21512795984745026,0.7014118432998657,-0.6085744500160217,-1.7324014902114868,0.9538298845291138,-0.9014018177986145,0.6351796984672546,2.1566591262817383,0.21684211492538452,-0.5995175838470459,-2.2939302921295166,-0.20783060789108276
0.48,-0.3147498369216919,-0.035774920135736465,0.16055327653884888,-0.95326828956604,-0.5058171153068542,-0.2928018271923065,-0.24925413727760315,-0.01963990367949009,-0.9682389497756958,0.20000000298023224,0.0,0.0,0.0,0.2668021023273468,0.31776246428489685,-0.309921532869339,0.09591073542833328,0.3266051709651947,0.3754088878631592,-0.14166556298732758,-1.0248972177505493,-0.6953117847442627,-1.3164421319961548,2.366300344467163,2.418145179748535,-3.0666706562042236,-2.6197197437286377,0.9094914793968201,1.207128643989563,0.5573921799659729,1.0361535549163818,-0.7329655289649963,-2.129934072494507,1.177973747253418,-0.776011049747467,0.8968611359596252,3.2383017539978027,0.20290908217430115,-0.6262485384941101,-2.512437105178833,-0.03162403032183647,0.06458314508199692,-0.10799165070056915,-0.6934576630592346,1.3352060317993164,-0.11292015016078949,-0.40981149673461914,1.841147541999817,-0.4801062345504761,1.3050578832626343,1.2266395092010498,1.1394479274749756,1.0906339883804321,-2.0303027629852295,-1.0510538816452026,5.540999889373779,0.19568611681461334,-0.25839921832084656,-0.5919721722602844,1.3835495710372925,-0.11394011974334717,-0.24371017515659332,1.9882444143295288,-0.5396145582199097,1.3692152500152588,1.118429183959961,1.122326374053955,0.9653112292289734,-2.0364768505096436,-0.9866980314254761,-0.0026128068566322327,-0.04413457214832306,-0.36599355936050415,0.6504700779914856,0.3439795970916748,0.21171054244041443,0.17595931887626648,-0.9302447438240051,-0.6394838094711304,-0.6639502048492432,2.2502973079681396,2.2209739685058594,-2.7203123569488525,-2.2675867080688477,0.2668021023273468,0.31776246428489685,-0.309921532869339,0.09591073542833328,0.3266051709651947,0.3754088878631592,-0.14166556298732758,-1.0248972177505493,-0.6953117847442627,-1.3164421319961548,2.366300344467163,2.418145179748535,-3.0666706562042236,-2.6197197437286377,0.9094914793968201,1.207128643989563,0.5573921799659729,1.0361535549163818,-0.7329655289649963,-2.129934072494507,1.177973747253418,-0.776011049747467,0.8968611359596252,3.2383017539978027,0.20290908217430115,-0.6262485384941101,-2.512437105178833,-0.03162403032183647
0.5,-0.36624962091445923,0.015781473368406296,0.3086331784725189,-1.0780389308929443,-0.7029781937599182,-0.14854519069194794,-0.2610141336917877,-0.0007002487545832992,-0.9653347134590149,0.20000000298023224,0.0,0.0,0.0,0.2811972200870514,0.3402559161186218,-0.29543551802635193,0.11893914639949799,0.3134353756904602,0.32665884494781494,-0.11672195792198181,-1.0395333766937256,-0.6802332401275635,-1.2338227033615112,2.3704137802124023,2.40767240524292,-3.1179072856903076,-2.616610527038574,0.6393665671348572,1.0909465551376343,0.8868423700332642,1.2793868780136108,-0.6885902881622314,-2.7315731048583984,1.4159969091415405,-0.7291949391365051,0.7601495981216431,4.936258316040039,0.05564450845122337,-0.4192619025707245,-2.702493906021118,0.34148046374320984,0.19568611681461334,-0.25839921832084656,-0.5919721722602844,1.3835495710372925,-0.11394011974334717,-0.24371017515659332,1.9882444143295288,-0.5396145582199097,1.3692152500152588,1.118429183959961,1.122326374053955,0.9653112292289734,-2.0364768505096436,-0.9866980314254761,5.520999908447266,0.3771018385887146,-0.35536545515060425,-0.4805818200111389,1.4562908411026,-0.13710668683052063,-0.08886882662773132,2.1558644771575928,-0.5919013023376465,1.4247360229492188,0.982757568359375,1.1191504001617432,0.8864521384239197,-2.062382459640503,-0.9408003687858582,0.054736312478780746,-0.08419901877641678,-0.32828277349472046,0.6737726926803589,0.34327971935272217,0.2579270601272583,0.23712120950222015,-0.9493865370750427,-0.6154083013534546,-0.6988314986228943,2.245880603790283,2.1904497146606445,-2.7301461696624756,-2.2450008392333984,0.2811972200870514,0.3402559161186218,-0.29543551802635193,0.11893914639949799,0.3134353756904602,0.32665884494781494,-0.11672195792198181,-1.0395333766937256,-0.6802332401275635,-1.2338227033615112,2.3704137802124023,2.40767240524292,-3.1179072856903076,-2.616610527038574,0.6393665671348572,1.0909465551376343,0.8868423700332642,1.2793868780136108,-0.6885902881622314,-2.7315731048583984,1.4159969091415405,-0.7291949391365051,0.7601495981216431,4.936258316040039,0.05564450845122337,-0.4192619025707245,-2.702493906021118,0.34148046374320984
0.521,-0.36624962091445923,0.015781473368406296,0.3086331784725189,-0.5135540962219238,-0.5437934994697571,0.04200969636440277,-0.27204763889312744,0.013194716535508633,-0.9621933102607727,0.20000000298023224,0.0,0.0,0.0,0.2833780348300934,0.3540281355381012,-0.27482759952545166,0.14140383899211884,0.29687947034835815,0.2684001624584198,-0.11993569880723953,-1.0532152652740479,-0.6662759184837341,-1.1290634870529175,2.3868439197540283,2.398930788040161,-3.1403555870056152,-2.607027769088745,-0.47835028171539307,0.3531249463558197,0.9462234973907471,0.8919188380241394,-0.9971064925193787,-2.9833996295928955,-1.4604167938232422,-0.6521283984184265,0.6109057664871216,5.307002544403076,1.4236453771591187,-0.5117002725601196,0.06861500442028046,0.6195693612098694,0.3771018385887146,-0.35536545515060425,-0.4805818200111389,1.4562908411026,-0.13710668683052063,-0.08886882662773132,2.1558644771575928,-0.5919013023376465,1.4247360229492188,0.982757568359375,1.1191504001617432,0.8864521384239197,-2.062382459640503,-0.9408003687858582,5.500999927520752,0.4708976745605469,-0.4549069106578827,-0.4299427270889282,1.4677643775939941,-0.23083598911762238,-0.07296286523342133,2.333122730255127,-0.5901307463645935,1.455893635749817,0.9586825370788574,1.104230284690857,0.887780487537384,-2.103971481323242,-0.9508364796638489,0.10895007848739624,-0.12717534601688385,-0.29428935050964355,0.6918055415153503,0.32873040437698364,0.292664498090744,0.30652326345443726,-0.962520182132721,-0.5938817858695984,-0.7268596887588501,2.240550994873047,2.1692819595336914,-2.7432680130004883,-2.230696201324463,0.2833780348300934,0.3540281355381012,-0.27482759952545166,0.14140383899211884,0.29687947034835815,0.2684001624584198,-0.11993569880723953,-1.0532152652740479,-0.6662759184837341,-1.1290634870529175,2.3868439197540283,2.398930788040161,-3.1403555870056152,-2.607027769088745,-0.47835028171539307,0.3531249463558197,0.9462234973907471,0.8919188380241394,-0.9971064925193787,-2.9833996295928955,-1.4604167938232422,-0.6521283984184265,0.6109057664871216,5.307002544403076,1.4236453771591187,-0.5117002725601196,0.06861500442028046,0.6195693612098694
0.54,-0.2702794671058655,0.05441220849752426,0.30978935956954956,-0.16760671138763428,-0.37941068410873413,0.08549539744853973,-0.28129926323890686,0.020384682342410088,-0.9594035744667053,0.20000000298023224,0.0,0.0,0.0,0.2693268060684204,0.35658636689186096,-0.25529390573501587,0.1571197658777237,0.27919691801071167,0.21078534424304962,-0.1409010887145996,-1.0661799907684326,-0.6556335091590881,-1.024255633354187,2.395519495010376,2.3920021057128906,-3.1401522159576416,-2.5933384895324707,-0.7961592078208923,-0.49373307824134827,0.9101681113243103,0.6432422995567322,-1.0208580493927002,-2.668811082839966,-0.9587156772613525,-0.6647030115127563,0.7315741181373596,4.9275946617126465,-0.18572700023651123,-0.29732516407966614,0.0015138414455577731,0.7318277359008789,0.4708976745605469,-0.4549069106578827,-0.4299427270889282,1.4677643775939941,-0.23083598911762238,-0.07296286523342133,2.333122730255127,-0.5901307463645935,1.455893635749817,0.9586825370788574,1.104230284690857,0.887780487537384,-2.103971481323242,-0.9508364796638489,5.480999946594238,0.5481168627738953,-0.4091806709766388,-0.42046576738357544,1.4960203170776367,-0.24312333762645721,-0.07563751935958862,2.2751121520996094,-0.627427339553833,1.5163673162460327,0.9194049835205078,1.1168495416641235,0.9477195143699646,-2.117785692214966,-0.955206036567688,0.15848258137702942,-0.150399848818779,-0.26907241344451904,0.7086669206619263,0.31670278310775757,0.31657952070236206,0.3464031219482422,-0.9773082137107849,-0.5697421431541443,-0.7523710131645203,2.238713264465332,2.1634552478790283,-2.7545254230499268,-2.2213382720947266,0.2693268060684204,0.35658636689186096,-0.25529390573501587,0.1571197658777237,0.27919691801071167,0.21078534424304962,-0.1409010887145996,-1.0661799907684326,-0.6556335091590881,-1.024255633354187,2.395519495010376,2.3920021057128906,-3.1401522159576416,-2.5933384895324707,-0.7961592078208923,-0.49373307824134827,0.9101681113243103,0.6432422995567322,-1.0208580493927002,-2.668811082839966,-0.9587156772613525,-0.6647030115127563,0.7315741181373596,4.9275946617126465,-0.18572700023651123,-0.29732516407966614,0.0015138414455577731,0.7318277359008789
0.56,-0.2702794671058655,0.05441220849752426,0.30978935956954956,-0.0650613009929657,-0.1426510065793991,0.1295882910490036,-0.28610965609550476,0.022629180923104286,-0.9579296112060547,0.20000000298023224,0.0,0.0,0.0,0.2523420453071594,0.3348635137081146,-0.23886410892009735,0.1669384241104126,0.25982582569122314,0.16484130918979645,-0.15705788135528564,-1.0794776678085327,-0.6419320106506348,-0.9445189237594604,2.379185676574707,2.387395143508911,-3.140146255493164,-2.5787911415100098,-0.5780594944953918,-1.888039231300354,0.8584333658218384,0.4758478105068207,-1.0601880550384521,-1.6436989307403564,-0.746823251247406,-0.6485387682914734,0.9078560471534729,2.9959397315979004,-1.2481530904769897,-0.24283160269260406,0.001123039168305695,0.7502291798591614,0.5481168627738953,-0.4091806709766388,-0.42046576738357544,1.4960203170776367,-0.24312333762645721,-0.07563751935958862,2.2751121520996094,-0.627427339553833,1.5163673162460327,0.9194049835205078,1.1168495416641235,0.9477195143699646,-2.117785692214966,-0.955206036567688,5.460999965667725,0.643747091293335,-0.3188459277153015,-0.42460936307907104,1.4530019760131836,-0.23178905248641968,-0.08664961159229279,2.1813700199127197,-0.6183069348335266,1.6266244649887085,0.8744857907295227,1.0890792608261108,1.0069330930709839,-2.1007840633392334,-0.9629045128822327,0.20749986171722412,-0.15310677886009216,-0.25204211473464966,0.7140171527862549,0.30998361110687256,0.3316682279109955,0.36025768518447876,-0.986291766166687,-0.536305844783783,-0.7769668698310852,2.2332611083984375,2.1682586669921875,-2.7598555088043213,-2.2159423828125,0.2523420453071594,0.3348635137081146,-0.23886410892009735,0.1669384241104126,0.25982582569122314,0.16484130918979645,-0.15705788135528564,-1.0794776678085327,-0.6419320106506348,-0.9445189237594604,2.379185676574707,2.387395143508911,-3.140146255493164,-2.5787911415100098,-0.5780594944953918,-1.888039231300354,0.8584333658218384,0.4758478105068207,-1.0601880550384521,-1.6436989307403564,-0.746823251247406,-0.6485387682914734,0.9078560471534729,2.9959397315979004,-1.2481530904769897,-0.24283160269260406,0.001123039168305695,0.7502291798591614
0.58,-0.0801025927066803,0.040069423615932465,0.22157259285449982,-0.24817028641700745,0.08733227103948593,0.15835995972156525,-0.286380410194397,0.026200678199529648,-0.9577577114105225,0.20000000298023224,0.0,0.0,0.0,0.24543295800685883,0.2883579432964325,-0.2202576845884323,0.17727334797382355,0.2411169707775116,0.14374588429927826,-0.16958604753017426,-1.0910676717758179,-0.6259948015213013,-0.9056902527809143,2.3479952812194824,2.3819663524627686,-3.140131711959839,-2.5642104148864746,0.18230348825454712,-2.8644394874572754,1.0902049541473389,0.6509182453155518,-1.0130829811096191,-0.366499125957489,-0.5897395014762878,-0.5688706636428833,1.1612837314605713,1.0836749076843262,-1.7283310890197754,-0.30943384766578674,0.0014292658306658268,0.7826100587844849,0.643747091293335,-0.3188459277153015,-0.42460936307907104,1.4530019760131836,-0.23178905248641968,-0.08664961159229279,2.1813700199127197,-0.6183069348335266,1.6266244649887085,0.8744857907295227,1.0890792608261108,1.0069330930709839,-2.1007840633392334,-0.9629045128822327,5.440999984741211,0.6490542888641357,-0.16077148914337158,-0.49943721294403076,1.4294111728668213,-0.28325510025024414,-0.09115850925445557,1.9902673959732056,-0.6264828443527222,1.7232547998428345,0.7937308549880981,1.0247048139572144,1.1491436958312988,-2.099050760269165,-1.0569390058517456,0.24260804057121277,-0.131290465593338,-0.25134506821632385,0.7142236828804016,0.29756027460098267,0.3415539860725403,0.3412904739379883,-0.9938066601753235,-0.4984058737754822,-0.8062971830368042,2.2197885513305664,2.1929526329040527,-2.763326406478882,-2.2262704372406006,0.24543295800685883,0.2883579432964325,-0.2202576845884323,0.17727334797382355,0.2411169707775116,0.14374588429927826,-0.16958604753017426,-1.0910676717758179,-0.6259948015213013,-0.9056902527809143,2.3479952812194824,2.3819663524627686,-3.140131711959839,-2.5642104148864746,0.18230348825454712,-2.8644394874572754,1.0902049541473389,0.6509182453155518,-1.0130829811096191,-0.366499125957489,-0.5897395014762878,-0.5688706636428833,1.1612837314605713,1.0836749076843262,-1.7283310890197754,-0.30943384766578674,0.0014292658306658268,0.7826100587844849
0.6,-0.0801025927066803,0.040069423615932465,0.22157259285449982,-0.3931339681148529,0.18342609703540802,0.11020077764987946,-0.28329703211784363,0.03380180150270462,-0.9584363698959351,0.20000000298023224,0.0,0.0,0.0,0.2550252377986908,0.2300334870815277,-0.19553185999393463,0.1936885416507721,0.22200632095336914,0.14655740559101105,-0.17911681532859802,-1.1018192768096924,-0.6061086058616638,-0.8978254199028015,2.311873435974121,2.376250982284546,-3.1401116847991943,-2.5489935874938965,0.610521137714386,-3.0563316345214844,1.3035954236984253,0.8873898386955261,-0.9113799929618835,0.6315584182739258,-0.35008636116981506,-0.5296375751495361,0.9228871464729309,0.1126255989074707,-1.821410059928894,-0.2388068586587906,0.0007902379147708416,0.7454573512077332,0.6490542888641357,-0.16077148914337158,-0.49943721294403076,1.4294111728668213,-0.28325510025024414,-0.09115850925445557,1.9902673959732056,-0.6264828443527222,1.7232547998428345,0.7937308549880981,1.0247048139572144,1.1491436958312988,-2.099050760269165,-1.0569390058517456,5.421000003814697,0.6275472640991211,-0.03329719603061676,-0.5517607927322388,1.4117567539215088,-0.28922128677368164,-0.11326996982097626,1.8719308376312256,-0.6079965829849243,1.788234829902649,0.790228009223938,0.9755257964134216,1.2295328378677368,-2.0896785259246826,-1.1102954149246216,0.2639577388763428,-0.0968979001045227,-0.25870567560195923,0.7117201089859009,0.2879689931869507,0.34515729546546936,0.3102629780769348,-0.9962941408157349,-0.4621288776397705,-0.827353835105896,2.2029807567596436,2.222296714782715,-2.764350414276123,-2.2415037155151367,0.2550252377986908,0.2300334870815277,-0.19553185999393463,0.1936885416507721,0.22200632095336914,0.14655740559101105,-0.17911681532859802,-1.1018192768096924,-0.6061086058616638,-0.8978254199028015,2.311873435974121,2.376250982284546,-3.1401116847991943,-2.5489935874938965,0.610521137714386,-3.0563316345214844,1.3035954236984253,0.8873898386955261,-0.9113799929618835,0.6315584182739258,-0.35008636116981506,-0.5296375751495361,0.9228871464729309,0.1126255989074707,-1.821410059928894,-0.2388068586587906,0.0007902379147708416,0.7454573512077332
0.62,0.05842906981706619,-0.020145246759057045,0.13662664592266083,-0.4528641402721405,0.179487943649292,-0.014029944315552711,-0.2798011004924774,0.042253460735082626,-0.9591277241706848,0.20000000298023224,0.0,0.0,0.0,0.2699733376502991,0.17332673072814941,-0.1689969152212143,0.21397416293621063,0.2075669914484024,0.16523799300193787,-0.18181711435317993,-1.111607313156128,-0.5909161567687988,-0.9001597166061401,2.2761776447296143,2.3737401962280273,-3.1400930881500244,-2.5366439819335938,0.8284539580345154,-2.708200693130493,1.3069831132888794,1.006505012512207,-0.6938665509223938,1.2847801446914673,0.06284677982330322,-0.45110785961151123,0.8939351439476013,-0.18888303637504578,-1.7200995683670044,-0.06631076335906982,-0.0007323412573896348,0.5245476365089417,0.6275472640991211,-0.03329719603061676,-0.5517607927322388,1.4117567539215088,-0.28922128677368164,-0.11326996982097626,1.8719308376312256,-0.6079965829849243,1.788234829902649,0.790228009223938,0.9755257964134216,1.2295328378677368,-2.0896785259246826,-1.1102954149246216,5.401000022888184,0.5113004446029663,0.055422086268663406,-0.6221475005149841,1.4042366743087769,-0.31273066997528076,-0.1796065866947174,1.7321704626083374,-0.6162573099136353,1.77532160282135,0.855523943901062,0.9667450189590454,1.3087388277053833,-2.112929105758667,-1.1586369276046753,0.26146548986434937,-0.05951521545648575,-0.27441608905792236,0.7088395953178406,0.2777286767959595,0.3377291262149811,0.26757967472076416,-0.999274492263794,-0.4386719763278961,-0.8322991132736206,2.1898982524871826,2.254718542098999,-2.7685546875,-2.25941801071167,0.2699733376502991,0.17332673072814941,-0.1689969152212143,0.21397416293621063,0.2075669914484024,0.16523799300193787,-0.18181711435317993,-1.111607313156128,-0.5909161567687988,-0.9001597166061401,2.2761776447296143,2.3737401962280273,-3.1400930881500244,-2.5366439819335938,0.8284539580345154,-2.708200693130493,1.3069831132888794,1.006505012512207,-0.6938665509223938,1.2847801446914673,0.06284677982330322,-0.45110785961151123,0.8939351439476013,-0.18888303637504578,-1.7200995683670044,-0.06631076335906982,-0.0007323412573896348,0.5245476365089417
0.64,0.05842906981706619,-0.020145246759057045,0.13662664592266083,-0.5031445622444153,0.1661800742149353,-0.14256542921066284,-0.2766313850879669,0.050920017063617706,-0.9596260786056519,0.20000000298023224,0.0,0.0,0.0,0.28956061601638794,0.13018818199634552,-0.14247816801071167,0.23648479580879211,0.1927582025527954,0.190660297870636,-0.17774875462055206,-1.120235800743103,-0.567693293094635,-0.9043753147125244,2.2454211711883545,2.3742878437042236,-3.1401002407073975,-2.529233932495117,1.072506308555603,-1.5817952156066895,1.308680772781372,1.1424273252487183,-0.7492910027503967,1.2096271514892578,0.3478773832321167,-0.40269502997398376,1.3578122854232788,-0.28886649012565613,-1.3758097887039185,0.11605166643857956,0.005773940123617649,0.22436034679412842,0.5113004446029663,0.055422086268663406,-0.6221475005149841,1.4042366743087769,-0.31273066997528076,-0.1796065866947174,1.7321704626083374,-0.6162573099136353,1.77532160282135,0.855523943901062,0.9667450189590454,1.3087388277053833,-2.112929105758667,-1.1586369276046753,5.38100004196167,0.3960375189781189,0.10088193416595459,-0.6403205394744873,1.4119267463684082,-0.3065677285194397,-0.23461677134037018,1.6901367902755737,-0.6084439158439636,1.7464505434036255,0.9514163732528687,0.9669972062110901,1.357300043106079,-2.105886697769165,-1.1737852096557617,0.24243146181106567,-0.026528362184762955,-0.28813934326171875,0.707976758480072,0.271484911441803,0.3242778778076172,0.23139628767967224,-1.0001888275146484,-0.42658281326293945,-0.8213769197463989,2.1807782649993896,2.284698009490967,-2.7704412937164307,-2.274230480194092,0.28956061601638794,0.13018818199634552,-0.14247816801071167,0.23648479580879211,0.1927582025527954,0.190660297870636,-0.17774875462055206,-1.120235800743103,-0.567693293094635,-0.9043753147125244,2.2454211711883545,2.3742878437042236,-3.1401002407073975,-2.529233932495117,1.072506308555603,-1.5817952156066895,1.308680772781372,1.1424273252487183,-0.7492910027503967,1.2096271514892578,0.3478773832321167,-0.40269502997398376,1.3578122854232788,-0.28886649012565613,-1.3758097887039185,0.11605166643857956,0.005773940123617649,0.22436034679412842
0.66,0.1431608945131302,-0.06948169320821762,0.029116278514266014,-0.4695230722427368,0.13234703242778778,-0.24377231299877167,-0.2738744914531708,0.05945079028606415,-0.9599262475967407,0.20000000298023224,0.0,0.0,0.0,0.3131553828716278,0.11518578976392746,-0.1166386678814888,0.2609763741493225,0.1787981539964676,0.20817723870277405,-0.16945554316043854,-1.1282649040222168,-0.539615273475647,-0.912980854511261,2.2236461639404297,2.3786838054656982,-3.1400516033172607,-2.5276296138763428,1.2194091081619263,0.3113274872303009,1.2562227249145508,1.212528944015503,-0.6896001696586609,0.3703370690345764,0.49662232398986816,-0.3952532708644867,1.5535566806793213,-0.5859562158584595,-0.8286941051483154,0.3221854567527771,-0.003496655961498618,-0.028385912999510765,0.3960375189781189,0.10088193416595459,-0.6403205394744873,1.4119267463684082,-0.3065677285194397,-0.23461677134037018,1.6901367902755737,-0.6084439158439636,1.7464505434036255,0.9514163732528687,0.9669972062110901,1.357300043106079,-2.105886697769165,-1.1737852096557617,5.361000061035156,0.21398144960403442,0.09351307153701782,-0.6558172702789307,1.3987541198730469,-0.3353177607059479,-0.33391255140304565,1.689728021621704,-0.6115329265594482,1.684055209159851,1.1383488178253174,0.9847050309181213,1.3692171573638916,-2.092193841934204,-1.1512807607650757,0.20179924368858337,-0.00454289186745882,-0.3000701367855072,0.705396831035614,0.26280176639556885,0.2999676465988159,0.20600661635398865,-1.001292109489441,-0.42747968435287476,-0.785691499710083,2.1770505905151367,2.30747127532959,-2.7697079181671143,-2.2812232971191406,0.3131553828716278,0.11518578976392746,-0.1166386678814888,0.2609763741493225,0.1787981539964676,0.20817723870277405,-0.16945554316043854,-1.1282649040222168,-0.539615273475647,-0.912980854511261,2.2236461639404297,2.3786838054656982,-3.1400516033172607,-2.5276296138763428,1.2194091081619263,0.3113274872303009,1.2562227249145508,1.212528944015503,-0.6896001696586609,0.3703370690345764,0.49662232398986816,-0.3952532708644867,1.5535566806793213,-0.5859562158584595,-0.8286941051483154,0.3221854567527771,-0.003496655961498618,-0.028385912999510765
0.681,0.1431608945131302,-0.06948169320821762,0.029116278514266014,-0.3488001823425293,-0.0863828957080841,-0.250926673412323,-0.2740297019481659,0.06657954305410385,-0.9594138264656067,0.20000000298023224,0.0,0.0,0.0,0.3340222239494324,0.13607344031333923,-0.09298297762870789,0.285525381565094,0.1700793206691742,0.21595820784568787,-0.15771591663360596,-1.1357927322387695,-0.514966607093811,-0.9279243350028992,2.2138891220092773,2.3902783393859863,-3.1400890350341797,-2.53155779838562,0.7365478873252869,1.1211100816726685,1.0683361291885376,1.1466747522354126,-0.25623393058776855,0.43880683183670044,0.6623041033744812,-0.36586081981658936,0.9686148166656494,-0.609583854675293,-0.1662902683019638,0.8270775079727173,0.00663521233946085,-0.29579412937164307,0.21398144960403442,0.09351307153701782,-0.6558172702789307,1.3987541198730469,-0.3353177607059479,-0.33391255140304565,1.689728021621704,-0.6115329265594482,1.684055209159851,1.1383488178253174,0.9847050309181213,1.3692171573638916,-2.092193841934204,-1.1512807607650757,5.341000080108643,0.13896629214286804,0.12243364751338959,-0.6607319116592407,1.3608285188674927,-0.303655207157135,-0.45778101682662964,1.714041829109192,-0.6292024254798889,1.576735019683838,1.3002194166183472,0.9955559968948364,1.3579931259155273,-2.054649829864502,-1.1112333536148071,0.16210439801216125,0.015185023657977581,-0.30915889143943787,0.6979020833969116,0.2614729404449463,0.2643702030181885,0.19188091158866882,-1.004714846611023,-0.44420552253723145,-0.7364311218261719,2.1760687828063965,2.3217289447784424,-2.7635631561279297,-2.280111312866211,0.3400960862636566,0.14669615030288696,-0.08319608122110367,0.29645058512687683,0.1685768961906433,0.22042761743068695,-0.15063539147377014,-1.1390841007232666,-0.5066766142845154,-0.9332483410835266,2.213458299636841,2.3994016647338867,-3.1400623321533203,-2.535358428955078,0.5026415586471558,1.0170623064041138,0.9086405634880066,1.0487055778503418,-0.0675932765007019,0.4513013958930969,0.7531194686889648,-0.29951271414756775,0.7233102917671204,-0.46715107560157776,0.03613511845469475,0.9797911047935486,0.0009196819737553596,-0.44884413480758667
0.702,0.16802439093589783,-0.05591641366481781,0.013782103545963764,-0.16996856033802032,-0.3345533609390259,-0.28252243995666504,-0.27945128083229065,0.07000689208507538,-0.9576042890548706,0.20000000298023224,0.0,0.0,0.0,0.342129647731781,0.164342999458313,-0.06881438195705414,0.3149062395095825,0.17372409999370575,0.22653859853744507,-0.1334502398967743,-1.1454952955245972,-0.5030098557472229,-0.9325461983680725,2.2189881801605225,2.423520803451538,-3.1400575637817383,-2.5447375774383545,-0.11472189426422119,0.8301688432693481,0.6417805552482605,0.8800696134567261,0.33266058564186096,0.3631161153316498,0.9413583874702454,-0.21094699203968048,0.15773653984069824,0.08621758222579956,0.4880370497703552,1.2859442234039307,-0.00039668008685112,-0.5483481884002686,0.13896629214286804,0.12243364751338959,-0.6607319116592407,1.3608285188674927,-0.303655207157135,-0.45778101682662964,1.714041829109192,-0.6292024254798889,1.576735019683838,1.3002194166183472,0.9955559968948364,1.3579931259155273,-2.054649829864502,-1.1112333536148071,5.318999767303467,0.0806603953242302,0.17484012246131897,-0.6944869756698608,1.3309686183929443,-0.27024272084236145,-0.5705643892288208,1.7172391414642334,-0.6648910045623779,1.4445421695709229,1.4206292629241943,1.0119335651397705,1.3689634799957275,-2.035430908203125,-1.1000421047210693,0.12557214498519897,0.036855533719062805,-0.3205842673778534,0.6881767511367798,0.26555466651916504,0.22253449261188507,0.18247252702713013,-1.0124640464782715,-0.47574254870414734,-0.6838874220848083,2.177838087081909,2.333354949951172,-2.7563788890838623,-2.2776541709899902,0.342129647731781,0.164342999458313,-0.06881438195705414,0.3149062395095825,0.17372409999370575,0.22653859853744507,-0.1334502398967743,-1.1454952955245972,-0.5030098557472229,-0.9325461983680725,2.2189881801605225,2.423520803451538,-3.1400575637817383,-2.5447375774383545,-0.11472189426422119,0.8301688432693481,0.6417805552482605,0.8800696134567261,0.33266058564186096,0.3631161153316498,0.9413583874702454,-0.21094699203968048,0.15773653984069824,0.08621758222579956,0.4880370497703552,1.2859442234039307,-0.00039668008685112,-0.5483481884002686
0.721,0.16802439093589783,-0.05591641366481781,0.013782103545963764,-0.06778968125581741,-0.486657977104187,-0.3204086422920227,-0.28555238246917725,0.07015734910964966,-0.955791711807251,0.20000000298023224,0.0,0.0,0.0,0.33908092975616455,0.17194825410842896,-0.06356417387723923,0.32291510701179504,0.17808184027671814,0.22899211943149567,-0.12352652102708817,-1.1475005149841309,-0.5043518543243408,-0.9286251664161682,2.2245304584503174,2.4369282722473145,-3.140043020248413,-2.5503649711608887,-0.6622304320335388,0.6654905080795288,0.379891961812973,0.6939379572868347,0.7882822155952454,-0.013875266537070274,1.0565564632415771,-0.36102625727653503,-1.1890355348587036,1.0029481649398804,0.653603732585907,1.5046855211257935,2.2592299501411617e-05,-0.364013135433197,0.0806603953242302,0.17484012246131897,-0.6944869756698608,1.3309686183929443,-0.27024272084236145,-0.5705643892288208,1.7172391414642334,-0.6648910045623779,1.4445421695709229,1.4206292629241943,1.0119335651397705,1.3689634799957275,-2.035430908203125,-1.1000421047210693,5.301000118255615,0.017890527844429016,0.22574079036712646,-0.7472016215324402,1.297415852546692,-0.2514563500881195,-0.6645968556404114,1.7224026918411255,-0.6809671521186829,1.3355522155761719,1.5313193798065186,1.0224841833114624,1.3826656341552734,-2.021191120147705,-1.0863878726959229,0.09058407694101334,0.05965999513864517,-0.3364892303943634,0.6763361096382141,0.2712298035621643,0.17914462089538574,0.1766611933708191,-1.0202999114990234,-0.5141669511795044,-0.6305032968521118,2.180659294128418,2.34354829788208,-2.749213933944702,-2.27388596534729,0.33908092975616455,0.17194825410842896,-0.06356417387723923,0.32291510701179504,0.17808184027671814,0.22899211943149567,-0.12352652102708817,-1.1475005149841309,-0.5043518543243408,-0.9286251664161682,2.2245304584503174,2.4369282722473145,-3.140043020248413,-2.5503649711608887,-0.6622304320335388,0.6654905080795288,0.379891961812973,0.6939379572868347,0.7882822155952454,-0.013875266537070274,1.0565564632415771,-0.36102625727653503,-1.1890355348587036,1.0029481649398804,0.653603732585907,1.5046855211257935,2.2592299501411617e-05,-0.364013135433197
0.74,0.1221369281411171,-0.0034145291429013014,0.11353983730077744,0.016928238794207573,-0.6188960075378418,-0.37331831455230713,-0.2966477870941162,0.06839381903409958,-0.9525347352027893,0.20000000298023224,0.0,0.0,0.0,0.3218647837638855,0.18458078801631927,-0.05765974149107933,0.3357403874397278,0.19521667063236237,0.22574734687805176,-0.10048936307430267,-1.152593970298767,-0.5201260447502136,-0.9005386233329773,2.240267038345337,2.4668874740600586,-3.140049695968628,-2.5584723949432373,-1.1782203912734985,0.5698842406272888,0.15939584374427795,0.5471081733703613,1.0485674142837524,-0.4302092492580414,1.2420324087142944,-0.25805968046188354,-1.0662128925323486,2.027409553527832,0.9127448797225952,1.5297465324401855,-0.0006721470272168517,-0.3079691231250763,0.017890527844429016,0.22574079036712646,-0.7472016215324402,1.297415852546692,-0.2514563500881195,-0.6645968556404114,1.7224026918411255,-0.6809671521186829,1.3355522155761719,1.5313193798065186,1.0224841833114624,1.3826656341552734,-2.021191120147705,-1.0863878726959229,5.281000137329102,-0.004336860030889511,0.22852583229541779,-0.7695763111114502,1.3329405784606934,-0.18961714208126068,-0.6848432421684265,1.7924598455429077,-0.7044024467468262,1.2289074659347534,1.5741679668426514,1.0268388986587524,1.4056928157806396,-2.012221336364746,-1.0920993089675903,0.06275831907987595,0.07604087144136429,-0.35097891092300415,0.6733763813972473,0.2844783067703247,0.1457347422838211,0.1831018328666687,-1.0293002128601074,-0.5570607781410217,-0.5867071151733398,2.1832873821258545,2.354137659072876,-2.7428529262542725,-2.2721049785614014,0.3218647837638855,0.18458078801631927,-0.05765974149107933,0.3357403874397278,0.19521667063236237,0.22574734687805176,-0.10048936307430267,-1.152593970298767,-0.5201260447502136,-0.9005386233329773,2.240267038345337,2.4668874740600586,-3.140049695968628,-2.5584723949432373,-1.1782203912734985,0.5698842406272888,0.15939584374427795,0.5471081733703613,1.0485674142837524,-0.4302092492580414,1.2420324087142944,-0.25805968046188354,-1.0662128925323486,2.027409553527832,0.9127448797225952,1.5297465324401855,-0.0006721470272168517,-0.3079691231250763
0.761,0.1221369281411171,-0.0034145291429013014,0.11353983730077744,0.1109965592622757,-0.6597616076469421,-0.4393364191055298,-0.3094993829727173,0.0642973780632019,-0.948723316192627,0.20000000298023224,0.0,0.0,0.0,0.2927744388580322,0.19426660239696503,-0.05806808918714523,0.34398961067199707,0.21648375689983368,0.21119700372219086,-0.07411190122365952,-1.1573197841644287,-0.5438753366470337,-0.8481822609901428,2.2579991817474365,2.49629545211792,-3.140052556991577,-2.5637385845184326,-1.7520521879196167,0.43451499938964844,-0.16641882061958313,0.30450496077537537,1.247408390045166,-0.9567090272903442,1.4056105613708496,-0.23104317486286163,-1.508495807647705,3.07879900932312,0.8979804515838623,1.421040654182434,-0.00021380216639954597,-0.1771390736103058,-0.004336860030889511,0.22852583229541779,-0.7695763111114502,1.3329405784606934,-0.18961714208126068,-0.6848432421684265,1.7924598455429077,-0.7044024467468262,1.2289074659347534,1.5741679668426514,1.0268388986587524,1.4056928157806396,-2.012221336364746,-1.0920993089675903,5.261000156402588,-0.022639937698841095,0.17563363909721375,-0.8142943978309631,1.3606778383255005,-0.16216103732585907,-0.7050144076347351,1.8436555862426758,-0.7211301922798157,1.1557434797286987,1.6247098445892334,1.0443212985992432,1.3973166942596436,-2.033036231994629,-1.082850456237793,0.04053483158349991,0.07957365363836288,-0.3678293824195862,0.6754651069641113,0.2978706657886505,0.11932215839624405,0.19528962671756744,-1.0381096601486206,-0.5980610251426697,-0.5484685301780701,2.1877493858337402,2.3602938652038574,-2.7415223121643066,-2.2694709300994873,0.2927744388580322,0.19426660239696503,-0.05806808918714523,0.34398961067199707,0.21648375689983368,0.21119700372219086,-0.07411190122365952,-1.1573197841644287,-0.5438753366470337,-0.8481822609901428,2.2579991817474365,2.49629545211792,-3.140052556991577,-2.5637385845184326,-1.7520521879196167,0.43451499938964844,-0.16641882061958313,0.30450496077537537,1.247408390045166,-0.9567090272903442,1.4056105613708496,-0.23104317486286163,-1.508495807647705,3.07879900932312,0.8979804515838623,1.421040654182434,-0.00021380216639954597,-0.1771390736103058
0.781,0.10452687740325928,0.03262707218527794,0.16504237055778503,0.18984004855155945,-0.6024688482284546,-0.5127174854278564,-0.32214272022247314,0.05824264511466026,-0.9448978304862976,0.20000000298023224,0.0,0.0,0.0,0.25459787249565125,0.20186847448349,-0.06471165269613266,0.34755000472068787,0.23949871957302094,0.18734011054039001,-0.04523593559861183,-1.1614916324615479,-0.5740338563919067,-0.7793074250221252,2.273869037628174,2.521677255630493,-3.140047073364258,-2.566521644592285,-2.175109386444092,0.3395560681819916,-0.48838892579078674,0.06055470556020737,1.2574331760406494,-1.3454680442810059,1.4951094388961792,-0.24010632932186127,-1.720699429512024,3.676434278488159,0.7570266723632812,1.183310866355896,0.0008420943049713969,-0.040101226419210434,-0.022639937698841095,0.17563363909721375,-0.8142943978309631,1.3606778383255005,-0.16216103732585907,-0.7050144076347351,1.8436555862426758,-0.7211301922798157,1.1557434797286987,1.6247098445892334,1.0443212985992432,1.3973166942596436,-2.033036231994629,-1.082850456237793,5.241000175476074,0.024409078061580658,0.11154265701770782,-0.8269790410995483,1.4251995086669922,-0.12593308091163635,-0.6879029273986816,1.919357419013977,-0.7351112365722656,1.1285603046417236,1.6263010501861572,1.056604266166687,1.3956600427627563,-2.062042713165283,-1.074514627456665,0.032035741955041885,0.07243295758962631,-0.3815274238586426,0.6866055130958557,0.3126794993877411,0.10340006649494171,0.21517635881900787,-1.0463734865188599,-0.6308386325836182,-0.5214627981185913,2.1927151679992676,2.3643546104431152,-2.7449419498443604,-2.2663767337799072,0.23338747024536133,0.20521384477615356,-0.07025327533483505,0.34764623641967773,0.250287264585495,0.17327065765857697,-0.030428802594542503,-1.1636258363723755,-0.5884819626808167,-0.742426872253418,2.280508041381836,2.5321238040924072,-3.140023708343506,-2.5670254230499268,-2.05473256111145,0.34185341000556946,-0.5903390049934387,-0.021973401308059692,0.9432222843170166,-1.4072424173355103,1.4761511087417603,-0.1916130781173706,-1.2296395301818848,3.5993638038635254,0.5739696621894836,0.9346593618392944,0.001114472048357129,-0.06275282800197601
0.8,0.10452687740325928,0.03262707218527794,0.16504237055778503,0.19134022295475006,-0.4616657495498657,-0.5855995416641235,-0.3328399360179901,0.05089789256453514,-0.941608726978302,0.20000000298023224,0.0,0.0,0.0,0.21120120584964752,0.20847876369953156,-0.07719914615154266,0.3467184007167816,0.26195192337036133,0.15825067460536957,-0.015151508152484894,-1.1664049625396729,-0.6072053909301758,-0.7050387263298035,2.2859597206115723,2.5413177013397217,-3.140043258666992,-2.5665416717529297,-2.293461799621582,0.3387514650821686,-0.7349590063095093,-0.11964172124862671,1.1585103273391724,-1.4693679809570312,1.515539288520813,-0.27909475564956665,-1.7872824668884277,3.61850905418396,0.5569607019424438,0.8451859951019287,0.0012500599259510636,0.08361291885375977,0.024409078061580658,0.11154265701770782,-0.8269790410995483,1.4251995086669922,-0.12593308091163635,-0.6879029273986816,1.919357419013977,-0.7351112365722656,1.1285603046417236,1.6263010501861572,1.056604266166687,1.3956600427627563,-2.062042713165283,-1.074514627456665,5.2210001945495605,0.08344598114490509,0.02329903282225132,-0.8256649374961853,1.4660921096801758,-0.11379384994506836,-0.6627420783042908,1.9876762628555298,-0.7372056245803833,1.1501256227493286,1.610066533088684,1.0669584274291992,1.3789278268814087,-2.1100006103515625,-1.0556023120880127,0.034941915422677994,0.054197926074266434,-0.39091894030570984,0.7005376815795898,0.32486656308174133,0.09602873027324677,0.23934490978717804,-1.0524723529815674,-0.6505482196807861,-0.5049939751625061,2.197744369506836,2.364687442779541,-2.7545294761657715,-2.261373996734619,0.19003930687904358,0.2121022790670395,-0.08489737659692764,0.3452562987804413,0.27149760723114014,0.14389322698116302,-0.00041454550228081644,-1.1690384149551392,-0.6216578483581543,-0.6708012223243713,2.290593385696411,2.548253297805786,-3.1399850845336914,-2.5658156871795654,-1.9523842334747314,0.39510881900787354,-0.7770674824714661,-0.15358194708824158,0.8077998757362366,-1.3609206676483154,1.459431529045105,-0.2443312406539917,-1.1908397674560547,3.1788432598114014,0.38572999835014343,0.5728482604026794,0.005180552136152983,0.05913203954696655
0.82,0.11714322865009308,0.05218067020177841,0.12388504296541214,0.0850067213177681,-0.2824762463569641,-0.6471593976020813,-0.34035128355026245,0.044082120060920715,-0.9392644762992859,0.20000000298023224,0.0,0.0,0.0,0.17056751251220703,0.21635973453521729,-0.09318611770868301,0.3434549868106842,0.2812082767486572,0.1302030384540558,0.014757257886230946,-1.172163486480713,-0.638909101486206,-0.639495849609375,2.294019937515259,2.553469181060791,-3.140129327774048,-2.5642786026000977,-1.963018536567688,0.4604077935218811,-0.8297246694564819,-0.18005548417568207,0.9385567903518677,-1.2866522073745728,1.4529502391815186,-0.3033440113067627,-1.5574235916137695,2.9124810695648193,0.39882323145866394,0.4342641830444336,0.019025705754756927,0.18145468831062317,0.08344598114490509,0.02329903282225132,-0.8256649374961853,1.4660921096801758,-0.11379384994506836,-0.6627420783042908,1.9876762628555298,-0.7372056245803833,1.1501256227493286,1.610066533088684,1.0669584274291992,1.3789278268814087,-2.1100006103515625,-1.0556023120880127,5.201000213623047,0.16171559691429138,-0.050273630768060684,-0.7820121049880981,1.4984468221664429,-0.12250597774982452,-0.620728611946106,2.0444767475128174,-0.7428407073020935,1.2265843152999878,1.554431438446045,1.0582646131515503,1.3626471757888794,-2.1494200229644775,-1.0334359407424927,0.04871667921543121,0.030397500842809677,-0.39094507694244385,0.7151434421539307,0.33209070563316345,0.09717081487178802,0.26478296518325806,-1.0575867891311646,-0.6528761386871338,-0.5018110871315002,2.199960708618164,2.362478256225586,-2.76715350151062,-2.254547119140625,0.17056751251220703,0.21635973453521729,-0.09318611770868301,0.3434549868106842,0.2812082767486572,0.1302030384540558,0.014757257886230946,-1.172163486480713,-0.638909101486206,-0.639495849609375,2.294019937515259,2.553469181060791,-3.140129327774048,-2.5642786026000977,-1.963018536567688,0.4604077935218811,-0.8297246694564819,-0.18005548417568207,0.9385567903518677,-1.2866522073745728,1.4529502391815186,-0.3033440113067627,-1.5574235916137695,2.9124810695648193,0.39882323145866394,0.4342641830444336,0.019025705754756927,0.18145468831062317
0.841,0.11714322865009308,0.05218067020177841,0.12388504296541214,-0.11433099210262299,-0.09738357365131378,-0.6951595544815063,-0.3443514406681061,0.03979367017745972,-0.9379971027374268,0.20000000298023224,0.0,0.0,0.0,0.14190804958343506,0.22782881557941437,-0.1095573827624321,0.3404063880443573,0.29434216022491455,0.10895400494337082,0.0432964488863945,-1.1781244277954102,-0.6586630344390869,-0.5938161611557007,2.299675703048706,2.557313919067383,-3.140165328979492,-2.560145378112793,-0.9932153820991516,0.6889135837554932,-0.7736658453941345,-0.10705430060625076,0.5139284729957581,-0.8385470509529114,1.3526318073272705,-0.32018566131591797,-0.682100236415863,1.7005895376205444,0.27735328674316406,0.006176064256578684,0.024755174294114113,0.27353256940841675,0.16171559691429138,-0.050273630768060684,-0.7820121049880981,1.4984468221664429,-0.12250597774982452,-0.620728611946106,2.0444767475128174,-0.7428407073020935,1.2265843152999878,1.554431438446045,1.0582646131515503,1.3626471757888794,-2.1494200229644775,-1.0334359407424927,5.181000232696533,0.22997570037841797,-0.11395274847745895,-0.7180100679397583,1.5106542110443115,-0.1383844017982483,-0.5643206238746643,2.0911099910736084,-0.735368013381958,1.3173679113388062,1.4713793992996216,1.041515827178955,1.3436495065689087,-2.179915428161621,-1.0196423530578613,0.06859803199768066,0.004185337573289871,-0.38136306405067444,0.7271985411643982,0.33476585149765015,0.10643147677183151,0.28958457708358765,-1.0600459575653076,-0.6408880949020386,-0.5120408535003662,2.1989998817443848,2.3580822944641113,-2.780564785003662,-2.24769926071167,0.14190804958343506,0.22782881557941437,-0.1095573827624321,0.3404063880443573,0.29434216022491455,0.10895400494337082,0.0432964488863945,-1.1781244277954102,-0.6586630344390869,-0.5938161611557007,2.299675703048706,2.557313919067383,-3.140165328979492,-2.560145378112793,-0.9932153820991516,0.6889135837554932,-0.7736658453941345,-0.10705430060625076,0.5139284729957581,-0.8385470509529114,1.3526318073272705,-0.32018566131591797,-0.682100236415863,1.7005895376205444,0.27735328674316406,0.006176064256578684,0.024755174294114113,0.27353256940841675
0.86,0.13551363348960876,0.06433361768722534,0.09640910476446152,-0.29051053524017334,0.06003923714160919,-0.7301875352859497,-0.3450548052787781,0.03899317979812622,-0.9377722144126892,0.20000000298023224,0.0,0.0,0.0,0.13389717042446136,0.2434365600347519,-0.12380378693342209,0.33972349762916565,0.30094966292381287,0.09742873907089233,0.06992776691913605,-1.1840473413467407,-0.6626710295677185,-0.5735881924629211,2.304015874862671,2.5534698963165283,-3.1400668621063232,-2.5541670322418213,0.20395231246948242,0.8881161212921143,-0.6938155293464661,-0.001780022750608623,0.1736268550157547,-0.3986591696739197,1.2782127857208252,-0.3615852892398834,0.2619459629058838,0.5689310431480408,0.12279877066612244,-0.3125700354576111,0.0019817857537418604,0.33579322695732117,0.22997570037841797,-0.11395274847745895,-0.7180100679397583,1.5106542110443115,-0.1383844017982483,-0.5643206238746643,2.0911099910736084,-0.735368013381958,1.3173679113388062,1.4713793992996216,1.041515827178955,1.3436495065689087,-2.179915428161621,-1.0196423530578613,5.160999774932861,0.2652263343334198,-0.1454799771308899,-0.655832827091217,1.5220571756362915,-0.17394272983074188,-0.5134999752044678,2.101081609725952,-0.7284449338912964,1.4084328413009644,1.3859223127365112,1.0168051719665527,1.334903359413147,-2.1915483474731445,-1.013750433921814,0.08780257403850555,-0.018892262130975723,-0.3653290867805481,0.7373476028442383,0.331304669380188,0.12053704261779785,0.3084414601325989,-1.060728907585144,-0.6188367605209351,-0.5320202708244324,2.1946206092834473,2.3536930084228516,-2.7916975021362305,-2.2420220375061035,0.13389717042446136,0.2434365600347519,-0.12380378693342209,0.33972349762916565,0.30094966292381287,0.09742873907089233,0.06992776691913605,-1.1840473413467407,-0.6626710295677185,-0.5735881924629211,2.304015874862671,2.5534698963165283,-3.1400668621063232,-2.5541670322418213,0.20395231246948242,0.8881161212921143,-0.6938155293464661,-0.001780022750608623,0.1736268550157547,-0.3986591696739197,1.2782127857208252,-0.3615852892398834,0.2619459629058838,0.5689310431480408,0.12279877066612244,-0.3125700354576111,0.0019817857537418604,0.33579322695732117
0.881,0.13551363348960876,0.06433361768722534,0.09640910476446152,-0.3795935809612274,0.17397980391979218,-0.7319074869155884,-0.34333133697509766,0.04081706330180168,-0.9383270144462585,0.20000000298023224,0.0,0.0,0.0,0.1447732150554657,0.2611238658428192,-0.13569414615631104,0.3414829671382904,0.3031996786594391,0.09607347100973129,0.09530289471149445,-1.1900835037231445,-0.6530803442001343,-0.5781566500663757,2.3063578605651855,2.5447866916656494,-3.1400673389434814,-2.546812057495117,0.9488279223442078,1.00876784324646,-0.6073087453842163,0.08839691430330276,0.010290120728313923,-0.006784597411751747,1.2248185873031616,-0.37773576378822327,0.8135178089141846,-0.32155129313468933,-0.011439012363553047,-0.4704981744289398,0.001169391442090273,0.38294804096221924,0.2652263343334198,-0.1454799771308899,-0.655832827091217,1.5220571756362915,-0.17394272983074188,-0.5134999752044678,2.101081609725952,-0.7284449338912964,1.4084328413009644,1.3859223127365112,1.0168051719665527,1.334903359413147,-2.1915483474731445,-1.013750433921814,5.140999794006348,0.2859729528427124,-0.1575251966714859,-0.6173412203788757,1.5296943187713623,-0.20074541866779327,-0.49058979749679565,2.1014130115509033,-0.7184084057807922,1.46570885181427,1.331334114074707,0.9998643398284912,1.3337359428405762,-2.19905948638916,-1.0075266361236572,0.1043577492237091,-0.0368533656001091,-0.3483315408229828,0.7455974817276001,0.32486146688461304,0.1338474601507187,0.32169097661972046,-1.0597014427185059,-0.5948094129562378,-0.5541940927505493,2.189013957977295,2.35044527053833,-2.800617218017578,-2.237114429473877,0.15383699536323547,0.2719762623310089,-0.14115795493125916,0.3428918421268463,0.3041651248931885,0.09762532263994217,0.10782092064619064,-1.1930686235427856,-0.6467804908752441,-0.5840247273445129,2.306694507598877,2.5396881103515625,-3.1400818824768066,-2.54305362701416,0.8673279285430908,1.127556562423706,-0.4905267357826233,0.19568899273872375,0.14838416874408722,0.27299627661705017,1.2555065155029297,-0.22912004590034485,0.5094295740127563,-0.7825350761413574,0.11217651516199112,-0.5362154245376587,-0.0009765713475644588,0.3647574484348297
0.902,0.13520945608615875,0.06956908851861954,0.10740719735622406,-0.40419328212738037,0.17015613615512848,-0.6907027363777161,-0.3399955630302429,0.044235605746507645,-0.9393860697746277,0.20000000298023224,0.0,0.0,0.0,0.16346168518066406,0.28071022033691406,-0.14609354734420776,0.34478485584259033,0.3038848042488098,0.1015285849571228,0.11995046585798264,-1.195662021636963,-0.6380834579467773,-0.596312940120697,2.3071842193603516,2.5345096588134766,-3.1400723457336426,-2.5393264293670654,0.8946099281311035,0.5220776796340942,-0.6473612785339355,0.0705626904964447,-0.05996965616941452,0.28201183676719666,1.1698646545410156,-0.3684343695640564,0.9118548035621643,-1.1077443361282349,-0.06108200550079346,-0.4286905527114868,0.007888434454798698,0.3583137094974518,0.2859729528427124,-0.1575251966714859,-0.6173412203788757,1.5296943187713623,-0.20074541866779327,-0.49058979749679565,2.1014130115509033,-0.7184084057807922,1.46570885181427,1.331334114074707,0.9998643398284912,1.3337359428405762,-2.19905948638916,-1.0075266361236572,5.11899995803833,0.33172208070755005,-0.1270996779203415,-0.6000464558601379,1.5314990282058716,-0.20709353685379028,-0.48720598220825195,2.0806493759155273,-0.7185328006744385,1.4930031299591064,1.2852877378463745,0.9881535768508911,1.3425251245498657,-2.2113592624664307,-1.014796257019043,0.12280873954296112,-0.044862307608127594,-0.3338390588760376,0.7516431212425232,0.31939899921417236,0.14367231726646423,0.3278511166572571,-1.0590009689331055,-0.5738961100578308,-0.576622724533081,2.183332920074463,2.3494906425476074,-2.8087058067321777,-2.234769582748413,0.1727936565876007,0.2905319035053253,-0.1519095003604889,0.34601593017578125,0.30416518449783325,0.10456030070781708,0.13221584260463715,-1.1988240480422974,-0.6302908062934875,-0.6052698493003845,2.3061976432800293,2.5300891399383545,-3.1400787830352783,-2.536036968231201,0.9362703561782837,1.0806595087051392,-0.49225476384162903,0.19372449815273285,0.06329524517059326,0.4242490231990814,1.238358497619629,-0.22967064380645752,0.709341287612915,-1.053556203842163,-0.03718589246273041,-0.4694502651691437,-0.0033178688026964664,0.30148014426231384
0.92,0.13520945608615875,0.06956908851861954,0.10740719735622406,-0.25638285279273987,0.1790873408317566,-0.6731381416320801,-0.3380213975906372,0.04566752910614014,-0.9400297999382019,0.20000000298023224,0.0,0.0,0.0,0.18191680312156677,0.2986984848976135,-0.15697486698627472,0.34782886505126953,0.3034724295139313,0.11009116470813751,0.14421913027763367,-1.201156497001648,-0.620797336101532,-0.6198992729187012,2.3056421279907227,2.5258500576019287,-3.1400647163391113,-2.5331997871398926,0.8066826462745667,0.46272414922714233,-0.6747691631317139,0.0583241805434227,-0.038911111652851105,0.4155207574367523,1.179638147354126,-0.33103570342063904,0.8796690702438354,-1.2279342412948608,-0.1594294160604477,-0.30693259835243225,0.008678236044943333,0.2526288330554962,0.33172208070755005,-0.1270996779203415,-0.6000464558601379,1.5314990282058716,-0.20709353685379028,-0.48720598220825195,2.0806493759155273,-0.7185328006744385,1.4930031299591064,1.2852877378463745,0.9881535768508911,1.3425251245498657,-2.2113592624664307,-1.014796257019043,5.10099983215332,0.319069504737854,-0.114885114133358,-0.5974811315536499,1.5390238761901855,-0.20314277708530426,-0.5238683819770813,2.0674896240234375,-0.7169844508171082,1.4843316078186035,1.301477074623108,0.9892076253890991,1.3506712913513184,-2.226175546646118,-1.0042444467544556,0.13382655382156372,-0.048636384308338165,-0.3233095109462738,0.7570037841796875,0.3161678910255432,0.14505036175251007,0.33018922805786133,-1.0582783222198486,-0.5605575442314148,-0.5898943543434143,2.179514169692993,2.3500442504882812,-2.8165903091430664,-2.2315454483032227,0.18191680312156677,0.2986984848976135,-0.15697486698627472,0.34782886505126953,0.3034724295139313,0.11009116470813751,0.14421913027763367,-1.201156497001648,-0.620797336101532,-0.6198992729187012,2.3056421279907227,2.5258500576019287,-3.1400647163391113,-2.5331997871398926,0.8066826462745667,0.46272414922714233,-0.6747691631317139,0.0583241805434227,-0.038911111652851105,0.4155207574367523,1.179638147354126,-0.33103570342063904,0.8796690702438354,-1.2279342412948608,-0.1594294160604477,-0.30693259835243225,0.008678236044943333,0.2526288330554962
0.943,0.11901304125785828,0.04829749837517738,0.0827799066901207,-0.26367852091789246,0.20460651814937592,-0.45599886775016785,-0.3337361812591553,0.046991582959890366,-0.9414945244789124,0.20000000298023224,0.0,0.0,0.0,0.19679567217826843,0.31561946868896484,-0.16311897337436676,0.35040852427482605,0.30088576674461365,0.1194918304681778,0.1640528440475464,-1.2048602104187012,-0.6024781465530396,-0.6437698602676392,2.29445743560791,2.517467498779297,-3.1364946365356445,-2.529265880584717,0.7341940402984619,0.8143661022186279,-0.162602499127388,0.15642808377742767,-0.2744004726409912,0.4765722155570984,0.7706730961799622,-0.12689602375030518,1.0676658153533936,-1.190340518951416,-0.8800268173217773,-0.46267110109329224,0.213609978556633,0.18388566374778748,0.319069504737854,-0.114885114133358,-0.5974811315536499,1.5390238761901855,-0.20314277708530426,-0.5238683819770813,2.0674896240234375,-0.7169844508171082,1.4843316078186035,1.301477074623108,0.9892076253890991,1.3506712913513184,-2.226175546646118,-1.0042444467544556,5.079999923706055,0.34382957220077515,-0.13996808230876923,-0.5768476128578186,1.4934948682785034,-0.18577532470226288,-0.5502163767814636,2.087465763092041,-0.7163600325584412,1.4900741577148438,1.322488784790039,0.9693869352340698,1.325373888015747,-2.2128400802612305,-0.9570264220237732,0.1452530324459076,-0.05504067987203598,-0.31284379959106445,0.7539268732070923,0.31651121377944946,0.14206279814243317,0.3348223567008972,-1.0576788187026978,-0.5503591299057007,-0.5960327386856079,2.17386794090271,2.346637010574341,-2.8201091289520264,-2.222205877304077,0.20361554622650146,0.32384857535362244,-0.16462625563144684,0.3526199758052826,0.29859718680381775,0.12419938296079636,0.1716289222240448,-1.2056275606155396,-0.5934273600578308,-0.6552837491035461,2.286851644515991,2.5128426551818848,-3.134974718093872,-2.527434825897217,0.6640101075172424,0.8162663578987122,-0.08192645758390427,0.2606141269207001,-0.19179339706897736,0.4086233079433441,0.6795472502708435,-0.06475713849067688,0.7971062660217285,-1.0155317783355713,-0.6911569237709045,-0.4395762085914612,0.16946181654930115,0.17836354672908783
0.96,0.11901304125785828,0.04829749837517738,0.0827799066901207,-0.2932130992412567,0.18347996473312378,-0.39218661189079285,-0.33132204413414,0.04898851364850998,-0.9422451257705688,0.20000000298023224,0.0,0.0,0.0,0.21087750792503357,0.3320583701133728,-0.16465619206428528,0.3556949198246002,0.29629427194595337,0.12762515246868134,0.17852182686328888,-1.2065402269363403,-0.5846260786056519,-0.6640198230743408,2.2796201705932617,2.5088634490966797,-3.133657455444336,-2.5253255367279053,0.7543880343437195,0.8063830137252808,-0.007724017836153507,0.32912129163742065,-0.21773187816143036,0.2712329924106598,0.6980990767478943,-0.11901801824569702,0.8586198091506958,-0.7239392399787903,-0.7211020588874817,-0.3492972254753113,0.07957833260297775,0.21739067137241364,0.34382957220077515,-0.13996808230876923,-0.5768476128578186,1.4934948682785034,-0.18577532470226288,-0.5502163767814636,2.087465763092041,-0.7163600325584412,1.4900741577148438,1.322488784790039,0.9693869352340698,1.325373888015747,-2.2128400802612305,-0.9570264220237732,5.060999870300293,0.3557114005088806,-0.15395554900169373,-0.5631250143051147,1.4934861660003662,-0.18653711676597595,-0.54615718126297,2.1285314559936523,-0.7245045900344849,1.4863379001617432,1.322467565536499,0.9607459306716919,1.306207299232483,-2.2083022594451904,-0.9363983869552612,0.15503382682800293,-0.061621807515621185,-0.30345940589904785,0.7517717480659485,0.3166372776031494,0.14058038592338562,0.34422537684440613,-1.0584808588027954,-0.5437806844711304,-0.6003327965736389,2.168619394302368,2.341377019882202,-2.8218917846679688,-2.212574005126953,0.21087750792503357,0.3320583701133728,-0.16465619206428528,0.3556949198246002,0.29629427194595337,0.12762515246868134,0.17852182686328888,-1.2065402269363403,-0.5846260786056519,-0.6640198230743408,2.2796201705932617,2.5088634490966797,-3.133657455444336,-2.5253255367279053,0.7543880343437195,0.8063830137252808,-0.007724017836153507,0.32912129163742065,-0.21773187816143036,0.2712329924106598,0.6980990767478943,-0.11901801824569702,0.8586198091506958,-0.7239392399787903,-0.7211020588874817,-0.3492972254753113,0.07957833260297775,0.21739067137241364
0.981,0.08334049582481384,0.061552707105875015,0.08281257748603821,-0.29422783851623535,0.13198314607143402,-0.2768072485923767,-0.3287808895111084,0.05251733958721161,-0.9429448843002319,0.20000000298023224,0.0,0.0,0.0,0.2247444987297058,0.3474379777908325,-0.16176638007164001,0.3632265329360962,0.2933332324028015,0.1319769322872162,0.19031646847724915,-1.209191918373108,-0.571380615234375,-0.6754741668701172,2.266610860824585,2.5036165714263916,-3.131596326828003,-2.5206806659698486,0.6999260783195496,0.7287998795509338,0.21573302149772644,0.4124314486980438,-0.13112163543701172,0.15230189263820648,0.5518866181373596,-0.16851212084293365,0.6070533394813538,-0.4185902774333954,-0.6490189433097839,-0.17494654655456543,0.06122072413563728,0.24519120156764984,0.3557114005088806,-0.15395554900169373,-0.5631250143051147,1.4934861660003662,-0.18653711676597595,-0.54615718126297,2.1285314559936523,-0.7245045900344849,1.4863379001617432,1.322467565536499,0.9607459306716919,1.306207299232483,-2.2083022594451904,-0.9363983869552612,5.039999961853027,0.3946046233177185,-0.16569659113883972,-0.5326512455940247,1.48110032081604,-0.18384085595607758,-0.5338566303253174,2.1772327423095703,-0.7298451066017151,1.494689702987671,1.315495491027832,0.9441595673561096,1.2714834213256836,-2.190960168838501,-0.9070712924003601,0.16771437227725983,-0.06798975169658661,-0.29231926798820496,0.7484052777290344,0.3171299695968628,0.14138777554035187,0.3581126928329468,-1.0598433017730713,-0.5379230380058289,-0.6043886542320251,2.1624574661254883,2.332486629486084,-2.820538282394409,-2.201432466506958,0.23105837404727936,0.3543556034564972,-0.1592789590358734,0.3673655092716217,0.2924705743789673,0.13347533345222473,0.19540637731552124,-1.2109309434890747,-0.5665750503540039,-0.6793034672737122,2.260732650756836,2.502373456954956,-3.1308939456939697,-2.518240213394165,0.5861937999725342,0.6586448550224304,0.2900996804237366,0.41693124175071716,-0.05769427865743637,0.14033956825733185,0.4514038562774658,-0.17778371274471283,0.4014734625816345,-0.34260496497154236,-0.5372782349586487,-0.07768741995096207,0.08935794979333878,0.22894436120986938
1.0,0.08334049582481384,0.061552707105875015,0.08281257748603821,-0.26642388105392456,0.09243321418762207,-0.19532395899295807,-0.32691338658332825,0.0563824363052845,-0.9433708786964417,0.20000000298023224,0.0,0.0,0.0,0.2373848706483841,0.3609648644924164,-0.15610463917255402,0.3717552125453949,0.29176151752471924,0.1347249299287796,0.20043116807937622,-1.2126500606536865,-0.5622280836105347,-0.6824180483818054,2.2544968128204346,2.5015859603881836,-3.1307249069213867,-2.515850067138672,0.6111999154090881,0.6251543164253235,0.33233773708343506,0.4311879277229309,-0.05795510113239288,0.10127913951873779,0.49225351214408875,-0.1979837566614151,0.3952702283859253,-0.25033578276634216,-0.636618971824646,-0.02911391295492649,0.01441288087517023,0.2408074140548706,0.3946046233177185,-0.16569659113883972,-0.5326512455940247,1.48110032081604,-0.18384085595607758,-0.5338566303253174,2.1772327423095703,-0.7298451066017151,1.494689702987671,1.315495491027832,0.9441595673561096,1.2714834213256836,-2.190960168838501,-0.9070712924003601,5.020999908447266,0.42328906059265137,-0.17331616580486298,-0.5145837068557739,1.4733021259307861,-0.18456459045410156,-0.5297571420669556,2.2068793773651123,-0.7371810674667358,1.4943076372146606,1.3106886148452759,0.9326443076133728,1.2484149932861328,-2.1825520992279053,-0.886723518371582,0.1808934211730957,-0.0735902488231659,-0.28181105852127075,0.7448790073394775,0.3173663020133972,0.14256787300109863,0.3722807765007019,-1.0618975162506104,-0.5338799953460693,-0.6079487800598145,2.156416893005371,2.322803020477295,-2.8183298110961914,-2.1905813217163086,0.2373848706483841,0.3609648644924164,-0.15610463917255402,0.3717552125453949,0.29176151752471924,0.1347249299287796,0.20043116807937622,-1.2126500606536865,-0.5622280836105347,-0.6824180483818054,2.2544968128204346,2.5015859603881836,-3.1307249069213867,-2.515850067138672,0.6111999154090881,0.6251543164253235,0.33233773708343506,0.4311879277229309,-0.05795510113239288,0.10127913951873779,0.49225351214408875,-0.1979837566614151,0.3952702283859253,-0.25033578276634216,-0.636618971824646,-0.02911391295492649,0.01441288087517023,0.2408074140548706
1.021,0.04650699719786644,0.08861280232667923,0.08343030512332916,-0.22900117933750153,0.06277617067098618,-0.13337405025959015,-0.32561272382736206,0.0600971020758152,-0.9435913562774658,0.20000000298023224,0.0,0.0,0.0,0.24828869104385376,0.3723500967025757,-0.14917081594467163,0.3803175687789917,0.2911268174648285,0.1367717981338501,0.20940595865249634,-1.2165147066116333,-0.5561046004295349,-0.6868675947189331,2.242952823638916,2.502039909362793,-3.1311278343200684,-2.511272430419922,0.5087734460830688,0.5167120695114136,0.32194116711616516,0.411639004945755,-0.008850610814988613,0.0788453221321106,0.47794535756111145,-0.21208514273166656,0.2408517748117447,-0.15772196650505066,-0.6003415584564209,0.07410011440515518,-0.09053605049848557,0.22648322582244873,0.42328906059265137,-0.17331616580486298,-0.5145837068557739,1.4733021259307861,-0.18456459045410156,-0.5297571420669556,2.2068793773651123,-0.7371810674667358,1.4943076372146606,1.3106886148452759,0.9326443076133728,1.2484149932861328,-2.1825520992279053,-0.886723518371582,5.000999927520752,0.4589330554008484,-0.1683882474899292,-0.4853978753089905,1.4711910486221313,-0.176468163728714,-0.5304943323135376,2.240571975708008,-0.742972731590271,1.5052402019500732,1.3094043731689453,0.9196389317512512,1.2227298021316528,-2.1656830310821533,-0.8622733950614929,0.1954653561115265,-0.07677140831947327,-0.2700774073600769,0.7420939803123474,0.3187461793422699,0.14328336715698242,0.3872523605823517,-1.064204216003418,-0.5294100046157837,-0.6106334924697876,2.150237560272217,2.312171697616577,-2.814253330230713,-2.1793179512023926,0.2528892457485199,0.3771338164806366,-0.14562873542308807,0.384310781955719,0.29106655716896057,0.13767966628074646,0.21337950229644775,-1.2186108827590942,-0.5539857745170593,-0.6885340213775635,2.237586259841919,2.503046989440918,-3.1315879821777344,-2.5090906620025635,0.4271352291107178,0.44430696964263916,0.3316314220428467,0.3858758509159088,-0.0029463444370776415,0.09144066274166107,0.3729497194290161,-0.20695537328720093,0.19062082469463348,-0.15696294605731964,-0.4743257164955139,0.12340369075536728,-0.053327836096286774,0.20144541561603546
1.041,0.04650699719786644,0.08861280232667923,0.08343030512332916,-0.18286240100860596,0.04045286402106285,-0.08209950476884842,-0.32457301020622253,0.06415828317403793,-0.9436821937561035,0.20000000298023224,0.0,0.0,0.0,0.2572752833366394,0.3815719485282898,-0.14203064143657684,0.38819560408592224,0.2909988760948181,0.1384231150150299,0.21706579625606537,-1.2204781770706177,-0.552042543888092,-0.6898272037506104,2.2324962615966797,2.5040178298950195,-3.1321868896484375,-2.507023572921753,0.4269573986530304,0.4222052991390228,0.32173311710357666,0.37004488706588745,0.013320166617631912,0.03531971573829651,0.4025532901287079,-0.1986357420682907,0.15776123106479645,-0.052404604852199554,-0.5248294472694397,0.10979748517274857,-0.10451417416334152,0.20316126942634583,0.4589330554008484,-0.1683882474899292,-0.4853978753089905,1.4711910486221313,-0.176468163728714,-0.5304943323135376,2.240571975708008,-0.742972731590271,1.5052402019500732,1.3094043731689453,0.9196389317512512,1.2227298021316528,-2.1656830310821533,-0.8622733950614929,4.980999946594238,0.4753836393356323,-0.17268460988998413,-0.4732450246810913,1.4654840230941772,-0.1759263575077057,-0.5349425673484802,2.2649924755096436,-0.7483715415000916,1.5000100135803223,1.3133773803710938,0.9104620814323425,1.2050962448120117,-2.1611714363098145,-0.8475459218025208,0.2081332802772522,-0.07964267581701279,-0.26004093885421753,0.7392884492874146,0.31979337334632874,0.14311696588993073,0.4013955295085907,-1.0666286945343018,-0.5270655155181885,-0.6119168400764465,2.144535541534424,2.3020846843719482,-2.810723066329956,-2.169224500656128,0.26118120551109314,0.38548991084098816,-0.1387556791305542,0.39170387387275696,0.29112115502357483,0.13891096413135529,0.22041095793247223,-1.2224713563919067,-0.550628125667572,-0.6905450224876404,2.227870225906372,2.505230665206909,-3.1327481269836426,-2.5049538612365723,0.36996564269065857,0.3685367703437805,0.314627081155777,0.3372220993041992,0.007614803500473499,0.058427922427654266,0.308379590511322,-0.19422045350074768,0.1409098505973816,-0.08552713692188263,-0.3985506296157837,0.12892058491706848,-0.0606643483042717,0.19680555164813995
1.06,0.020115865394473076,0.12114758044481277,0.09083805978298187,-0.17757079005241394,0.03889789804816246,-0.07607331871986389,-0.32404035329818726,0.06648410856723785,-0.9437042474746704,0.20000000298023224,0.0,0.0,0.0,0.2650192081928253,0.3892642557621002,-0.1354946494102478,0.39505836367607117,0.2913125157356262,0.13919438421726227,0.22366920113563538,-1.224206805229187,-0.549465000629425,-0.6909541487693787,2.223252773284912,2.5060534477233887,-3.1335084438323975,-2.5027997493743896,0.3653169870376587,0.3570280373096466,0.28533461689949036,0.3132726848125458,0.04116096720099449,0.001732432283461094,0.35742586851119995,-0.1847696304321289,0.07371333241462708,0.012398950755596161,-0.4714871644973755,0.0900840014219284,-0.11212599277496338,0.21979816257953644,0.4753836393356323,-0.17268460988998413,-0.4732450246810913,1.4654840230941772,-0.1759263575077057,-0.5349425673484802,2.2649924755096436,-0.7483715415000916,1.5000100135803223,1.3133773803710938,0.9104620814323425,1.2050962448120117,-2.1611714363098145,-0.8475459218025208,4.960999965667725,0.4973839521408081,-0.1675298810005188,-0.4483675956726074,1.475302815437317,-0.17490315437316895,-0.5336663126945496,2.2927565574645996,-0.7566395998001099,1.5076851844787598,1.3092557191848755,0.9019530415534973,1.194185733795166,-2.1515719890594482,-0.8352715373039246,0.22030088305473328,-0.08087935298681259,-0.2492837905883789,0.7387973070144653,0.3206799030303955,0.14319193363189697,0.41546034812927246,-1.069566011428833,-0.5242730975151062,-0.6134334206581116,2.139267921447754,2.2933871746063232,-2.806812047958374,-2.160317897796631,0.2650192081928253,0.3892642557621002,-0.1354946494102478,0.39505836367607117,0.2913125157356262,0.13919438421726227,0.22366920113563538,-1.224206805229187,-0.549465000629425,-0.6909541487693787,2.223252773284912,2.5060534477233887,-3.1335084438323975,-2.5027997493743896,0.3653169870376587,0.3570280373096466,0.28533461689949036,0.3132726848125458,0.04116096720099449,0.001732432283461094,0.35742586851119995,-0.1847696304321289,0.07371333241462708,0.012398950755596161,-0.4714871644973755,0.0900840014219284,-0.11212599277496338,0.21979816257953644
1.081,0.020115865394473076,0.12114758044481277,0.09083805978298187,-0.1551676243543625,0.040594812482595444,-0.0680820643901825,-0.32335779070854187,0.06929871439933777,-0.9437358975410461,0.20000000298023224,0.0,0.0,0.0,0.2717401385307312,0.3958190381526947,-0.13006627559661865,0.40068596601486206,0.29197290539741516,0.13918469846248627,0.2297622710466385,-1.2278268337249756,-0.5480125546455383,-0.6907706260681152,2.2145516872406006,2.507448196411133,-3.135131597518921,-2.497965097427368,0.304532527923584,0.2968289852142334,0.2229243814945221,0.2431822568178177,0.05294261500239372,-0.03139683976769447,0.30324915051460266,-0.18827764689922333,0.029943643137812614,0.06296834349632263,-0.44857728481292725,0.06089546158909798,-0.07683759927749634,0.2560383677482605,0.4973839521408081,-0.1675298810005188,-0.4483675956726074,1.475302815437317,-0.17490315437316895,-0.5336663126945496,2.2927565574645996,-0.7566395998001099,1.5076851844787598,1.3092557191848755,0.9019530415534973,1.194185733795166,-2.1515719890594482,-0.8352715373039246,4.940000057220459,0.5040354132652283,-0.1738244891166687,-0.4393359422683716,1.475745677947998,-0.17839010059833527,-0.5393462777137756,2.309187173843384,-0.7611672282218933,1.5038219690322876,1.3138920068740845,0.8989128470420837,1.182984709739685,-2.152737617492676,-0.8251878619194031,0.22981593012809753,-0.08268921822309494,-0.24039903283119202,0.7385199666023254,0.32077741622924805,0.14239241182804108,0.42777031660079956,-1.0723012685775757,-0.5228978395462036,-0.6137995719909668,2.135124444961548,2.285618782043457,-2.8042490482330322,-2.1525707244873047,0.27457618713378906,0.3985905051231384,-0.12799851596355438,0.40290647745132446,0.29234975576400757,0.13901583850383759,0.23253999650478363,-1.2296311855316162,-0.5475202798843384,-0.6904311180114746,2.2106313705444336,2.5079658031463623,-3.1359100341796875,-2.4954025745391846,0.260698527097702,0.25519347190856934,0.19241325557231903,0.20337599515914917,0.02826002985239029,-0.010294061154127121,0.23588816821575165,-0.17346306145191193,0.055494457483291626,0.017160926014184952,-0.3504640758037567,0.04730309173464775,-0.047636110335588455,0.24665388464927673
1.1,0.0037352449726313353,0.15107038617134094,0.09892994165420532,-0.13346457481384277,0.04183211177587509,-0.06473728269338608,-0.3226851224899292,0.07170236110687256,-0.9437865614891052,0.20000000298023224,0.0,0.0,0.0,0.27727800607681274,0.4012232720851898,-0.12612631916999817,0.4048776924610138,0.2927684187889099,0.13863739371299744,0.23520338535308838,-1.2312289476394653,-0.5472172498703003,-0.6897984743118286,2.2068467140197754,2.508073091506958,-3.136744499206543,-2.4927425384521484,0.25197988748550415,0.24537210166454315,0.1493225246667862,0.1758939027786255,0.05701326206326485,-0.06711046397686005,0.2812763452529907,-0.16806693375110626,0.0006961426115594804,0.11532489210367203,-0.4156809449195862,0.010680763982236385,-0.0846230536699295,0.26917213201522827,0.5040354132652283,-0.1738244891166687,-0.4393359422683716,1.475745677947998,-0.17839010059833527,-0.5393462777137756,2.309187173843384,-0.7611672282218933,1.5038219690322876,1.3138920068740845,0.8989128470420837,1.182984709739685,-2.152737617492676,-0.8251878619194031,4.921000003814697,0.5194951891899109,-0.1660255789756775,-0.41810911893844604,1.4867600202560425,-0.1784723550081253,-0.5400616526603699,2.328773021697998,-0.7708978056907654,1.5079258680343628,1.309908151626587,0.8935323357582092,1.176269292831421,-2.1478726863861084,-0.8162586688995361,0.2387954294681549,-0.08278629183769226,-0.23099568486213684,0.7399779558181763,0.32083332538604736,0.14172543585300446,0.4393251836299896,-1.0756756067276,-0.5213196277618408,-0.614653468132019,2.1314170360565186,2.2791736125946045,-2.801725387573242,-2.145808219909668,0.27727800607681274,0.4012232720851898,-0.12612631916999817,0.4048776924610138,0.2927684187889099,0.13863739371299744,0.23520338535308838,-1.2312289476394653,-0.5472172498703003,-0.6897984743118286,2.2068467140197754,2.508073091506958,-3.136744499206543,-2.4927425384521484,0.25197988748550415,0.24537210166454315,0.1493225246667862,0.1758939027786255,0.05701326206326485,-0.06711046397686005,0.2812763452529907,-0.16806693375110626,0.0006961426115594804,0.11532489210367203,-0.4156809449195862,0.010680763982236385,-0.0846230536699295,0.26917213201522827
1.121,0.0037352449726313353,0.15107038617134094,0.09892994165420532,-0.12009481340646744,0.04258124157786369,-0.06605897098779678,-0.32196906208992004,0.07380084693431854,-0.9438693523406982,0.20000000298023224,0.0,0.0,0.0,0.28189024329185486,0.4057416617870331,-0.12370666116476059,0.40775930881500244,0.2936990559101105,0.13742195069789886,0.24068516492843628,-1.234376311302185,-0.5469379425048828,-0.6878281831741333,2.199171304702759,2.5077478885650635,-3.138728380203247,-2.4870264530181885,0.20855824649333954,0.20463716983795166,0.0727544054389,0.11163745820522308,0.06392925977706909,-0.08407001197338104,0.2949920892715454,-0.16757142543792725,-0.019427280873060226,0.1394401341676712,-0.39699476957321167,-0.024695584550499916,-0.12179704010486603,0.305107057094574,0.5194951891899109,-0.1660255789756775,-0.41810911893844604,1.4867600202560425,-0.1784723550081253,-0.5400616526603699,2.328773021697998,-0.7708978056907654,1.5079258680343628,1.309908151626587,0.8935323357582092,1.176269292831421,-2.1478726863861084,-0.8162586688995361,4.901000022888184,0.5233065485954285,-0.17086651921272278,-0.410386323928833,1.4884823560714722,-0.1796398162841797,-0.5458549857139587,2.3397650718688965,-0.775652289390564,1.5038203001022339,1.3140983581542969,0.8930830359458923,1.166074275970459,-2.151306629180908,-0.8070605397224426,0.24565279483795166,-0.083580382168293,-0.22325491905212402,0.7412569522857666,0.3206973671913147,0.1403895616531372,0.44906240701675415,-1.078750729560852,-0.5208306908607483,-0.6146226525306702,2.1287543773651123,2.273132801055908,-2.800473690032959,-2.139694929122925,0.28189024329185486,0.4057416617870331,-0.12370666116476059,0.40775930881500244,0.2936990559101105,0.13742195069789886,0.24068516492843628,-1.234376311302185,-0.5469379425048828,-0.6878281831741333,2.199171304702759,2.5077478885650635,-3.138728380203247,-2.4870264530181885,0.20855824649333954,0.20463716983795166,0.0727544054389,0.11163745820522308,0.06392925977706909,-0.08407001197338104,0.2949920892715454,-0.16757142543792725,-0.019427280873060226,0.1394401341676712,-0.39699476957321167,-0.024695584550499916,-0.12179704010486603,0.305107057094574
1.141,-0.006563904229551554,0.17548643052577972,0.10340447723865509,-0.10170965641736984,0.05099308863282204,-0.061501022428274155,-0.3211851119995117,0.07552691549062729,-0.9439998865127563,0.20000000298023224,0.0,0.0,0.0,0.2855931520462036,0.40940728783607483,-0.12254735827445984,0.4094439744949341,0.2946779131889343,0.1359216421842575,0.24532750248908997,-1.2374569177627563,-0.5469980835914612,-0.6855661869049072,2.192563772201538,2.5067577362060547,-3.140109062194824,-2.4808266162872314,0.16609641909599304,0.16465634107589722,0.030316591262817383,0.05838606879115105,0.0571579672396183,-0.09885566681623459,0.14042377471923828,-0.14179466664791107,-0.03428170457482338,0.14424292743206024,-0.20768612623214722,-0.08267713338136673,0.0014594814274460077,0.316055029630661,0.5233065485954285,-0.17086651921272278,-0.410386323928833,1.4884823560714722,-0.1796398162841797,-0.5458549857139587,2.3397650718688965,-0.775652289390564,1.5038203001022339,1.3140983581542969,0.8930830359458923,1.166074275970459,-2.151306629180908,-0.8070605397224426,4.88100004196167,0.5327340364456177,-0.1664787232875824,-0.3930942416191101,1.4972912073135376,-0.18575526773929596,-0.546657919883728,2.3590855598449707,-0.7831611633300781,1.5055674314498901,1.3095612525939941,0.8866156339645386,1.163381576538086,-2.1501355171203613,-0.8040570020675659,0.25186705589294434,-0.08347807824611664,-0.21524257957935333,0.7434735298156738,0.31968486309051514,0.13933399319648743,0.4587765336036682,-1.0820297002792358,-0.5202263593673706,-0.6152817010879517,2.125920295715332,2.268500328063965,-2.799421787261963,-2.134964942932129,0.2855931520462036,0.40940728783607483,-0.12254735827445984,0.4094439744949341,0.2946779131889343,0.1359216421842575,0.24532750248908997,-1.2374569177627563,-0.5469980835914612,-0.6855661869049072,2.192563772201538,2.5067577362060547,-3.140109062194824,-2.4808266162872314,0.16609641909599304,0.16465634107589722,0.030316591262817383,0.05838606879115105,0.0571579672396183,-0.09885566681623459,0.14042377471923828,-0.14179466664791107,-0.03428170457482338,0.14424292743206024,-0.20768612623214722,-0.08267713338136673,0.0014594814274460077,0.316055029630661
1.16,-0.006563904229551554,0.17548643052577972,0.10340447723865509,-0.09775730222463608,0.047114405781030655,-0.07418445497751236,-0.32041746377944946,0.07709786295890808,-0.9441337585449219,0.20000000298023224,0.0,0.0,0.0,0.2887532114982605,0.4125751852989197,-0.1226462870836258,0.4102276861667633,0.2958127558231354,0.13413937389850616,0.24836097657680511,-1.2401280403137207,-0.5473524928092957,-0.682900607585907,2.189418315887451,2.5049874782562256,-3.140098810195923,-2.474473714828491,0.15038813650608063,0.15123888850212097,-0.042935241013765335,0.020701751112937927,0.0753372311592102,-0.11070943623781204,0.16421979665756226,-0.14696219563484192,-0.039013732224702835,0.1777888685464859,-0.13118566572666168,-0.08280529081821442,0.0007505896501243114,0.3270514905452728,0.5327340364456177,-0.1664787232875824,-0.3930942416191101,1.4972912073135376,-0.18575526773929596,-0.546657919883728,2.3590855598449707,-0.7831611633300781,1.5055674314498901,1.3095612525939941,0.8866156339645386,1.163381576538086,-2.1501355171203613,-0.8040570020675659,4.861000061035156,0.5312551259994507,-0.17160074412822723,-0.38626712560653687,1.500882625579834,-0.1875261813402176,-0.5514751672744751,2.3668744564056396,-0.7875598669052124,1.5008790493011475,1.3131810426712036,0.8883180618286133,1.1551239490509033,-2.153592824935913,-0.7973370552062988,0.2559952139854431,-0.08417476713657379,-0.20860986411571503,0.7455638647079468,0.31871047616004944,0.13787251710891724,0.4667447507381439,-1.0849847793579102,-0.5205066204071045,-0.6152000427246094,2.124191999435425,2.2640187740325928,-2.799204111099243,-2.130645990371704,0.29011091589927673,0.41395998001098633,-0.12304026633501053,0.41029465198516846,0.2964514493942261,0.13327164947986603,0.24982428550720215,-1.2414114475250244,-0.5475544929504395,-0.68156498670578,2.1880781650543213,2.5040409564971924,-3.140035390853882,-2.471285581588745,0.12306913733482361,0.12655867636203766,-0.030403951182961464,0.00015131424879655242,0.05142954736948013,-0.06878700107336044,0.1429174840450287,-0.11029984802007675,-0.0049111018888652325,0.09971551597118378,-0.1663307100534439,-0.09998814016580582,0.0046117352321743965,0.2996577024459839
1.18,-0.006176055874675512,0.18247102200984955,0.1078249141573906,-0.09038260579109192,0.049389179795980453,-0.06793200224637985,-0.31958672404289246,0.07846611738204956,-0.9443026185035706,0.20000000298023224,0.0,0.0,0.0,0.2914433777332306,0.41531193256378174,-0.12355555593967438,0.4103383719921112,0.2970978021621704,0.1323881298303604,0.2515660524368286,-1.242533564567566,-0.547851026058197,-0.6802176833152771,2.186167001724243,2.502894401550293,-3.140085220336914,-2.468017339706421,0.12431178987026215,0.1265605241060257,-0.07198347896337509,-0.005644823424518108,0.07383206486701965,-0.09658487886190414,0.17052172124385834,-0.11467137932777405,-0.04537901654839516,0.15177011489868164,-0.16730989515781403,-0.11208483576774597,-0.002194578992202878,0.32591670751571655,0.5312551259994507,-0.17160074412822723,-0.38626712560653687,1.500882625579834,-0.1875261813402176,-0.5514751672744751,2.3668744564056396,-0.7875598669052124,1.5008790493011475,1.3131810426712036,0.8883180618286133,1.1551239490509033,-2.153592824935913,-0.7973370552062988,4.841000080108643,0.5387668609619141,-0.17046235501766205,-0.37634652853012085,1.5027940273284912,-0.18690036237239838,-0.5553792119026184,2.3710851669311523,-0.7952221632003784,1.4987400770187378,1.3113757371902466,0.887841522693634,1.1511151790618896,-2.15396785736084,-0.7901131510734558,0.2600116729736328,-0.08449169248342514,-0.20247888565063477,0.7473137974739075,0.3181222677230835,0.1362638771533966,0.4729540944099426,-1.088202714920044,-0.5210236310958862,-0.6154136657714844,2.122910737991333,2.2602803707122803,-2.7991080284118652,-2.1265392303466797,0.2914433777332306,0.41531193256378174,-0.12355555593967438,0.4103383719921112,0.2970978021621704,0.1323881298303604,0.2515660524368286,-1.242533564567566,-0.547851026058197,-0.6802176833152771,2.186167001724243,2.502894401550293,-3.140085220336914,-2.468017339706421,0.12431178987026215,0.1265605241060257,-0.07198347896337509,-0.005644823424518108,0.07383206486701965,-0.09658487886190414,0.17052172124385834,-0.11467137932777405,-0.04537901654839516,0.15177011489868164,-0.16730989515781403,-0.11208483576774597,-0.002194578992202878,0.32591670751571655
1.201,-0.006176055874675512,0.18247102200984955,0.1078249141573906,-0.0853598564863205,0.048739951103925705,-0.0650535449385643,-0.3187611997127533,0.07975684106349945,-0.9444735050201416,0.20000000298023224,0.0,0.0,0.0,0.29382646083831787,0.41775596141815186,-0.12489809095859528,0.41006404161453247,0.29852285981178284,0.13069415092468262,0.25491106510162354,-1.2445067167282104,-0.5485295653343201,-0.6775225400924683,2.1827552318573,2.5005123615264893,-3.1400794982910156,-2.461681604385376,0.11280832439661026,0.11543053388595581,-0.08537140488624573,-0.018475249409675598,0.08335032314062119,-0.08917957544326782,0.1766485571861267,-0.10256796330213547,-0.05784304067492485,0.14572061598300934,-0.17235474288463593,-0.11515076458454132,-0.0008807266131043434,0.3230326771736145,0.5387668609619141,-0.17046235501766205,-0.37634652853012085,1.5027940273284912,-0.18690036237239838,-0.5553792119026184,2.3710851669311523,-0.7952221632003784,1.4987400770187378,1.3113757371902466,0.887841522693634,1.1511151790618896,-2.15396785736084,-0.7901131510734558,4.821000099182129,0.5420008301734924,-0.17381702363491058,-0.36851584911346436,1.5023422241210938,-0.1861492097377777,-0.5602028369903564,2.3754281997680664,-0.8000274896621704,1.4956835508346558,1.3130464553833008,0.8876618146896362,1.1447337865829468,-2.1546740531921387,-0.7813839316368103,0.2633082866668701,-0.08521673828363419,-0.19701258838176727,0.7484709620475769,0.317823201417923,0.13441428542137146,0.47795212268829346,-1.0911760330200195,-0.5218440294265747,-0.6153125762939453,2.1219868659973145,2.2567062377929688,-2.7991466522216797,-2.1223549842834473,0.29382646083831787,0.41775596141815186,-0.12489809095859528,0.41006404161453247,0.29852285981178284,0.13069415092468262,0.25491106510162354,-1.2445067167282104,-0.5485295653343201,-0.6775225400924683,2.1827552318573,2.5005123615264893,-3.1400794982910156,-2.461681604385376,0.11280832439661026,0.11543053388595581,-0.08537140488624573,-0.018475249409675598,0.08335032314062119,-0.08917957544326782,0.1766485571861267,-0.10256796330213547,-0.05784304067492485,0.14572061598300934,-0.17235474288463593,-0.11515076458454132,-0.0008807266131043434,0.3230326771736145
1.22,-0.005910051986575127,0.1870100349187851,0.10298783332109451,-0.08383727818727493,0.046253275126218796,-0.06096075847744942,-0.31796565651893616,0.08100365847349167,-0.9446355104446411,0.20000000298023224,0.0,0.0,0.0,0.2959859073162079,0.41997525095939636,-0.12644843757152557,0.4096105396747589,0.3001425564289093,0.12913168966770172,0.25836148858070374,-1.246260166168213,-0.5494852066040039,-0.6748780608177185,2.1793179512023926,2.4981720447540283,-3.1400742530822754,-2.455436944961548,0.10687520354986191,0.1090197041630745,-0.07929642498493195,-0.020942222326993942,0.09306551516056061,-0.08366075903177261,0.17644287645816803,-0.09005460888147354,-0.07093708962202072,0.14568422734737396,-0.17257963120937347,-0.11171269416809082,0.00030676551978103817,0.3143419325351715,0.5420008301734924,-0.17381702363491058,-0.36851584911346436,1.5023422241210938,-0.1861492097377777,-0.5602028369903564,2.3754281997680664,-0.8000274896621704,1.4956835508346558,1.3130464553833008,0.8876618146896362,1.1447337865829468,-2.1546740531921387,-0.7813839316368103,4.801000118255615,0.5465782284736633,-0.17562884092330933,-0.3577978014945984,1.5024313926696777,-0.18587049841880798,-0.5635839104652405,2.379951238632202,-0.8057021498680115,1.4953441619873047,1.3133971691131592,0.8855292201042175,1.138178825378418,-2.1531124114990234,-0.7724308967590332,0.26630252599716187,-0.08599604666233063,-0.19157849252223969,0.7492944002151489,0.31765568256378174,0.132612407207489,0.48212915658950806,-1.0941085815429688,-0.5224692225456238,-0.615189254283905,2.1210203170776367,2.253221273422241,-2.7989397048950195,-2.1180832386016846,0.2959859073162079,0.41997525095939636,-0.12644843757152557,0.4096105396747589,0.3001425564289093,0.12913168966770172,0.25836148858070374,-1.246260166168213,-0.5494852066040039,-0.6748780608177185,2.1793179512023926,2.4981720447540283,-3.1400742530822754,-2.455436944961548,0.10687520354986191,0.1090197041630745,-0.07929642498493195,-0.020942222326993942,0.09306551516056061,-0.08366075903177261,0.17644287645816803,-0.09005460888147354,-0.07093708962202072,0.14568422734737396,-0.17257963120937347,-0.11171269416809082,0.00030676551978103817,0.3143419325351715
1.241,-0.005910051986575127,0.1870100349187851,0.10298783332109451,-0.08278081566095352,0.042748596519231796,-0.05622384324669838,-0.31721264123916626,0.08228140324354172,-0.9447782635688782,0.20000000298023224,0.0,0.0,0.0,0.2980825901031494,0.42211100459098816,-0.12792927026748657,0.40919017791748047,0.3019639253616333,0.12758326530456543,0.2618958055973053,-1.2478638887405396,-0.5507422685623169,-0.6720559597015381,2.1758298873901367,2.495964765548706,-3.1400742530822754,-2.4492855072021484,0.10128185153007507,0.10279785841703415,-0.08578479290008545,-0.01964331604540348,0.09510073065757751,-0.07675011456012726,0.1836872100830078,-0.08595073968172073,-0.07010377198457718,0.14486896991729736,-0.16690102219581604,-0.09863158315420151,-0.001993747428059578,0.3094474673271179,0.5465782284736633,-0.17562884092330933,-0.3577978014945984,1.5024313926696777,-0.18587049841880798,-0.5635839104652405,2.379951238632202,-0.8057021498680115,1.4953441619873047,1.3133971691131592,0.8855292201042175,1.138178825378418,-2.1531124114990234,-0.7724308967590332,4.781000137329102,0.5507938265800476,-0.1791461855173111,-0.34914398193359375,1.501511573791504,-0.1845741719007492,-0.5671285390853882,2.3852665424346924,-0.8099539875984192,1.4930301904678345,1.314401388168335,0.8844266533851624,1.1306571960449219,-2.1529147624969482,-0.7636674046516418,0.2690308392047882,-0.08706916123628616,-0.18647652864456177,0.7497328519821167,0.3177328407764435,0.1308194100856781,0.48585039377212524,-1.0967991352081299,-0.5232539176940918,-0.6149522662162781,2.12017822265625,2.2496535778045654,-2.798764944076538,-2.1137783527374268,0.2990416884422302,0.4230901598930359,-0.1286546140909195,0.40897369384765625,0.3028142750263214,0.1269351840019226,0.2636280655860901,-1.2485960721969604,-0.5512338876724243,-0.6707807779312134,2.1741714477539062,2.4950013160705566,-3.14005708694458,-2.4463772773742676,0.08866441249847412,0.09096980839967728,-0.08623012155294418,-0.024066202342510223,0.07965093851089478,-0.055288754403591156,0.18107391893863678,-0.06318299472332001,-0.03835759684443474,0.11427993327379227,-0.16827459633350372,-0.09007130563259125,-0.0021713392343372107,0.268342524766922
1.26,-0.00658958638086915,0.18580728769302368,0.09590041637420654,-0.08156055212020874,0.039088085293769836,-0.05058331787586212,-0.3165336847305298,0.08353903144598007,-0.9448955655097961,0.20000000298023224,0.0,0.0,0.0,0.300077885389328,0.42412710189819336,-0.12919680774211884,0.40887653827667236,0.3037797808647156,0.12622563540935516,0.2654268443584442,-1.2493476867675781,-0.5519444346427917,-0.6693463325500488,2.172340154647827,2.494095802307129,-3.1400671005249023,-2.4434149265289307,0.0996980369091034,0.0997924655675888,-0.054843075573444366,-0.009793580509722233,0.09839934855699539,-0.0701994076371193,0.17539764940738678,-0.07949359714984894,-0.07560261338949203,0.14380501210689545,-0.17278027534484863,-0.08183657377958298,0.0015457160770893097,0.2931908369064331,0.5507938265800476,-0.1791461855173111,-0.34914398193359375,1.501511573791504,-0.1845741719007492,-0.5671285390853882,2.3852665424346924,-0.8099539875984192,1.4930301904678345,1.314401388168335,0.8844266533851624,1.1306571960449219,-2.1529147624969482,-0.7636674046516418,4.761000156402588,0.5546090006828308,-0.1850842386484146,-0.3395664095878601,1.4984829425811768,-0.1834149807691574,-0.570601224899292,2.3905086517333984,-0.8132513761520386,1.4925084114074707,1.3167837858200073,0.882078230381012,1.1216070652008057,-2.1513352394104004,-0.753564715385437,0.2715129256248474,-0.08871105313301086,-0.18146851658821106,0.7495854496955872,0.3179607391357422,0.12904340028762817,0.4892416000366211,-1.0991771221160889,-0.5238814353942871,-0.6144289970397949,2.119236469268799,2.2457985877990723,-2.798405647277832,-2.1092495918273926,0.300077885389328,0.42412710189819336,-0.12919680774211884,0.40887653827667236,0.3037797808647156,0.12622563540935516,0.2654268443584442,-1.2493476867675781,-0.5519444346427917,-0.6693463325500488,2.172340154647827,2.494095802307129,-3.1400671005249023,-2.4434149265289307,0.0996980369091034,0.0997924655675888,-0.054843075573444366,-0.009793580509722233,0.09839934855699539,-0.0701994076371193,0.17539764940738678,-0.07949359714984894,-0.07560261338949203,0.14380501210689545,-0.17278027534484863,-0.08183657377958298,0.0015457160770893097,0.2931908369064331
1.28,-0.00658958638086915,0.18580728769302368,0.09590041637420654,-0.08076585084199905,0.034489866346120834,-0.04438943788409233,-0.31593185663223267,0.0847943127155304,-0.9449852108955383,0.20000000298023224,0.0,0.0,0.0,0.3020186126232147,0.426065057516098,-0.1301817148923874,0.40874379873275757,0.30557212233543396,0.125026673078537,0.2689174711704254,-1.2506860494613647,-0.5530938506126404,-0.6667143106460571,2.168891429901123,2.4925684928894043,-3.140061378479004,-2.4379351139068604,0.10172311216592789,0.10006369650363922,-0.03777618706226349,0.003906604368239641,0.0977717712521553,-0.06778087466955185,0.17476795613765717,-0.07120343297719955,-0.07551832497119904,0.14847558736801147,-0.17567849159240723,-0.06717804819345474,0.0006851398502476513,0.2719261944293976,0.5546090006828308,-0.1850842386484146,-0.3395664095878601,1.4984829425811768,-0.1834149807691574,-0.570601224899292,2.3905086517333984,-0.8132513761520386,1.4925084114074707,1.3167837858200073,0.882078230381012,1.1216070652008057,-2.1513352394104004,-0.753564715385437,4.741000175476074,0.5594733357429504,-0.1895015984773636,-0.3304521441459656,1.4969522953033447,-0.1818937510251999,-0.573233425617218,2.396980047225952,-0.8174101114273071,1.4906654357910156,1.3175711631774902,0.8801393508911133,1.1136970520019531,-2.150158405303955,-0.744697093963623,0.273980051279068,-0.09052297472953796,-0.1765957772731781,0.7492526769638062,0.3183484673500061,0.12740536034107208,0.4925861358642578,-1.1014654636383057,-0.52459716796875,-0.6139446496963501,2.118286609649658,2.2419137954711914,-2.7979776859283447,-2.1047492027282715,0.3020186126232147,0.426065057516098,-0.1301817148923874,0.40874379873275757,0.30557212233543396,0.125026673078537,0.2689174711704254,-1.2506860494613647,-0.5530938506126404,-0.6667143106460571,2.168891429901123,2.4925684928894043,-3.140061378479004,-2.4379351139068604,0.10172311216592789,0.10006369650363922,-0.03777618706226349,0.003906604368239641,0.0977717712521553,-0.06778087466955185,0.17476795613765717,-0.07120343297719955,-0.07551832497119904,0.14847558736801147,-0.17567849159240723,-0.06717804819345474,0.0006851398502476513,0.2719261944293976
1.302,-0.008683019317686558,0.1785382628440857,0.08881229162216187,-0.08399701118469238,0.031701769679784775,-0.04171188175678253,-0.31536972522735596,0.0861617848277092,-0.9450492262840271,0.20000000298023224,0.0,0.0,0.0,0.30409637093544006,0.4281013309955597,-0.13074611127376556,0.4089317321777344,0.30745917558670044,0.12377455085515976,0.27235233783721924,-1.2520397901535034,-0.5544517636299133,-0.663859486579895,2.165479898452759,2.4913036823272705,-3.1400561332702637,-2.4325778484344482,0.10680966824293137,0.10408936440944672,-0.013963495381176472,0.016534527763724327,0.09771644324064255,-0.06301631033420563,0.16672028601169586,-0.07118599861860275,-0.0748230591416359,0.1452958583831787,-0.16708894073963165,-0.054520610719919205,0.0023300834000110626,0.2635341286659241,0.5594733357429504,-0.1895015984773636,-0.3304521441459656,1.4969522953033447,-0.1818937510251999,-0.573233425617218,2.396980047225952,-0.8174101114273071,1.4906654357910156,1.3175711631774902,0.8801393508911133,1.1136970520019531,-2.150158405303955,-0.744697093963623,4.7210001945495605,0.5613436102867126,-0.1997019350528717,-0.32299381494522095,1.4919244050979614,-0.18037989735603333,-0.5776450634002686,2.4037466049194336,-0.8185043334960938,1.488763689994812,1.3227028846740723,0.8789937496185303,1.1020883321762085,-2.1497886180877686,-0.7338389754295349,0.27598756551742554,-0.09332136809825897,-0.1720661222934723,0.7482655644416809,0.3188469409942627,0.12559698522090912,0.49594229459762573,-1.103231430053711,-0.525383472442627,-0.6128358244895935,2.1174497604370117,2.237452983856201,-2.7976226806640625,-2.0999703407287598,0.3051134943962097,0.4290967285633087,-0.1309245377779007,0.4090852737426758,0.30832964181900024,0.1232602596282959,0.27400997281074524,-1.2526649236679077,-0.5549929738044739,-0.662588894367218,2.1638343334198,2.490802764892578,-3.140040159225464,-2.430119752883911,0.09667926281690598,0.09477746486663818,-0.003937750123441219,0.015808656811714172,0.07979605346918106,-0.04116024449467659,0.15940645337104797,-0.05449513718485832,-0.0412711575627327,0.11085794121026993,-0.16952042281627655,-0.042912743985652924,0.0038444993551820517,0.22384382784366608
1.322,-0.008683019317686558,0.1785382628440857,0.08881229162216187,-0.08627032488584518,0.029939522966742516,-0.037876009941101074,-0.314866840839386,0.08752788603305817,-0.9450913667678833,0.20000000298023224,0.0,0.0,0.0,0.3062046468257904,0.43015164136886597,-0.1309518963098526,0.4093475937843323,0.3092292845249176,0.12268386781215668,0.27570393681526184,-1.2531887292861938,-0.5556113123893738,-0.6611924767494202,2.162071943283081,2.49027419090271,-3.1400527954101562,-2.427781820297241,0.115022674202919,0.11063870787620544,0.004698171745985746,0.03452610969543457,0.0951925590634346,-0.06487280130386353,0.16477444767951965,-0.05945627763867378,-0.07455328851938248,0.15060673654079437,-0.17170369625091553,-0.047630421817302704,0.0010501676006242633,0.23334549367427826,0.5613436102867126,-0.1997019350528717,-0.32299381494522095,1.4919244050979614,-0.18037989735603333,-0.5776450634002686,2.4037466049194336,-0.8185043334960938,1.488763689994812,1.3227028846740723,0.8789937496185303,1.1020883321762085,-2.1497886180877686,-0.7338389754295349,4.699999809265137,0.5661137104034424,-0.20516102015972137,-0.31375038623809814,1.4905810356140137,-0.17910438776016235,-0.5802640318870544,2.4111428260803223,-0.82271409034729,1.4869531393051147,1.3238284587860107,0.8773996829986572,1.0936158895492554,-2.148690700531006,-0.7249042987823486,0.2781083583831787,-0.09609910845756531,-0.16750884056091309,0.7473730444908142,0.31938719749450684,0.12393828481435776,0.4994010329246521,-1.105099081993103,-0.5262054800987244,-0.6118907928466797,2.1166248321533203,2.2330594062805176,-2.7972095012664795,-2.095284938812256,0.307289183139801,0.43119996786117554,-0.1309531033039093,0.4096485376358032,0.31008633971214294,0.12214154750108719,0.2772994637489319,-1.2537339925765991,-0.5561771392822266,-0.6598598957061768,2.160484552383423,2.489816188812256,-3.1400375366210938,-2.425513982772827,0.10448356717824936,0.10124444961547852,0.016449805349111557,0.030091380700469017,0.07837600260972977,-0.04493377357721329,0.14961981773376465,-0.049685779958963394,-0.04253755509853363,0.11822874844074249,-0.16090133786201477,-0.03841136768460274,0.005216685123741627,0.20844580233097076
1.34,-0.011973418295383453,0.16905276477336884,0.08232247829437256,-0.08977728337049484,0.029661955311894417,-0.037064459174871445,-0.31438472867012024,0.08897114545106888,-0.9451171159744263,0.20000000298023224,0.0,0.0,0.0,0.30846595764160156,0.43232887983322144,-0.13078828155994415,0.4100523889064789,0.3109806180000305,0.12154357880353928,0.2789238691329956,-1.2542920112609863,-0.5568241477012634,-0.6584336757659912,2.15875506401062,2.4893620014190674,-3.1400482654571533,-2.423241376876831,0.12252573668956757,0.11712107807397842,0.021973611786961555,0.046910688281059265,0.09515327215194702,-0.06606315821409225,0.15918633341789246,-0.06064534932374954,-0.07875563204288483,0.15118929743766785,-0.17047466337680817,-0.04327579587697983,0.0008050485048443079,0.22710168361663818,0.5661137104034424,-0.20516102015972137,-0.31375038623809814,1.4905810356140137,-0.17910438776016235,-0.5802640318870544,2.4111428260803223,-0.82271409034729,1.4869531393051147,1.3238284587860107,0.8773996829986572,1.0936158895492554,-2.148690700531006,-0.7249042987823486,4.681000232696533,0.5674371719360352,-0.21726003289222717,-0.3073309659957886,1.4852052927017212,-0.17772004008293152,-0.5849059820175171,2.418837070465088,-0.8229415416717529,1.4847816228866577,1.3302273750305176,0.877126157283783,1.0808149576187134,-2.148648738861084,-0.7136396169662476,0.2797914147377014,-0.09985838830471039,-0.16335582733154297,0.7459419369697571,0.31997302174568176,0.12208089977502823,0.5029762983322144,-1.106440544128418,-0.5271065831184387,-0.6102694272994995,2.116006374359131,2.2280638217926025,-2.7969141006469727,-2.090315341949463,0.30846595764160156,0.43232887983322144,-0.13078828155994415,0.4100523889064789,0.3109806180000305,0.12154357880353928,0.2789238691329956,-1.2542920112609863,-0.5568241477012634,-0.6584336757659912,2.15875506401062,2.4893620014190674,-3.1400482654571533,-2.423241376876831,0.12252573668956757,0.11712107807397842,0.021973611786961555,0.046910688281059265,0.09515327215194702,-0.06606315821409225,0.15918633341789246,-0.06064534932374954,-0.07875563204288483,0.15118929743766785,-0.17047466337680817,-0.04327579587697983,0.0008050485048443079,0.22710168361663818
1.361,-0.011973418295383453,0.16905276477336884,0.08232247829437256,-0.0963933914899826,0.030858000740408897,-0.038467612117528915,-0.3138875663280487,0.09055144339799881,-0.945132315158844,0.20000000298023224,0.0,0.0,0.0,0.3109830319881439,0.43473687767982483,-0.13026559352874756,0.411052405834198,0.31276610493659973,0.12022208422422409,0.28201836347579956,-1.2554209232330322,-0.5581957697868347,-0.6554403305053711,2.1554970741271973,2.4884145259857178,-3.1400439739227295,-2.418776750564575,0.13316603004932404,0.12716922163963318,0.03687019273638725,0.0573691688477993,0.090268075466156,-0.0735810399055481,0.14998602867126465,-0.0556613989174366,-0.07449100911617279,0.15833988785743713,-0.1615810990333557,-0.05215475708246231,0.0016108897980302572,0.21981826424598694,0.5674371719360352,-0.21726003289222717,-0.3073309659957886,1.4852052927017212,-0.17772004008293152,-0.5849059820175171,2.418837070465088,-0.8229415416717529,1.4847816228866577,1.3302273750305176,0.877126157283783,1.0808149576187134,-2.148648738861084,-0.7136396169662476,4.660999774932861,0.571265459060669,-0.2238999754190445,-0.29825907945632935,1.4849499464035034,-0.17759005725383759,-0.5870306491851807,2.4271843433380127,-0.8266524076461792,1.4827215671539307,1.3314605951309204,0.8760652542114258,1.0724066495895386,-2.1484673023223877,-0.7053874731063843,0.2815438210964203,-0.10348586738109589,-0.15908794105052948,0.7449018359184265,0.3204026222229004,0.12046203762292862,0.5067310929298401,-1.107936143875122,-0.5280463695526123,-0.6089495420455933,2.1154141426086426,2.2233057022094727,-2.796679973602295,-2.085598945617676,0.312255322933197,0.435960054397583,-0.1299872249364853,0.4115779995918274,0.31356897950172424,0.11959540098905563,0.2834809720516205,-1.2559648752212524,-0.5587441325187683,-0.6540548205375671,2.153968095779419,2.4879374504089355,-3.140022039413452,-2.416682004928589,0.1229962632060051,0.11875561624765396,0.0426030158996582,0.05144316703081131,0.07231111079454422,-0.051966018974781036,0.13619758188724518,-0.051316291093826294,-0.04026853293180466,0.11902137845754623,-0.15596725046634674,-0.04125847667455673,0.0076208533719182014,0.19265565276145935
1.38,-0.0163368321955204,0.16025345027446747,0.07554671913385391,-0.09773434698581696,0.032491374760866165,-0.04144793376326561,-0.31337931752204895,0.09211540967226028,-0.9451497793197632,0.20000000298023224,0.0,0.0,0.0,0.3136058747768402,0.43725666403770447,-0.12963230907917023,0.41216832399368286,0.3143863081932068,0.11892272531986237,0.28497543931007385,-1.2564737796783447,-0.5593458414077759,-0.6526354551315308,2.1523284912109375,2.4873902797698975,-3.14003586769104,-2.4146361351013184,0.14199918508529663,0.1361219882965088,0.02634274587035179,0.06540512293577194,0.08937991410493851,-0.07673478871583939,0.15616966784000397,-0.05930781736969948,-0.07603496313095093,0.1551433801651001,-0.16204266250133514,-0.05233658477663994,-0.004798967391252518,0.20587660372257233,0.571265459060669,-0.2238999754190445,-0.29825907945632935,1.4849499464035034,-0.17759005725383759,-0.5870306491851807,2.4271843433380127,-0.8266524076461792,1.4827215671539307,1.3314605951309204,0.8760652542114258,1.0724066495895386,-2.1484673023223877,-0.7053874731063843,4.640999794006348,0.5718987584114075,-0.2358269840478897,-0.2914741039276123,1.4803509712219238,-0.17619943618774414,-0.5930533409118652,2.4346911907196045,-0.8268783092498779,1.4807355403900146,1.3391317129135132,0.8769106268882751,1.058413028717041,-2.148468494415283,-0.6934158802032471,0.2828654944896698,-0.10781414806842804,-0.15508267283439636,0.7434839010238647,0.3209119141101837,0.11842542886734009,0.5104854702949524,-1.1090171337127686,-0.5290021300315857,-0.606874942779541,2.115126609802246,2.2178759574890137,-2.796516180038452,-2.0805015563964844,0.3136058747768402,0.43725666403770447,-0.12963230907917023,0.41216832399368286,0.3143863081932068,0.11892272531986237,0.28497543931007385,-1.2564737796783447,-0.5593458414077759,-0.6526354551315308,2.1523284912109375,2.4873902797698975,-3.14003586769104,-2.4146361351013184,0.14199918508529663,0.1361219882965088,0.02634274587035179,0.06540512293577194,0.08937991410493851,-0.07673478871583939,0.15616966784000397,-0.05930781736969948,-0.07603496313095093,0.1551433801651001,-0.16204266250133514,-0.05233658477663994,-0.004798967391252518,0.20587660372257233
1.401,-0.0163368321955204,0.16025345027446747,0.07554671913385391,-0.10288101434707642,0.03594980388879776,-0.04646628350019455,-0.3128114640712738,0.09382611513137817,-0.9451696276664734,0.20000000298023224,0.0,0.0,0.0,0.3165322542190552,0.440069317817688,-0.1287754625082016,0.4134991765022278,0.3160114586353302,0.11734859645366669,0.28779491782188416,-1.2575619220733643,-0.5606268644332886,-0.6495765447616577,2.149219274520874,2.486091375350952,-3.140033006668091,-2.4104723930358887,0.1543196141719818,0.14857538044452667,0.032027628272771835,0.07117212563753128,0.08109011501073837,-0.08736027777194977,0.14422939717769623,-0.05462166666984558,-0.06787847727537155,0.16020718216896057,-0.14944806694984436,-0.07530047744512558,-0.003301022108644247,0.20833934843540192,0.5718987584114075,-0.2358269840478897,-0.2914741039276123,1.4803509712219238,-0.17619943618774414,-0.5930533409118652,2.4346911907196045,-0.8268783092498779,1.4807355403900146,1.3391317129135132,0.8769106268882751,1.058413028717041,-2.148468494415283,-0.6934158802032471,4.620999813079834,0.574705183506012,-0.24295558035373688,-0.28234195709228516,1.4807935953140259,-0.17655178904533386,-0.596013605594635,2.4432215690612793,-0.8304764628410339,1.478161334991455,1.3414371013641357,0.8764734268188477,1.0496946573257446,-2.1486124992370605,-0.6850351095199585,0.2842116355895996,-0.11191324144601822,-0.1509091705083847,0.7425577640533447,0.32121556997299194,0.11655575782060623,0.5143930912017822,-1.1103134155273438,-0.5300573110580444,-0.6050769090652466,2.1148595809936523,2.2127673625946045,-2.7964231967926025,-2.075676441192627,0.3165322542190552,0.440069317817688,-0.1287754625082016,0.4134991765022278,0.3160114586353302,0.11734859645366669,0.28779491782188416,-1.2575619220733643,-0.5606268644332886,-0.6495765447616577,2.149219274520874,2.486091375350952,-3.140033006668091,-2.4104723930358887,0.1543196141719818,0.14857538044452667,0.032027628272771835,0.07117212563753128,0.08109011501073837,-0.08736027777194977,0.14422939717769623,-0.05462166666984558,-0.06787847727537155,0.16020718216896057,-0.14944806694984436,-0.07530047744512558,-0.003301022108644247,0.20833934843540192
1.42,-0.021596238017082214,0.15406166017055511,0.0686790943145752,-0.10574568808078766,0.040081363171339035,-0.05128085985779762,-0.3121829628944397,0.09555264562368393,-0.945204496383667,0.20000000298023224,0.0,0.0,0.0,0.3196374773979187,0.4430757462978363,-0.12791414558887482,0.41487810015678406,0.31750473380088806,0.11562547087669373,0.29043862223625183,-1.258667230606079,-0.5617841482162476,-0.6465511918067932,2.1462223529815674,2.4844746589660645,-3.1400179862976074,-2.406376361846924,0.16358546912670135,0.1585170477628708,0.05298060551285744,0.07423650473356247,0.07595176249742508,-0.09380935877561569,0.1278742253780365,-0.060550443828105927,-0.06544164568185806,0.15584640204906464,-0.15427149832248688,-0.08835132420063019,0.0005762160290032625,0.2094637006521225,0.574705183506012,-0.24295558035373688,-0.28234195709228516,1.4807935953140259,-0.17655178904533386,-0.596013605594635,2.4432215690612793,-0.8304764628410339,1.478161334991455,1.3414371013641357,0.8764734268188477,1.0496946573257446,-2.1486124992370605,-0.6850351095199585,4.60099983215332,0.5761737823486328,-0.255403071641922,-0.27355557680130005,1.4771326780319214,-0.1761108785867691,-0.6004312634468079,2.4517035484313965,-0.8306608200073242,1.4770987033843994,1.3477660417556763,0.8764511346817017,1.0364259481430054,-2.1480460166931152,-0.6733283400535583,0.2853742241859436,-0.11664973199367523,-0.14666976034641266,0.7413603067398071,0.32149428129196167,0.11458434164524078,0.5184006690979004,-1.11124849319458,-0.5309553146362305,-0.602868914604187,2.1146693229675293,2.2072010040283203,-2.7962732315063477,-2.070542812347412,0.3196374773979187,0.4430757462978363,-0.12791414558887482,0.41487810015678406,0.31750473380088806,0.11562547087669373,0.29043862223625183,-1.258667230606079,-0.5617841482162476,-0.6465511918067932,2.1462223529815674,2.4844746589660645,-3.1400179862976074,-2.406376361846924,0.16358546912670135,0.1585170477628708,0.05298060551285744,0.07423650473356247,0.07595176249742508,-0.09380935877561569,0.1278742253780365,-0.060550443828105927,-0.06544164568185806,0.15584640204906464,-0.15427149832248688,-0.08835132420063019,0.0005762160290032625,0.2094637006521225
1.443,-0.021596238017082214,0.15406166017055511,0.0686790943145752,-0.10976514965295792,0.04525351896882057,-0.05899839848279953,-0.31147369742393494,0.09734164923429489,-0.9452559351921082,0.20000000298023224,0.0,0.0,0.0,0.3229631781578064,0.44631579518318176,-0.12712521851062775,0.4163099229335785,0.31891876459121704,0.11367160826921463,0.29297345876693726,-1.2598745822906494,-0.5629370212554932,-0.6434574723243713,2.14328932762146,2.4824864864349365,-3.140031337738037,-2.40217924118042,0.1728648692369461,0.1690010130405426,0.025719113647937775,0.07331285625696182,0.06890004873275757,-0.10471630841493607,0.1278587430715561,-0.06110052019357681,-0.058285292237997055,0.1573769599199295,-0.13664202392101288,-0.11120910942554474,-0.0028431853279471397,0.20995977520942688,0.5761737823486328,-0.255403071641922,-0.27355557680130005,1.4771326780319214,-0.1761108785867691,-0.6004312634468079,2.4517035484313965,-0.8306608200073242,1.4770987033843994,1.3477660417556763,0.8764511346817017,1.0364259481430054,-2.1480460166931152,-0.6733283400535583,4.580999851226807,0.5784903168678284,-0.2619946002960205,-0.26455891132354736,1.478452205657959,-0.17687977850437164,-0.6044201850891113,2.4596030712127686,-0.8342758417129517,1.474707841873169,1.350709319114685,0.8773134350776672,1.0269486904144287,-2.1486778259277344,-0.6645398139953613,0.28653550148010254,-0.1209539994597435,-0.14235267043113708,0.7407200336456299,0.32157403230667114,0.11260601133108139,0.5223909616470337,-1.11244535446167,-0.5319425463676453,-0.6008818745613098,2.1146655082702637,2.20188307762146,-2.7962629795074463,-2.0656309127807617,0.324618935585022,0.44794780015945435,-0.12683027982711792,0.41697046160697937,0.3195093274116516,0.11275151371955872,0.2941023111343384,-1.2605053186416626,-0.5633432269096375,-0.6421436667442322,2.141996145248413,2.4814064502716064,-3.139986991882324,-2.4001455307006836,0.159626305103302,0.15845508873462677,0.004331908654421568,0.061205778270959854,0.05257664620876312,-0.07968545705080032,0.12211520224809647,-0.0629081130027771,-0.028740307316184044,0.10705846548080444,-0.11926844716072083,-0.10284244269132614,-0.006176914554089308,0.18991713225841522
1.461,-0.02720395103096962,0.14857904613018036,0.06252715736627579,-0.11674919724464417,0.04954860731959343,-0.0629546046257019,-0.3107120394706726,0.09904249757528305,-0.9453299045562744,0.20000000298023224,0.0,0.0,0.0,0.32631853222846985,0.4496253728866577,-0.1265026330947876,0.4176439046859741,0.3200777471065521,0.11178907006978989,0.2951863408088684,-1.2611545324325562,-0.5637435913085938,-0.6408272385597229,2.1407101154327393,2.4802513122558594,-3.1399478912353516,-2.3980958461761475,0.18427135050296783,0.18101097643375397,0.018048228695988655,0.0792946144938469,0.06460089236497879,-0.11163744330406189,0.12592792510986328,-0.06004640460014343,-0.05800631642341614,0.1522945910692215,-0.13065381348133087,-0.12490727752447128,-0.01375474501401186,0.19355033338069916,0.5784903168678284,-0.2619946002960205,-0.26455891132354736,1.478452205657959,-0.17687977850437164,-0.6044201850891113,2.4596030712127686,-0.8342758417129517,1.474707841873169,1.350709319114685,0.8773134350776672,1.0269486904144287,-2.1486778259277344,-0.6645398139953613,4.560999870300293,0.5804052948951721,-0.27326491475105286,-0.2557908296585083,1.475403070449829,-0.17625556886196136,-0.6093952059745789,2.467515707015991,-0.83528071641922,1.4737379550933838,1.3568830490112305,0.8785993456840515,1.0125722885131836,-2.148197650909424,-0.652301549911499,0.2876356244087219,-0.12565754354000092,-0.1380154937505722,0.7398145198822021,0.32172349095344543,0.11047492921352386,0.5263710021972656,-1.113433837890625,-0.5327790975570679,-0.598564863204956,2.1148557662963867,2.1960041522979736,-2.7961838245391846,-2.060356855392456,0.32631853222846985,0.4496253728866577,-0.1265026330947876,0.4176439046859741,0.3200777471065521,0.11178907006978989,0.2951863408088684,-1.2611545324325562,-0.5637435913085938,-0.6408272385597229,2.1407101154327393,2.4802513122558594,-3.1399478912353516,-2.3980958461761475,0.18427135050296783,0.18101097643375397,0.018048228695988655,0.0792946144938469,0.06460089236497879,-0.11163744330406189,0.12592792510986328,-0.06004640460014343,-0.05800631642341614,0.1522945910692215,-0.13065381348133087,-0.12490727752447128,-0.01375474501401186,0.19355033338069916
1.487,-0.02720395103096962,0.14857904613018036,0.06252715736627579,-0.10934895277023315,0.054616063833236694,-0.0717177465558052,-0.3096294403076172,0.10128641128540039,-0.9454473257064819,0.20000000298023224,0.0,0.0,0.0,0.3317866027355194,0.4550466537475586,-0.1256943941116333,0.4197258949279785,0.321745902299881,0.10835352540016174,0.2982423007488251,-1.2631137371063232,-0.5651595592498779,-0.6365076303482056,2.136948823928833,2.475983142852783,-3.1399083137512207,-2.3918581008911133,0.1760142743587494,0.17684394121170044,-0.006109274458140135,0.06028991565108299,0.043230582028627396,-0.10080445557832718,0.10105323046445847,-0.07088266313076019,-0.028334669768810272,0.10762853175401688,-0.1027761772274971,-0.14295056462287903,-0.00459197536110878,0.19617116451263428,0.5804052948951721,-0.27326491475105286,-0.2557908296585083,1.475403070449829,-0.17625556886196136,-0.6093952059745789,2.467515707015991,-0.83528071641922,1.4737379550933838,1.3568830490112305,0.8785993456840515,1.0125722885131836,-2.148197650909424,-0.652301549911499,4.535999774932861,0.582734227180481,-0.2801257073879242,-0.24445180594921112,1.476104497909546,-0.17621371150016785,-0.6172006130218506,2.4745616912841797,-0.8379136919975281,1.469356894493103,1.36207914352417,0.8794570565223694,1.0023168325424194,-2.1494834423065186,-0.6413431763648987,0.28875505924224854,-0.12997913360595703,-0.13327860832214355,0.7392858266830444,0.32183438539505005,0.10781235992908478,0.5302139520645142,-1.114520788192749,-0.5340218544006348,-0.5961635112762451,2.1151175498962402,2.190350294113159,-2.796321392059326,-2.055021286010742,0.3317866027355194,0.4550466537475586,-0.1256943941116333,0.4197258949279785,0.321745902299881,0.10835352540016174,0.2982423007488251,-1.2631137371063232,-0.5651595592498779,-0.6365076303482056,2.136948823928833,2.475983142852783,-3.1399083137512207,-2.3918581008911133,0.1760142743587494,0.17684394121170044,-0.006109274458140135,0.06028991565108299,0.043230582028627396,-0.10080445557832718,0.10105323046445847,-0.07088266313076019,-0.028334669768810272,0.10762853175401688,-0.1027761772274971,-0.14295056462287903,-0.00459197536110878,0.19617116451263428
1.501,-0.03242352604866028,0.1450502574443817,0.06001567840576172,-0.12929734587669373,0.058624204248189926,-0.07513527572154999,-0.3089546263217926,0.10250331461429596,-0.9455369114875793,0.20000000298023224,0.0,0.0,0.0,0.3334724009037018,0.45675426721572876,-0.12562881410121918,0.4202759563922882,0.3220907747745514,0.10748844593763351,0.29902365803718567,-1.2637956142425537,-0.5653114914894104,-0.6357259750366211,2.136009931564331,2.474562883377075,-3.1397783756256104,-2.3899950981140137,0.16689269244670868,0.16947078704833984,-0.015992291271686554,0.053476959466934204,0.02992008998990059,-0.0759631097316742,0.08484392613172531,-0.06345454603433609,-0.008028342388570309,0.05663690343499184,-0.077093705534935,-0.14142778515815735,0.001945448573678732,0.17142458260059357,0.582734227180481,-0.2801257073879242,-0.24445180594921112,1.476104497909546,-0.17621371150016785,-0.6172006130218506,2.4745616912841797,-0.8379136919975281,1.469356894493103,1.36207914352417,0.8794570565223694,1.0023168325424194,-2.1494834423065186,-0.6413431763648987,4.520999908447266,0.5872722864151001,-0.28739097714424133,-0.23718003928661346,1.4732869863510132,-0.17607149481773376,-0.6187008619308472,2.478896379470825,-0.8385443687438965,1.4699915647506714,1.3629683256149292,0.881025493144989,0.9925209879875183,-2.148442268371582,-0.6343286037445068,0.29021939635276794,-0.13409404456615448,-0.12887203693389893,0.7384930849075317,0.3219333291053772,0.10572352260351181,0.533554196357727,-1.1153762340545654,-0.5347965955734253,-0.594349205493927,2.1155362129211426,2.1849234104156494,-2.7962613105773926,-2.050234317779541,0.3354299068450928,0.45870304107666016,-0.12531566619873047,0.4209992289543152,0.3226204514503479,0.10614067316055298,0.2997324764728546,-1.2644264698028564,-0.5658833384513855,-0.6341881155967712,2.135047197341919,2.472811460494995,-3.1396682262420654,-2.3879387378692627,0.18688513338565826,0.18736706674098969,0.02184969373047352,0.06675808876752853,0.04454886168241501,-0.11938771605491638,0.06883557885885239,-0.06658000499010086,-0.045062948018312454,0.12290679663419724,-0.09186491370201111,-0.16799002885818481,0.016536232084035873,0.19650085270404816
1.5230000000000001,-0.03242352604866028,0.1450502574443817,0.06001567840576172,-0.11643709242343903,0.06308256089687347,-0.08037402480840683,-0.3076893389225006,0.10487144440412521,-0.9456897974014282,0.20000000298023224,0.0,0.0,0.0,0.3374975323677063,0.4607563018798828,-0.12498978525400162,0.4217728078365326,0.3231695592403412,0.10461476445198059,0.30041131377220154,-1.265112042427063,-0.5665451288223267,-0.6324301958084106,2.134124279022217,2.4709208011627197,-3.139594316482544,-2.3857510089874268,0.20634949207305908,0.20541325211524963,0.02156776934862137,0.076339952647686,0.056156616657972336,-0.15164436399936676,0.06853778660297394,-0.07509209215641022,-0.07151206582784653,0.16920588910579681,-0.09244439750909805,-0.187529519200325,0.0034584891982376575,0.2191888839006424,0.5872722864151001,-0.28739097714424133,-0.23718003928661346,1.4732869863510132,-0.17607149481773376,-0.6187008619308472,2.478896379470825,-0.8385443687438965,1.4699915647506714,1.3629683256149292,0.881025493144989,0.9925209879875183,-2.148442268371582,-0.6343286037445068,4.499000072479248,0.5865482687950134,-0.29789531230926514,-0.22776161134243011,1.4754081964492798,-0.17839102447032928,-0.6221461296081543,2.4906442165374756,-0.8436737060546875,1.4652942419052124,1.3682820796966553,0.8810817003250122,0.9824760556221008,-2.148388147354126,-0.6226286888122559,0.2911358177661896,-0.13855013251304626,-0.12437466531991959,0.7382563352584839,0.32165467739105225,0.10374455153942108,0.5376545786857605,-1.1167443990707397,-0.5360434651374817,-0.5922821760177612,2.115837574005127,2.1796178817749023,-2.7962112426757812,-2.045128345489502,0.3394692838191986,0.4627379775047302,-0.12484072893857956,0.4224470853805542,0.3236316740512848,0.10325700789690018,0.30104491114616394,-1.2659245729446411,-0.5670695900917053,-0.6310506463050842,2.13327693939209,2.4691054821014404,-3.1394925117492676,-2.383577585220337,0.1907767504453659,0.19322477281093597,-0.006406539119780064,0.062212441116571426,0.037733279168605804,-0.12092960625886917,0.06462468206882477,-0.08310084789991379,-0.036807652562856674,0.1086983010172844,-0.07054811716079712,-0.17522017657756805,0.003276610979810357,0.20598144829273224
1.541,-0.037006016820669174,0.1399131417274475,0.05703088641166687,-0.12356717139482498,0.06741510331630707,-0.08319828659296036,-0.3068876266479492,0.10624803602695465,-0.9457966685295105,0.20000000298023224,0.0,0.0,0.0,0.3414882719516754,0.46477073431015015,-0.1246257796883583,0.42313385009765625,0.32406315207481384,0.10188838839530945,0.301565945148468,-1.2667585611343384,-0.5675697922706604,-0.6297313570976257,2.132499933242798,2.467214584350586,-3.1393659114837646,-2.381380319595337,0.21183128654956818,0.21238531172275543,0.012456309981644154,0.07675556093454361,0.05187508836388588,-0.1516004204750061,0.05611024051904678,-0.08682622760534286,-0.06888263672590256,0.1530338078737259,-0.07955894619226456,-0.19272063672542572,0.0066360654309391975,0.21830765902996063,0.5865482687950134,-0.29789531230926514,-0.22776161134243011,1.4754081964492798,-0.17839102447032928,-0.6221461296081543,2.4906442165374756,-0.8436737060546875,1.4652942419052124,1.3682820796966553,0.8810817003250122,0.9824760556221008,-2.148388147354126,-0.6226286888122559,4.480999946594238,0.5893303155899048,-0.3089863061904907,-0.21899108588695526,1.473057508468628,-0.17868298292160034,-0.6267378330230713,2.498950242996216,-0.8444696068763733,1.4633643627166748,1.373823881149292,0.8831255435943604,0.9687590599060059,-2.1476011276245117,-0.6102421283721924,0.2921946346759796,-0.1433330476284027,-0.11991092562675476,0.7377380728721619,0.32141584157943726,0.10167050361633301,0.5417707562446594,-1.117821455001831,-0.5372058153152466,-0.5900039672851562,2.1163551807403564,2.1738462448120117,-2.796058177947998,-2.039696216583252,0.3414882719516754,0.46477073431015015,-0.1246257796883583,0.42313385009765625,0.32406315207481384,0.10188838839530945,0.301565945148468,-1.2667585611343384,-0.5675697922706604,-0.6297313570976257,2.132499933242798,2.467214584350586,-3.1393659114837646,-2.381380319595337,0.21183128654956818,0.21238531172275543,0.012456309981644154,0.07675556093454361,0.05187508836388588,-0.1516004204750061,0.05611024051904678,-0.08682622760534286,-0.06888263672590256,0.1530338078737259,-0.07955894619226456,-0.19272063672542572,0.0066360654309391975,0.21830765902996063
1.56,-0.037006016820669174,0.1399131417274475,0.05703088641166687,-0.12769611179828644,0.0704527422785759,-0.08581618219614029,-0.30577439069747925,0.10806581377983093,-0.9459512829780579,0.20000000298023224,0.0,0.0,0.0,0.3455813229084015,0.468906968832016,-0.12431249767541885,0.42450758814811707,0.32486116886138916,0.0991133600473404,0.30251505970954895,-1.2685561180114746,-0.5685762763023376,-0.627244234085083,2.1310226917266846,2.4633069038391113,-3.139146089553833,-2.3769240379333496,0.21798700094223022,0.2190702110528946,0.021606238558888435,0.07905735820531845,0.04712015762925148,-0.15855056047439575,0.04374745860695839,-0.08904223889112473,-0.06827013939619064,0.15187907218933105,-0.07968589663505554,-0.20504601299762726,0.011451718397438526,0.2175983339548111,0.5893303155899048,-0.3089863061904907,-0.21899108588695526,1.473057508468628,-0.17868298292160034,-0.6267378330230713,2.498950242996216,-0.8444696068763733,1.4633643627166748,1.373823881149292,0.8831255435943604,0.9687590599060059,-2.1476011276245117,-0.6102421283721924,4.460999965667725,0.5933229327201843,-0.3160766661167145,-0.20847012102603912,1.4732695817947388,-0.17942658066749573,-0.629901647567749,2.505430221557617,-0.8482360243797302,1.4610850811004639,1.3757450580596924,0.8842706680297852,0.9588903188705444,-2.1466126441955566,-0.5998823046684265,0.29353469610214233,-0.14774462580680847,-0.11520816385746002,0.7374070882797241,0.32113710045814514,0.09974411129951477,0.5456240773200989,-1.119140386581421,-0.5383613109588623,-0.5881209969520569,2.116889238357544,2.168325901031494,-2.795802593231201,-2.034339666366577,0.3455813229084015,0.468906968832016,-0.12431249767541885,0.42450758814811707,0.32486116886138916,0.0991133600473404,0.30251505970954895,-1.2685561180114746,-0.5685762763023376,-0.627244234085083,2.1310226917266846,2.4633069038391113,-3.139146089553833,-2.3769240379333496,0.21798700094223022,0.2190702110528946,0.021606238558888435,0.07905735820531845,0.04712015762925148,-0.15855056047439575,0.04374745860695839,-0.08904223889112473,-0.06827013939619064,0.15187907218933105,-0.07968589663505554,-0.20504601299762726,0.011451718397438526,0.2175983339548111
1.581,-0.04075344651937485,0.13082636892795563,0.055309876799583435,-0.12555739283561707,0.07368385791778564,-0.09016136080026627,-0.3045884072780609,0.10998627543449402,-0.9461125135421753,0.20000000298023224,0.0,0.0,0.0,0.3499182462692261,0.47328487038612366,-0.12392398715019226,0.42599835991859436,0.32570794224739075,0.09602801501750946,0.30338069796562195,-1.2704803943634033,-0.5698289275169373,-0.6244917511940002,2.1295082569122314,2.4590864181518555,-3.13901686668396,-2.372260808944702,0.21957217156887054,0.22198526561260223,0.029152769595384598,0.07583703845739365,0.04296068474650383,-0.15702581405639648,0.036696091294288635,-0.10540815442800522,-0.06717237830162048,0.13599032163619995,-0.08230841159820557,-0.21146875619888306,0.01459698099642992,0.23889689147472382,0.5933229327201843,-0.3160766661167145,-0.20847012102603912,1.4732695817947388,-0.17942658066749573,-0.629901647567749,2.505430221557617,-0.8482360243797302,1.4610850811004639,1.3757450580596924,0.8842706680297852,0.9588903188705444,-2.1466126441955566,-0.5998823046684265,4.440999984741211,0.5944560766220093,-0.3290373682975769,-0.2008664757013321,1.4697511196136475,-0.17868059873580933,-0.6361706852912903,2.511957883834839,-0.8480172157287598,1.4568482637405396,1.383044719696045,0.8871439099311829,0.9456750154495239,-2.1469264030456543,-0.5869238972663879,0.29464268684387207,-0.152776837348938,-0.11077567934989929,0.7366476058959961,0.3210538923740387,0.09745527058839798,0.5493005514144897,-1.1200308799743652,-0.5398056507110596,-0.5857080221176147,2.117694139480591,2.1624794006347656,-2.795670747756958,-2.028646469116211,0.3499182462692261,0.47328487038612366,-0.12392398715019226,0.42599835991859436,0.32570794224739075,0.09602801501750946,0.30338069796562195,-1.2704803943634033,-0.5698289275169373,-0.6244917511940002,2.1295082569122314,2.4590864181518555,-3.13901686668396,-2.372260808944702,0.21957217156887054,0.22198526561260223,0.029152769595384598,0.07583703845739365,0.04296068474650383,-0.15702581405639648,0.036696091294288635,-0.10540815442800522,-0.06717237830162048,0.13599032163619995,-0.08230841159820557,-0.21146875619888306,0.01459698099642992,0.23889689147472382
1.601,-0.04075344651937485,0.13082636892795563,0.055309876799583435,-0.12806487083435059,0.07612540572881699,-0.09176578372716904,-0.30338022112846375,0.1118139699101448,-0.9462864398956299,0.20000000298023224,0.0,0.0,0.0,0.35420849919319153,0.4776504635810852,-0.12365835160017014,0.42742371559143066,0.3263664245605469,0.0931394100189209,0.3040217161178589,-1.2725762128829956,-0.5708479881286621,-0.6223151683807373,2.1282100677490234,2.4548730850219727,-3.1388816833496094,-2.3676469326019287,0.22791217267513275,0.23023638129234314,0.021373169496655464,0.08256909251213074,0.04211258143186569,-0.16521874070167542,0.028259938582777977,-0.09965160489082336,-0.07234658300876617,0.13984212279319763,-0.0689164400100708,-0.22060222923755646,0.007332260720431805,0.22080962359905243,0.5944560766220093,-0.3290373682975769,-0.2008664757013321,1.4697511196136475,-0.17868059873580933,-0.6361706852912903,2.511957883834839,-0.8480172157287598,1.4568482637405396,1.383044719696045,0.8871439099311829,0.9456750154495239,-2.1469264030456543,-0.5869238972663879,4.421000003814697,0.597843587398529,-0.3356876075267792,-0.191188246011734,1.4700268507003784,-0.17873729765415192,-0.640960156917572,2.518416166305542,-0.8522679209709167,1.4534528255462646,1.3863270282745361,0.8890385627746582,0.9353877902030945,-2.146026611328125,-0.5757250785827637,0.29592642188072205,-0.15729692578315735,-0.10622121393680573,0.7361573576927185,0.32098713517189026,0.0951346606016159,0.5528427958488464,-1.1212918758392334,-0.5413260459899902,-0.5835265517234802,2.118541717529297,2.156843662261963,-2.795443534851074,-2.0229811668395996,0.3563808500766754,0.4798632562160492,-0.12355177849531174,0.4281589388847351,0.3266662657260895,0.09165909141302109,0.30429768562316895,-1.2736055850982666,-0.5713698267936707,-0.6212440729141235,2.127601146697998,2.4526889324188232,-3.1388320922851562,-2.365384578704834,0.2093130499124527,0.21461360156536102,-0.01297129224985838,0.06749900430440903,0.022840002551674843,-0.1357487142086029,0.032824017107486725,-0.10569245368242264,-0.03836076334118843,0.08470770716667175,-0.04937419295310974,-0.2095918208360672,-0.004087091889232397,0.21527890861034393
1.62,-0.04430045187473297,0.12506739795207977,0.051682692021131516,-0.12883633375167847,0.07829982787370682,-0.09326039254665375,-0.30212655663490295,0.11372843384742737,-0.9464594125747681,0.20000000298023224,0.0,0.0,0.0,0.35867607593536377,0.48218560218811035,-0.12327531725168228,0.4289708435535431,0.32705485820770264,0.08998260647058487,0.3044874668121338,-1.2746561765670776,-0.5720832347869873,-0.6198741793632507,2.127012014389038,2.4503989219665527,-3.138770341873169,-2.3630244731903076,0.23141376674175262,0.23406721651554108,0.0013057191390544176,0.08375024795532227,0.041396938264369965,-0.1682395488023758,0.03520214185118675,-0.10768601298332214,-0.07945294678211212,0.13487392663955688,-0.052463725209236145,-0.2290586531162262,-0.010989692993462086,0.2360365390777588,0.597843587398529,-0.3356876075267792,-0.191188246011734,1.4700268507003784,-0.17873729765415192,-0.640960156917572,2.518416166305542,-0.8522679209709167,1.4534528255462646,1.3863270282745361,0.8890385627746582,0.9353877902030945,-2.146026611328125,-0.5757250785827637,4.401000022888184,0.5995999574661255,-0.34582212567329407,-0.18312379717826843,1.467397928237915,-0.17800410091876984,-0.6478187441825867,2.524575710296631,-0.8536147475242615,1.4498183727264404,1.3934310674667358,0.8921297788619995,0.9212870001792908,-2.1456100940704346,-0.5622959733009338,0.29708850383758545,-0.16198116540908813,-0.10182341933250427,0.7354198694229126,0.32105037569999695,0.09248144924640656,0.5562463402748108,-1.122376561164856,-0.5429354906082153,-0.5809339284896851,2.119598627090454,2.1507835388183594,-2.795222043991089,-2.017001152038574,0.35867607593536377,0.48218560218811035,-0.12327531725168228,0.4289708435535431,0.32705485820770264,0.08998260647058487,0.3044874668121338,-1.2746561765670776,-0.5720832347869873,-0.6198741793632507,2.127012014389038,2.4503989219665527,-3.138770341873169,-2.3630244731903076,0.23141376674175262,0.23406721651554108,0.0013057191390544176,0.08375024795532227,0.041396938264369965,-0.1682395488023758,0.03520214185118675,-0.10768601298332214,-0.07945294678211212,0.13487392663955688,-0.052463725209236145,-0.2290586531162262,-0.010989692993462086,0.2360365390777588
1.6400000000000001,-0.04430045187473297,0.12506739795207977,0.051682692021131516,-0.13019989430904388,0.07996318489313126,-0.09349648654460907,-0.30083802342414856,0.11570057272911072,-0.9466307759284973,0.20000000298023224,0.0,0.0,0.0,0.3632633686065674,0.48683711886405945,-0.12276473641395569,0.430603951215744,0.3277808129787445,0.0866449847817421,0.3047187924385071,-1.2768993377685547,-0.5735374689102173,-0.6173014044761658,2.1259853839874268,2.445817708969116,-3.1386547088623047,-2.358229160308838,0.23579785227775574,0.23839573562145233,0.03741860017180443,0.08825388550758362,0.03787033259868622,-0.17568014562129974,0.004490942228585482,-0.11310283839702606,-0.08125512301921844,0.1390066146850586,-0.047791432589292526,-0.23400789499282837,0.00386740337125957,0.24209563434123993,0.5995999574661255,-0.34582212567329407,-0.18312379717826843,1.467397928237915,-0.17800410091876984,-0.6478187441825867,2.524575710296631,-0.8536147475242615,1.4498183727264404,1.3934310674667358,0.8921297788619995,0.9212870001792908,-2.1456100940704346,-0.5622959733009338,4.38100004196167,0.6037184000015259,-0.3536413013935089,-0.1721348613500595,1.4671176671981812,-0.17852093279361725,-0.6511006951332092,2.531191349029541,-0.8571901321411133,1.4462913274765015,1.395939826965332,0.8927920460700989,0.9117113947868347,-2.1437036991119385,-0.5510333776473999,0.29851970076560974,-0.16643300652503967,-0.09709662199020386,0.7348615527153015,0.3210171163082123,0.09013190865516663,0.5596211552619934,-1.1236721277236938,-0.5445911288261414,-0.5787427425384521,2.1204378604888916,2.1451053619384766,-2.794780969619751,-2.0111258029937744,0.3632633686065674,0.48683711886405945,-0.12276473641395569,0.430603951215744,0.3277808129787445,0.0866449847817421,0.3047187924385071,-1.2768993377685547,-0.5735374689102173,-0.6173014044761658,2.1259853839874268,2.445817708969116,-3.1386547088623047,-2.358229160308838,0.23579785227775574,0.23839573562145233,0.03741860017180443,0.08825388550758362,0.03787033259868622,-0.17568014562129974,0.004490942228585482,-0.11310283839702606,-0.08125512301921844,0.1390066146850586,-0.047791432589292526,-0.23400789499282837,0.00386740337125957,0.24209563434123993
1.661,-0.04712479189038277,0.12010848522186279,0.04536619037389755,-0.1347266286611557,0.08226099610328674,-0.09448651224374771,-0.2995302379131317,0.11765817552804947,-0.9468042254447937,0.20000000298023224,0.0,0.0,0.0,0.3678812086582184,0.4915258586406708,-0.12222377210855484,0.4322638511657715,0.3284372389316559,0.08325042575597763,0.30477866530418396,-1.27931809425354,-0.5749861598014832,-0.6147786378860474,2.125088691711426,2.441223382949829,-3.1385436058044434,-2.3533084392547607,0.23747216165065765,0.24029605090618134,0.05422670766711235,0.08988001197576523,0.03860362619161606,-0.1758417785167694,-0.008116486482322216,-0.12014499306678772,-0.08875712752342224,0.13156791031360626,-0.05301016569137573,-0.23509159684181213,0.016319241374731064,0.24546748399734497,0.6037184000015259,-0.3536413013935089,-0.1721348613500595,1.4671176671981812,-0.17852093279361725,-0.6511006951332092,2.531191349029541,-0.8571901321411133,1.4462913274765015,1.395939826965332,0.8927920460700989,0.9117113947868347,-2.1437036991119385,-0.5510333776473999,4.361000061035156,0.606660783290863,-0.36448246240615845,-0.16190440952777863,1.4639711380004883,-0.1785590797662735,-0.6561697125434875,2.5364339351654053,-0.858799159526825,1.4444103240966797,1.401520848274231,0.8947504758834839,0.8981379270553589,-2.141308307647705,-0.5371747016906738,0.2999629080295563,-0.17117547988891602,-0.09225329756736755,0.7339987754821777,0.32098811864852905,0.08772687613964081,0.562769889831543,-1.124820351600647,-0.5460322499275208,-0.5763717889785767,2.121319055557251,2.139094352722168,-2.7941129207611084,-2.004934310913086,0.3678812086582184,0.4915258586406708,-0.12222377210855484,0.4322638511657715,0.3284372389316559,0.08325042575597763,0.30477866530418396,-1.27931809425354,-0.5749861598014832,-0.6147786378860474,2.125088691711426,2.441223382949829,-3.1385436058044434,-2.3533084392547607,0.23747216165065765,0.24029605090618134,0.05422670766711235,0.08988001197576523,0.03860362619161606,-0.1758417785167694,-0.008116486482322216,-0.12014499306678772,-0.08875712752342224,0.13156791031360626,-0.05301016569137573,-0.23509159684181213,0.016319241374731064,0.24546748399734497
1.6800000000000002,-0.04712479189038277,0.12010848522186279,0.04536619037389755,-0.12783914804458618,0.08237136155366898,-0.09476325660943985,-0.2982083857059479,0.11960294842720032,-0.9469777941703796,0.20000000298023224,0.0,0.0,0.0,0.3725171983242035,0.49623939394950867,-0.12167956680059433,0.4339485168457031,0.329061895608902,0.07983940094709396,0.30469810962677,-1.2817785739898682,-0.5764856934547424,-0.6123563647270203,2.1242949962615967,2.4365856647491455,-3.138479709625244,-2.3484272956848145,0.23799379169940948,0.2411525994539261,0.041968487203121185,0.09129977226257324,0.0340130478143692,-0.17841480672359467,-0.011178499087691307,-0.12261241674423218,-0.08595103025436401,0.13028675317764282,-0.040206193923950195,-0.23619075119495392,0.0021044581662863493,0.24406027793884277,0.606660783290863,-0.36448246240615845,-0.16190440952777863,1.4639711380004883,-0.1785590797662735,-0.6561697125434875,2.5364339351654053,-0.858799159526825,1.4444103240966797,1.401520848274231,0.8947504758834839,0.8981379270553589,-2.141308307647705,-0.5371747016906738,4.341000080108643,0.6101309657096863,-0.37044015526771545,-0.15184763073921204,1.46394681930542,-0.17799174785614014,-0.6620188355445862,2.541839599609375,-0.8625487685203552,1.4404420852661133,1.4058581590652466,0.8968170285224915,0.8872900605201721,-2.139378309249878,-0.5250881314277649,0.30149367451667786,-0.1753888577222824,-0.08735445141792297,0.7333911657333374,0.3210529088973999,0.08516599237918854,0.5657848715782166,-1.1261866092681885,-0.5476362705230713,-0.5740615129470825,2.1222457885742188,2.1332597732543945,-2.793355703353882,-1.9987871646881104,0.3725171983242035,0.49623939394950867,-0.12167956680059433,0.4339485168457031,0.329061895608902,0.07983940094709396,0.30469810962677,-1.2817785739898682,-0.5764856934547424,-0.6123563647270203,2.1242949962615967,2.4365856647491455,-3.138479709625244,-2.3484272956848145,0.23799379169940948,0.2411525994539261,0.041968487203121185,0.09129977226257324,0.0340130478143692,-0.17841480672359467,-0.011178499087691307,-0.12261241674423218,-0.08595103025436401,0.13028675317764282,-0.040206193923950195,-0.23619075119495392,0.0021044581662863493,0.24406027793884277
1.7,-0.04883456975221634,0.11598094552755356,0.03916841372847557,-0.12891682982444763,0.08338242024183273,-0.0955820381641388,-0.29685989022254944,0.12159222364425659,-0.9471480846405029,0.20000000298023224,0.0,0.0,0.0,0.3772362470626831,0.5010323524475098,-0.12104916572570801,0.43570271134376526,0.3297027051448822,0.07628511637449265,0.3044968247413635,-1.2843410968780518,-0.5781197547912598,-0.6098007559776306,2.123558521270752,2.4318835735321045,-3.138437509536743,-2.343430757522583,0.2387937754392624,0.24234618246555328,0.03606356680393219,0.0910152792930603,0.033677224069833755,-0.18030937016010284,-0.015413947403430939,-0.13254888355731964,-0.08869634568691254,0.1283925622701645,-0.035536766052246094,-0.23561130464076996,0.002956029726192355,0.2535999119281769,0.6101309657096863,-0.37044015526771545,-0.15184763073921204,1.46394681930542,-0.17799174785614014,-0.6620188355445862,2.541839599609375,-0.8625487685203552,1.4404420852661133,1.4058581590652466,0.8968170285224915,0.8872900605201721,-2.139378309249878,-0.5250881314277649,4.321000099182129,0.6121388077735901,-0.3795815706253052,-0.142328143119812,1.4612832069396973,-0.17759181559085846,-0.668659508228302,2.546132802963257,-0.8644751906394958,1.4372307062149048,1.4126819372177124,0.8992553353309631,0.8738297820091248,-2.1370503902435303,-0.5110538601875305,0.3028663992881775,-0.17970943450927734,-0.08249733597040176,0.7325662970542908,0.3211582601070404,0.08237726986408234,0.5685393810272217,-1.127431869506836,-0.5492408275604248,-0.5714207887649536,2.123260259628296,2.1271562576293945,-2.7924766540527344,-1.992379069328308,0.3795161247253418,0.5033648014068604,-0.12082986533641815,0.4365287721157074,0.32993030548095703,0.07465644925832748,0.304373174905777,-1.2856990098953247,-0.5787864923477173,-0.6088173985481262,2.1232287883758545,2.4296250343322754,-3.1384260654449463,-2.340956449508667,0.22018024325370789,0.2267097681760788,0.030408967286348343,0.07847806811332703,0.014672874473035336,-0.1476561427116394,-0.021554581820964813,-0.13572868704795837,-0.05047720670700073,0.07196546345949173,-0.032231979072093964,-0.21537892520427704,0.005541381426155567,0.2325657606124878
1.721,-0.04883456975221634,0.11598094552755356,0.03916841372847557,-0.1337452530860901,0.08381462097167969,-0.0932537242770195,-0.2955201268196106,0.12350340187549591,-0.9473198056221008,0.20000000298023224,0.0,0.0,0.0,0.38187137246131897,0.5057604312896729,-0.12047439068555832,0.4374123513698578,0.3302057683467865,0.07287569344043732,0.3041726052761078,-1.2870005369186401,-0.5795571804046631,-0.607574462890625,2.1229379177093506,2.427283525466919,-3.1383917331695557,-2.338491678237915,0.24290570616722107,0.24597260355949402,0.01942838542163372,0.09600843489170074,0.03335946053266525,-0.18702372908592224,-0.009849541820585728,-0.1283269226551056,-0.09179366379976273,0.13744725286960602,-0.021731659770011902,-0.2387903779745102,-0.009961328469216824,0.2457321733236313,0.6121388077735901,-0.3795815706253052,-0.142328143119812,1.4612832069396973,-0.17759181559085846,-0.668659508228302,2.546132802963257,-0.8644751906394958,1.4372307062149048,1.4126819372177124,0.8992553353309631,0.8738297820091248,-2.1370503902435303,-0.5110538601875305,4.301000118255615,0.6164364218711853,-0.3851530849933624,-0.13227462768554688,1.46088707447052,-0.17717856168746948,-0.6736080646514893,2.5512375831604004,-0.8691732883453369,1.4333882331848145,1.4161632061004639,0.9018861055374146,0.8622135519981384,-2.134894847869873,-0.49850842356681824,0.3044719398021698,-0.18356956541538239,-0.07758933305740356,0.7319294810295105,0.32129400968551636,0.07968287914991379,0.5712332129478455,-1.1290082931518555,-0.5509403944015503,-0.5690500736236572,2.1243650913238525,2.1211414337158203,-2.7915377616882324,-1.9860116243362427,0.38187137246131897,0.5057604312896729,-0.12047439068555832,0.4374123513698578,0.3302057683467865,0.07287569344043732,0.3041726052761078,-1.2870005369186401,-0.5795571804046631,-0.607574462890625,2.1229379177093506,2.427283525466919,-3.1383917331695557,-2.338491678237915,0.24290570616722107,0.24597260355949402,0.01942838542163372,0.09600843489170074,0.03335946053266525,-0.18702372908592224,-0.009849541820585728,-0.1283269226551056,-0.09179366379976273,0.13744725286960602,-0.021731659770011902,-0.2387903779745102,-0.009961328469216824,0.2457321733236313
1.741,-0.049977224320173264,0.1115584671497345,0.03498019650578499,-0.132579043507576,0.08493968099355698,-0.094063900411129,-0.2941548228263855,0.12550558149814606,-0.9474815726280212,0.20000000298023224,0.0,0.0,0.0,0.3866339325904846,0.5105955600738525,-0.11972185224294662,0.43925124406814575,0.3307848572731018,0.06920602172613144,0.30368345975875854,-1.2896857261657715,-0.5812596082687378,-0.6049712300300598,2.1224424839019775,2.4225692749023438,-3.13835072517395,-2.333421468734741,0.2430838644504547,0.2461671382188797,0.022059129551053047,0.09657297283411026,0.034481167793273926,-0.18965236842632294,-0.01569882594048977,-0.13929148018360138,-0.09862010926008224,0.13807648420333862,-0.016088120639324188,-0.23671719431877136,-0.012239129282534122,0.260468065738678,0.6164364218711853,-0.3851530849933624,-0.13227462768554688,1.46088707447052,-0.17717856168746948,-0.6736080646514893,2.5512375831604004,-0.8691732883453369,1.4333882331848145,1.4161632061004639,0.9018861055374146,0.8622135519981384,-2.134894847869873,-0.49850842356681824,4.281000137329102,0.6185064911842346,-0.39462971687316895,-0.1233171820640564,1.4586455821990967,-0.17689284682273865,-0.6798547506332397,2.5555450916290283,-0.8712592720985413,1.4292348623275757,1.4224815368652344,0.9045162200927734,0.8494191765785217,-2.132812261581421,-0.48474040627479553,0.3059063255786896,-0.18769314885139465,-0.0728101134300232,0.7311474680900574,0.32143187522888184,0.07685980200767517,0.5737650394439697,-1.1304247379302979,-0.5527530312538147,-0.5664428472518921,2.125533103942871,2.1150119304656982,-2.7905683517456055,-1.9794892072677612,0.38894739747047424,0.5129572153091431,-0.1194080337882042,0.4401289224624634,0.3310158848762512,0.06748448312282562,0.3034144937992096,-1.2911193370819092,-0.5820226669311523,-0.6038926839828491,2.1222152709960938,2.4203033447265625,-3.1383306980133057,-2.330864429473877,0.2229422926902771,0.2290380597114563,0.042694300413131714,0.08276169747114182,0.015272455289959908,-0.15645600855350494,-0.033173270523548126,-0.14414197206497192,-0.059756431728601456,0.08130612224340439,-0.02899971418082714,-0.21566906571388245,0.012978855520486832,0.24147959053516388
1.76,-0.049977224320173264,0.1115584671497345,0.03498019650578499,-0.13849063217639923,0.08564431965351105,-0.09308604151010513,-0.2927852272987366,0.1274908185005188,-0.9476407170295715,0.20000000298023224,0.0,0.0,0.0,0.39137864112854004,0.5154173374176025,-0.11893119663000107,0.44109416007995605,0.33135977387428284,0.06554364413022995,0.3030592203140259,-1.292517900466919,-0.5830158591270447,-0.6024390459060669,2.122039318084717,2.4179329872131348,-3.138293743133545,-2.3282463550567627,0.2449076622724533,0.24770162999629974,0.05264455825090408,0.09974902123212814,0.03392748907208443,-0.19210116565227509,-0.036662064492702484,-0.1405748426914215,-0.10179397463798523,0.13926826417446136,-0.020840680226683617,-0.23761612176895142,0.009038968943059444,0.26179978251457214,0.6185064911842346,-0.39462971687316895,-0.1233171820640564,1.4586455821990967,-0.17689284682273865,-0.6798547506332397,2.5555450916290283,-0.8712592720985413,1.4292348623275757,1.4224815368652344,0.9045162200927734,0.8494191765785217,-2.132812261581421,-0.48474040627479553,4.261000156402588,0.6233271956443787,-0.4017128050327301,-0.11183682084083557,1.4579663276672363,-0.17724333703517914,-0.683113157749176,2.5603153705596924,-0.8755832314491272,1.4257298707962036,1.4247597455978394,0.9059339761734009,0.8393934965133667,-2.129500389099121,-0.4724397659301758,0.30763351917266846,-0.1916421353816986,-0.06774260103702545,0.730498194694519,0.3214758038520813,0.07439488917589188,0.576252818107605,-1.1320648193359375,-0.5545476675033569,-0.5642760396003723,2.126563310623169,2.109217405319214,-2.7893929481506348,-1.9730783700942993,0.39137864112854004,0.5154173374176025,-0.11893119663000107,0.44109416007995605,0.33135977387428284,0.06554364413022995,0.3030592203140259,-1.292517900466919,-0.5830158591270447,-0.6024390459060669,2.122039318084717,2.4179329872131348,-3.138293743133545,-2.3282463550567627,0.2449076622724533,0.24770162999629974,0.05264455825090408,0.09974902123212814,0.03392748907208443,-0.19210116565227509,-0.036662064492702484,-0.1405748426914215,-0.10179397463798523,0.13926826417446136,-0.020840680226683617,-0.23761612176895142,0.009038968943059444,0.26179978251457214
1.7810000000000001,-0.050418198108673096,0.10738608241081238,0.03271366283297539,-0.12995316088199615,0.08565300703048706,-0.09264343231916428,-0.2914014458656311,0.12948626279830933,-0.947796642780304,0.20000000298023224,0.0,0.0,0.0,0.39615076780319214,0.5202640891075134,-0.1180943101644516,0.4429776072502136,0.33196619153022766,0.06187129020690918,0.30233335494995117,-1.2954037189483643,-0.5849072337150574,-0.5999547243118286,2.121736526489258,2.413283348083496,-3.1382477283477783,-2.3229851722717285,0.24366191029548645,0.2467205971479416,0.07028785347938538,0.10011131316423416,0.03527825325727463,-0.18860842287540436,-0.04691983014345169,-0.1476946920156479,-0.10702784359455109,0.1304444670677185,-0.022525841370224953,-0.23273417353630066,0.01482704933732748,0.2675379812717438,0.6233271956443787,-0.4017128050327301,-0.11183682084083557,1.4579663276672363,-0.17724333703517914,-0.683113157749176,2.5603153705596924,-0.8755832314491272,1.4257298707962036,1.4247597455978394,0.9059339761734009,0.8393934965133667,-2.129500389099121,-0.4724397659301758,4.241000175476074,0.6255558133125305,-0.4108094274997711,-0.102927565574646,1.4557706117630005,-0.17672012746334076,-0.6894145607948303,2.564147710800171,-0.8777475357055664,1.4209644794464111,1.4307599067687988,0.9080764651298523,0.82779461145401,-2.1268274784088135,-0.4589233100414276,0.30917683243751526,-0.19577090442180634,-0.0628589540719986,0.7297143340110779,0.3215850591659546,0.07172423601150513,0.5785691738128662,-1.1335375308990479,-0.5565186738967896,-0.5618592500686646,2.12760591506958,2.103421211242676,-2.7881691455841064,-1.9665634632110596,0.39615076780319214,0.5202640891075134,-0.1180943101644516,0.4429776072502136,0.33196619153022766,0.06187129020690918,0.30233335494995117,-1.2954037189483643,-0.5849072337150574,-0.5999547243118286,2.121736526489258,2.413283348083496,-3.1382477283477783,-2.3229851722717285,0.24366191029548645,0.2467205971479416,0.07028785347938538,0.10011131316423416,0.03527825325727463,-0.18860842287540436,-0.04691983014345169,-0.1476946920156479,-0.10702784359455109,0.1304444670677185,-0.022525841370224953,-0.23273417353630066,0.01482704933732748,0.2675379812717438
1.8,-0.050418198108673096,0.10738608241081238,0.03271366283297539,-0.13083884119987488,0.08641614019870758,-0.0919344574213028,-0.2900135815143585,0.131450816988945,-0.9479519128799438,0.20000000298023224,0.0,0.0,0.0,0.40087801218032837,0.5250764489173889,-0.1173134595155716,0.4448310434818268,0.3325415551662445,0.05825125426054001,0.3015569746494293,-1.2984226942062378,-0.5867650508880615,-0.597596287727356,2.1214754581451416,2.408724069595337,-3.1382176876068115,-2.3176231384277344,0.24488948285579681,0.2479056417942047,0.05204010754823685,0.10129616409540176,0.03518291935324669,-0.18984895944595337,-0.04507580026984215,-0.1478428989648819,-0.10971735417842865,0.13016489148139954,-0.00978857185691595,-0.23449622094631195,0.0006213676533661783,0.2696954607963562,0.6255558133125305,-0.4108094274997711,-0.102927565574646,1.4557706117630005,-0.17672012746334076,-0.6894145607948303,2.564147710800171,-0.8777475357055664,1.4209644794464111,1.4307599067687988,0.9080764651298523,0.82779461145401,-2.1268274784088135,-0.4589233100414276,4.2210001945495605,0.6290175914764404,-0.4160308837890625,-0.09360635280609131,1.455420732498169,-0.17617209255695343,-0.6954984664916992,2.5680954456329346,-0.8820394277572632,1.4163331985473633,1.4351935386657715,0.9108304977416992,0.8170164227485657,-2.1244845390319824,-0.4461982846260071,0.31077641248703003,-0.1994442641735077,-0.058042220771312714,0.7291131019592285,0.3217437267303467,0.06894218921661377,0.5807827711105347,-1.1352121829986572,-0.5585930943489075,-0.5595024228096008,2.128748655319214,2.097747325897217,-2.786961078643799,-1.9600942134857178,0.40087801218032837,0.5250764489173889,-0.1173134595155716,0.4448310434818268,0.3325415551662445,0.05825125426054001,0.3015569746494293,-1.2984226942062378,-0.5867650508880615,-0.597596287727356,2.1214754581451416,2.408724069595337,-3.1382176876068115,-2.3176231384277344,0.24488948285579681,0.2479056417942047,0.05204010754823685,0.10129616409540176,0.03518291935324669,-0.18984895944595337,-0.04507580026984215,-0.1478428989648819,-0.10971735417842865,0.13016489148139954,-0.00978857185691595,-0.23449622094631195,0.0006213676533661783,0.2696954607963562
1.822,-0.050400905311107635,0.1035088375210762,0.027363358065485954,-0.12938731908798218,0.08717083930969238,-0.09279404580593109,-0.288601279258728,0.13348934054374695,-0.9480980634689331,0.20000000298023224,0.0,0.0,0.0,0.40569937229156494,0.5299691557884216,-0.1164313554763794,0.44676172733306885,0.3332301080226898,0.05447959154844284,0.3006879985332489,-1.3014765977859497,-0.5888950228691101,-0.595020055770874,2.121291399002075,2.404085636138916,-3.138171911239624,-2.3120968341827393,0.24336479604244232,0.24669407308101654,0.02402546815574169,0.09885535389184952,0.03676263242959976,-0.18946871161460876,-0.03253811597824097,-0.15625645220279694,-0.11330731958150864,0.12830932438373566,-0.0006552304257638752,-0.23185504972934723,-0.011421062983572483,0.2813012897968292,0.6290175914764404,-0.4160308837890625,-0.09360635280609131,1.455420732498169,-0.17617209255695343,-0.6954984664916992,2.5680954456329346,-0.8820394277572632,1.4163331985473633,1.4351935386657715,0.9108304977416992,0.8170164227485657,-2.1244845390319824,-0.4461982846260071,4.199999809265137,0.6302515268325806,-0.4235014319419861,-0.08520995080471039,1.4531909227371216,-0.17548754811286926,-0.7036988139152527,2.570281982421875,-0.8848130106925964,1.4114489555358887,1.442821741104126,0.9144015312194824,0.8036993741989136,-2.122264862060547,-0.431649386882782,0.3120812177658081,-0.20313619077205658,-0.05341104790568352,0.7283577919006348,0.32195746898651123,0.06576471030712128,0.5826602578163147,-1.1368005275726318,-0.5607778429985046,-0.5567084550857544,2.130084276199341,2.091778039932251,-2.7857825756073,-1.9533833265304565,0.4080083966255188,0.532331109046936,-0.11611048132181168,0.44765472412109375,0.3334865868091583,0.05276147276163101,0.3002651631832123,-1.3030668497085571,-0.5897906422615051,-0.5940282940864563,2.121206283569336,2.4018747806549072,-3.13816237449646,-2.3093526363372803,0.22111794352531433,0.22793163359165192,0.0048790015280246735,0.0821574479341507,0.017644815146923065,-0.15578332543373108,-0.029064355418086052,-0.15819261968135834,-0.07146706432104111,0.07312355935573578,-0.005377784371376038,-0.2109387069940567,-0.009595812298357487,0.2587467432022095
1.841,-0.050400905311107635,0.1035088375210762,0.027363358065485954,-0.1328575611114502,0.08787228167057037,-0.09063944220542908,-0.2871987223625183,0.13546153903007507,-0.9482442140579224,0.20000000298023224,0.0,0.0,0.0,0.41041824221611023,0.5347754955291748,-0.11559860408306122,0.44861793518066406,0.33383709192276,0.05082183703780174,0.29972901940345764,-1.3045518398284912,-0.5908716917037964,-0.5926448702812195,2.1211934089660645,2.3995301723480225,-3.1380772590637207,-2.306617498397827,0.24685338139533997,0.24951566755771637,0.07769095152616501,0.10422497987747192,0.035510119050741196,-0.19453513622283936,-0.06543928384780884,-0.14915575087070465,-0.11352360993623734,0.13645504415035248,-0.002805044176056981,-0.23557046055793762,0.019691266119480133,0.2758863866329193,0.6302515268325806,-0.4235014319419861,-0.08520995080471039,1.4531909227371216,-0.17548754811286926,-0.7036988139152527,2.570281982421875,-0.8848130106925964,1.4114489555358887,1.442821741104126,0.9144015312194824,0.8036993741989136,-2.122264862060547,-0.431649386882782,4.181000232696533,0.6346583962440491,-0.4312102198600769,-0.07361096143722534,1.4525176286697388,-0.17564283311367035,-0.7065356373786926,2.574991226196289,-0.8892226815223694,1.4070360660552979,1.4452992677688599,0.9152287244796753,0.7941973805427551,-2.118114709854126,-0.4191868305206299,0.3136556148529053,-0.20687687397003174,-0.048429377377033234,0.7277281284332275,0.32208380103111267,0.0631149560213089,0.5846809148788452,-1.1385737657546997,-0.5629690885543823,-0.5543810129165649,2.13114333152771,2.086174249649048,-2.784334897994995,-1.9468164443969727,0.41272804141044617,0.5371336340904236,-0.1152728796005249,0.4495207965373993,0.3341010808944702,0.04904063045978546,0.29924431443214417,-1.3060964345932007,-0.5918112397193909,-0.5915440320968628,2.1212103366851807,2.397279739379883,-3.138046979904175,-2.303875684738159,0.22126370668411255,0.22758802771568298,0.034362729638814926,0.08379213511943817,0.01885191909968853,-0.1634507179260254,-0.053066685795784,-0.1560116708278656,-0.0766868144273758,0.08651541918516159,-0.0011450675083324313,-0.21259604394435883,0.005218271631747484,0.26006922125816345
1.8599999999999999,-0.048980772495269775,0.09913026541471481,0.024017848074436188,-0.13209964334964752,0.0878656879067421,-0.09018741548061371,-0.2857895791530609,0.13744603097438812,-0.9483843445777893,0.20000000298023224,0.0,0.0,0.0,0.41513314843177795,0.5395705699920654,-0.1147686317563057,0.4504888951778412,0.3344901502132416,0.047094136476516724,0.2986704111099243,-1.3076331615447998,-0.5929857492446899,-0.5901525020599365,2.1212408542633057,2.394960641860962,-3.137960910797119,-2.3010475635528564,0.24404476583003998,0.24677139520645142,0.07129685580730438,0.10207866132259369,0.04055410996079445,-0.19294540584087372,-0.06236554682254791,-0.15487723052501678,-0.12336460500955582,0.13423626124858856,-0.002071936381980777,-0.23124776780605316,0.016514385119080544,0.2838141620159149,0.6346583962440491,-0.4312102198600769,-0.07361096143722534,1.4525176286697388,-0.17564283311367035,-0.7065356373786926,2.574991226196289,-0.8892226815223694,1.4070360660552979,1.4452992677688599,0.9152287244796753,0.7941973805427551,-2.118114709854126,-0.4191868305206299,4.160999774932861,0.6367390751838684,-0.43917831778526306,-0.0656680166721344,1.4503482580184937,-0.17555277049541473,-0.712949812412262,2.577101230621338,-0.8924073576927185,1.4019734859466553,1.4509414434432983,0.9182519316673279,0.7822207808494568,-2.1156575679779053,-0.4055382013320923,0.3150697946548462,-0.21069055795669556,-0.04375076666474342,0.7269619107246399,0.322185754776001,0.060297995805740356,0.5864118337631226,-1.1402926445007324,-0.5652623176574707,-0.5519055128097534,2.132338047027588,2.0804550647735596,-2.7829532623291016,-1.9401721954345703,0.41513314843177795,0.5395705699920654,-0.1147686317563057,0.4504888951778412,0.3344901502132416,0.047094136476516724,0.2986704111099243,-1.3076331615447998,-0.5929857492446899,-0.5901525020599365,2.1212408542633057,2.394960641860962,-3.137960910797119,-2.3010475635528564,0.24404476583003998,0.24677139520645142,0.07129685580730438,0.10207866132259369,0.04055410996079445,-0.19294540584087372,-0.06236554682254791,-0.15487723052501678,-0.12336460500955582,0.13423626124858856,-0.002071936381980777,-0.23124776780605316,0.016514385119080544,0.2838141620159149
1.88,-0.048980772495269775,0.09913026541471481,0.024017848074436188,-0.1290641874074936,0.0876334011554718,-0.08871885389089584,-0.2843802869319916,0.13942068815231323,-0.948519766330719,0.20000000298023224,0.0,0.0,0.0,0.41981041431427,0.5443295240402222,-0.11394958943128586,0.452340304851532,0.3351944088935852,0.04340396076440811,0.29757851362228394,-1.3107867240905762,-0.5951969027519226,-0.5877118110656738,2.1213271617889404,2.39046573638916,-3.1378469467163086,-2.295368194580078,0.2418731302022934,0.2446526736021042,0.05716762691736221,0.10091058164834976,0.040863167494535446,-0.1920064091682434,-0.06395474821329117,-0.15569211542606354,-0.1254521608352661,0.13285723328590393,0.008971044793725014,-0.2298256754875183,0.007880288176238537,0.28808531165122986,0.6367390751838684,-0.43917831778526306,-0.0656680166721344,1.4503482580184937,-0.17555277049541473,-0.712949812412262,2.577101230621338,-0.8924073576927185,1.4019734859466553,1.4509414434432983,0.9182519316673279,0.7822207808494568,-2.1156575679779053,-0.4055382013320923,4.140999794006348,0.6399790048599243,-0.4441121816635132,-0.056189849972724915,1.4498350620269775,-0.17488379776477814,-0.7193410992622375,2.5800678730010986,-0.896841287612915,1.3966178894042969,1.4557311534881592,0.9210108518600464,0.7715661525726318,-2.112700939178467,-0.39246582984924316,0.3165457248687744,-0.21410022675991058,-0.039054013788700104,0.7263486385345459,0.3223574757575989,0.05736743286252022,0.5880684852600098,-1.1421610116958618,-0.5676709413528442,-0.5494542121887207,2.1335883140563965,2.0748534202575684,-2.7815425395965576,-1.9335603713989258,0.41981041431427,0.5443295240402222,-0.11394958943128586,0.452340304851532,0.3351944088935852,0.04340396076440811,0.29757851362228394,-1.3107867240905762,-0.5951969027519226,-0.5877118110656738,2.1213271617889404,2.39046573638916,-3.1378469467163086,-2.295368194580078,0.2418731302022934,0.2446526736021042,0.05716762691736221,0.10091058164834976,0.040863167494535446,-0.1920064091682434,-0.06395474821329117,-0.15569211542606354,-0.1254521608352661,0.13285723328590393,0.008971044793725014,-0.2298256754875183,0.007880288176238537,0.28808531165122986
1.9,-0.04729503393173218,0.09657711535692215,0.021139882504940033,-0.12808775901794434,0.08779679238796234,-0.08803000301122665,-0.28297141194343567,0.14141273498535156,-0.9486461877822876,0.20000000298023224,0.0,0.0,0.0,0.4244700074195862,0.5490640997886658,-0.1131059005856514,0.45419400930404663,0.33594152331352234,0.039658647030591965,0.29641851782798767,-1.3139501810073853,-0.5975069403648376,-0.5851477980613708,2.121497631072998,2.38598895072937,-3.137697458267212,-2.289593458175659,0.24008633196353912,0.24279814958572388,0.05944978445768356,0.10004109889268875,0.04304882511496544,-0.19094565510749817,-0.06549417227506638,-0.1585063487291336,-0.12979421019554138,0.1320580244064331,0.011284721083939075,-0.22701342403888702,0.010240872390568256,0.29413437843322754,0.6399790048599243,-0.4441121816635132,-0.056189849972724915,1.4498350620269775,-0.17488379776477814,-0.7193410992622375,2.5800678730010986,-0.896841287612915,1.3966178894042969,1.4557311534881592,0.9210108518600464,0.7715661525726318,-2.112700939178467,-0.39246582984924316,4.120999813079834,0.6420013904571533,-0.45068809390068054,-0.04770633578300476,1.4482823610305786,-0.1745842546224594,-0.7257448434829712,2.5815160274505615,-0.9005183577537537,1.3910245895385742,1.4612066745758057,0.9235103130340576,0.7607349157333374,-2.109764814376831,-0.3791233003139496,0.317882239818573,-0.2174733728170395,-0.03449375927448273,0.7256863713264465,0.3225226104259491,0.054355476051568985,0.5894453525543213,-1.144020438194275,-0.5701959729194641,-0.5469169616699219,2.134838342666626,2.069307565689087,-2.7801146507263184,-1.9269307851791382,0.4244700074195862,0.5490640997886658,-0.1131059005856514,0.45419400930404663,0.33594152331352234,0.039658647030591965,0.29641851782798767,-1.3139501810073853,-0.5975069403648376,-0.5851477980613708,2.121497631072998,2.38598895072937,-3.137697458267212,-2.289593458175659,0.24008633196353912,0.24279814958572388,0.05944978445768356,0.10004109889268875,0.04304882511496544,-0.19094565510749817,-0.06549417227506638,-0.1585063487291336,-0.12979421019554138,0.1320580244064331,0.011284721083939075,-0.22701342403888702,0.010240872390568256,0.29413437843322754
1.921,-0.04729503393173218,0.09657711535692215,0.021139882504940033,-0.128228560090065,0.08798186480998993,-0.08678524196147919,-0.28154996037483215,0.1434398591518402,-0.9487648010253906,0.20000000298023224,0.0,0.0,0.0,0.42914503812789917,0.5538057088851929,-0.11222522705793381,0.4560573101043701,0.3368126451969147,0.03585600480437279,0.2951747477054596,-1.317201852798462,-0.6000642776489258,-0.5824788212776184,2.121767044067383,2.3815274238586426,-3.1375038623809814,-2.2835919857025146,0.2363346815109253,0.23915210366249084,0.055356141179800034,0.09690143913030624,0.04413164034485817,-0.18984942138195038,-0.06756679713726044,-0.16377267241477966,-0.13210073113441467,0.1314716339111328,0.015295556746423244,-0.2234729379415512,0.013139926828444004,0.30464062094688416,0.6420013904571533,-0.45068809390068054,-0.04770633578300476,1.4482823610305786,-0.1745842546224594,-0.7257448434829712,2.5815160274505615,-0.9005183577537537,1.3910245895385742,1.4612066745758057,0.9235103130340576,0.7607349157333374,-2.109764814376831,-0.3791233003139496,4.10099983215332,0.6454740166664124,-0.4555693566799164,-0.037933073937892914,1.4476618766784668,-0.174120232462883,-0.7314584851264954,2.5836777687072754,-0.9048740267753601,1.3856784105300903,1.4655025005340576,0.9260426759719849,0.7505630850791931,-2.106285333633423,-0.3659859597682953,0.31933867931365967,-0.2205667793750763,-0.029835592955350876,0.7251297235488892,0.32270780205726624,0.05139005929231644,0.5907334089279175,-1.1459753513336182,-0.5727654099464417,-0.544496476650238,2.1360931396484375,2.0638997554779053,-2.778593063354492,-1.9203194379806519,0.4313587248325348,0.5560704469680786,-0.11192864924669266,0.45689958333969116,0.337155282497406,0.0341310054063797,0.2945946753025055,-1.3188680410385132,-0.6011513471603394,-0.581432044506073,2.1218881607055664,2.379408359527588,-3.1374192237854004,-2.2806198596954346,0.21145373582839966,0.21805782616138458,0.03573346510529518,0.07773087918758392,0.026116197928786278,-0.1565505564212799,-0.05861256271600723,-0.16550534963607788,-0.08934608846902847,0.07987653464078903,0.002979602897539735,-0.2002638578414917,0.015108666382730007,0.28002703189849854
1.9409999999999998,-0.045324087142944336,0.09403833001852036,0.016491563990712166,-0.1262546181678772,0.08667831122875214,-0.08413463830947876,-0.28015416860580444,0.14537297189235687,-0.9488837122917175,0.20000000298023224,0.0,0.0,0.0,0.43365126848220825,0.5583952069282532,-0.111485056579113,0.4578040838241577,0.3376241624355316,0.03223687782883644,0.2939266860485077,-1.3204518556594849,-0.6024762988090515,-0.5800690054893494,2.122077703475952,2.3772075176239014,-3.137300491333008,-2.277653932571411,0.23351500928401947,0.2362108826637268,0.04314646124839783,0.09603286534547806,0.04689810797572136,-0.18719665706157684,-0.06609786301851273,-0.15837940573692322,-0.13707906007766724,0.1292078047990799,0.024971110746264458,-0.22196964919567108,0.008814753964543343,0.2981799840927124,0.6454740166664124,-0.4555693566799164,-0.037933073937892914,1.4476618766784668,-0.174120232462883,-0.7314584851264954,2.5836777687072754,-0.9048740267753601,1.3856784105300903,1.4655025005340576,0.9260426759719849,0.7505630850791931,-2.106285333633423,-0.3659859597682953,4.080999851226807,0.6472768187522888,-0.4614787697792053,-0.029659956693649292,1.4455714225769043,-0.1736309677362442,-0.7386331558227539,2.5844171047210693,-0.9090403914451599,1.3800872564315796,1.4715079069137573,0.9287302494049072,0.7387458682060242,-2.103095531463623,-0.35221660137176514,0.3206285834312439,-0.22361856698989868,-0.025333907455205917,0.7244265079498291,0.3229108154773712,0.04823806881904602,0.5917459726333618,-1.1479687690734863,-0.5754026770591736,-0.5419013500213623,2.1373746395111084,2.0583417415618896,-2.7770495414733887,-1.9136261940002441,0.43365126848220825,0.5583952069282532,-0.111485056579113,0.4578040838241577,0.3376241624355316,0.03223687782883644,0.2939266860485077,-1.3204518556594849,-0.6024762988090515,-0.5800690054893494,2.122077703475952,2.3772075176239014,-3.137300491333008,-2.277653932571411,0.23351500928401947,0.2362108826637268,0.04314646124839783,0.09603286534547806,0.04689810797572136,-0.18719665706157684,-0.06609786301851273,-0.15837940573692322,-0.13707906007766724,0.1292078047990799,0.024971110746264458,-0.22196964919567108,0.008814753964543343,0.2981799840927124
1.96,-0.045324087142944336,0.09403833001852036,0.016491563990712166,-0.12602795660495758,0.08582329750061035,-0.08237771689891815,-0.27877941727638245,0.14725662767887115,-0.9489981532096863,0.20000000298023224,0.0,0.0,0.0,0.4380333721637726,0.5628652572631836,-0.11080900579690933,0.45948103070259094,0.3384275436401367,0.028715847060084343,0.2926514744758606,-1.3236674070358276,-0.6048643589019775,-0.5777651071548462,2.1224653720855713,2.3729796409606934,-3.137070655822754,-2.271746873855591,0.23319338262081146,0.23512151837348938,0.05811312422156334,0.09781739860773087,0.04862517863512039,-0.19138400256633759,-0.07610689848661423,-0.15394935011863708,-0.13999684154987335,0.14015592634677887,0.027352573350071907,-0.2198677361011505,0.016294168308377266,0.29362010955810547,0.6472768187522888,-0.4614787697792053,-0.029659956693649292,1.4455714225769043,-0.1736309677362442,-0.7386331558227539,2.5844171047210693,-0.9090403914451599,1.3800872564315796,1.4715079069137573,0.9287302494049072,0.7387458682060242,-2.103095531463623,-0.35221660137176514,4.060999870300293,0.6505722403526306,-0.4672725200653076,-0.019562557339668274,1.4449071884155273,-0.17292219400405884,-0.7435399889945984,2.587017774581909,-0.9137388467788696,1.37445867061615,1.4755046367645264,0.9307018518447876,0.7285646796226501,-2.098890542984009,-0.3390423357486725,0.3220258355140686,-0.22662386298179626,-0.020668117329478264,0.7238346338272095,0.32315924763679504,0.04529564827680588,0.5928448438644409,-1.150068998336792,-0.5780930519104004,-0.5394852161407471,2.1385674476623535,2.0529239177703857,-2.7753381729125977,-1.9069647789001465,0.4380333721637726,0.5628652572631836,-0.11080900579690933,0.45948103070259094,0.3384275436401367,0.028715847060084343,0.2926514744758606,-1.3236674070358276,-0.6048643589019775,-0.5777651071548462,2.1224653720855713,2.3729796409606934,-3.137070655822754,-2.271746873855591,0.23319338262081146,0.23512151837348938,0.05811312422156334,0.09781739860773087,0.04862517863512039,-0.19138400256633759,-0.07610689848661423,-0.15394935011863708,-0.13999684154987335,0.14015592634677887,0.027352573350071907,-0.2198677361011505,0.016294168308377266,0.29362010955810547
1.98,-0.04284457117319107,0.09010260552167892,0.015567964874207973,-0.1258242279291153,0.08521094173192978,-0.0798313170671463,-0.2774102985858917,0.14916543662548065,-0.9491012692451477,0.20000000298023224,0.0,0.0,0.0,0.44239121675491333,0.5672962665557861,-0.11008740961551666,0.46116170287132263,0.33932656049728394,0.025095075368881226,0.29129865765571594,-1.326849341392517,-0.6074450016021729,-0.5752249956130981,2.122959852218628,2.368762969970703,-3.136793375015259,-2.265763998031616,0.22807297110557556,0.22992146015167236,0.049965616315603256,0.09370878338813782,0.05548454821109772,-0.19246797263622284,-0.07632076740264893,-0.15887139737606049,-0.15211820602416992,0.14546501636505127,0.032444823533296585,-0.21579010784626007,0.01882496476173401,0.30574217438697815,0.6505722403526306,-0.4672725200653076,-0.019562557339668274,1.4449071884155273,-0.17292219400405884,-0.7435399889945984,2.587017774581909,-0.9137388467788696,1.37445867061615,1.4755046367645264,0.9307018518447876,0.7285646796226501,-2.098890542984009,-0.3390423357486725,4.040999889373779,0.6525624990463257,-0.4739997982978821,-0.012715175747871399,1.4429850578308105,-0.1728118509054184,-0.749709963798523,2.5880422592163086,-0.9176590442657471,1.3674428462982178,1.4806883335113525,0.9336281418800354,0.7178203463554382,-2.0963685512542725,-0.3258894979953766,0.3233024477958679,-0.22973668575286865,-0.01637495867908001,0.7231320142745972,0.3233497142791748,0.042310457676649094,0.5937677621841431,-1.1521271467208862,-0.5810286998748779,-0.5370163917541504,2.1398415565490723,2.0475199222564697,-2.7737622261047363,-1.9003288745880127,0.44239121675491333,0.5672962665557861,-0.11008740961551666,0.46116170287132263,0.33932656049728394,0.025095075368881226,0.29129865765571594,-1.326849341392517,-0.6074450016021729,-0.5752249956130981,2.122959852218628,2.368762969970703,-3.136793375015259,-2.265763998031616,0.22807297110557556,0.22992146015167236,0.049965616315603256,0.09370878338813782,0.05548454821109772,-0.19246797263622284,-0.07632076740264893,-0.15887139737606049,-0.15211820602416992,0.14546501636505127,0.032444823533296585,-0.21579010784626007,0.01882496476173401,0.30574217438697815
2.001,-0.04284457117319107,0.09010260552167892,0.015567964874207973,-0.11258973926305771,0.08236396312713623,-0.07954719662666321,-0.27570584416389465,0.15153376758098602,-0.9492227435112,0.20000000298023224,0.0,0.0,0.0,0.44670459628105164,0.5716756582260132,-0.10936997085809708,0.46281903982162476,0.34035032987594604,0.02148851379752159,0.28987783193588257,-1.3300693035125732,-0.6102617979049683,-0.5726667046546936,2.123570680618286,2.3645987510681152,-3.1364755630493164,-2.259633779525757,0.2251499444246292,0.22679786384105682,0.04879642277956009,0.09175372868776321,0.05848090723156929,-0.1907741129398346,-0.07845488935709,-0.16080410778522491,-0.15694525837898254,0.1453808695077896,0.03796198219060898,-0.21246996521949768,0.01888039894402027,0.3133907914161682,0.6525624990463257,-0.4739997982978821,-0.012715175747871399,1.4429850578308105,-0.1728118509054184,-0.749709963798523,2.5880422592163086,-0.9176590442657471,1.3674428462982178,1.4806883335113525,0.9336281418800354,0.7178203463554382,-2.0963685512542725,-0.3258894979953766,4.019999980926514,0.6541609764099121,-0.47869423031806946,-0.003381282091140747,1.442570686340332,-0.17169861495494843,-0.7570207118988037,2.5894460678100586,-0.9220086932182312,1.3605008125305176,1.4868074655532837,0.9356980919837952,0.7080745100975037,-2.0923399925231934,-0.3124421238899231,0.32443585991859436,-0.23261980712413788,-0.011969663202762604,0.7225779891014099,0.3236500024795532,0.03912421315908432,0.5946243405342102,-1.1542203426361084,-0.5841249227523804,-0.5343703627586365,2.1410436630249023,2.0422749519348145,-2.772054672241211,-1.8936665058135986,0.4487968981266022,0.5738064050674438,-0.10907827317714691,0.4636094570159912,0.34081482887268066,0.019768958911299706,0.28919583559036255,-1.3316994905471802,-0.6115811467170715,-0.5715111494064331,2.1238772869110107,2.362572431564331,-3.1363284587860107,-2.2565345764160156,0.19779330492019653,0.20325526595115662,0.03151368349790573,0.07108967006206512,0.03863300010561943,-0.15774303674697876,-0.06679984927177429,-0.1640932708978653,-0.1129370778799057,0.09444600343704224,0.01902063935995102,-0.1895834505558014,0.020740270614624023,0.2943635582923889
2.02,-0.04001567140221596,0.08625417947769165,0.015598461031913757,-0.12316565215587616,0.08395709842443466,-0.0767742246389389,-0.2746734917163849,0.15304411947727203,-0.9492797255516052,0.20000000298023224,0.0,0.0,0.0,0.4509982764720917,0.5760232210159302,-0.10863499343395233,0.46446481347084045,0.3414854109287262,0.017796754837036133,0.28842514753341675,-1.3333163261413574,-0.6132863759994507,-0.5699060559272766,2.1242387294769287,2.3604509830474854,-3.1361424922943115,-2.253321886062622,0.2214481383562088,0.22299692034721375,0.03554488718509674,0.08866961300373077,0.06095006689429283,-0.19053132832050323,-0.07310611754655838,-0.16264158487319946,-0.1616375595331192,0.14731049537658691,0.03737742081284523,-0.21110358834266663,0.012597019784152508,0.3237030804157257,0.6541609764099121,-0.47869423031806946,-0.003381282091140747,1.442570686340332,-0.17169861495494843,-0.7570207118988037,2.5894460678100586,-0.9220086932182312,1.3605008125305176,1.4868074655532837,0.9356980919837952,0.7080745100975037,-2.0923399925231934,-0.3124421238899231,4.000999927520752,0.6569163799285889,-0.4849241375923157,0.0024487823247909546,1.4405807256698608,-0.1711978167295456,-0.7625740766525269,2.5896809101104736,-0.9258788824081421,1.3533542156219482,1.4910365343093872,0.9390830993652344,0.6978761553764343,-2.0904219150543213,-0.2996539771556854,0.32564255595207214,-0.23557248711585999,-0.008011446334421635,0.7218917012214661,0.323935329914093,0.03606083616614342,0.5952591896057129,-1.1562660932540894,-0.5873643159866333,-0.5318837761878967,2.142393112182617,2.037074089050293,-2.77057147026062,-1.887084722518921,0.4509982764720917,0.5760232210159302,-0.10863499343395233,0.46446481347084045,0.3414854109287262,0.017796754837036133,0.28842514753341675,-1.3333163261413574,-0.6132863759994507,-0.5699060559272766,2.1242387294769287,2.3604509830474854,-3.1361424922943115,-2.253321886062622,0.2214481383562088,0.22299692034721375,0.03554488718509674,0.08866961300373077,0.06095006689429283,-0.19053132832050323,-0.07310611754655838,-0.16264158487319946,-0.1616375595331192,0.14731049537658691,0.03737742081284523,-0.21110358834266663,0.012597019784152508,0.3237030804157257
2.04,-0.04001567140221596,0.08625417947769165,0.015598461031913757,-0.12316719442605972,0.0830889344215393,-0.07447149604558945,-0.2733323872089386,0.1549205631017685,-0.9493624567985535,0.20000000298023224,0.0,0.0,0.0,0.4551295340061188,0.5802183151245117,-0.10804960131645203,0.465993195772171,0.34261706471443176,0.014220450073480606,0.2870485484600067,-1.3366050720214844,-0.6162605285644531,-0.5672589540481567,2.1248481273651123,2.356451988220215,-3.135842800140381,-2.246965169906616,0.21746915578842163,0.21893292665481567,0.034562766551971436,0.08626348525285721,0.0666719302535057,-0.18763859570026398,-0.07275225967168808,-0.16074924170970917,-0.1698864847421646,0.14628703892230988,0.04688216373324394,-0.20655204355716705,0.01168493926525116,0.3209882080554962,0.6569163799285889,-0.4849241375923157,0.0024487823247909546,1.4405807256698608,-0.1711978167295456,-0.7625740766525269,2.5896809101104736,-0.9258788824081421,1.3533542156219482,1.4910365343093872,0.9390830993652344,0.6978761553764343,-2.0904219150543213,-0.2996539771556854,3.9809999465942383,0.6600298285484314,-0.48977670073509216,0.01136508584022522,1.4400354623794556,-0.17053769528865814,-0.7678920030593872,2.5906612873077393,-0.9305327534675598,1.3472965955734253,1.4947407245635986,0.941582977771759,0.6881372332572937,-2.0870132446289062,-0.28676795959472656,0.3269542455673218,-0.2383672446012497,-0.0039032495114952326,0.7213295102119446,0.3242340683937073,0.03311878442764282,0.5958506464958191,-1.1583961248397827,-0.5905405282974243,-0.5295875072479248,2.1437125205993652,2.0319724082946777,-2.769021987915039,-1.8805445432662964,0.4551295340061188,0.5802183151245117,-0.10804960131645203,0.465993195772171,0.34261706471443176,0.014220450073480606,0.2870485484600067,-1.3366050720214844,-0.6162605285644531,-0.5672589540481567,2.1248481273651123,2.356451988220215,-3.135842800140381,-2.246965169906616,0.21746915578842163,0.21893292665481567,0.034562766551971436,0.08626348525285721,0.0666719302535057,-0.18763859570026398,-0.07275225967168808,-0.16074924170970917,-0.1698864847421646,0.14628703892230988,0.04688216373324394,-0.20655204355716705,0.01168493926525116,0.3209882080554962
2.061,-0.037060804665088654,0.08354917913675308,0.01598602719604969,-0.12883983552455902,0.08393707126379013,-0.07348894327878952,-0.2719864547252655,0.15683743357658386,-0.949434220790863,0.20000000298023224,0.0,0.0,0.0,0.4592529535293579,0.5843897461891174,-0.10738732665777206,0.46752703189849854,0.3438985049724579,0.010608662851154804,0.28552380204200745,-1.3398665189743042,-0.6195359826087952,-0.5645124316215515,2.1256561279296875,2.3524320125579834,-3.135437488555908,-2.240467071533203,0.21053142845630646,0.21217654645442963,0.03798004239797592,0.08124316483736038,0.06761763244867325,-0.18097583949565887,-0.0810118243098259,-0.16385841369628906,-0.17271748185157776,0.1366504430770874,0.04695029556751251,-0.20278628170490265,0.022046560421586037,0.330951452255249,0.6600298285484314,-0.48977670073509216,0.01136508584022522,1.4400354623794556,-0.17053769528865814,-0.7678920030593872,2.5906612873077393,-0.9305327534675598,1.3472965955734253,1.4947407245635986,0.941582977771759,0.6881372332572937,-2.0870132446289062,-0.28676795959472656,3.9609999656677246,0.6627627015113831,-0.4956129789352417,0.01848749816417694,1.4388371706008911,-0.1706388294696808,-0.7727253437042236,2.5898008346557617,-0.9348340034484863,1.3403185606002808,1.4976379871368408,0.9439717531204224,0.6795439720153809,-2.084493398666382,-0.274809867143631,0.32828235626220703,-0.24119901657104492,4.0850136429071426e-05,0.7207562923431396,0.3244280219078064,0.030334345996379852,0.5961356163024902,-1.1605323553085327,-0.5938105583190918,-0.5275455713272095,2.1449947357177734,2.0271122455596924,-2.76755952835083,-1.8741726875305176,0.4592529535293579,0.5843897461891174,-0.10738732665777206,0.46752703189849854,0.3438985049724579,0.010608662851154804,0.28552380204200745,-1.3398665189743042,-0.6195359826087952,-0.5645124316215515,2.1256561279296875,2.3524320125579834,-3.135437488555908,-2.240467071533203,0.21053142845630646,0.21217654645442963,0.03798004239797592,0.08124316483736038,0.06761763244867325,-0.18097583949565887,-0.0810118243098259,-0.16385841369628906,-0.17271748185157776,0.1366504430770874,0.04695029556751251,-0.20278628170490265,0.022046560421586037,0.330951452255249
2.08,-0.037060804665088654,0.08354917913675308,0.01598602719604969,-0.11539669334888458,0.08134395629167557,-0.07171431928873062,-0.27066507935523987,0.15866081416606903,-0.9495089054107666,0.20000000298023224,0.0,0.0,0.0,0.46319469809532166,0.5883957147598267,-0.10690808296203613,0.46892276406288147,0.3451874554157257,0.007203976158052683,0.28403690457344055,-1.3431546688079834,-0.6227722764015198,-0.5620517134666443,2.126493453979492,2.3485610485076904,-3.1350271701812744,-2.2339634895324707,0.20391683280467987,0.20607693493366241,0.026552194729447365,0.07621247321367264,0.07057070732116699,-0.17257770895957947,-0.07889214903116226,-0.1620151698589325,-0.17578305304050446,0.12512646615505219,0.0534251444041729,-0.19823232293128967,0.018389327451586723,0.3285022974014282,0.6627627015113831,-0.4956129789352417,0.01848749816417694,1.4388371706008911,-0.1706388294696808,-0.7727253437042236,2.5898008346557617,-0.9348340034484863,1.3403185606002808,1.4976379871368408,0.9439717531204224,0.6795439720153809,-2.084493398666382,-0.274809867143631,3.940999984741211,0.6643600463867188,-0.49972254037857056,0.02662450261414051,1.4382281303405762,-0.16926980018615723,-0.7800565361976624,2.5897912979125977,-0.9387627243995667,1.333361268043518,1.5032157897949219,0.9463914036750793,0.670089066028595,-2.080854892730713,-0.26182088255882263,0.32945165038108826,-0.2437976896762848,0.004022270441055298,0.720263659954071,0.32476913928985596,0.027285560965538025,0.5963336229324341,-1.1626169681549072,-0.5971431732177734,-0.5252795219421387,2.1462550163269043,2.022291898727417,-2.7659897804260254,-1.8677639961242676,0.46319469809532166,0.5883957147598267,-0.10690808296203613,0.46892276406288147,0.3451874554157257,0.007203976158052683,0.28403690457344055,-1.3431546688079834,-0.6227722764015198,-0.5620517134666443,2.126493453979492,2.3485610485076904,-3.1350271701812744,-2.2339634895324707,0.20391683280467987,0.20607693493366241,0.026552194729447365,0.07621247321367264,0.07057070732116699,-0.17257770895957947,-0.07889214903116226,-0.1620151698589325,-0.17578305304050446,0.12512646615505219,0.0534251444041729,-0.19823232293128967,0.018389327451586723,0.3285022974014282
2.102,-0.03394383564591408,0.08101396262645721,0.015189667232334614,-0.11259151995182037,0.08030154556035995,-0.07052022218704224,-0.26934996247291565,0.16050004959106445,-0.9495737552642822,0.20000000298023224,0.0,0.0,0.0,0.4670850932598114,0.5923416018486023,-0.10642219334840775,0.47029295563697815,0.34657424688339233,0.0038119680248200893,0.28249406814575195,-1.3463776111602783,-0.6261904239654541,-0.5595563054084778,2.1274216175079346,2.3446977138519287,-3.1345677375793457,-2.2274274826049805,0.1993328183889389,0.20128802955150604,0.03083646297454834,0.0737670436501503,0.07063154876232147,-0.1698230504989624,-0.08231984078884125,-0.15988236665725708,-0.17584706842899323,0.12391121685504913,0.05291952192783356,-0.19583183526992798,0.0254360381513834,0.3306182324886322,0.6643600463867188,-0.49972254037857056,0.02662450261414051,1.4382281303405762,-0.16926980018615723,-0.7800565361976624,2.5897912979125977,-0.9387627243995667,1.333361268043518,1.5032157897949219,0.9463914036750793,0.670089066028595,-2.080854892730713,-0.26182088255882263,3.9210000038146973,0.6654823422431946,-0.5053226947784424,0.03327949717640877,1.4367859363555908,-0.16834329068660736,-0.7862812280654907,2.5886900424957275,-0.9425154328346252,1.3254631757736206,1.5082485675811768,0.9483141303062439,0.6612409353256226,-2.077737331390381,-0.2493973970413208,0.330438494682312,-0.2464567869901657,0.007807514164596796,0.719702422618866,0.3251469135284424,0.02421770989894867,0.5963070392608643,-1.1646392345428467,-0.6006607413291931,-0.5229383707046509,2.147425651550293,2.0175905227661133,-2.764423370361328,-1.8614144325256348,0.46891531348228455,0.5942139029502869,-0.10631560534238815,0.47089916467666626,0.34717628359794617,0.002274805214256048,0.2817888557910919,-1.3479857444763184,-0.6277030110359192,-0.5585473775863647,2.1278622150421143,2.3428564071655273,-3.134366750717163,-2.2242166996002197,0.1710556149482727,0.1770601123571396,-0.009567869827151299,0.05183219537138939,0.05221002921462059,-0.13989640772342682,-0.057502396404743195,-0.15944144129753113,-0.13070115447044373,0.0814666748046875,0.039424195885658264,-0.17186450958251953,0.011659303680062294,0.30205780267715454
2.121,-0.03394383564591408,0.08101396262645721,0.015189667232334614,-0.11672241240739822,0.07906022667884827,-0.06700529903173447,-0.2680758535861969,0.16223205626010895,-0.9496399760246277,0.20000000298023224,0.0,0.0,0.0,0.47076672315597534,0.5960952639579773,-0.10611533373594284,0.4715176522731781,0.34790268540382385,0.0006040545413270593,0.28101634979248047,-1.349542260169983,-0.6294335126876831,-0.5572707653045654,2.1283438205718994,2.340985059738159,-3.1341140270233154,-2.2210276126861572,0.19598576426506042,0.19748815894126892,0.025204060599207878,0.0724957063794136,0.07543735206127167,-0.17097777128219604,-0.07917004078626633,-0.15190114080905914,-0.1826411783695221,0.13112054765224457,0.060837920755147934,-0.19393129646778107,0.019757045432925224,0.32113322615623474,0.6654823422431946,-0.5053226947784424,0.03327949717640877,1.4367859363555908,-0.16834329068660736,-0.7862812280654907,2.5886900424957275,-0.9425154328346252,1.3254631757736206,1.5082485675811768,0.9483141303062439,0.6612409353256226,-2.077737331390381,-0.2493973970413208,3.9010000228881836,0.6684181094169617,-0.5098918676376343,0.04146628454327583,1.4357777833938599,-0.16729062795639038,-0.7910953760147095,2.5891363620758057,-0.9472882151603699,1.3190046548843384,1.5116796493530273,0.950628399848938,0.651316225528717,-2.07405686378479,-0.236734539270401,0.3315696716308594,-0.24900352954864502,0.011685202829539776,0.7191583514213562,0.3255692422389984,0.02134809084236622,0.5963554382324219,-1.1667706966400146,-0.6040918231010437,-0.5207849144935608,2.148592233657837,2.012810707092285,-2.76277494430542,-1.8550703525543213,0.47076672315597534,0.5960952639579773,-0.10611533373594284,0.4715176522731781,0.34790268540382385,0.0006040545413270593,0.28101634979248047,-1.349542260169983,-0.6294335126876831,-0.5572707653045654,2.1283438205718994,2.340985059738159,-3.1341140270233154,-2.2210276126861572,0.19598576426506042,0.19748815894126892,0.025204060599207878,0.0724957063794136,0.07543735206127167,-0.17097777128219604,-0.07917004078626633,-0.15190114080905914,-0.1826411783695221,0.13112054765224457,0.060837920755147934,-0.19393129646778107,0.019757045432925224,0.32113322615623474
2.141,-0.031114473938941956,0.07797316461801529,0.01552750263363123,-0.10896288603544235,0.0773966908454895,-0.06586683541536331,-0.26680436730384827,0.1640215665102005,-0.9496906399726868,0.20000000298023224,0.0,0.0,0.0,0.4744552969932556,0.5998312830924988,-0.1056949645280838,0.4727753698825836,0.3493706285953522,-0.0026971076149493456,0.2794540524482727,-1.3525785207748413,-0.6329681277275085,-0.5547638535499573,2.1293692588806152,2.337212085723877,-3.133615493774414,-2.2145986557006836,0.1906726360321045,0.19170932471752167,0.04050345718860626,0.06980452686548233,0.07661601155996323,-0.1659729927778244,-0.08478178083896637,-0.15297532081604004,-0.18570107221603394,0.12602338194847107,0.05091037228703499,-0.1896035224199295,0.031219303607940674,0.32804757356643677,0.6684181094169617,-0.5098918676376343,0.04146628454327583,1.4357777833938599,-0.16729062795639038,-0.7910953760147095,2.5891363620758057,-0.9472882151603699,1.3190046548843384,1.5116796493530273,0.950628399848938,0.651316225528717,-2.07405686378479,-0.236734539270401,3.88100004196167,0.6695640087127686,-0.5163540840148926,0.04816494509577751,1.4344490766525269,-0.1664399951696396,-0.7966910004615784,2.587993860244751,-0.9505602717399597,1.31096613407135,1.5162497758865356,0.9521424770355225,0.6428000330924988,-2.0706491470336914,-0.22459694743156433,0.3325333893299103,-0.25175559520721436,0.015404384583234787,0.7185782194137573,0.3259924650192261,0.018500013276934624,0.5962178707122803,-1.1687536239624023,-0.6076993346214294,-0.5185920000076294,2.1496357917785645,2.0081875324249268,-2.7611098289489746,-1.848808765411377,0.47618621587753296,0.6015979647636414,-0.10561937838792801,0.4733296036720276,0.35003921389579773,-0.00420233141630888,0.27875661849975586,-1.3541301488876343,-0.634590208530426,-0.5537216067314148,2.129829168319702,2.335437774658203,-3.1334176063537598,-2.2113990783691406,0.16121093928813934,0.1666031926870346,-0.009290534071624279,0.04693636670708656,0.058252353221178055,-0.1367955207824707,-0.05837717279791832,-0.15431654453277588,-0.14059318602085114,0.08495581895112991,0.04058517888188362,-0.16486644744873047,0.013076646253466606,0.3014490306377411
2.16,-0.031114473938941956,0.07797316461801529,0.01552750263363123,-0.11706554144620895,0.07698658853769302,-0.06355968117713928,-0.2655644714832306,0.1657428741455078,-0.9497393369674683,0.20000000298023224,0.0,0.0,0.0,0.4779774844646454,0.6034072041511536,-0.10539914667606354,0.4739260673522949,0.3508787155151367,-0.005849306937307119,0.27796807885169983,-1.3556650876998901,-0.6365343332290649,-0.5524184703826904,2.130343437194824,2.333617925643921,-3.1331582069396973,-2.208141803741455,0.18681533634662628,0.18756942451000214,0.049037784337997437,0.06824713200330734,0.08059694617986679,-0.16392676532268524,-0.08844078332185745,-0.15055954456329346,-0.19082111120224,0.1273280382156372,0.05193139612674713,-0.18481242656707764,0.032700564712285995,0.326200008392334,0.6695640087127686,-0.5163540840148926,0.04816494509577751,1.4344490766525269,-0.1664399951696396,-0.7966910004615784,2.587993860244751,-0.9505602717399597,1.31096613407135,1.5162497758865356,0.9521424770355225,0.6428000330924988,-2.0706491470336914,-0.22459694743156433,3.8610000610351562,0.6729072332382202,-0.5214526653289795,0.05670471116900444,1.4334819316864014,-0.16577035188674927,-0.8002119660377502,2.5878474712371826,-0.9548266530036926,1.3050440549850464,1.5184128284454346,0.9537532329559326,0.6338099837303162,-2.066460371017456,-0.21255773305892944,0.3337094485759735,-0.254446804523468,0.019288774579763412,0.7180269956588745,0.3263891935348511,0.015978213399648666,0.5960996150970459,-1.1707814931869507,-0.6111129522323608,-0.5167324542999268,2.1506080627441406,2.0036027431488037,-2.7593159675598145,-1.842619776725769,0.4779774844646454,0.6034072041511536,-0.10539914667606354,0.4739260673522949,0.3508787155151367,-0.005849306937307119,0.27796807885169983,-1.3556650876998901,-0.6365343332290649,-0.5524184703826904,2.130343437194824,2.333617925643921,-3.1331582069396973,-2.208141803741455,0.18681533634662628,0.18756942451000214,0.049037784337997437,0.06824713200330734,0.08059694617986679,-0.16392676532268524,-0.08844078332185745,-0.15055954456329346,-0.19082111120224,0.1273280382156372,0.05193139612674713,-0.18481242656707764,0.032700564712285995,0.326200008392334
2.181,-0.027882147580385208,0.07397588342428207,0.01705375872552395,-0.10449513047933578,0.07437457889318466,-0.061714399605989456,-0.26433733105659485,0.16748137772083282,-0.9497767090797424,0.20000000298023224,0.0,0.0,0.0,0.4814647138118744,0.6069320440292358,-0.10505363345146179,0.4750809669494629,0.35247814655303955,-0.008996681310236454,0.27646002173423767,-1.3586996793746948,-0.6402755975723267,-0.5500083565711975,2.1313600540161133,2.3300559520721436,-3.1326844692230225,-2.20163631439209,0.17936110496520996,0.18035295605659485,0.02926824428141117,0.06318594515323639,0.08156746625900269,-0.15531019866466522,-0.08013451844453812,-0.15243299305438995,-0.19147086143493652,0.1162542775273323,0.05305895581841469,-0.17811109125614166,0.027009716257452965,0.32911667227745056,0.6729072332382202,-0.5214526653289795,0.05670471116900444,1.4334819316864014,-0.16577035188674927,-0.8002119660377502,2.5878474712371826,-0.9548266530036926,1.3050440549850464,1.5184128284454346,0.9537532329559326,0.6338099837303162,-2.066460371017456,-0.21255773305892944,3.8410000801086426,0.6730167865753174,-0.5270196795463562,0.061358608305454254,1.4320870637893677,-0.1644318699836731,-0.8073935508728027,2.586099624633789,-0.9578233361244202,1.2958945035934448,1.5242173671722412,0.956234872341156,0.6246079206466675,-2.0644114017486572,-0.2005656361579895,0.3345491290092468,-0.25716572999954224,0.022705934941768646,0.7174319624900818,0.32686764001846313,0.013135716319084167,0.5957546830177307,-1.1726505756378174,-0.6148748993873596,-0.5145601034164429,2.151660919189453,1.999013066291809,-2.7577528953552246,-1.8364887237548828,0.4830925166606903,0.6085936427116394,-0.10500004887580872,0.4755820631980896,0.3531825542449951,-0.01039573922753334,0.27578243613243103,-1.3602215051651,-0.6419353485107422,-0.5490649342536926,2.13181471824646,2.328381061553955,-3.1324801445007324,-2.1984481811523438,0.15089212357997894,0.1560732126235962,-0.009161221794784069,0.041794538497924805,0.061907924711704254,-0.12705914676189423,-0.057926811277866364,-0.15027566254138947,-0.1447918713092804,0.07662059366703033,0.039640314877033234,-0.1555759459733963,0.014705450274050236,0.299082487821579
2.2,-0.027882147580385208,0.07397588342428207,0.01705375872552395,-0.1033136174082756,0.07284701615571976,-0.05914922058582306,-0.26313620805740356,0.16917747259140015,-0.9498096108436584,0.20000000298023224,0.0,0.0,0.0,0.48482564091682434,0.6103335618972778,-0.10477021336555481,0.4761596620082855,0.3541049063205719,-0.012015017680823803,0.2749846577644348,-1.3616594076156616,-0.6440251469612122,-0.5477333068847656,2.132369041442871,2.3265879154205322,-3.1322076320648193,-2.1952333450317383,0.17627140879631042,0.17680950462818146,0.038034215569496155,0.062497638165950775,0.08255844563245773,-0.15293368697166443,-0.08373752981424332,-0.14585131406784058,-0.19238145649433136,0.11637924611568451,0.05433591082692146,-0.17659394443035126,0.030508477240800858,0.324129581451416,0.6730167865753174,-0.5270196795463562,0.061358608305454254,1.4320870637893677,-0.1644318699836731,-0.8073935508728027,2.586099624633789,-0.9578233361244202,1.2958945035934448,1.5242173671722412,0.956234872341156,0.6246079206466675,-2.0644114017486572,-0.2005656361579895,3.821000099182129,0.6749574542045593,-0.5319907069206238,0.06942680478096008,1.4310966730117798,-0.1630673110485077,-0.8121750354766846,2.5857529640197754,-0.9615821242332458,1.2888290882110596,1.528093695640564,0.9575183987617493,0.6156854629516602,-2.0603418350219727,-0.18852797150611877,0.33542799949645996,-0.25981462001800537,0.026308175176382065,0.7168669104576111,0.32740724086761475,0.010428745299577713,0.5954612493515015,-1.1745226383209229,-0.6185680627822876,-0.5124580264091492,2.152590274810791,1.994462013244629,-2.7560482025146484,-1.8303914070129395,0.48482564091682434,0.6103335618972778,-0.10477021336555481,0.4761596620082855,0.3541049063205719,-0.012015017680823803,0.2749846577644348,-1.3616594076156616,-0.6440251469612122,-0.5477333068847656,2.132369041442871,2.3265879154205322,-3.1322076320648193,-2.1952333450317383,0.17627140879631042,0.17680950462818146,0.038034215569496155,0.062497638165950775,0.08255844563245773,-0.15293368697166443,-0.08373752981424332,-0.14585131406784058,-0.19238145649433136,0.11637924611568451,0.05433591082692146,-0.17659394443035126,0.030508477240800858,0.324129581451416
2.221,-0.024915149435400963,0.06949450820684433,0.01566210202872753,-0.10011251270771027,0.0716601088643074,-0.057892806828022,-0.2619461119174957,0.17089226841926575,-0.9498316049575806,0.20000000298023224,0.0,0.0,0.0,0.48814812302589417,0.6136816143989563,-0.10446124523878098,0.47723114490509033,0.3558080196380615,-0.015071745961904526,0.27348101139068604,-1.3645973205566406,-0.647923469543457,-0.5453221201896667,2.133436918258667,2.3231489658355713,-3.1317121982574463,-2.18873929977417,0.17022918164730072,0.17069096863269806,0.02258297987282276,0.05805308744311333,0.08502957224845886,-0.1507924348115921,-0.07787179946899414,-0.1457994431257248,-0.19608277082443237,0.11662796884775162,0.05502033606171608,-0.1728389859199524,0.02651621587574482,0.32667067646980286,0.6749574542045593,-0.5319907069206238,0.06942680478096008,1.4310966730117798,-0.1630673110485077,-0.8121750354766846,2.5857529640197754,-0.9615821242332458,1.2888290882110596,1.528093695640564,0.9575183987617493,0.6156854629516602,-2.0603418350219727,-0.18852797150611877,3.8010001182556152,0.6749127507209778,-0.5386551022529602,0.07432132214307785,1.4290783405303955,-0.1620444506406784,-0.8183941841125488,2.5839197635650635,-0.9644271731376648,1.2803733348846436,1.5337971448898315,0.959745466709137,0.6054966449737549,-2.05794358253479,-0.17621144652366638,0.3360365033149719,-0.2626684904098511,0.029563922435045242,0.7161686420440674,0.32793837785720825,0.007600993849337101,0.5949808359146118,-1.176259994506836,-0.6224216222763062,-0.5101310014724731,2.1535749435424805,1.9897480010986328,-2.754495143890381,-1.8242757320404053,0.48814812302589417,0.6136816143989563,-0.10446124523878098,0.47723114490509033,0.3558080196380615,-0.015071745961904526,0.27348101139068604,-1.3645973205566406,-0.647923469543457,-0.5453221201896667,2.133436918258667,2.3231489658355713,-3.1317121982574463,-2.18873929977417,0.17022918164730072,0.17069096863269806,0.02258297987282276,0.05805308744311333,0.08502957224845886,-0.1507924348115921,-0.07787179946899414,-0.1457994431257248,-0.19608277082443237,0.11662796884775162,0.05502033606171608,-0.1728389859199524,0.02651621587574482,0.32667067646980286
2.241,-0.024915149435400963,0.06949450820684433,0.01566210202872753,-0.09840720146894455,0.07029668986797333,-0.0564175508916378,-0.26077723503112793,0.17258082330226898,-0.949847936630249,0.20000000298023224,0.0,0.0,0.0,0.4913672208786011,0.6169240474700928,-0.10420584678649902,0.4782392084598541,0.35754120349884033,-0.018094254657626152,0.2720014452934265,-1.3674795627593994,-0.6518553495407104,-0.5428889989852905,2.1344947814941406,2.3197689056396484,-3.1312179565429688,-2.182272434234619,0.16681493818759918,0.16699303686618805,0.020055364817380905,0.056436628103256226,0.08520029485225677,-0.14930179715156555,-0.07243425399065018,-0.14007321000099182,-0.19510726630687714,0.118280790746212,0.058071285486221313,-0.17183654010295868,0.02119630016386509,0.3236026167869568,0.6749127507209778,-0.5386551022529602,0.07432132214307785,1.4290783405303955,-0.1620444506406784,-0.8183941841125488,2.5839197635650635,-0.9644271731376648,1.2803733348846436,1.5337971448898315,0.959745466709137,0.6054966449737549,-2.05794358253479,-0.17621144652366638,3.7809998989105225,0.6766157150268555,-0.5436689853668213,0.08222708851099014,1.4284240007400513,-0.16072764992713928,-0.8231136202812195,2.583395004272461,-0.9681102633476257,1.2733690738677979,1.537691593170166,0.9614056944847107,0.5960233807563782,-2.054100751876831,-0.1642342507839203,0.3367179036140442,-0.26541829109191895,0.03302881121635437,0.7155816555023193,0.3285077214241028,0.004913652781397104,0.5945658683776855,-1.1780285835266113,-0.6261698007583618,-0.5079180002212524,2.154513359069824,1.9850270748138428,-2.7528316974639893,-1.8181982040405273,0.4913672208786011,0.6169240474700928,-0.10420584678649902,0.4782392084598541,0.35754120349884033,-0.018094254657626152,0.2720014452934265,-1.3674795627593994,-0.6518553495407104,-0.5428889989852905,2.1344947814941406,2.3197689056396484,-3.1312179565429688,-2.182272434234619,0.16681493818759918,0.16699303686618805,0.020055364817380905,0.056436628103256226,0.08520029485225677,-0.14930179715156555,-0.07243425399065018,-0.14007321000099182,-0.19510726630687714,0.118280790746212,0.058071285486221313,-0.17183654010295868,0.02119630016386509,0.3236026167869568
2.26,-0.021888479590415955,0.06575297564268112,0.012734446674585342,-0.09684363752603531,0.06955298036336899,-0.052911095321178436,-0.2596333622932434,0.17418628931045532,-0.9498682022094727,0.20000000298023224,0.0,0.0,0.0,0.49441489577293396,0.6200032830238342,-0.10402143001556396,0.4791370630264282,0.3592280149459839,-0.020997565239667892,0.2705216407775879,-1.3702105283737183,-0.655673086643219,-0.5405731797218323,2.135495662689209,2.316443920135498,-3.1306910514831543,-2.1760034561157227,0.16151569783687592,0.1614084094762802,0.021391959860920906,0.05434423312544823,0.08486069738864899,-0.1464245468378067,-0.07576991617679596,-0.12997162342071533,-0.19647112488746643,0.11587401479482651,0.05694909021258354,-0.17358388006687164,0.02340308390557766,0.3153376281261444,0.6766157150268555,-0.5436689853668213,0.08222708851099014,1.4284240007400513,-0.16072764992713928,-0.8231136202812195,2.583395004272461,-0.9681102633476257,1.2733690738677979,1.537691593170166,0.9614056944847107,0.5960233807563782,-2.054100751876831,-0.1642342507839203,3.760999917984009,0.6772132515907288,-0.5506021976470947,0.08812585473060608,1.4259614944458008,-0.16004955768585205,-0.8280817270278931,2.5814404487609863,-0.9712340235710144,1.2659181356430054,1.5421491861343384,0.9627140164375305,0.5856872797012329,-2.050995349884033,-0.15244454145431519,0.33728450536727905,-0.2683831453323364,0.03633904457092285,0.7148013710975647,0.32900798320770264,0.002287297509610653,0.5939822196960449,-1.1797351837158203,-0.6299111247062683,-0.5057002305984497,2.1553664207458496,1.9801721572875977,-2.751201629638672,-1.8121753931045532,0.49441489577293396,0.6200032830238342,-0.10402143001556396,0.4791370630264282,0.3592280149459839,-0.020997565239667892,0.2705216407775879,-1.3702105283737183,-0.655673086643219,-0.5405731797218323,2.135495662689209,2.316443920135498,-3.1306910514831543,-2.1760034561157227,0.16151569783687592,0.1614084094762802,0.021391959860920906,0.05434423312544823,0.08486069738864899,-0.1464245468378067,-0.07576991617679596,-0.12997162342071533,-0.19647112488746643,0.11587401479482651,0.05694909021258354,-0.17358388006687164,0.02340308390557766,0.3153376281261444
2.281,-0.021888479590415955,0.06575297564268112,0.012734446674585342,-0.09165433049201965,0.07045921683311462,-0.04878580570220947,-0.2584590017795563,0.17579668760299683,-0.9498918056488037,0.20000000298023224,0.0,0.0,0.0,0.497395396232605,0.6230009198188782,-0.10370480269193649,0.4800177812576294,0.3609386384487152,-0.0239496398717165,0.2688027024269104,-1.3728183507919312,-0.6596421599388123,-0.5381655097007751,2.136469841003418,2.3130204677581787,-3.1299996376037598,-2.1696677207946777,0.15280728042125702,0.152837872505188,0.02505371905863285,0.04904738813638687,0.08151005953550339,-0.1445227712392807,-0.09085557609796524,-0.12630963325500488,-0.1956743597984314,0.11278870701789856,0.049706969410181046,-0.1759098321199417,0.03555230423808098,0.3197636008262634,0.6772132515907288,-0.5506021976470947,0.08812585473060608,1.4259614944458008,-0.16004955768585205,-0.8280817270278931,2.5814404487609863,-0.9712340235710144,1.2659181356430054,1.5421491861343384,0.9627140164375305,0.5856872797012329,-2.050995349884033,-0.15244454145431519,3.740000009536743,0.6793321967124939,-0.5558409094810486,0.09671768546104431,1.4244654178619385,-0.15945808589458466,-0.8323363661766052,2.5807957649230957,-0.9747698903083801,1.259299635887146,1.5455576181411743,0.9636076092720032,0.5762214064598083,-2.046433687210083,-0.14087295532226562,0.33799898624420166,-0.2712443470954895,0.03994498401880264,0.7140308022499084,0.3294468820095062,-0.00018934684339910746,0.5934768915176392,-1.1814601421356201,-0.6335228681564331,-0.5036365389823914,2.156097650527954,1.975353717803955,-2.749376058578491,-1.8062236309051514,0.49873480200767517,0.6243665218353271,-0.10361815989017487,0.4803594648838043,0.36165571212768555,-0.025269627571105957,0.26790934801101685,-1.374085783958435,-0.6613834500312805,-0.5372145771980286,2.136823892593384,2.3113620281219482,-3.1296029090881348,-2.1665754318237305,0.1214107796549797,0.12592028081417084,-0.0018736477941274643,0.025910736992955208,0.06137224659323692,-0.11843634396791458,-0.08423888683319092,-0.1231246292591095,-0.1519598513841629,0.0747063085436821,0.025503791868686676,-0.1564689725637436,0.03847372159361839,0.28959932923316956
2.301,-0.01878220960497856,0.061722204089164734,0.012057337909936905,-0.09507884085178375,0.07036925107240677,-0.04280880093574524,-0.2572941184043884,0.17723451554775238,-0.9499408602714539,0.20000000298023224,0.0,0.0,0.0,0.500052809715271,0.6257033944129944,-0.10345761477947235,0.48069700598716736,0.3624235987663269,-0.026646312326192856,0.2669405937194824,-1.375277042388916,-0.6632468104362488,-0.5361496806144714,2.1371195316314697,2.3096628189086914,-3.1291558742523193,-2.1635191440582275,0.14565587043762207,0.14531514048576355,0.03305533900856972,0.047902170568704605,0.07688017189502716,-0.1439627856016159,-0.10167437791824341,-0.11345452070236206,-0.19416339695453644,0.1124776303768158,0.03782842308282852,-0.17877507209777832,0.04244843125343323,0.30570024251937866,0.6793321967124939,-0.5558409094810486,0.09671768546104431,1.4244654178619385,-0.15945808589458466,-0.8323363661766052,2.5807957649230957,-0.9747698903083801,1.259299635887146,1.5455576181411743,0.9636076092720032,0.5762214064598083,-2.046433687210083,-0.14087295532226562,3.7209999561309814,0.6811679601669312,-0.5626325607299805,0.1023908257484436,1.421568512916565,-0.15898869931697845,-0.835516631603241,2.578813076019287,-0.9782065749168396,1.2521700859069824,1.547959566116333,0.964723527431488,0.5666236877441406,-2.043198823928833,-0.13012641668319702,0.3387744724750519,-0.27426594495773315,0.04332011193037033,0.7130568027496338,0.3298245072364807,-0.0024000375997275114,0.5928257703781128,-1.1831830739974976,-0.6371204853057861,-0.5018316507339478,2.1567769050598145,1.9705411195755005,-2.747612953186035,-1.800445556640625,0.5013421177864075,0.6270113587379456,-0.10326920449733734,0.48103606700897217,0.36310386657714844,-0.027948498725891113,0.26594674587249756,-1.3764203786849976,-0.6649907827377319,-0.5352214574813843,2.137359857559204,2.30794358253479,-3.1286966800689697,-2.160463809967041,0.11482887715101242,0.11856186389923096,0.007765354588627815,0.024059223011136055,0.060007307678461075,-0.12005097419023514,-0.09758186340332031,-0.11397062987089157,-0.15693897008895874,0.07856763899326324,0.013027866370975971,-0.1610061377286911,0.047819506376981735,0.2889111340045929
2.321,-0.01878220960497856,0.061722204089164734,0.012057337909936905,-0.08457427471876144,0.07142265886068344,-0.03743846341967583,-0.2560785412788391,0.17871518433094025,-0.9499919414520264,0.20000000298023224,0.0,0.0,0.0,0.50267493724823,0.6283407807350159,-0.1029052808880806,0.48141899704933167,0.3639410436153412,-0.02941732481122017,0.264753133058548,-1.3775596618652344,-0.667107880115509,-0.5340255498886108,2.1375961303710938,2.3061397075653076,-3.1281158924102783,-2.1572635173797607,0.13597460091114044,0.13556456565856934,0.04060477763414383,0.04254216328263283,0.0741681158542633,-0.13637413084506989,-0.11701241135597229,-0.11148568242788315,-0.19693604111671448,0.09875354915857315,0.022612296044826508,-0.1817987859249115,0.05389343574643135,0.3194692134857178,0.6811679601669312,-0.5626325607299805,0.1023908257484436,1.421568512916565,-0.15898869931697845,-0.835516631603241,2.578813076019287,-0.9782065749168396,1.2521700859069824,1.547959566116333,0.964723527431488,0.5666236877441406,-2.043198823928833,-0.13012641668319702,3.7009999752044678,0.6831559538841248,-0.5674797296524048,0.1106664314866066,1.4197628498077393,-0.1585961878299713,-0.8395306468009949,2.5775187015533447,-0.9810361266136169,1.2461673021316528,1.5510035753250122,0.9651249647140503,0.5578058362007141,-2.038081645965576,-0.11938997358083725,0.33961552381515503,-0.2771081328392029,0.04692404344677925,0.7121042013168335,0.33014774322509766,-0.004549623467028141,0.5921758413314819,-1.1848134994506836,-0.6405392289161682,-0.5001116394996643,2.1573126316070557,1.9658496379852295,-2.7456111907958984,-1.7947903871536255,0.50267493724823,0.6283407807350159,-0.1029052808880806,0.48141899704933167,0.3639410436153412,-0.02941732481122017,0.264753133058548,-1.3775596618652344,-0.667107880115509,-0.5340255498886108,2.1375961303710938,2.3061397075653076,-3.1281158924102783,-2.1572635173797607,0.13597460091114044,0.13556456565856934,0.04060477763414383,0.04254216328263283,0.0741681158542633,-0.13637413084506989,-0.11701241135597229,-0.11148568242788315,-0.19693604111671448,0.09875354915857315,0.022612296044826508,-0.1817987859249115,0.05389343574643135,0.3194692134857178
2.341,-0.015559062361717224,0.0575772263109684,0.011833157390356064,-0.079139344394207,0.07216977328062057,-0.03152625262737274,-0.2548218071460724,0.18012605607509613,-0.9500634074211121,0.20000000298023224,0.0,0.0,0.0,0.5050992369651794,0.6307814717292786,-0.10218992084264755,0.482046514749527,0.36536139249801636,-0.03208455443382263,0.2622429430484772,-1.3797879219055176,-0.670957088470459,-0.5321008563041687,2.137713670730591,2.302577018737793,-3.126830816268921,-2.1508595943450928,0.12563686072826385,0.12524689733982086,0.048348721116781235,0.03770620375871658,0.0683305561542511,-0.1319231241941452,-0.1309928596019745,-0.10732034593820572,-0.1942533254623413,0.09091411530971527,0.002082518767565489,-0.18382391333580017,0.06489186733961105,0.32528337836265564,0.6831559538841248,-0.5674797296524048,0.1106664314866066,1.4197628498077393,-0.1585961878299713,-0.8395306468009949,2.5775187015533447,-0.9810361266136169,1.2461673021316528,1.5510035753250122,0.9651249647140503,0.5578058362007141,-2.038081645965576,-0.11938997358083725,3.680999994277954,0.6840581297874451,-0.5740039944648743,0.11619364470243454,1.4164022207260132,-0.15805858373641968,-0.8435409665107727,2.574700355529785,-0.9833225607872009,1.238621711730957,1.5544989109039307,0.9656152129173279,0.5486496090888977,-2.0339879989624023,-0.10890413820743561,0.3403396010398865,-0.2800762951374054,0.05027587711811066,0.710933268070221,0.33045464754104614,-0.006655881647020578,0.5912981629371643,-1.18629789352417,-0.64406418800354,-0.4983833134174347,2.1577610969543457,1.9611921310424805,-2.743596076965332,-1.7892589569091797,0.5061826109886169,0.6318835020065308,-0.1018403172492981,0.4822906255722046,0.36594468355178833,-0.03329263627529144,0.26094648241996765,-1.3808575868606567,-0.6726827025413513,-0.5313391089439392,2.1375834941864014,2.300830125808716,-3.12613844871521,-2.1476991176605225,0.0958208218216896,0.09938277304172516,0.02530992217361927,0.01634775660932064,0.0488504096865654,-0.10967998206615448,-0.12484659254550934,-0.10390042513608932,-0.15220828354358673,0.060594551265239716,-0.02378765307366848,-0.16486725211143494,0.06830199807882309,0.2971085011959076
2.36,-0.015559062361717224,0.0575772263109684,0.011833157390356064,-0.08794966340065002,0.07488781213760376,-0.02522541955113411,-0.25386953353881836,0.18108411133289337,-0.9501361846923828,0.20000000298023224,0.0,0.0,0.0,0.5072833299636841,0.6329866051673889,-0.10134923458099365,0.4825616478919983,0.3666219115257263,-0.03462400659918785,0.25949978828430176,-1.381879210472107,-0.6746509671211243,-0.5303733944892883,2.1374096870422363,2.2990028858184814,-3.125352382659912,-2.14447021484375,0.1160765141248703,0.11538500338792801,0.05771947652101517,0.03450656309723854,0.06188616901636124,-0.1285053938627243,-0.1432214230298996,-0.09770385921001434,-0.19047041237354279,0.085955411195755,-0.015785178169608116,-0.18680214881896973,0.07363098114728928,0.3228527307510376,0.6840581297874451,-0.5740039944648743,0.11619364470243454,1.4164022207260132,-0.15805858373641968,-0.8435409665107727,2.574700355529785,-0.9833225607872009,1.238621711730957,1.5544989109039307,0.9656152129173279,0.5486496090888977,-2.0339879989624023,-0.10890413820743561,3.6610000133514404,0.687666654586792,-0.5789432525634766,0.12488771229982376,1.4137505292892456,-0.1578071117401123,-0.8450520634651184,2.5729143619537354,-0.9867942929267883,1.2339198589324951,1.5548423528671265,0.9664062857627869,0.5393039584159851,-2.0284130573272705,-0.0986902266740799,0.34138771891593933,-0.28289490938186646,0.053926266729831696,0.7097158432006836,0.3307071924209595,-0.008356926962733269,0.590415894985199,-1.1878576278686523,-0.6472369432449341,-0.4971219599246979,2.158193588256836,1.9565300941467285,-2.741349220275879,-1.7838547229766846,0.5072833299636841,0.6329866051673889,-0.10134923458099365,0.4825616478919983,0.3666219115257263,-0.03462400659918785,0.25949978828430176,-1.381879210472107,-0.6746509671211243,-0.5303733944892883,2.1374096870422363,2.2990028858184814,-3.125352382659912,-2.14447021484375,0.1160765141248703,0.11538500338792801,0.05771947652101517,0.03450656309723854,0.06188616901636124,-0.1285053938627243,-0.1432214230298996,-0.09770385921001434,-0.19047041237354279,0.085955411195755,-0.015785178169608116,-0.18680214881896973,0.07363098114728928,0.3228527307510376
2.3810000000000002,-0.014656174927949905,0.055748190730810165,0.01807481050491333,-0.06629331409931183,0.0717940703034401,-0.018894296139478683,-0.25223901867866516,0.18272797763347626,-0.9502557516098022,0.20000000298023224,0.0,0.0,0.0,0.509336531162262,0.6350409388542175,-0.10023954510688782,0.483061820268631,0.3678402602672577,-0.037111833691596985,0.2564552128314972,-1.3838258981704712,-0.6784539222717285,-0.5287296175956726,2.1368160247802734,2.2953555583953857,-3.1236653327941895,-2.1379971504211426,0.10237827152013779,0.10181935131549835,0.0633406937122345,0.027625378221273422,0.05815323814749718,-0.11890985816717148,-0.15766599774360657,-0.09560297429561615,-0.19031041860580444,0.07118268311023712,-0.03470698371529579,-0.18316486477851868,0.08705258369445801,0.32611992955207825,0.687666654586792,-0.5789432525634766,0.12488771229982376,1.4137505292892456,-0.1578071117401123,-0.8450520634651184,2.5729143619537354,-0.9867942929267883,1.2339198589324951,1.5548423528671265,0.9664062857627869,0.5393039584159851,-2.0284130573272705,-0.0986902266740799,3.6410000324249268,0.6890214085578918,-0.5839686393737793,0.1313701868057251,1.412011981010437,-0.15687832236289978,-0.848789632320404,2.571221351623535,-0.9893541932106018,1.2254160642623901,1.5576180219650269,0.9665043354034424,0.5315335392951965,-2.0231242179870605,-0.08911531418561935,0.3423246145248413,-0.2856217324733734,0.05745391547679901,0.7086029052734375,0.33102327585220337,-0.01010829396545887,0.5895443558692932,-1.189333438873291,-0.650733470916748,-0.4958226680755615,2.158511161804199,1.9521011114120483,-2.738983154296875,-1.7786355018615723,0.5101982355117798,0.6359179615974426,-0.09973059594631195,0.4832177460193634,0.36831551790237427,-0.0382000170648098,0.2549113631248474,-1.3847631216049194,-0.6801244616508484,-0.5281403660774231,2.1363353729248047,2.293611526489258,-3.122770309448242,-2.1348438262939453,0.07489201426506042,0.07790355384349823,0.04214060306549072,0.008738456293940544,0.03777612745761871,-0.09823301434516907,-0.14785966277122498,-0.08952870219945908,-0.1457371562719345,0.044976357370615005,-0.05732849985361099,-0.16480520367622375,0.08707857131958008,0.2954917252063751
2.4,-0.014656174927949905,0.055748190730810165,0.01807481050491333,-0.06295664608478546,0.07034270465373993,-0.01234475988894701,-0.250937283039093,0.18391287326812744,-0.9503718018531799,0.20000000298023224,0.0,0.0,0.0,0.5111179947853088,0.6368287801742554,-0.09904298931360245,0.48343759775161743,0.3689230978488922,-0.03939446434378624,0.2532486617565155,-1.3856583833694458,-0.6821061372756958,-0.5273736119270325,2.1358389854431152,2.291792392730713,-3.1218152046203613,-2.131599187850952,0.09416820853948593,0.09278781712055206,0.0726739838719368,0.026232613250613213,0.05477660894393921,-0.11238045990467072,-0.16386325657367706,-0.08621370047330856,-0.19045689702033997,0.06292597204446793,-0.04928918927907944,-0.18261957168579102,0.09127841889858246,0.32142701745033264,0.6890214085578918,-0.5839686393737793,0.1313701868057251,1.412011981010437,-0.15687832236289978,-0.848789632320404,2.571221351623535,-0.9893541932106018,1.2254160642623901,1.5576180219650269,0.9665043354034424,0.5315335392951965,-2.0231242179870605,-0.08911531418561935,3.621000051498413,0.6909782886505127,-0.5883626341819763,0.1394374668598175,1.4091286659240723,-0.15607643127441406,-0.8513610363006592,2.5690643787384033,-0.9919835925102234,1.219915747642517,1.5595934391021729,0.9664241075515747,0.5221306085586548,-2.0162763595581055,-0.07906609773635864,0.34327396750450134,-0.2881896197795868,0.061133358627557755,0.7073913216590881,0.33136484026908875,-0.011719960719347,0.5886107087135315,-1.1907609701156616,-0.6540060639381409,-0.494616836309433,2.158721446990967,1.9475904703140259,-2.736299753189087,-1.7734746932983398,0.5111179947853088,0.6368287801742554,-0.09904298931360245,0.48343759775161743,0.3689230978488922,-0.03939446434378624,0.2532486617565155,-1.3856583833694458,-0.6821061372756958,-0.5273736119270325,2.1358389854431152,2.291792392730713,-3.1218152046203613,-2.131599187850952,0.09416820853948593,0.09278781712055206,0.0726739838719368,0.026232613250613213,0.05477660894393921,-0.11238045990467072,-0.16386325657367706,-0.08621370047330856,-0.19045689702033997,0.06292597204446793,-0.04928918927907944,-0.18261957168579102,0.09127841889858246,0.32142701745033264
2.423,-0.011534402146935463,0.05210837349295616,0.016691459342837334,-0.047425124794244766,0.06583672016859055,-0.005799020174890757,-0.24930979311466217,0.18532149493694305,-0.9505264759063721,0.20000000298023224,0.0,0.0,0.0,0.5127701759338379,0.6384625434875488,-0.09761297702789307,0.4838048815727234,0.37001773715019226,-0.041615694761276245,0.24983333051204681,-1.387362003326416,-0.685920238494873,-0.5260686874389648,2.134624481201172,2.2882285118103027,-3.119800090789795,-2.1251635551452637,0.08358026295900345,0.0816512331366539,0.08012142777442932,0.02228555642068386,0.05258622020483017,-0.10709518194198608,-0.1737816482782364,-0.08171017467975616,-0.1909068077802658,0.058565668761730194,-0.06304335594177246,-0.17851701378822327,0.10176809877157211,0.32187506556510925,0.6909782886505127,-0.5883626341819763,0.1394374668598175,1.4091286659240723,-0.15607643127441406,-0.8513610363006592,2.5690643787384033,-0.9919835925102234,1.219915747642517,1.5595934391021729,0.9664241075515747,0.5221306085586548,-2.0162763595581055,-0.07906609773635864,3.5999999046325684,0.6903954744338989,-0.5945701599121094,0.14591580629348755,1.4051605463027954,-0.15527574717998505,-0.8554362058639526,2.565544605255127,-0.9937013983726501,1.212191104888916,1.5640592575073242,0.9657077193260193,0.5119043588638306,-2.00942063331604,-0.06867489218711853,0.34385108947753906,-0.2909182608127594,0.06468072533607483,0.705947995185852,0.33172401785850525,-0.013459403067827225,0.5874291658401489,-1.192017912864685,-0.657455563545227,-0.49310290813446045,2.1587610244750977,1.9428989887237549,-2.7333929538726807,-1.768303632736206,0.5134479403495789,0.6391404271125793,-0.09693818539381027,0.4839121997356415,0.37044575810432434,-0.042597487568855286,0.24813929200172424,-1.3881561756134033,-0.6876036524772644,-0.5255741477012634,2.1338837146759033,2.2865400314331055,-3.1187620162963867,-2.1220691204071045,0.056726839393377304,0.05811702087521553,0.05845854803919792,0.004140362609177828,0.033607859164476395,-0.08861738443374634,-0.16207876801490784,-0.07521113008260727,-0.1473832130432129,0.038139861077070236,-0.08145499974489212,-0.15848976373672485,0.10106433182954788,0.28873512148857117
2.441,-0.011534402146935463,0.05210837349295616,0.016691459342837334,-0.05788101255893707,0.06567395478487015,0.0006779488758184016,-0.2483595460653305,0.18612022697925568,-0.9506191611289978,0.20000000298023224,0.0,0.0,0.0,0.5141124129295349,0.6397913098335266,-0.096169613301754,0.48403045535087585,0.37093931436538696,-0.04366135597229004,0.24636967480182648,-1.3888914585113525,-0.6894369125366211,-0.5249038338661194,2.1331188678741455,2.28483510017395,-3.1176657676696777,-2.1189897060394287,0.07560333609580994,0.07246293127536774,0.08879896253347397,0.022139830514788628,0.04857812076807022,-0.10820399969816208,-0.17775774002075195,-0.06920818984508514,-0.1880863755941391,0.06718650460243225,-0.06993262469768524,-0.1757965236902237,0.10495161265134811,0.30848240852355957,0.6903954744338989,-0.5945701599121094,0.14591580629348755,1.4051605463027954,-0.15527574717998505,-0.8554362058639526,2.565544605255127,-0.9937013983726501,1.212191104888916,1.5640592575073242,0.9657077193260193,0.5119043588638306,-2.00942063331604,-0.06867489218711853,3.5810000896453857,0.6935918927192688,-0.5992838144302368,0.15440422296524048,1.4021340608596802,-0.15477311611175537,-0.8555952906608582,2.563826322555542,-0.9967479109764099,1.2076939344406128,1.5640093088150024,0.965944230556488,0.5019867420196533,-2.0019538402557373,-0.059209682047367096,0.3447345495223999,-0.29353535175323486,0.06843714416027069,0.7044837474822998,0.3320508599281311,-0.0147008765488863,0.5863443613052368,-1.1933547258377075,-0.6605448126792908,-0.4920506477355957,2.1588244438171387,1.9381272792816162,-2.730238199234009,-1.7632639408111572,0.5141124129295349,0.6397913098335266,-0.096169613301754,0.48403045535087585,0.37093931436538696,-0.04366135597229004,0.24636967480182648,-1.3888914585113525,-0.6894369125366211,-0.5249038338661194,2.1331188678741455,2.28483510017395,-3.1176657676696777,-2.1189897060394287,0.07560333609580994,0.07246293127536774,0.08879896253347397,0.022139830514788628,0.04857812076807022,-0.10820399969816208,-0.17775774002075195,-0.06920818984508514,-0.1880863755941391,0.06718650460243225,-0.06993262469768524,-0.1757965236902237,0.10495161265134811,0.30848240852355957
2.46,-0.009136313572525978,0.04988919571042061,0.01702679879963398,-0.06007145717740059,0.065640389919281,0.006800477392971516,-0.2471158504486084,0.18714639544487,-0.9507418274879456,0.20000000298023224,0.0,0.0,0.0,0.5153328776359558,0.6409655809402466,-0.09451325237751007,0.4842665493488312,0.3718712627887726,-0.04566669836640358,0.2427862286567688,-1.3902162313461304,-0.69305819272995,-0.5236799716949463,2.1315109729766846,2.2814831733703613,-3.115417003631592,-2.1129298210144043,0.06488604843616486,0.060974810272455215,0.09398654848337173,0.01846000924706459,0.04905206337571144,-0.09909120202064514,-0.18442335724830627,-0.06547671556472778,-0.19152821600437164,0.058033380657434464,-0.07607407122850418,-0.1677626222372055,0.113350510597229,0.3059059977531433,0.6935918927192688,-0.5992838144302368,0.15440422296524048,1.4021340608596802,-0.15477311611175537,-0.8555952906608582,2.563826322555542,-0.9967479109764099,1.2076939344406128,1.5640093088150024,0.965944230556488,0.5019867420196533,-2.0019538402557373,-0.059209682047367096,3.561000108718872,0.6956722140312195,-0.6046971678733826,0.16128908097743988,1.3990939855575562,-0.15533021092414856,-0.856216549873352,2.5601208209991455,-0.999175488948822,1.2023557424545288,1.5639111995697021,0.9656789898872375,0.4926999807357788,-1.9951757192611694,-0.05060607194900513,0.3456650376319885,-0.29617932438850403,0.07209936529397964,0.7030026912689209,0.33219608664512634,-0.01566309668123722,0.5850291848182678,-1.1946547031402588,-0.6635079979896545,-0.49132877588272095,2.1588289737701416,1.9333940744400024,-2.727013111114502,-1.7584457397460938,0.5153328776359558,0.6409655809402466,-0.09451325237751007,0.4842665493488312,0.3718712627887726,-0.04566669836640358,0.2427862286567688,-1.3902162313461304,-0.69305819272995,-0.5236799716949463,2.1315109729766846,2.2814831733703613,-3.115417003631592,-2.1129298210144043,0.06488604843616486,0.060974810272455215,0.09398654848337173,0.01846000924706459,0.04905206337571144,-0.09909120202064514,-0.18442335724830627,-0.06547671556472778,-0.19152821600437164,0.058033380657434464,-0.07607407122850418,-0.1677626222372055,0.113350510597229,0.3059059977531433
2.482,-0.009136313572525978,0.04988919571042061,0.01702679879963398,-0.03718908503651619,0.059982720762491226,0.011642602272331715,-0.24557431042194366,0.1883257031440735,-0.950908362865448,0.20000000298023224,0.0,0.0,0.0,0.5163785815238953,0.6419498920440674,-0.09271695464849472,0.484453022480011,0.3728024959564209,-0.047501340508461,0.23898757994174957,-1.391500473022461,-0.6967582106590271,-0.5226622819900513,2.1298439502716064,2.2782390117645264,-3.1129367351531982,-2.1068012714385986,0.053748782724142075,0.04967430979013443,0.09753058850765228,0.013200991787016392,0.04671500623226166,-0.0870329886674881,-0.19512611627578735,-0.06165752559900284,-0.1896733045578003,0.04203023761510849,-0.08083987981081009,-0.16317281126976013,0.1272239089012146,0.30808815360069275,0.6956722140312195,-0.6046971678733826,0.16128908097743988,1.3990939855575562,-0.15533021092414856,-0.856216549873352,2.5601208209991455,-0.999175488948822,1.2023557424545288,1.5639111995697021,0.9656789898872375,0.4926999807357788,-1.9951757192611694,-0.05060607194900513,3.5399999618530273,0.6952077746391296,-0.6092168688774109,0.17014732956886292,1.396366000175476,-0.1546955406665802,-0.8596353530883789,2.557285785675049,-1.0005676746368408,1.1962860822677612,1.5675508975982666,0.9646050333976746,0.48280224204063416,-1.9863367080688477,-0.041282184422016144,0.3462466895580292,-0.2987080514431,0.07599165290594101,0.7015568017959595,0.33239293098449707,-0.016849471256136894,0.5836833119392395,-1.1957734823226929,-0.6664927005767822,-0.490277498960495,2.1586711406707764,1.9285961389541626,-2.7234296798706055,-1.7536742687225342,0.5167818069458008,0.6423293948173523,-0.09185583889484406,0.48448288440704346,0.37317976355552673,-0.048299726098775864,0.23708105087280273,-1.3920810222625732,-0.698434591293335,-0.5222998857498169,2.128945827484131,2.276684522628784,-3.111635684967041,-2.103837728500366,0.03018893674015999,0.02908938378095627,0.07685935497283936,-0.0033761472441256046,0.029783662408590317,-0.07268441468477249,-0.18323124945163727,-0.05388781428337097,-0.14838765561580658,0.02940482646226883,-0.09596601128578186,-0.14568963646888733,0.12778249382972717,0.27610060572624207
2.5,-0.006201119162142277,0.04766777902841568,0.016804717481136322,-0.044216006994247437,0.05994587019085884,0.016876578330993652,-0.24466416239738464,0.18900169432163239,-0.9510088562965393,0.20000000298023224,0.0,0.0,0.0,0.5171747803688049,0.6426876783370972,-0.0909167006611824,0.48451924324035645,0.37361201643943787,-0.04915321245789528,0.23510608077049255,-1.3926210403442383,-0.7002261281013489,-0.521809458732605,2.1280288696289062,2.2751219272613525,-3.110264539718628,-2.100869655609131,0.046346113085746765,0.04142220690846443,0.10244496911764145,0.01183345913887024,0.04339345172047615,-0.08646926283836365,-0.19844813644886017,-0.05115571990609169,-0.18514880537986755,0.048119619488716125,-0.08580002188682556,-0.16009071469306946,0.13384146988391876,0.29702040553092957,0.6952077746391296,-0.6092168688774109,0.17014732956886292,1.396366000175476,-0.1546955406665802,-0.8596353530883789,2.557285785675049,-1.0005676746368408,1.1962860822677612,1.5675508975982666,0.9646050333976746,0.48280224204063416,-1.9863367080688477,-0.041282184422016144,3.5209999084472656,0.6965652108192444,-0.614377498626709,0.1763019859790802,1.3928080797195435,-0.15453538298606873,-0.860063910484314,2.5537729263305664,-1.002650499343872,1.190703272819519,1.5680760145187378,0.9642508029937744,0.47342339158058167,-1.9790469408035278,-0.03304354101419449,0.3468574583530426,-0.30125224590301514,0.07963945716619492,0.7000110149383545,0.33255472779273987,-0.017744217067956924,0.5822142362594604,-1.1968690156936646,-0.6694194078445435,-0.48946285247802734,2.1585073471069336,1.9238308668136597,-2.719827890396118,-1.749098539352417,0.5171747803688049,0.6426876783370972,-0.0909167006611824,0.48451924324035645,0.37361201643943787,-0.04915321245789528,0.23510608077049255,-1.3926210403442383,-0.7002261281013489,-0.521809458732605,2.1280288696289062,2.2751219272613525,-3.110264539718628,-2.100869655609131,0.046346113085746765,0.04142220690846443,0.10244496911764145,0.01183345913887024,0.04339345172047615,-0.08646926283836365,-0.19844813644886017,-0.05115571990609169,-0.18514880537986755,0.048119619488716125,-0.08580002188682556,-0.16009071469306946,0.13384146988391876,0.29702040553092957
2.52,-0.006201119162142277,0.04766777902841568,0.016804717481136322,0.021855410188436508,0.07252226769924164,0.029301637783646584,-0.24326683580875397,0.1892997920513153,-0.9513079524040222,0.20000000298023224,0.0,0.0,0.0,0.5173671841621399,0.6384704113006592,-0.08933920413255692,0.4841708242893219,0.37478432059288025,-0.05180404335260391,0.23063266277313232,-1.393876552581787,-0.7046871781349182,-0.5234217047691345,2.126132011413574,2.2722227573394775,-3.107159376144409,-2.0949296951293945,-0.02872220240533352,-0.5545570850372314,0.05171377211809158,-0.04651833698153496,0.08311562985181808,-0.22226333618164062,-0.25153645873069763,-0.07783565670251846,-0.28466498851776123,-0.20671974122524261,-0.10317154228687286,-0.12731705605983734,0.173557847738266,0.288068950176239,0.6965652108192444,-0.614377498626709,0.1763019859790802,1.3928080797195435,-0.15453538298606873,-0.860063910484314,2.5537729263305664,-1.002650499343872,1.190703272819519,1.5680760145187378,0.9642508029937744,0.47342339158058167,-1.9790469408035278,-0.03304354101419449,3.500999927520752,0.7094113826751709,-0.5857513546943665,0.1726611852645874,1.3849220275878906,-0.16779185831546783,-0.8494771718978882,2.536283493041992,-1.0008628368377686,1.1971021890640259,1.5535478591918945,0.9602801203727722,0.47540247440338135,-1.9737420082092285,-0.04329138621687889,0.3492119312286377,-0.2987392842769623,0.08164680004119873,0.6977460384368896,0.3306795358657837,-0.016782527789473534,0.5785624980926514,-1.1973676681518555,-0.6705082654953003,-0.49107182025909424,2.15779709815979,1.9207919836044312,-2.716510772705078,-1.7474327087402344,0.5173671841621399,0.6384704113006592,-0.08933920413255692,0.4841708242893219,0.37478432059288025,-0.05180404335260391,0.23063266277313232,-1.393876552581787,-0.7046871781349182,-0.5234217047691345,2.126132011413574,2.2722227573394775,-3.107159376144409,-2.0949296951293945,-0.02872220240533352,-0.5545570850372314,0.05171377211809158,-0.04651833698153496,0.08311562985181808,-0.22226333618164062,-0.25153645873069763,-0.07783565670251846,-0.28466498851776123,-0.20671974122524261,-0.10317154228687286,-0.12731705605983734,0.173557847738266,0.288068950176239
2.54,-0.0014393259771168232,0.047626446932554245,0.013465632684528828,0.055493541061878204,0.0738571286201477,0.03239848092198372,-0.2417457550764084,0.18863466382026672,-0.9518277049064636,0.20000000298023224,0.0,0.0,0.0,0.5161239504814148,0.6204261779785156,-0.08883856981992722,0.48272186517715454,0.3762839138507843,-0.05799047648906708,0.22551538050174713,-1.3952350616455078,-0.7100492119789124,-0.5288349390029907,2.1237049102783203,2.2699034214019775,-3.1034514904022217,-2.089831829071045,-0.08211831748485565,-1.1997268199920654,0.00783968809992075,-0.08661928027868271,0.07280129939317703,-0.375857949256897,-0.2608426511287689,-0.0538753904402256,-0.2665386497974396,-0.3118456304073334,-0.12871010601520538,-0.11267884075641632,0.19516122341156006,0.2213234156370163,0.7094113826751709,-0.5857513546943665,0.1726611852645874,1.3849220275878906,-0.16779185831546783,-0.8494771718978882,2.536283493041992,-1.0008628368377686,1.1971021890640259,1.5535478591918945,0.9602801203727722,0.47540247440338135,-1.9737420082092285,-0.04329138621687889,3.4809999465942383,0.7138726115226746,-0.5410545468330383,0.16391736268997192,1.3732941150665283,-0.17805719375610352,-0.834665834903717,2.5039122104644775,-1.0029325485229492,1.2068384885787964,1.5341447591781616,0.9520246982574463,0.4889102578163147,-1.974012851715088,-0.06549482047557831,0.35152924060821533,-0.2902756929397583,0.0817403644323349,0.694416344165802,0.3278270959854126,-0.013887644745409489,0.5711506009101868,-1.19802725315094,-0.6698100566864014,-0.49510854482650757,2.1560616493225098,1.9206910133361816,-2.7142295837402344,-1.7495970726013184,0.5161239504814148,0.6204261779785156,-0.08883856981992722,0.48272186517715454,0.3762839138507843,-0.05799047648906708,0.22551538050174713,-1.3952350616455078,-0.7100492119789124,-0.5288349390029907,2.1237049102783203,2.2699034214019775,-3.1034514904022217,-2.089831829071045,-0.08211831748485565,-1.1997268199920654,0.00783968809992075,-0.08661928027868271,0.07280129939317703,-0.375857949256897,-0.2608426511287689,-0.0538753904402256,-0.2665386497974396,-0.3118456304073334,-0.12871010601520538,-0.11267884075641632,0.19516122341156006,0.2213234156370163
2.561,-0.0014393259771168232,0.047626446932554245,0.013465632684528828,0.09495334327220917,0.06769063323736191,0.03701212629675865,-0.2402874231338501,0.18729963898658752,-0.9524604082107544,0.20000000298023224,0.0,0.0,0.0,0.5140255689620972,0.5898805260658264,-0.08891766518354416,0.48070234060287476,0.37715956568717957,-0.06605203449726105,0.22025059163570404,-1.3957667350769043,-0.7141322493553162,-0.5357456207275391,2.1209638118743896,2.2678110599517822,-3.0992178916931152,-2.0864288806915283,-0.13105462491512299,-1.8364713191986084,-0.02219683676958084,-0.11609136313199997,0.02491367980837822,-0.4020017087459564,-0.26700758934020996,0.0012536428403109312,-0.1649060845375061,-0.3868941068649292,-0.13652817904949188,-0.0939619392156601,0.22826910018920898,0.10877883434295654,0.7138726115226746,-0.5410545468330383,0.16391736268997192,1.3732941150665283,-0.17805719375610352,-0.834665834903717,2.5039122104644775,-1.0029325485229492,1.2068384885787964,1.5341447591781616,0.9520246982574463,0.4889102578163147,-1.974012851715088,-0.06549482047557831,3.4609999656677246,0.7118748426437378,-0.486419141292572,0.1533215492963791,1.3570365905761719,-0.18339598178863525,-0.8226314187049866,2.4608266353607178,-1.0023739337921143,1.2180061340332031,1.516852617263794,0.9377388954162598,0.5123149156570435,-1.9723926782608032,-0.09531725943088531,0.3528516888618469,-0.27615585923194885,0.08021648228168488,0.6896469593048096,0.325029581785202,-0.010056063532829285,0.5594994425773621,-1.198405146598816,-0.6676461100578308,-0.50052809715271,2.1527040004730225,1.9241310358047485,-2.7123894691467285,-1.7555856704711914,0.5140255689620972,0.5898805260658264,-0.08891766518354416,0.48070234060287476,0.37715956568717957,-0.06605203449726105,0.22025059163570404,-1.3957667350769043,-0.7141322493553162,-0.5357456207275391,2.1209638118743896,2.2678110599517822,-3.0992178916931152,-2.0864288806915283,-0.13105462491512299,-1.8364713191986084,-0.02219683676958084,-0.11609136313199997,0.02491367980837822,-0.4020017087459564,-0.26700758934020996,0.0012536428403109312,-0.1649060845375061,-0.3868941068649292,-0.13652817904949188,-0.0939619392156601,0.22826910018920898,0.10877883434295654
2.58,0.004447141196578741,0.045292846858501434,0.005489879287779331,0.1513618379831314,0.058061107993125916,0.04646814614534378,-0.23896920680999756,0.1851186901330948,-0.9532181024551392,0.20000000298023224,0.0,0.0,0.0,0.510985255241394,0.5463862419128418,-0.08945311605930328,0.4781879186630249,0.3770347833633423,-0.07370921969413757,0.2148432582616806,-1.3952531814575195,-0.716096043586731,-0.5432716012001038,2.11814022064209,2.2662739753723145,-3.094306468963623,-2.085392713546753,-0.19991450011730194,-2.554104804992676,-0.05726621672511101,-0.15376552939414978,-0.02578345686197281,-0.31472817063331604,-0.2860141098499298,0.05679139122366905,-0.06277339905500412,-0.4334940016269684,-0.13390175998210907,-0.052916519343853,0.272235631942749,-0.0346529521048069,0.7118748426437378,-0.486419141292572,0.1533215492963791,1.3570365905761719,-0.18339598178863525,-0.8226314187049866,2.4608266353607178,-1.0023739337921143,1.2180061340332031,1.516852617263794,0.9377388954162598,0.5123149156570435,-1.9723926782608032,-0.09531725943088531,3.440999984741211,0.7028608322143555,-0.4164368510246277,0.1335589438676834,1.3327120542526245,-0.186821848154068,-0.813742458820343,2.3994619846343994,-0.9959235787391663,1.2322603464126587,1.501878261566162,0.9131890535354614,0.5479300618171692,-1.9657647609710693,-0.1359487771987915,0.35242530703544617,-0.2557746171951294,0.07618537545204163,0.6826596856117249,0.3225574493408203,-0.006040613166987896,0.542138934135437,-1.197702169418335,-0.663993239402771,-0.5065679550170898,2.1466712951660156,1.931881308555603,-2.7101073265075684,-1.7658722400665283,0.510985255241394,0.5463862419128418,-0.08945311605930328,0.4781879186630249,0.3770347833633423,-0.07370921969413757,0.2148432582616806,-1.3952531814575195,-0.716096043586731,-0.5432716012001038,2.11814022064209,2.2662739753723145,-3.094306468963623,-2.085392713546753,-0.19991450011730194,-2.554104804992676,-0.05726621672511101,-0.15376552939414978,-0.02578345686197281,-0.31472817063331604,-0.2860141098499298,0.05679139122366905,-0.06277339905500412,-0.4334940016269684,-0.13390175998210907,-0.052916519343853,0.272235631942749,-0.0346529521048069
2.601,0.004447141196578741,0.045292846858501434,0.005489879287779331,0.24411945044994354,0.06666160374879837,0.05963592603802681,-0.23760005831718445,0.1814597100019455,-0.9542633891105652,0.20000000298023224,0.0,0.0,0.0,0.5063359141349792,0.487086683511734,-0.09071028232574463,0.4747789204120636,0.3758876621723175,-0.07862800359725952,0.20848417282104492,-1.3935421705245972,-0.7162148356437683,-0.5509242415428162,2.1153013706207275,2.2655856609344482,-3.088043689727783,-2.0877435207366943,-0.2884695827960968,-3.4102065563201904,-0.09704230725765228,-0.2048240303993225,-0.07416064292192459,-0.15476636588573456,-0.3508063554763794,0.11078079044818878,0.015690693631768227,-0.347696989774704,-0.14950519800186157,-0.006939950864762068,0.3540596067905426,-0.2163582742214203,0.7028608322143555,-0.4164368510246277,0.1335589438676834,1.3327120542526245,-0.186821848154068,-0.813742458820343,2.3994619846343994,-0.9959235787391663,1.2322603464126587,1.501878261566162,0.9131890535354614,0.5479300618171692,-1.9657647609710693,-0.1359487771987915,3.4210000038146973,0.6871277093887329,-0.32801273465156555,0.10222584009170532,1.3022111654281616,-0.18736951053142548,-0.8040704131126404,2.3243706226348877,-0.9814253449440002,1.2510206699371338,1.4866139888763428,0.8769976496696472,0.6004732251167297,-1.9532406330108643,-0.19139432907104492,0.34976688027381897,-0.22824415564537048,0.06866364181041718,0.6731934547424316,0.3207447826862335,-0.001778990961611271,0.5187228918075562,-1.1950352191925049,-0.658622145652771,-0.5130854845046997,2.137019634246826,1.9451878070831299,-2.7066311836242676,-1.7813897132873535,0.5063359141349792,0.487086683511734,-0.09071028232574463,0.4747789204120636,0.3758876621723175,-0.07862800359725952,0.20848417282104492,-1.3935421705245972,-0.7162148356437683,-0.5509242415428162,2.1153013706207275,2.2655856609344482,-3.088043689727783,-2.0877435207366943,-0.2884695827960968,-3.4102065563201904,-0.09704230725765228,-0.2048240303993225,-0.07416064292192459,-0.15476636588573456,-0.3508063554763794,0.11078079044818878,0.015690693631768227,-0.347696989774704,-0.14950519800186157,-0.006939950864762068,0.3540596067905426,-0.2163582742214203
2.62,0.016763217747211456,0.04117210954427719,-0.020097969099879265,0.4324209988117218,0.1134810820221901,0.07270559668540955,-0.23572960495948792,0.1754799485206604,-0.9558442831039429,0.20000000298023224,0.0,0.0,0.0,0.49955514073371887,0.40633636713027954,-0.09318039566278458,0.46999436616897583,0.37428081035614014,-0.07934045791625977,0.20069384574890137,-1.391250491142273,-0.7159470319747925,-0.5548951625823975,2.1115763187408447,2.266059637069702,-3.080125093460083,-2.0936381816864014,-0.44624945521354675,-4.860940933227539,-0.21075622737407684,-0.31815940141677856,-0.07730265706777573,0.17441856861114502,-0.44963523745536804,0.14846618473529816,-0.025835378095507622,-0.08352481573820114,-0.21750646829605103,0.050660014152526855,0.4545688331127167,-0.4487375319004059,0.6871277093887329,-0.32801273465156555,0.10222584009170532,1.3022111654281616,-0.18736951053142548,-0.8040704131126404,2.3243706226348877,-0.9814253449440002,1.2510206699371338,1.4866139888763428,0.8769976496696472,0.6004732251167297,-1.9532406330108643,-0.19139432907104492,3.4010000228881836,0.6567752957344055,-0.20200270414352417,0.03379092738032341,1.2601597309112549,-0.19340327382087708,-0.7888679504394531,2.2003746032714844,-0.9477404952049255,1.2824784517288208,1.4604839086532593,0.8182752132415771,0.6783978343009949,-1.9342085123062134,-0.2786140739917755,0.3433530926704407,-0.19007131457328796,0.05313318967819214,0.6602593660354614,0.3185708522796631,0.003484513610601425,0.4837322235107422,-1.1881157159805298,-0.6501437425613403,-0.5215672254562378,2.121455192565918,1.966191053390503,-2.701343059539795,-1.8053349256515503,0.49955514073371887,0.40633636713027954,-0.09318039566278458,0.46999436616897583,0.37428081035614014,-0.07934045791625977,0.20069384574890137,-1.391250491142273,-0.7159470319747925,-0.5548951625823975,2.1115763187408447,2.266059637069702,-3.080125093460083,-2.0936381816864014,-0.44624945521354675,-4.860940933227539,-0.21075622737407684,-0.31815940141677856,-0.07730265706777573,0.17441856861114502,-0.44963523745536804,0.14846618473529816,-0.025835378095507622,-0.08352481573820114,-0.21750646829605103,0.050660014152526855,0.4545688331127167,-0.4487375319004059
2.643,0.016763217747211456,0.04117210954427719,-0.020097969099879265,0.41704341769218445,0.268473356962204,-0.01972876861691475,-0.23103292286396027,0.16367772221565247,-0.9590794444084167,0.20000000298023224,0.0,0.0,0.0,0.48910075426101685,0.28776711225509644,-0.09878169000148773,0.46209755539894104,0.37295782566070557,-0.07031302899122238,0.1897900104522705,-1.3879889249801636,-0.7174801826477051,-0.5530169606208801,2.1053149700164795,2.267125129699707,-3.0688791275024414,-2.1056017875671387,-0.525018036365509,-6.6217851638793945,-0.329621821641922,-0.4118708074092865,-0.051203351467847824,0.7054963707923889,-0.5824552178382874,0.2593894600868225,-0.12374791502952576,0.19447118043899536,-0.39398929476737976,-0.022206375375390053,0.6245929002761841,-0.7954809069633484,0.6567752957344055,-0.20200270414352417,0.03379092738032341,1.2601597309112549,-0.19340327382087708,-0.7888679504394531,2.2003746032714844,-0.9477404952049255,1.2824784517288208,1.4604839086532593,0.8182752132415771,0.6783978343009949,-1.9342085123062134,-0.2786140739917755,3.378999948501587,0.6160991787910461,-0.03445503115653992,-0.06073611229658127,1.2258607149124146,-0.21405035257339478,-0.7413665652275085,2.023890733718872,-0.9090502262115479,1.347866177558899,1.3820254802703857,0.7523325085639954,0.8050926327705383,-1.9167689085006714,-0.4124692678451538,0.3327620327472687,-0.13821817934513092,0.028082814067602158,0.6460606455802917,0.3139520287513733,0.014294175431132317,0.4327661693096161,-1.1774685382843018,-0.6344007253646851,-0.5392732620239258,2.100668430328369,1.9998975992202759,-2.6950254440307617,-1.8421748876571655,0.4851599931716919,0.21982760727405548,-0.10141855478286743,0.4587567150592804,0.3729098439216614,-0.06251094490289688,0.18427306413650513,-1.3856316804885864,-0.7193655371665955,-0.5496346354484558,2.1007325649261475,2.266278028488159,-3.062657594680786,-2.1129419803619385,-0.2687338888645172,-6.874555587768555,-0.21036580204963684,-0.25848114490509033,0.04311738535761833,0.8406980633735657,-0.49637895822525024,0.22160440683364868,-0.2533920705318451,0.41493353247642517,-0.5041045546531677,-0.144735187292099,0.5921863913536072,-0.6803724765777588
2.662,0.04598308354616165,-0.012714861892163754,-0.06534342467784882,0.3919755220413208,0.30806052684783936,-0.10473788529634476,-0.22832083702087402,0.16000640392303467,-0.960347592830658,0.20000000298023224,0.0,0.0,0.0,0.48345163464546204,0.15216337144374847,-0.10341521352529526,0.45658987760543823,0.3723483383655548,-0.05160875990986824,0.17995060980319977,-1.381853461265564,-0.7193917036056519,-0.5512510538101196,2.0948781967163086,2.263456344604492,-3.056567668914795,-2.1221885681152344,-0.13509994745254517,-6.682557106018066,-0.21448807418346405,-0.24403968453407288,-0.14309746026992798,1.2668853998184204,-0.42458054423332214,0.5393896102905273,0.186902716755867,-0.5217422842979431,-0.5582292675971985,-0.5458486080169678,0.6328700184822083,-0.6449635028839111,0.6160991787910461,-0.03445503115653992,-0.06073611229658127,1.2258607149124146,-0.21405035257339478,-0.7413665652275085,2.023890733718872,-0.9090502262115479,1.347866177558899,1.3820254802703857,0.7523325085639954,0.8050926327705383,-1.9167689085006714,-0.4124692678451538,3.359999895095825,0.522015392780304,0.08520668745040894,-0.1302112489938736,1.1459673643112183,-0.2154947966337204,-0.7647162079811096,1.8526923656463623,-0.8696678280830383,1.3986608982086182,1.4029688835144043,0.6790971755981445,0.913960337638855,-1.9192705154418945,-0.5170723795890808,0.3112357258796692,-0.08397172391414642,0.0001262817531824112,0.6241375207901001,0.31050220131874084,0.018358491361141205,0.37141019105911255,-1.164108157157898,-0.615761399269104,-0.5485259294509888,2.0751326084136963,2.0398223400115967,-2.6909782886505127,-1.8836532831192017,0.48439526557922363,0.08803431689739227,-0.10447607189416885,0.45610514283180237,0.3712790608406067,-0.03973595052957535,0.17621195316314697,-1.3767117261886597,-0.7177671194076538,-0.5524629950523376,2.0894105434417725,2.2585229873657227,-3.0503242015838623,-2.1316065788269043,0.29559656977653503,-6.155815601348877,0.00117258180398494,0.08824031800031662,-0.08602859079837799,1.1403549909591675,-0.3342663049697876,0.4914087951183319,0.16577206552028656,0.095370352268219,-0.5334872007369995,-0.5651459097862244,0.6117867231369019,-0.8865579962730408
2.68,0.04598308354616165,-0.012714861892163754,-0.06534342467784882,-0.015205477364361286,0.44580769538879395,-0.34565016627311707,-0.2199002206325531,0.15513041615486145,-0.9631087183952332,0.20000000298023224,0.0,0.0,0.0,0.48807328939437866,0.02943284995853901,-0.10467977076768875,0.45674005150794983,0.36903101205825806,-0.027733230963349342,0.17311249673366547,-1.3699455261230469,-0.7129066586494446,-0.5534659624099731,2.0838890075683594,2.2511918544769287,-3.043764352798462,-2.1430788040161133,0.4182988405227661,-5.555622100830078,-0.043624863028526306,0.105303555727005,-0.3294045925140381,1.238362431526184,-0.3032900094985962,0.7270255088806152,0.7203224897384644,-0.22934432327747345,-0.4796515107154846,-0.8826823234558105,0.6779704689979553,-0.9171904921531677,0.522015392780304,0.08520668745040894,-0.1302112489938736,1.1459673643112183,-0.2154947966337204,-0.7647162079811096,1.8526923656463623,-0.8696678280830383,1.3986608982086182,1.4029688835144043,0.6790971755981445,0.913960337638855,-1.9192705154418945,-0.5170723795890808,3.3410000801086426,0.4151831269264221,0.16894389688968658,-0.14192578196525574,1.1249223947525024,-0.20922507345676422,-0.7852745056152344,1.7608647346496582,-0.8671268224716187,1.4384950399398804,1.4477986097335815,0.6244481801986694,1.0396968126296997,-1.9141485691070557,-0.5862199068069458,0.28014248609542847,-0.03343861922621727,-0.021200470626354218,0.6056346297264099,0.3090277910232544,0.01811976730823517,0.3146868348121643,-1.1543747186660767,-0.5967387557029724,-0.5482783317565918,2.049060106277466,2.086630344390869,-2.6873769760131836,-1.9230601787567139,0.48807328939437866,0.02943284995853901,-0.10467977076768875,0.45674005150794983,0.36903101205825806,-0.027733230963349342,0.17311249673366547,-1.3699455261230469,-0.7129066586494446,-0.5534659624099731,2.0838890075683594,2.2511918544769287,-3.043764352798462,-2.1430788040161133,0.4182988405227661,-5.555622100830078,-0.043624863028526306,0.105303555727005,-0.3294045925140381,1.238362431526184,-0.3032900094985962,0.7270255088806152,0.7203224897384644,-0.22934432327747345,-0.4796515107154846,-0.8826823234558105,0.6779704689979553,-0.9171904921531677
2.702,0.05950065329670906,-0.13055936992168427,-0.12630130350589752,-0.23832665383815765,0.5278598666191101,-0.4989611506462097,-0.21185632050037384,0.15565674006938934,-0.9648253321647644,0.20000000298023224,0.0,0.0,0.0,0.5027151703834534,-0.06313798576593399,-0.10299814492464066,0.4634133279323578,0.36047738790512085,-0.0059375767596066,0.16754227876663208,-1.3561968803405762,-0.6928832530975342,-0.5518043637275696,2.0763537883758545,2.2329652309417725,-3.0293092727661133,-2.1655192375183105,0.9206105470657349,-3.7766363620758057,0.1353256106376648,0.44390660524368286,-0.5434045195579529,0.991280198097229,-0.2905046343803406,0.7219457626342773,1.283768892288208,0.19331783056259155,-0.24029453098773956,-1.089113473892212,0.7745234370231628,-0.9508761167526245,0.4151831269264221,0.16894389688968658,-0.14192578196525574,1.1249223947525024,-0.20922507345676422,-0.7852745056152344,1.7608647346496582,-0.8671268224716187,1.4384950399398804,1.4477986097335815,0.6244481801986694,1.0396968126296997,-1.9141485691070557,-0.5862199068069458,3.321000099182129,0.2455429881811142,0.13572633266448975,-0.17893941700458527,1.0459117889404297,-0.20070776343345642,-0.8668757677078247,1.7181804180145264,-0.8219266533851624,1.4153721332550049,1.6238574981689453,0.5887620449066162,1.0944188833236694,-1.9221023321151733,-0.593573272228241,0.2329311966896057,-0.0030480828136205673,-0.04168124496936798,0.580830991268158,0.30927330255508423,0.005712471436709166,0.26857784390449524,-1.140781283378601,-0.5868912935256958,-0.5216962099075317,2.025456428527832,2.1276040077209473,-2.686049222946167,-1.951748013496399,0.5136570334434509,-0.09547603875398636,-0.10067585110664368,0.469331294298172,0.35521870851516724,0.0033923189621418715,0.16469812393188477,-1.3501757383346558,-0.680020272731781,-0.5498949885368347,2.0746524333953857,2.222836494445801,-3.0216009616851807,-2.175449848175049,1.2251627445220947,-2.803250312805176,0.2933637499809265,0.6850054860115051,-0.4961877167224884,0.8849005103111267,-0.2610507309436798,0.5016328692436218,1.2610169649124146,0.18444938957691193,-0.11660730093717575,-1.0014400482177734,0.7483164072036743,-0.8766168355941772
2.7199999999999998,0.05950065329670906,-0.13055936992168427,-0.12630130350589752,-0.20552454888820648,0.6198452115058899,-0.5921187996864319,-0.20243492722511292,0.15865764021873474,-0.9663580656051636,0.20000000298023224,0.0,0.0,0.0,0.5257282853126526,-0.11940163373947144,-0.09841138869524002,0.4759257435798645,0.34942227602005005,0.009315907955169678,0.16127818822860718,-1.3450329303741455,-0.6657956838607788,-0.5400876402854919,2.074221134185791,2.2133312225341797,-3.0133326053619385,-2.186645746231079,1.1395059823989868,-2.111052989959717,0.11637931317090988,0.557421863079071,-0.6524550914764404,0.4375586211681366,-0.35237178206443787,0.46758848428726196,1.5626603364944458,1.262932300567627,-0.03312971442937851,-1.112339735031128,0.827893853187561,-0.718437910079956,0.2455429881811142,0.13572633266448975,-0.17893941700458527,1.0459117889404297,-0.20070776343345642,-0.8668757677078247,1.7181804180145264,-0.8219266533851624,1.4153721332550049,1.6238574981689453,0.5887620449066162,1.0944188833236694,-1.9221023321151733,-0.593573272228241,3.3010001182556152,0.09704261273145676,0.1494596302509308,-0.16421815752983093,1.021545648574829,-0.19886694848537445,-0.9615257382392883,1.7381224632263184,-0.8074488043785095,1.3667744398117065,1.8059911727905273,0.5559265613555908,1.1488782167434692,-1.8935505151748657,-0.5802068114280701,0.17760822176933289,0.020285287871956825,-0.05380959436297417,0.5598135590553284,0.3097212612628937,-0.01717013120651245,0.23929287493228912,-1.1290942430496216,-0.5872877836227417,-0.47576868534088135,2.0040085315704346,2.164454460144043,-2.6808371543884277,-1.9698245525360107,0.5257282853126526,-0.11940163373947144,-0.09841138869524002,0.4759257435798645,0.34942227602005005,0.009315907955169678,0.16127818822860718,-1.3450329303741455,-0.6657956838607788,-0.5400876402854919,2.074221134185791,2.2133312225341797,-3.0133326053619385,-2.186645746231079,1.1395059823989868,-2.111052989959717,0.11637931317090988,0.557421863079071,-0.6524550914764404,0.4375586211681366,-0.35237178206443787,0.46758848428726196,1.5626603364944458,1.262932300567627,-0.03312971442937851,-1.112339735031128,0.827893853187561,-0.718437910079956
2.741,0.06925661861896515,-0.17397208511829376,-0.23441818356513977,0.08008237183094025,0.7496168613433838,-0.6213030815124512,-0.19103632867336273,0.1580265760421753,-0.9687789678573608,0.20000000298023224,0.0,0.0,0.0,0.5485976934432983,-0.14682643115520477,-0.09725937247276306,0.4877801239490509,0.3377298414707184,0.015030394308269024,0.15291276574134827,-1.3410906791687012,-0.6371735334396362,-0.5154152512550354,2.073779821395874,2.196665048599243,-2.9957363605499268,-2.2042524814605713,0.9958046078681946,-0.8455044627189636,-0.12737426161766052,0.48059529066085815,-0.5554375052452087,-0.03113766573369503,-0.5272430181503296,-0.02783043123781681,1.3202621936798096,1.7436445951461792,-0.004309631418436766,-0.6812987923622131,0.9283236265182495,-0.8939710259437561,0.09704261273145676,0.1494596302509308,-0.16421815752983093,1.021545648574829,-0.19886694848537445,-0.9615257382392883,1.7381224632263184,-0.8074488043785095,1.3667744398117065,1.8059911727905273,0.5559265613555908,1.1488782167434692,-1.8935505151748657,-0.5802068114280701,3.2809998989105225,-0.07390066981315613,0.1728093922138214,-0.1676693558692932,0.9463236927986145,-0.22297999262809753,-1.105391263961792,1.732414722442627,-0.7472501397132874,1.32148015499115,2.040696620941162,0.5102308988571167,1.1813511848449707,-1.8284281492233276,-0.5368236899375916,0.11324065178632736,0.040121112018823624,-0.06281711906194687,0.5338180661201477,0.30641788244247437,-0.054767780005931854,0.21793723106384277,-1.1118834018707275,-0.5943593978881836,-0.4084135890007019,1.9821405410766602,2.1951208114624023,-2.6674201488494873,-1.97597074508667,0.5485976934432983,-0.14682643115520477,-0.09725937247276306,0.4877801239490509,0.3377298414707184,0.015030394308269024,0.15291276574134827,-1.3410906791687012,-0.6371735334396362,-0.5154152512550354,2.073779821395874,2.196665048599243,-2.9957363605499268,-2.2042524814605713,0.9958046078681946,-0.8455044627189636,-0.12737426161766052,0.48059529066085815,-0.5554375052452087,-0.03113766573369503,-0.5272430181503296,-0.02783043123781681,1.3202621936798096,1.7436445951461792,-0.004309631418436766,-0.6812987923622131,0.9283236265182495,-0.8939710259437561
2.76,0.06925661861896515,-0.17397208511829376,-0.23441818356513977,0.5567150115966797,0.8800644278526306,-0.6192734837532043,-0.1772015392780304,0.1499641239643097,-0.9726820588111877,0.20000000298023224,0.0,0.0,0.0,0.5653798580169678,-0.15280453860759735,-0.10317603498697281,0.495279461145401,0.32951685786247253,0.012067027390003204,0.14152179658412933,-1.3481725454330444,-0.6166548132896423,-0.4831216037273407,2.071200370788574,2.1887893676757812,-2.976386547088623,-2.2212867736816406,0.5711140036582947,0.0850515067577362,-0.5702773928642273,0.17748716473579407,-0.31450706720352173,-0.5928946733474731,-0.6397491693496704,-0.6100899577140808,0.7668542861938477,2.54355525970459,-0.24934162199497223,-0.18600165843963623,0.9882343411445618,-0.8739580512046814,-0.07390066981315613,0.1728093922138214,-0.1676693558692932,0.9463236927986145,-0.22297999262809753,-1.105391263961792,1.732414722442627,-0.7472501397132874,1.32148015499115,2.040696620941162,0.5102308988571167,1.1813511848449707,-1.8284281492233276,-0.5368236899375916,3.260999917984009,-0.2301872819662094,0.23250991106033325,-0.1887408196926117,0.9024732708930969,-0.23695909976959229,-1.2690774202346802,1.7752445936203003,-0.7152817249298096,1.2249109745025635,2.261857748031616,0.47666656970977783,1.224905252456665,-1.744815468788147,-0.4873878061771393,0.04474036023020744,0.06296126544475555,-0.07228310406208038,0.5090436339378357,0.30200865864753723,-0.10563906282186508,0.20941275358200073,-1.0950405597686768,-0.6137949228286743,-0.3280908465385437,1.9617984294891357,2.2231202125549316,-2.645486354827881,-1.9728577136993408,0.5653798580169678,-0.15280453860759735,-0.10317603498697281,0.495279461145401,0.32951685786247253,0.012067027390003204,0.14152179658412933,-1.3481725454330444,-0.6166548132896423,-0.4831216037273407,2.071200370788574,2.1887893676757812,-2.976386547088623,-2.2212867736816406,0.5711140036582947,0.0850515067577362,-0.5702773928642273,0.17748716473579407,-0.31450706720352173,-0.5928946733474731,-0.6397491693496704,-0.6100899577140808,0.7668542861938477,2.54355525970459,-0.24934162199497223,-0.18600165843963623,0.9882343411445618,-0.8739580512046814
2.781,0.051927242428064346,-0.13843758404254913,-0.26520422101020813,-0.545448899269104,-0.05766453966498375,-0.12032604962587357,-0.1673976182937622,0.1429779976606369,-0.9754667282104492,0.20000000298023224,0.0,0.0,0.0,0.5739614963531494,-0.14350424706935883,-0.11197082698345184,0.49932193756103516,0.32638484239578247,0.004340112674981356,0.13109943270683289,-1.372886300086975,-0.6072569489479065,-0.45295509696006775,2.0646164417266846,2.1981983184814453,-2.9581217765808105,-2.225010395050049,0.8298569917678833,0.9729947447776794,0.7009212374687195,0.9090710878372192,-0.01891973242163658,0.6137708425521851,0.20864593982696533,-0.4284443259239197,0.3201206624507904,-1.1747901439666748,0.2485159933567047,0.508853018283844,0.22550228238105774,-0.05987352132797241,-0.2301872819662094,0.23250991106033325,-0.1887408196926117,0.9024732708930969,-0.23695909976959229,-1.2690774202346802,1.7752445936203003,-0.7152817249298096,1.2249109745025635,2.261857748031616,0.47666656970977783,1.224905252456665,-1.744815468788147,-0.4873878061771393,3.240999937057495,0.0024842433631420135,0.3118452727794647,-0.07894080877304077,0.7140081524848938,-0.07747583091259003,-1.193942666053772,1.7612239122390747,-0.7929201126098633,1.2585283517837524,2.1590611934661865,0.2941705286502838,1.2333498001098633,-1.5406805276870728,-0.43607380986213684,0.03169088810682297,0.09084968268871307,-0.062439292669296265,0.46343177556991577,0.3228446841239929,-0.129978746175766,0.20134252309799194,-1.0948963165283203,-0.622357189655304,-0.2872844338417053,1.9201843738555908,2.2439866065979004,-2.5995125770568848,-1.9629814624786377,0.5739614963531494,-0.14350424706935883,-0.11197082698345184,0.49932193756103516,0.32638484239578247,0.004340112674981356,0.13109943270683289,-1.372886300086975,-0.6072569489479065,-0.45295509696006775,2.0646164417266846,2.1981983184814453,-2.9581217765808105,-2.225010395050049,0.8298569917678833,0.9729947447776794,0.7009212374687195,0.9090710878372192,-0.01891973242163658,0.6137708425521851,0.20864593982696533,-0.4284443259239197,0.3201206624507904,-1.1747901439666748,0.2485159933567047,0.508853018283844,0.22550228238105774,-0.05987352132797241
2.801,0.051927242428064346,-0.13843758404254913,-0.26520422101020813,-0.14309611916542053,-0.2225196808576584,0.037977322936058044,-0.17088359594345093,0.15026241540908813,-0.9737659096717834,0.20000000298023224,0.0,0.0,0.0,0.5863320231437683,-0.1266196370124817,-0.09501906484365463,0.5172230005264282,0.3267911374568939,-0.000606452813372016,0.13788652420043945,-1.3740202188491821,-0.6037981510162354,-0.435350239276886,2.0736937522888184,2.2086985111236572,-2.95690655708313,-2.229879379272461,0.1809113472700119,0.5301723480224609,0.6750218868255615,0.6687715649604797,0.24482300877571106,-1.1623207330703735,0.34474894404411316,-0.11016859114170074,-0.40986695885658264,2.772632360458374,0.3803950250148773,0.7080375552177429,0.050323452800512314,-0.22695136070251465,0.0024842433631420135,0.3118452727794647,-0.07894080877304077,0.7140081524848938,-0.07747583091259003,-1.193942666053772,1.7612239122390747,-0.7929201126098633,1.2585283517837524,2.1590611934661865,0.2941705286502838,1.2333498001098633,-1.5406805276870728,-0.43607380986213684,3.2209999561309814,-0.045050568878650665,0.2796233594417572,-0.10175801813602448,0.7078561782836914,-0.008212007582187653,-1.1894723176956177,1.9017198085784912,-0.8460496068000793,1.1618642807006836,2.2673873901367188,0.24274009466171265,1.1763300895690918,-1.4810487031936646,-0.35455262660980225,0.015426035970449448,0.1055382788181305,-0.058971207588911057,0.43058067560195923,0.3478194773197174,-0.14634597301483154,0.21676774322986603,-1.1027648448944092,-0.642850399017334,-0.24247099459171295,1.8833401203155518,2.250040054321289,-2.5583860874176025,-1.9438399076461792,0.5863320231437683,-0.1266196370124817,-0.09501906484365463,0.5172230005264282,0.3267911374568939,-0.000606452813372016,0.13788652420043945,-1.3740202188491821,-0.6037981510162354,-0.435350239276886,2.0736937522888184,2.2086985111236572,-2.95690655708313,-2.229879379272461,0.1809113472700119,0.5301723480224609,0.6750218868255615,0.6687715649604797,0.24482300877571106,-1.1623207330703735,0.34474894404411316,-0.11016859114170074,-0.40986695885658264,2.772632360458374,0.3803950250148773,0.7080375552177429,0.050323452800512314,-0.22695136070251465
2.82,0.015666699036955833,-0.04260224476456642,-0.12529423832893372,0.32470428943634033,-0.25622376799583435,0.17294467985630035,-0.1752941906452179,0.1482120007276535,-0.973296046257019,0.20000000298023224,0.0,0.0,0.0,0.5810838937759399,-0.12385645508766174,-0.08568444848060608,0.5247037410736084,0.33276474475860596,-0.028926048427820206,0.14289793372154236,-1.3765830993652344,-0.6167535781860352,-0.3682907521724701,2.075605630874634,2.2252566814422607,-2.9537830352783203,-2.2357101440429688,-0.661215603351593,-0.16105273365974426,0.3148823380470276,0.15438370406627655,0.4858214855194092,-1.5697025060653687,0.32513996958732605,-0.1741235852241516,-1.1335010528564453,3.7744081020355225,-0.2419613152742386,0.9670308232307434,0.134349063038826,-0.23651067912578583,-0.045050568878650665,0.2796233594417572,-0.10175801813602448,0.7078561782836914,-0.008212007582187653,-1.1894723176956177,1.9017198085784912,-0.8460496068000793,1.1618642807006836,2.2673873901367188,0.24274009466171265,1.1763300895690918,-1.4810487031936646,-0.35455262660980225,3.2009999752044678,0.04235301911830902,0.29003241658210754,-0.09144432842731476,0.7554972767829895,0.016936738044023514,-1.1979403495788574,2.016129732131958,-0.9004449248313904,1.096628189086914,2.291292905807495,0.23441824316978455,1.1408134698867798,-1.4513330459594727,-0.3099389672279358,0.017151178792119026,0.11738165467977524,-0.05499649420380592,0.41473108530044556,0.36907416582107544,-0.15907323360443115,0.24472689628601074,-1.1164321899414062,-0.666981041431427,-0.20751576125621796,1.8563008308410645,2.2489500045776367,-2.5251402854919434,-1.9237488508224487,0.5810838937759399,-0.12385645508766174,-0.08568444848060608,0.5247037410736084,0.33276474475860596,-0.028926048427820206,0.14289793372154236,-1.3765830993652344,-0.6167535781860352,-0.3682907521724701,2.075605630874634,2.2252566814422607,-2.9537830352783203,-2.2357101440429688,-0.661215603351593,-0.16105273365974426,0.3148823380470276,0.15438370406627655,0.4858214855194092,-1.5697025060653687,0.32513996958732605,-0.1741235852241516,-1.1335010528564453,3.7744081020355225,-0.2419613152742386,0.9670308232307434,0.134349063038826,-0.23651067912578583
2.841,0.015666699036955833,-0.04260224476456642,-0.12529423832893372,0.7242684960365295,-0.12220875173807144,0.25484803318977356,-0.17832186818122864,0.1378680020570755,-0.9742657542228699,0.20000000298023224,0.0,0.0,0.0,0.5610395669937134,-0.13389240205287933,-0.083673395216465,0.5222262144088745,0.34183797240257263,-0.05976638197898865,0.14701411128044128,-1.3822438716888428,-0.6410326957702637,-0.29420357942581177,2.0628209114074707,2.2458741664886475,-2.9485206604003906,-2.238898277282715,-1.2674916982650757,-0.7450075745582581,-0.06132933497428894,-0.33033567667007446,0.5291184782981873,-1.5360945463180542,0.2245650440454483,-0.4058755040168762,-1.4482060670852661,3.6729462146759033,-1.0872101783752441,1.0903455018997192,0.2870694398880005,-0.018898384645581245,0.04235301911830902,0.29003241658210754,-0.09144432842731476,0.7554972767829895,0.016936738044023514,-1.1979403495788574,2.016129732131958,-0.9004449248313904,1.096628189086914,2.291292905807495,0.23441824316978455,1.1408134698867798,-1.4513330459594727,-0.3099389672279358,3.180999994277954,0.07671191543340683,0.2597582936286926,-0.10874772071838379,0.7285787463188171,0.007363315671682358,-1.2323384284973145,2.031121015548706,-0.8889981508255005,1.0809974670410156,2.3470892906188965,0.21529822051525116,1.1151596307754517,-1.4497168064117432,-0.2882671654224396,0.023512613028287888,0.12113089859485626,-0.054809704422950745,0.3995985686779022,0.38251641392707825,-0.17314203083515167,0.26654699444770813,-1.1242823600769043,-0.6862171292304993,-0.17467764019966125,1.834505319595337,2.2443389892578125,-2.5016255378723145,-1.9064342975616455,0.5610395669937134,-0.13389240205287933,-0.083673395216465,0.5222262144088745,0.34183797240257263,-0.05976638197898865,0.14701411128044128,-1.3822438716888428,-0.6410326957702637,-0.29420357942581177,2.0628209114074707,2.2458741664886475,-2.9485206604003906,-2.238898277282715,-1.2674916982650757,-0.7450075745582581,-0.06132933497428894,-0.33033567667007446,0.5291184782981873,-1.5360945463180542,0.2245650440454483,-0.4058755040168762,-1.4482060670852661,3.6729462146759033,-1.0872101783752441,1.0903455018997192,0.2870694398880005,-0.018898384645581245
2.86,0.06256017088890076,-0.011095836758613586,-0.08153533190488815,0.824322521686554,0.03084312565624714,0.31563326716423035,-0.17834581434726715,0.1232607439160347,-0.9762169718742371,0.20000000298023224,0.0,0.0,0.0,0.5338351130485535,-0.1522984653711319,-0.08602321147918701,0.5127102732658386,0.35019659996032715,-0.08645497262477875,0.149138405919075,-1.3899283409118652,-0.6677095293998718,-0.22931338846683502,2.034364938735962,2.2656352519989014,-2.9404497146606445,-2.2381703853607178,-1.4169666767120361,-1.0139051675796509,-0.15998604893684387,-0.5720855593681335,0.4742415249347687,-1.324162483215332,0.1375827193260193,-0.3960529863834381,-1.4706138372421265,3.1583166122436523,-1.8199888467788696,0.8966449499130249,0.4115513861179352,0.15408800542354584,0.07671191543340683,0.2597582936286926,-0.10874772071838379,0.7285787463188171,0.007363315671682358,-1.2323384284973145,2.031121015548706,-0.8889981508255005,1.0809974670410156,2.3470892906188965,0.21529822051525116,1.1151596307754517,-1.4497168064117432,-0.2882671654224396,3.1610000133514404,0.12167850136756897,0.26197579503059387,-0.09900906682014465,0.7199199795722961,-0.007784269750118256,-1.2354249954223633,2.0190365314483643,-0.9187178015708923,1.0857714414596558,2.3385813236236572,0.2009771317243576,1.1269011497497559,-1.4542649984359741,-0.2995889484882355,0.0347106046974659,0.12408800423145294,-0.05321815237402916,0.387706995010376,0.38965386152267456,-0.18345317244529724,0.28000837564468384,-1.1342352628707886,-0.6989662647247314,-0.1529671549797058,1.8171002864837646,2.242872476577759,-2.4858477115631104,-1.896012306213379,0.5338351130485535,-0.1522984653711319,-0.08602321147918701,0.5127102732658386,0.35019659996032715,-0.08645497262477875,0.149138405919075,-1.3899283409118652,-0.6677095293998718,-0.22931338846683502,2.034364938735962,2.2656352519989014,-2.9404497146606445,-2.2381703853607178,-1.4169666767120361,-1.0139051675796509,-0.15998604893684387,-0.5720855593681335,0.4742415249347687,-1.324162483215332,0.1375827193260193,-0.3960529863834381,-1.4706138372421265,3.1583166122436523,-1.8199888467788696,0.8966449499130249,0.4115513861179352,0.15408800542354584
2.88,0.06256017088890076,-0.011095836758613586,-0.08153533190488815,0.6728579998016357,0.20875483751296997,0.3772099018096924,-0.1749677211046219,0.1096164733171463,-0.9784530997276306,0.20000000298023224,0.0,0.0,0.0,0.5086820721626282,-0.17273609340190887,-0.08767838031053543,0.5010251998901367,0.35665163397789,-0.109379343688488,0.15007291734218597,-1.3968565464019775,-0.691475510597229,-0.1743166148662567,1.993582844734192,2.279834747314453,-2.930654287338257,-2.232473134994507,-1.0775556564331055,-0.989717423915863,-0.001778198522515595,-0.567868709564209,0.2516429126262665,-1.0324453115463257,0.021288523450493813,-0.33323240280151367,-1.0035701990127563,2.4621894359588623,-2.251542806625366,0.5568076372146606,0.5215033888816833,0.44255417585372925,0.12167850136756897,0.26197579503059387,-0.09900906682014465,0.7199199795722961,-0.007784269750118256,-1.2354249954223633,2.0190365314483643,-0.9187178015708923,1.0857714414596558,2.3385813236236572,0.2009771317243576,1.1269011497497559,-1.4542649984359741,-0.2995889484882355,3.1410000324249268,0.1549217253923416,0.22341221570968628,-0.06543827056884766,0.6902422308921814,-0.01617545261979103,-1.2040570974349976,2.0095326900482178,-0.9310624599456787,1.1277607679367065,2.316807746887207,0.17611470818519592,1.1073254346847534,-1.454725980758667,-0.3015978932380676,0.04753568395972252,0.12037343531847,-0.04706844687461853,0.3749312162399292,0.3933914005756378,-0.18596579134464264,0.2880057692527771,-1.1430540084838867,-0.7015922665596008,-0.14103585481643677,1.8011873960494995,2.2389094829559326,-2.474872350692749,-1.8890182971954346,0.5086820721626282,-0.17273609340190887,-0.08767838031053543,0.5010251998901367,0.35665163397789,-0.109379343688488,0.15007291734218597,-1.3968565464019775,-0.691475510597229,-0.1743166148662567,1.993582844734192,2.279834747314453,-2.930654287338257,-2.232473134994507,-1.0775556564331055,-0.989717423915863,-0.001778198522515595,-0.567868709564209,0.2516429126262665,-1.0324453115463257,0.021288523450493813,-0.33323240280151367,-1.0035701990127563,2.4621894359588623,-2.251542806625366,0.5568076372146606,0.5215033888816833,0.44255417585372925
2.9,0.10676152259111404,0.03736763820052147,-0.05630355328321457,0.5597084760665894,0.2935716211795807,0.3799268901348114,-0.16905167698860168,0.09903781116008759,-0.9806187152862549,0.20000000298023224,0.0,0.0,0.0,0.49072206020355225,-0.1913708597421646,-0.08566639572381973,0.4904491901397705,0.3603559136390686,-0.12462003529071808,0.14879247546195984,-1.4018789529800415,-0.7083647847175598,-0.13580097258090973,1.9476990699768066,2.287456512451172,-2.918250560760498,-2.2215676307678223,-0.8261449933052063,-0.8837795257568359,0.13569718599319458,-0.5139652490615845,0.22090479731559753,-0.6040230989456177,-0.049923934042453766,-0.21964018046855927,-0.9157278537750244,1.598592758178711,-2.401228904724121,0.2663181722164154,0.6680360436439514,0.6581560969352722,0.1549217253923416,0.22341221570968628,-0.06543827056884766,0.6902422308921814,-0.01617545261979103,-1.2040570974349976,2.0095326900482178,-0.9310624599456787,1.1277607679367065,2.316807746887207,0.17611470818519592,1.1073254346847534,-1.454725980758667,-0.3015978932380676,3.121000051498413,0.18748332560062408,0.2365637570619583,-0.02180839329957962,0.7086173892021179,-0.045296333730220795,-1.1766597032546997,1.990447759628296,-0.9750390648841858,1.1609413623809814,2.261826515197754,0.1552332043647766,1.1272072792053223,-1.4445879459381104,-0.32426390051841736,0.061397477984428406,0.11974596977233887,-0.036219172179698944,0.36874446272850037,0.3916395306587219,-0.18361501395702362,0.2907412052154541,-1.1558237075805664,-0.698453426361084,-0.1409311294555664,1.7869161367416382,2.2391176223754883,-2.4656689167022705,-1.8875224590301514,0.49072206020355225,-0.1913708597421646,-0.08566639572381973,0.4904491901397705,0.3603559136390686,-0.12462003529071808,0.14879247546195984,-1.4018789529800415,-0.7083647847175598,-0.13580097258090973,1.9476990699768066,2.287456512451172,-2.918250560760498,-2.2215676307678223,-0.8261449933052063,-0.8837795257568359,0.13569718599319458,-0.5139652490615845,0.22090479731559753,-0.6040230989456177,-0.049923934042453766,-0.21964018046855927,-0.9157278537750244,1.598592758178711,-2.401228904724121,0.2663181722164154,0.6680360436439514,0.6581560969352722
2.92,0.10676152259111404,0.03736763820052147,-0.05630355328321457,0.43805015087127686,0.31574007868766785,0.3508604168891907,-0.16234733164310455,0.09052710980176926,-0.9825722575187683,0.20000000298023224,0.0,0.0,0.0,0.4755221903324127,-0.2076503187417984,-0.08218148350715637,0.48080965876579285,0.36451074481010437,-0.13109183311462402,0.14697974920272827,-1.4052165746688843,-0.7255957722663879,-0.11404136568307877,1.901257038116455,2.29103684425354,-2.902390718460083,-2.206817626953125,-0.6860318183898926,-0.7345455884933472,0.2078765630722046,-0.43959861993789673,0.1745145618915558,-0.1252456158399582,-0.09189042448997498,-0.13071095943450928,-0.7628623247146606,0.7230416536331177,-2.2651031017303467,0.10818004608154297,0.8722694516181946,0.8141851425170898,0.18748332560062408,0.2365637570619583,-0.02180839329957962,0.7086173892021179,-0.045296333730220795,-1.1766597032546997,1.990447759628296,-0.9750390648841858,1.1609413623809814,2.261826515197754,0.1552332043647766,1.1272072792053223,-1.4445879459381104,-0.32426390051841736,3.1010000705718994,0.1939098984003067,0.2253160923719406,-4.214048385620117e-05,0.703233540058136,-0.05929998680949211,-1.160494327545166,1.9754283428192139,-0.9871670603752136,1.1841131448745728,2.2304368019104004,0.13728372752666473,1.1344420909881592,-1.4342968463897705,-0.33894482254981995,0.07206472009420395,0.117619588971138,-0.02535974234342575,0.36360615491867065,0.3883126676082611,-0.17954465746879578,0.2904030978679657,-1.166581630706787,-0.6927804350852966,-0.14556626975536346,1.7742338180541992,2.2403488159179688,-2.4576826095581055,-1.8886774778366089,0.4755221903324127,-0.2076503187417984,-0.08218148350715637,0.48080965876579285,0.36451074481010437,-0.13109183311462402,0.14697974920272827,-1.4052165746688843,-0.7255957722663879,-0.11404136568307877,1.901257038116455,2.29103684425354,-2.902390718460083,-2.206817626953125,-0.6860318183898926,-0.7345455884933472,0.2078765630722046,-0.43959861993789673,0.1745145618915558,-0.1252456158399582,-0.09189042448997498,-0.13071095943450928,-0.7628623247146606,0.7230416536331177,-2.2651031017303467,0.10818004608154297,0.8722694516181946,0.8141851425170898
2.941,0.13213752210140228,0.03730589151382446,-0.037860359996557236,0.32523518800735474,0.31055545806884766,0.30588507652282715,-0.15566042065620422,0.08413189649581909,-0.984221339225769,0.20000000298023224,0.0,0.0,0.0,0.4633657932281494,-0.22059424221515656,-0.07731669396162033,0.47298339009284973,0.366617351770401,-0.12998460233211517,0.14392249286174774,-1.40635085105896,-0.7371676564216614,-0.10611038655042648,1.8596609830856323,2.2916791439056396,-2.8823485374450684,-2.1903252601623535,-0.5322197675704956,-0.5629891157150269,0.2690863311290741,-0.3413750231266022,0.047442540526390076,0.17733179032802582,-0.19366368651390076,0.004446785897016525,-0.4129001796245575,0.17792248725891113,-1.9021124839782715,-0.02487241104245186,1.1013243198394775,0.826632559299469,0.1939098984003067,0.2253160923719406,-4.214048385620117e-05,0.703233540058136,-0.05929998680949211,-1.160494327545166,1.9754283428192139,-0.9871670603752136,1.1841131448745728,2.2304368019104004,0.13728372752666473,1.1344420909881592,-1.4342968463897705,-0.33894482254981995,3.0810000896453857,0.17643296718597412,0.22692175209522247,0.00151800736784935,0.7067432403564453,-0.07372302561998367,-1.1531485319137573,1.966068983078003,-1.0096957683563232,1.1809144020080566,2.199864387512207,0.1381884217262268,1.1480494737625122,-1.434662938117981,-0.3606471121311188,0.07691024988889694,0.11637197434902191,-0.01752411760389805,0.36053577065467834,0.38382041454315186,-0.1755935251712799,0.28876250982284546,-1.1774914264678955,-0.6892891526222229,-0.15339674055576324,1.7654919624328613,2.2432515621185303,-2.4521472454071045,-1.8927412033081055,0.45848801732063293,-0.22576244175434113,-0.07454138249158859,0.46982342004776,0.3669332265853882,-0.12811613082885742,0.14137576520442963,-1.4057785272598267,-0.7406868934631348,-0.10460808128118515,1.8422746658325195,2.290976047515869,-2.870595693588257,-2.1824002265930176,-0.4496302306652069,-0.477472186088562,0.28254634141921997,-0.29289478063583374,0.025520162656903267,0.19243328273296356,-0.29195475578308105,0.09820269793272018,-0.3092521131038666,0.1350349336862564,-1.6068942546844482,-0.09897317737340927,1.2227004766464233,0.7587593197822571
2.961,0.13213752210140228,0.03730589151382446,-0.037860359996557236,0.2454330325126648,0.27718380093574524,0.26917698979377747,-0.15088200569152832,0.08062120527029037,-0.9852587580680847,0.20000000298023224,0.0,0.0,0.0,0.4543738067150116,-0.23008456826210022,-0.07155464589595795,0.4672234058380127,0.3667539358139038,-0.1249421015381813,0.1386159211397171,-1.4049160480499268,-0.7424400448799133,-0.10526788979768753,1.827073574066162,2.2902560234069824,-2.858196973800659,-2.174536943435669,-0.37592142820358276,-0.3927602767944336,0.30206507444381714,-0.23307082056999207,-0.02884191833436489,0.37178245186805725,-0.2511707544326782,0.11156252771615982,-0.10794644802808762,-0.14349980652332306,-1.4376477003097534,-0.07051166892051697,1.2354702949523926,0.7746859788894653,0.17643296718597412,0.22692175209522247,0.00151800736784935,0.7067432403564453,-0.07372302561998367,-1.1531485319137573,1.966068983078003,-1.0096957683563232,1.1809144020080566,2.199864387512207,0.1381884217262268,1.1480494737625122,-1.434662938117981,-0.3606471121311188,3.061000108718872,0.15325093269348145,0.22694823145866394,0.002984248101711273,0.7069083452224731,-0.07746440172195435,-1.1480330228805542,1.9656504392623901,-1.0229718685150146,1.1742558479309082,2.1825926303863525,0.1338672637939453,1.151792287826538,-1.4255980253219604,-0.3714369535446167,0.07682481408119202,0.11550261080265045,-0.011819244362413883,0.3584112823009491,0.3801146149635315,-0.17206043004989624,0.2875513434410095,-1.187119722366333,-0.6878440380096436,-0.16146883368492126,1.7587244510650635,2.245844841003418,-2.4469127655029297,-1.8972043991088867,0.4543738067150116,-0.23008456826210022,-0.07155464589595795,0.4672234058380127,0.3667539358139038,-0.1249421015381813,0.1386159211397171,-1.4049160480499268,-0.7424400448799133,-0.10526788979768753,1.827073574066162,2.2902560234069824,-2.858196973800659,-2.174536943435669,-0.37592142820358276,-0.3927602767944336,0.30206507444381714,-0.23307082056999207,-0.02884191833436489,0.37178245186805725,-0.2511707544326782,0.11156252771615982,-0.10794644802808762,-0.14349980652332306,-1.4376477003097534,-0.07051166892051697,1.2354702949523926,0.7746859788894653
2.981,0.15908390283584595,0.02163197658956051,-0.030442629009485245,0.11320283263921738,0.22664539515972137,0.19575008749961853,-0.14408957958221436,0.07715179771184921,-0.9865524768829346,0.20000000298023224,0.0,0.0,0.0,0.44854217767715454,-0.23619557917118073,-0.06537408381700516,0.4636923372745514,0.3659389913082123,-0.11731521040201187,0.1333138346672058,-1.4017928838729858,-0.7422959804534912,-0.10844283550977707,1.8028876781463623,2.288764476776123,-2.832775354385376,-2.1603755950927734,-0.2228473722934723,-0.2326679825782776,0.31380563974380493,-0.12311732023954391,-0.04521096125245094,0.4570283889770508,-0.21551190316677094,0.17577828466892242,0.11568625271320343,-0.2563529312610626,-1.0352118015289307,-0.036183614283800125,1.2414956092834473,0.6752249598503113,0.15325093269348145,0.22694823145866394,0.002984248101711273,0.7069083452224731,-0.07746440172195435,-1.1480330228805542,1.9656504392623901,-1.0229718685150146,1.1742558479309082,2.1825926303863525,0.1338672637939453,1.151792287826538,-1.4255980253219604,-0.3714369535446167,3.0409998893737793,0.11590872704982758,0.22864113748073578,-0.012156255543231964,0.7147971987724304,-0.08189990371465683,-1.1440637111663818,1.9552433490753174,-1.040503740310669,1.1529395580291748,2.1687917709350586,0.14273889362812042,1.1581469774246216,-1.419877290725708,-0.37957361340522766,0.07116368412971497,0.11514799296855927,-0.01009690947830677,0.35810747742652893,0.3768552541732788,-0.16899186372756958,0.2851424515247345,-1.1964893341064453,-0.6900299191474915,-0.1691894233226776,1.7553179264068604,2.2486133575439453,-2.4423904418945312,-1.9015491008758545,0.4467581808567047,-0.2380862981081009,-0.062268320471048355,0.46273693442344666,0.36562034487724304,-0.11316513270139694,0.13118672370910645,-1.399836778640747,-0.7408728003501892,-0.11028959602117538,1.7936166524887085,2.2884442806243896,-2.8203511238098145,-2.154106855392456,-0.14227794110774994,-0.15426670014858246,0.3050956428050995,-0.07331442832946777,-0.013714592903852463,0.3836876451969147,-0.2006264328956604,0.21004219353199005,0.15356479585170746,-0.12999327480793,-0.8405168652534485,-0.02402547560632229,1.2307699918746948,0.5856990218162537
3.001,0.15908390283584595,0.02163197658956051,-0.030442629009485245,0.03934517502784729,0.17108650505542755,0.14568224549293518,-0.13990887999534607,0.07614360749721527,-0.9872323274612427,0.20000000298023224,0.0,0.0,0.0,0.44544532895088196,-0.23950092494487762,-0.059288471937179565,0.4621659517288208,0.36560025811195374,-0.10846050083637238,0.12937675416469574,-1.3980607986450195,-0.7390255928039551,-0.11276981979608536,1.7862567901611328,2.2889254093170166,-2.80825138092041,-2.1482696533203125,-0.10345033556222916,-0.11404147744178772,0.30018675327301025,-0.033336471766233444,0.008952607400715351,0.4786272943019867,-0.15721866488456726,0.18991902470588684,0.20937472581863403,-0.23620495200157166,-0.6465813517570496,0.07523484528064728,1.1780208349227905,0.5539477467536926,0.11590872704982758,0.22864113748073578,-0.012156255543231964,0.7147971987724304,-0.08189990371465683,-1.1440637111663818,1.9552433490753174,-1.040503740310669,1.1529395580291748,2.1687917709350586,0.14273889362812042,1.1581469774246216,-1.419877290725708,-0.37957361340522766,3.0209999084472656,0.08845525979995728,0.23413734138011932,-0.015360511839389801,0.7240318655967712,-0.07834680378437042,-1.1397391557693481,1.9531313180923462,-1.0516610145568848,1.135939359664917,2.162720203399658,0.14093317091464996,1.158854365348816,-1.4015965461730957,-0.37808758020401,0.06308286637067795,0.11572419106960297,-0.00937191303819418,0.3592800199985504,0.37510666251182556,-0.16619518399238586,0.2831394076347351,-1.2047216892242432,-0.6941100358963013,-0.17550456523895264,1.7526626586914062,2.250657558441162,-2.4364829063415527,-1.904367446899414,0.44544532895088196,-0.23950092494487762,-0.059288471937179565,0.4621659517288208,0.36560025811195374,-0.10846050083637238,0.12937675416469574,-1.3980607986450195,-0.7390255928039551,-0.11276981979608536,1.7862567901611328,2.2889254093170166,-2.80825138092041,-2.1482696533203125,-0.10345033556222916,-0.11404147744178772,0.30018675327301025,-0.033336471766233444,0.008952607400715351,0.4786272943019867,-0.15721866488456726,0.18991902470588684,0.20937472581863403,-0.23620495200157166,-0.6465813517570496,0.07523484528064728,1.1780208349227905,0.5539477467536926
3.021,0.1711878627538681,0.03014468029141426,-0.07926847785711288,-0.03136363998055458,0.11451856046915054,0.10221284627914429,-0.1368563175201416,0.07635844498872757,-0.9876435399055481,0.20000000298023224,0.0,0.0,0.0,0.44454383850097656,-0.24068483710289001,-0.05388074740767479,0.46217629313468933,0.3669379949569702,-0.10019390285015106,0.1273699551820755,-1.3939768075942993,-0.7348841428756714,-0.11498110741376877,1.7763128280639648,2.2914226055145264,-2.7858097553253174,-2.1391234397888184,-0.018952030688524246,-0.03747575730085373,0.25362151861190796,0.03597528114914894,0.16058382391929626,0.5156663656234741,-0.0627937838435173,0.14253896474838257,0.12500214576721191,-0.25915688276290894,-0.3792797923088074,0.27198293805122375,1.1063536405563354,0.34954750537872314,0.08845525979995728,0.23413734138011932,-0.015360511839389801,0.7240318655967712,-0.07834680378437042,-1.1397391557693481,1.9531313180923462,-1.0516610145568848,1.135939359664917,2.162720203399658,0.14093317091464996,1.158854365348816,-1.4015965461730957,-0.37808758020401,3.000999927520752,0.06443722546100616,0.2521689832210541,-0.004447862505912781,0.7296642661094666,-0.07674548029899597,-1.137298345565796,1.93012273311615,-1.05751633644104,1.1364976167678833,2.1644363403320312,0.11699468642473221,1.1583858728408813,-1.3625530004501343,-0.36955615878105164,0.05382359027862549,0.11883227527141571,-0.0072275185957551,0.3609456717967987,0.37412285804748535,-0.1638713777065277,0.27828601002693176,-1.211362600326538,-0.6968823671340942,-0.17966775596141815,1.7472131252288818,2.2520182132720947,-2.4264910221099854,-1.9050605297088623,0.44475236535072327,-0.2406652718782425,-0.05138732120394707,0.4626733064651489,0.3685012459754944,-0.09559828042984009,0.12724609673023224,-1.3921345472335815,-0.733089029788971,-0.11633307486772537,1.7735503911972046,2.2938215732574463,-2.7757155895233154,-2.135136365890503,0.040636271238327026,0.019745882600545883,0.23500017821788788,0.0617779903113842,0.1831628978252411,0.42792338132858276,0.01999904029071331,0.19117097556591034,0.1731243133544922,-0.07039754837751389,-0.22790393233299255,0.26764920353889465,0.9765249490737915,0.34770864248275757
3.041,0.1711878627538681,0.03014468029141426,-0.07926847785711288,-0.06720887124538422,0.07067081332206726,0.0644334927201271,-0.1349223405122757,0.07757925242185593,-0.9878144860267639,0.20000000298023224,0.0,0.0,0.0,0.4452417194843292,-0.2404031604528427,-0.04915008693933487,0.46336138248443604,0.3706826865673065,-0.09103105217218399,0.127681165933609,-1.390525221824646,-0.731634259223938,-0.11738848686218262,1.7717583179473877,2.296997547149658,-2.766202926635742,-2.131640911102295,0.0609845407307148,0.036329545080661774,0.21967676281929016,0.08079200983047485,0.2345167100429535,0.46112585067749023,0.06833485513925552,0.15469883382320404,0.14346343278884888,-0.09147392958402634,-0.12321863323450089,0.34882181882858276,0.9105052947998047,0.3418315351009369,0.06443722546100616,0.2521689832210541,-0.004447862505912781,0.7296642661094666,-0.07674548029899597,-1.137298345565796,1.93012273311615,-1.05751633644104,1.1364976167678833,2.1644363403320312,0.11699468642473221,1.1583858728408813,-1.3625530004501343,-0.36955615878105164,2.9809999465942383,0.04057499021291733,0.25772586464881897,-0.008676886558532715,0.7349830865859985,-0.06665122509002686,-1.1372119188308716,1.9293622970581055,-1.0625687837600708,1.1181317567825317,2.170619010925293,0.10716186463832855,1.157562494277954,-1.340409278869629,-0.3631851077079773,0.04376276209950447,0.12184146791696548,-0.0063607958145439625,0.3629094362258911,0.37494832277297974,-0.16223175823688507,0.27477455139160156,-1.2167690992355347,-0.70157790184021,-0.18165457248687744,1.741923451423645,2.252847194671631,-2.416175127029419,-1.904590129852295,0.4459618926048279,-0.23994597792625427,-0.047176629304885864,0.4641900956630707,0.3732934296131134,-0.08674491196870804,0.12864376604557037,-1.3888908624649048,-0.730251669883728,-0.11765177547931671,1.7709143161773682,2.300731897354126,-2.757307529449463,-2.1286978721618652,0.08015133440494537,0.05244064703583717,0.17717348039150238,0.08447299897670746,0.28170934319496155,0.4054204821586609,0.12421046942472458,0.1699649542570114,0.1350308209657669,0.019545303657650948,-0.052235424518585205,0.39479705691337585,0.8623740673065186,0.2522924542427063
3.061,0.1790776550769806,0.04769118130207062,-0.11629562824964523,-0.08151236921548843,0.04456382617354393,0.03689577057957649,-0.13370439410209656,0.07921751588582993,-0.9878500699996948,0.20000000298023224,0.0,0.0,0.0,0.4468216598033905,-0.2394062876701355,-0.045436203479766846,0.4650827944278717,0.3766036331653595,-0.08258504420518875,0.13001573085784912,-1.3875093460083008,-0.7296265959739685,-0.11750553548336029,1.770669937133789,2.3050365447998047,-2.7488627433776855,-2.1259255409240723,0.09300988912582397,0.059059783816337585,0.16664911806583405,0.09435068070888519,0.34286803007125854,0.403584748506546,0.1549794226884842,0.1442447155714035,0.06334230303764343,0.05150020867586136,0.01109684631228447,0.44828319549560547,0.8188946843147278,0.2561022937297821,0.04057499021291733,0.25772586464881897,-0.008676886558532715,0.7349830865859985,-0.06665122509002686,-1.1372119188308716,1.9293622970581055,-1.0625687837600708,1.1181317567825317,2.170619010925293,0.10716186463832855,1.157562494277954,-1.340409278869629,-0.3631851077079773,2.9609999656677246,0.019776899367570877,0.27484235167503357,0.00022507086396217346,0.7420979142189026,-0.06350632756948471,-1.1413649320602417,1.9154043197631836,-1.0707223415374756,1.112603783607483,2.1792376041412354,0.08511878550052643,1.1561994552612305,-1.3101574182510376,-0.35407283902168274,0.033600468188524246,0.12651537358760834,-0.004418796394020319,0.36535128951072693,0.3759978711605072,-0.16170696914196014,0.27022284269332886,-1.2217767238616943,-0.7056939601898193,-0.18175256252288818,1.7349143028259277,2.253222942352295,-2.404416084289551,-1.9028940200805664,0.44773799180984497,-0.23883844912052155,-0.04406821355223656,0.4659435749053955,0.38025107979774475,-0.07872787117958069,0.1318366527557373,-1.3859754800796509,-0.729040265083313,-0.11662326753139496,1.7710051536560059,2.309713125228882,-2.740854501724243,-2.123777389526367,0.09279222041368484,0.05722426623106003,0.11629891395568848,0.08274766802787781,0.3766744136810303,0.3716447055339813,0.2057105004787445,0.16335566341876984,0.06447089463472366,0.1181027963757515,0.05395067483186722,0.4829674959182739,0.7804164290428162,0.17750494182109833
3.08,0.1790776550769806,0.04769118130207062,-0.11629562824964523,-0.0862831175327301,0.03298504278063774,0.016696568578481674,-0.13291127979755402,0.08096791058778763,-0.9878151416778564,0.20000000298023224,0.0,0.0,0.0,0.4487272799015045,-0.23824432492256165,-0.04294251278042793,0.46678435802459717,0.38440677523612976,-0.07515053451061249,0.13398727774620056,-1.3846384286880493,-0.7289917469024658,-0.11515751481056213,1.7716177701950073,2.3147366046905518,-2.7331278324127197,-2.1216492652893066,0.10153291374444962,0.060010477900505066,0.10520366579294205,0.08510276675224304,0.4236627519130707,0.3457939028739929,0.23076598346233368,0.13551288843154907,-0.0009688787977211177,0.17538368701934814,0.07422417402267456,0.5085790753364563,0.7496152520179749,0.21006420254707336,0.019776899367570877,0.27484235167503357,0.00022507086396217346,0.7420979142189026,-0.06350632756948471,-1.1413649320602417,1.9154043197631836,-1.0707223415374756,1.112603783607483,2.1792376041412354,0.08511878550052643,1.1561994552612305,-1.3101574182510376,-0.35407283902168274,2.940999984741211,0.002267889678478241,0.2803581953048706,-0.0013558194041252136,0.7442624568939209,-0.05942033603787422,-1.1469221115112305,1.9129893779754639,-1.0751140117645264,1.0954039096832275,2.190765619277954,0.07553301006555557,1.1510047912597656,-1.2919707298278809,-0.3448958396911621,0.023860512301325798,0.1306144893169403,-0.0032965303398668766,0.36738526821136475,0.3773454427719116,-0.16217319667339325,0.2666743993759155,-1.2259408235549927,-0.7111551761627197,-0.1800919473171234,1.7285699844360352,2.252707004547119,-2.3934569358825684,-1.9003301858901978,0.4487272799015045,-0.23824432492256165,-0.04294251278042793,0.46678435802459717,0.38440677523612976,-0.07515053451061249,0.13398727774620056,-1.3846384286880493,-0.7289917469024658,-0.11515751481056213,1.7716177701950073,2.3147366046905518,-2.7331278324127197,-2.1216492652893066,0.10153291374444962,0.060010477900505066,0.10520366579294205,0.08510276675224304,0.4236627519130707,0.3457939028739929,0.23076598346233368,0.13551288843154907,-0.0009688787977211177,0.17538368701934814,0.07422417402267456,0.5085790753364563,0.7496152520179749,0.21006420254707336
3.101,0.18754757940769196,0.05865657702088356,-0.13022302091121674,-0.07632627338171005,0.03888499364256859,0.003401307389140129,-0.1321476399898529,0.08265121281147003,-0.9877781867980957,0.20000000298023224,0.0,0.0,0.0,0.4506387710571289,-0.23722602427005768,-0.041522663086652756,0.4681428074836731,0.3936688303947449,-0.06882941722869873,0.13898007571697235,-1.381877064704895,-0.729809582233429,-0.11056133359670639,1.7731730937957764,2.3251290321350098,-2.7180988788604736,-2.1177494525909424,0.09081743657588959,0.04254208877682686,0.04864257946610451,0.05557915195822716,0.4893537759780884,0.2860734164714813,0.25560370087623596,0.1393558233976364,-0.0742092952132225,0.28480568528175354,0.08528921008110046,0.5210687518119812,0.7519185543060303,0.1957360953092575,0.002267889678478241,0.2803581953048706,-0.0013558194041252136,0.7442624568939209,-0.05942033603787422,-1.1469221115112305,1.9129893779754639,-1.0751140117645264,1.0954039096832275,2.190765619277954,0.07553301006555557,1.1510047912597656,-1.2919707298278809,-0.3448958396911621,2.9210000038146973,-0.014504075050354004,0.2907121181488037,0.0023729726672172546,0.7487752437591553,-0.06227440387010574,-1.1551527976989746,1.905287504196167,-1.0852572917938232,1.0822707414627075,2.200756072998047,0.06360075622797012,1.1468826532363892,-1.2752671241760254,-0.33795058727264404,0.014526746235787868,0.13503696024417877,-0.0019516253378242254,0.3694859743118286,0.3778606355190277,-0.16373415291309357,0.26303520798683167,-1.230377197265625,-0.7169480323791504,-0.17743095755577087,1.722339153289795,2.251727342605591,-2.383279800415039,-1.8974937200546265,0.4506387710571289,-0.23722602427005768,-0.041522663086652756,0.4681428074836731,0.3936688303947449,-0.06882941722869873,0.13898007571697235,-1.381877064704895,-0.729809582233429,-0.11056133359670639,1.7731730937957764,2.3251290321350098,-2.7180988788604736,-2.1177494525909424,0.09081743657588959,0.04254208877682686,0.04864257946610451,0.05557915195822716,0.4893537759780884,0.2860734164714813,0.25560370087623596,0.1393558233976364,-0.0742092952132225,0.28480568528175354,0.08528921008110046,0.5210687518119812,0.7519185543060303,0.1957360953092575
3.121,0.18754757940769196,0.05865657702088356,-0.13022302091121674,-0.06722977012395859,0.05521423742175102,-0.006336456164717674,-0.13120588660240173,0.08407372981309891,-0.987783670425415,0.20000000298023224,0.0,0.0,0.0,0.45220428705215454,-0.23664666712284088,-0.04125556722283363,0.46879422664642334,0.40379300713539124,-0.06345692276954651,0.14428968727588654,-1.3788580894470215,-0.7314874529838562,-0.10434269905090332,1.7747266292572021,2.335395574569702,-2.7028393745422363,-2.1140100955963135,0.07473095506429672,0.022085843607783318,-0.002701196586713195,0.01990654319524765,0.5208882689476013,0.23088374733924866,0.2605426609516144,0.14632025361061096,-0.11239904165267944,0.3682973384857178,0.06870758533477783,0.49577072262763977,0.7713074088096619,0.215447336435318,-0.014504075050354004,0.2907121181488037,0.0023729726672172546,0.7487752437591553,-0.06227440387010574,-1.1551527976989746,1.905287504196167,-1.0852572917938232,1.0822707414627075,2.200756072998047,0.06360075622797012,1.1468826532363892,-1.2752671241760254,-0.33795058727264404,2.9010000228881836,-0.030294157564640045,0.2906731367111206,0.0019464828073978424,0.7486327886581421,-0.06471947580575943,-1.163133144378662,1.9042086601257324,-1.0922632217407227,1.0652780532836914,2.212568521499634,0.05810852348804474,1.1375441551208496,-1.265520453453064,-0.33025383949279785,0.005624597892165184,0.13812685012817383,-0.0010741653386503458,0.3709350824356079,0.37785452604293823,-0.1660238802433014,0.26032596826553345,-1.2345335483551025,-0.723551869392395,-0.1737964004278183,1.7171536684036255,2.249640703201294,-2.3746938705444336,-1.8943537473678589,0.45220428705215454,-0.23664666712284088,-0.04125556722283363,0.46879422664642334,0.40379300713539124,-0.06345692276954651,0.14428968727588654,-1.3788580894470215,-0.7314874529838562,-0.10434269905090332,1.7747266292572021,2.335395574569702,-2.7028393745422363,-2.1140100955963135,0.07473095506429672,0.022085843607783318,-0.002701196586713195,0.01990654319524765,0.5208882689476013,0.23088374733924866,0.2605426609516144,0.14632025361061096,-0.11239904165267944,0.3682973384857178,0.06870758533477783,0.49577072262763977,0.7713074088096619,0.215447336435318
3.142,0.19664986431598663,0.06612540781497955,-0.12430167943239212,-0.053369373083114624,0.07913460582494736,-0.013974077999591827,-0.12985095381736755,0.08524147421121597,-0.9878626465797424,0.20000000298023224,0.0,0.0,0.0,0.453410804271698,-0.2365097552537918,-0.041929543018341064,0.4686627984046936,0.4145258367061615,-0.05913199484348297,0.149407297372818,-1.375665545463562,-0.7340837121009827,-0.09666501730680466,1.775654911994934,2.344848394393921,-2.6867849826812744,-2.109570264816284,0.05247765779495239,-0.00334033346734941,-0.050865352153778076,-0.024597270414233208,0.5445640683174133,0.18259868025779724,0.24330931901931763,0.16009658575057983,-0.15229223668575287,0.42811042070388794,0.02391454391181469,0.44219648838043213,0.8232688903808594,0.25360289216041565,-0.030294157564640045,0.2906731367111206,0.0019464828073978424,0.7486327886581421,-0.06471947580575943,-1.163133144378662,1.9042086601257324,-1.0922632217407227,1.0652780532836914,2.212568521499634,0.05810852348804474,1.1375441551208496,-1.265520453453064,-0.33025383949279785,2.880000114440918,-0.043734386563301086,0.29452916979789734,0.0027533844113349915,0.753620982170105,-0.07221890240907669,-1.1709506511688232,1.900547742843628,-1.1061333417892456,1.0465703010559082,2.2186226844787598,0.05581153184175491,1.1307411193847656,-1.2593783140182495,-0.32598578929901123,-0.0026229401119053364,0.1408681720495224,-0.000338908052071929,0.37269771099090576,0.37672534584999084,-0.16879931092262268,0.2578803598880768,-1.2395234107971191,-0.7309807538986206,-0.17034408450126648,1.713179349899292,2.247159719467163,-2.367762565612793,-1.8915154933929443,0.4538240134716034,-0.23663531243801117,-0.04263104125857353,0.4682554602622986,0.41991183161735535,-0.05706866830587387,0.1518939882516861,-1.3738542795181274,-0.7353711128234863,-0.09281519800424576,1.775721788406372,2.349134922027588,-2.6783907413482666,-2.10715913772583,0.033643219619989395,-0.01856129989027977,-0.08450259268283844,-0.05127919092774391,0.5277435183525085,0.22316645085811615,0.2543841302394867,0.19812998175621033,-0.10051414370536804,0.35296952724456787,-0.0032798752654343843,0.41900700330734253,0.8449652791023254,0.2253650277853012
3.16,0.19664986431598663,0.06612540781497955,-0.12430167943239212,-0.04729922488331795,0.10636823624372482,-0.02061643823981285,-0.12806347012519836,0.08613846451044083,-0.9880181550979614,0.20000000298023224,0.0,0.0,0.0,0.454162061214447,-0.23684760928153992,-0.04353207349777222,0.4676438868045807,0.42541810870170593,-0.05523949861526489,0.15423530340194702,-1.3720171451568604,-0.7368899583816528,-0.0887392982840538,1.7755519151687622,2.3530919551849365,-2.66968035697937,-2.1044492721557617,0.03541981801390648,-0.022029483690857887,-0.0910501629114151,-0.06355135142803192,0.5533137321472168,0.14504888653755188,0.21533921360969543,0.16931329667568207,-0.17642845213413239,0.4591251611709595,-0.014148293063044548,0.37678617238998413,0.8731635808944702,0.30482274293899536,-0.043734386563301086,0.29452916979789734,0.0027533844113349915,0.753620982170105,-0.07221890240907669,-1.1709506511688232,1.900547742843628,-1.1061333417892456,1.0465703010559082,2.2186226844787598,0.05581153184175491,1.1307411193847656,-1.2593783140182495,-0.32598578929901123,2.8610000610351562,-0.057780176401138306,0.29031312465667725,0.003100089728832245,0.7535920143127441,-0.07887154817581177,-1.1774635314941406,1.89817476272583,-1.1153392791748047,1.0306532382965088,2.226579427719116,0.0541347935795784,1.1184678077697754,-1.2542496919631958,-0.31940266489982605,-0.010503084398806095,0.14215469360351562,0.0002277778257848695,0.37392720580101013,0.3749369978904724,-0.1717190444469452,0.25581246614456177,-1.2443972826004028,-0.7385685443878174,-0.16673395037651062,1.7101457118988037,2.243581771850586,-2.3621411323547363,-1.8885412216186523,0.454162061214447,-0.23684760928153992,-0.04353207349777222,0.4676438868045807,0.42541810870170593,-0.05523949861526489,0.15423530340194702,-1.3720171451568604,-0.7368899583816528,-0.0887392982840538,1.7755519151687622,2.3530919551849365,-2.66968035697937,-2.1044492721557617,0.03541981801390648,-0.022029483690857887,-0.0910501629114151,-0.06355135142803192,0.5533137321472168,0.14504888653755188,0.21533921360969543,0.16931329667568207,-0.17642845213413239,0.4591251611709595,-0.014148293063044548,0.37678617238998413,0.8731635808944702,0.30482274293899536
3.181,0.2032558023929596,0.07310112565755844,-0.11176762729883194,-0.0365443229675293,0.13031868636608124,-0.027845507487654686,-0.12571240961551666,0.08688899129629135,-0.9882543683052063,0.20000000298023224,0.0,0.0,0.0,0.45464155077934265,-0.23751182854175568,-0.04578762128949165,0.4658663868904114,0.43661633133888245,-0.05226319655776024,0.1583409607410431,-1.3683290481567383,-0.7405513525009155,-0.0799691453576088,1.7744863033294678,2.359856128692627,-2.6513845920562744,-2.0978500843048096,0.018073661252856255,-0.04033349081873894,-0.12505407631397247,-0.10547839105129242,0.5627722144126892,0.12731939554214478,0.1829485446214676,0.18360453844070435,-0.2005830556154251,0.4560776352882385,-0.07515566051006317,0.3006683886051178,0.9435849785804749,0.3671885132789612,-0.057780176401138306,0.29031312465667725,0.003100089728832245,0.7535920143127441,-0.07887154817581177,-1.1774635314941406,1.89817476272583,-1.1153392791748047,1.0306532382965088,2.226579427719116,0.0541347935795784,1.1184678077697754,-1.2542496919631958,-0.31940266489982605,2.8410000801086426,-0.0678621307015419,0.2904772162437439,0.005689095705747604,0.7592481970787048,-0.08767575770616531,-1.1824787855148315,1.8942934274673462,-1.130461573600769,1.011987566947937,2.2276346683502197,0.054529353976249695,1.1104668378829956,-1.2499287128448486,-0.3158532679080963,-0.01753147877752781,0.14307987689971924,0.0010128088761121035,0.3756362795829773,0.37236452102661133,-0.17451515793800354,0.2537827491760254,-1.250077247619629,-0.7466799020767212,-0.16404856741428375,1.7080813646316528,2.239877223968506,-2.357558012008667,-1.8859268426895142,0.4547392427921295,-0.23797310888767242,-0.04719937592744827,0.46468138694763184,0.4421377182006836,-0.05068166181445122,0.16030916571617126,-1.3662827014923096,-0.7422412633895874,-0.07597265392541885,1.7734979391098022,2.3627145290374756,-2.641896963119507,-2.0942933559417725,0.004553094506263733,-0.04926043376326561,-0.1526167243719101,-0.12634415924549103,0.5382219552993774,0.17999516427516937,0.20811977982521057,0.22164957225322723,-0.1352122277021408,0.3586239814758301,-0.11348805576562881,0.27590063214302063,0.9478195905685425,0.340036004781723
3.2,0.2032558023929596,0.07310112565755844,-0.11176762729883194,-0.03617405146360397,0.14948417246341705,-0.03559289500117302,-0.12297613173723221,0.08754105865955353,-0.9885410666465759,0.20000000298023224,0.0,0.0,0.0,0.4548424780368805,-0.23844733834266663,-0.048695050179958344,0.46337953209877014,0.44782915711402893,-0.049267955124378204,0.16209791600704193,-1.3643417358398438,-0.744328498840332,-0.07189829647541046,1.7723413705825806,2.3652448654174805,-2.632192611694336,-2.0902678966522217,0.010648518800735474,-0.047684818506240845,-0.15263031423091888,-0.1336841881275177,0.5631784796714783,0.1255582720041275,0.1672118902206421,0.19151757657527924,-0.2079220861196518,0.4241931736469269,-0.11591620743274689,0.2357422262430191,0.97415691614151,0.41849297285079956,-0.0678621307015419,0.2904772162437439,0.005689095705747604,0.7592481970787048,-0.08767575770616531,-1.1824787855148315,1.8942934274673462,-1.130461573600769,1.011987566947937,2.2276346683502197,0.054529353976249695,1.1104668378829956,-1.2499287128448486,-0.3158532679080963,2.821000099182129,-0.08047032356262207,0.28469914197921753,0.008177939802408218,0.7590343356132507,-0.09357874095439911,-1.1870933771133423,1.8875865936279297,-1.139992356300354,0.9968274235725403,2.231609582901001,0.05261649191379547,1.0973765850067139,-1.244179606437683,-0.308838427066803,-0.024342583492398262,0.1428607851266861,0.0019356573466211557,0.376800537109375,0.3696783483028412,-0.17716461420059204,0.251355916261673,-1.2554829120635986,-0.7546318173408508,-0.16157256066799164,1.7063493728637695,2.235320568084717,-2.353487491607666,-1.8830446004867554,0.4548424780368805,-0.23844733834266663,-0.048695050179958344,0.46337953209877014,0.44782915711402893,-0.049267955124378204,0.16209791600704193,-1.3643417358398438,-0.744328498840332,-0.07189829647541046,1.7723413705825806,2.3652448654174805,-2.632192611694336,-2.0902678966522217,0.010648518800735474,-0.047684818506240845,-0.15263031423091888,-0.1336841881275177,0.5631784796714783,0.1255582720041275,0.1672118902206421,0.19151757657527924,-0.2079220861196518,0.4241931736469269,-0.11591620743274689,0.2357422262430191,0.97415691614151,0.41849297285079956
3.222,0.20442362129688263,0.07531177252531052,-0.10219504684209824,-0.03671226650476456,0.16317985951900482,-0.04336175322532654,-0.11990858614444733,0.08816888183355331,-0.9888620376586914,0.20000000298023224,0.0,0.0,0.0,0.4549211263656616,-0.23951272666454315,-0.052117012441158295,0.4603634178638458,0.45910587906837463,-0.04647846519947052,0.16549667716026306,-1.3602739572525024,-0.7483634352684021,-0.06417077034711838,1.7694412469863892,2.369398593902588,-2.61238694190979,-2.0816733837127686,0.005179762840270996,-0.05289526656270027,-0.17690327763557434,-0.15799370408058167,0.5655420422554016,0.12749063968658447,0.15240676701068878,0.19984546303749084,-0.21531663835048676,0.3880256712436676,-0.15224504470825195,0.17891298234462738,1.003239631652832,0.45577195286750793,-0.08047032356262207,0.28469914197921753,0.008177939802408218,0.7590343356132507,-0.09357874095439911,-1.1870933771133423,1.8875865936279297,-1.139992356300354,0.9968274235725403,2.231609582901001,0.05261649191379547,1.0973765850067139,-1.244179606437683,-0.308838427066803,2.8010001182556152,-0.08987948298454285,0.27991026639938354,0.011975977569818497,0.7615788578987122,-0.09865649789571762,-1.1897395849227905,1.8821971416473389,-1.151711344718933,0.9795226454734802,2.2321765422821045,0.05214051902294159,1.0856082439422607,-1.2382218837738037,-0.3022569417953491,-0.030521731823682785,0.1419890820980072,0.0031513567082583904,0.37799718976020813,0.367036372423172,-0.17941616475582123,0.24884872138500214,-1.2610247135162354,-0.7627938985824585,-0.15975430607795715,1.7050656080245972,2.230365514755249,-2.3497445583343506,-1.8800398111343384,0.4549211263656616,-0.23951272666454315,-0.052117012441158295,0.4603634178638458,0.45910587906837463,-0.04647846519947052,0.16549667716026306,-1.3602739572525024,-0.7483634352684021,-0.06417077034711838,1.7694412469863892,2.369398593902588,-2.61238694190979,-2.0816733837127686,0.005179762840270996,-0.05289526656270027,-0.17690327763557434,-0.15799370408058167,0.5655420422554016,0.12749063968658447,0.15240676701068878,0.19984546303749084,-0.21531663835048676,0.3880256712436676,-0.15224504470825195,0.17891298234462738,1.003239631652832,0.45577195286750793
3.242,0.20442362129688263,0.07531177252531052,-0.10219504684209824,-0.044626615941524506,0.17229102551937103,-0.051035549491643906,-0.11666464805603027,0.08884616941213608,-0.9891894459724426,0.20000000298023224,0.0,0.0,0.0,0.45494964718818665,-0.24060580134391785,-0.05600529536604881,0.4569494426250458,0.47028040885925293,-0.04347861185669899,0.16877515614032745,-1.3559638261795044,-0.7522053122520447,-0.05743495002388954,1.765987515449524,2.372499942779541,-2.5923044681549072,-2.0725722312927246,0.008117704652249813,-0.04951407387852669,-0.19367356598377228,-0.17080086469650269,0.562451958656311,0.1319143921136856,0.1407490223646164,0.20307786762714386,-0.21466000378131866,0.34775733947753906,-0.16247418522834778,0.13000628352165222,1.0086166858673096,0.4866689145565033,-0.08987948298454285,0.27991026639938354,0.011975977569818497,0.7615788578987122,-0.09865649789571762,-1.1897395849227905,1.8821971416473389,-1.151711344718933,0.9795226454734802,2.2321765422821045,0.05214051902294159,1.0856082439422607,-1.2382218837738037,-0.3022569417953491,2.7799999713897705,-0.10136733949184418,0.2727505564689636,0.01634228229522705,0.7612472176551819,-0.10265747457742691,-1.1921204328536987,1.8742613792419434,-1.161050796508789,0.9643637537956238,2.2342259883880615,0.049152545630931854,1.0709590911865234,-1.230690836906433,-0.29370513558387756,-0.036570314317941666,0.14030493795871735,0.004657292272895575,0.3787851333618164,0.36458683013916016,-0.18134936690330505,0.24590331315994263,-1.2663049697875977,-0.7707811594009399,-0.15817412734031677,1.703718900680542,2.2246997356414795,-2.3459949493408203,-1.8766536712646484,0.45499202609062195,-0.24112063646316528,-0.05807425454258919,0.45516011118888855,0.47583264112472534,-0.04192253574728966,0.17038466036319733,-1.3537602424621582,-0.7540692687034607,-0.054380930960178375,1.764174461364746,2.3737292289733887,-2.582275390625,-2.0678746700286865,0.0017330375267192721,-0.0521751344203949,-0.21734397113323212,-0.18285295367240906,0.5439404249191284,0.17279309034347534,0.17838236689567566,0.23403988778591156,-0.1551814079284668,0.2739080488681793,-0.1902642548084259,0.12150830030441284,0.9909816980361938,0.4466346800327301
3.262,0.196867898106575,0.0772341936826706,-0.09907937794923782,-0.05579116567969322,0.17773200571537018,-0.05786025524139404,-0.11334073543548584,0.08962041884660721,-0.9895059466362,0.20000000298023224,0.0,0.0,0.0,0.45503881573677063,-0.24162691831588745,-0.0602700412273407,0.4532952904701233,0.4813951551914215,-0.04039621353149414,0.17196401953697205,-1.3514975309371948,-0.7559145092964172,-0.05143638700246811,1.762353777885437,2.3747687339782715,-2.57222580909729,-2.0631964206695557,0.013501357287168503,-0.04453958943486214,-0.21184547245502472,-0.1776672750711441,0.5732107162475586,0.13323161005973816,0.13239943981170654,0.19898271560668945,-0.2362390011548996,0.3134021461009979,-0.160345196723938,0.10272323340177536,1.0039706230163574,0.49232736229896545,-0.10136733949184418,0.2727505564689636,0.01634228229522705,0.7612472176551819,-0.10265747457742691,-1.1921204328536987,1.8742613792419434,-1.161050796508789,0.9643637537956238,2.2342259883880615,0.049152545630931854,1.0709590911865234,-1.230690836906433,-0.29370513558387756,2.760999917984009,-0.10827185213565826,0.26484280824661255,0.02455131709575653,0.7626984119415283,-0.10451143980026245,-1.1914342641830444,1.8708844184875488,-1.1694984436035156,0.9515942335128784,2.234744071960449,0.045929647982120514,1.0546278953552246,-1.220324993133545,-0.28311190009117126,-0.041839998215436935,0.13793987035751343,0.006942802108824253,0.3795543611049652,0.3625940680503845,-0.18259969353675842,0.24333497881889343,-1.2712682485580444,-0.7782876491546631,-0.15699027478694916,1.7022926807403564,2.2182841300964355,-2.341815233230591,-1.8726942539215088,0.4551614224910736,-0.24206484854221344,-0.06245097145438194,0.45146119594573975,0.48695695400238037,-0.038869839161634445,0.1734691560268402,-1.3493258953094482,-0.7578465342521667,-0.04863298684358597,1.7606019973754883,2.3756496906280518,-2.5622782707214355,-2.0583126544952393,0.00967987161129713,-0.0449436716735363,-0.22919513285160065,-0.1874934583902359,0.5498078465461731,0.1686871498823166,0.1698073148727417,0.22887545824050903,-0.1697707325220108,0.2515885829925537,-0.18483570218086243,0.0897846594452858,0.9815219640731812,0.46489211916923523
3.283,0.196867898106575,0.0772341936826706,-0.09907937794923782,-0.06563010066747665,0.17862558364868164,-0.06492988020181656,-0.10995813459157944,0.09062551707029343,-0.9897960424423218,0.20000000298023224,0.0,0.0,0.0,0.4553343653678894,-0.24245859682559967,-0.06468004733324051,0.4496075510978699,0.49262338876724243,-0.03731238469481468,0.17495134472846985,-1.3471962213516235,-0.7599630951881409,-0.04603864252567291,1.758846402168274,2.376387119293213,-2.5523669719696045,-2.0533292293548584,0.025907088071107864,-0.032333292067050934,-0.21442075073719025,-0.1760493367910385,0.5702865719795227,0.13954079151153564,0.12583351135253906,0.1971704363822937,-0.23765411972999573,0.27505922317504883,-0.15394163131713867,0.06769269704818726,0.9876409769058228,0.512374758720398,-0.10827185213565826,0.26484280824661255,0.02455131709575653,0.7626984119415283,-0.10451143980026245,-1.1914342641830444,1.8708844184875488,-1.1694984436035156,0.9515942335128784,2.234744071960449,0.045929647982120514,1.0546278953552246,-1.220324993133545,-0.28311190009117126,2.740000009536743,-0.11814843118190765,0.25602567195892334,0.030799202620983124,0.7628726959228516,-0.1070992648601532,-1.1917434930801392,1.8633662462234497,-1.1775505542755127,0.9371002316474915,2.236118793487549,0.04119390249252319,1.0382159948349,-1.2105491161346436,-0.27275556325912476,-0.04701026529073715,0.13496175408363342,0.009479842148721218,0.3801189661026001,0.36081093549728394,-0.1835213005542755,0.24040943384170532,-1.275950312614441,-0.7857163548469543,-0.15595537424087524,1.7005839347839355,2.211331367492676,-2.337423086166382,-1.8683693408966064,0.4555605947971344,-0.2427971363067627,-0.06692597270011902,0.44777509570121765,0.49822551012039185,-0.03574194014072418,0.17641687393188477,-1.3450759649276733,-0.7620176672935486,-0.043592117726802826,1.7571321725845337,2.3769888877868652,-2.542587995529175,-2.048313856124878,0.01983458548784256,-0.03499316796660423,-0.23471170663833618,-0.18622979521751404,0.5492857694625854,0.17035625874996185,0.1658199578523636,0.2232382595539093,-0.1753545105457306,0.22072838246822357,-0.17916470766067505,0.06360477209091187,0.9616091847419739,0.4751598536968231
3.3,0.18163475394248962,0.0784880667924881,-0.10028617829084396,-0.08050262182950974,0.18026740849018097,-0.06912647187709808,-0.1065831333398819,0.09183641523122787,-0.9900535941123962,0.20000000298023224,0.0,0.0,0.0,0.4558311402797699,-0.24309611320495605,-0.06919382512569427,0.44594231247901917,0.5038803815841675,-0.03417128324508667,0.17784516513347626,-1.3430514335632324,-0.7641941905021667,-0.04129166901111603,1.7554489374160767,2.3774964809417725,-2.532883644104004,-2.0431854724884033,0.03989472985267639,-0.018824681639671326,-0.21381737291812897,-0.1698828637599945,0.5707907676696777,0.14198654890060425,0.11980939656496048,0.19589367508888245,-0.24832138419151306,0.24287310242652893,-0.14562034606933594,0.03953387215733528,0.9655377268791199,0.5159832835197449,-0.11814843118190765,0.25602567195892334,0.030799202620983124,0.7628726959228516,-0.1070992648601532,-1.1917434930801392,1.8633662462234497,-1.1775505542755127,0.9371002316474915,2.236118793487549,0.04119390249252319,1.0382159948349,-1.2105491161346436,-0.27275556325912476,2.7209999561309814,-0.1231028288602829,0.24377790093421936,0.04373816400766373,0.7625356316566467,-0.10619083046913147,-1.1888357400894165,1.862748384475708,-1.1828105449676514,0.9278645515441895,2.2376036643981934,0.03567691892385483,1.0170255899429321,-1.1971375942230225,-0.2583999037742615,-0.05137261003255844,0.13103991746902466,0.013196613639593124,0.3804636299610138,0.3596990406513214,-0.18373027443885803,0.2382688820362091,-1.2800167798995972,-0.7923017740249634,-0.1550082117319107,1.6985602378845215,2.2032856941223145,-2.332336902618408,-1.8631885051727295,0.4558311402797699,-0.24309611320495605,-0.06919382512569427,0.44594231247901917,0.5038803815841675,-0.03417128324508667,0.17784516513347626,-1.3430514335632324,-0.7641941905021667,-0.04129166901111603,1.7554489374160767,2.3774964809417725,-2.532883644104004,-2.0431854724884033,0.03989472985267639,-0.018824681639671326,-0.21381737291812897,-0.1698828637599945,0.5707907676696777,0.14198654890060425,0.11980939656496048,0.19589367508888245,-0.24832138419151306,0.24287310242652893,-0.14562034606933594,0.03953387215733528,0.9655377268791199,0.5159832835197449
3.321,0.18163475394248962,0.0784880667924881,-0.10028617829084396,-0.09871309995651245,0.1787857711315155,-0.07595793902873993,-0.10313791781663895,0.09346277266740799,-0.9902662634849548,0.20000000298023224,0.0,0.0,0.0,0.4567723870277405,-0.2433210015296936,-0.0734570249915123,0.44253480434417725,0.5152787566184998,-0.031127264723181725,0.18042515218257904,-1.3390083312988281,-0.7690619230270386,-0.03704783320426941,1.7522120475769043,2.377837657928467,-2.5137689113616943,-2.0326831340789795,0.06388639658689499,0.004639109130948782,-0.19968397915363312,-0.15827839076519012,0.5714482069015503,0.1482972800731659,0.12090958654880524,0.19882112741470337,-0.2594715356826782,0.201334148645401,-0.1604740023612976,-0.005912331864237785,0.944618284702301,0.5398197770118713,-0.1231028288602829,0.24377790093421936,0.04373816400766373,0.7625356316566467,-0.10619083046913147,-1.1888357400894165,1.862748384475708,-1.1828105449676514,0.9278645515441895,2.2376036643981934,0.03567691892385483,1.0170255899429321,-1.1971375942230225,-0.2583999037742615,2.7009999752044678,-0.1297852098941803,0.23253673315048218,0.05327780917286873,0.7637553811073303,-0.10839764028787613,-1.1861636638641357,1.8558781147003174,-1.190479040145874,0.9152580499649048,2.237766981124878,0.03004438988864422,0.9978824257850647,-1.1852308511734009,-0.2457069754600525,-0.05542860925197601,0.1266084611415863,0.017229299992322922,0.38088786602020264,0.35858967900276184,-0.18347574770450592,0.23573994636535645,-1.2840135097503662,-0.7988024950027466,-0.15432070195674896,1.6962988376617432,2.194782257080078,-2.3269906044006348,-1.8576579093933105,0.45740750432014465,-0.24325715005397797,-0.07554008066654205,0.4409407079219818,0.5208358764648438,-0.0295243039727211,0.18187646567821503,-1.3368839025497437,-0.7712628841400146,-0.0352666899561882,1.750483512878418,2.377789258956909,-2.504533052444458,-2.027573585510254,0.06428632140159607,0.008841355331242085,-0.2141457498073578,-0.15797069668769836,0.5396678447723389,0.16787713766098022,0.16499368846416473,0.22370298206806183,-0.1829574704170227,0.1637522429227829,-0.17768537998199463,-0.0008133488590829074,0.9021845459938049,0.4816502332687378
3.34,0.16257566213607788,0.07191760838031769,-0.10356222093105316,-0.12619052827358246,0.17958815395832062,-0.07805784791707993,-0.09981942176818848,0.09543116390705109,-0.9904186129570007,0.20000000298023224,0.0,0.0,0.0,0.4581506550312042,-0.24308259785175323,-0.07756079733371735,0.43942663073539734,0.5263196229934692,-0.02790357731282711,0.1833539456129074,-1.3347867727279663,-0.7733535766601562,-0.03364568576216698,1.7487801313400269,2.3776469230651855,-2.495457649230957,-2.0224618911743164,0.09332606941461563,0.03413301706314087,-0.1828969568014145,-0.1292034238576889,0.5617461204528809,0.1491633504629135,0.12148044258356094,0.19573812186717987,-0.258789986371994,0.167511984705925,-0.14649325609207153,-0.012897484935820103,0.9015505909919739,0.500338077545166,-0.1297852098941803,0.23253673315048218,0.05327780917286873,0.7637553811073303,-0.10839764028787613,-1.1861636638641357,1.8558781147003174,-1.190479040145874,0.9152580499649048,2.237766981124878,0.03004438988864422,0.9978824257850647,-1.1852308511734009,-0.2457069754600525,2.680999994277954,-0.13453209400177002,0.21335574984550476,0.06702069193124771,0.7603451609611511,-0.10496234893798828,-1.1810046434402466,1.857224464416504,-1.1907076835632324,0.907541811466217,2.2422397136688232,0.02485860325396061,0.9689189791679382,-1.171474814414978,-0.2266215980052948,-0.05897984281182289,0.12062928825616837,0.022113613784313202,0.38067328929901123,0.3583284318447113,-0.182523712515831,0.23417164385318756,-1.2868455648422241,-0.8045104742050171,-0.15316854417324066,1.6939380168914795,2.18448543548584,-2.3211846351623535,-1.850923776626587,0.4581506550312042,-0.24308259785175323,-0.07756079733371735,0.43942663073539734,0.5263196229934692,-0.02790357731282711,0.1833539456129074,-1.3347867727279663,-0.7733535766601562,-0.03364568576216698,1.7487801313400269,2.3776469230651855,-2.495457649230957,-2.0224618911743164,0.09332606941461563,0.03413301706314087,-0.1828969568014145,-0.1292034238576889,0.5617461204528809,0.1491633504629135,0.12148044258356094,0.19573812186717987,-0.258789986371994,0.167511984705925,-0.14649325609207153,-0.012897484935820103,0.9015505909919739,0.500338077545166
3.363,0.16257566213607788,0.07191760838031769,-0.10356222093105316,-0.14442579448223114,0.17481356859207153,-0.08589835464954376,-0.09555473923683167,0.09868218749761581,-0.9905206561088562,0.20000000298023224,0.0,0.0,0.0,0.46029800176620483,-0.24210751056671143,-0.08096931129693985,0.43692076206207275,0.5373348593711853,-0.024914991110563278,0.18588395416736603,-1.3307315111160278,-0.7781981825828552,-0.030605480074882507,1.7454793453216553,2.3765392303466797,-2.4776084423065186,-2.0117087364196777,0.12591274082660675,0.0667286142706871,-0.15171311795711517,-0.11083997040987015,0.5473246574401855,0.1398376077413559,0.11506371200084686,0.19908906519412994,-0.2547260522842407,0.14880600571632385,-0.16908089816570282,-0.08312774449586868,0.8841875791549683,0.5562026500701904,-0.13453209400177002,0.21335574984550476,0.06702069193124771,0.7603451609611511,-0.10496234893798828,-1.1810046434402466,1.857224464416504,-1.1907076835632324,0.907541811466217,2.2422397136688232,0.02485860325396061,0.9689189791679382,-1.171474814414978,-0.2266215980052948,2.6589999198913574,-0.14116939902305603,0.1985333263874054,0.08068995177745819,0.762378454208374,-0.10738235712051392,-1.1767958402633667,1.8514363765716553,-1.1983745098114014,0.8943190574645996,2.2438085079193115,0.01837536133825779,0.9455618262290955,-1.1584208011627197,-0.2113945186138153,-0.06246130168437958,0.1142204999923706,0.02758302167057991,0.3808280825614929,0.3577825427055359,-0.1812259703874588,0.2322056144475937,-1.28997802734375,-0.8104894757270813,-0.1521267145872116,1.6913129091262817,2.173774003982544,-2.315162181854248,-1.843925952911377,0.46154752373695374,-0.24142779409885406,-0.08255364745855331,0.43580785393714905,0.5426188707351685,-0.02344629541039467,0.18725310266017914,-1.328627109527588,-0.7803252339363098,-0.029264001175761223,1.7436672449111938,2.375731945037842,-2.468973398208618,-2.006427764892578,0.12479947507381439,0.06955266743898392,-0.16340483725070953,-0.10965629667043686,0.5104634165763855,0.15096527338027954,0.15507332980632782,0.2197522521018982,-0.1745762676000595,0.12597833573818207,-0.1857055276632309,-0.07495139539241791,0.8422529697418213,0.4988388419151306
3.38,0.1406920701265335,0.061464574187994,-0.10556010156869888,-0.16642917692661285,0.1805843561887741,-0.08239205926656723,-0.09304138273000717,0.10088784992694855,-0.990537703037262,0.20000000298023224,0.0,0.0,0.0,0.46291235089302063,-0.2406335175037384,-0.08400512486696243,0.4347982108592987,0.547817051410675,-0.022021418437361717,0.18861159682273865,-1.3265728950500488,-0.7823931574821472,-0.027986424043774605,1.7418348789215088,2.3748056888580322,-2.4605002403259277,-2.0010995864868164,0.15139684081077576,0.09331606328487396,-0.12684641778469086,-0.07870399206876755,0.5210403203964233,0.1321806013584137,0.10523903369903564,0.18759691715240479,-0.23943814635276794,0.12935815751552582,-0.16110140085220337,-0.0837070643901825,0.8457089066505432,0.5162450075149536,-0.14116939902305603,0.1985333263874054,0.08068995177745819,0.762378454208374,-0.10738235712051392,-1.1767958402633667,1.8514363765716553,-1.1983745098114014,0.8943190574645996,2.2438085079193115,0.01837536133825779,0.9455618262290955,-1.1584208011627197,-0.2113945186138153,2.6410000324249268,-0.1444900631904602,0.17451563477516174,0.09352865815162659,0.7575681209564209,-0.10325765609741211,-1.1705635786056519,1.8569294214248657,-1.1939338445663452,0.8864956498146057,2.250743865966797,0.015158362686634064,0.9114193916320801,-1.1457926034927368,-0.18968722224235535,-0.06539642065763474,0.10613169521093369,0.033337414264678955,0.3802148699760437,0.3580191433429718,-0.17938271164894104,0.2316533476114273,-1.2915046215057373,-0.8158482909202576,-0.15035712718963623,1.6889928579330444,2.1611547470092773,-2.3090524673461914,-1.8357712030410767,0.46291235089302063,-0.2406335175037384,-0.08400512486696243,0.4347982108592987,0.547817051410675,-0.022021418437361717,0.18861159682273865,-1.3265728950500488,-0.7823931574821472,-0.027986424043774605,1.7418348789215088,2.3748056888580322,-2.4605002403259277,-2.0010995864868164,0.15139684081077576,0.09331606328487396,-0.12684641778469086,-0.07870399206876755,0.5210403203964233,0.1321806013584137,0.10523903369903564,0.18759691715240479,-0.23943814635276794,0.12935815751552582,-0.16110140085220337,-0.0837070643901825,0.8457089066505432,0.5162450075149536
3.401,0.1406920701265335,0.061464574187994,-0.10556010156869888,-0.17429295182228088,0.1834111362695694,-0.08047076314687729,-0.08953672647476196,0.1041967049241066,-0.9905181527137756,0.20000000298023224,0.0,0.0,0.0,0.46611785888671875,-0.23858748376369476,-0.08625099062919617,0.43323054909706116,0.5580977201461792,-0.019474690780043602,0.19074319303035736,-1.3227208852767944,-0.7871204018592834,-0.02551714889705181,1.7381062507629395,2.3721816539764404,-2.44370436668396,-1.9898141622543335,0.1674347221851349,0.1097797229886055,-0.09750217199325562,-0.07036558538675308,0.5023431181907654,0.11570367217063904,0.0951082780957222,0.1801222860813141,-0.2380685955286026,0.12782050669193268,-0.19853337109088898,-0.1497921645641327,0.8332841992378235,0.5877442359924316,-0.1444900631904602,0.17451563477516174,0.09352865815162659,0.7575681209564209,-0.10325765609741211,-1.1705635786056519,1.8569294214248657,-1.1939338445663452,0.8864956498146057,2.250743865966797,0.015158362686634064,0.9114193916320801,-1.1457926034927368,-0.18968722224235535,2.621000051498413,-0.14830869436264038,0.15860503911972046,0.10636954754590988,0.7590706944465637,-0.10628587752580643,-1.1655950546264648,1.8527231216430664,-1.1987980604171753,0.8737415075302124,2.253355026245117,0.010036680847406387,0.885531485080719,-1.1339812278747559,-0.1736210286617279,-0.06802380084991455,0.09808293730020523,0.0392916202545166,0.38001102209091187,0.357730507850647,-0.17734715342521667,0.23063582181930542,-1.2933028936386108,-0.8215125799179077,-0.14872673153877258,1.6866004467010498,2.148437976837158,-2.3030037879943848,-1.827652931213379,0.4677531123161316,-0.23750446736812592,-0.08728180080652237,0.43251338601112366,0.5629069805145264,-0.01825799234211445,0.19187556207180023,-1.3207703828811646,-0.7890840768814087,-0.02436481975018978,1.7359927892684937,2.3706958293914795,-2.4355626106262207,-1.984277606010437,0.16061203181743622,0.10722751170396805,-0.10773370414972305,-0.07133667171001434,0.46209973096847534,0.12517070770263672,0.1285872459411621,0.206405907869339,-0.16014795005321503,0.10837268829345703,-0.21676328778266907,-0.1430324912071228,0.7945517301559448,0.5203226208686829
3.421,0.11755768209695816,0.0486973337829113,-0.10549921542406082,-0.18111735582351685,0.1866094321012497,-0.07363540679216385,-0.08606670796871185,0.10754819214344025,-0.9904675483703613,0.20000000298023224,0.0,0.0,0.0,0.46944496035575867,-0.23636822402477264,-0.08812744915485382,0.4318777918815613,0.5676474571228027,-0.0171187873929739,0.19282551109790802,-1.3189442157745361,-0.7911744713783264,-0.02323964238166809,1.7338314056396484,2.369044780731201,-2.427459478378296,-1.9785484075546265,0.17553888261318207,0.11984262615442276,-0.07287923246622086,-0.05297771468758583,0.46879804134368896,0.10576801747083664,0.07833890616893768,0.173256978392601,-0.22322800755500793,0.11674764752388,-0.20828981697559357,-0.17211869359016418,0.8042139410972595,0.5793599486351013,-0.14830869436264038,0.15860503911972046,0.10636954754590988,0.7590706944465637,-0.10628587752580643,-1.1655950546264648,1.8527231216430664,-1.1987980604171753,0.8737415075302124,2.253355026245117,0.010036680847406387,0.885531485080719,-1.1339812278747559,-0.1736210286617279,2.6010000705718994,-0.15314626693725586,0.13179801404476166,0.11921919137239456,0.7525182962417603,-0.103049635887146,-1.1605504751205444,1.8586355447769165,-1.193277359008789,0.863072395324707,2.2631847858428955,0.007430175319314003,0.8486968278884888,-1.1224137544631958,-0.15053007006645203,-0.0705886036157608,0.08842775225639343,0.045387014746665955,0.3788854777812958,0.35801392793655396,-0.1751655787229538,0.23081040382385254,-1.2937335968017578,-0.8270779848098755,-0.14611099660396576,1.6845347881317139,2.1340112686157227,-2.297034740447998,-1.8185065984725952,0.46944496035575867,-0.23636822402477264,-0.08812744915485382,0.4318777918815613,0.5676474571228027,-0.0171187873929739,0.19282551109790802,-1.3189442157745361,-0.7911744713783264,-0.02323964238166809,1.7338314056396484,2.369044780731201,-2.427459478378296,-1.9785484075546265,0.17553888261318207,0.11984262615442276,-0.07287923246622086,-0.05297771468758583,0.46879804134368896,0.10576801747083664,0.07833890616893768,0.173256978392601,-0.22322800755500793,0.11674764752388,-0.20828981697559357,-0.17211869359016418,0.8042139410972595,0.5793599486351013
3.44,0.11755768209695816,0.0486973337829113,-0.10549921542406082,-0.17458145320415497,0.18877814710140228,-0.06599672883749008,-0.0824928730726242,0.11092855036258698,-0.9903988242149353,0.20000000298023224,0.0,0.0,0.0,0.4728612005710602,-0.23404806852340698,-0.0894412100315094,0.4307766258716583,0.5767548084259033,-0.015140922740101814,0.19444037973880768,-1.3153566122055054,-0.7954531311988831,-0.020872369408607483,1.7291224002838135,2.3652803897857666,-2.4115946292877197,-1.9670871496200562,0.17237527668476105,0.11756089329719543,-0.049986302852630615,-0.048670437186956406,0.44715264439582825,0.08402439951896667,0.060954343527555466,0.16709299385547638,-0.23218311369419098,0.1276187300682068,-0.24555261433124542,-0.20481783151626587,0.7878910899162292,0.5881030559539795,-0.15314626693725586,0.13179801404476166,0.11921919137239456,0.7525182962417603,-0.103049635887146,-1.1605504751205444,1.8586355447769165,-1.193277359008789,0.863072395324707,2.2631847858428955,0.007430175319314003,0.8486968278884888,-1.1224137544631958,-0.15053007006645203,2.5810000896453857,-0.1564599871635437,0.11731139570474625,0.13089048862457275,0.7532691359519958,-0.10514761507511139,-1.156292200088501,1.8553557395935059,-1.1965255737304688,0.848840594291687,2.2679920196533203,0.0023986659944057465,0.8212528824806213,-1.11029052734375,-0.1332588493824005,-0.07288102060556412,0.07949613779783249,0.05140448361635208,0.3782102167606354,0.3578976094722748,-0.17299973964691162,0.2304406613111496,-1.2945222854614258,-0.8331085443496704,-0.14355888962745667,1.6823341846466064,2.119795799255371,-2.2910380363464355,-1.8095134496688843,0.4728612005710602,-0.23404806852340698,-0.0894412100315094,0.4307766258716583,0.5767548084259033,-0.015140922740101814,0.19444037973880768,-1.3153566122055054,-0.7954531311988831,-0.020872369408607483,1.7291224002838135,2.3652803897857666,-2.4115946292877197,-1.9670871496200562,0.17237527668476105,0.11756089329719543,-0.049986302852630615,-0.048670437186956406,0.44715264439582825,0.08402439951896667,0.060954343527555466,0.16709299385547638,-0.23218311369419098,0.1276187300682068,-0.24555261433124542,-0.20481783151626587,0.7878910899162292,0.5881030559539795
3.46,0.09409169852733612,0.03635655716061592,-0.10283349454402924,-0.1701686680316925,0.19318389892578125,-0.05419113114476204,-0.07887600362300873,0.1141568049788475,-0.9903265833854675,0.20000000298023224,0.0,0.0,0.0,0.4761033058166504,-0.23186352849006653,-0.09038486331701279,0.4297393262386322,0.5852846503257751,-0.01347285695374012,0.19571970403194427,-1.3115434646606445,-0.7996851205825806,-0.018444376066327095,1.7238272428512573,2.360924243927002,-2.396151304244995,-1.9561554193496704,0.16460464894771576,0.11146075278520584,-0.026186121627688408,-0.03740209713578224,0.4179428815841675,0.0678773745894432,0.03555542603135109,0.15597516298294067,-0.23738589882850647,0.13060103356838226,-0.2639983594417572,-0.20491056144237518,0.7648055553436279,0.5493084788322449,-0.1564599871635437,0.11731139570474625,0.13089048862457275,0.7532691359519958,-0.10514761507511139,-1.156292200088501,1.8553557395935059,-1.1965255737304688,0.848840594291687,2.2679920196533203,0.0023986659944057465,0.8212528824806213,-1.11029052734375,-0.1332588493824005,2.561000108718872,-0.16087153553962708,0.09104415029287338,0.14281851053237915,0.746606171131134,-0.10169220715761185,-1.15113365650177,1.8626453876495361,-1.1894726753234863,0.8367114067077637,2.279531955718994,-0.00011243950575590134,0.7834289073944092,-1.0980297327041626,-0.10944696515798569,-0.07514744997024536,0.06930391490459442,0.05740591511130333,0.3767380714416504,0.3583345115184784,-0.17070986330509186,0.2312752902507782,-1.2940164804458618,-0.8391492366790771,-0.14004142582416534,1.6804170608520508,2.1041712760925293,-2.285001039505005,-1.7996463775634766,0.4761033058166504,-0.23186352849006653,-0.09038486331701279,0.4297393262386322,0.5852846503257751,-0.01347285695374012,0.19571970403194427,-1.3115434646606445,-0.7996851205825806,-0.018444376066327095,1.7238272428512573,2.360924243927002,-2.396151304244995,-1.9561554193496704,0.16460464894771576,0.11146075278520584,-0.026186121627688408,-0.03740209713578224,0.4179428815841675,0.0678773745894432,0.03555542603135109,0.15597516298294067,-0.23738589882850647,0.13060103356838226,-0.2639983594417572,-0.20491056144237518,0.7648055553436279,0.5493084788322449
3.48,0.09409169852733612,0.03635655716061592,-0.10283349454402924,-0.15540927648544312,0.1957383155822754,-0.04336584731936455,-0.07521850615739822,0.11720677465200424,-0.9902548789978027,0.20000000298023224,0.0,0.0,0.0,0.4791499376296997,-0.2298426628112793,-0.09094248712062836,0.428775429725647,0.5933289527893066,-0.012089744210243225,0.1966511458158493,-1.308066725730896,-0.8040942549705505,-0.01598760113120079,1.7180358171463013,2.356247901916504,-2.3812167644500732,-1.9451138973236084,0.1479855328798294,0.0966971218585968,-0.014358334243297577,-0.03709080070257187,0.39430809020996094,0.042309559881687164,0.017299070954322815,0.14053483307361603,-0.2527797818183899,0.15039320290088654,-0.28967341780662537,-0.21118025481700897,0.7367594242095947,0.530995786190033,-0.16087153553962708,0.09104415029287338,0.14281851053237915,0.746606171131134,-0.10169220715761185,-1.15113365650177,1.8626453876495361,-1.1894726753234863,0.8367114067077637,2.279531955718994,-0.00011243950575590134,0.7834289073944092,-1.0980297327041626,-0.10944696515798569,2.5409998893737793,-0.16500067710876465,0.07718021422624588,0.1525166928768158,0.7467361092567444,-0.10314177721738815,-1.1474651098251343,1.8597140312194824,-1.1906386613845825,0.8215162754058838,2.2863609790802,-0.004845545627176762,0.7554038166999817,-1.0858911275863647,-0.09199408441781998,-0.07735331356525421,0.06008977070450783,0.06306164711713791,0.3757270574569702,0.3584229052066803,-0.16855667531490326,0.23141981661319733,-1.293837308883667,-0.8456569910049438,-0.13655485212802887,1.6783651113510132,2.0890302658081055,-2.27895450592041,-1.7901215553283691,0.4791499376296997,-0.2298426628112793,-0.09094248712062836,0.428775429725647,0.5933289527893066,-0.012089744210243225,0.1966511458158493,-1.308066725730896,-0.8040942549705505,-0.01598760113120079,1.7180358171463013,2.356247901916504,-2.3812167644500732,-1.9451138973236084,0.1479855328798294,0.0966971218585968,-0.014358334243297577,-0.03709080070257187,0.39430809020996094,0.042309559881687164,0.017299070954322815,0.14053483307361603,-0.2527797818183899,0.15039320290088654,-0.28967341780662537,-0.21118025481700897,0.7367594242095947,0.530995786190033
3.501,0.07111238688230515,0.025546004995703697,-0.09779693931341171,-0.14580047130584717,0.20275773108005524,-0.031202655285596848,-0.07132324576377869,0.12011465430259705,-0.9901946783065796,0.20000000298023224,0.0,0.0,0.0,0.48194369673728943,-0.22807633876800537,-0.09102267771959305,0.4278211295604706,0.6012086868286133,-0.011347108520567417,0.19686053693294525,-1.3050287961959839,-0.809603214263916,-0.013039427809417248,1.7116527557373047,2.3509857654571533,-2.366554021835327,-1.9336508512496948,0.13665707409381866,0.08524121344089508,0.010571843944489956,-0.045864976942539215,0.3923106789588928,0.026537319645285606,-0.011742021888494492,0.14798210561275482,-0.3084947466850281,0.14844627678394318,-0.3328808844089508,-0.2864115238189697,0.7314743995666504,0.5832588076591492,-0.16500067710876465,0.07718021422624588,0.1525166928768158,0.7467361092567444,-0.10314177721738815,-1.1474651098251343,1.8597140312194824,-1.1906386613845825,0.8215162754058838,2.2863609790802,-0.004845545627176762,0.7554038166999817,-1.0858911275863647,-0.09199408441781998,2.5209999084472656,-0.17028504610061646,0.04871492087841034,0.1636384129524231,0.7399787902832031,-0.10345572978258133,-1.1426430940628052,1.8679077625274658,-1.185150384902954,0.8072629570960999,2.298821449279785,-0.0068624597042799,0.7184011340141296,-1.0737656354904175,-0.06880056113004684,-0.07969007641077042,0.04937007650732994,0.06868891417980194,0.3740057349205017,0.3584376871585846,-0.1663261353969574,0.2327500581741333,-1.2928886413574219,-0.8523504734039307,-0.13224518299102783,1.676626205444336,2.0728812217712402,-2.2729029655456543,-1.779975175857544,0.48322421312332153,-0.22728164494037628,-0.09096726775169373,0.4273245334625244,0.6049289107322693,-0.01096939854323864,0.19689249992370605,-1.303321361541748,-0.8123446106910706,-0.011761600151658058,1.7081983089447021,2.34810471534729,-2.359419584274292,-1.9282469749450684,0.12048011273145676,0.07428136467933655,0.0001861613563960418,-0.051991842687129974,0.3532443940639496,0.04601084068417549,0.015769824385643005,0.1861126720905304,-0.24209603667259216,0.1133701428771019,-0.3505954146385193,-0.2827519178390503,0.695095956325531,0.5007731914520264
3.52,0.07111238688230515,0.025546004995703697,-0.09779693931341171,-0.12616349756717682,0.20698846876621246,-0.019873443990945816,-0.06731496751308441,0.12272585928440094,-0.990155041217804,0.20000000298023224,0.0,0.0,0.0,0.4843757152557373,-0.22662560641765594,-0.09080168604850769,0.4267641305923462,0.6086794137954712,-0.010925877839326859,0.19660933315753937,-1.3019477128982544,-0.8155771493911743,-0.010096242651343346,1.7045875787734985,2.345061779022217,-2.352241277694702,-1.922366738319397,0.11094347387552261,0.06284802407026291,0.01914156787097454,-0.05616278573870659,0.3638920783996582,0.002990167587995529,-0.032390251755714417,0.14410282671451569,-0.31924939155578613,0.16155767440795898,-0.36930105090141296,-0.311785489320755,0.710197389125824,0.5720199346542358,-0.17028504610061646,0.04871492087841034,0.1636384129524231,0.7399787902832031,-0.10345572978258133,-1.1426430940628052,1.8679077625274658,-1.185150384902954,0.8072629570960999,2.298821449279785,-0.0068624597042799,0.7184011340141296,-1.0737656354904175,-0.06880056113004684,2.500999927520752,-0.17565199732780457,0.03349022567272186,0.17248976230621338,0.7391729950904846,-0.10553310811519623,-1.1390491724014282,1.865046739578247,-1.1864161491394043,0.7908331155776978,2.3065426349639893,-0.01022547297179699,0.6894235610961914,-1.0621469020843506,-0.051339611411094666,-0.08213084936141968,0.03958258777856827,0.0739557072520256,0.3726799786090851,0.3581364154815674,-0.16422566771507263,0.23325204849243164,-1.2924144268035889,-0.8595003485679626,-0.12807023525238037,1.6749045848846436,2.0572304725646973,-2.2669241428375244,-1.7702536582946777,0.4843757152557373,-0.22662560641765594,-0.09080168604850769,0.4267641305923462,0.6086794137954712,-0.010925877839326859,0.19660933315753937,-1.3019477128982544,-0.8155771493911743,-0.010096242651343346,1.7045875787734985,2.345061779022217,-2.352241277694702,-1.922366738319397,0.11094347387552261,0.06284802407026291,0.01914156787097454,-0.05616278573870659,0.3638920783996582,0.002990167587995529,-0.032390251755714417,0.14410282671451569,-0.31924939155578613,0.16155767440795898,-0.36930105090141296,-0.311785489320755,0.710197389125824,0.5720199346542358
3.541,0.047274090349674225,0.015148062258958817,-0.09082192927598953,-0.10669807344675064,0.20859941840171814,-0.008373502641916275,-0.06319204717874527,0.12497581541538239,-0.9901453256607056,0.20000000298023224,0.0,0.0,0.0,0.4862956404685974,-0.22562921047210693,-0.09042845666408539,0.4254903495311737,0.6157171726226807,-0.010933507233858109,0.19589297473430634,-1.2990167140960693,-0.8220072388648987,-0.006969601381570101,1.6968775987625122,2.3386459350585938,-2.3383076190948486,-1.9111851453781128,0.08736779540777206,0.0420546680688858,0.029252473264932632,-0.0648932009935379,0.3438568413257599,-0.011952823027968407,-0.060475848615169525,0.14381170272827148,-0.34451624751091003,0.16022983193397522,-0.39155182242393494,-0.33870452642440796,0.6938208937644958,0.5591651797294617,-0.17565199732780457,0.03349022567272186,0.17248976230621338,0.7391729950904846,-0.10553310811519623,-1.1390491724014282,1.865046739578247,-1.1864161491394043,0.7908331155776978,2.3065426349639893,-0.01022547297179699,0.6894235610961914,-1.0621469020843506,-0.051339611411094666,2.4809999465942383,-0.18221545219421387,0.005549164488911629,0.1831674575805664,0.7331972122192383,-0.10352680832147598,-1.13392174243927,1.8742984533309937,-1.1793662309646606,0.7751488089561462,2.320136308670044,-0.009894132614135742,0.6508650779724121,-1.0503767728805542,-0.02757074683904648,-0.08482391387224197,0.02854018658399582,0.07924411445856094,0.37085556983947754,0.358226478099823,-0.16198623180389404,0.23499122262001038,-1.2910250425338745,-0.8668578863143921,-0.12310872226953506,1.6737489700317383,2.0404911041259766,-2.2609734535217285,-1.759883165359497,0.4862956404685974,-0.22562921047210693,-0.09042845666408539,0.4254903495311737,0.6157171726226807,-0.010933507233858109,0.19589297473430634,-1.2990167140960693,-0.8220072388648987,-0.006969601381570101,1.6968775987625122,2.3386459350585938,-2.3383076190948486,-1.9111851453781128,0.08736779540777206,0.0420546680688858,0.029252473264932632,-0.0648932009935379,0.3438568413257599,-0.011952823027968407,-0.060475848615169525,0.14381170272827148,-0.34451624751091003,0.16022983193397522,-0.39155182242393494,-0.33870452642440796,0.6938208937644958,0.5591651797294617
3.561,0.047274090349674225,0.015148062258958817,-0.09082192927598953,-0.08882280439138412,0.21531140804290771,0.0030306463595479727,-0.059100277721881866,0.1268005073070526,-0.9901660680770874,0.20000000298023224,0.0,0.0,0.0,0.4876745641231537,-0.22509761154651642,-0.09003689885139465,0.4239976406097412,0.6222587823867798,-0.011080575175583363,0.19486768543720245,-1.2959904670715332,-0.8285841941833496,-0.004052628297358751,1.68883216381073,2.33194899559021,-2.324923276901245,-1.9006931781768799,0.05445190891623497,0.013379205018281937,0.02300085499882698,-0.07807495445013046,0.3158097267150879,-0.033956803381443024,-0.0800476148724556,0.11985217779874802,-0.3521541655063629,0.1735142171382904,-0.3989424705505371,-0.331704705953598,0.6606888175010681,0.5379734039306641,-0.18221545219421387,0.005549164488911629,0.1831674575805664,0.7331972122192383,-0.10352680832147598,-1.13392174243927,1.8742984533309937,-1.1793662309646606,0.7751488089561462,2.320136308670044,-0.009894132614135742,0.6508650779724121,-1.0503767728805542,-0.02757074683904648,2.4609999656677246,-0.18912136554718018,-0.009412940591573715,0.1909288465976715,0.7320619225502014,-0.10561949759721756,-1.1290504932403564,1.8711588382720947,-1.1790319681167603,0.7588260173797607,2.3282711505889893,-0.011588682420551777,0.6214693784713745,-1.0391849279403687,-0.010516786947846413,-0.08774494379758835,0.0185661893337965,0.08411020785570145,0.36940819025039673,0.3579756021499634,-0.15968793630599976,0.23573769629001617,-1.2900023460388184,-0.8744566440582275,-0.11841543763875961,1.6726861000061035,2.0243642330169678,-2.255129337310791,-1.750065803527832,0.48815810680389404,-0.22500964999198914,-0.08985907584428787,0.42316368222236633,0.6253628730773926,-0.011258246377110481,0.19423888623714447,-1.2945361137390137,-0.8319759368896484,-0.002597539685666561,1.6847119331359863,2.328542709350586,-2.3184704780578613,-1.8956297636032104,0.04173082113265991,0.004393783397972584,0.011239205487072468,-0.08570490032434464,0.29692625999450684,-0.0049448260106146336,-0.04888780415058136,0.16220885515213013,-0.3141905665397644,0.12361893057823181,-0.4138755202293396,-0.3343532383441925,0.6261103749275208,0.4649427831172943
3.581,0.0235627219080925,0.009563550353050232,-0.08619175106287003,-0.06717603653669357,0.2073489874601364,0.010685433633625507,-0.05503217503428459,0.12824250757694244,-0.9902147650718689,0.20000000298023224,0.0,0.0,0.0,0.48849910497665405,-0.225056990981102,-0.08970149606466293,0.42225855588912964,0.6284348368644714,-0.011525070294737816,0.19348075985908508,-1.2932202816009521,-0.8355410695075989,-0.001090887119062245,1.6806392669677734,2.3251473903656006,-2.3121256828308105,-1.8905402421951294,0.03002181649208069,-0.008334984071552753,0.02209002897143364,-0.0854240357875824,0.30178844928741455,-0.04760885238647461,-0.10730773210525513,0.10286007076501846,-0.3807367980480194,0.17293472588062286,-0.38973480463027954,-0.32638952136039734,0.6339852213859558,0.5102280378341675,-0.18912136554718018,-0.009412940591573715,0.1909288465976715,0.7320619225502014,-0.10561949759721756,-1.1290504932403564,1.8711588382720947,-1.1790319681167603,0.7588260173797607,2.3282711505889893,-0.011588682420551777,0.6214693784713745,-1.0391849279403687,-0.010516786947846413,2.440999984741211,-0.19711215794086456,-0.033639319241046906,0.20492832362651825,0.7276931405067444,-0.10306224226951599,-1.1228935718536377,1.8803807497024536,-1.172614336013794,0.7448415756225586,2.3413894176483154,-0.011819557286798954,0.5838660001754761,-1.0247126817703247,0.012751705013215542,-0.09098828583955765,0.007950434461236,0.08961639553308487,0.3677397072315216,0.3581835627555847,-0.1571555882692337,0.2376435101032257,-1.2883237600326538,-0.881873369216919,-0.11316239833831787,1.6719073057174683,2.007434844970703,-2.2488675117492676,-1.7397032976150513,0.48849910497665405,-0.225056990981102,-0.08970149606466293,0.42225855588912964,0.6284348368644714,-0.011525070294737816,0.19348075985908508,-1.2932202816009521,-0.8355410695075989,-0.001090887119062245,1.6806392669677734,2.3251473903656006,-2.3121256828308105,-1.8905402421951294,0.03002181649208069,-0.008334984071552753,0.02209002897143364,-0.0854240357875824,0.30178844928741455,-0.04760885238647461,-0.10730773210525513,0.10286007076501846,-0.3807367980480194,0.17293472588062286,-0.38973480463027954,-0.32638952136039734,0.6339852213859558,0.5102280378341675
3.6,0.0235627219080925,0.009563550353050232,-0.08619175106287003,-0.054784465581178665,0.2067134976387024,0.01759869046509266,-0.05090174078941345,0.12942391633987427,-0.9902819991111755,0.20000000298023224,0.0,0.0,0.0,0.4889076352119446,-0.2253967672586441,-0.08928010612726212,0.4203700125217438,0.6344531178474426,-0.012372767552733421,0.1914200335741043,-1.2909330129623413,-0.8433747291564941,0.0020011302549391985,1.672574758529663,2.318153142929077,-2.2997498512268066,-1.8802919387817383,0.012671297416090965,-0.02389359660446644,0.0274066049605608,-0.09575990587472916,0.29594549536705017,-0.059836581349372864,-0.12832891941070557,0.09552828222513199,-0.42002126574516296,0.1652393788099289,-0.4003925025463104,-0.35849523544311523,0.6119332313537598,0.5246813297271729,-0.19711215794086456,-0.033639319241046906,0.20492832362651825,0.7276931405067444,-0.10306224226951599,-1.1228935718536377,1.8803807497024536,-1.172614336013794,0.7448415756225586,2.3413894176483154,-0.011819557286798954,0.5838660001754761,-1.0247126817703247,0.012751705013215542,2.4210000038146973,-0.20628197491168976,-0.05006453022360802,0.21399828791618347,0.7252775430679321,-0.10661463439464569,-1.1170063018798828,1.87836492061615,-1.1732648611068726,0.7284908890724182,2.3499598503112793,-0.014615832827985287,0.5543848872184753,-1.0112279653549194,0.02996641770005226,-0.09463410079479218,-0.0019443761557340622,0.09483122080564499,0.3662094473838806,0.357796311378479,-0.1544998586177826,0.23867520689964294,-1.2872463464736938,-0.8895177841186523,-0.10819970071315765,1.670942783355713,1.9911621809005737,-2.2424614429473877,-1.7298673391342163,0.4889076352119446,-0.2253967672586441,-0.08928010612726212,0.4203700125217438,0.6344531178474426,-0.012372767552733421,0.1914200335741043,-1.2909330129623413,-0.8433747291564941,0.0020011302549391985,1.672574758529663,2.318153142929077,-2.2997498512268066,-1.8802919387817383,0.012671297416090965,-0.02389359660446644,0.0274066049605608,-0.09575990587472916,0.29594549536705017,-0.059836581349372864,-0.12832891941070557,0.09552828222513199,-0.42002126574516296,0.1652393788099289,-0.4003925025463104,-0.35849523544311523,0.6119332313537598,0.5246813297271729
3.621,0.00021004118025302887,0.0024710693396627903,-0.07863476872444153,-0.04415940120816231,0.20648106932640076,0.023517973721027374,-0.04669948294758797,0.1304216831922531,-0.9903581738471985,0.20000000298023224,0.0,0.0,0.0,0.48901045322418213,-0.22600360214710236,-0.08871925622224808,0.4183722734451294,0.6403458714485168,-0.013480397872626781,0.18878446519374847,-1.2888976335525513,-0.8520808815956116,0.004920711740851402,1.6644890308380127,2.3107376098632812,-2.28777813911438,-1.870011568069458,-0.0015803680289536715,-0.03583758324384689,0.03117961622774601,-0.10266771167516708,0.2901032567024231,-0.06631861627101898,-0.1496739536523819,0.09654171764850616,-0.4563255310058594,0.14617355167865753,-0.4062911570072174,-0.3836558163166046,0.5927139520645142,0.5119417905807495,-0.20628197491168976,-0.05006453022360802,0.21399828791618347,0.7252775430679321,-0.10661463439464569,-1.1170063018798828,1.87836492061615,-1.1732648611068726,0.7284908890724182,2.3499598503112793,-0.014615832827985287,0.5543848872184753,-1.0112279653549194,0.02996641770005226,2.4010000228881836,-0.21499039232730865,-0.07637210935354233,0.22784385085105896,0.7197132706642151,-0.10529420524835587,-1.1085550785064697,1.8883401155471802,-1.1676713228225708,0.714856743812561,2.3622090816497803,-0.012091109529137611,0.5157759785652161,-0.9975221753120422,0.05356315150856972,-0.09849242866039276,-0.012816880829632282,0.10055843740701675,0.3643036186695099,0.35772326588630676,-0.15137316286563873,0.2408936619758606,-1.2856531143188477,-0.8969138860702515,-0.10288842767477036,1.6706463098526,1.9739799499511719,-2.2359213829040527,-1.71944260597229,0.48901045322418213,-0.22600360214710236,-0.08871925622224808,0.4183722734451294,0.6403458714485168,-0.013480397872626781,0.18878446519374847,-1.2888976335525513,-0.8520808815956116,0.004920711740851402,1.6644890308380127,2.3107376098632812,-2.28777813911438,-1.870011568069458,-0.0015803680289536715,-0.03583758324384689,0.03117961622774601,-0.10266771167516708,0.2901032567024231,-0.06631861627101898,-0.1496739536523819,0.09654171764850616,-0.4563255310058594,0.14617355167865753,-0.4062911570072174,-0.3836558163166046,0.5927139520645142,0.5119417905807495
3.641,0.00021004118025302887,0.0024710693396627903,-0.07863476872444153,-0.031593263149261475,0.20205192267894745,0.026979809626936913,-0.042626820504665375,0.13114288449287415,-0.9904466271400452,0.20000000298023224,0.0,0.0,0.0,0.4887676537036896,-0.22685877978801727,-0.0882788598537445,0.41621941328048706,0.6457330584526062,-0.01461080927401781,0.1860668957233429,-1.286766767501831,-0.8606234788894653,0.00735904136672616,1.656376600265503,2.303123950958252,-2.2765326499938965,-1.8604609966278076,-0.021741626784205437,-0.050294023007154465,0.023218706250190735,-0.10861131548881531,0.2555333375930786,-0.07524867355823517,-0.16315817832946777,0.07120894640684128,-0.4383470416069031,0.13573729991912842,-0.38944944739341736,-0.3729279637336731,0.553404688835144,0.49640610814094543,-0.21499039232730865,-0.07637210935354233,0.22784385085105896,0.7197132706642151,-0.10529420524835587,-1.1085550785064697,1.8883401155471802,-1.1676713228225708,0.714856743812561,2.3622090816497803,-0.012091109529137611,0.5157759785652161,-0.9975221753120422,0.05356315150856972,2.38100004196167,-0.22649957239627838,-0.09217532724142075,0.23774395883083344,0.7170431017875671,-0.10716515779495239,-1.1020405292510986,1.8859072923660278,-1.167362928390503,0.6990157961845398,2.370375633239746,-0.011661602184176445,0.4856640696525574,-0.9859891533851624,0.07072831690311432,-0.10291963815689087,-0.022798117250204086,0.10605250298976898,0.36256900429725647,0.3573915362358093,-0.14820729196071625,0.2420816719532013,-1.2844916582107544,-0.9044673442840576,-0.09794555604457855,1.6705031394958496,1.9574356079101562,-2.2296133041381836,-1.7095706462860107,0.48854413628578186,-0.2273525595664978,-0.08809103816747665,0.41510799527168274,0.6482428312301636,-0.015205002389848232,0.184637188911438,-1.2857614755630493,-0.8648581504821777,0.008421538397669792,1.6523741483688354,2.2992732524871826,-2.2711780071258545,-1.855841875076294,-0.024846209213137627,-0.049503911286592484,0.012570032849907875,-0.11161480844020844,0.23797298967838287,-0.046871621161699295,-0.1266411393880844,0.1195339560508728,-0.39646103978157043,0.08316174894571304,-0.4005177319049835,-0.38082000613212585,0.5145314931869507,0.4189338684082031
3.66,-0.022045880556106567,-0.004091447684913874,-0.0714421197772026,-0.026093175634741783,0.1980832815170288,0.02967996522784233,-0.03862770274281502,0.13169564306735992,-0.9905372858047485,0.20000000298023224,0.0,0.0,0.0,0.48825380206108093,-0.22790871560573578,-0.08789904415607452,0.41396763920783997,0.6507368087768555,-0.015908008441329002,0.18302595615386963,-1.2849977016448975,-0.8692775964736938,0.009534934535622597,1.6485264301300049,2.2954277992248535,-2.2658944129943848,-1.8510043621063232,-0.030721081420779228,-0.05604344606399536,0.02372381091117859,-0.11033900082111359,0.24031397700309753,-0.08117849379777908,-0.186064213514328,0.05747684836387634,-0.45058637857437134,0.11772532016038895,-0.36690956354141235,-0.3812776505947113,0.528097927570343,0.49050480127334595,-0.22649957239627838,-0.09217532724142075,0.23774395883083344,0.7170431017875671,-0.10716515779495239,-1.1020405292510986,1.8859072923660278,-1.167362928390503,0.6990157961845398,2.370375633239746,-0.011661602184176445,0.4856640696525574,-0.9859891533851624,0.07072831690311432,2.3610000610351562,-0.23733876645565033,-0.11786650866270065,0.25213319063186646,0.711384654045105,-0.10601919889450073,-1.092585563659668,1.895552158355713,-1.161704659461975,0.6859469413757324,2.3817806243896484,-0.007393286097794771,0.447792112827301,-0.9734554290771484,0.09369867295026779,-0.10764455795288086,-0.03363865613937378,0.11205673217773438,0.36050599813461304,0.35733121633529663,-0.14457294344902039,0.24435999989509583,-1.2828298807144165,-0.9117151498794556,-0.09277480095624924,1.6710431575775146,1.9401737451553345,-2.2233176231384277,-1.6992145776748657,0.48825380206108093,-0.22790871560573578,-0.08789904415607452,0.41396763920783997,0.6507368087768555,-0.015908008441329002,0.18302595615386963,-1.2849977016448975,-0.8692775964736938,0.009534934535622597,1.6485264301300049,2.2954277992248535,-2.2658944129943848,-1.8510043621063232,-0.030721081420779228,-0.05604344606399536,0.02372381091117859,-0.11033900082111359,0.24031397700309753,-0.08117849379777908,-0.186064213514328,0.05747684836387634,-0.45058637857437134,0.11772532016038895,-0.36690956354141235,-0.3812776505947113,0.528097927570343,0.49050480127334595
3.68,-0.022045880556106567,-0.004091447684913874,-0.0714421197772026,-0.022352319210767746,0.1941855251789093,0.0308625977486372,-0.03467579558491707,0.1321333646774292,-0.990625262260437,0.20000000298023224,0.0,0.0,0.0,0.48755890130996704,-0.22907963395118713,-0.0874854326248169,0.41167840361595154,0.6554597616195679,-0.017388256266713142,0.17947694659233093,-1.283613920211792,-0.878257691860199,0.01144418679177761,1.6411094665527344,2.287571430206299,-2.2557036876678467,-1.8414974212646484,-0.03651374205946922,-0.05890364944934845,0.02648552507162094,-0.1122589185833931,0.22801712155342102,-0.08537670969963074,-0.20073352754116058,0.04718999192118645,-0.46350228786468506,0.09574040025472641,-0.35757941007614136,-0.3968662619590759,0.5022621750831604,0.4917951822280884,-0.23733876645565033,-0.11786650866270065,0.25213319063186646,0.711384654045105,-0.10601919889450073,-1.092585563659668,1.895552158355713,-1.161704659461975,0.6859469413757324,2.3817806243896484,-0.007393286097794771,0.447792112827301,-0.9734554290771484,0.09369867295026779,2.3410000801086426,-0.2497432678937912,-0.13418437540531158,0.2633528411388397,0.7086257934570312,-0.11003585159778595,-1.0847676992416382,1.8941611051559448,-1.1622846126556396,0.6713598370552063,2.3889219760894775,-0.006747404113411903,0.4180504083633423,-0.9610205888748169,0.11086191236972809,-0.11281268298625946,-0.043674714863300323,0.11794263869524002,0.35864806175231934,0.35668647289276123,-0.14085620641708374,0.2457461655139923,-1.281753659248352,-0.9189766645431519,-0.08808406442403793,1.671518087387085,1.9236292839050293,-2.217045307159424,-1.6893908977508545,0.48755890130996704,-0.22907963395118713,-0.0874854326248169,0.41167840361595154,0.6554597616195679,-0.017388256266713142,0.17947694659233093,-1.283613920211792,-0.878257691860199,0.01144418679177761,1.6411094665527344,2.287571430206299,-2.2557036876678467,-1.8414974212646484,-0.03651374205946922,-0.05890364944934845,0.02648552507162094,-0.1122589185833931,0.22801712155342102,-0.08537670969963074,-0.20073352754116058,0.04718999192118645,-0.46350228786468506,0.09574040025472641,-0.35757941007614136,-0.3968662619590759,0.5022621750831604,0.4917951822280884
3.7,-0.042953215539455414,-0.010537977330386639,-0.06400298327207565,-0.02218518778681755,0.19034908711910248,0.031065450981259346,-0.030768437311053276,0.13256843388080597,-0.9906961917877197,0.20000000298023224,0.0,0.0,0.0,0.4868220388889313,-0.23023191094398499,-0.08699224889278412,0.4094218313694,0.6599083542823792,-0.019000709056854248,0.17555846273899078,-1.2824652194976807,-0.8874874114990234,0.01294906809926033,1.6340224742889404,2.2794201374053955,-2.2460317611694336,-1.8320075273513794,-0.03675571084022522,-0.05614745616912842,0.029886409640312195,-0.11024261265993118,0.215762197971344,-0.08734926581382751,-0.21664151549339294,0.04508403316140175,-0.4743145704269409,0.06884864717721939,-0.34138229489326477,-0.4160677194595337,0.47746628522872925,0.48372557759284973,-0.2497432678937912,-0.13418437540531158,0.2633528411388397,0.7086257934570312,-0.11003585159778595,-1.0847676992416382,1.8941611051559448,-1.1622846126556396,0.6713598370552063,2.3889219760894775,-0.006747404113411903,0.4180504083633423,-0.9610205888748169,0.11086191236972809,2.321000099182129,-0.26131510734558105,-0.15954110026359558,0.27863937616348267,0.7037501335144043,-0.10975715517997742,-1.0748258829116821,1.9038398265838623,-1.1567611694335938,0.6596099138259888,2.3988871574401855,-0.0013705138117074966,0.38033613562583923,-0.9478825330734253,0.1339280903339386,-0.11816614121198654,-0.05450346693396568,0.1243557557463646,0.35661613941192627,0.3562769591808319,-0.13676322996616364,0.24816828966140747,-1.2801717519760132,-0.9258221983909607,-0.08330577611923218,1.6726571321487427,1.906390905380249,-2.210684299468994,-1.6790543794631958,0.4868220388889313,-0.23023191094398499,-0.08699224889278412,0.4094218313694,0.6599083542823792,-0.019000709056854248,0.17555846273899078,-1.2824652194976807,-0.8874874114990234,0.01294906809926033,1.6340224742889404,2.2794201374053955,-2.2460317611694336,-1.8320075273513794,-0.03675571084022522,-0.05614745616912842,0.029886409640312195,-0.11024261265993118,0.215762197971344,-0.08734926581382751,-0.21664151549339294,0.04508403316140175,-0.4743145704269409,0.06884864717721939,-0.34138229489326477,-0.4160677194595337,0.47746628522872925,0.48372557759284973
3.721,-0.042953215539455414,-0.010537977330386639,-0.06400298327207565,-0.022119229659438133,0.18571297824382782,0.029797451570630074,-0.026926254853606224,0.13298867642879486,-0.9907517433166504,0.20000000298023224,0.0,0.0,0.0,0.4860551357269287,-0.23134323954582214,-0.08641322702169418,0.4072006046772003,0.6640108227729797,-0.02070622704923153,0.1713017374277115,-1.28154456615448,-0.896786630153656,0.01399631891399622,1.6272573471069336,2.2709848880767822,-2.2367827892303467,-1.822507381439209,-0.03704884648323059,-0.0527724027633667,0.03653465211391449,-0.10857365280389786,0.19847166538238525,-0.0890275090932846,-0.22363907098770142,0.04083055257797241,-0.4722265303134918,0.042121123522520065,-0.3342861235141754,-0.4306170344352722,0.46175405383110046,0.4748861789703369,-0.26131510734558105,-0.15954110026359558,0.27863937616348267,0.7037501335144043,-0.10975715517997742,-1.0748258829116821,1.9038398265838623,-1.1567611694335938,0.6596099138259888,2.3988871574401855,-0.0013705138117074966,0.38033613562583923,-0.9478825330734253,0.1339280903339386,2.3010001182556152,-0.27478039264678955,-0.17531384527683258,0.29190218448638916,0.7016095519065857,-0.1138874739408493,-1.0665006637573242,1.9030393362045288,-1.1565183401107788,0.646709680557251,2.404858350753784,0.00045022182166576385,0.3505059480667114,-0.9344640374183655,0.15142935514450073,-0.12393335998058319,-0.0644495040178299,0.13083435595035553,0.3548727333545685,0.35537075996398926,-0.13264936208724976,0.24974370002746582,-1.2790279388427734,-0.9325491189956665,-0.07906529307365417,1.6737275123596191,1.8898495435714722,-2.204218626022339,-1.6691936254501343,0.4860551357269287,-0.23134323954582214,-0.08641322702169418,0.4072006046772003,0.6640108227729797,-0.02070622704923153,0.1713017374277115,-1.28154456615448,-0.896786630153656,0.01399631891399622,1.6272573471069336,2.2709848880767822,-2.2367827892303467,-1.822507381439209,-0.03704884648323059,-0.0527724027633667,0.03653465211391449,-0.10857365280389786,0.19847166538238525,-0.0890275090932846,-0.22363907098770142,0.04083055257797241,-0.4722265303134918,0.042121123522520065,-0.3342861235141754,-0.4306170344352722,0.46175405383110046,0.4748861789703369
3.741,-0.06345515698194504,-0.017373599112033844,-0.05852820351719856,-0.02417193166911602,0.1735142022371292,0.027893878519535065,-0.023298678919672966,0.13344606757164001,-0.9907822012901306,0.20000000298023224,0.0,0.0,0.0,0.4853544235229492,-0.23229803144931793,-0.08527017384767532,0.40509098768234253,0.6676268577575684,-0.022308001294732094,0.1671474426984787,-1.2804579734802246,-0.9056488871574402,0.014336111024022102,1.620473027229309,2.2623679637908936,-2.2274742126464844,-1.8137212991714478,-0.03748341649770737,-0.048215579241514206,0.08748452365398407,-0.10182945430278778,0.16838543117046356,-0.0887187197804451,-0.2295709103345871,0.01459403708577156,-0.4430680274963379,0.01846241019666195,-0.3261157274246216,-0.4121476411819458,0.5039981007575989,0.463096559047699,-0.27478039264678955,-0.17531384527683258,0.29190218448638916,0.7016095519065857,-0.1138874739408493,-1.0665006637573242,1.9030393362045288,-1.1565183401107788,0.646709680557251,2.404858350753784,0.00045022182166576385,0.3505059480667114,-0.9344640374183655,0.15142935514450073,2.2809998989105225,-0.28816407918930054,-0.19878382980823517,0.313122034072876,0.6971150636672974,-0.11175522208213806,-1.0535621643066406,1.9127235412597656,-1.1473487615585327,0.6379169821739197,2.413715124130249,0.0024633612483739853,0.31381896138191223,-0.9147869348526001,0.17544540762901306,-0.1299779713153839,-0.07493222504854202,0.13855235278606415,0.3529781699180603,0.3550562262535095,-0.12782888114452362,0.25229912996292114,-1.2768518924713135,-0.9385768175125122,-0.07476843893527985,1.6747788190841675,1.8727675676345825,-2.1967411041259766,-1.6586887836456299,0.48505643010139465,-0.23269261419773102,-0.08365476876497269,0.4041244387626648,0.6692491173744202,-0.02306564338505268,0.1651313155889511,-1.2800272703170776,-0.9098666310310364,0.01429037470370531,1.6167839765548706,2.2581863403320312,-2.221681833267212,-1.8094998598098755,-0.024743903428316116,-0.032788701355457306,0.23780062794685364,-0.0904664620757103,0.15130673348903656,-0.06460727751255035,-0.17837592959403992,0.059338074177503586,-0.39355021715164185,-0.022735729813575745,-0.40469488501548767,-0.40559694170951843,0.6086093187332153,0.37451499700546265
3.761,-0.06345515698194504,-0.017373599112033844,-0.05852820351719856,-0.028209036216139793,0.14488419890403748,0.023616047576069832,-0.020174125209450722,0.13394349813461304,-0.9907835721969604,0.20000000298023224,0.0,0.0,0.0,0.48478156328201294,-0.23305806517601013,-0.07975750416517258,0.40323615074157715,0.6707746386528015,-0.023661717772483826,0.16327343881130219,-1.2796777486801147,-0.9138314127922058,0.014022714458405972,1.6122134923934937,2.254349946975708,-2.2147977352142334,-1.8055833578109741,-0.0326337069272995,-0.03999604657292366,0.40293025970458984,-0.08193418383598328,0.14164869487285614,-0.0794655829668045,-0.20558561384677887,-0.04166398197412491,-0.3973068296909332,-0.0018029545899480581,-0.4326809346675873,-0.3130281865596771,0.9141201376914978,0.4008761942386627,-0.28816407918930054,-0.19878382980823517,0.313122034072876,0.6971150636672974,-0.11175522208213806,-1.0535621643066406,1.9127235412597656,-1.1473487615585327,0.6379169821739197,2.413715124130249,0.0024633612483739853,0.31381896138191223,-0.9147869348526001,0.17544540762901306,2.260999917984009,-0.30422550439834595,-0.2054913491010666,0.3521720767021179,0.6983046531677246,-0.10681469738483429,-1.026698350906372,1.9153192043304443,-1.134230613708496,0.6331264972686768,2.416224956512451,-0.023419655859470367,0.2940804064273834,-0.8634137511253357,0.1956111192703247,-0.13661840558052063,-0.08327625691890717,0.1498124599456787,0.3518304228782654,0.35557717084884644,-0.12042497098445892,0.25447726249694824,-1.2733609676361084,-0.9435148239135742,-0.07138416916131973,1.6716322898864746,1.857849359512329,-2.1838009357452393,-1.6483105421066284,0.48460084199905396,-0.23331955075263977,-0.07335638254880905,0.4024943709373474,0.6722303628921509,-0.02429008297622204,0.1612982153892517,-1.279874324798584,-0.9176883101463318,0.013767496682703495,1.6072416305541992,2.2510738372802734,-2.2088000774383545,-1.8015917539596558,-0.014744238927960396,-0.021778827533125877,0.8264115452766418,-0.07036421447992325,0.13734187185764313,-0.054503872990608215,-0.2032160758972168,-0.008971561677753925,-0.35578927397727966,-0.03598077595233917,-0.5445589423179626,-0.3067050874233246,0.430694043636322,0.35329684615135193
3.7800000000000002,-0.08888089656829834,-0.02369065023958683,-0.06491047143936157,-0.024057891219854355,0.10822571069002151,0.008272971026599407,-0.01771211437880993,0.13446006178855896,-0.9907606840133667,0.20000000298023224,0.0,0.0,0.0,0.48438775539398193,-0.23360051214694977,-0.06442856043577194,0.4017385244369507,0.6736127734184265,-0.02484748885035515,0.1590844988822937,-1.2803106307983398,-0.9213635325431824,0.013352510519325733,1.6013989448547363,2.248067617416382,-2.199451208114624,-1.7975826263427734,-0.02028486132621765,-0.024768110364675522,0.9351917505264282,-0.07151493430137634,0.13020674884319305,-0.04854953661561012,-0.2021949291229248,-0.06277558952569962,-0.3541721701622009,-0.05477374047040939,-0.5706872940063477,-0.27851423621177673,0.889305055141449,0.4013674259185791,-0.30422550439834595,-0.2054913491010666,0.3521720767021179,0.6983046531677246,-0.10681469738483429,-1.026698350906372,1.9153192043304443,-1.134230613708496,0.6331264972686768,2.416224956512451,-0.023419655859470367,0.2940804064273834,-0.8634137511253357,0.1956111192703247,2.240999937057495,-0.3111218214035034,-0.23826760053634644,0.39730143547058105,0.696234405040741,-0.0824824869632721,-0.9905360341072083,1.931789517402649,-1.097610354423523,0.6402540802955627,2.4241278171539307,-0.08216796070337296,0.27099868655204773,-0.7913441061973572,0.2265426516532898,-0.14230115711688995,-0.09403352439403534,0.16446393728256226,0.3507164716720581,0.35959166288375854,-0.10981788486242294,0.2584725320339203,-1.2654242515563965,-0.9459022283554077,-0.06782974302768707,1.6606173515319824,1.8439443111419678,-2.1639323234558105,-1.6364060640335083,0.48438775539398193,-0.23360051214694977,-0.06442856043577194,0.4017385244369507,0.6736127734184265,-0.02484748885035515,0.1590844988822937,-1.2803106307983398,-0.9213635325431824,0.013352510519325733,1.6013989448547363,2.248067617416382,-2.199451208114624,-1.7975826263427734,-0.02028486132621765,-0.024768110364675522,0.9351917505264282,-0.07151493430137634,0.13020674884319305,-0.04854953661561012,-0.2021949291229248,-0.06277558952569962,-0.3541721701622009,-0.05477374047040939,-0.5706872940063477,-0.27851423621177673,0.889305055141449,0.4013674259185791
3.802,-0.08888089656829834,-0.02369065023958683,-0.06491047143936157,0.012915203347802162,0.08248230814933777,-0.02126115746796131,-0.01585666462779045,0.1344917118549347,-0.9907878637313843,0.20000000298023224,0.0,0.0,0.0,0.48354223370552063,-0.23440761864185333,-0.04173833131790161,0.39978399872779846,0.6758437156677246,-0.02560519613325596,0.15559932589530945,-1.2813968658447266,-0.9272925853729248,0.011683467775583267,1.5880966186523438,2.242847442626953,-2.181532621383667,-1.790481448173523,-0.05632644146680832,-0.04824579507112503,1.219487190246582,-0.11706409603357315,0.09997368603944778,-0.03047197312116623,-0.12013676017522812,-0.05409570783376694,-0.261564165353775,-0.11080759018659592,-0.7101916670799255,-0.25197362899780273,0.8652790188789368,0.3302372992038727,-0.3111218214035034,-0.23826760053634644,0.39730143547058105,0.696234405040741,-0.0824824869632721,-0.9905360341072083,1.931789517402649,-1.097610354423523,0.6402540802955627,2.4241278171539307,-0.08216796070337296,0.27099868655204773,-0.7913441061973572,0.2265426516532898,2.2200000286102295,-0.32490718364715576,-0.2564046382904053,0.42984187602996826,0.7043640613555908,-0.0615694485604763,-0.9696266055107117,1.9388139247894287,-1.0639088153839111,0.6445178985595703,2.4393930435180664,-0.13686560094356537,0.2546561062335968,-0.7228673100471497,0.24930396676063538,-0.1483468860387802,-0.10428416728973389,0.1796010434627533,0.3511561453342438,0.36553874611854553,-0.09925651550292969,0.26232287287712097,-1.254813313484192,-0.9469338655471802,-0.06305186450481415,1.6447021961212158,1.8317594528198242,-2.1397528648376465,-1.6246585845947266,0.4827737510204315,-0.235042542219162,-0.02885334938764572,0.3983588218688965,0.6766829490661621,-0.02606092393398285,0.1544124037027359,-1.2818760871887207,-0.9294067025184631,0.010720142163336277,1.5814627408981323,2.240515947341919,-2.1764402389526367,-1.787693977355957,-0.09635919332504272,-0.07839494198560715,1.3361247777938843,-0.1647598296403885,0.0690227672457695,-0.06217310577630997,-0.1238638237118721,-0.04418878257274628,-0.16644589602947235,-0.07447198033332825,-0.6264500617980957,-0.21173813939094543,0.33660224080085754,0.23129594326019287
3.82,-0.11852847784757614,-0.015453807078301907,-0.07607697695493698,0.04677540063858032,0.06588681787252426,-0.05200084671378136,-0.014565213583409786,0.1337614357471466,-0.9909065365791321,0.20000000298023224,0.0,0.0,0.0,0.4817197322845459,-0.2358907163143158,-0.014200020581483841,0.3965854346752167,0.6773377656936646,-0.02657349780201912,0.15349389612674713,-1.2822951078414917,-0.9309978485107422,0.009705768898129463,1.5726064443588257,2.2382266521453857,-2.163878917694092,-1.7851881980895996,-0.11118128895759583,-0.08640367537736893,1.5230662822723389,-0.1853829026222229,0.05689674988389015,-0.04650997743010521,-0.041101809591054916,-0.04543670266866684,-0.13781143724918365,-0.11994197964668274,-0.9735329747200012,-0.21832764148712158,1.2572811841964722,0.23091043531894684,-0.32490718364715576,-0.2564046382904053,0.42984187602996826,0.7043640613555908,-0.0615694485604763,-0.9696266055107117,1.9388139247894287,-1.0639088153839111,0.6445178985595703,2.4393930435180664,-0.13686560094356537,0.2546561062335968,-0.7228673100471497,0.24930396676063538,2.2009999752044678,-0.3365691304206848,-0.26487430930137634,0.4919596314430237,0.7180453538894653,-0.032039716839790344,-0.9352294206619263,1.9610332250595093,-1.0220774412155151,0.6712906360626221,2.4591476917266846,-0.2035187929868698,0.22343003749847412,-0.6275678277015686,0.28166070580482483,-0.15432819724082947,-0.11273007094860077,0.19951467216014862,0.3535161018371582,0.37413114309310913,-0.08670397847890854,0.2683510184288025,-1.241110920906067,-0.9436401128768921,-0.056744154542684555,1.6235636472702026,1.8185460567474365,-2.108532190322876,-1.6115819215774536,0.48032867908477783,-0.23698078095912933,0.0007865777588449419,0.39433208107948303,0.6778720617294312,-0.027295099571347237,0.15316912531852722,-1.2827608585357666,-0.9320237636566162,0.00877300277352333,1.5641709566116333,2.2361204624176025,-2.1568281650543213,-1.7831125259399414,-0.16422313451766968,-0.12887944281101227,1.4788007736206055,-0.2570958435535431,0.04410741850733757,-0.09451806545257568,-0.037233930081129074,-0.046063534915447235,-0.06491737067699432,-0.06785816699266434,-0.7521811723709106,-0.1951223611831665,0.4516085684299469,0.1696830689907074
3.84,-0.11852847784757614,-0.015453807078301907,-0.07607697695493698,0.09367387741804123,0.044327184557914734,-0.10961625725030899,-0.013756673783063889,0.13224442303180695,-0.9911216497421265,0.20000000298023224,0.0,0.0,0.0,0.47872254252433777,-0.23820093274116516,0.017504964023828506,0.3917143642902374,0.6782593727111816,-0.028027459979057312,0.15342919528484344,-1.2829899787902832,-0.9324470162391663,0.007655529771000147,1.5530118942260742,2.2338993549346924,-2.1429567337036133,-1.7814031839370728,-0.16478827595710754,-0.12166819721460342,1.7502495050430298,-0.27285680174827576,0.03465433791279793,-0.06088203191757202,0.09010330587625504,-0.027254603803157806,-0.018617603927850723,-0.14815160632133484,-1.2618571519851685,-0.21069486439228058,1.447770118713379,0.1508456915616989,-0.3365691304206848,-0.26487430930137634,0.4919596314430237,0.7180453538894653,-0.032039716839790344,-0.9352294206619263,1.9610332250595093,-1.0220774412155151,0.6712906360626221,2.4591476917266846,-0.2035187929868698,0.22343003749847412,-0.6275678277015686,0.28166070580482483,2.180999994277954,-0.3543725609779358,-0.27685707807540894,0.5295055508613586,0.7401458621025085,-0.005773644894361496,-0.9109717011451721,1.9704426527023315,-0.9776051640510559,0.6839959621429443,2.482907295227051,-0.27759310603141785,0.20503033697605133,-0.536353349685669,0.30607032775878906,-0.161185622215271,-0.12043961882591248,0.21908611059188843,0.3584831655025482,0.3840857446193695,-0.07427854090929031,0.27398210763931274,-1.2248483896255493,-0.9394286870956421,-0.04876481741666794,1.5976555347442627,1.8065369129180908,-2.072995662689209,-1.598766803741455,0.47872254252433777,-0.23820093274116516,0.017504964023828506,0.3917143642902374,0.6782593727111816,-0.028027459979057312,0.15342919528484344,-1.2829899787902832,-0.9324470162391663,0.007655529771000147,1.5530118942260742,2.2338993549346924,-2.1429567337036133,-1.7814031839370728,-0.16478827595710754,-0.12166819721460342,1.7502495050430298,-0.27285680174827576,0.03465433791279793,-0.06088203191757202,0.09010330587625504,-0.027254603803157806,-0.018617603927850723,-0.14815160632133484,-1.2618571519851685,-0.21069486439228058,1.447770118713379,0.1508456915616989
3.86,-0.1429961770772934,0.013631608337163925,-0.08380798250436783,0.10130313783884048,0.04676636680960655,-0.14988020062446594,-0.013409733772277832,0.13074125349521637,-0.991325855255127,0.20000000298023224,0.0,0.0,0.0,0.47473374009132385,-0.24113617837429047,0.05220853537321091,0.38504883646965027,0.6788747906684875,-0.029976315796375275,0.15611444413661957,-1.2835386991500854,-0.931690514087677,0.005289048422127962,1.528176188468933,2.22946834564209,-2.115809202194214,-1.7784701585769653,-0.2149992287158966,-0.15419743955135345,1.764155626296997,-0.3759738802909851,0.03576527535915375,-0.11956662684679031,0.21761144697666168,-0.008105066604912281,0.06825650483369827,-0.12438144534826279,-1.3743162155151367,-0.24378244578838348,1.4407868385314941,0.1074361801147461,-0.3543725609779358,-0.27685707807540894,0.5295055508613586,0.7401458621025085,-0.005773644894361496,-0.9109717011451721,1.9704426527023315,-0.9776051640510559,0.6839959621429443,2.482907295227051,-0.27759310603141785,0.20503033697605133,-0.536353349685669,0.30607032775878906,2.1610000133514404,-0.36037957668304443,-0.27225834131240845,0.5807637572288513,0.7690896987915039,0.020375516265630722,-0.883514940738678,1.996157169342041,-0.9440739750862122,0.7185171842575073,2.500725746154785,-0.3516654670238495,0.17927266657352448,-0.44937995076179504,0.33034175634384155,-0.16688686609268188,-0.12514647841453552,0.2404748499393463,0.36630165576934814,0.39497634768486023,-0.061462219804525375,0.28178104758262634,-1.2084349393844604,-0.9313024878501892,-0.040506511926651,1.5684090852737427,1.794266700744629,-2.035073757171631,-1.5861554145812988,0.47473374009132385,-0.24113617837429047,0.05220853537321091,0.38504883646965027,0.6788747906684875,-0.029976315796375275,0.15611444413661957,-1.2835386991500854,-0.931690514087677,0.005289048422127962,1.528176188468933,2.22946834564209,-2.115809202194214,-1.7784701585769653,-0.2149992287158966,-0.15419743955135345,1.764155626296997,-0.3759738802909851,0.03576527535915375,-0.11956662684679031,0.21761144697666168,-0.008105066604912281,0.06825650483369827,-0.12438144534826279,-1.3743162155151367,-0.24378244578838348,1.4407868385314941,0.1074361801147461
3.882,-0.1429961770772934,0.013631608337163925,-0.08380798250436783,0.11956532299518585,0.03486895188689232,-0.260819673538208,-0.01306640263646841,0.12728628516197205,-0.9917799234390259,0.20000000298023224,0.0,0.0,0.0,0.46998363733291626,-0.24447108805179596,0.08561278134584427,0.37643900513648987,0.6796454787254333,-0.03317360579967499,0.16077035665512085,-1.2834841012954712,-0.929328203201294,0.003390419064089656,1.503381609916687,2.2241268157958984,-2.0879507064819336,-1.7765592336654663,-0.23029352724552155,-0.1507558971643448,1.6945286989212036,-0.459012508392334,0.0489562451839447,-0.15741167962551117,0.35663968324661255,0.029945094138383865,0.15406803786754608,-0.1490151286125183,-1.4767346382141113,-0.301879346370697,1.8706262111663818,0.06456496566534042,-0.36037957668304443,-0.27225834131240845,0.5807637572288513,0.7690896987915039,0.020375516265630722,-0.883514940738678,1.996157169342041,-0.9440739750862122,0.7185171842575073,2.500725746154785,-0.3516654670238495,0.17927266657352448,-0.44937995076179504,0.33034175634384155,2.140000104904175,-0.39824557304382324,-0.2777614891529083,0.6090332865715027,0.8104977011680603,0.03470047190785408,-0.8756758570671082,2.007772922515869,-0.9067246317863464,0.7327712178230286,2.5351266860961914,-0.4126743972301483,0.1590283066034317,-0.36493048071861267,0.35075390338897705,-0.17655764520168304,-0.12926675379276276,0.2596873939037323,0.3779858350753784,0.40474849939346313,-0.051314931362867355,0.28898268938064575,-1.1913431882858276,-0.9234760999679565,-0.029565555974841118,1.5387852191925049,1.7826409339904785,-1.9958611726760864,-1.574265718460083,0.4674834609031677,-0.24611034989356995,0.10110582411289215,0.37145134806632996,0.6801230311393738,-0.035144876688718796,0.16417787969112396,-1.2833172082901,-0.9274436831474304,0.0023250719532370567,1.4912490844726562,2.220970630645752,-2.074842929840088,-1.7756370306015015,-0.26694682240486145,-0.17529165744781494,1.4342005252838135,-0.5311343669891357,0.05151335895061493,-0.2234690636396408,0.319769024848938,0.00914764404296875,0.20684510469436646,-0.08483243733644485,-1.0211362838745117,-0.31926071643829346,1.0220184326171875,0.09208127856254578
3.9,-0.16550615429878235,0.06956923753023148,-0.08676265180110931,0.06603527069091797,0.05671847239136696,-0.31944018602371216,-0.012886126525700092,0.12603099644184113,-0.9919425845146179,0.20000000298023224,0.0,0.0,0.0,0.46528029441833496,-0.24737653136253357,0.11666779965162277,0.3663243353366852,0.6807724237442017,-0.03761696815490723,0.1683102548122406,-1.2825983762741089,-0.9253785610198975,0.0016296249814331532,1.4775540828704834,2.216970205307007,-2.055318832397461,-1.7748392820358276,-0.1986525058746338,-0.10335634648799896,1.5637640953063965,-0.5163587331771851,0.08678638935089111,-0.2529422640800476,0.4923751652240753,0.08493927866220474,0.19215725362300873,-0.10499727725982666,-1.5094083547592163,-0.429139643907547,2.0558407306671143,0.06038643419742584,-0.39824557304382324,-0.2777614891529083,0.6090332865715027,0.8104977011680603,0.03470047190785408,-0.8756758570671082,2.007772922515869,-0.9067246317863464,0.7327712178230286,2.5351266860961914,-0.4126743972301483,0.1590283066034317,-0.36493048071861267,0.35075390338897705,2.121000051498413,-0.4073517918586731,-0.24373574554920197,0.667737603187561,0.8570594191551208,0.048726242035627365,-0.8470534682273865,2.0371861457824707,-0.8934789299964905,0.7740375995635986,2.5412039756774902,-0.4782116413116455,0.1421675682067871,-0.28045687079429626,0.36286550760269165,-0.1846931278705597,-0.1270470917224884,0.28194183111190796,0.3931490182876587,0.4136928915977478,-0.03991847485303879,0.2984358072280884,-1.1773920059204102,-0.9118075966835022,-0.02099529467523098,1.5082179307937622,1.7719738483428955,-1.9557414054870605,-1.5641261339187622,0.46528029441833496,-0.24737653136253357,0.11666779965162277,0.3663243353366852,0.6807724237442017,-0.03761696815490723,0.1683102548122406,-1.2825983762741089,-0.9253785610198975,0.0016296249814331532,1.4775540828704834,2.216970205307007,-2.055318832397461,-1.7748392820358276,-0.1986525058746338,-0.10335634648799896,1.5637640953063965,-0.5163587331771851,0.08678638935089111,-0.2529422640800476,0.4923751652240753,0.08493927866220474,0.19215725362300873,-0.10499727725982666,-1.5094083547592163,-0.429139643907547,2.0558407306671143,0.06038643419742584
3.922,-0.16550615429878235,0.06956923753023148,-0.08676265180110931,-0.040782660245895386,0.06659966707229614,-0.42292535305023193,-0.012519902549684048,0.12602175772190094,-0.9919484853744507,0.20000000298023224,0.0,0.0,0.0,0.46207568049430847,-0.2484617829322815,0.1460498869419098,0.3557808995246887,0.6827622652053833,-0.043308015912771225,0.17921987175941467,-1.280396580696106,-0.9206048250198364,-0.0003863546880893409,1.4497061967849731,2.2067995071411133,-2.017467737197876,-1.7726627588272095,-0.09685815125703812,0.015682199969887733,1.449804425239563,-0.5175421833992004,0.12706485390663147,-0.2811097800731659,0.6625102758407593,0.13587574660778046,0.25930389761924744,-0.17784661054611206,-1.486446738243103,-0.5848791003227234,1.9412167072296143,0.13469573855400085,-0.4073517918586731,-0.24373574554920197,0.667737603187561,0.8570594191551208,0.048726242035627365,-0.8470534682273865,2.0371861457824707,-0.8934789299964905,0.7740375995635986,2.5412039756774902,-0.4782116413116455,0.1421675682067871,-0.28045687079429626,0.36286550760269165,2.0999999046325684,-0.4374815821647644,-0.2509588599205017,0.6830161213874817,0.8940446972846985,0.058702368289232254,-0.8378618359565735,2.046555757522583,-0.8698056936264038,0.7943543195724487,2.557342767715454,-0.5353547930717468,0.12538161873817444,-0.21532344818115234,0.3783511519432068,-0.19490742683410645,-0.12657679617404938,0.2998116910457611,0.4093109965324402,0.4214503765106201,-0.030562207102775574,0.306458443403244,-1.164075255393982,-0.9005922079086304,-0.012575292959809303,1.4782493114471436,1.7619889974594116,-1.9178874492645264,-1.5547056198120117,0.46112537384033203,-0.24822355806827545,0.15919794142246246,0.3504042625427246,0.6840659379959106,-0.04653225094079971,0.18542872369289398,-1.279016375541687,-0.917756199836731,-0.00173376954626292,1.4376225471496582,2.200648546218872,-2.0026681423187256,-1.771107792854309,-0.09720475971698761,0.027216438204050064,1.2003928422927856,-0.5580732822418213,0.1406567096710205,-0.3467143774032593,0.5829592347145081,0.13911357522010803,0.29149946570396423,-0.12111122906208038,-1.0024731159210205,-0.6353936791419983,1.2191568613052368,0.16069208085536957
3.942,-0.17838771641254425,0.12239288538694382,-0.08166655898094177,-0.13882607221603394,0.08810827881097794,-0.4942885935306549,-0.012219831347465515,0.1275312751531601,-0.9917593002319336,0.20000000298023224,0.0,0.0,0.0,0.46089494228363037,-0.2471413016319275,0.17247188091278076,0.345255583524704,0.6855266094207764,-0.049972545355558395,0.19229339063167572,-1.2770456075668335,-0.9145721197128296,-0.0032089170999825,1.4241418838500977,2.1934263706207275,-1.9813820123672485,-1.7693400382995605,0.01831778883934021,0.14964444935321808,1.3323553800582886,-0.5032904744148254,0.17475751042366028,-0.3358913064002991,0.7691222429275513,0.2099192887544632,0.304646372795105,-0.2103247344493866,-1.4766708612442017,-0.7583458423614502,2.1959891319274902,0.17469049990177155,-0.4374815821647644,-0.2509588599205017,0.6830161213874817,0.8940446972846985,0.058702368289232254,-0.8378618359565735,2.046555757522583,-0.8698056936264038,0.7943543195724487,2.557342767715454,-0.5353547930717468,0.12538161873817444,-0.21532344818115234,0.3783511519432068,2.0810000896453857,-0.45361459255218506,-0.2128133475780487,0.734920859336853,0.9441542029380798,0.06309615075588226,-0.8151596784591675,2.067328453063965,-0.8680423498153687,0.8298921585083008,2.553375244140625,-0.5917394161224365,0.12019448727369308,-0.1415993720293045,0.3812119960784912,-0.20447738468647003,-0.12052576243877411,0.3201063275337219,0.4281408190727234,0.4275396764278412,-0.020607497543096542,0.3151901960372925,-1.1544890403747559,-0.8874107599258423,-0.00727642048150301,1.4488136768341064,1.7542214393615723,-1.880331039428711,-1.5476821660995483,0.4611135721206665,-0.2455371618270874,0.18436282873153687,0.3400411903858185,0.6872373223304749,-0.053751390427351,0.19949735701084137,-1.2749135494232178,-0.9111713171005249,-0.004923233296722174,1.4123741388320923,2.18542742729187,-1.9654479026794434,-1.7672829627990723,0.02460619807243347,0.1687173992395401,1.0788307189941406,-0.5356785655021667,0.1791582852602005,-0.4065698981285095,0.6762984991073608,0.21974429488182068,0.3502851724624634,-0.14729857444763184,-0.9609777331352234,-0.8255645036697388,1.2750688791275024,0.21095871925354004
3.961,-0.17838771641254425,0.12239288538694382,-0.08166655898094177,-0.26934799551963806,0.10144088417291641,-0.5738064646720886,-0.01177959144115448,0.13152386248111725,-0.9912430047988892,0.20000000298023224,0.0,0.0,0.0,0.46216580271720886,-0.24293829500675201,0.19634895026683807,0.3352133333683014,0.6890276670455933,-0.05747399479150772,0.20706753432750702,-1.2721235752105713,-0.9072576761245728,-0.007130176294595003,1.400075078010559,2.1763525009155273,-1.9450541734695435,-1.7650184631347656,0.1794442981481552,0.3311957120895386,1.2801216840744019,-0.4403233528137207,0.21684378385543823,-0.32752346992492676,0.8718279600143433,0.3100571930408478,0.3738589584827423,-0.33837467432022095,-1.4780189990997314,-0.9495055079460144,2.381037712097168,0.2172771394252777,-0.45361459255218506,-0.2128133475780487,0.734920859336853,0.9441542029380798,0.06309615075588226,-0.8151596784591675,2.067328453063965,-0.8680423498153687,0.8298921585083008,2.553375244140625,-0.5917394161224365,0.12019448727369308,-0.1415993720293045,0.3812119960784912,2.061000108718872,-0.48164522647857666,-0.2080686241388321,0.7494574785232544,0.9744798541069031,0.06970630586147308,-0.8033589720726013,2.071800947189331,-0.853742778301239,0.8486660718917847,2.5613274574279785,-0.6463731527328491,0.10491108894348145,-0.07934340834617615,0.3929578959941864,-0.2153809517621994,-0.11557833105325699,0.33649304509162903,0.4458705484867096,0.4327937364578247,-0.011869093403220177,0.3219732940196991,-1.1456336975097656,-0.8753676414489746,-0.0023743780329823494,1.420013666152954,1.7464916706085205,-1.844703197479248,-1.5410038232803345,0.46216580271720886,-0.24293829500675201,0.19634895026683807,0.3352133333683014,0.6890276670455933,-0.05747399479150772,0.20706753432750702,-1.2721235752105713,-0.9072576761245728,-0.007130176294595003,1.400075078010559,2.1763525009155273,-1.9450541734695435,-1.7650184631347656,0.1794442981481552,0.3311957120895386,1.2801216840744019,-0.4403233528137207,0.21684378385543823,-0.32752346992492676,0.8718279600143433,0.3100571930408478,0.3738589584827423,-0.33837467432022095,-1.4780189990997314,-0.9495055079460144,2.381037712097168,0.2172771394252777
3.98,-0.18426235020160675,0.15677550435066223,-0.09473581612110138,-0.383558064699173,0.11002712696790695,-0.6660611033439636,-0.011360990814864635,0.13823282718658447,-0.9903345704078674,0.20000000298023224,0.0,0.0,0.0,0.46685555577278137,-0.23488986492156982,0.2199472337961197,0.32665857672691345,0.6931085586547852,-0.06495915353298187,0.2242291420698166,-1.265486717224121,-0.8980609178543091,-0.013445005752146244,1.3740569353103638,2.1555042266845703,-1.9042068719863892,-1.7594810724258423,0.3062516152858734,0.4830407500267029,1.1512229442596436,-0.3995361626148224,0.21870435774326324,-0.3818608522415161,0.914177656173706,0.34742271900177,0.5065431594848633,-0.3640526533126831,-1.3337464332580566,-1.1093403100967407,1.9553515911102295,0.31275901198387146,-0.48164522647857666,-0.2080686241388321,0.7494574785232544,0.9744798541069031,0.06970630586147308,-0.8033589720726013,2.071800947189331,-0.853742778301239,0.8486660718917847,2.5613274574279785,-0.6463731527328491,0.10491108894348145,-0.07934340834617615,0.3929578959941864,2.0409998893737793,-0.49693483114242554,-0.19550222158432007,0.7808263301849365,1.013816237449646,0.08105725049972534,-0.7970317006111145,2.080491542816162,-0.8451166152954102,0.874148428440094,2.5598015785217285,-0.7014602422714233,0.09878362715244293,-0.03141714632511139,0.39975687861442566,-0.225306898355484,-0.11023017019033432,0.3526690900325775,0.4641818404197693,0.43817418813705444,-0.004803120158612728,0.32802504301071167,-1.13814115524292,-0.8631150722503662,0.0008281699847429991,1.3915905952453613,1.7401617765426636,-1.812574863433838,-1.5353091955184937,0.46685555577278137,-0.23488986492156982,0.2199472337961197,0.32665857672691345,0.6931085586547852,-0.06495915353298187,0.2242291420698166,-1.265486717224121,-0.8980609178543091,-0.013445005752146244,1.3740569353103638,2.1555042266845703,-1.9042068719863892,-1.7594810724258423,0.3062516152858734,0.4830407500267029,1.1512229442596436,-0.3995361626148224,0.21870435774326324,-0.3818608522415161,0.914177656173706,0.34742271900177,0.5065431594848633,-0.3640526533126831,-1.3337464332580566,-1.1093403100967407,1.9553515911102295,0.31275901198387146
4.001,-0.18426235020160675,0.15677550435066223,-0.09473581612110138,-0.46170881390571594,0.10433002561330795,-0.73796546459198,-0.011229465715587139,0.14679458737373352,-0.9891032576560974,0.20000000298023224,0.0,0.0,0.0,0.4739309847354889,-0.22398641705513,0.24181818962097168,0.3190450668334961,0.6973279118537903,-0.07321306318044662,0.24188296496868134,-1.25834059715271,-0.8863127827644348,-0.02021452598273754,1.3495253324508667,2.13234281539917,-1.8655414581298828,-1.7523949146270752,0.40419939160346985,0.6052821278572083,1.054440975189209,-0.36048898100852966,0.21980126202106476,-0.41601771116256714,0.9007071256637573,0.35177910327911377,0.6425995230674744,-0.373409241437912,-1.2007505893707275,-1.1856391429901123,1.7311468124389648,0.38494592905044556,-0.49693483114242554,-0.19550222158432007,0.7808263301849365,1.013816237449646,0.08105725049972534,-0.7970317006111145,2.080491542816162,-0.8451166152954102,0.874148428440094,2.5598015785217285,-0.7014602422714233,0.09878362715244293,-0.03141714632511139,0.39975687861442566,2.0209999084472656,-0.5202509760856628,-0.20188023149967194,0.7867850065231323,1.0432589054107666,0.08976729214191437,-0.796086311340332,2.0886971950531006,-0.8274255394935608,0.8785278797149658,2.570805788040161,-0.744686484336853,0.08185585588216782,0.006429966539144516,0.41328224539756775,-0.23575247824192047,-0.10744315385818481,0.3648861050605774,0.48141610622406006,0.4432470202445984,0.0002848692238330841,0.33349210023880005,-1.1302425861358643,-0.8538813591003418,0.0047205849550664425,1.3652105331420898,1.7331914901733398,-1.7844078540802002,-1.5292941331863403,0.47783368825912476,-0.21799923479557037,0.25118353962898254,0.3152482211589813,0.6995072960853577,-0.07777690142393112,0.249994695186615,-1.2550160884857178,-0.8795771598815918,-0.023325001820921898,1.3402270078659058,2.120561122894287,-1.8523666858673096,-1.748378038406372,0.3741667568683624,0.5886726379394531,0.8392280340194702,-0.39938977360725403,0.22457824647426605,-0.4794813394546509,0.7387690544128418,0.31467315554618835,0.6844731569290161,-0.27839395403862,-0.7354589104652405,-1.1641194820404053,1.0885652303695679,0.404596745967865
4.022,-0.1954081803560257,0.19156493246555328,-0.10933729261159897,-0.5003083348274231,0.09906501322984695,-0.7902975678443909,-0.0115685248747468,0.1561548262834549,-0.9876648187637329,0.20000000298023224,0.0,0.0,0.0,0.4820998013019562,-0.21153481304645538,0.260676771402359,0.3116571009159088,0.7017644047737122,-0.08243251591920853,0.25807854533195496,-1.2515696287155151,-0.8724101185798645,-0.026341689750552177,1.329520583152771,2.1085469722747803,-1.8333983421325684,-1.7442407608032227,0.4494800567626953,0.6706967353820801,0.9582927823066711,-0.34848883748054504,0.25026044249534607,-0.45667001605033875,0.8447158932685852,0.34124359488487244,0.7063239216804504,-0.33515679836273193,-1.2015222311019897,-1.2010613679885864,2.098284959793091,0.4068314731121063,-0.5202509760856628,-0.20188023149967194,0.7867850065231323,1.0432589054107666,0.08976729214191437,-0.796086311340332,2.0886971950531006,-0.8274255394935608,0.8785278797149658,2.570805788040161,-0.744686484336853,0.08185585588216782,0.006429966539144516,0.41328224539756775,2.0,-0.5393269062042236,-0.17429038882255554,0.8290122151374817,1.08714759349823,0.09442661702632904,-0.7836711406707764,2.102696657180786,-0.8176180720329285,0.8979999423027039,2.5780751705169678,-0.7953497171401978,0.06095435470342636,0.06618571281433105,0.42644423246383667,-0.24592578411102295,-0.10135376453399658,0.3797720968723297,0.500063419342041,0.4474968910217285,0.005708737298846245,0.3394189774990082,-1.1232426166534424,-0.8444969654083252,0.008535683155059814,1.3391449451446533,1.72517728805542,-1.7557275295257568,-1.5231091976165771,0.48640236258506775,-0.20494592189788818,0.26905757188796997,0.30797120928764343,0.704235315322876,-0.08728505671024323,0.26565390825271606,-1.2484139204025269,-0.8650259375572205,-0.029210243374109268,1.3205795288085938,2.096721649169922,-1.8196905851364136,-1.7399898767471313,0.4127471446990967,0.6465981602668762,0.7513998746871948,-0.3855264484882355,0.25487568974494934,-0.5022236108779907,0.6851633787155151,0.29759323596954346,0.7468113899230957,-0.25426164269447327,-0.6933216452598572,-1.1579954624176025,1.0286492109298706,0.42143574357032776
4.04,-0.1954081803560257,0.19156493246555328,-0.10933729261159897,-0.5492088794708252,0.08023130893707275,-0.8357629179954529,-0.012492905370891094,0.1663757562637329,-0.9859833121299744,0.20000000298023224,0.0,0.0,0.0,0.4911515712738037,-0.19780154526233673,0.2780883014202118,0.30464115738868713,0.7068688869476318,-0.09200700372457504,0.2731929421424866,-1.2451595067977905,-0.8573561310768127,-0.03211423382163048,1.3099638223648071,2.0848684310913086,-1.800500750541687,-1.7356846332550049,0.5058761239051819,0.742940366268158,0.9263347387313843,-0.31498149037361145,0.2985125482082367,-0.45087793469429016,0.8000544905662537,0.31648024916648865,0.7420741319656372,-0.3461553752422333,-1.172793984413147,-1.1750749349594116,1.864650011062622,0.4228748679161072,-0.5393269062042236,-0.17429038882255554,0.8290122151374817,1.08714759349823,0.09442661702632904,-0.7836711406707764,2.102696657180786,-0.8176180720329285,0.8979999423027039,2.5780751705169678,-0.7953497171401978,0.06095435470342636,0.06618571281433105,0.42644423246383667,1.9809999465942383,-0.5535736680030823,-0.17863772809505463,0.8382138013839722,1.116658329963684,0.10395607352256775,-0.7787582278251648,2.1114892959594727,-0.7938775420188904,0.8980488181114197,2.5883309841156006,-0.8435426354408264,0.041973769664764404,0.10768444836139679,0.4439563453197479,-0.2551841139793396,-0.09774329513311386,0.3915725350379944,0.5175431370735168,0.45190125703811646,0.010242382064461708,0.3448866903781891,-1.1147814989089966,-0.8379205465316772,0.01274462416768074,1.3136701583862305,1.7167201042175293,-1.729426622390747,-1.5161529779434204,0.4911515712738037,-0.19780154526233673,0.2780883014202118,0.30464115738868713,0.7068688869476318,-0.09200700372457504,0.2731929421424866,-1.2451595067977905,-0.8573561310768127,-0.03211423382163048,1.3099638223648071,2.0848684310913086,-1.800500750541687,-1.7356846332550049,0.5058761239051819,0.742940366268158,0.9263347387313843,-0.31498149037361145,0.2985125482082367,-0.45087793469429016,0.8000544905662537,0.31648024916648865,0.7420741319656372,-0.3461553752422333,-1.172793984413147,-1.1750749349594116,1.864650011062622,0.4228748679161072
4.06,-0.20423215627670288,0.22187747061252594,-0.14525963366031647,-0.5881170630455017,0.06559254229068756,-0.8675076961517334,-0.014031263068318367,0.17748263478279114,-0.984023928642273,0.20000000298023224,0.0,0.0,0.0,0.5012739896774292,-0.18276037275791168,0.2953451871871948,0.29832693934440613,0.713127076625824,-0.10153613239526749,0.2873760759830475,-1.2392123937606812,-0.8420549631118774,-0.03787154704332352,1.289527416229248,2.061873435974121,-1.7687047719955444,-1.7270976305007935,0.5381700396537781,0.7877370715141296,0.8771553635597229,-0.2946281135082245,0.35859695076942444,-0.4722519814968109,0.7215123176574707,0.28768467903137207,0.7379440069198608,-0.2983071804046631,-1.1443991661071777,-1.1328125,1.607290267944336,0.41714808344841003,-0.5535736680030823,-0.17863772809505463,0.8382138013839722,1.116658329963684,0.10395607352256775,-0.7787582278251648,2.1114892959594727,-0.7938775420188904,0.8980488181114197,2.5883309841156006,-0.8435426354408264,0.041973769664764404,0.10768444836139679,0.4439563453197479,1.9609999656677246,-0.5605592727661133,-0.16744378209114075,0.8739952445030212,1.156738519668579,0.11355283856391907,-0.7681474089622498,2.1252975463867188,-0.7763832807540894,0.9191020131111145,2.595600128173828,-0.9070667624473572,0.015123112127184868,0.15570519864559174,0.4647739827632904,-0.2627127766609192,-0.093536876142025,0.4052000641822815,0.5357909798622131,0.456423819065094,0.015007555484771729,0.3507853150367737,-1.1062345504760742,-0.8301591277122498,0.01678125374019146,1.286309003829956,1.7067725658416748,-1.703812837600708,-1.5081610679626465,0.5012739896774292,-0.18276037275791168,0.2953451871871948,0.29832693934440613,0.713127076625824,-0.10153613239526749,0.2873760759830475,-1.2392123937606812,-0.8420549631118774,-0.03787154704332352,1.289527416229248,2.061873435974121,-1.7687047719955444,-1.7270976305007935,0.5381700396537781,0.7877370715141296,0.8771553635597229,-0.2946281135082245,0.35859695076942444,-0.4722519814968109,0.7215123176574707,0.28768467903137207,0.7379440069198608,-0.2983071804046631,-1.1443991661071777,-1.1328125,1.607290267944336,0.41714808344841003
4.081,-0.20423215627670288,0.22187747061252594,-0.14525963366031647,-0.6223372220993042,0.041756268590688705,-0.8979794979095459,-0.016261745244264603,0.1892942488193512,-0.9817857146263123,0.20000000298023224,0.0,0.0,0.0,0.5121309757232666,-0.1667383313179016,0.31230443716049194,0.2925436198711395,0.7207453846931458,-0.11108660697937012,0.3003026247024536,-1.2339143753051758,-0.8269944190979004,-0.043039705604314804,1.2680835723876953,2.0400218963623047,-1.7386066913604736,-1.7186167240142822,0.5694898366928101,0.8305441737174988,0.8590830564498901,-0.27066609263420105,0.42412006855010986,-0.46106359362602234,0.6474689245223999,0.253589004278183,0.7296262383460999,-0.28619977831840515,-1.1612168550491333,-1.0679223537445068,1.3897215127944946,0.40738728642463684,-0.5605592727661133,-0.16744378209114075,0.8739952445030212,1.156738519668579,0.11355283856391907,-0.7681474089622498,2.1252975463867188,-0.7763832807540894,0.9191020131111145,2.595600128173828,-0.9070667624473572,0.015123112127184868,0.15570519864559174,0.4647739827632904,1.940999984741211,-0.5731204748153687,-0.17681941390037537,0.8865487575531006,1.1942521333694458,0.11836594343185425,-0.7603481411933899,2.1432178020477295,-0.7513567805290222,0.9176038503646851,2.6075687408447266,-0.9534516334533691,-0.014033921994268894,0.19650672376155853,0.4876101016998291,-0.2698670029640198,-0.09199872612953186,0.4166223406791687,0.5541914701461792,0.46031156182289124,0.019513066858053207,0.35760241746902466,-1.0964977741241455,-0.8249508142471313,0.021402187645435333,1.2601985931396484,1.6954357624053955,-1.6797629594802856,-1.4991412162780762,0.5175721049308777,-0.15863795578479767,0.3200176954269409,0.2896392047405243,0.7251144647598267,-0.11585111916065216,0.3057996332645416,-1.2315846681594849,-0.819659948348999,-0.045429378747940063,1.2588250637054443,2.0297603607177734,-1.7291045188903809,-1.7146658897399902,0.5188632011413574,0.7892338633537292,0.6997345089912415,-0.3105536699295044,0.4516664743423462,-0.48158666491508484,0.4713052809238434,0.21468624472618103,0.7287562489509583,-0.21401120722293854,-0.7663933038711548,-0.9855967164039612,0.7365432977676392,0.3755175769329071
4.1,-0.21047979593276978,0.2534094452857971,-0.1814582198858261,-0.6397057771682739,0.0243756752461195,-0.9223464131355286,-0.019239386543631554,0.20122350752353668,-0.9793564081192017,0.20000000298023224,0.0,0.0,0.0,0.5230222344398499,-0.15047462284564972,0.3278578817844391,0.2867656350135803,0.7298030853271484,-0.12061838060617447,0.3109731674194336,-1.2293293476104736,-0.8124216794967651,-0.047509822994470596,1.2478816509246826,2.0198347568511963,-1.7134511470794678,-1.7108700275421143,0.5773934721946716,0.8486174941062927,0.8364510536193848,-0.26253387331962585,0.5057021975517273,-0.4533315598964691,0.5855059027671814,0.22650761902332306,0.6846773028373718,-0.2525355815887451,-1.33173406124115,-0.9758898615837097,1.7842592000961304,0.340200275182724,-0.5731204748153687,-0.17681941390037537,0.8865487575531006,1.1942521333694458,0.11836594343185425,-0.7603481411933899,2.1432178020477295,-0.7513567805290222,0.9176038503646851,2.6075687408447266,-0.9534516334533691,-0.014033921994268894,0.19650672376155853,0.4876101016998291,1.9210000038146973,-0.5869102478027344,-0.15463760495185852,0.9312545657157898,1.248313546180725,0.1205931007862091,-0.7397590279579163,2.1612305641174316,-0.734255850315094,0.9395422339439392,2.617760181427002,-1.0163962841033936,-0.05125638470053673,0.2626858949661255,0.5126451849937439,-0.2769434452056885,-0.08759474754333496,0.4313238263130188,0.5751810669898987,0.4633670449256897,0.025755293667316437,0.3650762736797333,-1.0871168375015259,-0.8180142045021057,0.02616555616259575,1.2324795722961426,1.68191659450531,-1.6530011892318726,-1.4890719652175903,0.5230222344398499,-0.15047462284564972,0.3278578817844391,0.2867656350135803,0.7298030853271484,-0.12061838060617447,0.3109731674194336,-1.2293293476104736,-0.8124216794967651,-0.047509822994470596,1.2478816509246826,2.0198347568511963,-1.7134511470794678,-1.7108700275421143,0.5773934721946716,0.8486174941062927,0.8364510536193848,-0.26253387331962585,0.5057021975517273,-0.4533315598964691,0.5855059027671814,0.22650761902332306,0.6846773028373718,-0.2525355815887451,-1.33173406124115,-0.9758898615837097,1.7842592000961304,0.340200275182724
4.121,-0.21047979593276978,0.2534094452857971,-0.1814582198858261,-0.6861233711242676,0.0065124924294650555,-0.9521307349205017,-0.022884974256157875,0.214106947183609,-0.9765421152114868,0.20000000298023224,0.0,0.0,0.0,0.5347695350646973,-0.13308022916316986,0.34414947032928467,0.2816683351993561,0.7405511736869812,-0.12942887842655182,0.32165536284446716,-1.2251290082931519,-0.7986676692962646,-0.05220841243863106,1.2223801612854004,2.0007376670837402,-1.6839903593063354,-1.7034053802490234,0.6133368611335754,0.8966915607452393,0.8033736348152161,-0.23951439559459686,0.583132803440094,-0.4232369363307953,0.5359542369842529,0.1911342591047287,0.6635292768478394,-0.27056828141212463,-1.321744441986084,-0.9326536059379578,1.1897138357162476,0.37299057841300964,-0.5869102478027344,-0.15463760495185852,0.9312545657157898,1.248313546180725,0.1205931007862091,-0.7397590279579163,2.1612305641174316,-0.734255850315094,0.9395422339439392,2.617760181427002,-1.0163962841033936,-0.05125638470053673,0.2626858949661255,0.5126451849937439,1.9010000228881836,-0.5938480496406555,-0.17451034486293793,0.9388508796691895,1.2901431322097778,0.12420931458473206,-0.7316220998764038,2.183445930480957,-0.7046267986297607,0.9370242357254028,2.625096559524536,-1.0606415271759033,-0.08234389871358871,0.29603299498558044,0.5379313826560974,-0.282937616109848,-0.08749287575483322,0.442754328250885,0.5961482524871826,0.46604830026626587,0.031345389783382416,0.3736402988433838,-1.0761058330535889,-0.8135363459587097,0.030600370839238167,1.20643949508667,1.6677900552749634,-1.6292659044265747,-1.4782307147979736,0.5406662225723267,-0.12429067492485046,0.3513028025627136,0.2790776193141937,0.7465059757232666,-0.13379718363285065,0.32598114013671875,-1.2233641147613525,-0.7919924855232239,-0.05450418218970299,1.2114704847335815,1.9917372465133667,-1.675758957862854,-1.6998258829116821,0.5674905776977539,0.8617793917655945,0.6453292965888977,-0.2775423526763916,0.6095610857009888,-0.44245389103889465,0.3516256511211395,0.1640104502439499,0.6652070879936218,-0.20376187562942505,-0.9297803044319153,-0.8666926026344299,0.6421974301338196,0.33673974871635437
4.14,-0.21148307621479034,0.2836057245731354,-0.2166081964969635,-0.7161844372749329,-0.0024093822576105595,-0.9800992608070374,-0.027136333286762238,0.22714203596115112,-0.9734835028648376,0.20000000298023224,0.0,0.0,0.0,0.5467609763145447,-0.11520837247371674,0.35885533690452576,0.2766578197479248,0.7527636289596558,-0.13801439106464386,0.3304133415222168,-1.2214349508285522,-0.7853377461433411,-0.056684549897909164,1.1979050636291504,1.982795238494873,-1.6597726345062256,-1.6964341402053833,0.6290443539619446,0.926384687423706,0.7565525770187378,-0.23080655932426453,0.6560302972793579,-0.408203125,0.4890315532684326,0.18920257687568665,0.6406861543655396,-0.2566419541835785,-1.4688334465026855,-0.8859636187553406,1.503676176071167,0.31871601939201355,-0.5938480496406555,-0.17451034486293793,0.9388508796691895,1.2901431322097778,0.12420931458473206,-0.7316220998764038,2.183445930480957,-0.7046267986297607,0.9370242357254028,2.625096559524536,-1.0606415271759033,-0.08234389871358871,0.29603299498558044,0.5379313826560974,1.88100004196167,-0.6095498204231262,-0.15817071497440338,0.9791163206100464,1.3503048419952393,0.11908599734306335,-0.712037980556488,2.2047359943389893,-0.6925579905509949,0.9576802849769592,2.6325321197509766,-1.1115890741348267,-0.1232725977897644,0.3526139557361603,0.563247561454773,-0.2894887924194336,-0.084970623254776,0.45679548382759094,0.6198495030403137,0.46715670824050903,0.038196075707674026,0.38282859325408936,-1.0665878057479858,-0.8073033690452576,0.0348200760781765,1.1805692911148071,1.6517621278762817,-1.6041640043258667,-1.4668443202972412,0.5467609763145447,-0.11520837247371674,0.35885533690452576,0.2766578197479248,0.7527636289596558,-0.13801439106464386,0.3304133415222168,-1.2214349508285522,-0.7853377461433411,-0.056684549897909164,1.1979050636291504,1.982795238494873,-1.6597726345062256,-1.6964341402053833,0.6290443539619446,0.926384687423706,0.7565525770187378,-0.23080655932426453,0.6560302972793579,-0.408203125,0.4890315532684326,0.18920257687568665,0.6406861543655396,-0.2566419541835785,-1.4688334465026855,-0.8859636187553406,1.503676176071167,0.31871601939201355
4.16,-0.21148307621479034,0.2836057245731354,-0.2166081964969635,-0.7680437564849854,0.11513683944940567,-0.925692617893219,-0.029193585738539696,0.23681674897670746,-0.9711156487464905,0.20000000298023224,0.0,0.0,0.0,0.5577166676521301,-0.09763967245817184,0.33786526322364807,0.2709168791770935,0.7646767497062683,-0.1471499651670456,0.33864399790763855,-1.214485764503479,-0.771507203578949,-0.060585327446460724,1.2269618511199951,1.9598755836486816,-1.6663885116577148,-1.6889055967330933,0.6435312628746033,0.94961017370224,-1.2576647996902466,-0.17388151586055756,0.6078789830207825,-0.3398951292037964,0.5830323696136475,0.4902016818523407,0.6218313574790955,-0.38671010732650757,1.637135624885559,-1.3162997961044312,-0.6524732112884521,0.4022342562675476,-0.6095498204231262,-0.15817071497440338,0.9791163206100464,1.3503048419952393,0.11908599734306335,-0.712037980556488,2.2047359943389893,-0.6925579905509949,0.9576802849769592,2.6325321197509766,-1.1115890741348267,-0.1232725977897644,0.3526139557361603,0.563247561454773,1.8609999418258667,-0.6613767743110657,-0.16783277690410614,0.8535323739051819,1.26594877243042,0.01885737106204033,-0.837945282459259,2.234186887741089,-0.7616232633590698,0.9281066656112671,2.6131138801574707,-0.7947035431861877,-0.2221040278673172,0.09936772286891937,0.5204545855522156,-0.3018486797809601,-0.08465435355901718,0.44778668880462646,0.6237869262695312,0.4528982937335968,0.024105459451675415,0.39367806911468506,-1.0702849626541138,-0.8073763847351074,0.03486113250255585,1.2099930047988892,1.6257178783416748,-1.624579668045044,-1.4652928113937378,0.5644962787628174,-0.08794233947992325,0.32591596245765686,0.26971742510795593,0.7707664370536804,-0.15031781792640686,0.34496957063674927,-1.209220290184021,-0.7656214833259583,-0.06443258374929428,1.2414886951446533,1.946376919746399,-1.672269582748413,-1.6846234798431396,0.7025522589683533,0.9816042184829712,-1.1448792219161987,-0.07872267067432404,0.6131839156150818,-0.30096572637557983,0.6660221219062805,0.5516742467880249,0.5586541295051575,-0.36955833435058594,1.3151499032974243,-1.3626713752746582,-0.5332565903663635,0.44221171736717224
4.18,-0.11140792071819305,0.24440988898277283,-0.22176490724086761,-0.8509014248847961,0.20679379999637604,-0.8095213174819946,-0.030222224071621895,0.2568745017051697,-0.9659721255302429,0.20000000298023224,0.0,0.0,0.0,0.5716965794563293,-0.07801440358161926,0.3142402768135071,0.2691795229911804,0.7769134640693665,-0.15420444309711456,0.35204359889030457,-1.2040345668792725,-0.7601190209388733,-0.06635508686304092,1.2546274662017822,1.9328033924102783,-1.6798003911972046,-1.679411768913269,0.7358842492103577,1.003014087677002,-1.1224827766418457,-0.03339800983667374,0.6247122287750244,-0.4236580729484558,0.768358588218689,0.5021641254425049,0.5334618091583252,-0.1196591705083847,1.10755455493927,-1.3443312644958496,-0.510042130947113,0.539770781993866,-0.6613767743110657,-0.16783277690410614,0.8535323739051819,1.26594877243042,0.01885737106204033,-0.837945282459259,2.234186887741089,-0.7616232633590698,0.9281066656112671,2.6131138801574707,-0.7947035431861877,-0.2221040278673172,0.09936772286891937,0.5204545855522156,1.840999960899353,-0.6930888891220093,-0.12292581796646118,0.8649876117706299,1.2283658981323242,-0.06479419022798538,-0.8789127469062805,2.134681463241577,-0.8488680124282837,0.8625437617301941,2.6086480617523193,-0.6710123419761658,-0.20729896426200867,-0.0005580857396125793,0.5003426671028137,-0.31525740027427673,-0.07769691944122314,0.4431988000869751,0.6209057569503784,0.43036967515945435,0.008096909150481224,0.38634687662124634,-1.0859596729278564,-0.8172618746757507,0.034219998866319656,1.2491432428359985,1.6097077131271362,-1.6538593769073486,-1.4672236442565918,0.5716965794563293,-0.07801440358161926,0.3142402768135071,0.2691795229911804,0.7769134640693665,-0.15420444309711456,0.35204359889030457,-1.2040345668792725,-0.7601190209388733,-0.06635508686304092,1.2546274662017822,1.9328033924102783,-1.6798003911972046,-1.679411768913269,0.7358842492103577,1.003014087677002,-1.1224827766418457,-0.03339800983667374,0.6247122287750244,-0.4236580729484558,0.768358588218689,0.5021641254425049,0.5334618091583252,-0.1196591705083847,1.10755455493927,-1.3443312644958496,-0.510042130947113,0.539770781993866
4.201,-0.11140792071819305,0.24440988898277283,-0.22176490724086761,-0.8652411699295044,0.22297106683254242,-0.7125601768493652,-0.02993227355182171,0.2723592519760132,-0.9617299437522888,0.20000000298023224,0.0,0.0,0.0,0.5869932770729065,-0.05794892832636833,0.2932479977607727,0.26978957653045654,0.7900896072387695,-0.16302429139614105,0.3654423654079437,-1.1942498683929443,-0.7517936825752258,-0.06657250970602036,1.2766765356063843,1.9063163995742798,-1.6898373365402222,-1.6671849489212036,0.775309681892395,0.990142285823822,-1.008373737335205,0.07015374302864075,0.6970797181129456,-0.46023738384246826,0.5724592208862305,0.4450230002403259,0.3053722679615021,0.08552342653274536,1.050955891609192,-1.2675191164016724,-0.18585403263568878,0.6685865521430969,-0.6930888891220093,-0.12292581796646118,0.8649876117706299,1.2283658981323242,-0.06479419022798538,-0.8789127469062805,2.134681463241577,-0.8488680124282837,0.8625437617301941,2.6086480617523193,-0.6710123419761658,-0.20729896426200867,-0.0005580857396125793,0.5003426671028137,1.8209999799728394,-0.6887357831001282,-0.09517540782690048,0.8915871977806091,1.2064305543899536,-0.09739609062671661,-0.8849596381187439,2.1148149967193604,-0.8791077733039856,0.8370937705039978,2.603099822998047,-0.6273104548454285,-0.20840983092784882,-0.034844692796468735,0.5084943175315857,-0.3239905536174774,-0.06866415590047836,0.4439772367477417,0.6155986189842224,0.4097093641757965,-0.0040161097422242165,0.3782350718975067,-1.1014679670333862,-0.8279992341995239,0.03293897211551666,1.2831037044525146,1.5983339548110962,-1.6794981956481934,-1.4673523902893066,0.5869932770729065,-0.05794892832636833,0.2932479977607727,0.26978957653045654,0.7900896072387695,-0.16302429139614105,0.3654423654079437,-1.1942498683929443,-0.7517936825752258,-0.06657250970602036,1.2766765356063843,1.9063163995742798,-1.6898373365402222,-1.6671849489212036,0.775309681892395,0.990142285823822,-1.008373737335205,0.07015374302864075,0.6970797181129456,-0.46023738384246826,0.5724592208862305,0.4450230002403259,0.3053722679615021,0.08552342653274536,1.050955891609192,-1.2675191164016724,-0.18585403263568878,0.6685865521430969
4.221,-0.050553712993860245,0.2062903791666031,-0.22372493147850037,-0.8420597910881042,0.2017405927181244,-0.6138709783554077,-0.029494263231754303,0.2884765863418579,-0.9570325613021851,0.20000000298023224,0.0,0.0,0.0,0.6025526523590088,-0.038673195987939835,0.2756567895412445,0.27203798294067383,0.8042320013046265,-0.17084065079689026,0.37493401765823364,-1.18599271774292,-0.7467613220214844,-0.06502242386341095,1.2982368469238281,1.8830947875976562,-1.694414734840393,-1.653597116470337,0.7807027697563171,0.9373343586921692,-0.7412849068641663,0.14363707602024078,0.754414439201355,-0.37461838126182556,0.3519462049007416,0.3191687762737274,0.12728409469127655,0.12393637746572495,1.0230684280395508,-1.035346269607544,0.1990441083908081,0.7424569725990295,-0.6887357831001282,-0.09517540782690048,0.8915871977806091,1.2064305543899536,-0.09739609062671661,-0.8849596381187439,2.1148149967193604,-0.8791077733039856,0.8370937705039978,2.603099822998047,-0.6273104548454285,-0.20840983092784882,-0.034844692796468735,0.5084943175315857,1.8009999990463257,-0.7121544480323792,-0.08389437198638916,0.8820031881332397,1.1775009632110596,-0.12628304958343506,-0.9062706828117371,2.069159507751465,-0.883614182472229,0.7890052199363708,2.618959426879883,-0.6265671849250793,-0.19245174527168274,-0.04390101879835129,0.5104995965957642,-0.33361655473709106,-0.06064906716346741,0.4430845379829407,0.6075441837310791,0.39091408252716064,-0.015691880136728287,0.36570847034454346,-1.112999677658081,-0.8427286744117737,0.03442119061946869,1.3069875240325928,1.5927660465240479,-1.6988039016723633,-1.4671417474746704,0.6101320385932922,-0.02963312342762947,0.2675977945327759,0.27349328994750977,0.8115640878677368,-0.17398861050605774,0.37868180871009827,-1.1826564073562622,-0.745171844959259,-0.06408452987670898,1.3084617853164673,1.8733786344528198,-1.6929501295089722,-1.6467459201812744,0.7438452839851379,0.8792579174041748,-0.7833316922187805,0.15055136382579803,0.7172725200653076,-0.26192939281463623,0.3840535581111908,0.3398773670196533,0.1805790364742279,0.06352634727954865,0.9799813032150269,-0.9091461300849915,0.17194536328315735,0.6313753724098206
4.242,-0.050553712993860245,0.2062903791666031,-0.22372493147850037,-0.7872728705406189,0.15190055966377258,-0.4860403537750244,-0.029246505349874496,0.30765074491500854,-0.9510497450828552,0.20000000298023224,0.0,0.0,0.0,0.6177842617034912,-0.020963966846466064,0.26130932569503784,0.2753072679042816,0.8200767636299133,-0.17741745710372925,0.3802089989185333,-1.1802399158477783,-0.7462946772575378,-0.06178145855665207,1.321439266204834,1.8651010990142822,-1.6956727504730225,-1.6395872831344604,0.7457790374755859,0.8351563811302185,-0.595230221748352,0.17761573195457458,0.8661825060844421,-0.33798471093177795,0.1345130056142807,0.2215685099363327,-0.15985515713691711,0.2567267417907715,1.1520967483520508,-0.7671338319778442,0.2362414449453354,0.6865049600601196,-0.7121544480323792,-0.08389437198638916,0.8820031881332397,1.1775009632110596,-0.12628304958343506,-0.9062706828117371,2.069159507751465,-0.883614182472229,0.7890052199363708,2.618959426879883,-0.6265671849250793,-0.19245174527168274,-0.04390101879835129,0.5104995965957642,1.781000018119812,-0.7120033502578735,-0.06591812521219254,0.8940466642379761,1.1498717069625854,-0.132266104221344,-0.9106027483940125,2.0674140453338623,-0.8848374485969543,0.7633998394012451,2.628866672515869,-0.6308456659317017,-0.19628995656967163,-0.044679999351501465,0.5234944224357605,-0.3403320908546448,-0.052342064678668976,0.4442662000656128,0.5977616906166077,0.37685996294021606,-0.024514727294445038,0.3566780388355255,-1.1212553977966309,-0.8568801283836365,0.036944832652807236,1.3230643272399902,1.5882927179336548,-1.7124347686767578,-1.4650450944900513,0.6250153183937073,-0.012979305349290371,0.2547661364078522,0.2770799994468689,0.8286540508270264,-0.1800832748413086,0.3822481632232666,-1.177885890007019,-0.7477697134017944,-0.059653859585523605,1.3322495222091675,1.858191728591919,-1.69252347946167,-1.6334269046783447,0.7071382403373718,0.7702575922012329,-0.6312546730041504,0.17860610783100128,0.8498768210411072,-0.2050708532333374,0.24166339635849,0.239206463098526,-0.13773439824581146,0.1687259078025818,1.0209134817123413,-0.6188737154006958,0.3115500211715698,0.5528533458709717
4.261,-0.050553712993860245,0.2062903791666031,-0.22372493147850037,-0.7917511463165283,0.1397968977689743,-0.4189121723175049,-0.029289226979017258,0.3149603605270386,-0.9486528038978577,0.20000000298023224,0.0,0.0,0.0,0.6322154998779297,-0.005451638717204332,0.24991486966609955,0.2790975570678711,0.83809894323349,-0.18251939117908478,0.3839302361011505,-1.1761376857757568,-0.751191258430481,-0.056867457926273346,1.3433390855789185,1.8528192043304443,-1.6918522119522095,-1.6275376081466675,0.7221364378929138,0.7331991791725159,-0.3141142725944519,0.21495048701763153,0.9903902411460876,-0.251882940530777,0.07625428587198257,0.12267991900444031,-0.4572901725769043,0.32347896695137024,1.0961568355560303,-0.45850393176078796,0.1703808754682541,0.5914754271507263,-0.7120033502578735,-0.06591812521219254,0.8940466642379761,1.1498717069625854,-0.132266104221344,-0.9106027483940125,2.0674140453338623,-0.8848374485969543,0.7633998394012451,2.628866672515869,-0.6308456659317017,-0.19628995656967163,-0.044679999351501465,0.5234944224357605,1.7610000371932983,-0.7134857773780823,-0.06270059943199158,0.9097810387611389,1.141438364982605,-0.13709867000579834,-0.9066344499588013,2.0607540607452393,-0.8706602454185486,0.7506187558174133,2.628718614578247,-0.6481570601463318,-0.1897653043270111,-0.02740549109876156,0.5368794798851013,-0.3452553451061249,-0.04604453593492508,0.44745349884033203,0.589648962020874,0.3662971556186676,-0.030095476657152176,0.3493577241897583,-1.1249078512191772,-0.868703305721283,0.03868917375802994,1.3317214250564575,1.5861400365829468,-1.7193851470947266,-1.4615695476531982,0.6322154998779297,-0.005451638717204332,0.24991486966609955,0.2790975570678711,0.83809894323349,-0.18251939117908478,0.3839302361011505,-1.1761376857757568,-0.751191258430481,-0.056867457926273346,1.3433390855789185,1.8528192043304443,-1.6918522119522095,-1.6275376081466675,0.7221364378929138,0.7331991791725159,-0.3141142725944519,0.21495048701763153,0.9903902411460876,-0.251882940530777,0.07625428587198257,0.12267991900444031,-0.4572901725769043,0.32347896695137024,1.0961568355560303,-0.45850393176078796,0.1703808754682541,0.5914754271507263
4.281,-0.050553712993860245,0.2062903791666031,-0.22372493147850037,-0.7053781151771545,0.07739176601171494,-0.2926950752735138,-0.029628219082951546,0.33219391107559204,-0.9427456855773926,0.20000000298023224,0.0,0.0,0.0,0.6458598971366882,0.0077448501251637936,0.24196510016918182,0.2832777798175812,0.8587294816970825,-0.18593181669712067,0.3873107433319092,-1.1739566326141357,-0.7622819542884827,-0.05081718787550926,1.3632770776748657,1.8463813066482544,-1.6865066289901733,-1.6171693801879883,0.6597759127616882,0.6016729474067688,-0.3525613248348236,0.21496586501598358,1.0833197832107544,-0.12295322120189667,0.18164114654064178,0.07265111058950424,-0.6906920671463013,0.30912017822265625,0.9251046180725098,-0.1960066854953766,0.3379943370819092,0.47437405586242676,-0.7134857773780823,-0.06270059943199158,0.9097810387611389,1.141438364982605,-0.13709867000579834,-0.9066344499588013,2.0607540607452393,-0.8706602454185486,0.7506187558174133,2.628718614578247,-0.6481570601463318,-0.1897653043270111,-0.02740549109876156,0.5368794798851013,1.7410000562667847,-0.7165547609329224,-0.042183395475149155,0.9187021851539612,1.1212888956069946,-0.1426127701997757,-0.9123906493186951,2.0593788623809814,-0.8676136136054993,0.7327504754066467,2.638885498046875,-0.651674747467041,-0.21298275887966156,-0.01539057120680809,0.5549300909042358,-0.34916195273399353,-0.038558684289455414,0.451022744178772,0.5809476375579834,0.3580760955810547,-0.03486543148756027,0.34402725100517273,-1.1270074844360352,-0.8796597719192505,0.04143524169921875,1.3372538089752197,1.5811506509780884,-1.7224481105804443,-1.4564292430877686,0.6522458791732788,0.013396838679909706,0.23863643407821655,0.28539183735847473,0.8694872260093689,-0.1865028738975525,0.38979464769363403,-1.1731274127960205,-0.7690764665603638,-0.04814533516764641,1.371680498123169,1.8451764583587646,-1.683453917503357,-1.6131317615509033,0.6181909441947937,0.5337144732475281,-0.30936598777770996,0.20592115819454193,1.0634905099868774,-0.005986235104501247,0.29318609833717346,0.08697110414505005,-0.6633658409118652,0.23218394815921783,0.7738087773323059,-0.05604130029678345,0.28543469309806824,0.34308454394340515
4.3,-0.02558867447078228,0.1859147697687149,-0.2501242160797119,-0.6602116227149963,0.053980596363544464,-0.19371739029884338,-0.03004826046526432,0.34486404061317444,-0.9381715655326843,0.20000000298023224,0.0,0.0,0.0,0.6585179567337036,0.01855452172458172,0.2364470511674881,0.28763875365257263,0.8807711005210876,-0.18684469163417816,0.3922613561153412,-1.1725870370864868,-0.7772887349128723,-0.04504990577697754,1.3793410062789917,1.844967007637024,-1.6806964874267578,-1.6093229055404663,0.6219430565834045,0.49563783407211304,-0.19409136474132538,0.23014959692955017,1.1407561302185059,-0.03807531297206879,0.23746071755886078,0.032392747700214386,-0.8729413747787476,0.3394985795021057,0.7290435433387756,0.02084251306951046,0.31867849826812744,0.3774223327636719,-0.7165547609329224,-0.042183395475149155,0.9187021851539612,1.1212888956069946,-0.1426127701997757,-0.9123906493186951,2.0593788623809814,-0.8676136136054993,0.7327504754066467,2.638885498046875,-0.651674747467041,-0.21298275887966156,-0.01539057120680809,0.5549300909042358,1.7209999561309814,-0.7325140833854675,-0.03997937589883804,0.9127698540687561,1.1049081087112427,-0.14862538874149323,-0.9201841950416565,2.038909912109375,-0.8523339629173279,0.7096433043479919,2.6577489376068115,-0.6778308749198914,-0.22838819026947021,0.0021115392446517944,0.5717277526855469,-0.3542904853820801,-0.032987985759973526,0.452631413936615,0.5723995566368103,0.35141944885253906,-0.039373431354761124,0.3372255563735962,-1.1261852979660034,-0.8907953500747681,0.04618700593709946,1.337203025817871,1.5753471851348877,-1.7219669818878174,-1.450311303138733,0.6585179567337036,0.01855452172458172,0.2364470511674881,0.28763875365257263,0.8807711005210876,-0.18684469163417816,0.3922613561153412,-1.1725870370864868,-0.7772887349128723,-0.04504990577697754,1.3793410062789917,1.844967007637024,-1.6806964874267578,-1.6093229055404663,0.6219430565834045,0.49563783407211304,-0.19409136474132538,0.23014959692955017,1.1407561302185059,-0.03807531297206879,0.23746071755886078,0.032392747700214386,-0.8729413747787476,0.3394985795021057,0.7290435433387756,0.02084251306951046,0.31867849826812744,0.3774223327636719
4.322,-0.02558867447078228,0.1859147697687149,-0.2501242160797119,-0.5945624113082886,0.045751284807920456,-0.0858687311410904,-0.029906945303082466,0.35951340198516846,-0.9326605200767517,0.20000000298023224,0.0,0.0,0.0,0.6704251766204834,0.027330799028277397,0.2339351773262024,0.2922412157058716,0.9039292335510254,-0.18700766563415527,0.3975285589694977,-1.1718403100967407,-0.7961202263832092,-0.03767915815114975,1.3915051221847534,1.8466943502426147,-1.6740880012512207,-1.602447271347046,0.5734831690788269,0.390390545129776,-0.05383923277258873,0.23192405700683594,1.1719223260879517,-0.007116550114005804,0.25456663966178894,0.036938708275556564,-1.017134428024292,0.42056792974472046,0.5095787048339844,0.13055859506130219,0.35998618602752686,0.3242369294166565,-0.7325140833854675,-0.03997937589883804,0.9127698540687561,1.1049081087112427,-0.14862538874149323,-0.9201841950416565,2.038909912109375,-0.8523339629173279,0.7096433043479919,2.6577489376068115,-0.6778308749198914,-0.22838819026947021,0.0021115392446517944,0.5717277526855469,1.7009999752044678,-0.7394537925720215,-0.03371785953640938,0.9176326990127563,1.094651460647583,-0.15280313789844513,-0.9163637757301331,2.045203447341919,-0.8399441838264465,0.6948162317276001,2.6725564002990723,-0.6998770833015442,-0.24645395576953888,0.021764200180768967,0.5884201526641846,-0.3589214086532593,-0.02814926952123642,0.4544869065284729,0.5648773908615112,0.34613314270973206,-0.04195597022771835,0.3334084153175354,-1.1237514019012451,-0.9008142948150635,0.05173436179757118,1.3338606357574463,1.5685749053955078,-1.7186822891235352,-1.4435248374938965,0.6759228110313416,0.030906453728675842,0.2336670160293579,0.2944829761981964,0.9154002070426941,-0.18650873005390167,0.4004928469657898,-1.171318769454956,-0.8059213161468506,-0.03396303206682205,1.3957955837249756,1.8484216928482056,-1.6705615520477295,-1.5996595621109009,0.528886079788208,0.33018913865089417,-0.005366151686757803,0.216610386967659,1.1226463317871094,0.09239155054092407,0.32579079270362854,0.06257586926221848,-0.9444975852966309,0.33635950088500977,0.3660549521446228,0.20904995501041412,0.3500283658504486,0.23876309394836426
4.34,0.009929490275681019,0.15986116230487823,-0.24566572904586792,-0.5615695118904114,0.0673738494515419,-0.01715395227074623,-0.029304997995495796,0.36753639578819275,-0.9295473098754883,0.20000000298023224,0.0,0.0,0.0,0.6811224222183228,0.03397083282470703,0.2340499758720398,0.29667413234710693,0.9268490076065063,-0.18611279129981995,0.403394490480423,-1.1706904172897339,-0.8161686658859253,-0.029590249061584473,1.398846983909607,1.8503532409667969,-1.6665990352630615,-1.5969479084014893,0.5129889249801636,0.29001039266586304,0.07055846601724625,0.22378544509410858,1.1369647979736328,0.019587991759181023,0.2597554326057434,0.056164808571338654,-1.0511763095855713,0.4772624671459198,0.2668320834636688,0.20029132068157196,0.42725005745887756,0.27342739701271057,-0.7394537925720215,-0.03371785953640938,0.9176326990127563,1.094651460647583,-0.15280313789844513,-0.9163637757301331,2.045203447341919,-0.8399441838264465,0.6948162317276001,2.6725564002990723,-0.6998770833015442,-0.24645395576953888,0.021764200180768967,0.5884201526641846,1.680999994277954,-0.7631462812423706,-0.041928526014089584,0.8962377309799194,1.086121678352356,-0.16232715547084808,-0.930473804473877,2.02754545211792,-0.827440083026886,0.663874089717865,2.694883346557617,-0.7187766432762146,-0.25219258666038513,0.030640002340078354,0.5971624255180359,-0.36571693420410156,-0.025993768125772476,0.45257651805877686,0.5583324432373047,0.3410041332244873,-0.04588025063276291,0.328087717294693,-1.1201720237731934,-0.9124689102172852,0.05896655470132828,1.3286858797073364,1.5629736185073853,-1.7150516510009766,-1.4374630451202393,0.6811224222183228,0.03397083282470703,0.2340499758720398,0.29667413234710693,0.9268490076065063,-0.18611279129981995,0.403394490480423,-1.1706904172897339,-0.8161686658859253,-0.029590249061584473,1.398846983909607,1.8503532409667969,-1.6665990352630615,-1.5969479084014893,0.5129889249801636,0.29001039266586304,0.07055846601724625,0.22378544509410858,1.1369647979736328,0.019587991759181023,0.2597554326057434,0.056164808571338654,-1.0511763095855713,0.4772624671459198,0.2668320834636688,0.20029132068157196,0.42725005745887756,0.27342739701271057
4.36,0.009929490275681019,0.15986116230487823,-0.24566572904586792,-0.5052912831306458,0.09889467805624008,0.052352555096149445,-0.027585411444306374,0.37733161449432373,-0.9256672859191895,0.20000000298023224,0.0,0.0,0.0,0.6905518770217896,0.03864910081028938,0.2364373505115509,0.3008260726928711,0.9493076801300049,-0.1852942854166031,0.40880462527275085,-1.1690140962600708,-0.8372969627380371,-0.019774211570620537,1.4014757871627808,1.8543241024017334,-1.6571974754333496,-1.5913370847702026,0.42948809266090393,0.1808701902627945,0.16303974390029907,0.19196441769599915,1.1062438488006592,-0.006565029267221689,0.22808732092380524,0.10151713341474533,-1.0884202718734741,0.5891171097755432,0.027844641357660294,0.1779760718345642,0.5334364771842957,0.2884243130683899,-0.7631462812423706,-0.041928526014089584,0.8962377309799194,1.086121678352356,-0.16232715547084808,-0.930473804473877,2.02754545211792,-0.827440083026886,0.663874089717865,2.694883346557617,-0.7187766432762146,-0.25219258666038513,0.030640002340078354,0.5971624255180359,1.6610000133514404,-0.7777009606361389,-0.04325792193412781,0.8967352509498596,1.0873000621795654,-0.170485720038414,-0.9290090203285217,2.0339460372924805,-0.8162692189216614,0.65290367603302,2.7135467529296875,-0.7375591397285461,-0.27082693576812744,0.04589075967669487,0.6120319962501526,-0.37265700101852417,-0.024684324860572815,0.451313853263855,0.5539277195930481,0.33619004487991333,-0.048407528549432755,0.32532331347465515,-1.1159907579421997,-0.9222726821899414,0.06682860106229782,1.3222463130950928,1.5562574863433838,-1.7102224826812744,-1.430989384651184,0.6905518770217896,0.03864910081028938,0.2364373505115509,0.3008260726928711,0.9493076801300049,-0.1852942854166031,0.40880462527275085,-1.1690140962600708,-0.8372969627380371,-0.019774211570620537,1.4014757871627808,1.8543241024017334,-1.6571974754333496,-1.5913370847702026,0.42948809266090393,0.1808701902627945,0.16303974390029907,0.19196441769599915,1.1062438488006592,-0.006565029267221689,0.22808732092380524,0.10151713341474533,-1.0884202718734741,0.5891171097755432,0.027844641357660294,0.1779760718345642,0.5334364771842957,0.2884243130683899
4.38,0.04808548465371132,0.14139240980148315,-0.22225631773471832,-0.4352511465549469,0.1301964670419693,0.11930714547634125,-0.024765988811850548,0.38592666387557983,-0.9221969842910767,0.20000000298023224,0.0,0.0,0.0,0.6981902718544006,0.041175276041030884,0.24021868407726288,0.30421578884124756,0.970940113067627,-0.18464982509613037,0.4138261675834656,-1.1663509607315063,-0.8586524724960327,-0.008504551835358143,1.3992078304290771,1.8576855659484863,-1.645824670791626,-1.5854934453964233,0.3372379541397095,0.07781554758548737,0.21488691866397858,0.14958298206329346,1.055468201637268,0.0034547147806733847,0.22547772526741028,0.1495702713727951,-1.0710810422897339,0.6216570138931274,-0.22466805577278137,0.1352636069059372,0.6223495602607727,0.3201911151409149,-0.7777009606361389,-0.04325792193412781,0.8967352509498596,1.0873000621795654,-0.170485720038414,-0.9290090203285217,2.0339460372924805,-0.8162692189216614,0.65290367603302,2.7135467529296875,-0.7375591397285461,-0.27082693576812744,0.04589075967669487,0.6120319962501526,1.6410000324249268,-0.800138533115387,-0.049020230770111084,0.8677624464035034,1.0865625143051147,-0.18739061057567596,-0.945472776889801,2.0182957649230957,-0.8107060790061951,0.6164340376853943,2.73399019241333,-0.7485554218292236,-0.2719522714614868,0.043887440115213394,0.6122197508811951,-0.3808806836605072,-0.024632062762975693,0.44608408212661743,0.5507338047027588,0.33028444647789,-0.05264618992805481,0.32104068994522095,-1.112229347229004,-0.9346057176589966,0.07539854943752289,1.316089153289795,1.5513874292373657,-1.7071425914764404,-1.4264295101165771,0.6981902718544006,0.041175276041030884,0.24021868407726288,0.30421578884124756,0.970940113067627,-0.18464982509613037,0.4138261675834656,-1.1663509607315063,-0.8586524724960327,-0.008504551835358143,1.3992078304290771,1.8576855659484863,-1.645824670791626,-1.5854934453964233,0.3372379541397095,0.07781554758548737,0.21488691866397858,0.14958298206329346,1.055468201637268,0.0034547147806733847,0.22547772526741028,0.1495702713727951,-1.0710810422897339,0.6216570138931274,-0.22466805577278137,0.1352636069059372,0.6223495602607727,0.3201911151409149
4.401,0.04808548465371132,0.14139240980148315,-0.22225631773471832,-0.36785560846328735,0.16642510890960693,0.17130106687545776,-0.020728755742311478,0.39330193400382996,-0.9191756844520569,0.20000000298023224,0.0,0.0,0.0,0.7038565874099731,0.04160742461681366,0.244634747505188,0.3066088855266571,0.9917877316474915,-0.18452057242393494,0.418423593044281,-1.162619948387146,-0.8801103830337524,0.0042769284918904305,1.3922770023345947,1.8596837520599365,-1.6326018571853638,-1.5789180994033813,0.230961412191391,-0.030596425756812096,0.23158814013004303,0.09027858823537827,1.0300997495651245,-0.011395235545933247,0.21194732189178467,0.2170272022485733,-1.085503101348877,0.6766049861907959,-0.4427748918533325,0.059134550392627716,0.6895711421966553,0.3372783660888672,-0.800138533115387,-0.049020230770111084,0.8677624464035034,1.0865625143051147,-0.18739061057567596,-0.945472776889801,2.0182957649230957,-0.8107060790061951,0.6164340376853943,2.73399019241333,-0.7485554218292236,-0.2719522714614868,0.043887440115213394,0.6122197508811951,1.621000051498413,-0.8173148036003113,-0.05166838318109512,0.8627436757087708,1.09294593334198,-0.19921325147151947,-0.9472150206565857,2.0195817947387695,-0.8042512536048889,0.6051791310310364,2.7528209686279297,-0.7616347670555115,-0.2914188802242279,0.05059150978922844,0.6247572898864746,-0.3892136812210083,-0.024992700666189194,0.44167041778564453,0.5494555234909058,0.3243771195411682,-0.05587458610534668,0.31823575496673584,-1.108628273010254,-0.9449270963668823,0.08422213047742844,1.3098171949386597,1.5450584888458252,-1.7039811611175537,-1.4213570356369019,0.7059260010719299,0.04107857868075371,0.24736885726451874,0.3073892295360565,1.001852035522461,-0.1839531809091568,0.4207056164741516,-1.160260796546936,-0.8905022740364075,0.010122423991560936,1.387384295463562,1.860312819480896,-1.6260695457458496,-1.5756255388259888,0.18490800261497498,-0.07204295694828033,0.31805285811424255,0.06567171216011047,0.9832546710968018,0.10767385363578796,0.2329728901386261,0.24715404212474823,-0.9949952960014343,0.5152028799057007,-0.520696759223938,0.0715440958738327,0.6167790293693542,0.3178168535232544
4.42,0.07965517044067383,0.13582845032215118,-0.19713982939720154,-0.29891952872276306,0.1983690708875656,0.20398904383182526,-0.015862135216593742,0.3994075357913971,-0.9166362285614014,0.20000000298023224,0.0,0.0,0.0,0.7073665261268616,0.03997715562582016,0.25022056698799133,0.3077579140663147,1.011805772781372,-0.18381208181381226,0.4226788282394409,-1.1577558517456055,-0.9009318351745605,0.016715360805392265,1.381698489189148,1.8605620861053467,-1.6192936897277832,-1.5720374584197998,0.11205441504716873,-0.13579733669757843,0.2633609473705292,0.0166078582406044,0.9784446358680725,-0.017939241603016853,0.1870364397764206,0.25111448764801025,-1.0326651334762573,0.7061721682548523,-0.6038050651550293,0.00837449636310339,0.686988890171051,0.3698023855686188,-0.8173148036003113,-0.05166838318109512,0.8627436757087708,1.09294593334198,-0.19921325147151947,-0.9472150206565857,2.0195817947387695,-0.8042512536048889,0.6051791310310364,2.7528209686279297,-0.7616347670555115,-0.2914188802242279,0.05059150978922844,0.6247572898864746,1.6009999513626099,-0.8415992856025696,-0.05608539283275604,0.8423612117767334,1.1019572019577026,-0.21737945079803467,-0.9601860642433167,2.0035927295684814,-0.8018831014633179,0.5742669701576233,2.7666115760803223,-0.7719348669052124,-0.2839909791946411,0.04671940580010414,0.6199500560760498,-0.39868947863578796,-0.025907699018716812,0.43552348017692566,0.5499124526977539,0.31751707196235657,-0.06008011847734451,0.31387394666671753,-1.1057522296905518,-0.9567888975143433,0.09246722608804703,1.3038818836212158,1.5417423248291016,-1.7023489475250244,-1.4185274839401245,0.7073665261268616,0.03997715562582016,0.25022056698799133,0.3077579140663147,1.011805772781372,-0.18381208181381226,0.4226788282394409,-1.1577558517456055,-0.9009318351745605,0.016715360805392265,1.381698489189148,1.8605620861053467,-1.6192936897277832,-1.5720374584197998,0.11205441504716873,-0.13579733669757843,0.2633609473705292,0.0166078582406044,0.9784446358680725,-0.017939241603016853,0.1870364397764206,0.25111448764801025,-1.0326651334762573,0.7061721682548523,-0.6038050651550293,0.00837449636310339,0.686988890171051,0.3698023855686188
4.44,0.07965517044067383,0.13582845032215118,-0.19713982939720154,-0.22985327243804932,0.22175218164920807,0.22135940194129944,-0.010147349908947945,0.4042341411113739,-0.9145992398262024,0.20000000298023224,0.0,0.0,0.0,0.7085796594619751,0.0363454706966877,0.25804761052131653,0.3073780834674835,1.031280517578125,-0.18381628394126892,0.42548149824142456,-1.1521377563476562,-0.9212855100631714,0.030498841777443886,1.3690203428268433,1.8600631952285767,-1.607739806175232,-1.5644073486328125,0.003831390058621764,-0.22919490933418274,0.4831015467643738,-0.05903268977999687,0.9660463333129883,-0.009809657000005245,0.082762710750103,0.30457907915115356,-1.0076795816421509,0.7067325115203857,-0.6475396156311035,-0.05629700794816017,0.4894202649593353,0.3811296224594116,-0.8415992856025696,-0.05608539283275604,0.8423612117767334,1.1019572019577026,-0.21737945079803467,-0.9601860642433167,2.0035927295684814,-0.8018831014633179,0.5742669701576233,2.7666115760803223,-0.7719348669052124,-0.2839909791946411,0.04671940580010414,0.6199500560760498,1.5809999704360962,-0.8609445691108704,-0.06959979981184006,0.8419064879417419,1.1234910488128662,-0.22674864530563354,-0.9500241875648499,2.0019431114196777,-0.7858083844184875,0.5649192333221436,2.7802655696868896,-0.8058850169181824,-0.28826725482940674,0.06409561634063721,0.6270238161087036,-0.40822431445121765,-0.028575360774993896,0.4311524033546448,0.5534623861312866,0.31130966544151306,-0.061499714851379395,0.3105732500553131,-1.101327896118164,-0.9664943814277649,0.10028689354658127,1.2946345806121826,1.5387794971466064,-1.6985998153686523,-1.4154856204986572,0.7085796594619751,0.0363454706966877,0.25804761052131653,0.3073780834674835,1.031280517578125,-0.18381628394126892,0.42548149824142456,-1.1521377563476562,-0.9212855100631714,0.030498841777443886,1.3690203428268433,1.8600631952285767,-1.607739806175232,-1.5644073486328125,0.003831390058621764,-0.22919490933418274,0.4831015467643738,-0.05903268977999687,0.9660463333129883,-0.009809657000005245,0.082762710750103,0.30457907915115356,-1.0076795816421509,0.7067325115203857,-0.6475396156311035,-0.05629700794816017,0.4894202649593353,0.3811296224594116
4.462,0.10414084047079086,0.1435229480266571,-0.17879214882850647,-0.1451331526041031,0.24214978516101837,0.22252146899700165,-0.00398849043995142,0.40759357810020447,-0.9131547212600708,0.20000000298023224,0.0,0.0,0.0,0.7072068452835083,0.03067266382277012,0.2692713141441345,0.3051275610923767,1.0500234365463257,-0.18330109119415283,0.4262421131134033,-1.1454674005508423,-0.9400112628936768,0.04369482025504112,1.3559170961380005,1.8585124015808105,-1.5998471975326538,-1.5568889379501343,-0.14076898992061615,-0.33725279569625854,0.581828236579895,-0.166844442486763,0.919432520866394,0.024000221863389015,-0.007159912958741188,0.35884514451026917,-0.8937925100326538,0.6625075936317444,-0.6632397174835205,-0.10962401330471039,0.35042935609817505,0.37337198853492737,-0.8609445691108704,-0.06959979981184006,0.8419064879417419,1.1234910488128662,-0.22674864530563354,-0.9500241875648499,2.0019431114196777,-0.7858083844184875,0.5649192333221436,2.7802655696868896,-0.8058850169181824,-0.28826725482940674,0.06409561634063721,0.6270238161087036,1.5609999895095825,-0.8892272710800171,-0.07246076315641403,0.8421748876571655,1.1447432041168213,-0.24117450416088104,-0.9528680443763733,1.9863617420196533,-0.7777246832847595,0.5478988885879517,2.7912139892578125,-0.8331257104873657,-0.2752119302749634,0.07683660089969635,0.6194320917129517,-0.41914111375808716,-0.030871868133544922,0.42813292145729065,0.5591351389884949,0.3048005700111389,-0.06292000412940979,0.30592554807662964,-1.0970182418823242,-0.975841224193573,0.10740292072296143,1.284075379371643,1.5386637449264526,-1.6940643787384033,-1.4144951105117798,0.705461859703064,0.027078427374362946,0.27592071890830994,0.303196519613266,1.0589792728424072,-0.1824982464313507,0.4259240925312042,-1.1417994499206543,-0.9482408761978149,0.049533646553754807,1.3495391607284546,1.8574923276901245,-1.5973862409591675,-1.5531471967697144,-0.20594428479671478,-0.37962445616722107,0.7235881686210632,-0.21834878623485565,0.8745763301849365,0.12163936346769333,-0.05441092327237129,0.3710041642189026,-0.7615024447441101,0.525871992111206,-0.6138249039649963,-0.0913408100605011,0.16678620874881744,0.368648499250412
4.481,0.10414084047079086,0.1435229480266571,-0.17879214882850647,-0.05325258523225784,0.2615024745464325,0.21226991713047028,0.002339917002245784,0.4093756079673767,-0.9123629331588745,0.20000000298023224,0.0,0.0,0.0,0.7029235363006592,0.022912606596946716,0.28275325894355774,0.30063775181770325,1.0677294731140137,-0.18171963095664978,0.42498233914375305,-1.13777756690979,-0.9558239579200745,0.055465877056121826,1.3433113098144531,1.8561835289001465,-1.5951594114303589,-1.549641489982605,-0.30726534128189087,-0.45476648211479187,0.5808768272399902,-0.29418516159057617,0.8534205555915833,0.037241995334625244,-0.10833673924207687,0.42044270038604736,-0.7284709215164185,0.655232310295105,-0.6321251392364502,-0.15631677210330963,0.28976938128471375,0.334989994764328,-0.8892272710800171,-0.07246076315641403,0.8421748876571655,1.1447432041168213,-0.24117450416088104,-0.9528680443763733,1.9863617420196533,-0.7777246832847595,0.5478988885879517,2.7912139892578125,-0.8331257104873657,-0.2752119302749634,0.07683660089969635,0.6194320917129517,1.5410000085830688,-0.9192754030227661,-0.08237869292497635,0.8529155254364014,1.167112946510315,-0.24914205074310303,-0.9485586285591125,1.9775683879852295,-0.762405514717102,0.5447372794151306,2.809356212615967,-0.8544014692306519,-0.28870445489883423,0.09249900281429291,0.6262259483337402,-0.4312900900840759,-0.03396711125969887,0.42763036489486694,0.5664615631103516,0.2990490794181824,-0.0632677972316742,0.3013531565666199,-1.0917036533355713,-0.9828582406044006,0.11510547250509262,1.2734925746917725,1.536558985710144,-1.6885402202606201,-1.4127826690673828,0.7029235363006592,0.022912606596946716,0.28275325894355774,0.30063775181770325,1.0677294731140137,-0.18171963095664978,0.42498233914375305,-1.13777756690979,-0.9558239579200745,0.055465877056121826,1.3433113098144531,1.8561835289001465,-1.5951594114303589,-1.549641489982605,-0.30726534128189087,-0.45476648211479187,0.5808768272399902,-0.29418516159057617,0.8534205555915833,0.037241995334625244,-0.10833673924207687,0.42044270038604736,-0.7284709215164185,0.655232310295105,-0.6321251392364502,-0.15631677210330963,0.28976938128471375,0.334989994764328
4.501,0.13301753997802734,0.16568729281425476,-0.1644730269908905,-0.002718757139518857,0.28663185238838196,0.19746741652488708,0.009087936952710152,0.4097655415534973,-0.9121456146240234,0.20000000298023224,0.0,0.0,0.0,0.6955690979957581,0.013005868531763554,0.29486358165740967,0.29371747374534607,1.0846257209777832,-0.18023483455181122,0.4220494329929352,-1.1287226676940918,-0.9689896702766418,0.0675351694226265,1.3311625719070435,1.8524267673492432,-1.5904384851455688,-1.5428141355514526,-0.4232354760169983,-0.5318223834037781,0.5565122365951538,-0.39072155952453613,0.834526538848877,0.07645309716463089,-0.1772826910018921,0.49297311902046204,-0.6097744703292847,0.5965250730514526,-0.6026474237442017,-0.23765863478183746,0.2324683517217636,0.3348545432090759,-0.9192754030227661,-0.08237869292497635,0.8529155254364014,1.167112946510315,-0.24914205074310303,-0.9485586285591125,1.9775683879852295,-0.762405514717102,0.5447372794151306,2.809356212615967,-0.8544014692306519,-0.28870445489883423,0.09249900281429291,0.6262259483337402,1.5210000276565552,-0.9538413882255554,-0.06671212613582611,0.8706104755401611,1.1822441816329956,-0.27099886536598206,-0.9534806609153748,1.9503953456878662,-0.767918586730957,0.534885048866272,2.81269907951355,-0.8719320297241211,-0.2683870196342468,0.10587082803249359,0.6084357500076294,-0.4449792802333832,-0.033783797174692154,0.4299328327178955,0.573859691619873,0.29174453020095825,-0.06424956023693085,0.29407650232315063,-1.0888103246688843,-0.9892480373382568,0.12099868804216385,1.2634550333023071,1.5381332635879517,-1.6826674938201904,-1.414252519607544,0.6955690979957581,0.013005868531763554,0.29486358165740967,0.29371747374534607,1.0846257209777832,-0.18023483455181122,0.4220494329929352,-1.1287226676940918,-0.9689896702766418,0.0675351694226265,1.3311625719070435,1.8524267673492432,-1.5904384851455688,-1.5428141355514526,-0.4232354760169983,-0.5318223834037781,0.5565122365951538,-0.39072155952453613,0.834526538848877,0.07645309716463089,-0.1772826910018921,0.49297311902046204,-0.6097744703292847,0.5965250730514526,-0.6026474237442017,-0.23765863478183746,0.2324683517217636,0.3348545432090759
4.521,0.13301753997802734,0.16568729281425476,-0.1644730269908905,0.02150869369506836,0.3069537580013275,0.18095502257347107,0.016027964651584625,0.4094924330711365,-0.9121727347373962,0.20000000298023224,0.0,0.0,0.0,0.6862236857414246,0.0018500142032280564,0.30662548542022705,0.28512585163116455,1.1010229587554932,-0.17762622237205505,0.4178166091442108,-1.1183873414993286,-0.9793975353240967,0.07799452543258667,1.3202563524246216,1.8473354578018188,-1.5870543718338013,-1.535884976387024,-0.5062769651412964,-0.583636999130249,0.5556000471115112,-0.4597031772136688,0.814104437828064,0.13017424941062927,-0.2619782090187073,0.5689165592193604,-0.4819302558898926,0.5243198871612549,-0.557686448097229,-0.3076448440551758,0.31851279735565186,0.3209208548069,-0.9538413882255554,-0.06671212613582611,0.8706104755401611,1.1822441816329956,-0.27099886536598206,-0.9534806609153748,1.9503953456878662,-0.767918586730957,0.534885048866272,2.81269907951355,-0.8719320297241211,-0.2683870196342468,0.10587082803249359,0.6084357500076294,1.5010000467300415,-0.9902743697166443,-0.06314561516046524,0.8961674571037292,1.195188283920288,-0.2827312648296356,-0.9463550448417664,1.930485725402832,-0.7635418772697449,0.5378793478012085,2.821681022644043,-0.8920069932937622,-0.27297887206077576,0.12991508841514587,0.608311116695404,-0.46002668142318726,-0.033120498061180115,0.4353780746459961,0.5809800624847412,0.28487148880958557,-0.063867948949337,0.2859964370727539,-1.0861284732818604,-0.9932717084884644,0.12647123634815216,1.2534174919128418,1.5385465621948242,-1.6749498844146729,-1.4153001308441162,0.6862236857414246,0.0018500142032280564,0.30662548542022705,0.28512585163116455,1.1010229587554932,-0.17762622237205505,0.4178166091442108,-1.1183873414993286,-0.9793975353240967,0.07799452543258667,1.3202563524246216,1.8473354578018188,-1.5870543718338013,-1.535884976387024,-0.5062769651412964,-0.583636999130249,0.5556000471115112,-0.4597031772136688,0.814104437828064,0.13017424941062927,-0.2619782090187073,0.5689165592193604,-0.4819302558898926,0.5243198871612549,-0.557686448097229,-0.3076448440551758,0.31851279735565186,0.3209208548069
4.54,0.16902607679367065,0.2004454880952835,-0.16386841237545013,0.009401568211615086,0.32751137018203735,0.1632918417453766,0.02324950136244297,0.40910017490386963,-0.912193238735199,0.20000000298023224,0.0,0.0,0.0,0.6756496429443359,-0.01004407461732626,0.3178970217704773,0.27544620633125305,1.1173027753829956,-0.17417645454406738,0.41215717792510986,-1.1065717935562134,-0.9875463843345642,0.08746280521154404,1.3102874755859375,1.840861201286316,-1.582000732421875,-1.5291587114334106,-0.5392188429832458,-0.5990439057350159,0.5293155312538147,-0.49456387758255005,0.8201306462287903,0.18932446837425232,-0.3137323558330536,0.6302425265312195,-0.37244531512260437,0.45169690251350403,-0.48245641589164734,-0.36624497175216675,0.39123204350471497,0.33271369338035583,-0.9902743697166443,-0.06314561516046524,0.8961674571037292,1.195188283920288,-0.2827312648296356,-0.9463550448417664,1.930485725402832,-0.7635418772697449,0.5378793478012085,2.821681022644043,-0.8920069932937622,-0.27297887206077576,0.12991508841514587,0.608311116695404,1.4809999465942383,-1.0331523418426514,-0.022436119616031647,0.9349091053009033,1.1998475790023804,-0.30782654881477356,-0.9514136910438538,1.888665795326233,-0.7825437188148499,0.5389358401298523,2.8162455558776855,-0.9177938103675842,-0.2398771047592163,0.15979374945163727,0.5832514762878418,-0.47699153423309326,-0.026549765840172768,0.4450010359287262,0.5866631865501404,0.27629607915878296,-0.0643596202135086,0.27406740188598633,-1.0871014595031738,-0.9959298372268677,0.12948669493198395,1.242523193359375,1.5438010692596436,-1.6650657653808594,-1.4197924137115479,0.6756496429443359,-0.01004407461732626,0.3178970217704773,0.27544620633125305,1.1173027753829956,-0.17417645454406738,0.41215717792510986,-1.1065717935562134,-0.9875463843345642,0.08746280521154404,1.3102874755859375,1.840861201286316,-1.582000732421875,-1.5291587114334106,-0.5392188429832458,-0.5990439057350159,0.5293155312538147,-0.49456387758255005,0.8201306462287903,0.18932446837425232,-0.3137323558330536,0.6302425265312195,-0.37244531512260437,0.45169690251350403,-0.48245641589164734,-0.36624497175216675,0.39123204350471497,0.33271369338035583
4.5600000000000005,0.16902607679367065,0.2004454880952835,-0.16386841237545013,-0.029685528948903084,0.3392246663570404,0.15378642082214355,0.03059750609099865,0.40922826528549194,-0.9119188785552979,0.20000000298023224,0.0,0.0,0.0,0.6648687720298767,-0.021923163905739784,0.329191118478775,0.2654303014278412,1.1337347030639648,-0.1694234311580658,0.40578243136405945,-1.0937023162841797,-0.9934172630310059,0.09545780718326569,1.3014544248580933,1.8334649801254272,-1.5751094818115234,-1.5220041275024414,-0.5237170457839966,-0.58354252576828,0.5425878763198853,-0.4892997741699219,0.8366146087646484,0.2702280580997467,-0.3552287518978119,0.6841061115264893,-0.26830413937568665,0.36868804693222046,-0.4036824405193329,-0.39766207337379456,0.4856155812740326,0.3475362956523895,-1.0331523418426514,-0.022436119616031647,0.9349091053009033,1.1998475790023804,-0.30782654881477356,-0.9514136910438538,1.888665795326233,-0.7825437188148499,0.5389358401298523,2.8162455558776855,-0.9177938103675842,-0.2398771047592163,0.15979374945163727,0.5832514762878418,1.4609999656677246,-1.0746662616729736,-0.005235583987087011,0.9695279002189636,1.2035273313522339,-0.3173684775829315,-0.9436491131782532,1.8599469661712646,-0.7846778631210327,0.5444488525390625,2.818265676498413,-0.9447681307792664,-0.23424407839775085,0.19750697910785675,0.5794223546981812,-0.4950940012931824,-0.019370174035429955,0.45692992210388184,0.5911933183670044,0.2688619792461395,-0.06353910267353058,0.2614092230796814,-1.0881026983261108,-0.9969635605812073,0.13190053403377533,1.2308510541915894,1.5483241081237793,-1.6524900197982788,-1.4235113859176636,0.6596373915672302,-0.0277198925614357,0.33481431007385254,0.26047128438949585,1.142096996307373,-0.16651058197021484,0.4025227427482605,-1.0870040655136108,-0.9955187439918518,0.09899215400218964,1.297814965248108,1.8297301530838013,-1.5716402530670166,-1.5183161497116089,-0.5247070789337158,-0.5777749419212341,0.5674351453781128,-0.5026774406433105,0.8371776342391968,0.3087185323238373,-0.3026859164237976,0.6594032049179077,-0.16506405174732208,0.33960384130477905,-0.3338475525379181,-0.357009619474411,0.21049664914608002,0.38807034492492676
4.582,0.2123376727104187,0.24063138663768768,-0.19177721440792084,-0.1006082147359848,0.3444518446922302,0.1369185894727707,0.03799434378743172,0.4103720188140869,-0.9111263751983643,0.20000000298023224,0.0,0.0,0.0,0.6548148989677429,-0.03323091194033623,0.341029554605484,0.2558099031448364,1.150630235671997,-0.16321717202663422,0.3989088833332062,-1.0799663066864014,-0.9972555637359619,0.1022314503788948,1.2939608097076416,1.82587730884552,-1.5651044845581055,-1.5147061347961426,-0.4685935378074646,-0.5427276492118835,0.552098274230957,-0.45603957772254944,0.8648828268051147,0.3423829674720764,-0.35543256998062134,0.715318500995636,-0.16413576900959015,0.3179612159729004,-0.3306325078010559,-0.3912840187549591,0.6111600995063782,0.3656134009361267,-1.0746662616729736,-0.005235583987087011,0.9695279002189636,1.2035273313522339,-0.3173684775829315,-0.9436491131782532,1.8599469661712646,-0.7846778631210327,0.5444488525390625,2.818265676498413,-0.9447681307792664,-0.23424407839775085,0.19750697910785675,0.5794223546981812,1.440000057220459,-1.1281639337539673,0.055578432977199554,1.0237241983413696,1.2029811143875122,-0.3409498631954193,-0.9498035311698914,1.8037115335464478,-0.8085543513298035,0.5565671920776367,2.810911178588867,-0.9896687269210815,-0.19653241336345673,0.2533620297908783,0.5562734007835388,-0.5157903432846069,-0.00522235594689846,0.47340959310531616,0.5942825078964233,0.2601208984851837,-0.06388790160417557,0.24411319196224213,-1.0923850536346436,-0.9958693981170654,0.13248705863952637,1.2159454822540283,1.5571470260620117,-1.6353087425231934,-1.4295868873596191,0.6502202749252319,-0.03856436908245087,0.3468431234359741,0.25124770402908325,1.1592952013015747,-0.15962956845760345,0.39580774307250977,-1.0729950666427612,-0.9983237981796265,0.1053624153137207,1.2908680438995361,1.8222298622131348,-1.5599932670593262,-1.5107659101486206,-0.4540441930294037,-0.5273914933204651,0.5911839604377747,-0.4583965837955475,0.8716384768486023,0.3712961971759796,-0.2712482511997223,0.6835776567459106,-0.0651780292391777,0.30967384576797485,-0.2882561981678009,-0.34309983253479004,0.42069995403289795,0.4128381311893463
4.6,0.2123376727104187,0.24063138663768768,-0.19177721440792084,-0.19494551420211792,0.34764063358306885,0.13405375182628632,0.04539203271269798,0.41299575567245483,-0.9096010327339172,0.20000000298023224,0.0,0.0,0.0,0.6462953686714172,-0.04343811795115471,0.35335057973861694,0.24717579782009125,1.1681472063064575,-0.1555931270122528,0.39269131422042847,-1.0658067464828491,-0.9989528059959412,0.10818822681903839,1.2872493267059326,1.8186534643173218,-1.5513148307800293,-1.5068140029907227,-0.3695399761199951,-0.4774338901042938,0.532006561756134,-0.3865692913532257,0.9053676724433899,0.4218897819519043,-0.34152576327323914,0.740882396697998,-0.07407960295677185,0.2761426866054535,-0.24113981425762177,-0.370293527841568,0.818263590335846,0.3964906334877014,-1.1281639337539673,0.055578432977199554,1.0237241983413696,1.2029811143875122,-0.3409498631954193,-0.9498035311698914,1.8037115335464478,-0.8085543513298035,0.5565671920776367,2.810911178588867,-0.9896687269210815,-0.19653241336345673,0.2533620297908783,0.5562734007835388,1.4210000038146973,-1.1757431030273438,0.08732522279024124,1.0621477365493774,1.2016569375991821,-0.34672313928604126,-0.9444709420204163,1.7709717750549316,-0.8138800263404846,0.5629255771636963,2.8096823692321777,-1.021989345550537,-0.1840953677892685,0.3072662651538849,0.5524967908859253,-0.5374146699905396,0.009443135000765324,0.4907088875770569,0.5962463021278381,0.25313615798950195,-0.06333217024803162,0.22709500789642334,-1.0961815118789673,-0.9941497445106506,0.13271328806877136,1.200663447380066,1.5651886463165283,-1.6151962280273438,-1.4344062805175781,0.6462953686714172,-0.04343811795115471,0.35335057973861694,0.24717579782009125,1.1681472063064575,-0.1555931270122528,0.39269131422042847,-1.0658067464828491,-0.9989528059959412,0.10818822681903839,1.2872493267059326,1.8186534643173218,-1.5513148307800293,-1.5068140029907227,-0.3695399761199951,-0.4774338901042938,0.532006561756134,-0.3865692913532257,0.9053676724433899,0.4218897819519043,-0.34152576327323914,0.740882396697998,-0.07407960295677185,0.2761426866054535,-0.24113981425762177,-0.370293527841568,0.818263590335846,0.3964906334877014
4.621,0.26231345534324646,0.2819533944129944,-0.24877393245697021,-0.31281352043151855,0.34923407435417175,0.13713669776916504,0.05289861932396889,0.41765153408050537,-0.9070661067962646,0.20000000298023224,0.0,0.0,0.0,0.6404404044151306,-0.05197340250015259,0.3663460612297058,0.2405000776052475,1.1865744590759277,-0.14634181559085846,0.38649559020996094,-1.0511133670806885,-0.9991178512573242,0.1135270968079567,1.2815935611724854,1.8122326135635376,-1.5310336351394653,-1.4987493753433228,-0.2239234298467636,-0.3862728774547577,0.5673155784606934,-0.2826836109161377,0.9443614482879639,0.4898797869682312,-0.28341907262802124,0.7421625852584839,0.02669581025838852,0.27818217873573303,-0.19337935745716095,-0.2976325750350952,1.0146797895431519,0.41597986221313477,-1.1757431030273438,0.08732522279024124,1.0621477365493774,1.2016569375991821,-0.34672313928604126,-0.9444709420204163,1.7709717750549316,-0.8138800263404846,0.5629255771636963,2.8096823692321777,-1.021989345550537,-0.1840953677892685,0.3072662651538849,0.5524967908859253,1.4010000228881836,-1.2358283996582031,0.1675441563129425,1.1186307668685913,1.1989115476608276,-0.3688931465148926,-0.9540358185768127,1.706039309501648,-0.8391673564910889,0.5837768316268921,2.803398370742798,-1.0867674350738525,-0.14618676900863647,0.38638150691986084,0.5341749787330627,-0.561564564704895,0.03174182027578354,0.5112907886505127,0.5972091555595398,0.24492134153842926,-0.06437788903713226,0.2054423987865448,-1.1026321649551392,-0.989818274974823,0.13192905485630035,1.1802493333816528,1.576504111289978,-1.589250087738037,-1.440528154373169,0.638496994972229,-0.05563749372959137,0.3726949989795685,0.2378162145614624,1.1961241960525513,-0.1413305550813675,0.384374737739563,-1.0439237356185913,-0.9983793497085571,0.11641722172498703,1.2794877290725708,1.809651255607605,-1.5220799446105957,-1.4943506717681885,-0.17230364680290222,-0.35268640518188477,0.6830669045448303,-0.2589792013168335,0.9676015377044678,0.5062656402587891,-0.15524618327617645,0.7018871903419495,0.10774856060743332,0.3053428530693054,-0.2185811549425125,-0.2245502769947052,0.7939715385437012,0.4523545503616333
4.64,0.26231345534324646,0.2819533944129944,-0.24877393245697021,-0.43761003017425537,0.3478473126888275,0.14316260814666748,0.06029962748289108,0.4244286119937897,-0.9034513235092163,0.20000000298023224,0.0,0.0,0.0,0.6376433372497559,-0.058605607599020004,0.3814891576766968,0.23600798845291138,1.2059319019317627,-0.13588503003120422,0.382485568523407,-1.036944031715393,-0.9970998764038086,0.11921388655900955,1.275812029838562,1.807776927947998,-1.508595585823059,-1.4901115894317627,-0.060864806175231934,-0.28860601782798767,0.6541914343833923,-0.16877125203609467,0.9987705945968628,0.5598032474517822,-0.22473032772541046,0.7226549386978149,0.12169130146503448,0.28130248188972473,-0.1921638399362564,-0.22207339107990265,1.1934800148010254,0.4867520332336426,-1.2358283996582031,0.1675441563129425,1.1186307668685913,1.1989115476608276,-0.3688931465148926,-0.9540358185768127,1.706039309501648,-0.8391673564910889,0.5837768316268921,2.803398370742798,-1.0867674350738525,-0.14618676900863647,0.38638150691986084,0.5341749787330627,1.38100004196167,-1.2849920988082886,0.2102949470281601,1.1565040349960327,1.2059283256530762,-0.36883294582366943,-0.9444438815116882,1.6729731559753418,-0.8349350690841675,0.5918236374855042,2.799992322921753,-1.1403337717056274,-0.1233871653676033,0.4644069969654083,0.5330044627189636,-0.5858440399169922,0.05376351624727249,0.5313791632652283,0.5989356637001038,0.23917999863624573,-0.06367110460996628,0.18532565236091614,-1.1065127849578857,-0.985579252243042,0.13086917996406555,1.1579244136810303,1.587844729423523,-1.5593839883804321,-1.4449889659881592,0.6376433372497559,-0.058605607599020004,0.3814891576766968,0.23600798845291138,1.2059319019317627,-0.13588503003120422,0.382485568523407,-1.036944031715393,-0.9970998764038086,0.11921388655900955,1.275812029838562,1.807776927947998,-1.508595585823059,-1.4901115894317627,-0.060864806175231934,-0.28860601782798767,0.6541914343833923,-0.16877125203609467,0.9987705945968628,0.5598032474517822,-0.22473032772541046,0.7226549386978149,0.12169130146503448,0.28130248188972473,-0.1921638399362564,-0.22207339107990265,1.1934800148010254,0.4867520332336426
4.661,0.3201304078102112,0.3215272128582001,-0.31268414855003357,-0.5802434682846069,0.3529456555843353,0.16538633406162262,0.06785327196121216,0.4335950016975403,-0.8985495567321777,0.20000000298023224,0.0,0.0,0.0,0.6385442614555359,-0.06315580010414124,0.3973413109779358,0.2340112030506134,1.2262227535247803,-0.12404768168926239,0.37962210178375244,-1.0226951837539673,-0.9931221008300781,0.12535060942173004,1.2707221508026123,1.8049591779708862,-1.4812897443771362,-1.4807664155960083,0.14051388204097748,-0.1803589165210724,0.6789702773094177,-0.025694865733385086,1.0391496419906616,0.6300889253616333,-0.14684993028640747,0.7415019273757935,0.22269898653030396,0.3141212463378906,-0.18244007229804993,-0.12561361491680145,1.486498236656189,0.4597151577472687,-1.2849920988082886,0.2102949470281601,1.1565040349960327,1.2059283256530762,-0.36883294582366943,-0.9444438815116882,1.6729731559753418,-0.8349350690841675,0.5918236374855042,2.799992322921753,-1.1403337717056274,-0.1233871653676033,0.4644069969654083,0.5330044627189636,1.3609999418258667,-1.347359299659729,0.30442437529563904,1.203866958618164,1.2063348293304443,-0.3899860084056854,-0.9610006213188171,1.6040743589401245,-0.8600207567214966,0.6165962815284729,2.795424222946167,-1.2219650745391846,-0.08190350234508514,0.557561993598938,0.5163864493370056,-0.6121947169303894,0.08329811692237854,0.552545428276062,0.6002051830291748,0.2319881021976471,-0.06565986573696136,0.16090911626815796,-1.1129920482635498,-0.9788960218429565,0.12944206595420837,1.1300523281097412,1.6020058393478394,-1.524504542350769,-1.4506043195724487,0.6385442614555359,-0.06315580010414124,0.3973413109779358,0.2340112030506134,1.2262227535247803,-0.12404768168926239,0.37962210178375244,-1.0226951837539673,-0.9931221008300781,0.12535060942173004,1.2707221508026123,1.8049591779708862,-1.4812897443771362,-1.4807664155960083,0.14051388204097748,-0.1803589165210724,0.6789702773094177,-0.025694865733385086,1.0391496419906616,0.6300889253616333,-0.14684993028640747,0.7415019273757935,0.22269898653030396,0.3141212463378906,-0.18244007229804993,-0.12561361491680145,1.486498236656189,0.4597151577472687
4.68,0.3201304078102112,0.3215272128582001,-0.31268414855003357,-0.7216642498970032,0.3619871437549591,0.19746744632720947,0.07578793168067932,0.4451325237751007,-0.8922517895698547,0.20000000298023224,0.0,0.0,0.0,0.643532395362854,-0.06564255803823471,0.41373562812805176,0.2352316975593567,1.2474315166473389,-0.11098204553127289,0.37861183285713196,-1.0085242986679077,-0.9873210191726685,0.1324194371700287,1.265005111694336,1.8044191598892212,-1.447903037071228,-1.4721583127975464,0.34957218170166016,-0.08157557249069214,0.7276558876037598,0.121299609541893,1.081915259361267,0.6825308799743652,-0.04012901708483696,0.7136190533638,0.3234058916568756,0.3840946853160858,-0.2580784261226654,-0.004090926144272089,1.8068876266479492,0.5005289912223816,-1.347359299659729,0.30442437529563904,1.203866958618164,1.2063348293304443,-0.3899860084056854,-0.9610006213188171,1.6040743589401245,-0.8600207567214966,0.6165962815284729,2.795424222946167,-1.2219650745391846,-0.08190350234508514,0.557561993598938,0.5163864493370056,1.340999960899353,-1.3938978910446167,0.36104658246040344,1.2285237312316895,1.2155866622924805,-0.3885975182056427,-0.9559455513954163,1.570481777191162,-0.8567460179328918,0.6252528429031372,2.7910420894622803,-1.283502221107483,-0.058232247829437256,0.642092227935791,0.5168304443359375,-0.6376209855079651,0.11246566474437714,0.5710603594779968,0.6024816036224365,0.22716203331947327,-0.06629373878240585,0.1387786567211151,-1.1170363426208496,-0.9729193449020386,0.12778575718402863,1.101311206817627,1.615469217300415,-1.4874093532562256,-1.4544684886932373,0.643532395362854,-0.06564255803823471,0.41373562812805176,0.2352316975593567,1.2474315166473389,-0.11098204553127289,0.37861183285713196,-1.0085242986679077,-0.9873210191726685,0.1324194371700287,1.265005111694336,1.8044191598892212,-1.447903037071228,-1.4721583127975464,0.34957218170166016,-0.08157557249069214,0.7276558876037598,0.121299609541893,1.081915259361267,0.6825308799743652,-0.04012901708483696,0.7136190533638,0.3234058916568756,0.3840946853160858,-0.2580784261226654,-0.004090926144272089,1.8068876266479492,0.5005289912223816
4.701,0.380648672580719,0.3691873550415039,-0.40752217173576355,-0.8817064166069031,0.38097086548805237,0.24592825770378113,0.08438467979431152,0.45928895473480225,-0.8842697143554688,0.20000000298023224,0.0,0.0,0.0,0.6533210873603821,-0.06592661887407303,0.43184471130371094,0.23974952101707458,1.269535779953003,-0.09657289832830429,0.3792825937271118,-0.9944010972976685,-0.9798663854598999,0.14045695960521698,1.2572033405303955,1.8057013750076294,-1.4068745374679565,-1.4626964330673218,0.6078425645828247,0.03296242281794548,0.8608821630477905,0.2976166903972626,1.1255351305007935,0.749735951423645,0.06418164074420929,0.7212254405021667,0.4056100845336914,0.4358081817626953,-0.3906056582927704,0.07980382442474365,2.1313669681549072,0.5275551080703735,-1.3938978910446167,0.36104658246040344,1.2285237312316895,1.2155866622924805,-0.3885975182056427,-0.9559455513954163,1.570481777191162,-0.8567460179328918,0.6252528429031372,2.7910420894622803,-1.283502221107483,-0.058232247829437256,0.642092227935791,0.5168304443359375,1.3209999799728394,-1.4557435512542725,0.47049006819725037,1.2716463804244995,1.2297827005386353,-0.4192628860473633,-0.9703664183616638,1.4997118711471558,-0.8767993450164795,0.6658537983894348,2.78397536277771,-1.3946106433868408,-0.01964549906551838,0.7572014331817627,0.5038033723831177,-0.664696216583252,0.1492994725704193,0.5904892086982727,0.6062045097351074,0.21918398141860962,-0.06890058517456055,0.1126718521118164,-1.1228753328323364,-0.9626454710960388,0.12556633353233337,1.0645263195037842,1.6306815147399902,-1.444176435470581,-1.459127426147461,0.6599048972129822,-0.06541747599840164,0.44099733233451843,0.24297921359539032,1.2809250354766846,-0.08908910304307938,0.3808231055736542,-0.987245500087738,-0.9754968285560608,0.14517083764076233,1.2528847455978394,1.8067493438720703,-1.386404275894165,-1.4573804140090942,0.7004407644271851,0.06410706043243408,0.9844059348106384,0.3436063826084137,1.1568421125411987,0.7457672357559204,0.22575019299983978,0.7102225422859192,0.4550808370113373,0.5049583315849304,-0.4715605080127716,0.12906111776828766,1.9327961206436157,0.531480610370636
4.72,0.380648672580719,0.3691873550415039,-0.40752217173576355,-1.025917887687683,0.40240025520324707,0.29573413729667664,0.09373532980680466,0.4757416546344757,-0.874576210975647,0.20000000298023224,0.0,0.0,0.0,0.6679486632347107,-0.0643046572804451,0.45294180512428284,0.24766302108764648,1.292446494102478,-0.08116558939218521,0.38272953033447266,-0.980547308921814,-0.970522940158844,0.1499810516834259,1.2462886571884155,1.8092331886291504,-1.361469030380249,-1.4534025192260742,0.8477470278739929,0.1178155243396759,1.0094600915908813,0.4472092092037201,1.1616324186325073,0.8087220788002014,0.18408839404582977,0.7007829546928406,0.5101739168167114,0.49543488025665283,-0.5522853136062622,0.17081578075885773,2.341965913772583,0.5942155718803406,-1.4557435512542725,0.47049006819725037,1.2716463804244995,1.2297827005386353,-0.4192628860473633,-0.9703664183616638,1.4997118711471558,-0.8767993450164795,0.6658537983894348,2.78397536277771,-1.3946106433868408,-0.01964549906551838,0.7572014331817627,0.5038033723831177,1.3009999990463257,-1.4988926649093628,0.5317803621292114,1.284997820854187,1.2586079835891724,-0.4223257899284363,-0.9632505774497986,1.4701008796691895,-0.8637344837188721,0.6779057383537292,2.775939464569092,-1.4761006832122803,0.006921736057847738,0.8519893288612366,0.5028913617134094,-0.6901212930679321,0.18427668511867523,0.606092095375061,0.6131343245506287,0.21313990652561188,-0.06965799629688263,0.08995543420314789,-1.1250028610229492,-0.9536460041999817,0.1228073462843895,1.0265532732009888,1.6453152894973755,-1.3996951580047607,-1.462525486946106,0.6679486632347107,-0.0643046572804451,0.45294180512428284,0.24766302108764648,1.292446494102478,-0.08116558939218521,0.38272953033447266,-0.980547308921814,-0.970522940158844,0.1499810516834259,1.2462886571884155,1.8092331886291504,-1.361469030380249,-1.4534025192260742,0.8477470278739929,0.1178155243396759,1.0094600915908813,0.4472092092037201,1.1616324186325073,0.8087220788002014,0.18408839404582977,0.7007829546928406,0.5101739168167114,0.49543488025665283,-0.5522853136062622,0.17081578075885773,2.341965913772583,0.5942155718803406
4.74,0.43851640820503235,0.42798373103141785,-0.5167832374572754,-1.1672617197036743,0.4412664771080017,0.35940420627593994,0.10427165031433105,0.4944147765636444,-0.8629492521286011,0.20000000298023224,0.0,0.0,0.0,0.6877713203430176,-0.06095801666378975,0.4769684374332428,0.2588760256767273,1.3156226873397827,-0.06439798325300217,0.38758206367492676,-0.9664466381072998,-0.958771824836731,0.16046510636806488,1.2315177917480469,1.8141146898269653,-1.3085776567459106,-1.4434022903442383,1.1138349771499634,0.20078317821025848,1.1830053329467773,0.6140666604042053,1.1591575145721436,0.869175136089325,0.27960097789764404,0.741417407989502,0.6463631987571716,0.5473766326904297,-0.7953920960426331,0.21331855654716492,2.717139959335327,0.5872265100479126,-1.4988926649093628,0.5317803621292114,1.284997820854187,1.2586079835891724,-0.4223257899284363,-0.9632505774497986,1.4701008796691895,-0.8637344837188721,0.6779057383537292,2.775939464569092,-1.4761006832122803,0.006921736057847738,0.8519893288612366,0.5028913617134094,1.281000018119812,-1.5545974969863892,0.6542612314224243,1.3255285024642944,1.2987468242645264,-0.46782979369163513,-0.9775988459587097,1.4081692695617676,-0.8774310946464539,0.7356565594673157,2.7659239768981934,-1.6055266857147217,0.036527328193187714,0.9704833626747131,0.4900261163711548,-0.7162744998931885,0.2271328568458557,0.6230937242507935,0.6240060329437256,0.20208346843719482,-0.07234042882919312,0.06476420164108276,-1.1285467147827148,-0.9386837482452393,0.11937373876571655,0.9805582761764526,1.6599998474121094,-1.3507840633392334,-1.4668339490890503,0.6877713203430176,-0.06095801666378975,0.4769684374332428,0.2588760256767273,1.3156226873397827,-0.06439798325300217,0.38758206367492676,-0.9664466381072998,-0.958771824836731,0.16046510636806488,1.2315177917480469,1.8141146898269653,-1.3085776567459106,-1.4434022903442383,1.1138349771499634,0.20078317821025848,1.1830053329467773,0.6140666604042053,1.1591575145721436,0.869175136089325,0.27960097789764404,0.741417407989502,0.6463631987571716,0.5473766326904297,-0.7953920960426331,0.21331855654716492,2.717139959335327,0.5872265100479126
4.761,0.43851640820503235,0.42798373103141785,-0.5167832374572754,-1.3013266324996948,0.4937833845615387,0.42753347754478455,0.11625251173973083,0.5148516297340393,-0.8493604063987732,0.20000000298023224,0.0,0.0,0.0,0.7124399542808533,-0.05647135525941849,0.5036632418632507,0.27287501096725464,1.3388570547103882,-0.04681648313999176,0.3954278528690338,-0.9515988230705261,-0.9442890286445618,0.1723307967185974,1.2123583555221558,1.8195233345031738,-1.2530840635299683,-1.4334850311279297,1.3636853694915771,0.25290337204933167,1.3625127077102661,0.7594265341758728,1.1547951698303223,0.9290105104446411,0.40940672159194946,0.7656717896461487,0.8046939969062805,0.5830619931221008,-1.0612198114395142,0.24234455823898315,2.9081547260284424,0.6102970242500305,-1.5545974969863892,0.6542612314224243,1.3255285024642944,1.2987468242645264,-0.46782979369163513,-0.9775988459587097,1.4081692695617676,-0.8774310946464539,0.7356565594673157,2.7659239768981934,-1.6055266857147217,0.036527328193187714,0.9704833626747131,0.4900261163711548,1.2610000371932983,-1.590211272239685,0.7240586280822754,1.3296504020690918,1.3519963026046753,-0.4854269027709961,-0.9723617434501648,1.3865046501159668,-0.8546158075332642,0.7586012482643127,2.754390239715576,-1.6913238763809204,0.052653227001428604,1.0549973249435425,0.4867400527000427,-0.7399238348007202,0.26760178804397583,0.635613203048706,0.6396036744117737,0.1917043924331665,-0.0734325647354126,0.043880645185709,-1.1276050806045532,-0.9247684478759766,0.11524014919996262,0.9354921579360962,1.6726977825164795,-1.3038692474365234,-1.4703426361083984,0.7124399542808533,-0.05647135525941849,0.5036632418632507,0.27287501096725464,1.3388570547103882,-0.04681648313999176,0.3954278528690338,-0.9515988230705261,-0.9442890286445618,0.1723307967185974,1.2123583555221558,1.8195233345031738,-1.2530840635299683,-1.4334850311279297,1.3636853694915771,0.25290337204933167,1.3625127077102661,0.7594265341758728,1.1547951698303223,0.9290105104446411,0.40940672159194946,0.7656717896461487,0.8046939969062805,0.5830619931221008,-1.0612198114395142,0.24234455823898315,2.9081547260284424,0.6102970242500305
4.78,0.48628470301628113,0.507422685623169,-0.6338291168212891,-1.4142155647277832,0.5629087686538696,0.5044971108436584,0.13008125126361847,0.5366668105125427,-0.8337071537971497,0.20000000298023224,0.0,0.0,0.0,0.7418782711029053,-0.05132795125246048,0.5330641269683838,0.28939518332481384,1.3614243268966675,-0.0282728411257267,0.405220627784729,-0.9358989596366882,-0.9260751605033875,0.18511272966861725,1.1885217428207397,1.8248341083526611,-1.1941375732421875,-1.4238135814666748,1.6006090641021729,0.2743818163871765,1.529281497001648,0.8584828972816467,1.1074259281158447,0.9795816540718079,0.492465078830719,0.8422358632087708,1.0017902851104736,0.611336350440979,-1.3340367078781128,0.16421352326869965,3.1114463806152344,0.6422569155693054,-1.590211272239685,0.7240586280822754,1.3296504020690918,1.3519963026046753,-0.4854269027709961,-0.9723617434501648,1.3865046501159668,-0.8546158075332642,0.7586012482643127,2.754390239715576,-1.6913238763809204,0.052653227001428604,1.0549973249435425,0.4867400527000427,1.2410000562667847,-1.6290323734283447,0.8543980121612549,1.380061388015747,1.4132553339004517,-0.5624826550483704,-0.9809688925743103,1.3414487838745117,-0.8536486029624939,0.842198371887207,2.732495069503784,-1.8137383460998535,0.06305091828107834,1.1528360843658447,0.47228747606277466,-0.762301504611969,0.31548094749450684,0.6519384384155273,0.6597108840942383,0.17288067936897278,-0.0754881352186203,0.022503776475787163,-1.1268008947372437,-0.9024881720542908,0.10906236618757248,0.885583758354187,1.6831461191177368,-1.2563530206680298,-1.4749666452407837,0.7418782711029053,-0.05132795125246048,0.5330641269683838,0.28939518332481384,1.3614243268966675,-0.0282728411257267,0.405220627784729,-0.9358989596366882,-0.9260751605033875,0.18511272966861725,1.1885217428207397,1.8248341083526611,-1.1941375732421875,-1.4238135814666748,1.6006090641021729,0.2743818163871765,1.529281497001648,0.8584828972816467,1.1074259281158447,0.9795816540718079,0.492465078830719,0.8422358632087708,1.0017902851104736,0.611336350440979,-1.3340367078781128,0.16421352326869965,3.1114463806152344,0.6422569155693054
4.8,0.48628470301628113,0.507422685623169,-0.6338291168212891,-1.5475713014602661,0.6687143445014954,0.6038362383842468,0.14638757705688477,0.5596978068351746,-0.8156647682189941,0.20000000298023224,0.0,0.0,0.0,0.775757908821106,-0.04595617949962616,0.5645561814308167,0.3085003197193146,1.3821847438812256,-0.008298504166305065,0.4157537817955017,-0.9187462329864502,-0.9020869135856628,0.19748413562774658,1.1604912281036377,1.828872799873352,-1.1313660144805908,-1.4149980545043945,1.8672802448272705,0.2942708134651184,1.6488382816314697,0.9934573769569397,1.0434569120407104,1.0467952489852905,0.5698680281639099,0.9130351543426514,1.2235157489776611,0.5758265256881714,-1.5692839622497559,0.06736188381910324,3.2904937267303467,0.6214441657066345,-1.6290323734283447,0.8543980121612549,1.380061388015747,1.4132553339004517,-0.5624826550483704,-0.9809688925743103,1.3414487838745117,-0.8536486029624939,0.842198371887207,2.732495069503784,-1.8137383460998535,0.06305091828107834,1.1528360843658447,0.47228747606277466,1.2209999561309814,-1.6570887565612793,0.9365079998970032,1.3842042684555054,1.4768067598342896,-0.6077640056610107,-0.9848049283027649,1.325990080833435,-0.8277801871299744,0.8816909193992615,2.7188034057617188,-1.8847415447235107,0.061345670372247696,1.2095826864242554,0.4626438021659851,-0.7821743488311768,0.3613128662109375,0.6639875769615173,0.6833186149597168,0.15291187167167664,-0.07750242948532104,0.005221163854002953,-1.1223576068878174,-0.8809680938720703,0.10268416255712509,0.839997410774231,1.69020414352417,-1.214579701423645,-1.4796501398086548,0.7945567965507507,-0.043380290269851685,0.579673707485199,0.3184644877910614,1.392388105392456,0.0017963183345273137,0.4216405749320984,-0.909631073474884,-0.8893741965293884,0.2039109170436859,1.146325945854187,1.8292665481567383,-1.1038354635238647,-1.4089086055755615,1.892555594444275,0.22511695325374603,1.4200677871704102,1.0044114589691162,1.0208038091659546,0.9813603758811951,0.5916969180107117,0.9053795337677002,1.288613200187683,0.6959267258644104,-1.290131688117981,0.03188902884721756,2.418238401412964,0.5720773339271545
4.82,0.5207452178001404,0.6129893660545349,-0.7478798031806946,-1.6710429191589355,0.8120954632759094,0.7200613617897034,0.16590221226215363,0.583484411239624,-0.7949983477592468,0.20000000298023224,0.0,0.0,0.0,0.8141764998435974,-0.040841273963451385,0.5960007309913635,0.3302622437477112,1.4012749195098877,0.012354995124042034,0.42700260877609253,-0.9006014466285706,-0.8735365867614746,0.20979967713356018,1.1309508085250854,1.8310234546661377,-1.0730453729629517,-1.4077880382537842,2.1033945083618164,0.27543410658836365,1.673736572265625,1.2011842727661133,0.9365784525871277,1.0829709768295288,0.5600684881210327,0.9248597621917725,1.482664704322815,0.5477316379547119,-1.6762388944625854,0.07173670083284378,3.182253360748291,0.25440332293510437,-1.6570887565612793,0.9365079998970032,1.3842042684555054,1.4768067598342896,-0.6077640056610107,-0.9848049283027649,1.325990080833435,-0.8277801871299744,0.8816909193992615,2.7188034057617188,-1.8847415447235107,0.061345670372247696,1.2095826864242554,0.4626438021659851,1.2009999752044678,-1.6758195161819458,1.0972392559051514,1.455482840538025,1.5302553176879883,-0.710822582244873,-1.002827763557434,1.296370267868042,-0.82381671667099,0.9902651906013489,2.6914169788360596,-1.986947774887085,0.05800151824951172,1.2683995962142944,0.4421498775482178,-0.7988949418067932,0.4175048768520355,0.6831137537956238,0.7078613042831421,0.12347492575645447,-0.0816158652305603,-0.011319637298583984,-1.1186528205871582,-0.8496178984642029,0.09411145746707916,0.7927559614181519,1.6946431398391724,-1.176515817642212,-1.4860025644302368,0.8141764998435974,-0.040841273963451385,0.5960007309913635,0.3302622437477112,1.4012749195098877,0.012354995124042034,0.42700260877609253,-0.9006014466285706,-0.8735365867614746,0.20979967713356018,1.1309508085250854,1.8310234546661377,-1.0730453729629517,-1.4077880382537842,2.1033945083618164,0.27543410658836365,1.673736572265625,1.2011842727661133,0.9365784525871277,1.0829709768295288,0.5600684881210327,0.9248597621917725,1.482664704322815,0.5477316379547119,-1.6762388944625854,0.07173670083284378,3.182253360748291,0.25440332293510437
4.841,0.5207452178001404,0.6129893660545349,-0.7478798031806946,-1.8488034009933472,1.009865164756775,0.8614413142204285,0.1896236687898636,0.6083508729934692,-0.7706828713417053,0.20000000298023224,0.0,0.0,0.0,0.8579878211021423,-0.03564022481441498,0.6289637684822083,0.35677099227905273,1.417709469795227,0.0340435765683651,0.4370649755001068,-0.8832839727401733,-0.8391941785812378,0.22034038603305817,1.0988909006118774,1.83248770236969,-1.0161495208740234,-1.4059584140777588,2.3949038982391357,0.2893325090408325,1.6664032936096191,1.4447332620620728,0.771960973739624,1.1174750328063965,0.5011588335037231,0.8364487886428833,1.8064441680908203,0.4474163055419922,-1.7255924940109253,-0.015018505975604057,2.7800910472869873,0.13190925121307373,-1.6758195161819458,1.0972392559051514,1.455482840538025,1.5302553176879883,-0.710822582244873,-1.002827763557434,1.296370267868042,-0.82381671667099,0.9902651906013489,2.6914169788360596,-1.986947774887085,0.05800151824951172,1.2683995962142944,0.4421498775482178,1.180999994277954,-1.703944206237793,1.1937720775604248,1.4821503162384033,1.5672342777252197,-0.7696390151977539,-1.0347388982772827,1.2802447080612183,-0.7951720952987671,1.042190432548523,2.6876227855682373,-2.03790545463562,0.047991540282964706,1.2799890041351318,0.4284632205963135,-0.8148180842399597,0.4713192284107208,0.7005021572113037,0.7305880784988403,0.09404660016298294,-0.08928193897008896,-0.025317031890153885,-1.1117627620697021,-0.8198839426040649,0.08754143118858337,0.7520433068275452,1.696249008178711,-1.1481328010559082,-1.4925023317337036,0.8820202350616455,-0.03313787281513214,0.6445190906524658,0.37135225534439087,1.4250119924545288,0.04468144103884697,0.44176313281059265,-0.8757503032684326,-0.8203984498977661,0.22538913786411285,1.0835586786270142,1.8318915367126465,-0.9926575422286987,-1.404323697090149,2.4053070545196533,0.20980656147003174,1.46295964717865,1.47934091091156,0.7121686935424805,1.0190727710723877,0.43168240785598755,0.679772138595581,1.9213660955429077,0.5538817048072815,-1.369238018989563,-0.05729812756180763,2.004199743270874,0.17461499571800232
4.861,0.5528307557106018,0.7517947554588318,-0.8522199988365173,-1.9957382678985596,1.2740851640701294,1.041519045829773,0.21876631677150726,0.6332862377166748,-0.7423542737960815,0.20000000298023224,0.0,0.0,0.0,0.9049739241600037,-0.031131960451602936,0.6598066687583923,0.38747626543045044,1.4307496547698975,0.05508700758218765,0.4449710547924042,-0.8693131804466248,-0.7974511384963989,0.2303306609392166,1.0690882205963135,1.8321937322616577,-0.9703074097633362,-1.4057948589324951,2.4901504516601562,0.24257627129554749,1.6409554481506348,1.7068889141082764,0.4475337862968445,1.0969687700271606,0.24391776323318481,0.6785767078399658,2.2709217071533203,0.35762548446655273,-1.677849531173706,-0.11593779921531677,2.39648699760437,-0.39896512031555176,-1.703944206237793,1.1937720775604248,1.4821503162384033,1.5672342777252197,-0.7696390151977539,-1.0347388982772827,1.2802447080612183,-0.7951720952987671,1.042190432548523,2.6876227855682373,-2.03790545463562,0.047991540282964706,1.2799890041351318,0.4284632205963135,1.1610000133514404,-1.68868088722229,1.3822007179260254,1.5702590942382812,1.5584557056427002,-0.8850233554840088,-1.0700922012329102,1.2636277675628662,-0.7951712012290955,1.1646555662155151,2.655787706375122,-2.1136410236358643,0.040968168526887894,1.2986810207366943,0.39564722776412964,-0.8236747980117798,0.5372535586357117,0.7258903980255127,0.7451800107955933,0.05613911896944046,-0.09995118528604507,-0.03760774806141853,-1.106939673423767,-0.7807004451751709,0.0781671553850174,0.7121841907501221,1.6963194608688354,-1.1254608631134033,-1.5019745826721191,0.8923481106758118,-0.03920873627066612,0.6593776941299438,0.3919181525707245,1.426925778388977,0.06627044826745987,0.45012998580932617,-0.868685781955719,-0.7651406526565552,0.2368941754102707,1.0584546327590942,1.8453545570373535,-0.9510304927825928,-1.408273458480835,-9.499082565307617,-3.224740743637085,-2.8501720428466797,-2.0176546573638916,1.9189475774765015,0.9573686718940735,0.41321322321891785,-1.34031343460083,5.951603889465332,1.3733354806900024,0.35219287872314453,4.299500465393066,1.6106239557266235,0.30377474427223206
4.88,0.5528307557106018,0.7517947554588318,-0.8522199988365173,2.3010640144348145,0.13704469799995422,0.963295578956604,0.22943022847175598,0.6020538210868835,-0.7647829055786133,0.20000000298023224,0.0,0.0,0.0,0.7902751564979553,-0.07575686275959015,0.637860119342804,0.36847782135009766,1.43019700050354,0.07776054739952087,0.4550737738609314,-0.8771737813949585,-0.7045542001724243,0.24307948350906372,1.0358823537826538,1.871591329574585,-0.9311413168907166,-1.4011504650115967,-9.4334077835083,-3.6600677967071533,-1.7856565713882446,-2.3370304107666016,-0.42606493830680847,1.1208475828170776,-0.5540910363197327,-0.8444342613220215,5.998308181762695,0.3010328710079193,-1.4584438800811768,2.210907220840454,1.9115893840789795,0.6632521748542786,-1.68868088722229,1.3822007179260254,1.5702590942382812,1.5584557056427002,-0.8850233554840088,-1.0700922012329102,1.2636277675628662,-0.7951712012290955,1.1646555662155151,2.655787706375122,-2.1136410236358643,0.040968168526887894,1.2986810207366943,0.39564722776412964,1.1410000324249268,-0.6973446607589722,1.4927369356155396,1.4138907194137573,1.601536750793457,-0.5334556698799133,-0.6784816980361938,1.2531352043151855,-0.7288311123847961,0.9678816795349121,2.3064403533935547,-2.0637059211730957,0.004891873337328434,1.3286224603652954,0.18676745891571045,-0.6811740398406982,0.5999880433082581,0.7202069163322449,0.7618564963340759,0.08233903348445892,-0.04867808520793915,-0.04778513312339783,-1.0936124324798584,-0.7827880382537842,0.019203055649995804,0.6917730569839478,1.6909573078155518,-1.1050992012023926,-1.5399370193481445,0.7902751564979553,-0.07575686275959015,0.637860119342804,0.36847782135009766,1.43019700050354,0.07776054739952087,0.4550737738609314,-0.8771737813949585,-0.7045542001724243,0.24307948350906372,1.0358823537826538,1.871591329574585,-0.9311413168907166,-1.4011504650115967,-9.4334077835083,-3.6600677967071533,-1.7856565713882446,-2.3370304107666016,-0.42606493830680847,1.1208475828170776,-0.5540910363197327,-0.8444342613220215,5.998308181762695,0.3010328710079193,-1.4584438800811768,2.210907220840454,1.9115893840789795,0.6632521748542786
4.9,0.20919151604175568,0.7640810608863831,-0.8598153591156006,1.081923007965088,-0.15880440175533295,0.08791480213403702,0.2362935096025467,0.5723018646240234,-0.7852616906166077,0.20000000298023224,0.0,0.0,0.0,0.618858277797699,-0.13314782083034515,0.606273889541626,0.33179768919944763,1.4169937372207642,0.09314850717782974,0.4428189992904663,-0.8863441348075867,-0.6084134578704834,0.2458178550004959,1.016885757446289,1.902183175086975,-0.9013655185699463,-1.4023629426956177,-3.4120800495147705,-1.930857539176941,-1.7294245958328247,-1.5490901470184326,-0.8358979821205139,0.6047134399414062,0.3498201072216034,-0.11655046045780182,4.045473098754883,-0.040378645062446594,-0.6272827982902527,1.3226513862609863,0.7260826230049133,-0.7309429049491882,-0.6973446607589722,1.4927369356155396,1.4138907194137573,1.601536750793457,-0.5334556698799133,-0.6784816980361938,1.2531352043151855,-0.7288311123847961,0.9678816795349121,2.3064403533935547,-2.0637059211730957,0.004891873337328434,1.3286224603652954,0.18676745891571045,1.121000051498413,-1.366096019744873,1.0206304788589478,1.7469847202301025,1.752589225769043,-0.47904086112976074,-0.7466182112693787,1.2152535915374756,-0.8143302798271179,0.9820041060447693,2.59275221824646,-2.1953184604644775,-0.0219251848757267,1.3852202892303467,0.3559795022010803,-0.6817362308502197,0.5730862021446228,0.7661925554275513,0.7961879968643188,0.1088411957025528,-0.02300739288330078,-0.060591548681259155,-1.097108244895935,-0.782131016254425,0.02087496966123581,0.6577433347702026,1.6831812858581543,-1.082356333732605,-1.5411288738250732,0.618858277797699,-0.13314782083034515,0.606273889541626,0.33179768919944763,1.4169937372207642,0.09314850717782974,0.4428189992904663,-0.8863441348075867,-0.6084134578704834,0.2458178550004959,1.016885757446289,1.902183175086975,-0.9013655185699463,-1.4023629426956177,-3.4120800495147705,-1.930857539176941,-1.7294245958328247,-1.5490901470184326,-0.8358979821205139,0.6047134399414062,0.3498201072216034,-0.11655046045780182,4.045473098754883,-0.040378645062446594,-0.6272827982902527,1.3226513862609863,0.7260826230049133,-0.7309429049491882
4.92,0.20919151604175568,0.7640810608863831,-0.8598153591156006,-0.42709046602249146,-0.12060143053531647,0.09480997920036316,0.23513953387737274,0.5682609677314758,-0.7885358929634094,0.20000000298023224,0.0,0.0,0.0,0.596583366394043,-0.14722079038619995,0.5983783602714539,0.32185670733451843,1.4066822528839111,0.10770349204540253,0.4463919401168823,-0.8779369592666626,-0.5765713453292847,0.23187746107578278,1.0065336227416992,1.9125862121582031,-0.8857939839363098,-1.4209998846054077,0.14976835250854492,0.2261503040790558,0.6427319049835205,0.3435764014720917,-0.1627168208360672,0.7760242223739624,-0.28226861357688904,0.6260553598403931,0.928459882736206,-1.1180483102798462,-0.11796409636735916,0.0015746712451800704,0.8131710290908813,-0.9224931597709656,-1.366096019744873,1.0206304788589478,1.7469847202301025,1.752589225769043,-0.47904086112976074,-0.7466182112693787,1.2152535915374756,-0.8143302798271179,0.9820041060447693,2.59275221824646,-2.1953184604644775,-0.0219251848757267,1.3852202892303467,0.3559795022010803,1.1009999513626099,-1.5961796045303345,0.8734393119812012,1.7448935508728027,1.9193534851074219,-0.6535086035728455,-0.7381584048271179,1.269822597503662,-0.7218511700630188,1.0066289901733398,2.6612820625305176,-2.3992810249328613,-0.0349031463265419,1.5389076471328735,0.43075448274612427,-0.7166423201560974,0.5321762561798096,0.7980687618255615,0.8452346324920654,0.10122254490852356,-0.0037689348682761192,-0.06137068569660187,-1.0856833457946777,-0.7779774069786072,0.032324787229299545,0.6033282279968262,1.6757913827896118,-1.043383240699768,-1.5307470560073853,0.596583366394043,-0.14722079038619995,0.5983783602714539,0.32185670733451843,1.4066822528839111,0.10770349204540253,0.4463919401168823,-0.8779369592666626,-0.5765713453292847,0.23187746107578278,1.0065336227416992,1.9125862121582031,-0.8857939839363098,-1.4209998846054077,0.14976835250854492,0.2261503040790558,0.6427319049835205,0.3435764014720917,-0.1627168208360672,0.7760242223739624,-0.28226861357688904,0.6260553598403931,0.928459882736206,-1.1180483102798462,-0.11796409636735916,0.0015746712451800704,0.8131710290908813,-0.9224931597709656
4.9399999999999995,0.1367388218641281,0.7128564715385437,-0.8747913837432861,-0.8702206611633301,-0.08424186706542969,0.18455491960048676,0.234943225979805,0.5788530707359314,-0.7808526158332825,0.20000000298023224,0.0,0.0,0.0,0.620244562625885,-0.13287238776683807,0.6242053508758545,0.33771422505378723,1.4023048877716064,0.12799663841724396,0.4399511218070984,-0.8628661036491394,-0.5694700479507446,0.19943876564502716,1.001988172531128,1.906770944595337,-0.8640429377555847,-1.4365780353546143,1.7602006196975708,0.945574939250946,1.5981889963150024,1.0315463542938232,-0.2167281210422516,1.240559697151184,-0.40562841296195984,0.778247594833374,0.16409459710121155,-2.003443956375122,-0.33307692408561707,-0.39423176646232605,1.2105786800384521,-0.59678053855896,-1.5961796045303345,0.8734393119812012,1.7448935508728027,1.9193534851074219,-0.6535086035728455,-0.7381584048271179,1.269822597503662,-0.7218511700630188,1.0066289901733398,2.6612820625305176,-2.3992810249328613,-0.0349031463265419,1.5389076471328735,0.43075448274612427,1.0809999704360962,-1.6847155094146729,0.79088294506073,1.6923038959503174,2.032717704772949,-0.6244183778762817,-0.7108249068260193,1.336932897567749,-0.5993847846984863,1.0387552976608276,2.6674411296844482,-2.499314785003662,-0.10179495811462402,1.5935063362121582,0.49848833680152893,-0.7543569803237915,0.49115580320358276,0.8124936819076538,0.896571934223175,0.10025302320718765,0.013798009604215622,-0.05184953659772873,-1.0593160390853882,-0.7702508568763733,0.04126351699233055,0.5502325296401978,1.6605846881866455,-1.007912278175354,-1.513319730758667,0.620244562625885,-0.13287238776683807,0.6242053508758545,0.33771422505378723,1.4023048877716064,0.12799663841724396,0.4399511218070984,-0.8628661036491394,-0.5694700479507446,0.19943876564502716,1.001988172531128,1.906770944595337,-0.8640429377555847,-1.4365780353546143,1.7602006196975708,0.945574939250946,1.5981889963150024,1.0315463542938232,-0.2167281210422516,1.240559697151184,-0.40562841296195984,0.778247594833374,0.16409459710121155,-2.003443956375122,-0.33307692408561707,-0.39423176646232605,1.2105786800384521,-0.59678053855896
4.961,0.1367388218641281,0.7128564715385437,-0.8747913837432861,-0.544622004032135,-0.18122032284736633,0.2837740182876587,0.23536640405654907,0.5889152884483337,-0.7731632590293884,0.20000000298023224,0.0,0.0,0.0,0.650091290473938,-0.11414401978254318,0.6590328812599182,0.35921019315719604,1.39687979221344,0.15309086441993713,0.43221941590309143,-0.8492171764373779,-0.5656157732009888,0.1599951833486557,0.9907854199409485,1.900213360786438,-0.8347280621528625,-1.4449719190597534,0.3057778775691986,0.7630982995033264,1.6597423553466797,0.9680249691009521,-0.13012948632240295,1.1849327087402344,-0.5554251074790955,0.5791917443275452,0.3115704357624054,-1.7758667469024658,-0.6079310178756714,-0.1942228525876999,1.4914191961288452,-0.2819474935531616,-1.6847155094146729,0.79088294506073,1.6923038959503174,2.032717704772949,-0.6244183778762817,-0.7108249068260193,1.336932897567749,-0.5993847846984863,1.0387552976608276,2.6674411296844482,-2.499314785003662,-0.10179495811462402,1.5935063362121582,0.49848833680152893,1.0609999895095825,-1.563014268875122,0.8306982517242432,1.6414785385131836,2.1589670181274414,-0.6410537958145142,-0.636310875415802,1.4176641702651978,-0.5618832111358643,1.042844533920288,2.6619787216186523,-2.5922117233276367,-0.16135096549987793,1.6848509311676025,0.49304521083831787,-0.7625020146369934,0.4684138000011444,0.8149673342704773,0.951445460319519,0.09707904607057571,0.037271976470947266,-0.03307504206895828,-1.035233736038208,-0.764228880405426,0.04670126736164093,0.4991310238838196,1.6410067081451416,-0.9693809747695923,-1.5019370317459106,0.6542111039161682,-0.10662505775690079,0.6755667924880981,0.36885419487953186,1.3939838409423828,0.16356705129146576,0.42728009819984436,-0.8439058661460876,-0.5597037672996521,0.14451168477535248,0.9846652746200562,1.8981086015701294,-0.8216602206230164,-1.4467884302139282,0.8024942278862,0.7464907765388489,1.5901163816452026,0.9327749013900757,-0.5958466529846191,0.9294383525848389,-0.34587234258651733,0.4928091764450073,0.85140061378479,-1.3509173393249512,-0.6941569447517395,-0.2131909877061844,1.1138502359390259,-0.10463359951972961
4.98,0.1272251009941101,0.7109262347221375,-0.851188600063324,-0.4795479476451874,-0.05424681678414345,0.3159816265106201,0.236855149269104,0.5953128933906555,-0.7677904367446899,0.20000000298023224,0.0,0.0,0.0,0.6585713624954224,-0.09954392164945602,0.6910576820373535,0.37783050537109375,1.38835608959198,0.17257706820964813,0.42457079887390137,-0.838476836681366,-0.550388753414154,0.13171344995498657,0.9735351204872131,1.8951889276504517,-0.804956316947937,-1.4477852582931519,0.6381465792655945,0.7038495540618896,1.4652070999145508,0.9116010069847107,-0.7119962573051453,0.7993505597114563,-0.3521960973739624,0.5586667656898499,0.9402630925178528,-1.1459083557128906,-1.018157958984375,-0.40674978494644165,1.3451529741287231,-0.04668053984642029,-1.563014268875122,0.8306982517242432,1.6414785385131836,2.1589670181274414,-0.6410537958145142,-0.636310875415802,1.4176641702651978,-0.5618832111358643,1.042844533920288,2.6619787216186523,-2.5922117233276367,-0.16135096549987793,1.6848509311676025,0.49304521083831787,1.0410000085830688,-1.5798250436782837,0.8035879135131836,1.6255017518997192,2.2083656787872314,-0.5964241027832031,-0.635712742805481,1.4373579025268555,-0.5199243426322937,1.0407252311706543,2.687082529067993,-2.59413480758667,-0.22873228788375854,1.6709011793136597,0.5153390169143677,-0.7707251906394958,0.44842785596847534,0.814302384853363,0.9972666501998901,0.10155171155929565,0.05379347503185272,-0.016978833824396133,-1.0120823383331299,-0.7603314518928528,0.05427326261997223,0.46307146549224854,1.6171947717666626,-0.944501519203186,-1.4906251430511475,0.6585713624954224,-0.09954392164945602,0.6910576820373535,0.37783050537109375,1.38835608959198,0.17257706820964813,0.42457079887390137,-0.838476836681366,-0.550388753414154,0.13171344995498657,0.9735351204872131,1.8951889276504517,-0.804956316947937,-1.4477852582931519,0.6381465792655945,0.7038495540618896,1.4652070999145508,0.9116010069847107,-0.7119962573051453,0.7993505597114563,-0.3521960973739624,0.5586667656898499,0.9402630925178528,-1.1459083557128906,-1.018157958984375,-0.40674978494644165,1.3451529741287231,-0.04668053984642029
5.001,0.1272251009941101,0.7109262347221375,-0.851188600063324,-0.3178568184375763,0.06929274648427963,0.32205501198768616,0.24024030566215515,0.5990729928016663,-0.7638037204742432,0.20000000298023224,0.0,0.0,0.0,0.6647650003433228,-0.0877302810549736,0.7151062488555908,0.3928379714488983,1.376493215560913,0.1834656298160553,0.42038631439208984,-0.8281716108322144,-0.5338262915611267,0.117205411195755,0.9494180679321289,1.885676622390747,-0.777033269405365,-1.446631908416748,0.5082730054855347,0.549396812915802,1.0434627532958984,0.7136479616165161,-0.6855083703994751,0.34452372789382935,-0.19332359731197357,0.5395808815956116,0.7068572640419006,-0.4574137032032013,-1.274764895439148,-0.6800785660743713,1.2481633424758911,0.14142858982086182,-1.5798250436782837,0.8035879135131836,1.6255017518997192,2.2083656787872314,-0.5964241027832031,-0.635712742805481,1.4373579025268555,-0.5199243426322937,1.0407252311706543,2.687082529067993,-2.59413480758667,-0.22873228788375854,1.6709011793136597,0.5153390169143677,1.0210000276565552,-1.561336874961853,0.8003854751586914,1.6144722700119019,2.2722296714782715,-0.6245064735412598,-0.6184833645820618,1.431252360343933,-0.49419260025024414,1.0350205898284912,2.6945126056671143,-2.567004919052124,-0.29432299733161926,1.6756997108459473,0.5415027737617493,-0.773708164691925,0.4339573085308075,0.8121825456619263,1.0389211177825928,0.10047022998332977,0.06794293224811554,-0.0066273207776248455,-0.9920165538787842,-0.7584589123725891,0.06068817153573036,0.44189929962158203,1.590687870979309,-0.9263660907745361,-1.4787821769714355,0.6647650003433228,-0.0877302810549736,0.7151062488555908,0.3928379714488983,1.376493215560913,0.1834656298160553,0.42038631439208984,-0.8281716108322144,-0.5338262915611267,0.117205411195755,0.9494180679321289,1.885676622390747,-0.777033269405365,-1.446631908416748,0.5082730054855347,0.549396812915802,1.0434627532958984,0.7136479616165161,-0.6855083703994751,0.34452372789382935,-0.19332359731197357,0.5395808815956116,0.7068572640419006,-0.4574137032032013,-1.274764895439148,-0.6800785660743713,1.2481633424758911,0.14142858982086182
5.02,0.1388130784034729,0.6998510360717773,-0.8173224925994873,-0.1727554202079773,0.18404555320739746,0.33052366971969604,0.24551747739315033,0.6003276705741882,-0.7611358761787415,0.20000000298023224,0.0,0.0,0.0,0.668042778968811,-0.07928900420665741,0.730424702167511,0.4038943946361542,1.365614414215088,0.18780887126922607,0.42012929916381836,-0.8177453875541687,-0.5233627557754517,0.11195185035467148,0.919909656047821,1.870743989944458,-0.7548461556434631,-1.4426929950714111,0.4082701504230499,0.3874736726284027,0.6338552832603455,0.5261918902397156,-0.638922393321991,0.12175437808036804,0.020935408771038055,0.5511960983276367,0.4050043225288391,-0.16898910701274872,-1.6046102046966553,-0.95210862159729,1.0503343343734741,0.2825475335121155,-1.561336874961853,0.8003854751586914,1.6144722700119019,2.2722296714782715,-0.6245064735412598,-0.6184833645820618,1.431252360343933,-0.49419260025024414,1.0350205898284912,2.6945126056671143,-2.567004919052124,-0.29432299733161926,1.6756997108459473,0.5415027737617493,1.0010000467300415,-1.5602644681930542,0.7964760661125183,1.5921854972839355,2.313359022140503,-0.6633741855621338,-0.6255353093147278,1.4061009883880615,-0.4725877046585083,1.024469017982483,2.6906566619873047,-2.506857395172119,-0.33317625522613525,1.6577427387237549,0.553789496421814,-0.7756353616714478,0.4232415556907654,0.8073555827140808,1.0742486715316772,0.09388303011655807,0.0767897516489029,-0.0031539674382656813,-0.9747297763824463,-0.7587308883666992,0.06460021436214447,0.43610090017318726,1.5663050413131714,-0.9163649082183838,-1.46864914894104,0.668042778968811,-0.07928900420665741,0.730424702167511,0.4038943946361542,1.365614414215088,0.18780887126922607,0.42012929916381836,-0.8177453875541687,-0.5233627557754517,0.11195185035467148,0.919909656047821,1.870743989944458,-0.7548461556434631,-1.4426929950714111,0.4082701504230499,0.3874736726284027,0.6338552832603455,0.5261918902397156,-0.638922393321991,0.12175437808036804,0.020935408771038055,0.5511960983276367,0.4050043225288391,-0.16898910701274872,-1.6046102046966553,-0.95210862159729,1.0503343343734741,0.2825475335121155
5.041,0.1388130784034729,0.6998510360717773,-0.8173224925994873,-0.04857547581195831,0.28931573033332825,0.3362669348716736,0.252591997385025,0.5994082689285278,-0.7595439553260803,0.20000000298023224,0.0,0.0,0.0,0.6688148379325867,-0.07392996549606323,0.7380576133728027,0.4114682078361511,1.3554471731185913,0.18901652097702026,0.423793762922287,-0.8066369295120239,-0.5182174444198608,0.1101120114326477,0.8843679428100586,1.8501579761505127,-0.7370885610580444,-1.4363081455230713,0.33570241928100586,0.2436317801475525,0.2826230525970459,0.3622240126132965,-0.6033419966697693,-0.0003375343803782016,0.27270081639289856,0.600856602191925,0.1659908890724182,-0.05743395537137985,-1.9625662565231323,-1.2355284690856934,0.8131663799285889,0.3722958564758301,-1.5602644681930542,0.7964760661125183,1.5921854972839355,2.313359022140503,-0.6633741855621338,-0.6255353093147278,1.4061009883880615,-0.4725877046585083,1.024469017982483,2.6906566619873047,-2.506857395172119,-0.33317625522613525,1.6577427387237549,0.553789496421814,0.9810000061988831,-1.5567759275436401,0.797836184501648,1.5824476480484009,2.33601713180542,-0.6957892775535583,-0.6283251047134399,1.3663885593414307,-0.4586772918701172,1.0359634160995483,2.6769020557403564,-2.4625840187072754,-0.3709229528903961,1.63765287399292,0.5704547762870789,-0.776461124420166,0.41594451665878296,0.8025160431861877,1.1023766994476318,0.08440972864627838,0.08256405591964722,-0.006679484620690346,-0.9605424404144287,-0.7571970820426941,0.06527545303106308,0.43868303298950195,1.5435750484466553,-0.9123774766921997,-1.4590561389923096,0.6688148379325867,-0.07392996549606323,0.7380576133728027,0.4114682078361511,1.3554471731185913,0.18901652097702026,0.423793762922287,-0.8066369295120239,-0.5182174444198608,0.1101120114326477,0.8843679428100586,1.8501579761505127,-0.7370885610580444,-1.4363081455230713,0.33570241928100586,0.2436317801475525,0.2826230525970459,0.3622240126132965,-0.6033419966697693,-0.0003375343803782016,0.27270081639289856,0.600856602191925,0.1659908890724182,-0.05743395537137985,-1.9625662565231323,-1.2355284690856934,0.8131663799285889,0.3722958564758301
5.06,0.16635465621948242,0.7354836463928223,-0.8292334675788879,0.018606197088956833,0.34587132930755615,0.3230936825275421,0.26085689663887024,0.5969226956367493,-0.7587074041366577,0.20000000298023224,0.0,0.0,0.0,0.6675032377243042,-0.0711899921298027,0.7395457029342651,0.4160705804824829,1.3453830480575562,0.1886143684387207,0.43238285183906555,-0.7950084209442139,-0.5160081386566162,0.10930006951093674,0.8427132964134216,1.8251221179962158,-0.7246618270874023,-1.4283654689788818,0.21017779409885406,0.13877002894878387,0.0365753248333931,0.23989181220531464,-0.6299915909767151,-0.040545497089624405,0.48993849754333496,0.5980314612388611,0.1217961385846138,-0.07236623018980026,-2.1976253986358643,-1.3924394845962524,0.5594725012779236,0.44119739532470703,-1.5567759275436401,0.797836184501648,1.5824476480484009,2.33601713180542,-0.6957892775535583,-0.6283251047134399,1.3663885593414307,-0.4586772918701172,1.0359634160995483,2.6769020557403564,-2.4625840187072754,-0.3709229528903961,1.63765287399292,0.5704547762870789,0.9610000252723694,-1.557145118713379,0.836198627948761,1.6024452447891235,2.339714527130127,-0.7350482940673828,-0.6449198722839355,1.3092124462127686,-0.4667823910713196,1.064833164215088,2.653470993041992,-2.44283390045166,-0.3589993119239807,1.6342819929122925,0.5578373074531555,-0.7770945429801941,0.41659092903137207,0.8021280169487,1.1226208209991455,0.07188956439495087,0.0841168612241745,-0.01772376336157322,-0.9518270492553711,-0.7517929673194885,0.06223346292972565,0.4434530436992645,1.5294526815414429,-0.9100919961929321,-1.4542337656021118,0.6675032377243042,-0.0711899921298027,0.7395457029342651,0.4160705804824829,1.3453830480575562,0.1886143684387207,0.43238285183906555,-0.7950084209442139,-0.5160081386566162,0.10930006951093674,0.8427132964134216,1.8251221179962158,-0.7246618270874023,-1.4283654689788818,0.21017779409885406,0.13877002894878387,0.0365753248333931,0.23989181220531464,-0.6299915909767151,-0.040545497089624405,0.48993849754333496,0.5980314612388611,0.1217961385846138,-0.07236623018980026,-2.1976253986358643,-1.3924394845962524,0.5594725012779236,0.44119739532470703
5.081,0.16635465621948242,0.7354836463928223,-0.8292334675788879,-0.008677171543240547,0.3301428258419037,0.2878184914588928,0.26908525824546814,0.5945047736167908,-0.7577316164970398,0.20000000298023224,0.0,0.0,0.0,0.6659824848175049,-0.06920365989208221,0.7383613586425781,0.41934195160865784,1.3345355987548828,0.18795444071292877,0.44393619894981384,-0.7832220196723938,-0.5127646923065186,0.10744647681713104,0.7994574904441833,1.7979886531829834,-0.7167302370071411,-1.4199298620224,0.23305803537368774,0.14434213936328888,-0.0034170516300946474,0.21472610533237457,-0.6524512767791748,-0.03583473339676857,0.5789497494697571,0.5975660085678101,0.17540207505226135,-0.1341368854045868,-2.124566078186035,-1.4160656929016113,0.3363310694694519,0.43343427777290344,-1.557145118713379,0.836198627948761,1.6024452447891235,2.339714527130127,-0.7350482940673828,-0.6449198722839355,1.3092124462127686,-0.4667823910713196,1.064833164215088,2.653470993041992,-2.44283390045166,-0.3589993119239807,1.6342819929122925,0.5578373074531555,0.9399999976158142,-1.5645450353622437,0.8420591950416565,1.625040054321289,2.334462881088257,-0.730869472026825,-0.6471552848815918,1.2668384313583374,-0.47378069162368774,1.0735142230987549,2.6404104232788086,-2.457991600036621,-0.3501977324485779,1.6431182622909546,0.559300422668457,-0.7786479592323303,0.4179225265979767,0.805245578289032,1.1360039710998535,0.06375227123498917,0.08486850559711456,-0.031810861080884933,-0.9467760324478149,-0.7467079162597656,0.058144982904195786,0.44451838731765747,1.5208871364593506,-0.9071666598320007,-1.4506385326385498,0.665444016456604,-0.06818418204784393,0.7375302314758301,0.42077893018722534,1.3294695615768433,0.1874835044145584,0.44964298605918884,-0.7776105403900146,-0.5112166404724121,0.10647289454936981,0.7798110842704773,1.78481924533844,-0.7147305011749268,-1.4158048629760742,0.24344554543495178,0.1293206512928009,-0.04809260740876198,0.18844543397426605,-0.6078695058822632,-0.06941895186901093,0.49627983570098877,0.5518711805343628,0.13184557855129242,-0.08236668258905411,-1.8130531311035156,-1.3453657627105713,0.09021972864866257,0.4264795184135437
5.1,0.1533830314874649,0.8023866415023804,-0.8703391551971436,0.013996959663927555,0.25238603353500366,0.22176481783390045,0.27633458375930786,0.5927977561950684,-0.7564588785171509,0.20000000298023224,0.0,0.0,0.0,0.665215790271759,-0.06698330491781235,0.7366872429847717,0.4222528338432312,1.324408769607544,0.18739403784275055,0.4536854922771454,-0.772124171257019,-0.5091620087623596,0.10473855584859848,0.7639708518981934,1.7720322608947754,-0.7144781947135925,-1.4118400812149048,0.2764364778995514,0.16018624603748322,-0.030554108321666718,0.20468182861804962,-0.594550609588623,-0.007715792395174503,0.2610915005207062,0.5534955859184265,0.16181066632270813,-0.19823475182056427,-1.3626461029052734,-1.313563585281372,-0.12147633731365204,0.4040701687335968,-1.5645450353622437,0.8420591950416565,1.625040054321289,2.334462881088257,-0.730869472026825,-0.6471552848815918,1.2668384313583374,-0.47378069162368774,1.0735142230987549,2.6404104232788086,-2.457991600036621,-0.3501977324485779,1.6431182622909546,0.559300422668457,0.9210000038146973,-1.5537508726119995,0.8582364916801453,1.6973470449447632,2.336714744567871,-0.7405973672866821,-0.6302324533462524,1.2609190940856934,-0.4798627495765686,1.1044527292251587,2.6254498958587646,-2.520153760910034,-0.3262791335582733,1.6827579736709595,0.5530072450637817,-0.7781161665916443,0.42128124833106995,0.8182739615440369,1.1457099914550781,0.05659698694944382,0.08793308585882187,-0.042559728026390076,-0.9441525936126709,-0.7385076284408569,0.05303896963596344,0.4359397888183594,1.5184791088104248,-0.8991730213165283,-1.4490658044815063,0.665215790271759,-0.06698330491781235,0.7366872429847717,0.4222528338432312,1.324408769607544,0.18739403784275055,0.4536854922771454,-0.772124171257019,-0.5091620087623596,0.10473855584859848,0.7639708518981934,1.7720322608947754,-0.7144781947135925,-1.4118400812149048,0.2764364778995514,0.16018624603748322,-0.030554108321666718,0.20468182861804962,-0.594550609588623,-0.007715792395174503,0.2610915005207062,0.5534955859184265,0.16181066632270813,-0.19823475182056427,-1.3626461029052734,-1.313563585281372,-0.12147633731365204,0.4040701687335968
5.122,0.1533830314874649,0.8023866415023804,-0.8703391551971436,-0.0908224806189537,0.21345292031764984,0.21397805213928223,0.28362101316452026,0.5918446779251099,-0.7545058131217957,0.20000000298023224,0.0,0.0,0.0,0.6654793620109558,-0.06407642364501953,0.7368506789207458,0.4255589246749878,1.315565824508667,0.18792937695980072,0.4557640850543976,-0.7619530558586121,-0.505703330039978,0.100372813642025,0.7417044043540955,1.748830795288086,-0.7126114368438721,-1.4045239686965942,0.3520665168762207,0.21145564317703247,0.19494353234767914,0.24921555817127228,-0.4851105809211731,0.06637904047966003,-0.08699851483106613,0.49678054451942444,0.11150037497282028,-0.28262558579444885,-0.8997671008110046,-1.1260335445404053,0.11883364617824554,0.35991302132606506,-1.5537508726119995,0.8582364916801453,1.6973470449447632,2.336714744567871,-0.7405973672866821,-0.6302324533462524,1.2609190940856934,-0.4798627495765686,1.1044527292251587,2.6254498958587646,-2.520153760910034,-0.3262791335582733,1.6827579736709595,0.5530072450637817,0.8989999890327454,-1.5688655376434326,0.8775420784950256,1.71110999584198,2.331850290298462,-0.7626394629478455,-0.6260402798652649,1.2808268070220947,-0.4897892475128174,1.1127675771713257,2.6286277770996094,-2.565426826477051,-0.3140178322792053,1.7322403192520142,0.5443962812423706,-0.7800111770629883,0.4265281856060028,0.8294582366943359,1.151774525642395,0.048281967639923096,0.09070711582899094,-0.04709777981042862,-0.9438052177429199,-0.7315201759338379,0.04994144290685654,0.42314380407333374,1.5186326503753662,-0.8861550688743591,-1.4492565393447876,0.6657825708389282,-0.06254948675632477,0.7380152344703674,0.4273032248020172,1.312251329421997,0.18831723928451538,0.454018235206604,-0.7575304508209229,-0.5049172639846802,0.09834107756614685,0.7349827289581299,1.7389103174209595,-0.7110453844070435,-1.4011937379837036,0.3640546500682831,0.17331001162528992,0.15675444900989532,0.21495456993579865,-0.45376235246658325,0.005113628227263689,-0.2716118097305298,0.42064207792282104,0.07080090045928955,-0.15836180746555328,-0.5179430842399597,-0.9979594349861145,-0.040733274072408676,0.34646934270858765
5.14,0.1283516138792038,0.8241732716560364,-0.8895854949951172,-0.044331226497888565,0.11826648563146591,0.1555795967578888,0.2869774401187897,0.5916786789894104,-0.7533659934997559,0.20000000298023224,0.0,0.0,0.0,0.66581791639328,-0.06097956374287605,0.7402663230895996,0.42907169461250305,1.3088306188583374,0.18887192010879517,0.45161426067352295,-0.7536017894744873,-0.5030304193496704,0.09633693844079971,0.7279815673828125,1.7303245067596436,-0.7052603960037231,-1.3982421159744263,-0.005282271653413773,0.1796397864818573,0.3001165986061096,0.1888069063425064,-0.273393839597702,0.08933673053979874,-0.2436155527830124,0.3861162066459656,0.16401070356369019,-0.23517654836177826,-0.7263827919960022,-0.8094359040260315,0.8141860961914062,0.2772347927093506,-1.5688655376434326,0.8775420784950256,1.71110999584198,2.331850290298462,-0.7626394629478455,-0.6260402798652649,1.2808268070220947,-0.4897892475128174,1.1127675771713257,2.6286277770996094,-2.565426826477051,-0.3140178322792053,1.7322403192520142,0.5443962812423706,0.8809999823570251,-1.5371875762939453,0.9006462097167969,1.7218303680419922,2.370856761932373,-0.7588672041893005,-0.5828902125358582,1.3182896375656128,-0.4898303151130676,1.1223440170288086,2.6214118003845215,-2.6379199028015137,-0.31484484672546387,1.8154898881912231,0.5453351736068726,-0.7765859365463257,0.4336666762828827,0.838895320892334,1.1618707180023193,0.04302729666233063,0.09912145137786865,-0.04465499147772789,-0.943568229675293,-0.7251924872398376,0.04669077694416046,0.40331268310546875,1.5186161994934082,-0.8645550608634949,-1.449249267578125,0.66581791639328,-0.06097956374287605,0.7402663230895996,0.42907169461250305,1.3088306188583374,0.18887192010879517,0.45161426067352295,-0.7536017894744873,-0.5030304193496704,0.09633693844079971,0.7279815673828125,1.7303245067596436,-0.7052603960037231,-1.3982421159744263,-0.005282271653413773,0.1796397864818573,0.3001165986061096,0.1888069063425064,-0.273393839597702,0.08933673053979874,-0.2436155527830124,0.3861162066459656,0.16401070356369019,-0.23517654836177826,-0.7263827919960022,-0.8094359040260315,0.8141860961914062,0.2772347927093506
5.161,0.1283516138792038,0.8241732716560364,-0.8895854949951172,-0.09330306947231293,0.09675268828868866,0.13977199792861938,0.29030829668045044,0.5915605425834656,-0.7521816492080688,0.20000000298023224,0.0,0.0,0.0,0.6669244766235352,-0.058255817741155624,0.7458644509315491,0.4324578642845154,1.3033851385116577,0.1907912641763687,0.44536054134368896,-0.7474192976951599,-0.5005355477333069,0.09175743162631989,0.7160196304321289,1.7171616554260254,-0.6883187294006348,-1.3934853076934814,0.44824880361557007,0.1673162281513214,0.35015857219696045,0.22619587182998657,-0.3498837649822235,0.13109615445137024,-0.33109965920448303,0.2749635875225067,0.0977502167224884,-0.28520065546035767,-0.6338855624198914,-0.6059467196464539,1.0118764638900757,0.2245151549577713,-1.5371875762939453,0.9006462097167969,1.7218303680419922,2.370856761932373,-0.7588672041893005,-0.5828902125358582,1.3182896375656128,-0.4898303151130676,1.1223440170288086,2.6214118003845215,-2.6379199028015137,-0.31484484672546387,1.8154898881912231,0.5453351736068726,0.8610000014305115,-1.583556890487671,0.8849155306816101,1.7302454710006714,2.3928935527801514,-0.7557685375213623,-0.6001681685447693,1.3391947746276855,-0.467257022857666,1.1163854598999023,2.624735116958618,-2.6582069396972656,-0.3384554088115692,1.8314933776855469,0.5601137280464172,-0.7811436653137207,0.4363040030002594,0.8467634916305542,1.172243595123291,0.039813827723264694,0.10241979360580444,-0.03980926796793938,-0.9400162696838379,-0.7216569185256958,0.04491380974650383,0.38638782501220703,1.5150630474090576,-0.8470345735549927,-1.4470274448394775,0.6669244766235352,-0.058255817741155624,0.7458644509315491,0.4324578642845154,1.3033851385116577,0.1907912641763687,0.44536054134368896,-0.7474192976951599,-0.5005355477333069,0.09175743162631989,0.7160196304321289,1.7171616554260254,-0.6883187294006348,-1.3934853076934814,0.44824880361557007,0.1673162281513214,0.35015857219696045,0.22619587182998657,-0.3498837649822235,0.13109615445137024,-0.33109965920448303,0.2749635875225067,0.0977502167224884,-0.28520065546035767,-0.6338855624198914,-0.6059467196464539,1.0118764638900757,0.2245151549577713
5.18,0.09751453250646591,0.8784407377243042,-0.9441843628883362,-0.1152389794588089,0.048591651022434235,0.10228291898965836,0.2922816574573517,0.591713011264801,-0.7512969970703125,0.20000000298023224,0.0,0.0,0.0,0.6675161123275757,-0.05613865330815315,0.750546395778656,0.4353047311306,1.299971103668213,0.1927851289510727,0.4406617283821106,-0.7435733079910278,-0.4987315535545349,0.0879284217953682,0.7050748467445374,1.7093265056610107,-0.6682235598564148,-1.3903263807296753,0.4438369572162628,0.15244466066360474,0.24847312271595,0.2081214338541031,-0.26867568492889404,0.09725820273160934,-0.20360936224460602,0.17718163132667542,0.08536011725664139,-0.19590219855308533,-0.5474784970283508,-0.378156840801239,1.0586748123168945,0.14541667699813843,-1.583556890487671,0.8849155306816101,1.7302454710006714,2.3928935527801514,-0.7557685375213623,-0.6001681685447693,1.3391947746276855,-0.467257022857666,1.1163854598999023,2.624735116958618,-2.6582069396972656,-0.3384554088115692,1.8314933776855469,0.5601137280464172,0.8410000205039978,-1.5676954984664917,0.899710476398468,1.769300937652588,2.4396920204162598,-0.7591623663902283,-0.5729271173477173,1.3569666147232056,-0.45191287994384766,1.1548807621002197,2.6055779457092285,-2.7123918533325195,-0.34721410274505615,1.881353497505188,0.5708963871002197,-0.7819548845291138,0.4403693675994873,0.858129620552063,1.1865243911743164,0.037055324763059616,0.1088147908449173,-0.033751487731933594,-0.9352283477783203,-0.7134077548980713,0.04079635441303253,0.3664126992225647,1.511262059211731,-0.8272911310195923,-1.443854808807373,0.6675161123275757,-0.05613865330815315,0.750546395778656,0.4353047311306,1.299971103668213,0.1927851289510727,0.4406617283821106,-0.7435733079910278,-0.4987315535545349,0.0879284217953682,0.7050748467445374,1.7093265056610107,-0.6682235598564148,-1.3903263807296753,0.4438369572162628,0.15244466066360474,0.24847312271595,0.2081214338541031,-0.26867568492889404,0.09725820273160934,-0.20360936224460602,0.17718163132667542,0.08536011725664139,-0.19590219855308533,-0.5474784970283508,-0.378156840801239,1.0586748123168945,0.14541667699813843
5.202,0.09751453250646591,0.8784407377243042,-0.9441843628883362,-0.16330073773860931,-0.008835979737341404,0.08886673301458359,0.29325616359710693,0.5929197072982788,-0.749964714050293,0.20000000298023224,0.0,0.0,0.0,0.6684178709983826,-0.053606342524290085,0.7552160024642944,0.43847569823265076,1.2973252534866333,0.19544999301433563,0.43809643387794495,-0.740987241268158,-0.4958588182926178,0.08363588154315948,0.6956732869148254,1.7054128646850586,-0.6493030786514282,-1.388737440109253,-0.04603155702352524,0.1490340530872345,0.27796757221221924,0.17898911237716675,-0.0705004334449768,0.18426893651485443,-0.15679416060447693,0.13180764019489288,0.13796623051166534,-0.26865649223327637,-0.33034786581993103,-0.13010786473751068,0.8133590221405029,0.04267266020178795,-1.5676954984664917,0.899710476398468,1.769300937652588,2.4396920204162598,-0.7591623663902283,-0.5729271173477173,1.3569666147232056,-0.45191287994384766,1.1548807621002197,2.6055779457092285,-2.7123918533325195,-0.34721410274505615,1.881353497505188,0.5708963871002197,0.8199999928474426,-1.5396344661712646,0.9165777564048767,1.7638349533081055,2.4635262489318848,-0.774707019329071,-0.5586150884628296,1.3721270561218262,-0.45385873317718506,1.1651403903961182,2.5986456871032715,-2.7566449642181396,-0.32335177063941956,1.9327170848846436,0.5541567206382751,-0.7783135771751404,0.44574522972106934,0.865265965461731,1.2000960111618042,0.032792672514915466,0.11543808877468109,-0.027236973866820335,-0.9321686029434204,-0.7060943841934204,0.03687429800629616,0.34579214453697205,1.5121805667877197,-0.805766224861145,-1.44414484500885,0.6693027019500732,-0.05213995650410652,0.7581482529640198,0.44036710262298584,1.2964601516723633,0.19681322574615479,0.4364508092403412,-0.7400084137916565,-0.4945884048938751,0.08173660933971405,0.6933106184005737,1.7045245170593262,-0.6429498791694641,-1.3883271217346191,0.0022758995182812214,0.14638155698776245,0.2792585492134094,0.16557344794273376,-0.010425122454762459,0.11024757474660873,-0.11120638996362686,0.0761624351143837,0.124418705701828,-0.13237062096595764,-0.19412554800510406,-0.03399651497602463,0.4931841194629669,0.03143088519573212
5.221,0.05895265191793442,0.8777065873146057,-0.9456871747970581,-0.10153388977050781,-0.06835721433162689,0.0781671479344368,0.29341742396354675,0.5938565135002136,-0.7491599321365356,0.20000000298023224,0.0,0.0,0.0,0.6702200770378113,-0.05054860562086105,0.7617712020874023,0.4424728751182556,1.2948710918426514,0.1987365186214447,0.4355112612247467,-0.7389702200889587,-0.49185872077941895,0.07913703471422195,0.6888880133628845,1.7042014598846436,-0.6335387229919434,-1.388503074645996,0.045534342527389526,0.16517719626426697,0.33241575956344604,0.20307976007461548,-0.11531499773263931,0.23548980057239532,-0.1283554583787918,0.11820466071367264,0.26348793506622314,-0.30951496958732605,-0.36805665493011475,-0.007571476977318525,0.8221510052680969,-0.04810979589819908,-1.5396344661712646,0.9165777564048767,1.7638349533081055,2.4635262489318848,-0.774707019329071,-0.5586150884628296,1.3721270561218262,-0.45385873317718506,1.1651403903961182,2.5986456871032715,-2.7566449642181396,-0.32335177063941956,1.9327170848846436,0.5541567206382751,0.8009999990463257,-1.5303369760513306,0.8793210387229919,1.7569512128829956,2.508209228515625,-0.7302089929580688,-0.5325160622596741,1.4086315631866455,-0.4251667261123657,1.1547058820724487,2.5962116718292236,-2.8029396533966064,-0.35909634828567505,1.9502166509628296,0.5800120830535889,-0.774370014667511,0.4439198076725006,0.8692288398742676,1.2162985801696777,0.0364835225045681,0.12398925423622131,-0.0172011386603117,-0.9257230758666992,-0.7025401592254639,0.03376375511288643,0.324413537979126,1.5074620246887207,-0.7880738973617554,-1.44046950340271,0.6713195443153381,-0.048996198922395706,0.7653844952583313,0.444681853055954,1.2933628559112549,0.2005908191204071,0.43370071053504944,-0.7380324602127075,-0.4892139732837677,0.07688846439123154,0.6865224242210388,1.704240322113037,-0.6266094446182251,-1.3888474702835083,0.41755762696266174,0.18581467866897583,0.41612380743026733,0.2639564573764801,-0.23203232884407043,0.14715257287025452,-0.1716841757297516,0.08709801733493805,0.23306705057621002,-0.17062267661094666,-0.21615882217884064,-0.030874650925397873,0.5829518437385559,-0.007283780723810196
