timestamp_s,obs_0: base_lin_vel_x,obs_1: base_lin_vel_y,obs_2: base_lin_vel_z,obs_3: base_ang_vel_x,obs_4: base_ang_vel_y,obs_5: base_ang_vel_z,obs_6: projected_gravity_x,obs_7: projected_gravity_y,obs_8: projected_gravity_z,obs_9: pose_commands_cmd_0,obs_10: pose_commands_cmd_1,obs_11: pose_commands_cmd_2,obs_12: pose_commands_cmd_3,obs_13: joint_pos_FL_HAA,obs_14: joint_pos_FR_HAA,obs_15: joint_pos_HL_HAA,obs_16: joint_pos_HR_HAA,obs_17: joint_pos_FL_HFE,obs_18: joint_pos_FR_HFE,obs_19: joint_pos_HL_HFE,obs_20: joint_pos_HR_HFE,obs_21: joint_pos_FL_KFE,obs_22: joint_pos_FR_KFE,obs_23: joint_pos_HL_KFE,obs_24: joint_pos_HR_KFE,obs_25: joint_pos_HL_AFE,obs_26: joint_pos_HR_AFE,obs_27: joint_vel_FL_HAA,obs_28: joint_vel_FR_HAA,obs_29: joint_vel_HL_HAA,obs_30: joint_vel_HR_HAA,obs_31: joint_vel_FL_HFE,obs_32: joint_vel_FR_HFE,obs_33: joint_vel_HL_HFE,obs_34: joint_vel_HR_HFE,obs_35: joint_vel_FL_KFE,obs_36: joint_vel_FR_KFE,obs_37: joint_vel_HL_KFE,obs_38: joint_vel_HR_KFE,obs_39: joint_vel_HL_AFE,obs_40: joint_vel_HR_AFE,obs_41: actions_FL_HAA,obs_42: actions_FR_HAA,obs_43: actions_HL_HAA,obs_44: actions_HR_HAA,obs_45: actions_FL_HFE,obs_46: actions_FR_HFE,obs_47: actions_HL_HFE,obs_48: actions_HR_HFE,obs_49: actions_FL_KFE,obs_50: actions_FR_KFE,obs_51: actions_HL_KFE,obs_52: actions_HR_KFE,obs_53: actions_HL_AFE,obs_54: actions_HR_AFE,obs_55: time_remaining_s_time,action_IA_FL_HAA,action_IA_FR_HAA,action_IA_HL_HAA,action_IA_HR_HAA,action_IA_FL_HFE,action_IA_FR_HFE,action_IA_HL_HFE,action_IA_HR_HFE,action_IA_FL_KFE,action_IA_FR_KFE,action_IA_HL_KFE,action_IA_HR_KFE,action_IA_HL_AFE,action_IA_HR_AFE,target_envoyee_FL_HAA,target_envoyee_FR_HAA,target_envoyee_HL_HAA,target_envoyee_HR_HAA,target_envoyee_FL_HFE,target_envoyee_FR_HFE,target_envoyee_HL_HFE,target_envoyee_HR_HFE,target_envoyee_FL_KFE,target_envoyee_FR_KFE,target_envoyee_HL_KFE,target_envoyee_HR_KFE,target_envoyee_HL_AFE,target_envoyee_HR_AFE,position_reelle_FL_HAA,position_reelle_FR_HAA,position_reelle_HL_HAA,position_reelle_HR_HAA,position_reelle_FL_HFE,position_reelle_FR_HFE,position_reelle_HL_HFE,position_reelle_HR_HFE,position_reelle_FL_KFE,position_reelle_FR_KFE,position_reelle_HL_KFE,position_reelle_HR_KFE,position_reelle_HL_AFE,position_reelle_HR_AFE,vitesse_reelle_FL_HAA,vitesse_reelle_FR_HAA,vitesse_reelle_HL_HAA,vitesse_reelle_HR_HAA,vitesse_reelle_FL_HFE,vitesse_reelle_FR_HFE,vitesse_reelle_HL_HFE,vitesse_reelle_HR_HFE,vitesse_reelle_FL_KFE,vitesse_reelle_FR_KFE,vitesse_reelle_HL_KFE,vitesse_reelle_HR_KFE,vitesse_reelle_HL_AFE,vitesse_reelle_HR_AFE
0.102,0.0,0.0,0.0,0.003916973248124123,-0.05400828272104263,0.025057019665837288,0.018301717936992645,-0.00040532636921852827,-0.9998324513435364,0.800000011920929,0.0,0.0,0.0,0.0006298081134445965,-0.0020765066146850586,0.0003393171646166593,0.00014858612848911434,0.42534831166267395,0.4260559380054474,-0.7191466689109802,-0.7184190154075623,-1.3252671957015991,-1.3249460458755493,1.7142751216888428,1.716115951538086,-1.774039387702942,-1.776598334312439,-0.02113936096429825,-0.019638782367110252,0.017380038276314735,0.017926113680005074,0.22818350791931152,0.24954436719417572,-0.02916516363620758,-0.022905215620994568,-0.3116084635257721,-0.29598817229270935,0.41311782598495483,0.46897223591804504,-0.4677425026893616,-0.48862767219543457,0.0,0.0,0.0,0.0,0.0,0.0,0.0,0.0,0.0,0.0,0.0,0.0,0.0,0.0,6.0,0.4026283621788025,-0.27258315682411194,-0.9345264434814453,0.8914908170700073,-0.10947437584400177,0.3504917621612549,0.6623857617378235,-0.33940771222114563,0.9814441204071045,0.2581787109375,0.864832878112793,1.2287518978118896,-0.6018327474594116,-0.9923408031463623,0.18118275701999664,-0.12266241759061813,-0.4205368757247925,0.40117084980010986,0.3609365224838257,0.5679212808609009,-0.4000263810157776,-0.8508333563804626,-0.8299501538276672,-1.1554194688796997,2.0651748180389404,2.228938102722168,-1.9927246570587158,-2.1684534549713135,0.0006298081134445965,-0.0020765066146850586,0.0003393171646166593,0.00014858612848911434,0.42534831166267395,0.4260559380054474,-0.7191466689109802,-0.7184190154075623,-1.3252671957015991,-1.3249460458755493,1.7142751216888428,1.716115951538086,-1.774039387702942,-1.776598334312439,-0.02113936096429825,-0.019638782367110252,0.017380038276314735,0.017926113680005074,0.22818350791931152,0.24954436719417572,-0.02916516363620758,-0.022905215620994568,-0.3116084635257721,-0.29598817229270935,0.41311782598495483,0.46897223591804504,-0.4677425026893616,-0.48862767219543457
0.107,0.0,0.0,0.0,0.002770635997876525,-0.11570953577756882,0.028468921780586243,0.017320385202765465,-0.000446566438768059,-0.9998499155044556,0.800000011920929,0.0,0.0,0.0,0.0003748699091374874,-0.0023113093338906765,0.0005729445838369429,0.00039960912545211613,0.4263266921043396,0.4272925853729248,-0.718751847743988,-0.717931866645813,-1.325244665145874,-1.3246917724609375,1.717350959777832,1.7198673486709595,-1.7778254747390747,-1.780606746673584,-0.020175866782665253,-0.01911294274032116,0.022058529779314995,0.023236997425556183,-0.022464530542492867,-0.0014132990036159754,0.069546639919281,0.07885030657052994,0.19976288080215454,0.22237306833267212,0.13030269742012024,0.1861758679151535,-0.19597767293453217,-0.21404534578323364,0.4026283621788025,-0.27258315682411194,-0.9345264434814453,0.8914908170700073,-0.10947437584400177,0.3504917621612549,0.6623857617378235,-0.33940771222114563,0.9814441204071045,0.2581787109375,0.864832878112793,1.2287518978118896,-0.6018327474594116,-0.9923408031463623,5.997000217437744,0.2861548066139221,-0.1644413024187088,-1.028322696685791,0.9409907460212708,-0.2397623509168625,0.3279075026512146,0.6277282238006592,-0.3964531421661377,1.0774829387664795,0.3443005084991455,0.8460654616355896,1.3361650705337524,-0.8997782468795776,-1.1722099781036377,0.14688794314861298,-0.08626482635736465,-0.5047988891601562,0.46356290578842163,0.29738056659698486,0.5735305547714233,-0.385814905166626,-0.8917771577835083,-0.7425676584243774,-1.1050467491149902,2.095646858215332,2.3325679302215576,-2.1538827419281006,-2.2940495014190674,0.0003748699091374874,-0.0023113093338906765,0.0005729445838369429,0.00039960912545211613,0.4263266921043396,0.4272925853729248,-0.718751847743988,-0.717931866645813,-1.325244665145874,-1.3246917724609375,1.717350959777832,1.7198673486709595,-1.7778254747390747,-1.780606746673584,-0.020175866782665253,-0.01911294274032116,0.022058529779314995,0.023236997425556183,-0.022464530542492867,-0.0014132990036159754,0.069546639919281,0.07885030657052994,0.19976288080215454,0.22237306833267212,0.13030269742012024,0.1861758679151535,-0.19597767293453217,-0.21404534578323364
0.124,0.0,0.0,0.0,-0.014519544318318367,-0.061446987092494965,0.024470187723636627,0.01540482509881258,-0.00042182966717518866,-0.9998812675476074,0.800000011920929,0.0,0.0,0.0,0.0002252472040709108,-0.002453114138916135,0.0007581234676763415,0.000597842619754374,0.42577898502349854,0.4269070625305176,-0.7180790901184082,-0.7171744704246521,-1.323124647140503,-1.3223785161972046,1.7177236080169678,1.7206684350967407,-1.7787888050079346,-1.781707763671875,-0.017590031027793884,-0.016799118369817734,0.024341538548469543,0.025483030825853348,-0.1019490659236908,-0.08244311064481735,0.09288646280765533,0.10390430688858032,0.30886873602867126,0.33418092131614685,-0.014852852560579777,0.037056632339954376,-0.06493424624204636,-0.08114193379878998,0.2861548066139221,-0.1644413024187088,-1.028322696685791,0.9409907460212708,-0.2397623509168625,0.3279075026512146,0.6277282238006592,-0.3964531421661377,1.0774829387664795,0.3443005084991455,0.8460654616355896,1.3361650705337524,-0.8997782468795776,-1.1722099781036377,5.979000091552734,0.24051246047019958,-0.13030681014060974,-1.0318126678466797,0.9680110812187195,-0.25531113147735596,0.31573420763015747,0.6339283585548401,-0.403540700674057,1.0849933624267578,0.36672812700271606,0.8477585315704346,1.3639353513717651,-0.9709447622299194,-1.2166574001312256,0.12291940301656723,-0.06726454198360443,-0.5147955417633057,0.48196128010749817,0.2840280532836914,0.5686134099960327,-0.3816036880016327,-0.8990610241889954,-0.7304497361183167,-1.0899170637130737,2.0994558334350586,2.3554275035858154,-2.2020232677459717,-2.326610803604126,0.0002252472040709108,-0.002453114138916135,0.0007581234676763415,0.000597842619754374,0.42577898502349854,0.4269070625305176,-0.7180790901184082,-0.7171744704246521,-1.323124647140503,-1.3223785161972046,1.7177236080169678,1.7206684350967407,-1.7787888050079346,-1.781707763671875,-0.017590031027793884,-0.016799118369817734,0.024341538548469543,0.025483030825853348,-0.1019490659236908,-0.08244311064481735,0.09288646280765533,0.10390430688858032,0.30886873602867126,0.33418092131614685,-0.014852852560579777,0.037056632339954376,-0.06493424624204636,-0.08114193379878998
0.142,0.0,0.0,0.0,0.002030501840636134,0.06102399900555611,0.01625841297209263,0.015680138021707535,-0.00023459934163838625,-0.9998770356178284,0.800000011920929,0.0,0.0,0.0,0.0001420518383383751,-0.0025256583467125893,0.0013598123332485557,0.0012053699465468526,0.4228323698043823,0.42411455512046814,-0.7169173359870911,-0.7161186337471008,-1.317211627960205,-1.3157453536987305,1.7172811031341553,1.7219576835632324,-1.7806141376495361,-1.7845786809921265,-0.008904751390218735,-0.008618590421974659,0.02091164141893387,0.02146463468670845,-0.1856318712234497,-0.1739787459373474,0.017961187288165092,0.019820408895611763,0.2529187798500061,0.27514198422431946,-0.11831081658601761,-0.08363455533981323,0.021392034366726875,0.027334874495863914,0.24051246047019958,-0.13030681014060974,-1.0318126678466797,0.9680110812187195,-0.25531113147735596,0.31573420763015747,0.6339283585548401,-0.403540700674057,1.0849933624267578,0.36672812700271606,0.8477585315704346,1.3639353513717651,-0.9709447622299194,-1.2166574001312256,5.959000110626221,0.22400687634944916,-0.1201792061328888,-1.0402299165725708,0.9792173504829407,-0.2651647627353668,0.3111013174057007,0.6435176730155945,-0.3968394994735718,1.096232295036316,0.3812996447086334,0.8534170389175415,1.3833246231079102,-0.9963211417198181,-1.2329871654510498,0.11309503018856049,-0.06080709770321846,-0.519582986831665,0.4888439476490021,0.27825868129730225,0.5660369396209717,-0.3768673539161682,-0.8967738151550293,-0.7241804003715515,-1.081846833229065,2.1023833751678467,2.366438865661621,-2.218256950378418,-2.3372151851654053,0.0001420518383383751,-0.0025256583467125893,0.0013598123332485557,0.0012053699465468526,0.4228323698043823,0.42411455512046814,-0.7169173359870911,-0.7161186337471008,-1.317211627960205,-1.3157453536987305,1.7172811031341553,1.7219576835632324,-1.7806141376495361,-1.7845786809921265,-0.008904751390218735,-0.008618590421974659,0.02091164141893387,0.02146463468670845,-0.1856318712234497,-0.1739787459373474,0.017961187288165092,0.019820408895611763,0.2529187798500061,0.27514198422431946,-0.11831081658601761,-0.08363455533981323,0.021392034366726875,0.027334874495863914
0.164,0.0,0.0,0.0,2.4686825275421143,-2.0836005210876465,-0.1962495744228363,-0.002238381188362837,-0.026522191241383553,-0.9996457099914551,0.800000011920929,0.0,0.0,0.0,-0.004866198170930147,-0.007997920736670494,-0.009028232656419277,0.014769657514989376,0.408640056848526,0.41958004236221313,-0.7002285718917847,-0.7346948981285095,-1.2849167585372925,-1.3024085760116577,1.7173140048980713,1.7948729991912842,-1.8708443641662598,-1.911435842514038,-1.771199107170105,-1.863153100013733,-3.854466199874878,4.5895094871521,-4.517387866973877,-0.5041237473487854,5.948498249053955,-7.7391133308410645,11.253972053527832,3.1109344959259033,-0.49859344959259033,23.562347412109375,-23.463777542114258,-30.829389572143555,0.22400687634944916,-0.1201792061328888,-1.0402299165725708,0.9792173504829407,-0.2651647627353668,0.3111013174057007,0.6435176730155945,-0.3968394994735718,1.096232295036316,0.3812996447086334,0.8534170389175415,1.3833246231079102,-0.9963211417198181,-1.2329871654510498,5.939000129699707,-0.2729567885398865,-0.17337730526924133,-1.3784302473068237,0.7658383250236511,-0.10102549940347672,0.041689518839120865,-0.3790580630302429,0.5140079259872437,0.8058261275291443,0.5159664154052734,0.6431095004081726,0.08027166873216629,-0.7505497932434082,-0.8848361968994141,-0.11152105033397675,-0.08410049229860306,-0.6722519397735596,0.3935116231441498,0.3515443801879883,0.4445439577102661,-0.8365528583526611,-0.4866637885570526,-0.8542362451553345,-1.0204397439956665,2.008037567138672,1.7811661958694458,-2.109282970428467,-2.181607723236084,-0.004866198170930147,-0.007997920736670494,-0.009028232656419277,0.014769657514989376,0.408640056848526,0.41958004236221313,-0.7002285718917847,-0.7346948981285095,-1.2849167585372925,-1.3024085760116577,1.7173140048980713,1.7948729991912842,-1.8708443641662598,-1.911435842514038,-1.771199107170105,-1.863153100013733,-3.854466199874878,4.5895094871521,-4.517387866973877,-0.5041237473487854,5.948498249053955,-7.7391133308410645,11.253972053527832,3.1109344959259033,-0.49859344959259033,23.562347412109375,-23.463777542114258,-30.829389572143555
0.184,0.0,0.0,0.0,3.163572072982788,-2.2301418781280518,0.06977880746126175,-0.044685106724500656,-0.08481544256210327,-0.9953941702842712,0.800000011920929,0.0,0.0,0.0,-0.04812953621149063,-0.04246816784143448,-0.08902896195650101,0.11733811348676682,0.3639402687549591,0.40511447191238403,-0.600845992565155,-0.8262290358543396,-1.1623427867889404,-1.2005119323730469,1.6836159229278564,1.9976065158843994,-1.959774374961853,-1.8805687427520752,-9.12564468383789,-4.332419395446777,-4.83225679397583,-6.811221122741699,9.062704086303711,-3.7018649578094482,-0.8121300339698792,6.675252437591553,-28.42465591430664,10.827723503112793,0.40341663360595703,-18.74928092956543,7.766642093658447,36.47710418701172,-0.2729567885398865,-0.17337730526924133,-1.3784302473068237,0.7658383250236511,-0.10102549940347672,0.041689518839120865,-0.3790580630302429,0.5140079259872437,0.8058261275291443,0.5159664154052734,0.6431095004081726,0.08027166873216629,-0.7505497932434082,-0.8848361968994141,5.919000148773193,-0.47669893503189087,0.26473209261894226,-1.229943871498108,0.7166155576705933,-0.8484113812446594,-0.37392300367355347,0.026932358741760254,-0.26228225231170654,0.7980966567993164,1.2243293523788452,0.3879702687263489,1.154437780380249,-0.4957212209701538,-1.0076848268508911,-0.2256666123867035,0.11071939021348953,-0.620699942111969,0.36182814836502075,0.02254931814968586,0.24536903202533722,-0.6998257040977478,-0.7949833273887634,-0.8707201480865479,-0.6955357789993286,1.8837902545928955,2.2060134410858154,-1.983712911605835,-2.2213289737701416,-0.04812953621149063,-0.04246816784143448,-0.08902896195650101,0.11733811348676682,0.3639402687549591,0.40511447191238403,-0.600845992565155,-0.8262290358543396,-1.1623427867889404,-1.2005119323730469,1.6836159229278564,1.9976065158843994,-1.959774374961853,-1.8805687427520752,-9.12564468383789,-4.332419395446777,-4.83225679397583,-6.811221122741699,9.062704086303711,-3.7018649578094482,-0.8121300339698792,6.675252437591553,-28.42465591430664,10.827723503112793,0.40341663360595703,-18.74928092956543,7.766642093658447,36.47710418701172
0.202,0.0,0.0,0.0,-1.0301505327224731,-1.8237667083740234,-0.31947988271713257,-0.07804296910762787,-0.11597724258899689,-0.9901810884475708,0.800000011920929,0.0,0.0,0.0,-0.13966462016105652,-0.07661418616771698,-0.21807637810707092,0.057425789535045624,0.3561703860759735,0.4024898409843445,-0.6626774668693542,-0.6655879616737366,-1.0357650518417358,-1.1287716627120972,1.744940161705017,1.936964750289917,-2.0174169540405273,-2.0628983974456787,-6.729901313781738,-2.20932936668396,-8.82403564453125,-3.7863028049468994,-3.2269251346588135,0.6132323741912842,-2.616929054260254,4.935328960418701,15.957561492919922,1.4024375677108765,-1.2559200525283813,-1.5827950239181519,0.28566184639930725,-5.237829208374023,-0.47669893503189087,0.26473209261894226,-1.229943871498108,0.7166155576705933,-0.8484113812446594,-0.37392300367355347,0.026932358741760254,-0.26228225231170654,0.7980966567993164,1.2243293523788452,0.3879702687263489,1.154437780380249,-0.4957212209701538,-1.0076848268508911,5.89900016784668,0.39572787284851074,-0.22563433647155762,-0.8696540594100952,0.6776732206344604,0.07273796200752258,0.1558552384376526,0.502106249332428,-0.3509948253631592,1.3154851198196411,0.45655596256256104,0.8909497261047363,1.0056856870651245,-0.9152869582176208,-1.3008861541748047,0.15551087260246277,-0.09046350419521332,-0.45341429114341736,0.34113577008247375,0.4041669964790344,0.4638517498970032,-0.4723247289657593,-0.8657359480857849,-0.6395437121391296,-1.0085434913635254,2.0977063179016113,2.1815598011016846,-2.1599602699279785,-2.357241630554199,-0.13966462016105652,-0.07661418616771698,-0.21807637810707092,0.057425789535045624,0.3561703860759735,0.4024898409843445,-0.6626774668693542,-0.6655879616737366,-1.0357650518417358,-1.1287716627120972,1.744940161705017,1.936964750289917,-2.0174169540405273,-2.0628983974456787,-6.729901313781738,-2.20932936668396,-8.82403564453125,-3.7863028049468994,-3.2269251346588135,0.6132323741912842,-2.616929054260254,4.935328960418701,15.957561492919922,1.4024375677108765,-1.2559200525283813,-1.5827950239181519,0.28566184639930725,-5.237829208374023
0.223,0.0,0.0,0.0,-0.5858794450759888,-1.6428897380828857,-0.8662611246109009,-0.10559329390525818,-0.11617640405893326,-0.9875996708869934,0.800000011920929,0.0,0.0,0.0,-0.17232058942317963,-0.06041514128446579,-0.2453162521123886,0.16671912372112274,0.25807249546051025,0.34696370363235474,-0.6506052017211914,-0.7140151262283325,-0.8854923844337463,-1.0365663766860962,1.7304093837738037,2.099273920059204,-2.115290880203247,-2.163814067840576,1.6725245714187622,0.09270292520523071,1.4651740789413452,5.205664157867432,-5.347744464874268,7.355379581451416,7.860764503479004,-2.358710527420044,20.003643035888672,-23.354799270629883,-4.650961399078369,5.55192756652832,-34.51846694946289,-18.917816162109375,0.39572787284851074,-0.22563433647155762,-0.8696540594100952,0.6776732206344604,0.07273796200752258,0.1558552384376526,0.502106249332428,-0.3509948253631592,1.3154851198196411,0.45655596256256104,0.8909497261047363,1.0056856870651245,-0.9152869582176208,-1.3008861541748047,5.879000186920166,-0.12959778308868408,-0.10296470671892166,-1.1318693161010742,1.0902777910232544,-0.24134112894535065,-0.3205944895744324,0.08148448169231415,0.00040026381611824036,1.195434808731079,0.6709180474281311,0.26681438088417053,0.8655667304992676,-0.8384712934494019,-0.9460543990135193,-0.04276791587471962,-0.05538046732544899,-0.5546826124191284,0.5247385501861572,0.3009931743144989,0.2712976634502411,-0.6388543844223022,-0.7146834135055542,-0.6704486608505249,-0.9433812499046326,1.8382371664047241,2.116060733795166,-2.1430182456970215,-2.211158514022827,-0.17232058942317963,-0.06041514128446579,-0.2453162521123886,0.16671912372112274,0.25807249546051025,0.34696370363235474,-0.6506052017211914,-0.7140151262283325,-0.8854923844337463,-1.0365663766860962,1.7304093837738037,2.099273920059204,-2.115290880203247,-2.163814067840576,1.6725245714187622,0.09270292520523071,1.4651740789413452,5.205664157867432,-5.347744464874268,7.355379581451416,7.860764503479004,-2.358710527420044,20.003643035888672,-23.354799270629883,-4.650961399078369,5.55192756652832,-34.51846694946289,-18.917816162109375
0.243,0.0,0.0,0.0,0.9523852467536926,-0.7628638744354248,-0.3896954655647278,-0.13043896853923798,-0.11693618446588516,-0.9845362305641174,0.800000011920929,0.0,0.0,0.0,-0.08280626684427261,-0.06230009347200394,-0.26554074883461,0.2441873550415039,0.26816385984420776,0.3514922857284546,-0.5917959213256836,-0.7843924760818481,-0.8140266537666321,-0.9598166942596436,1.7008706331253052,2.0739896297454834,-2.0752620697021484,-2.076357364654541,3.3095459938049316,0.7601436376571655,-1.246268391609192,3.1298270225524902,0.303932249546051,-7.976711273193359,-2.542531728744507,0.9014188647270203,-6.897767066955566,26.185489654541016,4.297609806060791,-17.605749130249023,2.465141773223877,36.01503372192383,-0.12959778308868408,-0.10296470671892166,-1.1318693161010742,1.0902777910232544,-0.24134112894535065,-0.3205944895744324,0.08148448169231415,0.00040026381611824036,1.195434808731079,0.6709180474281311,0.26681438088417053,0.8655667304992676,-0.8384712934494019,-0.9460543990135193,5.859000205993652,-0.7769195437431335,0.2592845559120178,-1.301142692565918,0.7992128729820251,-0.5851871967315674,-0.21882911026477814,0.6509191393852234,-0.33631616830825806,1.0832548141479492,1.255652666091919,0.477356493473053,1.1314523220062256,-0.6496511101722717,-1.0375865697860718,-0.3538905680179596,0.11113999783992767,-0.640982449054718,0.41211962699890137,0.13594508171081543,0.29783666133880615,-0.39926180243492126,-0.8511005640029907,-0.7240201830863953,-0.6737344264984131,1.9070340394973755,2.2291595935821533,-2.0563547611236572,-2.2377398014068604,-0.07034996151924133,-0.06788120418787003,-0.2989563047885895,0.26453375816345215,0.2481251358985901,0.34277525544166565,-0.6000967621803284,-0.7553112506866455,-0.7689408659934998,-0.9772971868515015,1.7214994430541992,2.098324775695801,-2.0911171436309814,-2.1730384826660156,1.0896763801574707,-0.29793959856033325,-1.3772286176681519,2.7936789989471436,0.43563878536224365,-4.457712650299072,0.8309096693992615,1.5265083312988281,-1.7903802394866943,12.615838050842285,0.6854929327964783,5.659756660461426,-2.8241636753082275,-20.424850463867188
0.263,0.0,0.0,0.0,4.876605987548828,-1.2404505014419556,-1.0296823978424072,-0.15017051994800568,-0.1590261459350586,-0.9757866263389587,0.800000011920929,0.0,0.0,0.0,-0.06010054424405098,-0.0658419132232666,-0.31379714608192444,0.2890169620513916,0.2469908446073532,0.3290151357650757,-0.5954053997993469,-0.7546117305755615,-0.7551983594894409,-0.9646403193473816,1.7258862257003784,2.104883909225464,-2.1153931617736816,-2.1554975509643555,0.5155531167984009,-0.29876193404197693,-1.7251944541931152,4.448370456695557,-1.430420994758606,1.1186630725860596,-0.4427018463611603,1.6749471426010132,6.391900062561035,-9.159732818603516,-2.9186699390411377,5.2282867431640625,19.373462677001953,-18.302230834960938,-0.7769195437431335,0.2592845559120178,-1.301142692565918,0.7992128729820251,-0.5851871967315674,-0.21882911026477814,0.6509191393852234,-0.33631616830825806,1.0832548141479492,1.255652666091919,0.477356493473053,1.1314523220062256,-0.6496511101722717,-1.0375865697860718,5.839000225067139,-0.6687111854553223,1.099751353263855,-1.1640897989273071,0.5778220295906067,-0.9209325313568115,-0.9897840619087219,0.5570348501205444,-0.19472363591194153,0.9722046852111816,1.5584940910339355,0.7078626155853271,1.3610661029815674,-0.8715617060661316,-1.154268741607666,-0.3363091051578522,0.5060020685195923,-0.5879386067390442,0.30123186111450195,-0.03164513036608696,-0.04643916338682175,-0.4175504446029663,-0.8010256290435791,-0.7793498635292053,-0.5104910731315613,2.017641544342041,2.3437955379486084,-2.147548198699951,-2.292904853820801,-0.06010054424405098,-0.0658419132232666,-0.31379714608192444,0.2890169620513916,0.2469908446073532,0.3290151357650757,-0.5954053997993469,-0.7546117305755615,-0.7551983594894409,-0.9646403193473816,1.7258862257003784,2.104883909225464,-2.1153931617736816,-2.1554975509643555,0.5155531167984009,-0.29876193404197693,-1.7251944541931152,4.448370456695557,-1.430420994758606,1.1186630725860596,-0.4427018463611603,1.6749471426010132,6.391900062561035,-9.159732818603516,-2.9186699390411377,5.2282867431640625,19.373462677001953,-18.302230834960938
0.283,0.0,0.0,0.0,0.6343902945518494,-1.405470609664917,-1.6663817167282104,-0.17073237895965576,-0.1986435055732727,-0.9650861024856567,0.800000011920929,0.0,0.0,0.0,-0.16261622309684753,-0.011296745389699936,-0.3910387456417084,0.26046013832092285,0.1850663125514984,0.27346351742744446,-0.5478740334510803,-0.8045046925544739,-0.8139580488204956,-0.7361714839935303,1.6953943967819214,2.2626891136169434,-2.1877801418304443,-2.296968698501587,-2.598642349243164,9.802827835083008,-0.5779035091400146,-3.321291923522949,-6.93583869934082,-4.115440368652344,1.1886659860610962,-0.7580643892288208,0.35874423384666443,7.313319683074951,-5.061511516571045,-3.115373134613037,24.56597900390625,22.702869415283203,-0.6687111854553223,1.099751353263855,-1.1640897989273071,0.5778220295906067,-0.9209325313568115,-0.9897840619087219,0.5570348501205444,-0.19472363591194153,0.9722046852111816,1.5584940910339355,0.7078626155853271,1.3610661029815674,-0.8715617060661316,-1.154268741607666,5.818999767303467,-0.46049028635025024,-0.12349918484687805,-1.1649495363235474,1.0192559957504272,-0.08646956086158752,-0.6762763261795044,0.8901423811912537,-0.31331223249435425,1.1936837434768677,1.6882946491241455,0.8552018404006958,1.0204640626907349,-0.962749719619751,-0.7694610357284546,-0.2408515363931656,-0.004974424839019775,-0.5830211043357849,0.488788366317749,0.32710421085357666,0.06021173298358917,-0.26948094367980957,-0.8493830561637878,-0.6852172613143921,-0.43575650453567505,2.0950050354003906,2.201988458633423,-2.197701930999756,-2.125257968902588,-0.16261622309684753,-0.011296745389699936,-0.3910387456417084,0.26046013832092285,0.1850663125514984,0.27346351742744446,-0.5478740334510803,-0.8045046925544739,-0.8139580488204956,-0.7361714839935303,1.6953943967819214,2.2626891136169434,-2.1877801418304443,-2.296968698501587,-2.598642349243164,9.802827835083008,-0.5779035091400146,-3.321291923522949,-6.93583869934082,-4.115440368652344,1.1886659860610962,-0.7580643892288208,0.35874423384666443,7.313319683074951,-5.061511516571045,-3.115373134613037,24.56597900390625,22.702869415283203
0.302,0.0,0.0,0.0,2.456721782684326,-1.1339030265808105,-1.2829530239105225,-0.18395687639713287,-0.22963878512382507,-0.9557331800460815,0.800000011920929,0.0,0.0,0.0,-0.2077309936285019,0.21931539475917816,-0.43729108572006226,0.2563207745552063,0.06201549619436264,0.1822098046541214,-0.49166595935821533,-0.8096998929977417,-0.7209548950195312,-0.5929579138755798,1.6783665418624878,2.293971538543701,-2.2555956840515137,-2.2355918884277344,1.8611586093902588,10.723540306091309,-1.2335586547851562,2.9573402404785156,-7.513620376586914,-5.836606979370117,7.093983173370361,-4.261325359344482,27.158384323120117,24.021102905273438,-1.2472202777862549,-8.287089347839355,-26.058467864990234,34.43868637084961,-0.46049028635025024,-0.12349918484687805,-1.1649495363235474,1.0192559957504272,-0.08646956086158752,-0.6762763261795044,0.8901423811912537,-0.31331223249435425,1.1936837434768677,1.6882946491241455,0.8552018404006958,1.0204640626907349,-0.962749719619751,-0.7694610357284546,5.798999786376953,-0.713007926940918,-0.7341902852058411,-0.9880586862564087,1.1928837299346924,0.009575646370649338,-0.7422189712524414,0.9500463604927063,-0.0499386340379715,1.2753177881240845,1.4467788934707642,0.5941221714019775,0.527016282081604,-1.0164926052093506,-0.17389261722564697,-0.344938725233078,-0.33088305592536926,-0.5029284954071045,0.5856764912605286,0.40619948506355286,0.04120263457298279,-0.22771720588207245,-0.7357006669044495,-0.6390687227249146,-0.5369651317596436,1.985255479812622,1.9657561779022217,-2.2269020080566406,-1.8404873609542847,-0.2077309936285019,0.21931539475917816,-0.43729108572006226,0.2563207745552063,0.06201549619436264,0.1822098046541214,-0.49166595935821533,-0.8096998929977417,-0.7209548950195312,-0.5929579138755798,1.6783665418624878,2.293971538543701,-2.2555956840515137,-2.2355918884277344,1.8611586093902588,10.723540306091309,-1.2335586547851562,2.9573402404785156,-7.513620376586914,-5.836606979370117,7.093983173370361,-4.261325359344482,27.158384323120117,24.021102905273438,-1.2472202777862549,-8.287089347839355,-26.058467864990234,34.43868637084961
0.323,0.0,0.0,0.0,1.358882188796997,-0.6263834834098816,0.021715374663472176,-0.19958646595478058,-0.27856066823005676,-0.9394515156745911,0.800000011920929,0.0,0.0,0.0,-0.2580759823322296,0.23622678220272064,-0.49237823486328125,0.31458115577697754,0.10072537511587143,0.17589029669761658,-0.40714842081069946,-0.8035287261009216,-0.6931434869766235,-0.578617513179779,1.6324646472930908,2.2533113956451416,-2.299849271774292,-2.257315158843994,-6.236762523651123,-5.401035308837891,0.7887592911720276,-1.6701289415359497,5.1604461669921875,5.383570671081543,6.334192752838135,11.949607849121094,5.075371742248535,-25.744556427001953,-3.607801675796509,-6.868288516998291,-21.505016326904297,-8.488114356994629,-0.713007926940918,-0.7341902852058411,-0.9880586862564087,1.1928837299346924,0.009575646370649338,-0.7422189712524414,0.9500463604927063,-0.0499386340379715,1.2753177881240845,1.4467788934707642,0.5941221714019775,0.527016282081604,-1.0164926052093506,-0.17389261722564697,5.7789998054504395,0.4780796766281128,-0.16500742733478546,-1.3655732870101929,0.9276236891746521,-0.12901471555233002,-0.09840483963489532,0.9307324290275574,-0.9449107050895691,1.1041440963745117,0.742721438407898,0.6931582689285278,1.2062444686889648,-1.064007043838501,-1.159593939781189,0.18064196407794952,-0.10734164714813232,-0.6648008227348328,0.47599828243255615,0.35174331068992615,0.32901808619499207,-0.23223209381103516,-1.1270698308944702,-0.7114819884300232,-0.8639118671417236,2.0188467502593994,2.247785806655884,-2.2512030601501465,-2.2555758953094482,-0.2580759823322296,0.23622678220272064,-0.49237823486328125,0.31458115577697754,0.10072537511587143,0.17589029669761658,-0.40714842081069946,-0.8035287261009216,-0.6931434869766235,-0.578617513179779,1.6324646472930908,2.2533113956451416,-2.299849271774292,-2.257315158843994,-6.236762523651123,-5.401035308837891,0.7887592911720276,-1.6701289415359497,5.1604461669921875,5.383570671081543,6.334192752838135,11.949607849121094,5.075371742248535,-25.744556427001953,-3.607801675796509,-6.868288516998291,-21.505016326904297,-8.488114356994629
0.342,0.0,0.0,0.0,-2.4586181640625,0.18669487535953522,-0.7400079369544983,-0.19812797009944916,-0.2685772478580475,-0.9426619410514832,0.800000011920929,0.0,0.0,0.0,-0.32138729095458984,0.08220590651035309,-0.4975041449069977,0.30807581543922424,0.22140292823314667,0.15084831416606903,-0.3768959939479828,-0.7872851490974426,-0.7403337359428406,-0.6703243255615234,1.6287634372711182,2.31598162651062,-2.3183703422546387,-2.3946330547332764,2.559704065322876,-4.093459129333496,-4.037101745605469,0.3000125586986542,9.913431167602539,6.183045387268066,2.6678571701049805,-7.83034610748291,-26.18874740600586,-25.654621124267578,5.57687520980835,17.780906677246094,-24.174768447875977,-22.26929473876953,0.4780796766281128,-0.16500742733478546,-1.3655732870101929,0.9276236891746521,-0.12901471555233002,-0.09840483963489532,0.9307324290275574,-0.9449107050895691,1.1041440963745117,0.742721438407898,0.6931582689285278,1.2062444686889648,-1.064007043838501,-1.159593939781189,5.758999824523926,-0.17973503470420837,-0.014169493690133095,-1.917413592338562,1.0556905269622803,-0.42361536622047424,-0.26378268003463745,0.4530981779098511,0.5765752196311951,1.0855321884155273,1.0501247644424438,0.7767343521118164,1.220218539237976,-1.119036316871643,-0.8248878717422485,-0.0628165602684021,-0.017110437154769897,-0.9293162226676941,0.5226605534553528,0.2137274146080017,0.28337961435317993,-0.4476189911365509,-0.4815381169319153,-0.7270987033843994,-0.758275032043457,2.0598151683807373,2.2822768688201904,-2.2783966064453125,-2.1464669704437256,-0.32138729095458984,0.08220590651035309,-0.4975041449069977,0.30807581543922424,0.22140292823314667,0.15084831416606903,-0.3768959939479828,-0.7872851490974426,-0.7403337359428406,-0.6703243255615234,1.6287634372711182,2.31598162651062,-2.3183703422546387,-2.3946330547332764,2.559704065322876,-4.093459129333496,-4.037101745605469,0.3000125586986542,9.913431167602539,6.183045387268066,2.6678571701049805,-7.83034610748291,-26.18874740600586,-25.654621124267578,5.57687520980835,17.780906677246094,-24.174768447875977,-22.26929473876953
0.364,0.0,0.0,0.0,-0.7784790396690369,0.4007113575935364,-0.2653738856315613,-0.18801793456077576,-0.22826698422431946,-0.9552714228630066,0.800000011920929,0.0,0.0,0.0,-0.149443581700325,0.039791304618120193,-0.49208080768585205,0.3329998850822449,0.2531164884567261,0.15255425870418549,-0.36860594153404236,-0.9380680918693542,-0.7171674966812134,-0.6770304441452026,1.6616871356964111,2.3180482387542725,-2.347837448120117,-2.2209346294403076,7.637717247009277,0.2626544237136841,-1.8435157537460327,3.3621513843536377,-3.5332353115081787,-6.9274749755859375,-4.63627290725708,-6.784071922302246,10.02393627166748,24.412689208984375,9.410871505737305,2.8647234439849854,-7.515727996826172,7.886906623840332,-0.17973503470420837,-0.014169493690133095,-1.917413592338562,1.0556905269622803,-0.42361536622047424,-0.26378268003463745,0.4530981779098511,0.5765752196311951,1.0855321884155273,1.0501247644424438,0.7767343521118164,1.220218539237976,-1.119036316871643,-0.8248878717422485,5.738999843597412,-0.6007817387580872,-0.1646319478750229,-1.4095041751861572,1.2155684232711792,-0.41300076246261597,0.19567379355430603,1.4746378660202026,0.06495353579521179,1.191596508026123,0.9986950755119324,0.8262991905212402,1.2729285955429077,-1.6168290376663208,-1.1670496463775635,-0.2766334116458893,-0.07579541206359863,-0.7272084951400757,0.599271833896637,0.20470239222049713,0.4855711758136749,-0.00946483388543129,-0.6472146511077881,-0.6809314489364624,-0.770854651927948,2.0862159729003906,2.309445381164551,-2.505122661590576,-2.2895288467407227,-0.149443581700325,0.039791304618120193,-0.49208080768585205,0.3329998850822449,0.2531164884567261,0.15255425870418549,-0.36860594153404236,-0.9380680918693542,-0.7171674966812134,-0.6770304441452026,1.6616871356964111,2.3180482387542725,-2.347837448120117,-2.2209346294403076,7.637717247009277,0.2626544237136841,-1.8435157537460327,3.3621513843536377,-3.5332353115081787,-6.9274749755859375,-4.63627290725708,-6.784071922302246,10.02393627166748,24.412689208984375,9.410871505737305,2.8647234439849854,-7.515727996826172,7.886906623840332
0.383,0.0,0.0,0.0,0.2854297459125519,-1.1665127277374268,0.4424794018268585,-0.1959133744239807,-0.23664505779743195,-0.9516391158103943,0.800000011920929,0.0,0.0,0.0,-0.1104029193520546,0.034129511564970016,-0.4967864155769348,0.3650434911251068,0.2254987210035324,0.19208887219429016,-0.3843848705291748,-0.8891517519950867,-0.6626489162445068,-0.7922741770744324,1.7274422645568848,2.335681915283203,-2.4450337886810303,-2.3563597202301025,-3.769087791442871,-3.6578831672668457,-0.05337594449520111,11.206195831298828,-5.175739765167236,10.213065147399902,1.041558861732483,-3.0756101608276367,19.118242263793945,-19.660581588745117,8.606094360351562,19.16942596435547,-25.125633239746094,-29.924476623535156,-0.6007817387580872,-0.1646319478750229,-1.4095041751861572,1.2155684232711792,-0.41300076246261597,0.19567379355430603,1.4746378660202026,0.06495353579521179,1.191596508026123,0.9986950755119324,0.8262991905212402,1.2729285955429077,-1.6168290376663208,-1.1670496463775635,5.718999862670898,0.033296965062618256,-0.03615672141313553,-1.5354474782943726,0.6017038226127625,-0.04807090014219284,-0.49110472202301025,0.19653105735778809,0.17949169874191284,1.1170403957366943,0.9139377474784851,0.26209840178489685,0.7412114143371582,-0.9756399393081665,-1.2259739637374878,-0.012679707258939743,-0.02385006472468376,-0.7636721730232239,0.33069390058517456,0.3680182993412018,0.19673998653888702,-0.5407974720001221,-0.6122401356697083,-0.7098649144172668,-0.810253381729126,1.8349658250808716,2.072889566421509,-2.239260196685791,-2.3303511142730713,-0.1104029193520546,0.034129511564970016,-0.4967864155769348,0.3650434911251068,0.2254987210035324,0.19208887219429016,-0.3843848705291748,-0.8891517519950867,-0.6626489162445068,-0.7922741770744324,1.7274422645568848,2.335681915283203,-2.4450337886810303,-2.3563597202301025,-3.769087791442871,-3.6578831672668457,-0.05337594449520111,11.206195831298828,-5.175739765167236,10.213065147399902,1.041558861732483,-3.0756101608276367,19.118242263793945,-19.660581588745117,8.606094360351562,19.16942596435547,-25.125633239746094,-29.924476623535156
0.402,0.0,0.0,0.0,-0.7736484408378601,0.2164742797613144,-0.644655168056488,-0.20561033487319946,-0.2359415888786316,-0.9497662782669067,0.800000011920929,0.0,0.0,0.0,-0.18524359166622162,0.014047966338694096,-0.5419942736625671,0.413115918636322,0.2570399343967438,0.2529570758342743,-0.30590617656707764,-0.8015146255493164,-0.7325575351715088,-0.8264840245246887,1.8233044147491455,2.333127975463867,-2.344341516494751,-2.4126744270324707,1.1259801387786865,3.3212597370147705,-0.6779832243919373,-0.05463049188256264,9.994159698486328,-0.08321937173604965,4.116507530212402,10.778326034545898,-28.75142478942871,-8.197159767150879,-2.2742648124694824,-7.194607257843018,-0.12828576564788818,-9.893487930297852,0.033296965062618256,-0.03615672141313553,-1.5354474782943726,0.6017038226127625,-0.04807090014219284,-0.49110472202301025,0.19653105735778809,0.17949169874191284,1.1170403957366943,0.9139377474784851,0.26209840178489685,0.7412114143371582,-0.9756399393081665,-1.2259739637374878,5.698999881744385,0.0196518637239933,0.4298790395259857,-1.5928258895874023,0.5808159708976746,-0.5843455791473389,-0.6206165552139282,0.9583940505981445,-0.8015460968017578,1.1341533660888672,1.5838897228240967,0.823967695236206,1.6618483066558838,-1.1544361114501953,-1.1037534475326538,0.0075753675773739815,0.19106055796146393,-0.7931388020515442,0.29443657398223877,0.14302632212638855,0.10957655310630798,-0.25109240412712097,-1.0502097606658936,-0.7050575017929077,-0.5127149820327759,2.0626819133758545,2.4635207653045654,-2.2931323051452637,-2.2794342041015625,-0.18524359166622162,0.014047966338694096,-0.5419942736625671,0.413115918636322,0.2570399343967438,0.2529570758342743,-0.30590617656707764,-0.8015146255493164,-0.7325575351715088,-0.8264840245246887,1.8233044147491455,2.333127975463867,-2.344341516494751,-2.4126744270324707,1.1259801387786865,3.3212597370147705,-0.6779832243919373,-0.05463049188256264,9.994159698486328,-0.08321937173604965,4.116507530212402,10.778326034545898,-28.75142478942871,-8.197159767150879,-2.2742648124694824,-7.194607257843018,-0.12828576564788818,-9.893487930297852
0.424,0.0,0.0,0.0,-1.5776000022888184,-1.1667598485946655,-1.7203452587127686,-0.20787322521209717,-0.21696777641773224,-0.9537891149520874,0.800000011920929,0.0,0.0,0.0,-0.12519130110740662,0.04847240075469017,-0.5824482440948486,0.41645970940589905,0.27817651629447937,0.21835896372795105,-0.33180180191993713,-0.7642479538917542,-0.6924673318862915,-0.7914685606956482,1.9081428050994873,2.298619508743286,-2.4812817573547363,-2.4402592182159424,5.880677700042725,2.578507900238037,-7.373546600341797,0.6824175715446472,-5.340353012084961,-8.527422904968262,-0.7537356019020081,-12.440788269042969,20.136642456054688,16.448007583618164,14.495980262756348,9.8875732421875,-24.837276458740234,12.625155448913574,0.0196518637239933,0.4298790395259857,-1.5928258895874023,0.5808159708976746,-0.5843455791473389,-0.6206165552139282,0.9583940505981445,-0.8015460968017578,1.1341533660888672,1.5838897228240967,0.823967695236206,1.6618483066558838,-1.1544361114501953,-1.1037534475326538,5.677999973297119,-0.5775235891342163,-0.21615257859230042,-1.4671602249145508,1.163833498954773,-0.19694161415100098,-0.024806156754493713,0.8091751337051392,0.5316662192344666,0.9358309507369995,1.0262600183486938,0.9280712604522705,0.8045573830604553,-1.9185705184936523,-1.0051339864730835,-0.25912806391716003,-0.07816259562969208,-0.7395359873771667,0.5531687140464783,0.2948589026927948,0.368974894285202,-0.28927040100097656,-0.494061142206192,-0.7938218116760254,-0.7338944673538208,2.13230037689209,2.116802930831909,-2.6423797607421875,-2.229963779449463,-0.12519130110740662,0.04847240075469017,-0.5824482440948486,0.41645970940589905,0.27817651629447937,0.21835896372795105,-0.33180180191993713,-0.7642479538917542,-0.6924673318862915,-0.7914685606956482,1.9081428050994873,2.298619508743286,-2.4812817573547363,-2.4402592182159424,5.880677700042725,2.578507900238037,-7.373546600341797,0.6824175715446472,-5.340353012084961,-8.527422904968262,-0.7537356019020081,-12.440788269042969,20.136642456054688,16.448007583618164,14.495980262756348,9.8875732421875,-24.837276458740234,12.625155448913574
0.445,0.0,0.0,0.0,-2.000783920288086,-0.3301926553249359,0.5211613774299622,-0.2219199687242508,-0.17524252831935883,-0.9591879844665527,0.800000011920929,0.0,0.0,0.0,-0.04508526250720024,0.09533613175153732,-0.6767520308494568,0.3936769366264343,0.2791473865509033,0.19609487056732178,-0.3035028874874115,-0.8993171453475952,-0.7513130307197571,-0.7680702805519104,2.0154147148132324,2.3754966259002686,-2.4463229179382324,-2.3491318225860596,1.422861099243164,0.9359166622161865,-1.428052306175232,2.6753711700439453,7.394643783569336,9.078493118286133,-0.06234371289610863,0.9396688342094421,-25.363677978515625,-26.71624183654785,13.327638626098633,-2.173941135406494,-30.000362396240234,4.515574932098389,-0.5775235891342163,-0.21615257859230042,-1.4671602249145508,1.163833498954773,-0.19694161415100098,-0.024806156754493713,0.8091751337051392,0.5316662192344666,0.9358309507369995,1.0262600183486938,0.9280712604522705,0.8045573830604553,-1.9185705184936523,-1.0051339864730835,5.6570000648498535,0.38130414485931396,-0.09184080362319946,-1.9135448932647705,1.1058646440505981,-0.3297572135925293,-0.36838263273239136,1.0861432552337646,-0.1649041473865509,0.8905656933784485,0.8631457686424255,0.9489074945449829,1.584069013595581,-1.7071343660354614,-1.1467528343200684,0.14567404985427856,-0.04914461821317673,-0.9350488185882568,0.5529559850692749,0.2502751350402832,0.24030530452728271,-0.16845254600048065,-0.7519029378890991,-0.8230676054954529,-0.8294138312339783,2.1486384868621826,2.4329113960266113,-2.582158327102661,-2.288745164871216,-0.07162521034479141,0.06492200493812561,-0.6744014024734497,0.41146019101142883,0.2813408672809601,0.22081251442432404,-0.3072390556335449,-0.8326728940010071,-0.7440255284309387,-0.7373482584953308,2.081991195678711,2.3254666328430176,-2.49031138420105,-2.4119045734405518,-3.7765042781829834,-3.258180856704712,-0.6326063275337219,1.9148924350738525,3.948791742324829,6.426697731018066,3.780043840408325,5.434379577636719,-12.79364013671875,-12.434727668762207,3.6601152420043945,-3.658816337585449,-25.445955276489258,-2.4685022830963135
0.465,0.0,0.0,0.0,-3.556339979171753,-0.34152722358703613,-1.0061856508255005,-0.22721675038337708,-0.12827761471271515,-0.9653586745262146,0.800000011920929,0.0,0.0,0.0,-0.10567337274551392,0.03409240394830704,-0.6724290251731873,0.42519062757492065,0.28641563653945923,0.2459549456834793,-0.2994208037853241,-0.7936844229698181,-0.7577792406082153,-0.7424854040145874,2.0928375720977783,2.293865203857422,-2.4905507564544678,-2.4271860122680664,-4.3223066329956055,-4.083937168121338,0.7459164261817932,1.6972675323486328,-2.2304320335388184,0.09703446179628372,-0.8839489221572876,4.3747735023498535,8.159721374511719,10.393101692199707,0.3657546937465668,-4.085699081420898,14.441075325012207,-1.4594048261642456,0.38130414485931396,-0.09184080362319946,-1.9135448932647705,1.1058646440505981,-0.3297572135925293,-0.36838263273239136,1.0861432552337646,-0.1649041473865509,0.8905656933784485,0.8631457686424255,0.9489074945449829,1.584069013595581,-1.7071343660354614,-1.1467528343200684,5.638000011444092,0.0520029217004776,-0.2181861698627472,-1.026626467704773,1.2845453023910522,-0.18816083669662476,0.3050512969493866,1.0839815139770508,-0.6420331597328186,1.3727895021438599,0.5910048484802246,0.9808595180511475,1.8932570219039917,-1.766929268836975,-1.5614274740219116,0.0379687175154686,-0.10309823602437973,-0.555486798286438,0.6333409547805786,0.30953511595726013,0.530483603477478,-0.1573435515165329,-0.9923951625823975,-0.6089914441108704,-0.961429238319397,2.1646506786346436,2.603656768798828,-2.603044033050537,-2.481226682662964,-0.08576491475105286,0.019222427159547806,-0.7372709512710571,0.4877384901046753,0.2748623788356781,0.23938705027103424,-0.2458927035331726,-0.8267175555229187,-0.7907844185829163,-0.7851034998893738,2.1261234283447266,2.371995449066162,-2.507523775100708,-2.4429993629455566,4.343337059020996,-0.6807239651679993,-5.0439934730529785,3.4858968257904053,-3.6284799575805664,-4.0160932540893555,3.5428943634033203,1.7783479690551758,6.5707550048828125,7.650128364562988,0.5741255879402161,3.5893588066101074,13.983863830566406,-16.532386779785156
0.483,0.0,0.0,0.0,-4.320957183837891,-0.04274411499500275,0.2958005964756012,-0.22800852358341217,-0.06930536776781082,-0.9711894392967224,0.800000011920929,0.0,0.0,0.0,-0.06511632353067398,-0.0024015496019273996,-0.7760686278343201,0.5170153379440308,0.24418698251247406,0.24690383672714233,-0.20962515473365784,-0.8323685526847839,-0.7197760343551636,-0.8687223792076111,2.1368911266326904,2.423567771911621,-2.5392565727233887,-2.5335707664489746,-2.226008176803589,-7.327505588531494,-4.194948196411133,6.746026039123535,-7.003814697265625,4.940786361694336,5.012648582458496,-6.7927727699279785,21.67766571044922,-25.86874771118164,2.42303729057312,19.991994857788086,-22.389036178588867,-21.96242904663086,0.0520029217004776,-0.2181861698627472,-1.026626467704773,1.2845453023910522,-0.18816083669662476,0.3050512969493866,1.0839815139770508,-0.6420331597328186,1.3727895021438599,0.5910048484802246,0.9808595180511475,1.8932570219039917,-1.766929268836975,-1.5614274740219116,5.61899995803833,0.07328180223703384,0.3024890124797821,-1.283835530281067,1.122795820236206,-0.45796823501586914,-0.19378982484340668,0.015372909605503082,0.33717748522758484,1.752119779586792,0.7280436158180237,0.4695199728012085,1.0285084247589111,-1.231065034866333,-1.3300211429595947,0.036773681640625,0.12581022083759308,-0.6332746148109436,0.5685921907424927,0.19404780864715576,0.3350229263305664,-0.6371065378189087,-0.5757995843887329,-0.41688522696495056,-0.912963330745697,1.936149001121521,2.2315943241119385,-2.3639936447143555,-2.3963420391082764,-0.06511632353067398,-0.0024015496019273996,-0.7760686278343201,0.5170153379440308,0.24418698251247406,0.24690383672714233,-0.20962515473365784,-0.8323685526847839,-0.7197760343551636,-0.8687223792076111,2.1368911266326904,2.423567771911621,-2.5392565727233887,-2.5335707664489746,-2.226008176803589,-7.327505588531494,-4.194948196411133,6.746026039123535,-7.003814697265625,4.940786361694336,5.012648582458496,-6.7927727699279785,21.67766571044922,-25.86874771118164,2.42303729057312,19.991994857788086,-22.389036178588867,-21.96242904663086
0.503,0.0,0.0,0.0,-2.955648183822632,1.3455495834350586,-0.3509444296360016,-0.21879440546035767,-0.002905291737988591,-0.975766658782959,0.800000011920929,0.0,0.0,0.0,-0.033763617277145386,-0.06115831434726715,-0.7028836011886597,0.5944784283638,0.23133565485477448,0.2959344685077667,-0.18800953030586243,-0.8757029175758362,-0.5834628343582153,-0.8488538861274719,2.1280713081359863,2.4138073921203613,-2.456308603286743,-2.363281726837158,0.9844709634780884,-1.741247296333313,2.562006950378418,-14.016210556030273,-9.262419700622559,-5.815189361572266,-3.9374871253967285,8.552656173706055,31.382038116455078,24.7718448638916,0.5777077674865723,-27.482908248901367,5.932388782501221,28.479795455932617,0.07328180223703384,0.3024890124797821,-1.283835530281067,1.122795820236206,-0.45796823501586914,-0.19378982484340668,0.015372909605503082,0.33717748522758484,1.752119779586792,0.7280436158180237,0.4695199728012085,1.0285084247589111,-1.231065034866333,-1.3300211429595947,5.598999977111816,-0.274919331073761,0.020689398050308228,-1.0192538499832153,1.0160787105560303,0.08762481808662415,-0.23844332993030548,0.9557966589927673,-0.41220369935035706,1.356832504272461,0.8245555758476257,0.5350354313850403,1.2328358888626099,-1.0815696716308594,-1.0051579475402832,-0.12003632634878159,0.02189125120639801,-0.5219916701316833,0.5140945911407471,0.42801591753959656,0.2953827679157257,-0.2618921101093292,-0.8713615536689758,-0.5755538940429688,-0.8646862506866455,1.9427807331085205,2.2863354682922363,-2.272815704345703,-2.2416653633117676,-0.033763617277145386,-0.06115831434726715,-0.7028836011886597,0.5944784283638,0.23133565485477448,0.2959344685077667,-0.18800953030586243,-0.8757029175758362,-0.5834628343582153,-0.8488538861274719,2.1280713081359863,2.4138073921203613,-2.456308603286743,-2.363281726837158,0.9844709634780884,-1.741247296333313,2.562006950378418,-14.016210556030273,-9.262419700622559,-5.815189361572266,-3.9374871253967285,8.552656173706055,31.382038116455078,24.7718448638916,0.5777077674865723,-27.482908248901367,5.932388782501221,28.479795455932617
0.524,0.0,0.0,0.0,0.6593928933143616,1.2052764892578125,-0.9331899881362915,-0.18875104188919067,-0.006325930822640657,-0.9820045828819275,0.800000011920929,0.0,0.0,0.0,-0.04208143427968025,-0.06259927153587341,-0.6634862422943115,0.5355889797210693,0.22176875174045563,0.29118072986602783,-0.28871431946754456,-0.788452684879303,-0.595332682132721,-0.8264139890670776,2.1641578674316406,2.3301265239715576,-2.4452383518218994,-2.362377643585205,-8.165264129638672,-7.625197887420654,-2.24058198928833,-7.089247703552246,8.834565162658691,-5.2438249588012695,-2.389421224594116,-5.81045389175415,-26.142969131469727,15.470169067382812,-4.839481830596924,3.0330731868743896,5.726588249206543,26.758760452270508,-0.274919331073761,0.020689398050308228,-1.0192538499832153,1.0160787105560303,0.08762481808662415,-0.23844332993030548,0.9557966589927673,-0.41220369935035706,1.356832504272461,0.8245555758476257,0.5350354313850403,1.2328358888626099,-1.0815696716308594,-1.0051579475402832,5.578000068664551,-0.10223822295665741,0.09166219830513,-1.5409305095672607,1.0071004629135132,-0.7966763377189636,0.05304890125989914,0.6555271744728088,-0.18659257888793945,1.175296425819397,1.0959341526031494,1.120617389678955,1.8454313278198242,-1.5697208642959595,-1.2997114658355713,-0.058010831475257874,0.04343711584806442,-0.7456178665161133,0.5046046376228333,0.05347723886370659,0.4225902855396271,-0.3594919443130493,-0.7993927597999573,-0.6731119751930237,-0.7377382516860962,2.206955671310425,2.5674777030944824,-2.483365774154663,-2.3587465286254883,-0.06079534813761711,-0.08953332901000977,-0.6770344376564026,0.491350919008255,0.23734937608242035,0.29019880294799805,-0.28138214349746704,-0.8018608093261719,-0.6312864422798157,-0.853754460811615,2.115163803100586,2.3502256870269775,-2.433689594268799,-2.3211240768432617,0.48201119899749756,1.2250969409942627,-0.4156208336353302,-2.724628210067749,1.3868987560272217,-2.1753108501434326,1.2564653158187866,-0.5039590001106262,-2.3345353603363037,7.606880187988281,-3.4809162616729736,-3.732640504837036,0.4028046429157257,13.033719062805176
0.543,0.0,0.0,0.0,1.1692631244659424,0.34469640254974365,-0.6892331838607788,-0.17343364655971527,-0.011242623440921307,-0.9847813844680786,0.800000011920929,0.0,0.0,0.0,-0.04632895439863205,-0.067121222615242,-0.6973612904548645,0.5018135905265808,0.25305962562561035,0.27738502621650696,-0.2878458797931671,-0.7838696241378784,-0.7086356282234192,-0.7685710787773132,2.1386778354644775,2.4048333168029785,-2.5148284435272217,-2.510127067565918,4.34604549407959,4.620889663696289,-7.29395866394043,4.190046787261963,3.0470736026763916,-3.031719207763672,-5.240978717803955,3.4204869270324707,-25.113399505615234,26.207908630371094,14.326899528503418,14.879837989807129,-21.738725662231445,-34.888084411621094,-0.10223822295665741,0.09166219830513,-1.5409305095672607,1.0071004629135132,-0.7966763377189636,0.05304890125989914,0.6555271744728088,-0.18659257888793945,1.175296425819397,1.0959341526031494,1.120617389678955,1.8454313278198242,-1.5697208642959595,-1.2997114658355713,5.559000015258789,-0.5628547072410583,-0.1397021859884262,-1.8936669826507568,0.8022629022598267,-0.25964677333831787,-0.3694298267364502,0.5144222974777222,-0.09122345596551895,0.8730678558349609,1.1558619737625122,0.9930164813995361,0.6238806247711182,-1.5815898180007935,-1.1723849773406982,-0.25908568501472473,-0.05852226912975311,-0.926711916923523,0.41147875785827637,0.25768667459487915,0.24519559741020203,-0.4327491223812103,-0.7492798566818237,-0.8188706636428833,-0.6980758905410767,2.175952911376953,2.045893907546997,-2.5097618103027344,-2.3131580352783203,-0.04632895439863205,-0.067121222615242,-0.6973612904548645,0.5018135905265808,0.25305962562561035,0.27738502621650696,-0.2878458797931671,-0.7838696241378784,-0.7086356282234192,-0.7685710787773132,2.1386778354644775,2.4048333168029785,-2.5148284435272217,-2.510127067565918,4.34604549407959,4.620889663696289,-7.29395866394043,4.190046787261963,3.0470736026763916,-3.031719207763672,-5.240978717803955,3.4204869270324707,-25.113399505615234,26.207908630371094,14.326899528503418,14.879837989807129,-21.738725662231445,-34.888084411621094
0.564,0.0,0.0,0.0,0.8889257311820984,-0.18886896967887878,-0.1600557267665863,-0.1736767590045929,-0.052754487842321396,-0.9833887219429016,0.800000011920929,0.0,0.0,0.0,-0.06333322077989578,-0.04076922684907913,-0.783065140247345,0.43948817253112793,0.23127469420433044,0.3323691189289093,-0.3480815589427948,-0.7556713223457336,-0.7930691242218018,-0.7594655156135559,2.1840221881866455,2.4230411052703857,-2.4826698303222656,-2.345250368118286,-9.789324760437012,-4.591958999633789,-11.116601943969727,-19.05082893371582,9.180458068847656,-1.8901015520095825,-0.034453097730875015,8.091569900512695,-30.20128059387207,4.672359466552734,1.043757677078247,-18.484947204589844,-24.129520416259766,23.7771053314209,-0.5628547072410583,-0.1397021859884262,-1.8936669826507568,0.8022629022598267,-0.25964677333831787,-0.3694298267364502,0.5144222974777222,-0.09122345596551895,0.8730678558349609,1.1558619737625122,0.9930164813995361,0.6238806247711182,-1.5815898180007935,-1.1723849773406982,5.538000106811523,-0.22244514524936676,0.15528002381324768,-1.3856199979782104,1.0181937217712402,-0.3446176052093506,-0.507307767868042,0.06859812885522842,-0.33975648880004883,0.8019094467163086,1.0539101362228394,1.1232115030288696,1.116093635559082,-1.3290603160858154,-0.9025338888168335,-0.12600888311862946,0.06402377784252167,-0.7162001729011536,0.49933505058288574,0.23987074196338654,0.1654110699892044,-0.6406957507133484,-0.8561083674430847,-0.8654677867889404,-0.7399880290031433,2.231440544128418,2.2152316570281982,-2.3987631797790527,-2.1871659755706787,-0.13230854272842407,-0.06101591885089874,-0.8382493257522583,0.3661060631275177,0.2319730967283249,0.32571619749069214,-0.3912026882171631,-0.6900031566619873,-0.7743178606033325,-0.7363176941871643,2.1887598037719727,2.3249170780181885,-2.492399215698242,-2.340341567993164,-2.592176675796509,0.7392544746398926,-2.6077234745025635,1.4694454669952393,4.323827743530273,-0.7474172711372375,-1.0095195770263672,2.771606206893921,-15.222916603088379,2.02209210395813,1.6899912357330322,-1.9906527996063232,-21.019756317138672,-10.080118179321289
0.584,0.0,0.0,0.0,-3.2345480918884277,0.2122851014137268,-0.09284146130084991,-0.17342180013656616,-0.004060303792357445,-0.9848392605781555,0.800000011920929,0.0,0.0,0.0,-0.13106271624565125,-0.03537064790725708,-0.8382919430732727,0.4135594964027405,0.23569387197494507,0.3160671591758728,-0.4224717319011688,-0.7108316421508789,-0.7895969748497009,-0.753502607345581,2.1844565868377686,2.3268067836761475,-2.429279088973999,-2.300121307373047,6.564126491546631,9.148565292358398,3.6279196739196777,16.139833450317383,-3.212343454360962,-2.3636488914489746,-7.031494617462158,-12.033209800720215,10.475646018981934,-10.237214088439941,-1.0222834348678589,9.08480167388916,32.58774185180664,25.2540283203125,-0.22244514524936676,0.15528002381324768,-1.3856199979782104,1.0181937217712402,-0.3446176052093506,-0.507307767868042,0.06859812885522842,-0.33975648880004883,0.8019094467163086,1.0539101362228394,1.1232115030288696,1.116093635559082,-1.3290603160858154,-0.9025338888168335,5.519000053405762,-0.31665533781051636,-0.1786961704492569,-1.3543541431427002,0.6126148700714111,-0.1549401730298996,-0.18442349135875702,0.5584331154823303,0.09991037845611572,1.222361445426941,1.172208309173584,0.6877582669258118,1.0582642555236816,-1.3875824213027954,-0.9672703146934509,-0.15509578585624695,-0.07401089370250702,-0.6810793876647949,0.3256101906299591,0.3234439790248871,0.3027305006980896,-0.44106462597846985,-0.6689411401748657,-0.680924117565155,-0.6909450888633728,2.0410351753234863,2.206141948699951,-2.4139981269836426,-2.20369815826416,-0.13106271624565125,-0.03537064790725708,-0.8382919430732727,0.4135594964027405,0.23569387197494507,0.3160671591758728,-0.4224717319011688,-0.7108316421508789,-0.7895969748497009,-0.753502607345581,2.1844565868377686,2.3268067836761475,-2.429279088973999,-2.300121307373047,6.564126491546631,9.148565292358398,3.6279196739196777,16.139833450317383,-3.212343454360962,-2.3636488914489746,-7.031494617462158,-12.033209800720215,10.475646018981934,-10.237214088439941,-1.0222834348678589,9.08480167388916,32.58774185180664,25.2540283203125
0.602,0.0,0.0,0.0,1.1967617273330688,-0.33685365319252014,-0.412651389837265,-0.17520968616008759,-0.007187225390225649,-0.9845048785209656,0.800000011920929,0.0,0.0,0.0,-0.1030154600739479,0.0241482425481081,-0.7691163420677185,0.49296674132347107,0.22232019901275635,0.2676231861114502,-0.523910641670227,-0.7338581681251526,-0.8128229379653931,-0.7424920797348022,2.1891238689422607,2.2963943481445312,-2.4873316287994385,-2.31406831741333,-1.4198393821716309,-1.5375686883926392,5.046811103820801,-4.2637619972229,-1.5131654739379883,-1.0239406824111938,7.737666130065918,4.274734973907471,5.921935558319092,3.443626642227173,-16.94493293762207,-5.751693248748779,-7.942167282104492,-1.1340864896774292,-0.31665533781051636,-0.1786961704492569,-1.3543541431427002,0.6126148700714111,-0.1549401730298996,-0.18442349135875702,0.5584331154823303,0.09991037845611572,1.222361445426941,1.172208309173584,0.6877582669258118,1.0582642555236816,-1.3875824213027954,-0.9672703146934509,5.499000072479248,0.14304590225219727,-0.21532684564590454,-1.083572506904602,1.0077102184295654,0.2479940503835678,-0.09756763279438019,0.7323875427246094,-0.6049451231956482,1.2406039237976074,1.0070303678512573,1.1260205507278442,1.3102833032608032,-1.3588627576828003,-0.9276127815246582,0.048861075192689896,-0.1042981669306755,-0.5557155609130859,0.48603057861328125,0.5131217241287231,0.35554760694503784,-0.34282201528549194,-0.9674093723297119,-0.6542606353759766,-0.7603708505630493,2.219212770462036,2.3186416625976562,-2.4025979042053223,-2.1875054836273193,-0.1030154600739479,0.0241482425481081,-0.7691163420677185,0.49296674132347107,0.22232019901275635,0.2676231861114502,-0.523910641670227,-0.7338581681251526,-0.8128229379653931,-0.7424920797348022,2.1891238689422607,2.2963943481445312,-2.4873316287994385,-2.31406831741333,-1.4198393821716309,-1.5375686883926392,5.046811103820801,-4.2637619972229,-1.5131654739379883,-1.0239406824111938,7.737666130065918,4.274734973907471,5.921935558319092,3.443626642227173,-16.94493293762207,-5.751693248748779,-7.942167282104492,-1.1340864896774292
0.624,0.0,0.0,0.0,-0.9753751754760742,-0.4638102650642395,-0.3219010829925537,-0.18245857954025269,0.002437226241454482,-0.9832105040550232,0.800000011920929,0.0,0.0,0.0,-0.10977987945079803,0.008864888921380043,-0.7722420692443848,0.4953504502773285,0.22543808817863464,0.29703041911125183,-0.4857829213142395,-0.7360391020774841,-0.7710274457931519,-0.8157526850700378,2.1359469890594482,2.3323471546173096,-2.4832382202148438,-2.2926604747772217,4.835633277893066,2.241173505783081,3.4755425453186035,12.86140251159668,2.1882619857788086,8.837825775146484,1.6162453889846802,-10.005718231201172,-0.9562233686447144,-25.757734298706055,4.4578022956848145,15.816408157348633,-2.9100401401519775,13.246481895446777,0.14304590225219727,-0.21532684564590454,-1.083572506904602,1.0077102184295654,0.2479940503835678,-0.09756763279438019,0.7323875427246094,-0.6049451231956482,1.2406039237976074,1.0070303678512573,1.1260205507278442,1.3102833032608032,-1.3588627576828003,-0.9276127815246582,5.479000091552734,0.21274952590465546,0.024195322766900063,-1.5186538696289062,1.0067344903945923,-0.2804276645183563,-0.3185592293739319,0.36027827858924866,0.016085363924503326,1.380893349647522,0.831671416759491,0.9912028312683105,1.4244053363800049,-1.7603871822357178,-1.3360412120819092,0.10062339156866074,0.0004580775275826454,-0.7389657497406006,0.5016335248947144,0.2942996919155121,0.2613830864429474,-0.5004469156265259,-0.7177925109863281,-0.5884640216827393,-0.8462249040603638,2.1763622760772705,2.381246566772461,-2.582144260406494,-2.3696789741516113,-0.10977987945079803,0.008864888921380043,-0.7722420692443848,0.4953504502773285,0.22543808817863464,0.29703041911125183,-0.4857829213142395,-0.7360391020774841,-0.7710274457931519,-0.8157526850700378,2.1359469890594482,2.3323471546173096,-2.4832382202148438,-2.2926604747772217,4.835633277893066,2.241173505783081,3.4755425453186035,12.86140251159668,2.1882619857788086,8.837825775146484,1.6162453889846802,-10.005718231201172,-0.9562233686447144,-25.757734298706055,4.4578022956848145,15.816408157348633,-2.9100401401519775,13.246481895446777
0.643,0.0,0.0,0.0,-0.6839898228645325,-0.7581711411476135,-1.174165964126587,-0.19739307463169098,0.02154660038650036,-0.9800875782966614,0.800000011920929,0.0,0.0,0.0,-0.06425904482603073,-0.000840991095174104,-0.7710079550743103,0.5402250289916992,0.24391047656536102,0.3223545551300049,-0.4615493416786194,-0.7808681726455688,-0.7511721253395081,-0.7723565101623535,2.175920009613037,2.364495038986206,-2.4942333698272705,-2.2628173828125,3.027188777923584,4.0462965965271,-3.3471662998199463,0.4720330536365509,-2.183987617492676,-1.1907907724380493,1.5758837461471558,5.12282133102417,7.768970966339111,11.121620178222656,4.237075328826904,-1.6004066467285156,1.8860763311386108,-5.252642631530762,0.21274952590465546,0.024195322766900063,-1.5186538696289062,1.0067344903945923,-0.2804276645183563,-0.3185592293739319,0.36027827858924866,0.016085363924503326,1.380893349647522,0.831671416759491,0.9912028312683105,1.4244053363800049,-1.7603871822357178,-1.3360412120819092,5.459000110626221,-0.32211267948150635,-0.25574392080307007,-0.8419355750083923,1.3412801027297974,-0.04671161621809006,-0.16966679692268372,1.1285144090652466,-0.6505064964294434,1.119526982307434,1.0550146102905273,1.205051064491272,1.1680995225906372,-1.6874991655349731,-1.2985352277755737,-0.13488836586475372,-0.11503895372152328,-0.45276758074760437,0.653739333152771,0.37758973240852356,0.318968266248703,-0.170503169298172,-0.9927971363067627,-0.699499249458313,-0.754305899143219,2.2683091163635254,2.272169351577759,-2.5672988891601562,-2.371018648147583,-0.06425904482603073,-0.000840991095174104,-0.7710079550743103,0.5402250289916992,0.24391047656536102,0.3223545551300049,-0.4615493416786194,-0.7808681726455688,-0.7511721253395081,-0.7723565101623535,2.175920009613037,2.364495038986206,-2.4942333698272705,-2.2628173828125,3.027188777923584,4.0462965965271,-3.3471662998199463,0.4720330536365509,-2.183987617492676,-1.1907907724380493,1.5758837461471558,5.12282133102417,7.768970966339111,11.121620178222656,4.237075328826904,-1.6004066467285156,1.8860763311386108,-5.252642631530762
0.663,0.0,0.0,0.0,-0.678046464920044,-0.870715856552124,0.22943942248821259,-0.21449439227581024,0.04007340595126152,-0.975902795791626,0.800000011920929,0.0,0.0,0.0,-0.026701267808675766,0.021777605637907982,-0.7800599336624146,0.5366532206535339,0.22854742407798767,0.28066763281822205,-0.4685472548007965,-0.7395158410072327,-0.758952796459198,-0.753968358039856,2.195603132247925,2.3804497718811035,-2.549302101135254,-2.3145220279693604,-1.3428447246551514,-2.5350069999694824,-0.41400429606437683,0.9747692346572876,10.227559089660645,-4.061967849731445,-1.1555180549621582,-3.239182233810425,-31.797399520874023,22.2921199798584,4.0950608253479,-9.731744766235352,2.5291593074798584,28.53000831604004,-0.32211267948150635,-0.25574392080307007,-0.8419355750083923,1.3412801027297974,-0.04671161621809006,-0.16966679692268372,1.1285144090652466,-0.6505064964294434,1.119526982307434,1.0550146102905273,1.205051064491272,1.1680995225906372,-1.6874991655349731,-1.2985352277755737,5.439000129699707,-0.4326363801956177,0.19408626854419708,-1.8261971473693848,0.8809976577758789,-0.9084919691085815,-0.1881919801235199,0.42325446009635925,-0.12994977831840515,0.6532363891601562,1.3162974119186401,0.9056475758552551,1.593306541442871,-1.3921281099319458,-1.2393730878829956,-0.20817521214485168,0.07583492249250412,-0.8670654296875,0.46182286739349365,-0.001882411539554596,0.31639042496681213,-0.45487576723098755,-0.7860470414161682,-0.920433521270752,-0.6275367140769958,2.1427721977233887,2.4526050090789795,-2.4328973293304443,-2.344529628753662,-0.026701267808675766,0.021777605637907982,-0.7800599336624146,0.5366532206535339,0.22854742407798767,0.28066763281822205,-0.4685472548007965,-0.7395158410072327,-0.758952796459198,-0.753968358039856,2.195603132247925,2.3804497718811035,-2.549302101135254,-2.3145220279693604,-1.3428447246551514,-2.5350069999694824,-0.41400429606437683,0.9747692346572876,10.227559089660645,-4.061967849731445,-1.1555180549621582,-3.239182233810425,-31.797399520874023,22.2921199798584,4.0950608253479,-9.731744766235352,2.5291593074798584,28.53000831604004
0.684,0.0,0.0,0.0,0.3782132565975189,-0.0888509601354599,-0.30512723326683044,-0.22455927729606628,0.02950059436261654,-0.9740138053894043,0.800000011920929,0.0,0.0,0.0,-0.08834199607372284,-0.04343549534678459,-0.7674630880355835,0.571753978729248,0.289023220539093,0.2854626774787903,-0.4308275282382965,-0.7899205684661865,-0.83208167552948,-0.654323160648346,2.211880922317505,2.391164541244507,-2.5955495834350586,-2.3327596187591553,-10.073895454406738,-4.724251747131348,-2.7142553329467773,-8.050718307495117,4.230842113494873,-5.204966068267822,-2.0536413192749023,-2.9527676105499268,-20.71444320678711,26.09918212890625,-0.8119075894355774,2.0595505237579346,6.742553234100342,28.07505226135254,-0.4326363801956177,0.19408626854419708,-1.8261971473693848,0.8809976577758789,-0.9084919691085815,-0.1881919801235199,0.42325446009635925,-0.12994977831840515,0.6532363891601562,1.3162974119186401,0.9056475758552551,1.593306541442871,-1.3921281099319458,-1.2393730878829956,5.418000221252441,-0.2386753112077713,-0.019174979999661446,-1.4924359321594238,0.9564563035964966,-0.4746339023113251,-0.13974542915821075,0.4441981017589569,-0.21068227291107178,0.948257565498352,1.172008752822876,1.2623251676559448,1.638365626335144,-1.5755858421325684,-1.1644076108932495,-0.12822140753269196,-0.0010452484712004662,-0.7583026885986328,0.47658759355545044,0.15540648996829987,0.33793359994888306,-0.4738883972167969,-0.8017016649246216,-0.8097674250602722,-0.6797897219657898,2.2907235622406006,2.490924835205078,-2.5020132064819336,-2.3081464767456055,-0.1627131998538971,-0.048666711896657944,-0.7861855030059814,0.5137749314308167,0.2501506507396698,0.3059273064136505,-0.44273704290390015,-0.7740653157234192,-0.8288208246231079,-0.668893039226532,2.2213664054870605,2.4240427017211914,-2.5626635551452637,-2.3158037662506104,-2.697930097579956,3.081934928894043,-0.3911503553390503,-3.6488757133483887,-0.01425924338400364,-3.065115213394165,0.30027538537979126,-0.5850405097007751,-15.997770309448242,15.388859748840332,0.2871018648147583,-3.692229986190796,0.5906715393066406,23.824817657470703
0.704,0.0,0.0,0.0,-0.8544025421142578,0.3910048305988312,-0.5609001517295837,-0.22371117770671844,0.05173298716545105,-0.9732815623283386,0.800000011920929,0.0,0.0,0.0,-0.16570258140563965,-0.014502385631203651,-0.7916296720504761,0.5175051689147949,0.2289632111787796,0.30857980251312256,-0.4518622159957886,-0.7714659571647644,-0.8583795428276062,-0.6579552292823792,2.250279664993286,2.4657859802246094,-2.5550291538238525,-2.367058515548706,3.894540548324585,6.576976299285889,-1.800398588180542,4.447442054748535,-0.8078192472457886,2.609607219696045,-3.4370930194854736,-3.404917001724243,-1.7857708930969238,-8.307367324829102,10.574563026428223,7.964524745941162,1.4903309345245361,5.9429612159729,-0.2386753112077713,-0.019174979999661446,-1.4924359321594238,0.9564563035964966,-0.4746339023113251,-0.13974542915821075,0.4441981017589569,-0.21068227291107178,0.948257565498352,1.172008752822876,1.2623251676559448,1.638365626335144,-1.5755858421325684,-1.1644076108932495,5.39900016784668,-0.005949225276708603,-0.07891102880239487,-1.3558743000030518,1.0202610492706299,-0.1071849912405014,-0.40444737672805786,1.0504246950149536,-0.13311654329299927,1.2657369375228882,1.236581802368164,1.103144884109497,1.6794898509979248,-1.8486328125,-1.4367631673812866,-0.015499291941523552,-0.035614486783742905,-0.6859737038612366,0.5067762136459351,0.33648741245269775,0.22097203135490417,-0.2029877007007599,-0.7683625221252441,-0.6558350920677185,-0.6559571623802185,2.2338874340057373,2.513262987136841,-2.631795883178711,-2.427067995071411,-0.16570258140563965,-0.014502385631203651,-0.7916296720504761,0.5175051689147949,0.2289632111787796,0.30857980251312256,-0.4518622159957886,-0.7714659571647644,-0.8583795428276062,-0.6579552292823792,2.250279664993286,2.4657859802246094,-2.5550291538238525,-2.367058515548706,3.894540548324585,6.576976299285889,-1.800398588180542,4.447442054748535,-0.8078192472457886,2.609607219696045,-3.4370930194854736,-3.404917001724243,-1.7857708930969238,-8.307367324829102,10.574563026428223,7.964524745941162,1.4903309345245361,5.9429612159729
0.722,0.0,0.0,0.0,-0.6218167543411255,-0.04988556355237961,-0.8852795362472534,-0.22023770213127136,0.07022930681705475,-0.9729148149490356,0.800000011920929,0.0,0.0,0.0,-0.13255734741687775,-0.0036429143510758877,-0.7529170513153076,0.5097796320915222,0.18819767236709595,0.3156767785549164,-0.45537981390953064,-0.7657194137573242,-0.7460467219352722,-0.6670003533363342,2.2757184505462646,2.51082706451416,-2.666639566421509,-2.395094633102417,3.869487762451172,1.1289647817611694,6.77531099319458,4.259888648986816,-2.539700746536255,-6.413611888885498,10.246572494506836,3.992955446243286,6.993536949157715,16.326908111572266,-9.077983856201172,7.910804271697998,-23.63210678100586,-24.323328018188477,-0.005949225276708603,-0.07891102880239487,-1.3558743000030518,1.0202610492706299,-0.1071849912405014,-0.40444737672805786,1.0504246950149536,-0.13311654329299927,1.2657369375228882,1.236581802368164,1.103144884109497,1.6794898509979248,-1.8486328125,-1.4367631673812866,5.379000186920166,-0.18787235021591187,-0.3521902561187744,-1.4483122825622559,1.1937602758407593,0.17841583490371704,0.15696212649345398,0.7650629878044128,-0.3475707173347473,1.3080544471740723,1.059178113937378,1.078238606452942,0.7489138245582581,-1.6024659872055054,-0.8449757099151611,-0.08609248697757721,-0.16204705834388733,-0.7203378677368164,0.5878697037696838,0.4831158518791199,0.4619101583957672,-0.3043104112148285,-0.861532986164093,-0.6213990449905396,-0.733405590057373,2.216996192932129,2.0967376232147217,-2.53399920463562,-2.1726558208465576,-0.13255734741687775,-0.0036429143510758877,-0.7529170513153076,0.5097796320915222,0.18819767236709595,0.3156767785549164,-0.45537981390953064,-0.7657194137573242,-0.7460467219352722,-0.6670003533363342,2.2757184505462646,2.51082706451416,-2.666639566421509,-2.395094633102417,3.869487762451172,1.1289647817611694,6.77531099319458,4.259888648986816,-2.539700746536255,-6.413611888885498,10.246572494506836,3.992955446243286,6.993536949157715,16.326908111572266,-9.077983856201172,7.910804271697998,-23.63210678100586,-24.323328018188477
0.743,0.0,0.0,0.0,0.39929303526878357,-0.02046961709856987,-0.42978784441947937,-0.2239905595779419,0.05094091221690178,-0.9732590913772583,0.800000011920929,0.0,0.0,0.0,-0.121134914457798,-0.047823529690504074,-0.7575253844261169,0.4899103045463562,0.2089281529188156,0.296395868062973,-0.40522533655166626,-0.7709566950798035,-0.7683777809143066,-0.7233165502548218,2.24129581451416,2.4888925552368164,-2.6777474880218506,-2.2197458744049072,-2.1438989639282227,-7.893397808074951,-0.7790402770042419,-0.039600227028131485,-0.9785574078559875,7.1620259284973145,-7.42379903793335,-6.917839527130127,2.2171576023101807,-25.673484802246094,3.823883295059204,-7.882640838623047,10.775208473205566,30.988317489624023,-0.18787235021591187,-0.3521902561187744,-1.4483122825622559,1.1937602758407593,0.17841583490371704,0.15696212649345398,0.7650629878044128,-0.3475707173347473,1.3080544471740723,1.059178113937378,1.078238606452942,0.7489138245582581,-1.6024659872055054,-0.8449757099151611,5.359000205993652,0.16391947865486145,0.24479243159294128,-1.173789620399475,0.9658737182617188,-0.21617081761360168,-0.37246304750442505,0.7130326628684998,0.11587812006473541,1.6392364501953125,0.6594608426094055,0.8308834433555603,1.4306236505508423,-1.587270975112915,-1.2005038261413574,0.06515451520681381,0.09395188093185425,-0.600239098072052,0.49343010783195496,0.32021471858024597,0.24776265025138855,-0.3378562927246094,-0.6622980833053589,-0.4689234793186188,-0.9210231900215149,2.103996992111206,2.3618545532226562,-2.5173816680908203,-2.3072023391723633,-0.121134914457798,-0.047823529690504074,-0.7575253844261169,0.4899103045463562,0.2089281529188156,0.296395868062973,-0.40522533655166626,-0.7709566950798035,-0.7683777809143066,-0.7233165502548218,2.24129581451416,2.4888925552368164,-2.6777474880218506,-2.2197458744049072,-2.1438989639282227,-7.893397808074951,-0.7790402770042419,-0.039600227028131485,-0.9785574078559875,7.1620259284973145,-7.42379903793335,-6.917839527130127,2.2171576023101807,-25.673484802246094,3.823883295059204,-7.882640838623047,10.775208473205566,30.988317489624023
0.763,0.0,0.0,0.0,-1.456803321838379,-0.31607064604759216,-1.5674710273742676,-0.2261262983083725,0.05659714341163635,-0.9724524021148682,0.800000011920929,0.0,0.0,0.0,-0.11323688924312592,-0.10569334030151367,-0.7524991631507874,0.49286362528800964,0.21225401759147644,0.3453010022640228,-0.4112643897533417,-0.7365802526473999,-0.7443552613258362,-0.8153997659683228,2.2387807369232178,2.445502281188965,-2.6576292514801025,-2.379133462905884,2.2052488327026367,3.140686511993408,1.677994966506958,-1.3945128917694092,-3.196394443511963,5.079380512237549,1.7106293439865112,9.477310180664062,7.918035507202148,-27.546417236328125,-3.927407741546631,6.4903035163879395,1.9120457172393799,-35.52505111694336,0.16391947865486145,0.24479243159294128,-1.173789620399475,0.9658737182617188,-0.21617081761360168,-0.37246304750442505,0.7130326628684998,0.11587812006473541,1.6392364501953125,0.6594608426094055,0.8308834433555603,1.4306236505508423,-1.587270975112915,-1.2005038261413574,5.339000225067139,-0.25149184465408325,-0.02431841939687729,-1.293554663658142,1.356466293334961,-0.21206191182136536,-0.30689138174057007,0.12164865434169769,-0.2694336771965027,1.3157882690429688,1.0104082822799683,0.9457088112831116,0.8498761653900146,-1.1020747423171997,-1.5042535066604614,-0.10665587335824966,-0.0015480993315577507,-0.6421234607696533,0.6597527861595154,0.30577361583709717,0.25585514307022095,-0.6073337197303772,-0.8157649636268616,-0.5992276072502136,-0.7818585634231567,2.1443686485290527,2.1270296573638916,-2.297381639480591,-2.4573442935943604,-0.11323688924312592,-0.10569334030151367,-0.7524991631507874,0.49286362528800964,0.21225401759147644,0.3453010022640228,-0.4112643897533417,-0.7365802526473999,-0.7443552613258362,-0.8153997659683228,2.2387807369232178,2.445502281188965,-2.6576292514801025,-2.379133462905884,2.2052488327026367,3.140686511993408,1.677994966506958,-1.3945128917694092,-3.196394443511963,5.079380512237549,1.7106293439865112,9.477310180664062,7.918035507202148,-27.546417236328125,-3.927407741546631,6.4903035163879395,1.9120457172393799,-35.52505111694336
0.782,0.0,0.0,0.0,0.050354279577732086,0.9784759879112244,-0.34060078859329224,-0.2181040495634079,0.0629853680729866,-0.9738909006118774,0.800000011920929,0.0,0.0,0.0,-0.061956986784935,-0.022864649072289467,-0.7400029897689819,0.47426843643188477,0.18341585993766785,0.29131484031677246,-0.40535852313041687,-0.670666515827179,-0.7109439373016357,-0.8000748753547668,2.229849338531494,2.412362813949585,-2.6160237789154053,-2.3466968536376953,-2.4077513217926025,-1.9165027141571045,0.6049752831459045,1.9297086000442505,4.0993266105651855,-9.30709171295166,-11.682394981384277,0.1957930475473404,-25.87814712524414,26.57386589050293,6.6110429763793945,-0.2920633554458618,14.327201843261719,-25.246253967285156,-0.25149184465408325,-0.02431841939687729,-1.293554663658142,1.356466293334961,-0.21206191182136536,-0.30689138174057007,0.12164865434169769,-0.2694336771965027,1.3157882690429688,1.0104082822799683,0.9457088112831116,0.8498761653900146,-1.1020747423171997,-1.5042535066604614,5.318999767303467,-0.1552571952342987,0.12674638628959656,-1.40149986743927,0.8018088340759277,-0.5915714502334595,0.2963423430919647,1.2265803813934326,-0.5137854814529419,1.2991690635681152,1.0823272466659546,0.9960848093032837,1.350045919418335,-1.4055335521697998,-1.1133767366409302,-0.08053132146596909,0.05688106268644333,-0.6948872208595276,0.426789253950119,0.13355019688606262,0.5281195640563965,-0.1370621770620346,-0.9410699605941772,-0.6197366714477539,-0.7355785965919495,2.1710751056671143,2.3286235332489014,-2.411938428878784,-2.296463966369629,-0.061956986784935,-0.022864649072289467,-0.7400029897689819,0.47426843643188477,0.18341585993766785,0.29131484031677246,-0.40535852313041687,-0.670666515827179,-0.7109439373016357,-0.8000748753547668,2.229849338531494,2.412362813949585,-2.6160237789154053,-2.3466968536376953,-2.4077513217926025,-1.9165027141571045,0.6049752831459045,1.9297086000442505,4.0993266105651855,-9.30709171295166,-11.682394981384277,0.1957930475473404,-25.87814712524414,26.57386589050293,6.6110429763793945,-0.2920633554458618,14.327201843261719,-25.246253967285156
0.804,0.0,0.0,0.0,1.0081701278686523,0.3501937985420227,-1.823029637336731,-0.2043047845363617,0.039871033281087875,-0.9780949950218201,0.800000011920929,0.0,0.0,0.0,-0.08733280003070831,-0.03477521613240242,-0.7250434756278992,0.5196810364723206,0.15861323475837708,0.2577779293060303,-0.5081982612609863,-0.7368267178535461,-0.6766366958618164,-0.7587324380874634,2.2599287033081055,2.281081199645996,-2.6185221672058105,-2.3390207290649414,-1.6026697158813477,-2.1761133670806885,-7.679279804229736,-2.9699509143829346,-4.906468868255615,0.0752650648355484,-0.3768778443336487,-8.973294258117676,10.352224349975586,6.777536392211914,5.232474327087402,-5.003564834594727,-31.234338760375977,6.397948265075684,-0.1552571952342987,0.12674638628959656,-1.40149986743927,0.8018088340759277,-0.5915714502334595,0.2963423430919647,1.2265803813934326,-0.5137854814529419,1.2991690635681152,1.0823272466659546,0.9960848093032837,1.350045919418335,-1.4055335521697998,-1.1133767366409302,5.298999786376953,-0.1630726009607315,0.09275525063276291,-1.4774518013000488,1.2602818012237549,-0.13387607038021088,-0.30781447887420654,0.6697799563407898,0.2601521611213684,1.0532718896865845,0.882184624671936,0.862564742565155,1.3885670900344849,-1.9550244808197021,-1.0225934982299805,-0.08143579959869385,0.04742796719074249,-0.7343419790267944,0.6098057627677917,0.3222907781600952,0.28347542881965637,-0.34059518575668335,-0.6053285002708435,-0.7324413061141968,-0.8210147619247437,2.113661527633667,2.366117477416992,-2.6706647872924805,-2.239523410797119,-0.08733280003070831,-0.03477521613240242,-0.7250434756278992,0.5196810364723206,0.15861323475837708,0.2577779293060303,-0.5081982612609863,-0.7368267178535461,-0.6766366958618164,-0.7587324380874634,2.2599287033081055,2.281081199645996,-2.6185221672058105,-2.3390207290649414,-1.6026697158813477,-2.1761133670806885,-7.679279804229736,-2.9699509143829346,-4.906468868255615,0.0752650648355484,-0.3768778443336487,-8.973294258117676,10.352224349975586,6.777536392211914,5.232474327087402,-5.003564834594727,-31.234338760375977,6.397948265075684
0.823,0.0,0.0,0.0,-0.7583619356155396,0.5497326850891113,-0.9512341022491455,-0.19900166988372803,0.041809555143117905,-0.9791069030761719,0.800000011920929,0.0,0.0,0.0,-0.07139487564563751,0.03602199628949165,-0.7497909665107727,0.46934205293655396,0.16865208745002747,0.3476290702819824,-0.399627149105072,-0.8699051737785339,-0.7295500636100769,-0.8188919425010681,2.172250986099243,2.3287301063537598,-2.612889289855957,-2.262631416320801,1.6541885137557983,4.060081958770752,-1.359358787536621,3.0395302772521973,9.380887031555176,6.993621826171875,6.625728607177734,-3.72978138923645,-26.777963638305664,-23.878250122070312,-2.0868113040924072,3.949028730392456,-27.74229621887207,12.486218452453613,-0.1630726009607315,0.09275525063276291,-1.4774518013000488,1.2602818012237549,-0.13387607038021088,-0.30781447887420654,0.6697799563407898,0.2601521611213684,1.0532718896865845,0.882184624671936,0.862564742565155,1.3885670900344849,-1.9550244808197021,-1.0225934982299805,5.2789998054504395,0.25413966178894043,0.013571908697485924,-1.729685664176941,1.1734106540679932,-0.17865341901779175,-0.6038960218429565,0.7928209900856018,-0.1271519958972931,1.1925220489501953,1.1164699792861938,1.03300142288208,1.6054152250289917,-1.6325361728668213,-0.7923935055732727,0.10621926188468933,0.010850155726075172,-0.8517926931381226,0.5890153646469116,0.32101503014564514,0.1257743239402771,-0.3055800497531891,-0.7460411787033081,-0.6810492277145386,-0.7241299748420715,2.1846165657043457,2.4674484729766846,-2.551417589187622,-2.130239486694336,-0.07139487564563751,0.03602199628949165,-0.7497909665107727,0.46934205293655396,0.16865208745002747,0.3476290702819824,-0.399627149105072,-0.8699051737785339,-0.7295500636100769,-0.8188919425010681,2.172250986099243,2.3287301063537598,-2.612889289855957,-2.262631416320801,1.6541885137557983,4.060081958770752,-1.359358787536621,3.0395302772521973,9.380887031555176,6.993621826171875,6.625728607177734,-3.72978138923645,-26.777963638305664,-23.878250122070312,-2.0868113040924072,3.949028730392456,-27.74229621887207,12.486218452453613
0.845,0.0,0.0,0.0,-0.7420763373374939,0.33779606223106384,-1.5048458576202393,-0.19576741755008698,0.037406373769044876,-0.9799366593360901,0.800000011920929,0.0,0.0,0.0,-0.059895679354667664,0.05946849286556244,-0.7668700814247131,0.5204752087593079,0.1999596804380417,0.3124239444732666,-0.3804372251033783,-0.8344185948371887,-0.6833579540252686,-0.739789605140686,2.1597044467926025,2.3734383583068848,-2.549182891845703,-2.2022666931152344,-0.20745126903057098,-4.130681991577148,-9.44737720489502,3.6359314918518066,-3.687094211578369,-11.62334156036377,-3.647493600845337,-9.670544624328613,8.738800048828125,28.869571685791016,7.1163787841796875,13.819154739379883,30.03608512878418,27.12040138244629,0.25413966178894043,0.013571908697485924,-1.729685664176941,1.1734106540679932,-0.17865341901779175,-0.6038960218429565,0.7928209900856018,-0.1271519958972931,1.1925220489501953,1.1164699792861938,1.03300142288208,1.6054152250289917,-1.6325361728668213,-0.7923935055732727,5.257999897003174,-0.6706265807151794,0.0038705270271748304,-1.302640676498413,1.0321760177612305,-0.2307979315519333,-0.2864634394645691,0.6324676871299744,-0.16025817394256592,1.046918272972107,1.3582028150558472,0.961348295211792,0.9969890117645264,-1.5259995460510254,-0.7437872886657715,-0.2911600172519684,0.002826752606779337,-0.6713675856590271,0.5233807563781738,0.2974224388599396,0.25284889340400696,-0.3742375373840332,-0.7750102281570435,-0.741431713104248,-0.6056617498397827,2.159468412399292,2.203789710998535,-2.491551399230957,-2.097438097000122,-0.024454127997159958,0.04760501906275749,-0.8306627869606018,0.5363933444023132,0.2027284950017929,0.2721138298511505,-0.3511861562728882,-0.8204072713851929,-0.705670952796936,-0.7624737024307251,2.194577932357788,2.426229953765869,-2.542240858078003,-2.182708740234375,4.521012306213379,-0.10244691371917725,-0.4744916260242462,0.5832071304321289,-2.918921709060669,-7.70320463180542,0.7527018785476685,4.5891499519348145,12.222532272338867,14.576915740966797,-2.4446887969970703,-1.1079294681549072,22.930742263793945,-1.8947210311889648
0.863,0.0,0.0,0.0,0.8947342038154602,0.6322581768035889,-0.4986681640148163,-0.18914029002189636,0.03569701313972473,-0.9813010096549988,0.800000011920929,0.0,0.0,0.0,-0.0022217268124222755,0.04696081206202507,-0.8467625975608826,0.5469686388969421,0.22165964543819427,0.24105779826641083,-0.32173678278923035,-0.793985903263092,-0.7181714773178101,-0.7496248483657837,2.1936233043670654,2.4354817867279053,-2.5910167694091797,-2.1862266063690186,1.8035296201705933,-0.5606040358543396,-1.5832725763320923,0.18173058331012726,4.0911946296691895,-0.5655205845832825,2.4545979499816895,0.5604407787322998,-5.2823286056518555,-10.365562438964844,-0.9551303386688232,-3.59314227104187,2.9763879776000977,24.330543518066406,-0.6706265807151794,0.0038705270271748304,-1.302640676498413,1.0321760177612305,-0.2307979315519333,-0.2864634394645691,0.6324676871299744,-0.16025817394256592,1.046918272972107,1.3582028150558472,0.961348295211792,0.9969890117645264,-1.5259995460510254,-0.7437872886657715,5.238999843597412,0.10278165340423584,0.15037676692008972,-1.0558205842971802,0.9123815894126892,-0.19646133482456207,-0.5629890561103821,1.0731207132339478,-0.5961409211158752,1.3313968181610107,1.3877856731414795,1.0281773805618286,1.6391092538833618,-1.5018030405044556,-1.0166621208190918,0.0171357411891222,0.0679522156715393,-0.5422559976577759,0.4629097580909729,0.3105146288871765,0.1411198079586029,-0.18280941247940063,-0.9740543365478516,-0.6194546222686768,-0.5805026292800903,2.1870267391204834,2.4663779735565186,-2.4746763706207275,-2.216951608657837,-0.0022217268124222755,0.04696081206202507,-0.8467625975608826,0.5469686388969421,0.22165964543819427,0.24105779826641083,-0.32173678278923035,-0.793985903263092,-0.7181714773178101,-0.7496248483657837,2.1936233043670654,2.4354817867279053,-2.5910167694091797,-2.1862266063690186,1.8035296201705933,-0.5606040358543396,-1.5832725763320923,0.18173058331012726,4.0911946296691895,-0.5655205845832825,2.4545979499816895,0.5604407787322998,-5.2823286056518555,-10.365562438964844,-0.9551303386688232,-3.59314227104187,2.9763879776000977,24.330543518066406
0.882,0.0,0.0,0.0,-1.0514801740646362,-0.42973360419273376,-1.3444733619689941,-0.1914716213941574,0.021350165829062462,-0.9812659025192261,0.800000011920929,0.0,0.0,0.0,-0.02727598510682583,0.005092259496450424,-0.8064024448394775,0.5126107931137085,0.23147575557231903,0.21465758979320526,-0.36498376727104187,-0.7647819519042969,-0.7487478256225586,-0.6177944540977478,2.1647980213165283,2.435074806213379,-2.514727830886841,-2.3027732372283936,1.805116891860962,3.8371036052703857,0.6311274766921997,2.6567909717559814,-3.6512179374694824,-9.078518867492676,0.8116846680641174,-6.043749809265137,9.341586112976074,27.804323196411133,2.2511954307556152,16.607027053833008,-7.449487209320068,-22.508878707885742,0.10278165340423584,0.15037676692008972,-1.0558205842971802,0.9123815894126892,-0.19646133482456207,-0.5629890561103821,1.0731207132339478,-0.5961409211158752,1.3313968181610107,1.3877856731414795,1.0281773805618286,1.6391092538833618,-1.5018030405044556,-1.0166621208190918,5.218999862670898,-0.556014895439148,-0.49720847606658936,-1.5367908477783203,1.1981878280639648,-0.11838982999324799,0.24174287915229797,0.41369450092315674,0.10710084438323975,1.0488827228546143,1.0765706300735474,1.32707679271698,0.4181761145591736,-1.5997837781906128,-0.9344574809074402,-0.24849313497543335,-0.21694858372211456,-0.7457814812660217,0.585475504398346,0.3469560146331787,0.4920762777328491,-0.46040838956832886,-0.6775000095367432,-0.7343882322311401,-0.718033492565155,2.324286937713623,1.9432170391082764,-2.517080307006836,-2.191910743713379,-0.02727598510682583,0.005092259496450424,-0.8064024448394775,0.5126107931137085,0.23147575557231903,0.21465758979320526,-0.36498376727104187,-0.7647819519042969,-0.7487478256225586,-0.6177944540977478,2.1647980213165283,2.435074806213379,-2.514727830886841,-2.3027732372283936,1.805116891860962,3.8371036052703857,0.6311274766921997,2.6567909717559814,-3.6512179374694824,-9.078518867492676,0.8116846680641174,-6.043749809265137,9.341586112976074,27.804323196411133,2.2511954307556152,16.607027053833008,-7.449487209320068,-22.508878707885742
0.903,0.0,0.0,0.0,0.12046720087528229,-0.2594669461250305,0.24794615805149078,-0.1981225311756134,0.03180187940597534,-0.979661226272583,0.800000011920929,0.0,0.0,0.0,0.005269932094961405,0.039666950702667236,-0.8316153883934021,0.48528289794921875,0.2607247829437256,0.22582124173641205,-0.3333495557308197,-0.8249872922897339,-0.7898193597793579,-0.704483687877655,2.2120604515075684,2.4179067611694336,-2.597956418991089,-2.221757411956787,-3.7211475372314453,-2.898374557495117,-7.712009429931641,-2.599099636077881,8.268918991088867,10.688211441040039,-3.2238128185272217,5.8724236488342285,-24.84476089477539,-30.35160255432129,15.216483116149902,-9.875179290771484,-20.52452278137207,-8.37743091583252,-0.556014895439148,-0.49720847606658936,-1.5367908477783203,1.1981878280639648,-0.11838982999324799,0.24174287915229797,0.41369450092315674,0.10710084438323975,1.0488827228546143,1.0765706300735474,1.32707679271698,0.4181761145591736,-1.5997837781906128,-0.9344574809074402,5.198999881744385,0.14437898993492126,0.09974857419729233,-1.6659361124038696,1.1421552896499634,-0.4213022291660309,-0.6637463569641113,0.5606083273887634,-0.24542608857154846,0.7875863909721375,1.0091443061828613,1.0420310497283936,1.2691129446029663,-1.5216090679168701,-0.9480409026145935,0.040121231228113174,0.023191997781395912,-0.8242493867874146,0.5725173950195312,0.2142896056175232,0.11970176547765732,-0.42205706238746643,-0.806481659412384,-0.863464891910553,-0.7621283531188965,2.209742546081543,2.27382230758667,-2.486142158508301,-2.19551944732666,-0.009703402407467365,-0.013100951910018921,-0.8473866581916809,0.49106109142303467,0.2610447406768799,0.25995296239852905,-0.38488733768463135,-0.7586871385574341,-0.7769953012466431,-0.6906019449234009,2.285989284515381,2.366755485534668,-2.5764167308807373,-2.271461248397827,-0.5440177321434021,-4.770036220550537,1.576880931854248,0.8664432168006897,1.6727104187011719,7.450502395629883,0.1328181028366089,4.814866542816162,-3.787792682647705,-13.89409065246582,1.5133980512619019,-3.824302911758423,-16.934511184692383,-2.4988181591033936
0.923,0.0,0.0,0.0,-0.785812258720398,0.7816944718360901,-0.7615681886672974,-0.1876038759946823,0.04006095603108406,-0.9814274907112122,0.800000011920929,0.0,0.0,0.0,0.003933997824788094,-0.04337368905544281,-0.8268997669219971,0.5050765872001648,0.2734105885028839,0.291779100894928,-0.39719030261039734,-0.7396179437637329,-0.851742684841156,-0.7372990846633911,2.2564635276794434,2.365577459335327,-2.4769465923309326,-2.2836360931396484,5.8311543464660645,-0.2991597652435303,0.8628464937210083,4.152294158935547,3.3894128799438477,0.07052013278007507,2.3019955158233643,-1.2507528066635132,-25.601518630981445,-1.8870497941970825,-8.744470596313477,7.738302230834961,13.880539894104004,-0.5946927070617676,0.14437898993492126,0.09974857419729233,-1.6659361124038696,1.1421552896499634,-0.4213022291660309,-0.6637463569641113,0.5606083273887634,-0.24542608857154846,0.7875863909721375,1.0091443061828613,1.0420310497283936,1.2691129446029663,-1.5216090679168701,-0.9480409026145935,5.178999900817871,0.010672688484191895,0.48277342319488525,-1.3666691780090332,0.7496525645256042,-0.277135968208313,-0.5571618676185608,0.45689886808395386,-0.45132124423980713,1.4624441862106323,1.4470990896224976,0.9535546898841858,1.6368885040283203,-1.272504448890686,-0.9412367343902588,0.008814833126962185,0.21956723928451538,-0.6974260807037354,0.3945953845977783,0.2658977806568146,0.13042733073234558,-0.4648911952972412,-0.9120327234268188,-0.5726866126060486,-0.5694582462310791,2.1584739685058594,2.472382068634033,-2.3709511756896973,-2.1928184032440186,0.003933997824788094,-0.04337368905544281,-0.8268997669219971,0.5050765872001648,0.2734105885028839,0.291779100894928,-0.39719030261039734,-0.7396179437637329,-0.851742684841156,-0.7372990846633911,2.2564635276794434,2.365577459335327,-2.4769465923309326,-2.2836360931396484,5.8311543464660645,-0.2991597652435303,0.8628464937210083,4.152294158935547,3.3894128799438477,0.07052013278007507,2.3019955158233643,-1.2507528066635132,-25.601518630981445,-1.8870497941970825,-8.744470596313477,7.738302230834961,13.880539894104004,-0.5946927070617676
0.943,0.0,0.0,0.0,-0.5055205225944519,0.7432960867881775,-1.1005054712295532,-0.1744271069765091,0.04760238155722618,-0.9835187792778015,0.800000011920929,0.0,0.0,0.0,0.07967613637447357,-0.027287326753139496,-0.8326348066329956,0.5325668454170227,0.21802440285682678,0.23402650654315948,-0.3986496329307556,-0.8050888180732727,-0.8167848587036133,-0.6598909497261047,2.193958044052124,2.400665521621704,-2.4758524894714355,-2.2515530586242676,-0.7256278395652771,2.654723882675171,4.301371097564697,0.15116216242313385,-4.96516227722168,-7.883711338043213,-4.466809272766113,-8.548163414001465,22.9958553314209,23.88710594177246,-9.227679252624512,12.023921966552734,24.586353302001953,-5.1691083908081055,0.010672688484191895,0.48277342319488525,-1.3666691780090332,0.7496525645256042,-0.277135968208313,-0.5571618676185608,0.45689886808395386,-0.45132124423980713,1.4624441862106323,1.4470990896224976,0.9535546898841858,1.6368885040283203,-1.272504448890686,-0.9412367343902588,5.158999919891357,-0.6822495460510254,-0.21769998967647552,-1.3216744661331177,1.1898010969161987,-0.08892427384853363,-0.1256289929151535,0.5873133540153503,0.08876590430736542,1.0152205228805542,1.2084730863571167,1.174226999282837,0.4833177924156189,-1.4014915227890015,-0.8569919466972351,-0.3061307966709137,-0.07600826770067215,-0.664496123790741,0.5748699903488159,0.3557538390159607,0.3256896734237671,-0.4104880690574646,-0.6795486211776733,-0.7448594570159912,-0.6575729250907898,2.2526495456695557,1.9731311798095703,-2.417476177215576,-2.1546380519866943,0.07967613637447357,-0.027287326753139496,-0.8326348066329956,0.5325668454170227,0.21802440285682678,0.23402650654315948,-0.3986496329307556,-0.8050888180732727,-0.8167848587036133,-0.6598909497261047,2.193958044052124,2.400665521621704,-2.4758524894714355,-2.2515530586242676,-0.7256278395652771,2.654723882675171,4.301371097564697,0.15116216242313385,-4.96516227722168,-7.883711338043213,-4.466809272766113,-8.548163414001465,22.9958553314209,23.88710594177246,-9.227679252624512,12.023921966552734,24.586353302001953,-5.1691083908081055
0.962,0.0,0.0,0.0,-0.35196104645729065,-0.2442166656255722,0.580941379070282,-0.1753235012292862,0.06101145222783089,-0.9826185703277588,0.800000011920929,0.0,0.0,0.0,0.09111911058425903,0.026922844350337982,-0.8212155103683472,0.45647281408309937,0.2395998239517212,0.24458938837051392,-0.4074580669403076,-0.8480554819107056,-0.8420665264129639,-0.7472333908081055,2.215608835220337,2.383014440536499,-2.5491106510162354,-2.144371747970581,-2.4301955699920654,-0.8117828965187073,1.7427351474761963,-3.908560037612915,9.139044761657715,11.561047554016113,3.818671226501465,7.096445083618164,-26.252639770507812,-30.293119430541992,7.144534587860107,-16.031387329101562,-25.00064468383789,21.113862991333008,-0.6822495460510254,-0.21769998967647552,-1.3216744661331177,1.1898010969161987,-0.08892427384853363,-0.1256289929151535,0.5873133540153503,0.08876590430736542,1.0152205228805542,1.2084730863571167,1.174226999282837,0.4833177924156189,-1.4014915227890015,-0.8569919466972351,5.138999938964844,0.2613745927810669,-0.05133386701345444,-1.6961150169372559,1.264642357826233,-0.3060852587223053,-0.725868821144104,0.4212215840816498,-0.3272306025028229,0.8688804507255554,0.9656516909599304,1.0451998710632324,1.3829660415649414,-1.3074454069137573,-0.8662026524543762,0.08700548112392426,-0.03070106729865074,-0.82970130443573,0.6265760660171509,0.26701703667640686,0.07510799914598465,-0.47978901863098145,-0.8434985280036926,-0.8279297351837158,-0.7756539583206177,2.2040047645568848,2.328047752380371,-2.379807949066162,-2.1549649238586426,0.09111911058425903,0.026922844350337982,-0.8212155103683472,0.45647281408309937,0.2395998239517212,0.24458938837051392,-0.4074580669403076,-0.8480554819107056,-0.8420665264129639,-0.7472333908081055,2.215608835220337,2.383014440536499,-2.5491106510162354,-2.144371747970581,-2.4301955699920654,-0.8117828965187073,1.7427351474761963,-3.908560037612915,9.139044761657715,11.561047554016113,3.818671226501465,7.096445083618164,-26.252639770507812,-30.293119430541992,7.144534587860107,-16.031387329101562,-25.00064468383789,21.113862991333008
0.984,0.0,0.0,0.0,0.2399400770664215,0.7977446913719177,-0.33653193712234497,-0.16630546748638153,0.061717573553323746,-0.9841409921646118,0.800000011920929,0.0,0.0,0.0,0.06708328425884247,-0.029389193281531334,-0.7536563277244568,0.5038129687309265,0.24193355441093445,0.2988910377025604,-0.43350690603256226,-0.7689878940582275,-0.8930506110191345,-0.8034077882766724,2.247305154800415,2.3488733768463135,-2.4517388343811035,-2.212970018386841,4.2243781089782715,0.6008103489875793,1.872546911239624,12.513354301452637,1.033115267753601,3.801758050918579,-6.727179050445557,-9.053133964538574,-23.927473068237305,-27.52360725402832,3.2728488445281982,15.035096168518066,6.230841159820557,3.3363749980926514,0.2613745927810669,-0.05133386701345444,-1.6961150169372559,1.264642357826233,-0.3060852587223053,-0.725868821144104,0.4212215840816498,-0.3272306025028229,0.8688804507255554,0.9656516909599304,1.0451998710632324,1.3829660415649414,-1.3074454069137573,-0.8662026524543762,5.11899995803833,0.12373671680688858,0.4230813980102539,-1.520835518836975,0.7673709988594055,-0.3674871623516083,-0.7255550026893616,0.530880868434906,0.06732124090194702,1.39266836643219,1.2026005983352661,0.9363507032394409,1.5293022394180298,-1.452106237411499,-1.388388752937317,0.06438206881284714,0.18731652200222015,-0.7673460841178894,0.4079745411872864,0.23051247000694275,0.05019104853272438,-0.43737247586250305,-0.6823452711105347,-0.6005322337150574,-0.6808350682258606,2.150158166885376,2.4293906688690186,-2.441138744354248,-2.389981269836426,0.09639053791761398,-0.03568250313401222,-0.7593265771865845,0.5585084557533264,0.1976817101240158,0.24495218694210052,-0.4686022698879242,-0.8047524094581604,-0.8669904470443726,-0.7707114815711975,2.242799997329712,2.3759026527404785,-2.4370710849761963,-2.1894116401672363,0.4369628429412842,-1.042378306388855,-1.4233906269073486,-0.9752700924873352,1.559146523475647,0.1934889256954193,-0.5871633291244507,1.2009543180465698,-10.845881462097168,-14.390006065368652,-3.446185827255249,-5.982536792755127,4.582991123199463,2.756340980529785
1.002,0.0,0.0,0.0,0.448747843503952,0.20611627399921417,-0.8172571659088135,-0.1576799601316452,0.049796849489212036,-0.9862338900566101,0.800000011920929,0.0,0.0,0.0,0.09840746223926544,-0.032264094799757004,-0.7658314108848572,0.5589501857757568,0.1796458661556244,0.20477594435214996,-0.44829902052879333,-0.7840912938117981,-0.8161334991455078,-0.7262675762176514,2.2094244956970215,2.38460373878479,-2.5287270545959473,-2.3090221881866455,-0.3377110958099365,3.047419548034668,2.394397497177124,-1.3189772367477417,-6.629330635070801,-9.873052597045898,7.692086696624756,7.073175430297852,23.77691650390625,23.67962646484375,-9.997138977050781,7.111883163452148,-23.67612648010254,-34.98918914794922,0.12373671680688858,0.4230813980102539,-1.520835518836975,0.7673709988594055,-0.3674871623516083,-0.7255550026893616,0.530880868434906,0.06732124090194702,1.39266836643219,1.2026005983352661,0.9363507032394409,1.5293022394180298,-1.452106237411499,-1.388388752937317,5.098999977111816,-0.5523015260696411,-0.41445961594581604,-1.2390908002853394,1.2990970611572266,0.04217269644141197,-0.2247166782617569,0.20382264256477356,-0.27649223804473877,1.1714969873428345,1.198815941810608,1.0501008033752441,0.00039671489503234625,-1.246035099029541,-0.7676686644554138,-0.24209746718406677,-0.16777516901493073,-0.6343254446983337,0.6253911256790161,0.4112089276313782,0.273076593875885,-0.5803070068359375,-0.8209459781646729,-0.6773195862770081,-0.6730563640594482,2.1959609985351562,1.751517653465271,-2.354539632797241,-2.1341590881347656,0.09840746223926544,-0.032264094799757004,-0.7658314108848572,0.5589501857757568,0.1796458661556244,0.20477594435214996,-0.44829902052879333,-0.7840912938117981,-0.8161334991455078,-0.7262675762176514,2.2094244956970215,2.38460373878479,-2.5287270545959473,-2.3090221881866455,-0.3377110958099365,3.047419548034668,2.394397497177124,-1.3189772367477417,-6.629330635070801,-9.873052597045898,7.692086696624756,7.073175430297852,23.77691650390625,23.67962646484375,-9.997138977050781,7.111883163452148,-23.67612648010254,-34.98918914794922
1.024,0.0,0.0,0.0,0.8380005955696106,0.520199179649353,0.6627172231674194,-0.14914514124393463,0.03652961179614067,-0.988140344619751,0.800000011920929,0.0,0.0,0.0,0.06621403992176056,0.032763849943876266,-0.7558625936508179,0.5264450311660767,0.190659299492836,0.15362302958965302,-0.47767677903175354,-0.750400722026825,-0.8729867339134216,-0.7232070565223694,2.19443941116333,2.36698579788208,-2.453690767288208,-2.140742301940918,-6.886481285095215,-3.6637346744537354,0.7870847582817078,-0.023714181035757065,0.03980536758899689,5.63879919052124,-13.582873344421387,-3.8598716259002686,4.023557662963867,-12.90970230102539,8.808717727661133,-9.153542518615723,15.822745323181152,33.27839660644531,-0.5523015260696411,-0.41445961594581604,-1.2390908002853394,1.2990970611572266,0.04217269644141197,-0.2247166782617569,0.20382264256477356,-0.27649223804473877,1.1714969873428345,1.198815941810608,1.0501008033752441,0.00039671489503234625,-1.246035099029541,-0.7676686644554138,5.078999996185303,0.29417067766189575,-0.14935605227947235,-1.0234194993972778,0.7029382586479187,0.06369037926197052,-0.49251681566238403,0.9263912439346313,-0.04633248597383499,1.448533296585083,0.9297065138816833,0.9354416728019714,1.4649384021759033,-1.4846161603927612,-1.0303819179534912,0.10816705971956253,-0.08398773521184921,-0.5239713191986084,0.37886130809783936,0.43896153569221497,0.1748550832271576,-0.26944461464881897,-0.7312341928482056,-0.5603320002555847,-0.7933776378631592,2.148944854736328,2.3427741527557373,-2.4532413482666016,-2.2267978191375732,0.06621403992176056,0.032763849943876266,-0.7558625936508179,0.5264450311660767,0.190659299492836,0.15362302958965302,-0.47767677903175354,-0.750400722026825,-0.8729867339134216,-0.7232070565223694,2.19443941116333,2.36698579788208,-2.453690767288208,-2.140742301940918,-6.886481285095215,-3.6637346744537354,0.7870847582817078,-0.023714181035757065,0.03980536758899689,5.63879919052124,-13.582873344421387,-3.8598716259002686,4.023557662963867,-12.90970230102539,8.808717727661133,-9.153542518615723,15.822745323181152,33.27839660644531
1.042,0.0,0.0,0.0,0.4316472113132477,-0.6194042563438416,-0.575143039226532,-0.14684030413627625,0.02802799455821514,-0.9887630343437195,0.800000011920929,0.0,0.0,0.0,0.03406144306063652,0.01675606332719326,-0.6959626078605652,0.5215867161750793,0.16616712510585785,0.19948597252368927,-0.5439468026161194,-0.6561399698257446,-0.8159408569335938,-0.8225736021995544,2.1947150230407715,2.3098835945129395,-2.5397818088531494,-2.310805320739746,1.071908950805664,5.283639907836914,7.541092872619629,-0.6692780256271362,-3.209730625152588,7.178536891937256,10.002473831176758,9.874992370605469,8.404190063476562,-23.65973663330078,-10.24461555480957,5.545639991760254,-25.364398956298828,-34.83301544189453,0.29417067766189575,-0.14935605227947235,-1.0234194993972778,0.7029382586479187,0.06369037926197052,-0.49251681566238403,0.9263912439346313,-0.04633248597383499,1.448533296585083,0.9297065138816833,0.9354416728019714,1.4649384021759033,-1.4846161603927612,-1.0303819179534912,5.059000015258789,-0.24998633563518524,-0.19046369194984436,-1.333071231842041,1.2270166873931885,0.27258723974227905,-0.8090890645980835,0.08008147776126862,-0.33562135696411133,0.9475639462471008,1.2676897048950195,0.8842875957489014,0.5661634206771851,-0.8589490652084351,-0.9299601912498474,-0.10167714208364487,-0.09410742670297623,-0.6522791981697083,0.5900436639785767,0.5357404351234436,0.02257542870938778,-0.6191977858543396,-0.8524429798126221,-0.7740694284439087,-0.653317391872406,2.1212239265441895,1.997450828552246,-2.181561231613159,-2.1908719539642334,0.03406144306063652,0.01675606332719326,-0.6959626078605652,0.5215867161750793,0.16616712510585785,0.19948597252368927,-0.5439468026161194,-0.6561399698257446,-0.8159408569335938,-0.8225736021995544,2.1947150230407715,2.3098835945129395,-2.5397818088531494,-2.310805320739746,1.071908950805664,5.283639907836914,7.541092872619629,-0.6692780256271362,-3.209730625152588,7.178536891937256,10.002473831176758,9.874992370605469,8.404190063476562,-23.65973663330078,-10.24461555480957,5.545639991760254,-25.364398956298828,-34.83301544189453
1.063,0.0,0.0,0.0,0.7447688579559326,0.46712201833724976,0.10149756073951721,-0.148442804813385,0.008132679387927055,-0.9888875484466553,0.800000011920929,0.0,0.0,0.0,0.03053903393447399,0.014767223037779331,-0.6737553477287292,0.4446580410003662,0.20460529625415802,0.14132922887802124,-0.4976067841053009,-0.6548240184783936,-0.8213425874710083,-0.7104977965354919,2.1285810470581055,2.315518856048584,-2.4981932640075684,-2.171936511993408,-4.868064880371094,-4.844054698944092,-1.2963283061981201,-3.821918487548828,10.993765830993652,-12.563080787658691,-6.510234832763672,-5.679376602172852,-26.418720245361328,31.973979949951172,2.1776604652404785,-3.5526342391967773,11.153138160705566,9.575355529785156,-0.24998633563518524,-0.19046369194984436,-1.333071231842041,1.2270166873931885,0.27258723974227905,-0.8090890645980835,0.08008147776126862,-0.33562135696411133,0.9475639462471008,1.2676897048950195,0.8842875957489014,0.5661634206771851,-0.8589490652084351,-0.9299601912498474,5.039000034332275,-0.1559336632490158,0.18114721775054932,-1.5587795972824097,1.118629813194275,-0.9811181426048279,0.13339930772781372,1.0232099294662476,-0.2555694878101349,0.6720212697982788,1.2117787599563599,1.0372276306152344,1.7719230651855469,-1.33829927444458,-1.1473888158798218,-0.08033786714076996,0.07210549712181091,-0.7666787505149841,0.5623877644538879,-0.018749121576547623,0.4314672350883484,-0.22976528108119965,-0.8285405039787292,-0.9194373488426208,-0.6644713282585144,2.187274932861328,2.5055105686187744,-2.370100736618042,-2.2851221561431885,0.03053903393447399,0.014767223037779331,-0.6737553477287292,0.4446580410003662,0.20460529625415802,0.14132922887802124,-0.4976067841053009,-0.6548240184783936,-0.8213425874710083,-0.7104977965354919,2.1285810470581055,2.315518856048584,-2.4981932640075684,-2.171936511993408,-4.868064880371094,-4.844054698944092,-1.2963283061981201,-3.821918487548828,10.993765830993652,-12.563080787658691,-6.510234832763672,-5.679376602172852,-26.418720245361328,31.973979949951172,2.1776604652404785,-3.5526342391967773,11.153138160705566,9.575355529785156
1.084,0.0,0.0,0.0,0.5554800629615784,-0.4402111768722534,-0.3802603483200073,-0.14785179495811462,0.001084141549654305,-0.9890089631080627,0.800000011920929,0.0,0.0,0.0,0.0019485383527353406,-0.026269657537341118,-0.6843158006668091,0.44343116879463196,0.2620539665222168,0.09094345569610596,-0.5612986087799072,-0.6907298564910889,-0.9083009362220764,-0.7307718992233276,2.184295654296875,2.2857165336608887,-2.5044493675231934,-2.2804102897644043,0.7728532552719116,2.9305782318115234,-6.9715118408203125,2.556027889251709,5.271645545959473,6.0486273765563965,2.848050117492676,0.8430235385894775,-25.84566879272461,-20.29755973815918,10.870266914367676,13.183090209960938,-28.208093643188477,-32.10782241821289,-0.1559336632490158,0.18114721775054932,-1.5587795972824097,1.118629813194275,-0.9811181426048279,0.13339930772781372,1.0232099294662476,-0.2555694878101349,0.6720212697982788,1.2117787599563599,1.0372276306152344,1.7719230651855469,-1.33829927444458,-1.1473888158798218,5.019000053405762,-0.07510983943939209,-0.01575883850455284,-1.6992230415344238,1.061375617980957,0.10595345497131348,-0.9596279263496399,0.28717270493507385,0.289639413356781,0.7880032658576965,1.5348255634307861,0.6722016334533691,0.8871839046478271,-1.0948601961135864,-0.8625431656837463,-0.041833214461803436,0.00011907285079360008,-0.8413182497024536,0.5338578224182129,0.4149841070175171,-0.01950583979487419,-0.5220388174057007,-0.5808062553405762,-0.8817822933197021,-0.520215630531311,2.02961802482605,2.1581838130950928,-2.279407024383545,-2.1663665771484375,-0.003781813196837902,0.0018812046619132161,-0.7236484289169312,0.46727117896080017,0.21964100003242493,0.12041217088699341,-0.49936604499816895,-0.7246944308280945,-0.8831141591072083,-0.709868848323822,2.191614866256714,2.3782010078430176,-2.4794602394104004,-2.285501003265381,-0.7935535907745361,3.034100294113159,-2.768009662628174,2.535688638687134,0.11083507537841797,6.2463788986206055,10.570662498474121,-0.2653120756149292,-13.306297302246094,-5.816440582275391,-0.45664364099502563,7.563041687011719,-22.769861221313477,-12.955423355102539
1.103,0.0,0.0,0.0,-0.605555534362793,-0.354868084192276,-0.33154186606407166,-0.15631979703903198,-0.0035977568477392197,-0.9876999258995056,0.800000011920929,0.0,0.0,0.0,-0.017013555392622948,0.008886124938726425,-0.7430188059806824,0.44877028465270996,0.19474701583385468,0.13686712086200714,-0.45247840881347656,-0.7290180325508118,-0.872278094291687,-0.69677734375,2.153791666030884,2.331926107406616,-2.3500008583068848,-2.105666399002075,-1.9173933267593384,-1.2364610433578491,-4.707502841949463,-8.806459426879883,-4.436553478240967,-5.900327682495117,4.056853771209717,5.630411624908447,17.31839942932129,12.962430000305176,-7.383662223815918,-17.90346908569336,23.010459899902344,26.983509063720703,-0.07510983943939209,-0.01575883850455284,-1.6992230415344238,1.061375617980957,0.10595345497131348,-0.9596279263496399,0.28717270493507385,0.289639413356781,0.7880032658576965,1.5348255634307861,0.6722016334533691,0.8871839046478271,-1.0948601961135864,-0.8625431656837463,4.999000072479248,-0.31888288259506226,0.058905407786369324,-0.8444008827209473,0.9316984415054321,0.12418720126152039,-0.49139779806137085,0.46720778942108154,-0.46963703632354736,1.0834364891052246,1.2721740007400513,0.8700898885726929,1.0965263843536377,-1.1875566244125366,-0.81809002161026,-0.1476806104183197,0.02651934139430523,-0.46411222219467163,0.47265008091926575,0.4665626585483551,0.14610041677951813,-0.47025033831596375,-0.8977072238922119,-0.7450717687606812,-0.6239832639694214,2.1029021739959717,2.2176551818847656,-2.312051296234131,-2.1344871520996094,-0.017013555392622948,0.008886124938726425,-0.7430188059806824,0.44877028465270996,0.19474701583385468,0.13686712086200714,-0.45247840881347656,-0.7290180325508118,-0.872278094291687,-0.69677734375,2.153791666030884,2.331926107406616,-2.3500008583068848,-2.105666399002075,-1.9173933267593384,-1.2364610433578491,-4.707502841949463,-8.806459426879883,-4.436553478240967,-5.900327682495117,4.056853771209717,5.630411624908447,17.31839942932129,12.962430000305176,-7.383662223815918,-17.90346908569336,23.010459899902344,26.983509063720703
1.126,0.0,0.0,0.0,-1.5139563083648682,-0.4238462448120117,0.018916312605142593,-0.16743388772010803,0.0027092040982097387,-0.9858796000480652,0.800000011920929,0.0,0.0,0.0,-0.027740392833948135,0.016321785748004913,-0.7925314903259277,0.45683595538139343,0.22061258554458618,0.1150493398308754,-0.4105229377746582,-0.6608335375785828,-0.8007160425186157,-0.6929610371589661,2.1454460620880127,2.303781747817993,-2.428251028060913,-2.1484878063201904,-5.494965076446533,-0.5927746891975403,-0.05123521387577057,0.38087016344070435,-0.9294804334640503,8.170528411865234,0.949852705001831,-7.4040303230285645,27.930892944335938,-25.0970458984375,3.1487367153167725,6.896153450012207,-3.872117757797241,9.691901206970215,-0.31888288259506226,0.058905407786369324,-0.8444008827209473,0.9316984415054321,0.12418720126152039,-0.49139779806137085,0.46720778942108154,-0.46963703632354736,1.0834364891052246,1.2721740007400513,0.8700898885726929,1.0965263843536377,-1.1875566244125366,-0.81809002161026,4.9770002365112305,0.3137466311454773,-0.059181757271289825,-0.9275891780853271,1.0231788158416748,-0.21045859158039093,-0.2792622447013855,0.2961738705635071,0.302507609128952,1.3504666090011597,0.6519957184791565,0.7643297910690308,1.2100414037704468,-1.3212887048721313,-1.046919584274292,0.12641791999340057,-0.023979855701327324,-0.46382632851600647,0.5076954364776611,0.3211299180984497,0.2581220269203186,-0.542036771774292,-0.5819322466850281,-0.6112371683120728,-0.9134402275085449,2.062638521194458,2.274683952331543,-2.375494956970215,-2.2342727184295654,-0.056155841797590256,0.03186660259962082,-0.7549301385879517,0.4692455530166626,0.2906215488910675,0.11844409257173538,-0.41727179288864136,-0.7148347496986389,-0.8426015973091125,-0.6481815576553345,2.1481950283050537,2.335076332092285,-2.408053159713745,-2.119091749191284,1.206288456916809,1.6285310983657837,3.820164918899536,2.0714058876037598,0.803789496421814,3.897667169570923,-3.501725673675537,-2.305464029312134,-0.8536773920059204,-11.904775619506836,0.46539783477783203,0.7535659670829773,6.796394348144531,4.901281833648682
1.144,0.0,0.0,0.0,0.4857812523841858,0.029719259589910507,1.117073655128479,-0.16873528063297272,0.010593806393444538,-0.985604465007782,0.800000011920929,0.0,0.0,0.0,-0.05418728291988373,0.03308625519275665,-0.7465491890907288,0.46848875284194946,0.28931379318237305,0.12445766478776932,-0.43460148572921753,-0.7301720976829529,-0.8362537622451782,-0.6487155556678772,2.1617889404296875,2.33160662651062,-2.379514694213867,-2.12510347366333,0.20589418709278107,-0.03568888083100319,0.8565910458564758,-0.16785740852355957,0.23212242126464844,-2.113478660583496,-0.8054642677307129,-3.191859245300293,-0.0549754798412323,10.603803634643555,0.5370627045631409,-0.7819000482559204,1.8901158571243286,7.025948524475098,0.3137466311454773,-0.059181757271289825,-0.9275891780853271,1.0231788158416748,-0.21045859158039093,-0.2792622447013855,0.2961738705635071,0.302507609128952,1.3504666090011597,0.6519957184791565,0.7643297910690308,1.2100414037704468,-1.3212887048721313,-1.046919584274292,4.959000110626221,0.19894327223300934,-0.19843316078186035,-1.1233144998550415,0.9621765613555908,-0.18412621319293976,-0.04190872609615326,1.1290098428726196,-0.3066665828227997,1.0731111764907837,0.9116132855415344,1.1164878606796265,1.4783334732055664,-1.5826044082641602,-1.1783322095870972,0.10216626524925232,-0.09169290214776993,-0.5518741011619568,0.4837489724159241,0.3184361755847931,0.3761332631111145,-0.1744392216205597,-0.8244831562042236,-0.7226637005805969,-0.8255580067634583,2.217083215713501,2.401118516921997,-2.4994313716888428,-2.303386688232422,-0.05418728291988373,0.03308625519275665,-0.7465491890907288,0.46848875284194946,0.28931379318237305,0.12445766478776932,-0.43460148572921753,-0.7301720976829529,-0.8362537622451782,-0.6487155556678772,2.1617889404296875,2.33160662651062,-2.379514694213867,-2.12510347366333,0.20589418709278107,-0.03568888083100319,0.8565910458564758,-0.16785740852355957,0.23212242126464844,-2.113478660583496,-0.8054642677307129,-3.191859245300293,-0.0549754798412323,10.603803634643555,0.5370627045631409,-0.7819000482559204,1.8901158571243286,7.025948524475098
1.162,0.0,0.0,0.0,2.5191404819488525,-0.32747378945350647,0.149987131357193,-0.17119987308979034,-0.0038630554918199778,-0.9852287173271179,0.800000011920929,0.0,0.0,0.0,-0.03814958408474922,0.009334893897175789,-0.6825283765792847,0.5061716437339783,0.23572500050067902,0.20896926522254944,-0.47579044103622437,-0.6535646915435791,-0.7470816373825073,-0.7651768922805786,2.1589863300323486,2.325659990310669,-2.4116177558898926,-2.256429433822632,0.4894014894962311,-0.8882613778114319,2.1194872856140137,0.83103346824646,-1.4946879148483276,5.8111491203308105,-1.0948644876480103,2.368971586227417,3.1100566387176514,-16.157283782958984,-0.15630194544792175,-4.6615095138549805,3.3925440311431885,10.784967422485352,0.19894327223300934,-0.19843316078186035,-1.1233144998550415,0.9621765613555908,-0.18412621319293976,-0.04190872609615326,1.1290098428726196,-0.3066665828227997,1.0731111764907837,0.9116132855415344,1.1164878606796265,1.4783334732055664,-1.5826044082641602,-1.1783322095870972,4.939000129699707,0.27682262659072876,0.23014718294143677,-1.0236412286758423,0.8819000124931335,-0.04396257549524307,-0.6520506739616394,0.8800897598266602,-0.47457945346832275,1.247981309890747,1.1261502504348755,0.9515119791030884,1.5925606489181519,-1.6860527992248535,-1.3431118726730347,0.13478679955005646,0.09439694136381149,-0.5158259868621826,0.4452298879623413,0.3812404274940491,0.11337052285671234,-0.24969349801540375,-0.9242990016937256,-0.6551147699356079,-0.7202281951904297,2.1582887172698975,2.4651639461517334,-2.5583767890930176,-2.384449005126953,-0.03814958408474922,0.009334893897175789,-0.6825283765792847,0.5061716437339783,0.23572500050067902,0.20896926522254944,-0.47579044103622437,-0.6535646915435791,-0.7470816373825073,-0.7651768922805786,2.1589863300323486,2.325659990310669,-2.4116177558898926,-2.256429433822632,0.4894014894962311,-0.8882613778114319,2.1194872856140137,0.83103346824646,-1.4946879148483276,5.8111491203308105,-1.0948644876480103,2.368971586227417,3.1100566387176514,-16.157283782958984,-0.15630194544792175,-4.6615095138549805,3.3925440311431885,10.784967422485352
1.183,0.0,0.0,0.0,-1.6480330228805542,-0.054532457143068314,-0.6662378907203674,-0.17376574873924255,0.021211955696344376,-0.9845585227012634,0.800000011920929,0.0,0.0,0.0,-0.007556787226349115,-0.041736066341400146,-0.7009186148643494,0.5182610750198364,0.24786603450775146,0.27064549922943115,-0.38320279121398926,-0.7157133221626282,-0.743346631526947,-0.6783340573310852,2.1786186695098877,2.4476113319396973,-2.555832624435425,-2.407421588897705,9.17199993133545,5.2401933670043945,8.392398834228516,5.922008037567139,-0.3605385720729828,-7.773897647857666,3.497699022293091,-6.940895080566406,17.35210609436035,32.0718879699707,-5.181865215301514,15.474770545959473,-4.8291015625,-33.490196228027344,0.27682262659072876,0.23014718294143677,-1.0236412286758423,0.8819000124931335,-0.04396257549524307,-0.6520506739616394,0.8800897598266602,-0.47457945346832275,1.247981309890747,1.1261502504348755,0.9515119791030884,1.5925606489181519,-1.6860527992248535,-1.3431118726730347,4.919000148773193,-0.8602757453918457,-0.5873978137969971,-1.4491174221038818,1.209337592124939,-0.326114684343338,0.3444982171058655,0.12469789385795593,0.16978061199188232,0.8639431595802307,0.9174740314483643,1.0670915842056274,0.12451900541782379,-1.2032455205917358,-0.5581540465354919,-0.3736453950405121,-0.2548893094062805,-0.7036854028701782,0.5887249112129211,0.26055243611335754,0.5355411767959595,-0.5971452593803406,-0.6443185806274414,-0.821177065372467,-0.80359947681427,2.2044200897216797,1.8109499216079712,-2.347008228302002,-2.0393240451812744,-0.007556787226349115,-0.041736066341400146,-0.7009186148643494,0.5182610750198364,0.24786603450775146,0.27064549922943115,-0.38320279121398926,-0.7157133221626282,-0.743346631526947,-0.6783340573310852,2.1786186695098877,2.4476113319396973,-2.555832624435425,-2.407421588897705,9.17199993133545,5.2401933670043945,8.392398834228516,5.922008037567139,-0.3605385720729828,-7.773897647857666,3.497699022293091,-6.940895080566406,17.35210609436035,32.0718879699707,-5.181865215301514,15.474770545959473,-4.8291015625,-33.490196228027344
1.203,0.0,0.0,0.0,2.485400915145874,0.4137803018093109,1.1288665533065796,-0.16992415487766266,0.010548742488026619,-0.9854006767272949,0.800000011920929,0.0,0.0,0.0,0.07734045386314392,0.0010418180609121919,-0.6183064579963684,0.46025729179382324,0.3118413984775543,0.27856308221817017,-0.3811102509498596,-0.8307610750198364,-0.7278071641921997,-0.7430582046508789,2.1637120246887207,2.3965535163879395,-2.477351665496826,-2.2340261936187744,-3.829694986343384,-5.15880012512207,-0.5130965113639832,-7.365808963775635,2.9086365699768066,7.901602268218994,-12.84067440032959,0.5828672051429749,-17.44271469116211,-25.84766387939453,10.115935325622559,-17.17868423461914,16.139995574951172,26.065471649169922,-0.8602757453918457,-0.5873978137969971,-1.4491174221038818,1.209337592124939,-0.326114684343338,0.3444982171058655,0.12469789385795593,0.16978061199188232,0.8639431595802307,0.9174740314483643,1.0670915842056274,0.12451900541782379,-1.2032455205917358,-0.5581540465354919,4.89900016784668,-0.03520810604095459,0.25538545846939087,-1.4657518863677979,0.78768390417099,-0.2694713771343231,-0.8232994079589844,0.6784754991531372,-0.16300642490386963,1.1678102016448975,1.1610674858093262,0.8126237392425537,1.5048142671585083,-1.0793262720108032,-1.0415912866592407,-0.053208187222480774,0.08943451941013336,-0.729956865310669,0.41333022713661194,0.27397310733795166,0.05224938318133354,-0.38269051909446716,-0.7660747170448303,-0.7010431289672852,-0.7023195624351501,2.094522714614868,2.366661310195923,-2.2701075077056885,-2.222358226776123,0.07734045386314392,0.0010418180609121919,-0.6183064579963684,0.46025729179382324,0.3118413984775543,0.27856308221817017,-0.3811102509498596,-0.8307610750198364,-0.7278071641921997,-0.7430582046508789,2.1637120246887207,2.3965535163879395,-2.477351665496826,-2.2340261936187744,-3.829694986343384,-5.15880012512207,-0.5130965113639832,-7.365808963775635,2.9086365699768066,7.901602268218994,-12.84067440032959,0.5828672051429749,-17.44271469116211,-25.84766387939453,10.115935325622559,-17.17868423461914,16.139995574951172,26.065471649169922
1.223,0.0,0.0,0.0,0.63777756690979,0.5290223956108093,-0.7226382493972778,-0.1580425351858139,-0.028315437957644463,-0.9870262145996094,0.800000011920929,0.0,0.0,0.0,-0.014642991125583649,-0.11651496589183807,-0.61783766746521,0.41323181986808777,0.29238513112068176,0.3186659812927246,-0.49989160895347595,-0.7513982653617859,-0.7416619062423706,-0.7044141292572021,2.1845524311065674,2.2917656898498535,-2.3802900314331055,-2.371697425842285,-2.522670030593872,-3.459946393966675,-1.6589161157608032,-2.7180488109588623,-4.955524921417236,-6.808282375335693,3.034775495529175,-3.3198561668395996,9.760258674621582,26.829309463500977,-9.073810577392578,13.097268104553223,3.67580509185791,-25.35493278503418,-0.03520810604095459,0.25538545846939087,-1.4657518863677979,0.78768390417099,-0.2694713771343231,-0.8232994079589844,0.6784754991531372,-0.16300642490386963,1.1678102016448975,1.1610674858093262,0.8126237392425537,1.5048142671585083,-1.0793262720108032,-1.0415912866592407,4.879000186920166,-0.42151492834091187,0.004587257746607065,-1.4460383653640747,1.0333057641983032,-0.13286249339580536,0.1290438175201416,-0.14095798134803772,-0.03430496156215668,1.1996233463287354,1.0048019886016846,1.3646422624588013,0.5076131224632263,-1.2441482543945312,-1.010857105255127,-0.19500252604484558,0.011007718741893768,-0.7237129211425781,0.506320595741272,0.33678916096687317,0.43247464299201965,-0.7299900650978088,-0.7203346490859985,-0.6747137904167175,-0.7625110745429993,2.3319411277770996,1.9734920263290405,-2.336587429046631,-2.2268314361572266,-0.014642991125583649,-0.11651496589183807,-0.61783766746521,0.41323181986808777,0.29238513112068176,0.3186659812927246,-0.49989160895347595,-0.7513982653617859,-0.7416619062423706,-0.7044141292572021,2.1845524311065674,2.2917656898498535,-2.3802900314331055,-2.371697425842285,-2.522670030593872,-3.459946393966675,-1.6589161157608032,-2.7180488109588623,-4.955524921417236,-6.808282375335693,3.034775495529175,-3.3198561668395996,9.760258674621582,26.829309463500977,-9.073810577392578,13.097268104553223,3.67580509185791,-25.35493278503418
1.2429999999999999,0.0,0.0,0.0,-0.5048946142196655,-0.016413377597928047,0.4119512140750885,-0.15817402303218842,-0.028978323563933372,-0.9869859218597412,0.800000011920929,0.0,0.0,0.0,-0.01636536978185177,-0.09973326325416565,-0.6340852975845337,0.4007577896118164,0.2725104093551636,0.2956869602203369,-0.4585820734500885,-0.7857633233070374,-0.7255954742431641,-0.7079509496688843,2.1455771923065186,2.341830253601074,-2.4149115085601807,-2.3289177417755127,-4.270050525665283,-4.682192325592041,-0.8881787657737732,4.691239356994629,0.027993807569146156,-0.22330403327941895,-0.1576744019985199,0.21407006680965424,-2.0820350646972656,-3.2674720287323,-0.579739511013031,10.841682434082031,2.028305768966675,-23.114492416381836,-0.42151492834091187,0.004587257746607065,-1.4460383653640747,1.0333057641983032,-0.13286249339580536,0.1290438175201416,-0.14095798134803772,-0.03430496156215668,1.1996233463287354,1.0048019886016846,1.3646422624588013,0.5076131224632263,-1.2441482543945312,-1.010857105255127,4.859000205993652,0.43601518869400024,0.19482280313968658,-1.2768045663833618,0.7374639511108398,0.007137075066566467,-0.002212613821029663,0.43748563528060913,-0.3412858545780182,1.4483710527420044,0.890507161617279,1.0535074472427368,1.1350144147872925,-1.1559909582138062,-1.1623214483261108,0.17670656740665436,0.0887710303068161,-0.6469333171844482,0.3824908435344696,0.4060705900192261,0.41143175959587097,-0.5044204592704773,-0.8539020419120789,-0.5601443648338318,-0.8199627995491028,2.215672492980957,2.216505765914917,-2.3035647869110107,-2.295437812805176,-0.01636536978185177,-0.09973326325416565,-0.6340852975845337,0.4007577896118164,0.2725104093551636,0.2956869602203369,-0.4585820734500885,-0.7857633233070374,-0.7255954742431641,-0.7079509496688843,2.1455771923065186,2.341830253601074,-2.4149115085601807,-2.3289177417755127,-4.270050525665283,-4.682192325592041,-0.8881787657737732,4.691239356994629,0.027993807569146156,-0.22330403327941895,-0.1576744019985199,0.21407006680965424,-2.0820350646972656,-3.2674720287323,-0.579739511013031,10.841682434082031,2.028305768966675,-23.114492416381836
1.263,0.0,0.0,0.0,-0.8731532096862793,-0.4848056435585022,-1.0345810651779175,-0.16494721174240112,-0.017612377181649208,-0.9861451387405396,0.800000011920929,0.0,0.0,0.0,0.0209537111222744,-0.0634676069021225,-0.6091804504394531,0.4284791350364685,0.2712232768535614,0.3550208508968353,-0.5226266980171204,-0.7197831869125366,-0.6783915758132935,-0.8167766332626343,2.2075226306915283,2.2986183166503906,-2.3927764892578125,-2.323758602142334,5.241542339324951,6.291452884674072,4.449444770812988,-1.716678500175476,0.8205451965332031,1.8019633293151855,3.410221576690674,-4.537287712097168,2.318652868270874,-3.7339999675750732,-7.028106212615967,-3.16949462890625,4.28796911239624,29.366127014160156,0.43601518869400024,0.19482280313968658,-1.2768045663833618,0.7374639511108398,0.007137075066566467,-0.002212613821029663,0.43748563528060913,-0.3412858545780182,1.4483710527420044,0.890507161617279,1.0535074472427368,1.1350144147872925,-1.1559909582138062,-1.1623214483261108,4.839000225067139,-0.4675993323326111,-0.20361894369125366,-1.053299903869629,0.6886646747589111,-0.1402416080236435,-0.24071906507015228,0.5397823452949524,-0.1431419849395752,1.2888262271881104,1.2161508798599243,0.9620833396911621,1.1014742851257324,-1.1763657331466675,-0.9316623210906982,-0.1927490383386612,-0.08275141566991806,-0.5386782884597778,0.3481481671333313,0.34667831659317017,0.30199959874153137,-0.43582993745803833,-0.7780940532684326,-0.6204826235771179,-0.6791683435440063,2.1629045009613037,2.2257139682769775,-2.3094310760498047,-2.1985018253326416,0.0209537111222744,-0.0634676069021225,-0.6091804504394531,0.4284791350364685,0.2712232768535614,0.3550208508968353,-0.5226266980171204,-0.7197831869125366,-0.6783915758132935,-0.8167766332626343,2.2075226306915283,2.2986183166503906,-2.3927764892578125,-2.323758602142334,5.241542339324951,6.291452884674072,4.449444770812988,-1.716678500175476,0.8205451965332031,1.8019633293151855,3.410221576690674,-4.537287712097168,2.318652868270874,-3.7339999675750732,-7.028106212615967,-3.16949462890625,4.28796911239624,29.366127014160156
1.283,0.0,0.0,0.0,1.2194364070892334,-0.7491416335105896,-0.005398639012128115,-0.17564581334590912,-0.020347336307168007,-0.9842431545257568,0.800000011920929,0.0,0.0,0.0,0.09168525785207748,-0.02063162624835968,-0.6190325617790222,0.3868669271469116,0.31173020601272583,0.34257984161376953,-0.486590713262558,-0.7413347363471985,-0.6919394731521606,-0.7805418372154236,2.2210652828216553,2.2781100273132324,-2.405407190322876,-2.316188097000122,-2.9668211936950684,-0.23707517981529236,-1.0958571434020996,-8.898911476135254,5.067677021026611,-7.099558353424072,9.389150619506836,2.5080487728118896,-19.467708587646484,15.34868335723877,-7.286710262298584,-13.891339302062988,-5.6935648918151855,35.09336471557617,-0.4675993323326111,-0.20361894369125366,-1.053299903869629,0.6886646747589111,-0.1402416080236435,-0.24071906507015228,0.5397823452949524,-0.1431419849395752,1.2888262271881104,1.2161508798599243,0.9620833396911621,1.1014742851257324,-1.1763657331466675,-0.9316623210906982,4.818999767303467,-0.5221074819564819,0.012197531759738922,-1.3073025941848755,0.8173686861991882,-0.42224156856536865,-0.4744536280632019,0.039672933518886566,-0.2693573236465454,0.8369496464729309,1.373913049697876,1.074044108390808,1.169912576675415,-0.9996581077575684,-0.876903235912323,-0.2542232573032379,-0.002786252647638321,-0.6421539783477783,0.4026307165622711,0.21383912861347198,0.1858758181333542,-0.6540200710296631,-0.8273101449012756,-0.8298609256744385,-0.5940959453582764,2.208010196685791,2.257431983947754,-2.230499267578125,-2.1641664505004883,0.09168525785207748,-0.02063162624835968,-0.6190325617790222,0.3868669271469116,0.31173020601272583,0.34257984161376953,-0.486590713262558,-0.7413347363471985,-0.6919394731521606,-0.7805418372154236,2.2210652828216553,2.2781100273132324,-2.405407190322876,-2.316188097000122,-2.9668211936950684,-0.23707517981529236,-1.0958571434020996,-8.898911476135254,5.067677021026611,-7.099558353424072,9.389150619506836,2.5080487728118896,-19.467708587646484,15.34868335723877,-7.286710262298584,-13.891339302062988,-5.6935648918151855,35.09336471557617
1.303,0.0,0.0,0.0,-0.7330566644668579,-0.4234575033187866,0.6512995958328247,-0.1875012069940567,-0.0237223319709301,-0.9819778800010681,0.800000011920929,0.0,0.0,0.0,-0.021127717569470406,-0.04003961384296417,-0.6372694373130798,0.3767906129360199,0.3077147305011749,0.2930651307106018,-0.4688996970653534,-0.7629446983337402,-0.7425692081451416,-0.6891411542892456,2.2135744094848633,2.312530517578125,-2.3602142333984375,-2.2920703887939453,-8.391632080078125,-0.2564089596271515,-2.594007730484009,1.5504533052444458,2.593715190887451,-7.806798934936523,-6.728932857513428,-7.906856536865234,-25.014509201049805,16.549942016601562,7.742356777191162,7.19147253036499,13.602149963378906,10.979890823364258,-0.5221074819564819,0.012197531759738922,-1.3073025941848755,0.8173686861991882,-0.42224156856536865,-0.4744536280632019,0.039672933518886566,-0.2693573236465454,0.8369496464729309,1.373913049697876,1.074044108390808,1.169912576675415,-0.9996581077575684,-0.876903235912323,4.798999786376953,0.03376113995909691,-0.0025069178082048893,-1.4600417613983154,0.7160503268241882,-0.5805809497833252,-0.13014084100723267,0.932063102722168,-0.12467401474714279,1.2412054538726807,1.228021264076233,1.0602550506591797,1.5240018367767334,-1.4522048234939575,-1.156690239906311,-0.010229812934994698,-0.0014067383017390966,-0.7212342023849487,0.36248570680618286,0.1293024867773056,0.3292042016983032,-0.2742635905742645,-0.7671242356300354,-0.6688836812973022,-0.6512400507926941,2.2063159942626953,2.4199440479278564,-2.4262518882751465,-2.2866370677948,-0.021127717569470406,-0.04003961384296417,-0.6372694373130798,0.3767906129360199,0.3077147305011749,0.2930651307106018,-0.4688996970653534,-0.7629446983337402,-0.7425692081451416,-0.6891411542892456,2.2135744094848633,2.312530517578125,-2.3602142333984375,-2.2920703887939453,-8.391632080078125,-0.2564089596271515,-2.594007730484009,1.5504533052444458,2.593715190887451,-7.806798934936523,-6.728932857513428,-7.906856536865234,-25.014509201049805,16.549942016601562,7.742356777191162,7.19147253036499,13.602149963378906,10.979890823364258
1.325,0.0,0.0,0.0,-1.4062459468841553,-0.6155596971511841,-0.912153422832489,-0.1950126737356186,-0.017977826297283173,-0.980635941028595,0.800000011920929,0.0,0.0,0.0,-0.14918969571590424,-0.026838213205337524,-0.6409725546836853,0.3909146189689636,0.22276508808135986,0.22935937345027924,-0.5477837324142456,-0.7822144627571106,-0.7158457040786743,-0.7123810052871704,2.2875092029571533,2.3588459491729736,-2.4158120155334473,-2.3950037956237793,-4.341568470001221,-0.16428276896476746,-5.362355709075928,-1.2068493366241455,-11.343978881835938,7.6580352783203125,7.355571269989014,4.84566593170166,25.363269805908203,-30.851924896240234,0.973479151725769,12.422524452209473,-26.78196907043457,-35.453853607177734,0.03376113995909691,-0.0025069178082048893,-1.4600417613983154,0.7160503268241882,-0.5805809497833252,-0.13014084100723267,0.932063102722168,-0.12467401474714279,1.2412054538726807,1.228021264076233,1.0602550506591797,1.5240018367767334,-1.4522048234939575,-1.156690239906311,4.7779998779296875,0.10667331516742706,-0.07700136303901672,-0.9253311157226562,1.06344735622406,0.1311115324497223,-0.8689687252044678,-0.2347920835018158,-0.16224738955497742,1.5292317867279053,1.007198691368103,0.23281291127204895,0.5677242279052734,-0.62044358253479,-1.1014704704284668,0.04698001220822334,-0.034791287034749985,-0.48852241039276123,0.5147998929023743,0.44111040234565735,0.011064494028687477,-0.7613727450370789,-0.7780137062072754,-0.5231740474700928,-0.7563245296478271,1.8337973356246948,2.0058703422546387,-2.0715346336364746,-2.2740352153778076,-0.14991873502731323,-0.0008963178843259811,-0.6719204187393188,0.37128132581710815,0.18030662834644318,0.2240937054157257,-0.4703289568424225,-0.7595773935317993,-0.7302290797233582,-0.6763141751289368,2.2513535022735596,2.3887760639190674,-2.4232711791992188,-2.3844432830810547,2.456486701965332,3.284658670425415,-2.0552408695220947,1.605277419090271,-6.394455432891846,3.5048818588256836,7.998528003692627,3.7048513889312744,12.762330055236816,-9.404199600219727,-0.08802061527967453,7.08995246887207,-19.053316116333008,-22.351423263549805
1.343,0.0,0.0,0.0,-1.8462107181549072,1.9299235343933105,-0.4210626780986786,-0.18478374183177948,0.03278851881623268,-0.9822320938110352,0.800000011920929,0.0,0.0,0.0,-0.11397426575422287,0.022760601714253426,-0.6570745706558228,0.3851430118083954,0.13523972034454346,0.2499452382326126,-0.4484403431415558,-0.7492101788520813,-0.6225867867469788,-0.7896270155906677,2.2321417331695557,2.3601460456848145,-2.377476215362549,-2.3063812255859375,9.247488975524902,3.909928798675537,6.63446044921875,7.316707134246826,-7.7098588943481445,1.5824908018112183,-0.9400171637535095,3.9696428775787354,27.738256454467773,-20.8986759185791,-1.3156367540359497,-7.5210041999816895,1.9776406288146973,-6.841888904571533,0.10667331516742706,-0.07700136303901672,-0.9253311157226562,1.06344735622406,0.1311115324497223,-0.8689687252044678,-0.2347920835018158,-0.16224738955497742,1.5292317867279053,1.007198691368103,0.23281291127204895,0.5677242279052734,-0.62044358253479,-1.1014704704284668,4.758999824523926,-0.2818896770477295,-0.025594130158424377,-1.0260061025619507,1.288541316986084,-0.16677731275558472,-0.1942400485277176,0.6411876678466797,-0.11019603163003922,1.4854503870010376,1.0190883874893188,0.5455727577209473,1.3946250677108765,-1.2277580499649048,-1.449447512626648,-0.12215235084295273,-0.014996486715972424,-0.5105549693107605,0.6313235759735107,0.33824124932289124,0.28287842869758606,-0.4158927798271179,-0.7556794881820679,-0.5283046960830688,-0.7614826560020447,1.937287449836731,2.3365681171417236,-2.309354543685913,-2.4293646812438965,-0.04566282406449318,0.017528831958770752,-0.6095914840698242,0.425676554441452,0.15172672271728516,0.18352888524532318,-0.4813896715641022,-0.7311173677444458,-0.6447228193283081,-0.7568041086196899,2.2105026245117188,2.245327949523926,-2.3195481300354004,-2.312725305557251,0.5346102118492126,-3.8429672718048096,2.187229633331299,2.3057632446289062,-1.3153117895126343,-0.8208101987838745,-3.2425520420074463,1.177708625793457,0.6028586626052856,-15.336381912231445,-3.17612624168396,-3.1871657371520996,6.2329020500183105,-19.21103858947754
1.365,0.0,0.0,0.0,1.369573712348938,0.3510488271713257,-0.07052645832300186,-0.16336046159267426,0.026985259726643562,-0.986197292804718,0.800000011920929,0.0,0.0,0.0,-0.04187643527984619,-0.004545111674815416,-0.6079358458518982,0.46427643299102783,0.14414963126182556,0.16057303547859192,-0.4850056767463684,-0.7415615916252136,-0.6383727788925171,-0.7686960101127625,2.212692975997925,2.2598507404327393,-2.392490863800049,-2.4309492111206055,1.4785197973251343,-0.007532630581408739,-1.4166393280029297,12.711164474487305,-3.872281551361084,-0.7245438694953918,2.5745346546173096,-3.2732326984405518,7.630905628204346,2.3114542961120605,7.196782112121582,15.815200805664062,-27.385154724121094,-30.256732940673828,-0.2818896770477295,-0.025594130158424377,-1.0260061025619507,1.288541316986084,-0.16677731275558472,-0.1942400485277176,0.6411876678466797,-0.11019603163003922,1.4854503870010376,1.0190883874893188,0.5455727577209473,1.3946250677108765,-1.2277580499649048,-1.449447512626648,4.73799991607666,-0.1792244017124176,-0.1101875975728035,-1.7311875820159912,0.6442948579788208,0.030806314200162888,-0.30287885665893555,0.14402978122234344,0.30684974789619446,0.9420523047447205,1.1969375610351562,0.8032733201980591,0.45831120014190674,-1.346583604812622,-0.9788317680358887,-0.0928662121295929,-0.051084067672491074,-0.8300898671150208,0.35306501388549805,0.4168669283390045,0.261172354221344,-0.6050658226013184,-0.5657755136489868,-0.7733469009399414,-0.6819663643836975,2.0636017322540283,1.9482967853546143,-2.386608123779297,-2.2331206798553467,-0.06747288256883621,-0.025136388838291168,-0.59184330701828,0.5325391292572021,0.1441912055015564,0.17815285921096802,-0.43884530663490295,-0.7498372197151184,-0.6259509325027466,-0.775112509727478,2.1576852798461914,2.290031671524048,-2.372945785522461,-2.438316822052002,-0.9244940876960754,-0.7623246312141418,1.5656440258026123,5.046779632568359,1.0256755352020264,0.8737881183624268,6.621627330780029,2.3838768005371094,1.4318889379501343,4.222975730895996,-4.656630516052246,2.7213871479034424,-21.455270767211914,-15.73779010772705
1.384,0.0,0.0,0.0,2.9232566356658936,0.5052573084831238,-0.44615960121154785,-0.15785545110702515,-0.006517152301967144,-0.9874407052993774,0.800000011920929,0.0,0.0,0.0,-0.07483064383268356,-0.03725812956690788,-0.5947648882865906,0.55683833360672,0.16945596039295197,0.19015884399414062,-0.42522311210632324,-0.7340678572654724,-0.6917797923088074,-0.771263599395752,2.13688325881958,2.2852656841278076,-2.3679986000061035,-2.4417901039123535,-0.611839234828949,-2.7099616527557373,-7.096226692199707,2.4965407848358154,7.406296253204346,0.9509161114692688,0.30737900733947754,7.658161163330078,-23.201129913330078,0.8189477920532227,7.865834712982178,4.6255598068237305,-22.250707626342773,-32.70915222167969,-0.1792244017124176,-0.1101875975728035,-1.7311875820159912,0.6442948579788208,0.030806314200162888,-0.30287885665893555,0.14402978122234344,0.30684974789619446,0.9420523047447205,1.1969375610351562,0.8032733201980591,0.45831120014190674,-1.346583604812622,-0.9788317680358887,4.718999862670898,0.047295376658439636,0.3052436411380768,-1.7506415843963623,0.538591742515564,0.04452001675963402,-0.8031963109970093,0.710200846195221,-0.26027414202690125,0.8580172657966614,1.511885643005371,0.8609278202056885,0.8442249298095703,-1.2759697437286377,-0.8477562665939331,0.011996297165751457,0.13225123286247253,-0.8707976937294006,0.27767279744148254,0.4309006929397583,0.03385889530181885,-0.36920616030693054,-0.8019908666610718,-0.8356669545173645,-0.5322880744934082,2.102177619934082,2.0831308364868164,-2.3625569343566895,-2.154512405395508,-0.07483064383268356,-0.03725812956690788,-0.5947648882865906,0.55683833360672,0.16945596039295197,0.19015884399414062,-0.42522311210632324,-0.7340678572654724,-0.6917797923088074,-0.771263599395752,2.13688325881958,2.2852656841278076,-2.3679986000061035,-2.4417901039123535,-0.611839234828949,-2.7099616527557373,-7.096226692199707,2.4965407848358154,7.406296253204346,0.9509161114692688,0.30737900733947754,7.658161163330078,-23.201129913330078,0.8189477920532227,7.865834712982178,4.6255598068237305,-22.250707626342773,-32.70915222167969
1.4020000000000001,0.0,0.0,0.0,0.00925951823592186,0.35609784722328186,-2.1810874938964844,-0.1513998657464981,-0.03689871355891228,-0.987783670425415,0.800000011920929,0.0,0.0,0.0,-0.08183571696281433,-0.07090068608522415,-0.7181621789932251,0.45569315552711487,0.29194414615631104,0.16526593267917633,-0.4844762980937958,-0.6719092130661011,-0.8055407404899597,-0.610651433467865,2.1569602489471436,2.145062208175659,-2.3758935928344727,-2.3368732929229736,5.218859672546387,4.23241662979126,-8.14567756652832,-3.4433772563934326,11.189630508422852,-10.090439796447754,-1.6581746339797974,-12.725768089294434,-24.53046226501465,26.74285125732422,-2.3257248401641846,9.316893577575684,24.709964752197266,12.763644218444824,0.047295376658439636,0.3052436411380768,-1.7506415843963623,0.538591742515564,0.04452001675963402,-0.8031963109970093,0.710200846195221,-0.26027414202690125,0.8580172657966614,1.511885643005371,0.8609278202056885,0.8442249298095703,-1.2759697437286377,-0.8477562665939331,4.698999881744385,-0.8853957653045654,0.11439049243927002,-1.1964335441589355,1.0108345746994019,-1.0109254121780396,-0.09471647441387177,0.49063873291015625,-0.08399895578622818,0.830463707447052,1.493942379951477,0.957364022731781,1.0027377605438232,-1.0986748933792114,-0.6462411284446716,-0.3972284495830536,0.06470084190368652,-0.6254748702049255,0.4826428294181824,-0.04264635965228081,0.3299434781074524,-0.4444231390953064,-0.746288537979126,-0.8542979955673218,-0.5253947377204895,2.1494314670562744,2.16794490814209,-2.280369281768799,-2.055969715118408,-0.08183571696281433,-0.07090068608522415,-0.7181621789932251,0.45569315552711487,0.29194414615631104,0.16526593267917633,-0.4844762980937958,-0.6719092130661011,-0.8055407404899597,-0.610651433467865,2.1569602489471436,2.145062208175659,-2.3758935928344727,-2.3368732929229736,5.218859672546387,4.23241662979126,-8.14567756652832,-3.4433772563934326,11.189630508422852,-10.090439796447754,-1.6581746339797974,-12.725768089294434,-24.53046226501465,26.74285125732422,-2.3257248401641846,9.316893577575684,24.709964752197266,12.763644218444824
1.423,0.0,0.0,0.0,-0.04515598714351654,-0.2851855158805847,0.5508058667182922,-0.15388500690460205,-0.03292304277420044,-0.9875401258468628,0.800000011920929,0.0,0.0,0.0,-0.014377325773239136,-0.013622444123029709,-0.8043242692947388,0.4320771098136902,0.34388288855552673,0.1433938592672348,-0.46768906712532043,-0.7533854246139526,-0.7910107970237732,-0.6293283700942993,2.1343212127685547,2.199157238006592,-2.3275015354156494,-2.2543253898620605,-2.629395008087158,-2.5289618968963623,1.403760552406311,5.977543354034424,-6.034080982208252,4.735970973968506,-8.247628211975098,-5.629870891571045,12.994949340820312,-7.498034477233887,4.74694299697876,8.248360633850098,25.101423263549805,10.792654991149902,-0.8853957653045654,0.11439049243927002,-1.1964335441589355,1.0108345746994019,-1.0109254121780396,-0.09471647441387177,0.49063873291015625,-0.08399895578622818,0.830463707447052,1.493942379951477,0.957364022731781,1.0027377605438232,-1.0986748933792114,-0.6462411284446716,4.678999900817871,0.2724373936653137,0.24801452457904816,-0.8681899905204773,0.6377489566802979,0.30577605962753296,-0.44413578510284424,0.7090305089950562,-0.07410735636949539,1.290879487991333,1.0669416189193726,0.7041006684303284,1.406492829322815,-1.3759413957595825,-0.9599562883377075,0.08287397772073746,0.1180766150355339,-0.453233003616333,0.3352513313293457,0.5025146007537842,0.20231322944164276,-0.35366857051849365,-0.7362671494483948,-0.6489740014076233,-0.7168557047843933,2.0401885509490967,2.3581161499023438,-2.3969204425811768,-2.1872870922088623,-0.014377325773239136,-0.013622444123029709,-0.8043242692947388,0.4320771098136902,0.34388288855552673,0.1433938592672348,-0.46768906712532043,-0.7533854246139526,-0.7910107970237732,-0.6293283700942993,2.1343212127685547,2.199157238006592,-2.3275015354156494,-2.2543253898620605,-2.629395008087158,-2.5289618968963623,1.403760552406311,5.977543354034424,-6.034080982208252,4.735970973968506,-8.247628211975098,-5.629870891571045,12.994949340820312,-7.498034477233887,4.74694299697876,8.248360633850098,25.101423263549805,10.792654991149902
1.443,0.0,0.0,0.0,-2.4932503700256348,-0.5097230672836304,-1.1800485849380493,-0.16025762259960175,-0.004762795753777027,-0.9870637059211731,0.800000011920929,0.0,0.0,0.0,-0.11630778014659882,-0.016432130709290504,-0.7144697904586792,0.4749873876571655,0.24939104914665222,0.19896014034748077,-0.4594884216785431,-0.742946207523346,-0.727728009223938,-0.6638391613960266,2.109528064727783,2.2574517726898193,-2.4457926750183105,-2.336629867553711,-0.4762166738510132,6.466257095336914,11.063490867614746,2.520132303237915,-6.787997722625732,4.8025641441345215,12.348387718200684,2.500563144683838,25.065067291259766,-23.269285202026367,-12.672394752502441,11.503646850585938,-33.70387268066406,-29.291597366333008,0.2724373936653137,0.24801452457904816,-0.8681899905204773,0.6377489566802979,0.30577605962753296,-0.44413578510284424,0.7090305089950562,-0.07410735636949539,1.290879487991333,1.0669416189193726,0.7041006684303284,1.406492829322815,-1.3759413957595825,-0.9599562883377075,4.658999919891357,-0.39711445569992065,-0.5070375800132751,-1.0780518054962158,1.575950026512146,0.09238177537918091,-0.6978788375854492,-0.0939556434750557,-0.1822488009929657,1.1965194940567017,1.0310008525848389,0.37998098134994507,0.5138717889785767,-0.6811575293540955,-0.6050913333892822,-0.17041410505771637,-0.2163592427968979,-0.5304465889930725,0.7427026033401489,0.46100324392318726,0.07536584138870239,-0.705936849117279,-0.783928632736206,-0.6709036231040955,-0.7521751523017883,1.8834102153778076,1.9754538536071777,-2.0959229469299316,-2.0407297611236572,-0.11630778014659882,-0.016432130709290504,-0.7144697904586792,0.4749873876571655,0.24939104914665222,0.19896014034748077,-0.4594884216785431,-0.742946207523346,-0.727728009223938,-0.6638391613960266,2.109528064727783,2.2574517726898193,-2.4457926750183105,-2.336629867553711,-0.4762166738510132,6.466257095336914,11.063490867614746,2.520132303237915,-6.787997722625732,4.8025641441345215,12.348387718200684,2.500563144683838,25.065067291259766,-23.269285202026367,-12.672394752502441,11.503646850585938,-33.70387268066406,-29.291597366333008
1.462,0.0,0.0,0.0,0.8680958151817322,1.3588290214538574,0.18123480677604675,-0.15354305505752563,-0.00511273043230176,-0.9881287217140198,0.800000011920929,0.0,0.0,0.0,-0.06877554208040237,0.06673090904951096,-0.657595157623291,0.40406566858291626,0.2801821231842041,0.1716427356004715,-0.41843700408935547,-0.7601572871208191,-0.7460291385650635,-0.7099227905273438,2.0681886672973633,2.2523908615112305,-2.418332099914551,-2.1164627075195312,-3.6095638275146484,-5.372984886169434,-0.9733652472496033,-6.724936008453369,0.04524491727352142,-4.983467102050781,-6.482825756072998,-5.139134883880615,-2.751666784286499,-2.3694345951080322,0.393306165933609,-8.940374374389648,11.259261131286621,32.618919372558594,-0.39711445569992065,-0.5070375800132751,-1.0780518054962158,1.575950026512146,0.09238177537918091,-0.6978788375854492,-0.0939556434750557,-0.1822488009929657,1.1965194940567017,1.0310008525848389,0.37998098134994507,0.5138717889785767,-0.6811575293540955,-0.6050913333892822,4.638999938964844,0.06381098926067352,-0.05397287383675575,-0.9082132577896118,0.46938782930374146,-0.16952025890350342,-0.37338292598724365,0.8691877722740173,-0.20787525177001953,1.2198927402496338,1.1331791877746582,0.8152658939361572,1.3552354574203491,-1.114380955696106,-0.9350796341896057,0.01167353242635727,-0.04592371731996536,-0.4617406129837036,0.28549477458000183,0.33899620175361633,0.20869426429271698,-0.3077491521835327,-0.8002266883850098,-0.6625785827636719,-0.7097269296646118,2.063610553741455,2.3158011436462402,-2.2607736587524414,-2.1745686531066895,-0.06877554208040237,0.06673090904951096,-0.657595157623291,0.40406566858291626,0.2801821231842041,0.1716427356004715,-0.41843700408935547,-0.7601572871208191,-0.7460291385650635,-0.7099227905273438,2.0681886672973633,2.2523908615112305,-2.418332099914551,-2.1164627075195312,-3.6095638275146484,-5.372984886169434,-0.9733652472496033,-6.724936008453369,0.04524491727352142,-4.983467102050781,-6.482825756072998,-5.139134883880615,-2.751666784286499,-2.3694345951080322,0.393306165933609,-8.940374374389648,11.259261131286621,32.618919372558594
1.482,0.0,0.0,0.0,-0.8598787784576416,0.23157592117786407,-0.0332324244081974,-0.14194071292877197,-0.007139021530747414,-0.9898493885993958,0.800000011920929,0.0,0.0,0.0,-0.08446737378835678,-0.020857740193605423,-0.6451791524887085,0.4069475829601288,0.2612634003162384,0.09564120322465897,-0.48100578784942627,-0.7543095946311951,-0.7312068939208984,-0.6984488368034363,2.0722739696502686,2.2351956367492676,-2.390951633453369,-2.2508885860443115,2.558574914932251,2.6155850887298584,3.426034450531006,6.070298671722412,0.06348152458667755,-1.7742831707000732,2.4335968494415283,-0.4420163631439209,0.6891592741012573,12.210084915161133,5.353264808654785,12.624985694885254,-25.082775115966797,-29.221391677856445,0.06381098926067352,-0.05397287383675575,-0.9082132577896118,0.46938782930374146,-0.16952025890350342,-0.37338292598724365,0.8691877722740173,-0.20787525177001953,1.2198927402496338,1.1331791877746582,0.8152658939361572,1.3552354574203491,-1.114380955696106,-0.9350796341896057,4.61899995803833,-0.08595007658004761,-0.28536340594291687,-1.7282373905181885,0.8521808981895447,0.2137029618024826,0.01739799603819847,0.5243149399757385,0.14131034910678864,1.0194334983825684,1.0335732698440552,0.885497510433197,0.6116002798080444,-1.3707480430603027,-0.8013730645179749,-0.03751017898321152,-0.13300590217113495,-0.8238808512687683,0.4120308756828308,0.49924594163894653,0.3978785276412964,-0.42312315106391907,-0.6447229981422424,-0.7519527673721313,-0.7503046989440918,2.113234758377075,2.015200138092041,-2.3926239013671875,-2.1277847290039062,-0.08446737378835678,-0.020857740193605423,-0.6451791524887085,0.4069475829601288,0.2612634003162384,0.09564120322465897,-0.48100578784942627,-0.7543095946311951,-0.7312068939208984,-0.6984488368034363,2.0722739696502686,2.2351956367492676,-2.390951633453369,-2.2508885860443115,2.558574914932251,2.6155850887298584,3.426034450531006,6.070298671722412,0.06348152458667755,-1.7742831707000732,2.4335968494415283,-0.4420163631439209,0.6891592741012573,12.210084915161133,5.353264808654785,12.624985694885254,-25.082775115966797,-29.221391677856445
1.5030000000000001,0.0,0.0,0.0,0.414446622133255,-0.0911727100610733,-0.05699576437473297,-0.14225704967975616,-0.015888428315520287,-0.9897022247314453,0.800000011920929,0.0,0.0,0.0,-0.06980987638235092,-0.0247796643525362,-0.6171718835830688,0.3724975883960724,0.3047775626182556,0.1607774943113327,-0.45710572600364685,-0.7603655457496643,-0.8070430755615234,-0.7714572548866272,2.092292308807373,2.213494062423706,-2.4341702461242676,-2.122990131378174,-2.893904685974121,-4.568874359130859,-6.610562801361084,-4.938731670379639,11.540054321289062,11.652470588684082,-3.5956459045410156,6.599841117858887,-29.570764541625977,-23.99269676208496,13.530293464660645,-13.651768684387207,-21.134939193725586,15.857328414916992,-0.08595007658004761,-0.28536340594291687,-1.7282373905181885,0.8521808981895447,0.2137029618024826,0.01739799603819847,0.5243149399757385,0.14131034910678864,1.0194334983825684,1.0335732698440552,0.885497510433197,0.6116002798080444,-1.3707480430603027,-0.8013730645179749,4.598999977111816,0.04013749957084656,0.12663710117340088,-1.4803005456924438,1.0680972337722778,-0.39962106943130493,-0.737795889377594,0.4768238961696625,-0.26071351766586304,0.8647940754890442,1.059171438217163,1.0023257732391357,1.22323477268219,-1.188610553741455,-0.8241094350814819,0.014310856349766254,0.04368610307574272,-0.7485233545303345,0.5218468308448792,0.23927511274814606,0.07695969939231873,-0.45603153109550476,-0.8100833892822266,-0.8304779529571533,-0.7428432703018188,2.1707699298858643,2.260375499725342,-2.3238470554351807,-2.1333377361297607,-0.06980987638235092,-0.0247796643525362,-0.6171718835830688,0.3724975883960724,0.3047775626182556,0.1607774943113327,-0.45710572600364685,-0.7603655457496643,-0.8070430755615234,-0.7714572548866272,2.092292308807373,2.213494062423706,-2.4341702461242676,-2.122990131378174,-2.893904685974121,-4.568874359130859,-6.610562801361084,-4.938731670379639,11.540054321289062,11.652470588684082,-3.5956459045410156,6.599841117858887,-29.570764541625977,-23.99269676208496,13.530293464660645,-13.651768684387207,-21.134939193725586,15.857328414916992
1.525,0.0,0.0,0.0,-1.091427206993103,0.6591902375221252,-0.1500222235918045,-0.1361650973558426,0.027771208435297012,-0.9902968406677246,0.800000011920929,0.0,0.0,0.0,-0.04795130714774132,-0.06646222621202469,-0.6612736582756042,0.40856271982192993,0.3361048102378845,0.23466837406158447,-0.49331334233283997,-0.7209360003471375,-0.8580188751220703,-0.7161695957183838,2.149101495742798,2.2076849937438965,-2.291388750076294,-2.1994879245758057,12.363341331481934,8.673601150512695,5.78787899017334,18.42823600769043,0.802647054195404,-4.837950229644775,-7.15294885635376,-9.086335182189941,-18.134267807006836,20.526880264282227,7.972871780395508,16.995031356811523,16.51848030090332,-4.372466564178467,0.04013749957084656,0.12663710117340088,-1.4803005456924438,1.0680972337722778,-0.39962106943130493,-0.737795889377594,0.4768238961696625,-0.26071351766586304,0.8647940754890442,1.059171438217163,1.0023257732391357,1.22323477268219,-1.188610553741455,-0.8241094350814819,4.578000068664551,-0.753764271736145,-0.006870818790048361,-1.5244215726852417,0.3384094536304474,-0.5433439016342163,-0.03753802925348282,0.9019250273704529,-0.000728413462638855,1.0417066812515259,1.2051944732666016,0.7337794899940491,0.7958776950836182,-0.9710177183151245,-0.8277205228805542,-0.33776283264160156,0.001276741735637188,-0.7608420252799988,0.20446893572807312,0.14860275387763977,0.3599838316440582,-0.26802685856819153,-0.7096260190010071,-0.758719801902771,-0.6763867735862732,2.055677652359009,2.0925824642181396,-2.219052791595459,-2.1355180740356445,0.019155751913785934,-0.025906788185238838,-0.6537289619445801,0.4851030707359314,0.2953382432460785,0.23346106708049774,-0.5027042031288147,-0.7661260962486267,-0.8411979079246521,-0.7337537407875061,2.1818442344665527,2.248384475708008,-2.2986528873443604,-2.1784775257110596,0.8452011942863464,-0.007516886107623577,-3.0473861694335938,-1.3371974229812622,-0.32459113001823425,-3.2702298164367676,2.623436450958252,-0.4468308389186859,-6.918573379516602,7.8040642738342285,-1.2829265594482422,-2.4924182891845703,-4.250344753265381,-1.3277076482772827
1.542,0.0,0.0,0.0,3.83254075050354,-0.3479566276073456,-0.4649583399295807,-0.13254369795322418,-0.009158351458609104,-0.9911348223686218,0.800000011920929,0.0,0.0,0.0,0.012782296165823936,-0.038023222237825394,-0.6771284341812134,0.4592446982860565,0.26157084107398987,0.21453988552093506,-0.4800451397895813,-0.7537615895271301,-0.7983920574188232,-0.6669818162918091,2.1467294692993164,2.198828935623169,-2.2772881984710693,-2.1593306064605713,-3.2446529865264893,-5.627740859985352,-2.0359585285186768,-8.553942680358887,-9.877224922180176,-0.716183066368103,3.251420021057129,8.554980278015137,19.569379806518555,13.910120010375977,-13.797425270080566,-13.807845115661621,28.113529205322266,-6.558177947998047,-0.753764271736145,-0.006870818790048361,-1.5244215726852417,0.3384094536304474,-0.5433439016342163,-0.03753802925348282,0.9019250273704529,-0.000728413462638855,1.0417066812515259,1.2051944732666016,0.7337794899940491,0.7958776950836182,-0.9710177183151245,-0.8277205228805542,4.559000015258789,-0.34908950328826904,0.39797091484069824,-0.9643491506576538,0.9361723065376282,0.32370325922966003,-0.4884198307991028,0.18420077860355377,-0.4032409191131592,1.167933702468872,1.2391399145126343,0.9120450615882874,0.8254730105400085,-1.2528927326202393,-0.9228951930999756,-0.19086655974388123,0.17921458184719086,-0.5100412964820862,0.44172441959381104,0.5297067165374756,0.1853894591331482,-0.5722022652626038,-0.8807109594345093,-0.6947418451309204,-0.6544657349586487,2.1243879795074463,2.089121103286743,-2.335416793823242,-2.1785647869110107,0.012782296165823936,-0.038023222237825394,-0.6771284341812134,0.4592446982860565,0.26157084107398987,0.21453988552093506,-0.4800451397895813,-0.7537615895271301,-0.7983920574188232,-0.6669818162918091,2.1467294692993164,2.198828935623169,-2.2772881984710693,-2.1593306064605713,-3.2446529865264893,-5.627740859985352,-2.0359585285186768,-8.553942680358887,-9.877224922180176,-0.716183066368103,3.251420021057129,8.554980278015137,19.569379806518555,13.910120010375977,-13.797425270080566,-13.807845115661621,28.113529205322266,-6.558177947998047
1.563,0.0,0.0,0.0,-2.2002065181732178,-0.22091202437877655,-0.34205150604248047,-0.13710881769657135,0.00827036239206791,-0.9905214905738831,0.800000011920929,0.0,0.0,0.0,-0.0504746213555336,-0.07541832327842712,-0.7585262656211853,0.42479807138442993,0.20913052558898926,0.2577672004699707,-0.38430455327033997,-0.7197261452674866,-0.7347701787948608,-0.6535875201225281,2.0950496196746826,2.2093043327331543,-2.411653995513916,-2.2473502159118652,8.956460952758789,6.933754920959473,4.590142250061035,14.918634414672852,-3.7325167655944824,-5.371397018432617,-5.229259014129639,-2.2779886722564697,16.19635009765625,10.316015243530273,15.811004638671875,6.542365550994873,-24.268606185913086,-20.35072135925293,-0.34908950328826904,0.39797091484069824,-0.9643491506576538,0.9361723065376282,0.32370325922966003,-0.4884198307991028,0.18420077860355377,-0.4032409191131592,1.167933702468872,1.2391399145126343,0.9120450615882874,0.8254730105400085,-1.2528927326202393,-0.9228951930999756,4.539000034332275,-0.4643089175224304,-0.6061847805976868,-1.5324628353118896,0.9778658747673035,-0.15731734037399292,0.15185290575027466,1.1393916606903076,-0.003533273935317993,0.7495238184928894,0.9307551980018616,0.652509331703186,0.5727471709251404,-1.8054274320602417,-0.9112000465393066,-0.2280256599187851,-0.2548616826534271,-0.7406123876571655,0.48421207070350647,0.3513578772544861,0.4560527503490448,-0.17278394103050232,-0.7179509997367859,-0.8766283988952637,-0.7910467386245728,2.01446795463562,1.975048303604126,-2.595694065093994,-2.1776063442230225,-0.0504746213555336,-0.07541832327842712,-0.7585262656211853,0.42479807138442993,0.20913052558898926,0.2577672004699707,-0.38430455327033997,-0.7197261452674866,-0.7347701787948608,-0.6535875201225281,2.0950496196746826,2.2093043327331543,-2.411653995513916,-2.2473502159118652,8.956460952758789,6.933754920959473,4.590142250061035,14.918634414672852,-3.7325167655944824,-5.371397018432617,-5.229259014129639,-2.2779886722564697,16.19635009765625,10.316015243530273,15.811004638671875,6.542365550994873,-24.268606185913086,-20.35072135925293
1.584,0.0,0.0,0.0,2.318026065826416,0.1672426015138626,0.11068201810121536,-0.14157509803771973,-0.0077457670122385025,-0.9898971915245056,0.800000011920929,0.0,0.0,0.0,-0.016250519081950188,-0.025547999888658524,-0.6702011227607727,0.45317351818084717,0.25835278630256653,0.25077053904533386,-0.43448492884635925,-0.7508599162101746,-0.844310462474823,-0.729926347732544,2.121182918548584,2.1915032863616943,-2.34372615814209,-2.2367420196533203,-6.731174945831299,-5.976787567138672,-2.7142841815948486,-4.41500186920166,3.4982895851135254,10.20814323425293,4.757701396942139,2.8924190998077393,-23.878374099731445,-27.837406158447266,-1.749856948852539,-3.0673811435699463,-16.3095760345459,2.6125543117523193,-0.4643089175224304,-0.6061847805976868,-1.5324628353118896,0.9778658747673035,-0.15731734037399292,0.15185290575027466,1.1393916606903076,-0.003533273935317993,0.7495238184928894,0.9307551980018616,0.652509331703186,0.5727471709251404,-1.8054274320602417,-0.9112000465393066,4.519000053405762,0.4766746163368225,0.21054019033908844,-1.6176103353500366,0.884268581867218,0.005506254732608795,-0.6767865419387817,0.23235586285591125,-0.21429061889648438,0.8802533745765686,0.917155921459198,1.291238784790039,1.294754981994629,-1.4676724672317505,-1.0702507495880127,0.1917010098695755,0.06925690919160843,-0.8019858598709106,0.4463420510292053,0.40679359436035156,0.11023132503032684,-0.5410082340240479,-0.7965158224105835,-0.8359888195991516,-0.810824453830719,2.2909042835235596,2.2885446548461914,-2.4697318077087402,-2.2490832805633545,-0.016250519081950188,-0.025547999888658524,-0.6702011227607727,0.45317351818084717,0.25835278630256653,0.25077053904533386,-0.43448492884635925,-0.7508599162101746,-0.844310462474823,-0.729926347732544,2.121182918548584,2.1915032863616943,-2.34372615814209,-2.2367420196533203,-6.731174945831299,-5.976787567138672,-2.7142841815948486,-4.41500186920166,3.4982895851135254,10.20814323425293,4.757701396942139,2.8924190998077393,-23.878374099731445,-27.837406158447266,-1.749856948852539,-3.0673811435699463,-16.3095760345459,2.6125543117523193
1.6019999999999999,0.0,0.0,0.0,-3.431870460510254,-0.1552533358335495,-1.2705590724945068,-0.14475423097610474,0.007316551636904478,-0.9894405603408813,0.800000011920929,0.0,0.0,0.0,-0.09810131788253784,-0.1095719039440155,-0.7026895880699158,0.44316428899765015,0.23695990443229675,0.3014763593673706,-0.35526835918426514,-0.7162660956382751,-0.8320526480674744,-0.7477836608886719,2.0563342571258545,2.222381353378296,-2.443845510482788,-2.3489818572998047,2.553116798400879,1.5938546657562256,-6.56503438949585,5.042853355407715,-2.6279971599578857,-3.5504133701324463,-8.41685962677002,-7.202929496765137,20.43057632446289,7.605858325958252,13.570327758789062,18.93280029296875,28.413984298706055,-22.270395278930664,0.4766746163368225,0.21054019033908844,-1.6176103353500366,0.884268581867218,0.005506254732608795,-0.6767865419387817,0.23235586285591125,-0.21429061889648438,0.8802533745765686,0.917155921459198,1.291238784790039,1.294754981994629,-1.4676724672317505,-1.0702507495880127,4.499000072479248,-0.5376498103141785,-0.2591371536254883,-1.28343665599823,0.9299284219741821,-0.3650296926498413,0.07480289041996002,0.49700337648391724,0.29517751932144165,1.2918180227279663,1.2611002922058105,0.7461727261543274,0.5420196056365967,-1.426729440689087,-1.2700932025909424,-0.22277230024337769,-0.10968603193759918,-0.6577450633049011,0.46310198307037354,0.2455959916114807,0.413864403963089,-0.4587392508983612,-0.5751116871833801,-0.6467207670211792,-0.6580273509025574,2.073267936706543,1.9811631441116333,-2.438711404800415,-2.3461601734161377,-0.09810131788253784,-0.1095719039440155,-0.7026895880699158,0.44316428899765015,0.23695990443229675,0.3014763593673706,-0.35526835918426514,-0.7162660956382751,-0.8320526480674744,-0.7477836608886719,2.0563342571258545,2.222381353378296,-2.443845510482788,-2.3489818572998047,2.553116798400879,1.5938546657562256,-6.56503438949585,5.042853355407715,-2.6279971599578857,-3.5504133701324463,-8.41685962677002,-7.202929496765137,20.43057632446289,7.605858325958252,13.570327758789062,18.93280029296875,28.413984298706055,-22.270395278930664
1.623,0.0,0.0,0.0,0.8648361563682556,-0.8326926827430725,0.16353219747543335,-0.15437738597393036,0.01792198047041893,-0.9878494143486023,0.800000011920929,0.0,0.0,0.0,-0.016244450584053993,-0.030524842441082,-0.7574291825294495,0.4351861774921417,0.25861409306526184,0.24707278609275818,-0.3886522054672241,-0.7406834363937378,-0.8410375118255615,-0.6936702132225037,2.163818597793579,2.2174642086029053,-2.4158103466033936,-2.3440287113189697,-0.0623277872800827,-2.2212250232696533,4.725086212158203,-6.135279178619385,-6.302944183349609,-3.9743094444274902,6.891303539276123,11.096546173095703,15.10315990447998,24.587709426879883,-13.574625015258789,-9.928192138671875,9.12014389038086,-26.530967712402344,-0.5376498103141785,-0.2591371536254883,-1.28343665599823,0.9299284219741821,-0.3650296926498413,0.07480289041996002,0.49700337648391724,0.29517751932144165,1.2918180227279663,1.2611002922058105,0.7461727261543274,0.5420196056365967,-1.426729440689087,-1.2700932025909424,4.479000091552734,-0.16523440182209015,0.21422582864761353,-0.9502787590026855,0.7650259137153625,0.18232378363609314,0.11812824010848999,0.27429988980293274,-0.7296096086502075,1.0774956941604614,0.9830847978591919,0.9421581625938416,0.5823177695274353,-0.9816977381706238,-0.9300779700279236,-0.0966327041387558,0.08543301373720169,-0.4933999180793762,0.39057183265686035,0.4757852852344513,0.46372413635253906,-0.550728976726532,-1.0141254663467407,-0.7242389917373657,-0.7678545713424683,2.139697790145874,1.9685592651367188,-2.235344886779785,-2.2028610706329346,-0.016244450584053993,-0.030524842441082,-0.7574291825294495,0.4351861774921417,0.25861409306526184,0.24707278609275818,-0.3886522054672241,-0.7406834363937378,-0.8410375118255615,-0.6936702132225037,2.163818597793579,2.2174642086029053,-2.4158103466033936,-2.3440287113189697,-0.0623277872800827,-2.2212250232696533,4.725086212158203,-6.135279178619385,-6.302944183349609,-3.9743094444274902,6.891303539276123,11.096546173095703,15.10315990447998,24.587709426879883,-13.574625015258789,-9.928192138671875,9.12014389038086,-26.530967712402344
1.642,0.0,0.0,0.0,-0.5869418382644653,0.28396451473236084,-0.5483739972114563,-0.1559843122959137,0.0370572991669178,-0.9870641827583313,0.800000011920929,0.0,0.0,0.0,-0.010112397372722626,-0.05545901879668236,-0.7136194109916687,0.42554721236228943,0.2533116638660431,0.32105812430381775,-0.4020264744758606,-0.6784896850585938,-0.849420964717865,-0.7475380897521973,2.142317533493042,2.1566009521484375,-2.3644213676452637,-2.3422863483428955,8.534043312072754,7.0587968826293945,4.171639442443848,3.3041324615478516,8.407936096191406,10.042465209960938,-14.179389953613281,-4.740334987640381,-26.82366943359375,-24.971683502197266,12.03162670135498,-0.7117473483085632,15.548529624938965,10.368878364562988,-0.16523440182209015,0.21422582864761353,-0.9502787590026855,0.7650259137153625,0.18232378363609314,0.11812824010848999,0.27429988980293274,-0.7296096086502075,1.0774956941604614,0.9830847978591919,0.9421581625938416,0.5823177695274353,-0.9816977381706238,-0.9300779700279236,4.459000110626221,-0.2172190099954605,0.26661136746406555,-1.2184853553771973,0.7016004323959351,-0.6125068068504333,-0.7413511276245117,1.2016828060150146,-0.008869871497154236,1.0222491025924683,1.213085412979126,0.4984809458255768,1.714049220085144,-0.9440716505050659,-1.183211088180542,-0.10741182416677475,0.12851841747760773,-0.5976583957672119,0.35477739572525024,0.1411304622888565,0.08194440603256226,-0.14260560274124146,-0.7336939573287964,-0.7568517923355103,-0.675337016582489,1.9466862678527832,2.4765779972076416,-2.1980767250061035,-2.302441120147705,-0.010112397372722626,-0.05545901879668236,-0.7136194109916687,0.42554721236228943,0.2533116638660431,0.32105812430381775,-0.4020264744758606,-0.6784896850585938,-0.849420964717865,-0.7475380897521973,2.142317533493042,2.1566009521484375,-2.3644213676452637,-2.3422863483428955,8.534043312072754,7.0587968826293945,4.171639442443848,3.3041324615478516,8.407936096191406,10.042465209960938,-14.179389953613281,-4.740334987640381,-26.82366943359375,-24.971683502197266,12.03162670135498,-0.7117473483085632,15.548529624938965,10.368878364562988
1.665,0.0,0.0,0.0,-0.4068276286125183,0.262663334608078,-1.0764219760894775,-0.14818714559078217,0.010877804830670357,-0.9888995289802551,0.800000011920929,0.0,0.0,0.0,-0.0010491198627278209,-0.012407874688506126,-0.691017210483551,0.40139520168304443,0.24611249566078186,0.34384599328041077,-0.4556562602519989,-0.746482253074646,-0.8234157562255859,-0.6646128296852112,2.139324188232422,2.225180149078369,-2.3375351428985596,-2.342939615249634,-4.219283103942871,-1.319334626197815,-1.7585407495498657,-6.052778720855713,-5.682860851287842,1.4879090785980225,6.847958564758301,-3.117079734802246,13.817184448242188,-2.8030147552490234,-8.17540454864502,-0.6694650053977966,-3.243473529815674,34.72026062011719,-0.2172190099954605,0.26661136746406555,-1.2184853553771973,0.7016004323959351,-0.6125068068504333,-0.7413511276245117,1.2016828060150146,-0.008869871497154236,1.0222491025924683,1.213085412979126,0.4984809458255768,1.714049220085144,-0.9440716505050659,-1.183211088180542,4.436999797821045,-0.044644758105278015,-0.20935362577438354,-1.0742632150650024,0.6830464005470276,0.4055033028125763,-0.40393346548080444,0.36624911427497864,-0.13661354780197144,1.551445484161377,1.2229909896850586,0.8106961250305176,0.9245380163192749,-1.1851612329483032,-0.5740572810173035,-0.030831322073936462,-0.08135728538036346,-0.5431842803955078,0.34284859895706177,0.5657695531845093,0.1956043839454651,-0.4777384400367737,-0.7631354331970215,-0.5219747424125671,-0.6616277694702148,2.0678815841674805,2.1720998287200928,-2.302839994430542,-2.0382797718048096,-0.023151632398366928,-0.00427673663944006,-0.6919066309928894,0.3885768949985504,0.21916787326335907,0.3395978808403015,-0.3995550572872162,-0.7435497045516968,-0.8142931461334229,-0.6587673425674438,2.071728229522705,2.2946109771728516,-2.357490062713623,-2.324558973312378,-0.8165556192398071,1.629396677017212,0.7695242762565613,-0.9504883885383606,-3.483018398284912,-1.9269086122512817,3.1361501216888428,-0.9883176684379578,5.81343936920166,3.295712947845459,-3.9698545932769775,0.3520160913467407,-0.5351775288581848,22.68817138671875
1.683,0.0,0.0,0.0,-0.8635727167129517,0.25415897369384766,-0.7222493886947632,-0.14198701083660126,0.025996295735239983,-0.9895271062850952,0.800000011920929,0.0,0.0,0.0,-0.03040565922856331,-0.004710182547569275,-0.6865571737289429,0.3842436671257019,0.18791306018829346,0.32538920640945435,-0.3931349217891693,-0.7336649894714355,-0.7474208474159241,-0.6368985176086426,2.050307035446167,2.3383376598358154,-2.3410658836364746,-2.3563284873962402,-0.009737871587276459,-3.9875056743621826,0.04161194711923599,-3.329724073410034,-5.333666801452637,-3.092869520187378,-3.57765793800354,-0.9681057333946228,10.748493194580078,4.668454647064209,-0.3313801884651184,1.248528003692627,7.306429386138916,16.60026741027832,-0.044644758105278015,-0.20935362577438354,-1.0742632150650024,0.6830464005470276,0.4055033028125763,-0.40393346548080444,0.36624911427497864,-0.13661354780197144,1.551445484161377,1.2229909896850586,0.8106961250305176,0.9245380163192749,-1.1851612329483032,-0.5740572810173035,4.419000148773193,0.047501467168331146,-0.20983454585075378,-0.7982698082923889,0.6912104487419128,0.08947333693504333,-0.16812707483768463,1.2260894775390625,-0.49307090044021606,1.2996797561645508,1.0158799886703491,0.8756839036941528,1.4475890398025513,-1.3823078870773315,-1.1082717180252075,0.01829252764582634,-0.10256127268075943,-0.4135398268699646,0.34532955288887024,0.46601995825767517,0.3130832314491272,-0.12432355433702469,-0.9264853596687317,-0.6117815375328064,-0.7534567713737488,2.109245777130127,2.3770251274108887,-2.4020326137542725,-2.252260208129883,-0.03040565922856331,-0.004710182547569275,-0.6865571737289429,0.3842436671257019,0.18791306018829346,0.32538920640945435,-0.3931349217891693,-0.7336649894714355,-0.7474208474159241,-0.6368985176086426,2.050307035446167,2.3383376598358154,-2.3410658836364746,-2.3563284873962402,-0.009737871587276459,-3.9875056743621826,0.04161194711923599,-3.329724073410034,-5.333666801452637,-3.092869520187378,-3.57765793800354,-0.9681057333946228,10.748493194580078,4.668454647064209,-0.3313801884651184,1.248528003692627,7.306429386138916,16.60026741027832
1.702,0.0,0.0,0.0,-0.5657262206077576,-0.44495677947998047,-0.7901584506034851,-0.1425364464521408,0.040719155222177505,-0.9889516234397888,0.800000011920929,0.0,0.0,0.0,0.029327571392059326,-0.03013402782380581,-0.6356194019317627,0.3684319257736206,0.20033389329910278,0.35867640376091003,-0.42239415645599365,-0.73785001039505,-0.7894718050956726,-0.727478563785553,2.1060397624969482,2.323666572570801,-2.50614070892334,-2.300820827484131,4.809202194213867,-0.9537180662155151,6.991553783416748,7.842983722686768,2.4700613021850586,8.719354629516602,4.393825054168701,-5.488306522369385,-22.65633773803711,-24.18048667907715,-0.17182885110378265,21.38738441467285,-22.046932220458984,-36.91754913330078,0.047501467168331146,-0.20983454585075378,-0.7982698082923889,0.6912104487419128,0.08947333693504333,-0.16812707483768463,1.2260894775390625,-0.49307090044021606,1.2996797561645508,1.0158799886703491,0.8756839036941528,1.4475890398025513,-1.3823078870773315,-1.1082717180252075,4.39900016784668,-0.47026526927948,-0.1476338803768158,-1.7567120790481567,1.2276145219802856,0.12517762184143066,-0.6299769878387451,-0.09018898755311966,0.6710469722747803,0.9338518977165222,0.9928948879241943,0.5321012735366821,0.7135059833526611,-0.7942097187042236,-0.7941570281982422,-0.20979011058807373,-0.07669137418270111,-0.831874430179596,0.5869594812393188,0.47211194038391113,0.11699867248535156,-0.681307315826416,-0.4189673662185669,-0.7853847742080688,-0.7729829549789429,1.9587701559066772,2.0671801567077637,-2.1473073959350586,-2.1323065757751465,0.029327571392059326,-0.03013402782380581,-0.6356194019317627,0.3684319257736206,0.20033389329910278,0.35867640376091003,-0.42239415645599365,-0.73785001039505,-0.7894718050956726,-0.727478563785553,2.1060397624969482,2.323666572570801,-2.50614070892334,-2.300820827484131,4.809202194213867,-0.9537180662155151,6.991553783416748,7.842983722686768,2.4700613021850586,8.719354629516602,4.393825054168701,-5.488306522369385,-22.65633773803711,-24.18048667907715,-0.17182885110378265,21.38738441467285,-22.046932220458984,-36.91754913330078
1.7229999999999999,0.0,0.0,0.0,-0.2075720876455307,0.565326452255249,-0.6354280710220337,-0.1456904113292694,0.04011548310518265,-0.9885165691375732,0.800000011920929,0.0,0.0,0.0,0.03316241875290871,-0.07813387364149094,-0.5634104609489441,0.350892573595047,0.23488391935825348,0.3716199994087219,-0.3393123149871826,-0.8259785175323486,-0.83254474401474,-0.7144800424575806,2.066671848297119,2.3216943740844727,-2.444110155105591,-2.126624822616577,-4.32973051071167,-2.0885653495788574,-0.5795649886131287,-3.6500942707061768,9.522438049316406,-4.432642459869385,1.3679989576339722,1.9936918020248413,-24.954421997070312,5.5601325035095215,-2.058898448944092,-16.71780776977539,2.404499053955078,26.745771408081055,-0.47026526927948,-0.1476338803768158,-1.7567120790481567,1.2276145219802856,0.12517762184143066,-0.6299769878387451,-0.09018898755311966,0.6710469722747803,0.9338518977165222,0.9928948879241943,0.5321012735366821,0.7135059833526611,-0.7942097187042236,-0.7941570281982422,4.379000186920166,-0.25610291957855225,0.13398092985153198,-1.2787519693374634,0.7401846647262573,-0.6953296065330505,-0.3463900685310364,0.45249801874160767,-0.4593350291252136,1.0608775615692139,1.3165911436080933,0.9700636863708496,1.6166871786117554,-1.2410690784454346,-1.034061312675476,-0.13622532784938812,0.05262228101491928,-0.6586258411407471,0.3917790353298187,0.103492870926857,0.22500433027744293,-0.4927965998649597,-0.8768875002861023,-0.7455835938453674,-0.6292722821235657,2.14080548286438,2.442627191543579,-2.3229217529296875,-2.2282681465148926,0.03316241875290871,-0.07813387364149094,-0.5634104609489441,0.350892573595047,0.23488391935825348,0.3716199994087219,-0.3393123149871826,-0.8259785175323486,-0.83254474401474,-0.7144800424575806,2.066671848297119,2.3216943740844727,-2.444110155105591,-2.126624822616577,-4.32973051071167,-2.0885653495788574,-0.5795649886131287,-3.6500942707061768,9.522438049316406,-4.432642459869385,1.3679989576339722,1.9936918020248413,-24.954421997070312,5.5601325035095215,-2.058898448944092,-16.71780776977539,2.404499053955078,26.745771408081055
1.7429999999999999,0.0,0.0,0.0,2.267167329788208,-0.8440528512001038,-1.3014044761657715,-0.15203993022441864,0.016136493533849716,-0.9882426261901855,0.800000011920929,0.0,0.0,0.0,-0.001174591830931604,-0.09837111830711365,-0.5791923403739929,0.40948379039764404,0.2448664754629135,0.2877267301082611,-0.3964904248714447,-0.7095674872398376,-0.785247802734375,-0.6650239825248718,2.1218478679656982,2.2476556301116943,-2.4437625408172607,-2.2905945777893066,1.3818055391311646,4.252453804016113,-1.2362127304077148,6.227447509765625,-6.523612022399902,-6.265436172485352,1.1156055927276611,0.7582103610038757,16.307191848754883,25.479713439941406,8.211607933044434,12.944869995117188,-25.678054809570312,-22.213897705078125,-0.25610291957855225,0.13398092985153198,-1.2787519693374634,0.7401846647262573,-0.6953296065330505,-0.3463900685310364,0.45249801874160767,-0.4593350291252136,1.0608775615692139,1.3165911436080933,0.9700636863708496,1.6166871786117554,-1.2410690784454346,-1.034061312675476,4.359000205993652,-0.7780006527900696,-0.5646559000015259,-1.2026875019073486,1.0285953283309937,0.10751964151859283,-0.35485315322875977,0.4641944468021393,0.00697137787938118,0.7717506289482117,1.1434400081634521,0.918951690196991,0.08837786316871643,-1.457276701927185,-0.7764858603477478,-0.3637228012084961,-0.24883291125297546,-0.6070719361305237,0.5020458102226257,0.427913099527359,0.23199650645256042,-0.4686821401119232,-0.7128415703773499,-0.8717105388641357,-0.6928192377090454,2.1360087394714355,1.7924327850341797,-2.437776565551758,-2.121955394744873,-0.001174591830931604,-0.09837111830711365,-0.5791923403739929,0.40948379039764404,0.2448664754629135,0.2877267301082611,-0.3964904248714447,-0.7095674872398376,-0.785247802734375,-0.6650239825248718,2.1218478679656982,2.2476556301116943,-2.4437625408172607,-2.2905945777893066,1.3818055391311646,4.252453804016113,-1.2362127304077148,6.227447509765625,-6.523612022399902,-6.265436172485352,1.1156055927276611,0.7582103610038757,16.307191848754883,25.479713439941406,8.211607933044434,12.944869995117188,-25.678054809570312,-22.213897705078125
1.762,0.0,0.0,0.0,2.080260753631592,0.07682575285434723,-0.27820611000061035,-0.16232112050056458,-0.03190403804183006,-0.9862220883369446,0.800000011920929,0.0,0.0,0.0,-0.05483735352754593,-0.057605523616075516,-0.6016342043876648,0.40645697712898254,0.23092405498027802,0.29898616671562195,-0.402547150850296,-0.7485674619674683,-0.844616711139679,-0.7123238444328308,2.1368613243103027,2.290476083755493,-2.410005807876587,-2.0960018634796143,-6.674400329589844,-0.38717660307884216,2.3657538890838623,-1.6810566186904907,8.046424865722656,8.090672492980957,4.372682094573975,5.096372127532959,-28.013410568237305,-30.276859283447266,-1.8395782709121704,-14.598959922790527,-28.382863998413086,27.406036376953125,-0.7780006527900696,-0.5646559000015259,-1.2026875019073486,1.0285953283309937,0.10751964151859283,-0.35485315322875977,0.4641944468021393,0.00697137787938118,0.7717506289482117,1.1434400081634521,0.918951690196991,0.08837786316871643,-1.457276701927185,-0.7764858603477478,4.339000225067139,0.2389237880706787,-0.18486054241657257,-1.5889216661453247,0.8750287294387817,0.0843789279460907,-0.8519865274429321,0.4079247713088989,-0.367916077375412,0.8866593241691589,1.227691411972046,1.0457607507705688,0.9861083626747131,-1.2905865907669067,-0.47800490260124207,0.07114341855049133,-0.10807053744792938,-0.7757219672203064,0.4439674913883209,0.44994181394577026,0.008985714055597782,-0.49159201979637146,-0.8651363849639893,-0.8326143622398376,-0.6612607836723328,2.1925930976867676,2.131392002105713,-2.3742516040802,-1.9770076274871826,-0.05483735352754593,-0.057605523616075516,-0.6016342043876648,0.40645697712898254,0.23092405498027802,0.29898616671562195,-0.402547150850296,-0.7485674619674683,-0.844616711139679,-0.7123238444328308,2.1368613243103027,2.290476083755493,-2.410005807876587,-2.0960018634796143,-6.674400329589844,-0.38717660307884216,2.3657538890838623,-1.6810566186904907,8.046424865722656,8.090672492980957,4.372682094573975,5.096372127532959,-28.013410568237305,-30.276859283447266,-1.8395782709121704,-14.598959922790527,-28.382863998413086,27.406036376953125
1.783,0.0,0.0,0.0,-2.6369330883026123,0.2751614451408386,-1.4724164009094238,-0.15782968699932098,-0.02298409678041935,-0.9871988296508789,0.800000011920929,0.0,0.0,0.0,-0.17536328732967377,-0.09494401514530182,-0.6029053926467896,0.3786899745464325,0.2514416575431824,0.24959035217761993,-0.45457205176353455,-0.704707145690918,-0.8100860714912415,-0.655674934387207,2.157965898513794,2.2721540927886963,-2.3499526977539062,-2.1746628284454346,0.01838916726410389,2.0397114753723145,-6.055431842803955,-0.3782467842102051,-2.9757590293884277,-10.148486137390137,-8.666816711425781,-13.069923400878906,25.276399612426758,17.810901641845703,11.017032623291016,7.064542293548584,19.823837280273438,14.92762565612793,0.2389237880706787,-0.18486054241657257,-1.5889216661453247,0.8750287294387817,0.0843789279460907,-0.8519865274429321,0.4079247713088989,-0.367916077375412,0.8866593241691589,1.227691411972046,1.0457607507705688,0.9861083626747131,-1.2905865907669067,-0.47800490260124207,4.318999767303467,-0.5172592401504517,-0.16471680998802185,-0.9141979217529297,0.8847061991691589,-0.2836301326751709,-0.14514824748039246,1.10498046875,0.13342389464378357,0.9157662391662598,1.270676851272583,0.78950434923172,1.0044946670532227,-1.183742880821228,-0.9766529202461243,-0.2256523221731186,-0.08492961525917053,-0.48896124958992004,0.4425145387649536,0.2865406274795532,0.3047618269920349,-0.18020795285701752,-0.6547628045082092,-0.8156065940856934,-0.6387615203857422,2.0829362869262695,2.1735618114471436,-2.319819450378418,-2.1869046688079834,-0.17536328732967377,-0.09494401514530182,-0.6029053926467896,0.3786899745464325,0.2514416575431824,0.24959035217761993,-0.45457205176353455,-0.704707145690918,-0.8100860714912415,-0.655674934387207,2.157965898513794,2.2721540927886963,-2.3499526977539062,-2.1746628284454346,0.01838916726410389,2.0397114753723145,-6.055431842803955,-0.3782467842102051,-2.9757590293884277,-10.148486137390137,-8.666816711425781,-13.069923400878906,25.276399612426758,17.810901641845703,11.017032623291016,7.064542293548584,19.823837280273438,14.92762565612793
1.804,0.0,0.0,0.0,-0.4814489781856537,-0.30589982867240906,-0.6071617603302002,-0.15785975754261017,-0.0014815118629485369,-0.9874604344367981,0.800000011920929,0.0,0.0,0.0,-0.09532219916582108,-0.05115659907460213,-0.6448110342025757,0.39090660214424133,0.28627002239227295,0.20536741614341736,-0.4432121515274048,-0.7513182759284973,-0.8455201983451843,-0.6588460206985474,2.170306921005249,2.300640821456909,-2.332286834716797,-2.216534376144409,1.2389578819274902,0.007595187518745661,5.725489616394043,0.5962486863136292,-2.2663769721984863,2.868598222732544,8.233073234558105,7.896324157714844,7.461248397827148,-6.152550220489502,-18.488372802734375,4.9460859298706055,24.327205657958984,-31.535364151000977,-0.5172592401504517,-0.16471680998802185,-0.9141979217529297,0.8847061991691589,-0.2836301326751709,-0.14514824748039246,1.10498046875,0.13342389464378357,0.9157662391662598,1.270676851272583,0.78950434923172,1.0044946670532227,-1.183742880821228,-0.9766529202461243,4.297999858856201,-0.3541160821914673,0.16736680269241333,-1.2291224002838135,0.8650860786437988,0.15858043730258942,-0.1877189725637436,-0.12371820956468582,-0.4358813464641571,1.1887646913528442,1.156235694885254,1.0048125982284546,0.6438256502151489,-1.0471148490905762,-0.7987977266311646,-0.1819174587726593,0.0668220967054367,-0.6020011901855469,0.4335401654243469,0.46919524669647217,0.315182626247406,-0.7019839882850647,-0.8899128437042236,-0.6910565495491028,-0.6880100965499878,2.1688592433929443,2.0154776573181152,-2.2528936862945557,-2.127859354019165,-0.08716611564159393,-0.054897699505090714,-0.6389341950416565,0.38780802488327026,0.291795939207077,0.22437076270580292,-0.3599914610385895,-0.697953999042511,-0.8349644541740417,-0.6493680477142334,2.1040165424346924,2.267547369003296,-2.399566411972046,-2.2023770809173584,0.8163028359413147,-0.9628440141677856,0.27951109409332275,0.8669138550758362,0.21209922432899475,2.042100429534912,1.2038233280181885,2.239138126373291,1.829349160194397,-1.0692061185836792,-0.5032464265823364,-3.42619252204895,1.2342256307601929,9.418993949890137
1.823,0.0,0.0,0.0,-0.49708446860313416,-0.03315452113747597,-1.0894579887390137,-0.1591358780860901,0.01267156470566988,-0.9871753454208374,0.800000011920929,0.0,0.0,0.0,-0.07403340190649033,-0.050738781690597534,-0.6487639546394348,0.3921486735343933,0.3083631098270416,0.2503383755683899,-0.38214993476867676,-0.6853319406509399,-0.8474519848823547,-0.7074873447418213,2.1340701580047607,2.2511167526245117,-2.3423142433166504,-2.1776392459869385,3.9683330059051514,4.382781028747559,-3.9984652996063232,1.0365338325500488,5.652500629425049,5.253152847290039,-11.718470573425293,0.6119516491889954,-7.936361789703369,-18.966066360473633,12.44688892364502,-2.1766507625579834,21.48650550842285,1.7184735536575317,-0.3541160821914673,0.16736680269241333,-1.2291224002838135,0.8650860786437988,0.15858043730258942,-0.1877189725637436,-0.12371820956468582,-0.4358813464641571,1.1887646913528442,1.156235694885254,1.0048125982284546,0.6438256502151489,-1.0471148490905762,-0.7987977266311646,4.2789998054504395,-0.026994608342647552,0.15898461639881134,-0.7056273221969604,0.9790286421775818,-0.40890198945999146,-0.6490975618362427,1.3575172424316406,-0.5044859647750854,1.2594414949417114,1.209104299545288,0.606887698173523,1.518868088722229,-1.1633602380752563,-0.9429959654808044,-0.0303393192589283,0.0782252848148346,-0.37773242592811584,0.48391687870025635,0.23209361732006073,0.10860435664653778,-0.08760561794042587,-0.9442999362945557,-0.6467969417572021,-0.6691440343856812,1.9983853101730347,2.3934385776519775,-2.298511266708374,-2.1868441104888916,-0.07403340190649033,-0.050738781690597534,-0.6487639546394348,0.3921486735343933,0.3083631098270416,0.2503383755683899,-0.38214993476867676,-0.6853319406509399,-0.8474519848823547,-0.7074873447418213,2.1340701580047607,2.2511167526245117,-2.3423142433166504,-2.1776392459869385,3.9683330059051514,4.382781028747559,-3.9984652996063232,1.0365338325500488,5.652500629425049,5.253152847290039,-11.718470573425293,0.6119516491889954,-7.936361789703369,-18.966066360473633,12.44688892364502,-2.1766507625579834,21.48650550842285,1.7184735536575317
1.842,0.0,0.0,0.0,-0.15376313030719757,0.057050447911024094,-1.237305760383606,-0.15692436695098877,0.02082531526684761,-0.9873910546302795,0.800000011920929,0.0,0.0,0.0,-0.034054432064294815,0.021100075915455818,-0.6411248445510864,0.4215083122253418,0.29208067059516907,0.24831879138946533,-0.4847842752933502,-0.7358708381652832,-0.7774347066879272,-0.6592011451721191,2.1570584774017334,2.3049559593200684,-2.3952841758728027,-2.232046365737915,3.388561248779297,3.2802815437316895,9.71980094909668,12.042585372924805,-7.058170795440674,-7.92704963684082,5.095282554626465,-7.560452461242676,15.380045890808105,14.704407691955566,-13.663278579711914,21.609560012817383,-20.824975967407227,-27.043317794799805,-0.026994608342647552,0.15898461639881134,-0.7056273221969604,0.9790286421775818,-0.40890198945999146,-0.6490975618362427,1.3575172424316406,-0.5044859647750854,1.2594414949417114,1.209104299545288,0.606887698173523,1.518868088722229,-1.1633602380752563,-0.9429959654808044,4.258999824523926,-0.7742764353752136,-0.4815029203891754,-1.493900179862976,1.023864507675171,0.16409854590892792,-0.1613379716873169,0.04199982061982155,0.3108873963356018,0.943615734577179,1.0213122367858887,0.7854208946228027,-0.10059569031000137,-0.887037456035614,-0.47576969861984253,-0.3514583110809326,-0.20885378122329712,-0.7100282907485962,0.5091307163238525,0.4662337005138397,0.30743834376335144,-0.6181505918502808,-0.5828206539154053,-0.7844926118850708,-0.7517638802528381,2.061677932739258,1.7024757862091064,-2.178727865219116,-1.9824907779693604,-0.034054432064294815,0.021100075915455818,-0.6411248445510864,0.4215083122253418,0.29208067059516907,0.24831879138946533,-0.4847842752933502,-0.7358708381652832,-0.7774347066879272,-0.6592011451721191,2.1570584774017334,2.3049559593200684,-2.3952841758728027,-2.232046365737915,3.388561248779297,3.2802815437316895,9.71980094909668,12.042585372924805,-7.058170795440674,-7.92704963684082,5.095282554626465,-7.560452461242676,15.380045890808105,14.704407691955566,-13.663278579711914,21.609560012817383,-20.824975967407227,-27.043317794799805
1.862,0.0,0.0,0.0,0.9908759593963623,0.28894057869911194,-0.12372249364852905,-0.15700367093086243,0.005319441668689251,-0.9875836968421936,0.800000011920929,0.0,0.0,0.0,-0.029391469433903694,0.031710803508758545,-0.6355873346328735,0.4493045210838318,0.29168733954429626,0.2226535975933075,-0.42344218492507935,-0.8122076988220215,-0.7980310320854187,-0.7446758151054382,2.069185972213745,2.2868576049804688,-2.360441207885742,-2.0611863136291504,-6.995670795440674,-5.568804740905762,-6.206905841827393,-7.046400547027588,8.798069953918457,8.250362396240234,-7.602692127227783,4.315629005432129,-25.57376480102539,-28.88945770263672,6.451371669769287,-17.617149353027344,19.818214416503906,21.602344512939453,-0.7742764353752136,-0.4815029203891754,-1.493900179862976,1.023864507675171,0.16409854590892792,-0.1613379716873169,0.04199982061982155,0.3108873963356018,0.943615734577179,1.0213122367858887,0.7854208946228027,-0.10059569031000137,-0.887037456035614,-0.47576969861984253,4.238999843597412,-0.065996453166008,0.31572064757347107,-1.145435094833374,0.899262547492981,-0.3496391475200653,-0.9065548777580261,0.3238023817539215,-0.3393089175224304,0.9832496047019958,1.202521800994873,0.869381308555603,1.3774772882461548,-0.8689443469047546,-0.8322432041168213,-0.06484423577785492,0.12118890881538391,-0.586448609828949,0.4555811882019043,0.2584657371044159,-0.008025860413908958,-0.5443939566612244,-0.8392610549926758,-0.7804268598556519,-0.6784815788269043,2.1057891845703125,2.2985122203826904,-2.1586077213287354,-2.1224682331085205,-0.029391469433903694,0.031710803508758545,-0.6355873346328735,0.4493045210838318,0.29168733954429626,0.2226535975933075,-0.42344218492507935,-0.8122076988220215,-0.7980310320854187,-0.7446758151054382,2.069185972213745,2.2868576049804688,-2.360441207885742,-2.0611863136291504,-6.995670795440674,-5.568804740905762,-6.206905841827393,-7.046400547027588,8.798069953918457,8.250362396240234,-7.602692127227783,4.315629005432129,-25.57376480102539,-28.88945770263672,6.451371669769287,-17.617149353027344,19.818214416503906,21.602344512939453
1.8820000000000001,0.0,0.0,0.0,-2.537379503250122,0.3420923948287964,-0.8561272621154785,-0.14818799495697021,0.02401258610188961,-0.9886676669120789,0.800000011920929,0.0,0.0,0.0,-0.10643847286701202,-0.05297098681330681,-0.677375078201294,0.4178108870983124,0.3323029577732086,0.2158975601196289,-0.5119718313217163,-0.7198697328567505,-0.7783880829811096,-0.6773857474327087,2.1050949096679688,2.158137798309326,-2.298313617706299,-2.1151154041290283,3.6336658000946045,2.169233560562134,-1.3096262216567993,3.081238269805908,-0.2537255883216858,-9.671808242797852,-1.6331719160079956,-5.724776268005371,11.9383544921875,27.97614097595215,2.4778900146484375,6.949270248413086,3.074093818664551,8.491384506225586,-0.065996453166008,0.31572064757347107,-1.145435094833374,0.899262547492981,-0.3496391475200653,-0.9065548777580261,0.3238023817539215,-0.3393089175224304,0.9832496047019958,1.202521800994873,0.869381308555603,1.3774772882461548,-0.8689443469047546,-0.8322432041168213,4.218999862670898,-0.554606020450592,-0.3411678075790405,-1.1392145156860352,1.169605016708374,-0.4196624159812927,0.2826859951019287,1.0242552757263184,-0.2938649356365204,0.9420652985572815,0.9754182696342468,1.0672380924224854,1.186575174331665,-1.3302363157272339,-1.194843053817749,-0.25605714321136475,-0.14140662550926208,-0.5712913274765015,0.5718803405761719,0.2061784714460373,0.495586097240448,-0.22181449830532074,-0.8444552421569824,-0.7985532879829407,-0.7733498811721802,2.1992359161376953,2.272210121154785,-2.3641772270202637,-2.2996363639831543,-0.10643847286701202,-0.05297098681330681,-0.677375078201294,0.4178108870983124,0.3323029577732086,0.2158975601196289,-0.5119718313217163,-0.7198697328567505,-0.7783880829811096,-0.6773857474327087,2.1050949096679688,2.158137798309326,-2.298313617706299,-2.1151154041290283,3.6336658000946045,2.169233560562134,-1.3096262216567993,3.081238269805908,-0.2537255883216858,-9.671808242797852,-1.6331719160079956,-5.724776268005371,11.9383544921875,27.97614097595215,2.4778900146484375,6.949270248413086,3.074093818664551,8.491384506225586
1.9020000000000001,0.0,0.0,0.0,0.5970834493637085,-0.33184143900871277,0.22044157981872559,-0.14659075438976288,0.033370643854141235,-0.9886341691017151,0.800000011920929,0.0,0.0,0.0,-0.06276953220367432,0.002780773676931858,-0.6266062259674072,0.46647465229034424,0.3347872197628021,0.18053115904331207,-0.5165650844573975,-0.761385977268219,-0.7727807760238647,-0.7483581900596619,2.1136434078216553,2.257122039794922,-2.3192789554595947,-2.29158616065979,-3.073965549468994,-2.215662717819214,-0.19030745327472687,3.4727230072021484,-1.4281278848648071,7.481196403503418,2.5874321460723877,0.04179763048887253,-3.349175453186035,-27.950599670410156,6.599331378936768,5.463473796844482,-22.790626525878906,-22.836076736450195,-0.554606020450592,-0.3411678075790405,-1.1392145156860352,1.169605016708374,-0.4196624159812927,0.2826859951019287,1.0242552757263184,-0.2938649356365204,0.9420652985572815,0.9754182696342468,1.0672380924224854,1.186575174331665,-1.3302363157272339,-1.194843053817749,4.198999881744385,0.24295100569725037,0.12515944242477417,-1.412286639213562,0.7855405807495117,-0.06809481978416443,-0.4625095725059509,0.21751832962036133,-0.06934931129217148,1.0259281396865845,0.8612457513809204,0.7629950046539307,1.0187188386917114,-1.1632746458053589,-1.0761237144470215,0.08372223377227783,0.04218108579516411,-0.6926581263542175,0.41068127751350403,0.35915514826774597,0.2106093019247055,-0.552588164806366,-0.7439426779747009,-0.7626276612281799,-0.8342143893241882,2.0716712474823,2.194044589996338,-2.309601306915283,-2.2639291286468506,-0.06276953220367432,0.002780773676931858,-0.6266062259674072,0.46647465229034424,0.3347872197628021,0.18053115904331207,-0.5165650844573975,-0.761385977268219,-0.7727807760238647,-0.7483581900596619,2.1136434078216553,2.257122039794922,-2.3192789554595947,-2.29158616065979,-3.073965549468994,-2.215662717819214,-0.19030745327472687,3.4727230072021484,-1.4281278848648071,7.481196403503418,2.5874321460723877,0.04179763048887253,-3.349175453186035,-27.950599670410156,6.599331378936768,5.463473796844482,-22.790626525878906,-22.836076736450195
1.923,0.0,0.0,0.0,-0.33918166160583496,0.07983902841806412,-0.8881562948226929,-0.14807140827178955,0.04205520451068878,-0.9880821108818054,0.800000011920929,0.0,0.0,0.0,-0.1023699939250946,-0.0310222115367651,-0.6221451759338379,0.4505782425403595,0.3094243109226227,0.22510701417922974,-0.4357740879058838,-0.7428199648857117,-0.7724161744117737,-0.8161371946334839,2.1133339405059814,2.1557297706604004,-2.293818712234497,-2.2494890689849854,3.801787853240967,3.1558845043182373,-3.342428684234619,-0.9334620237350464,1.6650220155715942,-5.316658973693848,4.553708553314209,6.204550266265869,-1.4416083097457886,16.269287109375,4.072829246520996,0.1893218457698822,-28.460229873657227,-33.89468765258789,0.24295100569725037,0.12515944242477417,-1.412286639213562,0.7855405807495117,-0.06809481978416443,-0.4625095725059509,0.21751832962036133,-0.06934931129217148,1.0259281396865845,0.8612457513809204,0.7629950046539307,1.0187188386917114,-1.1632746458053589,-1.0761237144470215,4.178999900817871,-0.1698089987039566,-0.20467688143253326,-1.3209712505340576,0.8533663749694824,0.1296955794095993,-0.1357436627149582,0.5603288412094116,-0.34602242708206177,0.9532971978187561,1.1392264366149902,0.9882087707519531,0.2644292712211609,-1.303544044494629,-0.6466466188430786,-0.06804182380437851,-0.08788648247718811,-0.6637028455734253,0.4250829815864563,0.4634585380554199,0.3291562795639038,-0.4314008057117462,-0.8583943247795105,-0.7917190194129944,-0.7152094841003418,2.1602611541748047,1.8467975854873657,-2.367264986038208,-2.067093849182129,-0.1023699939250946,-0.0310222115367651,-0.6221451759338379,0.4505782425403595,0.3094243109226227,0.22510701417922974,-0.4357740879058838,-0.7428199648857117,-0.7724161744117737,-0.8161371946334839,2.1133339405059814,2.1557297706604004,-2.293818712234497,-2.2494890689849854,3.801787853240967,3.1558845043182373,-3.342428684234619,-0.9334620237350464,1.6650220155715942,-5.316658973693848,4.553708553314209,6.204550266265869,-1.4416083097457886,16.269287109375,4.072829246520996,0.1893218457698822,-28.460229873657227,-33.89468765258789
1.946,0.0,0.0,0.0,0.178232342004776,0.0822250097990036,-0.26162683963775635,-0.14933358132839203,0.03581158071756363,-0.9881381392478943,0.800000011920929,0.0,0.0,0.0,-0.04918307811021805,-0.004136175848543644,-0.6699620485305786,0.4387868344783783,0.34317976236343384,0.17774678766727448,-0.44686874747276306,-0.7824714779853821,-0.821135938167572,-0.7132936120033264,2.1509854793548584,2.164458751678467,-2.3704044818878174,-2.1005923748016357,-3.666595697402954,-4.563474178314209,-5.994081974029541,-1.2304731607437134,8.295248031616211,-7.513511657714844,-2.972534656524658,-9.156535148620605,-18.76103401184082,29.65513038635254,9.493942260742188,4.975077152252197,-24.601531982421875,20.37723731994629,-0.1698089987039566,-0.20467688143253326,-1.3209712505340576,0.8533663749694824,0.1296955794095993,-0.1357436627149582,0.5603288412094116,-0.34602242708206177,0.9532971978187561,1.1392264366149902,0.9882087707519531,0.2644292712211609,-1.303544044494629,-0.6466466188430786,4.1570000648498535,-0.08074988424777985,0.07732231169939041,-1.6375319957733154,1.054509162902832,-0.5887715220451355,-0.1662081778049469,0.65578693151474,-0.0034844577312469482,0.5491276979446411,1.0250993967056274,0.8788726925849915,1.2719604969024658,-1.4799141883850098,-0.8352918028831482,-0.04314162954688072,0.026006389409303665,-0.8032596707344055,0.5170373916625977,0.15057866275310516,0.327301949262619,-0.37632593512535095,-0.7156974077224731,-0.9765044450759888,-0.7546662092208862,2.1199188232421875,2.2654619216918945,-2.4523978233337402,-2.132300615310669,-0.062433794140815735,-0.03552103415131569,-0.6698929667472839,0.4249645471572876,0.3741619884967804,0.21969608962535858,-0.4345206022262573,-0.7794643640518188,-0.8232184648513794,-0.7419211864471436,2.151947021484375,2.1404290199279785,-2.3728315830230713,-2.1511127948760986,1.7294530868530273,-0.5571391582489014,0.48477357625961304,2.5617318153381348,3.393735647201538,-1.690181016921997,3.1380064487457275,2.030456304550171,-5.673202991485596,18.023595809936523,1.9092793464660645,4.622284889221191,-20.637928009033203,-19.95332908630371
1.963,0.0,0.0,0.0,-0.805289089679718,0.09615815430879593,-0.9746410846710205,-0.14945180714130402,0.05164443328976631,-0.9874193668365479,0.800000011920929,0.0,0.0,0.0,-0.05075286328792572,-0.03272915631532669,-0.6720453500747681,0.4260813295841217,0.3907631039619446,0.23907922208309174,-0.4308243989944458,-0.7749087810516357,-0.836795449256897,-0.7356328368186951,2.154998540878296,2.1251301765441895,-2.3410592079162598,-2.138963222503662,2.081319808959961,3.5766634941101074,-3.4967410564422607,0.26082202792167664,1.938976526260376,5.401101112365723,0.6677089929580688,1.5009480714797974,-0.6750933527946472,-11.019969940185547,2.846583127975464,0.07510274648666382,0.8586322665214539,-10.236881256103516,-0.08074988424777985,0.07732231169939041,-1.6375319957733154,1.054509162902832,-0.5887715220451355,-0.1662081778049469,0.65578693151474,-0.0034844577312469482,0.5491276979446411,1.0250993967056274,0.8788726925849915,1.2719604969024658,-1.4799141883850098,-0.8352918028831482,4.138999938964844,0.11928432434797287,0.07274394482374191,-0.8420743942260742,0.9743224382400513,0.04032522812485695,-0.48688656091690063,0.7182722687721252,-0.3798007369041443,1.0758861303329468,1.1056442260742188,1.132901668548584,1.2838345766067505,-1.5840610265731812,-0.9850601553916931,0.04936378449201584,0.03533541411161423,-0.45925942063331604,0.4901488423347473,0.4023841917514801,0.18281123042106628,-0.3427000343799591,-0.8707700371742249,-0.757941722869873,-0.7223667502403259,2.2301974296569824,2.3126718997955322,-2.507777214050293,-2.206217050552368,-0.05075286328792572,-0.03272915631532669,-0.6720453500747681,0.4260813295841217,0.3907631039619446,0.23907922208309174,-0.4308243989944458,-0.7749087810516357,-0.836795449256897,-0.7356328368186951,2.154998540878296,2.1251301765441895,-2.3410592079162598,-2.138963222503662,2.081319808959961,3.5766634941101074,-3.4967410564422607,0.26082202792167664,1.938976526260376,5.401101112365723,0.6677089929580688,1.5009480714797974,-0.6750933527946472,-11.019969940185547,2.846583127975464,0.07510274648666382,0.8586322665214539,-10.236881256103516
1.983,0.0,0.0,0.0,-0.9847404956817627,-0.40010783076286316,-0.8847436308860779,-0.15391169488430023,0.06711108237504959,-0.9858028888702393,0.800000011920929,0.0,0.0,0.0,-0.011466261930763721,0.018943747505545616,-0.7271584868431091,0.5107696056365967,0.3462364673614502,0.26363056898117065,-0.3601221442222595,-0.7434961199760437,-0.8773530125617981,-0.7145729064941406,2.1532387733459473,2.250218629837036,-2.4939699172973633,-2.2967636585235596,7.303991794586182,4.509771347045898,-1.4293291568756104,7.895893573760986,-4.583713531494141,-7.69180154800415,1.188793659210205,-2.6207435131073,15.435701370239258,23.477643966674805,8.717032432556152,16.387847900390625,-23.575794219970703,-27.746910095214844,0.11928432434797287,0.07274394482374191,-0.8420743942260742,0.9743224382400513,0.04032522812485695,-0.48688656091690063,0.7182722687721252,-0.3798007369041443,1.0758861303329468,1.1056442260742188,1.132901668548584,1.2838345766067505,-1.5840610265731812,-0.9850601553916931,4.11899995803833,-0.6712711453437805,-0.5788931250572205,-1.3860938549041748,0.9988015294075012,0.050873834639787674,-0.01911507546901703,0.372431218624115,0.14692990481853485,0.8307044506072998,1.0908682346343994,0.8833317160606384,0.08578821271657944,-1.4319124221801758,-0.7508317828178406,-0.2971356511116028,-0.25696834921836853,-0.6696681380271912,0.498475581407547,0.43231162428855896,0.37885934114456177,-0.49496591091156006,-0.6492485404014587,-0.8464171290397644,-0.7257859706878662,2.1289188861846924,1.7782719135284424,-2.4448482990264893,-2.108205795288086,-0.011466261930763721,0.018943747505545616,-0.7271584868431091,0.5107696056365967,0.3462364673614502,0.26363056898117065,-0.3601221442222595,-0.7434961199760437,-0.8773530125617981,-0.7145729064941406,2.1532387733459473,2.250218629837036,-2.4939699172973633,-2.2967636585235596,7.303991794586182,4.509771347045898,-1.4293291568756104,7.895893573760986,-4.583713531494141,-7.69180154800415,1.188793659210205,-2.6207435131073,15.435701370239258,23.477643966674805,8.717032432556152,16.387847900390625,-23.575794219970703,-27.746910095214844
2.002,0.0,0.0,0.0,2.3291056156158447,0.05581746995449066,-0.24466969072818756,-0.16129086911678314,0.035502031445503235,-0.986268162727356,0.800000011920929,0.0,0.0,0.0,0.0020946774166077375,0.029025429859757423,-0.6805027723312378,0.48146897554397583,0.39225587248802185,0.25094324350357056,-0.3557116687297821,-0.7719650864601135,-0.942799985408783,-0.7370321154594421,2.144874095916748,2.224672317504883,-2.3668532371520996,-2.1093313694000244,-8.988039016723633,-8.413741111755371,-0.6877232789993286,-12.65082836151123,8.289641380310059,6.316264629364014,-2.3679566383361816,4.571479797363281,-24.818492889404297,-16.998613357543945,-7.864286422729492,-19.572446823120117,25.213075637817383,33.35839080810547,-0.6712711453437805,-0.5788931250572205,-1.3860938549041748,0.9988015294075012,0.050873834639787674,-0.01911507546901703,0.372431218624115,0.14692990481853485,0.8307044506072998,1.0908682346343994,0.8833317160606384,0.08578821271657944,-1.4319124221801758,-0.7508317828178406,4.098999977111816,-0.2663319706916809,0.30012375116348267,-1.1790345907211304,0.7724097967147827,-0.11081317067146301,-1.0632363557815552,0.03339067101478577,-0.15831258893013,0.7195723056793213,1.4479128122329712,0.778749942779541,1.2036504745483398,-1.0333448648452759,-0.6212829947471619,-0.14956295490264893,0.10935885459184647,-0.5975323915481567,0.39743196964263916,0.3625452518463135,-0.07139042019844055,-0.6627607345581055,-0.7644554376602173,-0.9052741527557373,-0.565457820892334,2.0717291831970215,2.227869987487793,-2.259199857711792,-2.0401079654693604,0.0020946774166077375,0.029025429859757423,-0.6805027723312378,0.48146897554397583,0.39225587248802185,0.25094324350357056,-0.3557116687297821,-0.7719650864601135,-0.942799985408783,-0.7370321154594421,2.144874095916748,2.224672317504883,-2.3668532371520996,-2.1093313694000244,-8.988039016723633,-8.413741111755371,-0.6877232789993286,-12.65082836151123,8.289641380310059,6.316264629364014,-2.3679566383361816,4.571479797363281,-24.818492889404297,-16.998613357543945,-7.864286422729492,-19.572446823120117,25.213075637817383,33.35839080810547
2.023,0.0,0.0,0.0,0.2896837294101715,1.4503650665283203,-1.0549787282943726,-0.1381732076406479,0.02268594689667225,-0.9901482462882996,0.800000011920929,0.0,0.0,0.0,-0.022120846435427666,-0.06758847087621689,-0.6774539351463318,0.44727495312690735,0.3760628402233124,0.22502177953720093,-0.4286670684814453,-0.7819980382919312,-0.9623686671257019,-0.6232030987739563,2.147059679031372,2.242828845977783,-2.3592121601104736,-2.182435989379883,5.535244464874268,2.017282724380493,6.081203460693359,0.7910579442977905,-6.586638927459717,-1.5299053192138672,-4.692086219787598,-7.025223731994629,11.152647972106934,-6.053098201751709,1.5231132507324219,3.6008591651916504,-19.754364013671875,-3.0712616443634033,-0.2663319706916809,0.30012375116348267,-1.1790345907211304,0.7724097967147827,-0.11081317067146301,-1.0632363557815552,0.03339067101478577,-0.15831258893013,0.7195723056793213,1.4479128122329712,0.778749942779541,1.2036504745483398,-1.0333448648452759,-0.6212829947471619,4.078999996185303,-0.3842562437057495,-0.054071247577667236,-1.3056436777114868,0.9526289701461792,0.16057880222797394,-0.48648297786712646,0.5965167284011841,0.31250640749931335,0.8715367317199707,1.2119196653366089,0.8610049486160278,1.178847074508667,-1.6221768856048584,-0.9978218078613281,-0.18787160515785217,-0.01339617557823658,-0.6472928524017334,0.4684261977672577,0.47769495844841003,0.14312361180782318,-0.42613351345062256,-0.5641075968742371,-0.8427758812904358,-0.6556219458580017,2.103025197982788,2.2616679668426514,-2.5056095123291016,-2.202740430831909,-0.022120846435427666,-0.06758847087621689,-0.6774539351463318,0.44727495312690735,0.3760628402233124,0.22502177953720093,-0.4286670684814453,-0.7819980382919312,-0.9623686671257019,-0.6232030987739563,2.147059679031372,2.242828845977783,-2.3592121601104736,-2.182435989379883,5.535244464874268,2.017282724380493,6.081203460693359,0.7910579442977905,-6.586638927459717,-1.5299053192138672,-4.692086219787598,-7.025223731994629,11.152647972106934,-6.053098201751709,1.5231132507324219,3.6008591651916504,-19.754364013671875,-3.0712616443634033
2.042,0.0,0.0,0.0,1.7612359523773193,-0.46978312730789185,-0.133930966258049,-0.13432395458221436,0.007038014940917492,-0.9909124970436096,0.800000011920929,0.0,0.0,0.0,-0.0006277950596995652,-0.04405275359749794,-0.6545301079750061,0.4410531520843506,0.36173680424690247,0.18437626957893372,-0.5130093097686768,-0.8237960338592529,-0.9477947354316711,-0.6167020201683044,2.1560254096984863,2.2351505756378174,-2.3065359592437744,-2.1589043140411377,-2.137897253036499,-1.4141169786453247,-2.944387435913086,2.741299867630005,-0.9037294387817383,-0.08954083174467087,-3.0651867389678955,-2.0208609104156494,2.9284493923187256,0.5844458937644958,1.7776151895523071,4.985777378082275,1.247797966003418,-2.2361466884613037,-0.3842562437057495,-0.054071247577667236,-1.3056436777114868,0.9526289701461792,0.16057880222797394,-0.48648297786712646,0.5965167284011841,0.31250640749931335,0.8715367317199707,1.2119196653366089,0.8610049486160278,1.178847074508667,-1.6221768856048584,-0.9978218078613281,4.059000015258789,0.24022072553634644,0.1789291352033615,-0.8704972267150879,0.7572291493415833,0.1960059404373169,-0.6883068680763245,1.1255749464035034,-0.4633553624153137,0.8848397135734558,1.341156244277954,1.0025445222854614,1.507735252380371,-1.560873031616211,-1.006820559501648,0.08931216597557068,0.07917849719524384,-0.45645302534103394,0.3875957131385803,0.50515216588974,0.07375427335500717,-0.16439460217952728,-0.8932106494903564,-0.8305396437644958,-0.6064818501472473,2.1698474884033203,2.4130475521087646,-2.5026638507843018,-2.223053216934204,-0.0006277950596995652,-0.04405275359749794,-0.6545301079750061,0.4410531520843506,0.36173680424690247,0.18437626957893372,-0.5130093097686768,-0.8237960338592529,-0.9477947354316711,-0.6167020201683044,2.1560254096984863,2.2351505756378174,-2.3065359592437744,-2.1589043140411377,-2.137897253036499,-1.4141169786453247,-2.944387435913086,2.741299867630005,-0.9037294387817383,-0.08954083174467087,-3.0651867389678955,-2.0208609104156494,2.9284493923187256,0.5844458937644958,1.7776151895523071,4.985777378082275,1.247797966003418,-2.2361466884613037
2.062,0.0,0.0,0.0,-1.7409526109695435,-1.322975516319275,-0.7734573483467102,-0.1556578129529953,0.016621684655547142,-0.9876711964607239,0.800000011920929,0.0,0.0,0.0,-0.03396405279636383,-0.03772740438580513,-0.6715556979179382,0.46484342217445374,0.3721061646938324,0.19524337351322174,-0.44765034317970276,-0.7305633425712585,-0.8916802406311035,-0.627461314201355,2.1487507820129395,2.2824695110321045,-2.3990304470062256,-2.2670934200286865,4.572327613830566,3.0921146869659424,3.984882354736328,4.646988391876221,2.013231039047241,-11.273975372314453,2.5741631984710693,-2.3355324268341064,5.508230686187744,23.112607955932617,0.6771371960639954,11.7279052734375,19.879093170166016,0.09896089881658554,0.24022072553634644,0.1789291352033615,-0.8704972267150879,0.7572291493415833,0.1960059404373169,-0.6883068680763245,1.1255749464035034,-0.4633553624153137,0.8848397135734558,1.341156244277954,1.0025445222854614,1.507735252380371,-1.560873031616211,-1.006820559501648,4.039000034332275,-0.5010695457458496,-0.24827946722507477,-1.026117205619812,0.930908203125,-0.27328622341156006,0.32684314250946045,1.0625230073928833,-0.5211864709854126,0.8371908068656921,1.0881872177124023,0.976190447807312,0.8630294799804688,-1.3854671716690063,-0.9559907913208008,-0.2165500670671463,-0.10380790382623672,-0.5073980689048767,0.4576682448387146,0.2967163920402527,0.5236347913742065,-0.16659408807754517,-0.9521449208259583,-0.8507580161094666,-0.7154039740562439,2.164670467376709,2.138068199157715,-2.423436403274536,-2.2022111415863037,-0.03396405279636383,-0.03772740438580513,-0.6715556979179382,0.46484342217445374,0.3721061646938324,0.19524337351322174,-0.44765034317970276,-0.7305633425712585,-0.8916802406311035,-0.627461314201355,2.1487507820129395,2.2824695110321045,-2.3990304470062256,-2.2670934200286865,4.572327613830566,3.0921146869659424,3.984882354736328,4.646988391876221,2.013231039047241,-11.273975372314453,2.5741631984710693,-2.3355324268341064,5.508230686187744,23.112607955932617,0.6771371960639954,11.7279052734375,19.879093170166016,0.09896089881658554
2.083,0.0,0.0,0.0,0.8271400928497314,-0.6793169975280762,0.3268768787384033,-0.1755465418100357,0.00686200987547636,-0.9844472408294678,0.800000011920929,0.0,0.0,0.0,0.014062502421438694,-0.012880301102995872,-0.620898962020874,0.4440195858478546,0.42749565839767456,0.15383204817771912,-0.32760047912597656,-0.7769471406936646,-0.8702564835548401,-0.6808898448944092,2.1501214504241943,2.347172737121582,-2.393265724182129,-2.1669607162475586,-4.991148471832275,-6.047243118286133,-1.4794930219650269,-3.5802862644195557,-0.494402140378952,6.300532341003418,-0.19752126932144165,-7.498427391052246,-2.4078145027160645,-25.432039260864258,0.7695030570030212,-5.506352424621582,4.000794887542725,24.353757858276367,-0.5010695457458496,-0.24827946722507477,-1.026117205619812,0.930908203125,-0.27328622341156006,0.32684314250946045,1.0625230073928833,-0.5211864709854126,0.8371908068656921,1.0881872177124023,0.976190447807312,0.8630294799804688,-1.3854671716690063,-0.9559907913208008,4.019000053405762,0.38732266426086426,0.10012268275022507,-0.9259210824966431,0.819192111492157,-0.18701276183128357,-0.5305771827697754,0.38960766792297363,-0.008775420486927032,1.250215768814087,0.6186634302139282,0.8695463538169861,1.2074682712554932,-1.401161551475525,-0.9538817405700684,0.1526401787996292,0.03467441722750664,-0.4674042761325836,0.4144032597541809,0.3146958649158478,0.18278375267982483,-0.46962592005729675,-0.7274534106254578,-0.6669186949729919,-0.9375818371772766,2.1161627769470215,2.2655675411224365,-2.422576427459717,-2.1991777420043945,0.014062502421438694,-0.012880301102995872,-0.620898962020874,0.4440195858478546,0.42749565839767456,0.15383204817771912,-0.32760047912597656,-0.7769471406936646,-0.8702564835548401,-0.6808898448944092,2.1501214504241943,2.347172737121582,-2.393265724182129,-2.1669607162475586,-4.991148471832275,-6.047243118286133,-1.4794930219650269,-3.5802862644195557,-0.494402140378952,6.300532341003418,-0.19752126932144165,-7.498427391052246,-2.4078145027160645,-25.432039260864258,0.7695030570030212,-5.506352424621582,4.000794887542725,24.353757858276367
2.102,0.0,0.0,0.0,-2.001739501953125,-0.2158992737531662,-0.20829744637012482,-0.18480271100997925,0.026304887607693672,-0.9824235439300537,0.800000011920929,0.0,0.0,0.0,-0.050076112151145935,-0.059364933520555496,-0.6089983582496643,0.4431943893432617,0.37813133001327515,0.23191620409488678,-0.30158668756484985,-0.8096579909324646,-0.8140280842781067,-0.7879704833030701,2.1619718074798584,2.3408257961273193,-2.4303534030914307,-2.2143239974975586,2.4860432147979736,4.634103775024414,2.4827206134796143,1.4094659090042114,-5.233333587646484,5.380303859710693,-0.3213861286640167,1.911864995956421,11.977950096130371,-19.20074462890625,1.2423268556594849,1.315098524093628,2.2794275283813477,13.57616901397705,0.38732266426086426,0.10012268275022507,-0.9259210824966431,0.819192111492157,-0.18701276183128357,-0.5305771827697754,0.38960766792297363,-0.008775420486927032,1.250215768814087,0.6186634302139282,0.8695463538169861,1.2074682712554932,-1.401161551475525,-0.9538817405700684,3.999000072479248,0.2877228260040283,-0.10993336886167526,-0.8471779227256775,0.8155068159103394,0.2998560070991516,-0.5196316838264465,0.8923782110214233,-0.5320461988449097,1.3466453552246094,0.9414587020874023,0.7942228317260742,1.3470450639724731,-1.6346948146820068,-1.0483927726745605,0.1447392851114273,-0.046002574265003204,-0.4279704689979553,0.4084183871746063,0.5355847477912903,0.15362411737442017,-0.2736823558807373,-0.9404560923576355,-0.6051414608955383,-0.814541757106781,2.0774166584014893,2.3411271572113037,-2.5275802612304688,-2.2414045333862305,-0.050076112151145935,-0.059364933520555496,-0.6089983582496643,0.4431943893432617,0.37813133001327515,0.23191620409488678,-0.30158668756484985,-0.8096579909324646,-0.8140280842781067,-0.7879704833030701,2.1619718074798584,2.3408257961273193,-2.4303534030914307,-2.2143239974975586,2.4860432147979736,4.634103775024414,2.4827206134796143,1.4094659090042114,-5.233333587646484,5.380303859710693,-0.3213861286640167,1.911864995956421,11.977950096130371,-19.20074462890625,1.2423268556594849,1.315098524093628,2.2794275283813477,13.57616901397705
2.124,0.0,0.0,0.0,-0.745827853679657,0.11820722371339798,-0.3884105086326599,-0.18870578706264496,0.025172563269734383,-0.9817109704017639,0.800000011920929,0.0,0.0,0.0,-0.01357426680624485,-0.02242925949394703,-0.5791804194450378,0.4341181218624115,0.3553954064846039,0.19315195083618164,-0.2581578493118286,-0.789320707321167,-0.7474483847618103,-0.7385064363479614,2.147108554840088,2.399915933609009,-2.519660472869873,-2.213870048522949,0.7087080478668213,-2.6270222663879395,-0.2639092803001404,-2.9054698944091797,-0.7243493795394897,-1.5760822296142578,2.447448968887329,-6.665958881378174,1.512250542640686,-3.464099168777466,-4.701947212219238,-0.007580243982374668,1.1479887962341309,27.642919540405273,0.2877228260040283,-0.10993336886167526,-0.8471779227256775,0.8155068159103394,0.2998560070991516,-0.5196316838264465,0.8923782110214233,-0.5320461988449097,1.3466453552246094,0.9414587020874023,0.7942228317260742,1.3470450639724731,-1.6346948146820068,-1.0483927726745605,3.9790000915527344,0.035179100930690765,0.03457074612379074,-0.8160579800605774,0.4794415235519409,0.07033948600292206,-0.3317461609840393,0.7637713551521301,-0.2439836859703064,1.2212293148040771,1.1801667213439941,0.8809378743171692,1.2341158390045166,-1.4629179239273071,-0.809137761592865,0.030304525047540665,0.010956577956676483,-0.41002315282821655,0.25659051537513733,0.4543912410736084,0.235256627202034,-0.3119611144065857,-0.8321282863616943,-0.6554009318351746,-0.6948191523551941,2.1125636100769043,2.2978649139404297,-2.4607808589935303,-2.1379623413085938,0.011861245147883892,-0.03008248098194599,-0.5706873536109924,0.4163881540298462,0.35772934556007385,0.17546887695789337,-0.2512461543083191,-0.8133891820907593,-0.7390532493591309,-0.7721843719482422,2.144411087036133,2.3847076892852783,-2.510355234146118,-2.205890655517578,1.7689374685287476,0.21037647128105164,1.0043976306915283,-1.1990965604782104,0.5661289095878601,-3.8532497882843018,1.033587098121643,-3.7126033306121826,0.23109383881092072,7.588399410247803,0.045916903764009476,-4.796205520629883,-0.10678059607744217,15.407217979431152
2.142,0.0,0.0,0.0,0.6482056379318237,-0.5302369594573975,0.0694369375705719,-0.19107083976268768,0.02935090847313404,-0.9811373353004456,0.800000011920929,0.0,0.0,0.0,0.01190518494695425,-0.025033386424183846,-0.5609663724899292,0.38819238543510437,0.37478429079055786,0.1709710955619812,-0.26072922348976135,-0.8063988089561462,-0.7816001772880554,-0.7570406198501587,2.154789924621582,2.3350796699523926,-2.4863061904907227,-2.201388359069824,-3.9132635593414307,1.259994626045227,1.0996090173721313,-12.349276542663574,5.740403175354004,-0.8648350834846497,-6.516852378845215,6.502429485321045,-17.627077102661133,16.19188117980957,4.661383628845215,-22.65703010559082,9.894843101501465,25.269001007080078,0.035179100930690765,0.03457074612379074,-0.8160579800605774,0.4794415235519409,0.07033948600292206,-0.3317461609840393,0.7637713551521301,-0.2439836859703064,1.2212293148040771,1.1801667213439941,0.8809378743171692,1.2341158390045166,-1.4629179239273071,-0.809137761592865,3.9590001106262207,-0.40532761812210083,-0.024569939821958542,-1.1358193159103394,0.7178271412849426,-0.11859150230884552,-0.6775450110435486,1.0129894018173218,-0.42813077569007874,0.5419968366622925,1.5855704545974731,0.7381262183189392,1.257427453994751,-1.108095645904541,-0.7228169441223145,-0.17936697602272034,-0.009960814379155636,-0.5521209836006165,0.3486812710762024,0.36125293374061584,0.08781040459871292,-0.20364084839820862,-0.9041616320610046,-0.966081440448761,-0.5004152059555054,2.0518128871917725,2.3040287494659424,-2.29443097114563,-2.088773727416992,0.01190518494695425,-0.025033386424183846,-0.5609663724899292,0.38819238543510437,0.37478429079055786,0.1709710955619812,-0.26072922348976135,-0.8063988089561462,-0.7816001772880554,-0.7570406198501587,2.154789924621582,2.3350796699523926,-2.4863061904907227,-2.201388359069824,-3.9132635593414307,1.259994626045227,1.0996090173721313,-12.349276542663574,5.740403175354004,-0.8648350834846497,-6.516852378845215,6.502429485321045,-17.627077102661133,16.19188117980957,4.661383628845215,-22.65703010559082,9.894843101501465,25.269001007080078
2.163,0.0,0.0,0.0,2.296504259109497,0.5020838975906372,-0.12292418628931046,-0.1895986646413803,-0.014534935355186462,-0.9817540645599365,0.800000011920929,0.0,0.0,0.0,-0.008564974181354046,-0.014451447874307632,-0.5502805113792419,0.3231292963027954,0.3609391748905182,0.1808081418275833,-0.2844157814979553,-0.8227254152297974,-0.8028272390365601,-0.6208731532096863,2.1656241416931152,2.3282363414764404,-2.474688768386841,-2.1723804473876953,-6.726630210876465,-4.219594955444336,-2.9830398559570312,-0.9993645548820496,2.2163007259368896,-8.503332138061523,3.4258594512939453,-11.990326881408691,-23.23348617553711,27.228164672851562,-7.541818618774414,3.8989617824554443,1.1520887613296509,27.137338638305664,-0.40532761812210083,-0.024569939821958542,-1.1358193159103394,0.7178271412849426,-0.11859150230884552,-0.6775450110435486,1.0129894018173218,-0.42813077569007874,0.5419968366622925,1.5855704545974731,0.7381262183189392,1.257427453994751,-1.108095645904541,-0.7228169441223145,3.938999891281128,-0.11301484704017639,0.23991990089416504,-1.5074081420898438,0.7848369479179382,-0.14621931314468384,-0.3932691216468811,0.2877255380153656,0.14342445135116577,0.8577080965042114,1.431879997253418,1.0833051204681396,1.186557650566101,-1.2715479135513306,-0.48530736565589905,-0.06879337877035141,0.10696786642074585,-0.73354572057724,0.3880447447299957,0.339506596326828,0.20098993182182312,-0.5191775560379028,-0.6541651487350464,-0.8550795316696167,-0.5501354932785034,2.201068639755249,2.2727537155151367,-2.3513495922088623,-1.976975679397583,-0.008564974181354046,-0.014451447874307632,-0.5502805113792419,0.3231292963027954,0.3609391748905182,0.1808081418275833,-0.2844157814979553,-0.8227254152297974,-0.8028272390365601,-0.6208731532096863,2.1656241416931152,2.3282363414764404,-2.474688768386841,-2.1723804473876953,-6.726630210876465,-4.219594955444336,-2.9830398559570312,-0.9993645548820496,2.2163007259368896,-8.503332138061523,3.4258594512939453,-11.990326881408691,-23.23348617553711,27.228164672851562,-7.541818618774414,3.8989617824554443,1.1520887613296509,27.137338638305664
2.184,0.0,0.0,0.0,-1.2256557941436768,0.4182664752006531,-0.5052491426467896,-0.17838537693023682,-0.003643227741122246,-0.9839539527893066,0.800000011920929,0.0,0.0,0.0,-0.06657250970602036,-0.004152326378971338,-0.5663521885871887,0.33143770694732666,0.3102094233036041,0.17336593568325043,-0.2785532474517822,-0.8605640530586243,-0.8236595392227173,-0.6568830013275146,2.143040418624878,2.3298346996307373,-2.5230538845062256,-2.1706624031066895,6.629373073577881,10.237844467163086,-1.5652432441711426,4.440610408782959,-9.09539794921875,8.524030685424805,-5.3974809646606445,3.961987018585205,26.809598922729492,-27.12939453125,15.479879379272461,-6.0986127853393555,-23.261079788208008,1.2370514869689941,-0.11301484704017639,0.23991990089416504,-1.5074081420898438,0.7848369479179382,-0.14621931314468384,-0.3932691216468811,0.2877255380153656,0.14342445135116577,0.8577080965042114,1.431879997253418,1.0833051204681396,1.186557650566101,-1.2715479135513306,-0.48530736565589905,3.9189999103546143,0.030187128111720085,-0.3354680836200714,-1.1037606000900269,1.260131597518921,0.1476629227399826,-1.0347216129302979,1.1046205759048462,-0.24974986910820007,1.1931017637252808,1.1999257802963257,0.3100449740886688,1.3232735395431519,-1.6719670295715332,-0.9564722180366516,0.00670486968010664,-0.1402638554573059,-0.5700468420982361,0.6058636903762817,0.46957898139953613,-0.07634573429822922,-0.1831284761428833,-0.8060939311981201,-0.6930521130561829,-0.6594869494438171,1.8680270910263062,2.331148386001587,-2.5372300148010254,-2.1778202056884766,-0.03814012557268143,0.050801604986190796,-0.6030505299568176,0.3560325801372528,0.304115891456604,0.17019018530845642,-0.34291934967041016,-0.8335684537887573,-0.8592279553413391,-0.6344686150550842,2.225205183029175,2.3014910221099854,-2.480795383453369,-2.1849284172058105,0.006632410455495119,1.3966046571731567,-4.359316825866699,1.1854969263076782,-2.7021572589874268,1.4821703433990479,-0.8116762042045593,0.5129438042640686,9.151848793029785,-3.948857069015503,3.842906951904297,-0.7105091214179993,-18.511857986450195,1.3683923482894897
2.202,0.0,0.0,0.0,-0.07845263928174973,0.7890917658805847,-0.3536141514778137,-0.17024914920330048,0.017466219142079353,-0.9852462410926819,0.800000011920929,0.0,0.0,0.0,-0.0258003082126379,0.060979489237070084,-0.6004985570907593,0.40401312708854675,0.2832864224910736,0.18042515218257904,-0.3469969928264618,-0.843544602394104,-0.7502280473709106,-0.700300931930542,2.198193073272705,2.3574745655059814,-2.4693100452423096,-2.2889719009399414,5.950845241546631,1.2796472311019897,6.188564300537109,16.236391067504883,-1.8411484956741333,2.3960635662078857,7.584533214569092,-6.862391948699951,20.647069931030273,-24.078556060791016,-10.105703353881836,21.21648406982422,-28.005895614624023,-27.672021865844727,0.030187128111720085,-0.3354680836200714,-1.1037606000900269,1.260131597518921,0.1476629227399826,-1.0347216129302979,1.1046205759048462,-0.24974986910820007,1.1931017637252808,1.1999257802963257,0.3100449740886688,1.3232735395431519,-1.6719670295715332,-0.9564722180366516,3.8989999294281006,-0.5536962747573853,-0.1345403641462326,-1.242908000946045,1.1341508626937866,0.06246548518538475,-0.7417553067207336,0.22266125679016113,0.12197335809469223,1.1180074214935303,1.3147773742675781,0.34332072734832764,0.3442531228065491,-0.7229899168014526,-0.3797054886817932,-0.24849282205104828,-0.07456954568624496,-0.6163132786750793,0.5709542632102966,0.44424736499786377,0.02775553986430168,-0.5464052557945251,-0.6540113091468811,-0.7106418609619141,-0.6187388896942139,1.8496969938278198,1.8964287042617798,-2.1287784576416016,-1.9383593797683716,-0.0258003082126379,0.060979489237070084,-0.6004985570907593,0.40401312708854675,0.2832864224910736,0.18042515218257904,-0.3469969928264618,-0.843544602394104,-0.7502280473709106,-0.700300931930542,2.198193073272705,2.3574745655059814,-2.4693100452423096,-2.2889719009399414,5.950845241546631,1.2796472311019897,6.188564300537109,16.236391067504883,-1.8411484956741333,2.3960635662078857,7.584533214569092,-6.862391948699951,20.647069931030273,-24.078556060791016,-10.105703353881836,21.21648406982422,-28.005895614624023,-27.672021865844727
2.223,0.0,0.0,0.0,1.4406214952468872,1.4327826499938965,-0.03745517134666443,-0.15312595665454865,-0.0016485195374116302,-0.9882053136825562,0.800000011920929,0.0,0.0,0.0,-0.0202159583568573,-0.01240361388772726,-0.5644981861114502,0.45708632469177246,0.3086775243282318,0.0903807282447815,-0.27327996492385864,-0.8493915796279907,-0.8032512664794922,-0.6473517417907715,2.051424503326416,2.2958226203918457,-2.5019736289978027,-2.146366834640503,-4.042160987854004,-3.3670265674591064,1.1503733396530151,-2.138533353805542,0.6124110817909241,-5.2816691398620605,-4.652531147003174,6.621757984161377,-3.635800838470459,18.91253089904785,-1.3884053230285645,-8.360507011413574,10.245903968811035,-1.5342706441879272,-0.5536962747573853,-0.1345403641462326,-1.242908000946045,1.1341508626937866,0.06246548518538475,-0.7417553067207336,0.22266125679016113,0.12197335809469223,1.1180074214935303,1.3147773742675781,0.34332072734832764,0.3442531228065491,-0.7229899168014526,-0.3797054886817932,3.878999948501587,0.06842227280139923,-0.43256667256355286,-0.7825084924697876,0.9712702631950378,-0.067824587225914,-0.11662964522838593,1.8356387615203857,-1.0354849100112915,0.9047865271568298,1.2120387554168701,1.073875904083252,1.224379539489746,-1.66898775100708,-0.7408493757247925,0.005940739065408707,-0.20211195945739746,-0.41376012563705444,0.4941670596599579,0.38308367133140564,0.31947219371795654,0.14310693740844727,-1.1596592664718628,-0.8083502054214478,-0.6608964800834656,2.1766138076782227,2.249013662338257,-2.51363205909729,-2.07692813873291,-0.0202159583568573,-0.01240361388772726,-0.5644981861114502,0.45708632469177246,0.3086775243282318,0.0903807282447815,-0.27327996492385864,-0.8493915796279907,-0.8032512664794922,-0.6473517417907715,2.051424503326416,2.2958226203918457,-2.5019736289978027,-2.146366834640503,-4.042160987854004,-3.3670265674591064,1.1503733396530151,-2.138533353805542,0.6124110817909241,-5.2816691398620605,-4.652531147003174,6.621757984161377,-3.635800838470459,18.91253089904785,-1.3884053230285645,-8.360507011413574,10.245903968811035,-1.5342706441879272
2.243,0.0,0.0,0.0,0.38010236620903015,1.28200364112854,0.07675504684448242,-0.12507116794586182,-0.04206235334277153,-0.9912557601928711,0.800000011920929,0.0,0.0,0.0,-0.053590524941682816,-0.0881858840584755,-0.5658227801322937,0.4275857210159302,0.30904290080070496,0.09492668509483337,-0.362230509519577,-0.7927345037460327,-0.8628076910972595,-0.7000287175178528,2.037313461303711,2.250958204269409,-2.3724918365478516,-2.305985450744629,-7.622246742248535,-11.34993839263916,-7.254704475402832,-3.7153079509735107,3.2080905437469482,9.347916603088379,-6.506594657897949,-5.941928863525391,-26.014842987060547,-30.270517349243164,6.945855140686035,16.1372013092041,-2.604724884033203,-25.688201904296875,0.06842227280139923,-0.43256667256355286,-0.7825084924697876,0.9712702631950378,-0.067824587225914,-0.11662964522838593,1.8356387615203857,-1.0354849100112915,0.9047865271568298,1.2120387554168701,1.073875904083252,1.224379539489746,-1.66898775100708,-0.7408493757247925,3.8589999675750732,-0.2718939781188965,0.5162205696105957,-1.189308762550354,0.926556408405304,-0.3076731562614441,-0.690977156162262,0.2537669539451599,0.38069623708724976,1.2862869501113892,1.1487096548080444,0.886795699596405,0.9629517197608948,-1.025202989578247,-0.9541126489639282,-0.12175821512937546,0.21208806335926056,-0.5765649080276489,0.46636706590652466,0.2690354585647583,0.09018750488758087,-0.4997841417789459,-0.5729425549507141,-0.6464459300041199,-0.6936102509498596,2.12511944770813,2.1666297912597656,-2.2624144554138184,-2.186753273010254,-0.053590524941682816,-0.0881858840584755,-0.5658227801322937,0.4275857210159302,0.30904290080070496,0.09492668509483337,-0.362230509519577,-0.7927345037460327,-0.8628076910972595,-0.7000287175178528,2.037313461303711,2.250958204269409,-2.3724918365478516,-2.305985450744629,-7.622246742248535,-11.34993839263916,-7.254704475402832,-3.7153079509735107,3.2080905437469482,9.347916603088379,-6.506594657897949,-5.941928863525391,-26.014842987060547,-30.270517349243164,6.945855140686035,16.1372013092041,-2.604724884033203,-25.688201904296875
2.2640000000000002,0.0,0.0,0.0,-1.2791163921356201,0.4777572751045227,-0.11514614522457123,-0.1076514795422554,-0.04057426378130913,-0.9933604001998901,0.800000011920929,0.0,0.0,0.0,-0.01599154993891716,-0.1374063491821289,-0.519275426864624,0.41800832748413086,0.2682987153530121,0.15454073250293732,-0.29718491435050964,-0.889763593673706,-0.7830949425697327,-0.7038915753364563,2.0304648876190186,2.239529609680176,-2.4334425926208496,-2.245177745819092,-2.0059332847595215,-0.6060472726821899,-0.45929208397865295,-8.377668380737305,-9.13593864440918,-0.1684418022632599,1.5038765668869019,6.653131484985352,27.26784324645996,2.4492170810699463,-2.9292240142822266,-14.526620864868164,25.51620864868164,-21.4177303314209,-0.2718939781188965,0.5162205696105957,-1.189308762550354,0.926556408405304,-0.3076731562614441,-0.690977156162262,0.2537669539451599,0.38069623708724976,1.2862869501113892,1.1487096548080444,0.886795699596405,0.9629517197608948,-1.025202989578247,-0.9541126489639282,3.8380000591278076,-0.2731638550758362,0.3199883699417114,-0.8279939889907837,0.9092256426811218,0.253572553396225,-0.14327310025691986,0.309186726808548,-0.2089148759841919,1.3067923784255981,1.0513358116149902,0.6416695713996887,0.8454842567443848,-0.9971885681152344,-1.029181957244873,-0.13509956002235413,0.16520357131958008,-0.4302537739276886,0.4557882249355316,0.5101912021636963,0.3137258291244507,-0.5391343832015991,-0.7795959115028381,-0.6210280060768127,-0.7406998872756958,2.0096631050109863,2.1055307388305664,-2.2246861457824707,-2.2315170764923096,-0.0027793629560619593,-0.11458060145378113,-0.5231713056564331,0.41532233357429504,0.2665483057498932,0.162353977560997,-0.3001288175582886,-0.8480778336524963,-0.7795310616493225,-0.7042321562767029,2.0848581790924072,2.1703686714172363,-2.3856594562530518,-2.247783660888672,1.7439895868301392,1.7808789014816284,1.1582387685775757,3.7051033973693848,-1.7834326028823853,0.7869234085083008,-3.47957181930542,2.798440933227539,4.621573448181152,-0.3614121079444885,4.022050857543945,1.2555440664291382,21.268386840820312,2.468755006790161
2.283,0.0,0.0,0.0,-0.10291220247745514,0.07716318219900131,-0.2079593688249588,-0.10182122141122818,-0.03011990711092949,-0.9943466186523438,0.800000011920929,0.0,0.0,0.0,0.007748004049062729,-0.10461587458848953,-0.503555417060852,0.4280085861682892,0.26332807540893555,0.19056697189807892,-0.3172558844089508,-0.8121536374092102,-0.7598924040794373,-0.7735407948493958,2.09340763092041,2.14863657951355,-2.317518472671509,-2.2431092262268066,0.12606202065944672,-0.1776089072227478,7.868021011352539,1.425359845161438,0.6851882338523865,10.76646900177002,-3.849189281463623,6.251576900482178,0.1691393107175827,-29.081235885620117,-6.996011734008789,-1.0205157995224,24.213815689086914,-30.709718704223633,-0.2731638550758362,0.3199883699417114,-0.8279939889907837,0.9092256426811218,0.253572553396225,-0.14327310025691986,0.309186726808548,-0.2089148759841919,1.3067923784255981,1.0513358116149902,0.6416695713996887,0.8454842567443848,-0.9971885681152344,-1.029181957244873,3.819000005722046,-0.29249781370162964,0.332973837852478,-0.960417628288269,1.0470603704452515,-0.07129557430744171,-0.5317506194114685,0.14655622839927673,-0.3383299708366394,1.0579748153686523,1.0385552644729614,0.7183689475059509,0.8733275532722473,-0.6769280433654785,-0.8979518413543701,-0.14513397216796875,0.1663585752248764,-0.47521328926086426,0.516755998134613,0.38811612129211426,0.1612648069858551,-0.6162530779838562,-0.8584980368614197,-0.73045414686203,-0.7511600852012634,2.0326321125030518,2.111950397491455,-2.076796054840088,-2.1769402027130127,0.007748004049062729,-0.10461587458848953,-0.503555417060852,0.4280085861682892,0.26332807540893555,0.19056697189807892,-0.3172558844089508,-0.8121536374092102,-0.7598924040794373,-0.7735407948493958,2.09340763092041,2.14863657951355,-2.317518472671509,-2.2431092262268066,0.12606202065944672,-0.1776089072227478,7.868021011352539,1.425359845161438,0.6851882338523865,10.76646900177002,-3.849189281463623,6.251576900482178,0.1691393107175827,-29.081235885620117,-6.996011734008789,-1.0205157995224,24.213815689086914,-30.709718704223633
2.303,0.0,0.0,0.0,-1.1834003925323486,-0.1305844932794571,-0.4694020748138428,-0.10575398802757263,-0.02130170352756977,-0.9941641092300415,0.800000011920929,0.0,0.0,0.0,0.009113875217735767,-0.07616885006427765,-0.4385643005371094,0.4439624547958374,0.285547137260437,0.21194708347320557,-0.40918493270874023,-0.8228076696395874,-0.8010187149047852,-0.7682777643203735,2.082169532775879,2.1344335079193115,-2.2372868061065674,-2.163224935531616,-0.6917486190795898,1.4224727153778076,-0.4157583713531494,3.5078976154327393,2.5423614978790283,-2.7865922451019287,-12.726632118225098,-8.85570240020752,-22.695419311523438,5.678745746612549,5.585040092468262,6.052280426025391,25.402118682861328,11.500439643859863,-0.29249781370162964,0.332973837852478,-0.960417628288269,1.0470603704452515,-0.07129557430744171,-0.5317506194114685,0.14655622839927673,-0.3383299708366394,1.0579748153686523,1.0385552644729614,0.7183689475059509,0.8733275532722473,-0.6769280433654785,-0.8979518413543701,3.7990000247955322,0.10100837051868439,0.3693629801273346,-1.0160553455352783,0.48853158950805664,-0.2103281319141388,-0.4639246463775635,1.2368577718734741,-0.2548746168613434,1.2307854890823364,1.459863543510437,0.34801703691482544,1.4752907752990723,-0.8572329878807068,-0.816030740737915,0.03094036690890789,0.1828491985797882,-0.5047462582588196,0.27151480317115784,0.31334397196769714,0.17654038965702057,-0.13332928717136383,-0.8288333415985107,-0.6636319756507874,-0.5626174211502075,1.868270754814148,2.3834757804870605,-2.143144369125366,-2.134617567062378,0.009113875217735767,-0.07616885006427765,-0.4385643005371094,0.4439624547958374,0.285547137260437,0.21194708347320557,-0.40918493270874023,-0.8228076696395874,-0.8010187149047852,-0.7682777643203735,2.082169532775879,2.1344335079193115,-2.2372868061065674,-2.163224935531616,-0.6917486190795898,1.4224727153778076,-0.4157583713531494,3.5078976154327393,2.5423614978790283,-2.7865922451019287,-12.726632118225098,-8.85570240020752,-22.695419311523438,5.678745746612549,5.585040092468262,6.052280426025391,25.402118682861328,11.500439643859863
2.323,0.0,0.0,0.0,-0.6146366596221924,-1.7755922079086304,-1.5799580812454224,-0.12397974729537964,-0.018436117097735405,-0.992113471031189,0.800000011920929,0.0,0.0,0.0,0.013790454715490341,-0.03368201106786728,-0.44225284457206726,0.4561930000782013,0.25288093090057373,0.19439153373241425,-0.4854128360748291,-0.8663188815116882,-0.7182681560516357,-0.722100555896759,2.0642614364624023,2.142462730407715,-2.3033668994903564,-2.1529197692871094,1.070151448249817,1.185861349105835,-1.9591423273086548,-3.874265670776367,-7.719993591308594,-5.7038445472717285,7.836973190307617,-3.067570686340332,19.402542114257812,13.013585090637207,-10.7777099609375,1.8531550168991089,-22.325321197509766,22.5179386138916,0.10100837051868439,0.3693629801273346,-1.0160553455352783,0.48853158950805664,-0.2103281319141388,-0.4639246463775635,1.2368577718734741,-0.2548746168613434,1.2307854890823364,1.459863543510437,0.34801703691482544,1.4752907752990723,-0.8572329878807068,-0.816030740737915,3.7790000438690186,-0.37037622928619385,-0.2934625744819641,-0.8477100133895874,0.9718212485313416,0.43149787187576294,-0.289397656917572,0.5276504755020142,-0.21800735592842102,1.2710256576538086,1.1394824981689453,0.5881300568580627,0.6315812468528748,-0.9744820594787598,-0.2058950662612915,-0.16357526183128357,-0.11377324163913727,-0.4319441020488739,0.4644710421562195,0.5946884155273438,0.2566050887107849,-0.4041801691055298,-0.8092765808105469,-0.6388416886329651,-0.6879345774650574,1.9598854780197144,2.030959129333496,-2.2025413513183594,-1.8558244705200195,0.013790454715490341,-0.03368201106786728,-0.44225284457206726,0.4561930000782013,0.25288093090057373,0.19439153373241425,-0.4854128360748291,-0.8663188815116882,-0.7182681560516357,-0.722100555896759,2.0642614364624023,2.142462730407715,-2.3033668994903564,-2.1529197692871094,1.070151448249817,1.185861349105835,-1.9591423273086548,-3.874265670776367,-7.719993591308594,-5.7038445472717285,7.836973190307617,-3.067570686340332,19.402542114257812,13.013585090637207,-10.7777099609375,1.8531550168991089,-22.325321197509766,22.5179386138916
2.344,0.0,0.0,0.0,0.020981797948479652,-1.0877786874771118,-0.3409545421600342,-0.15449506044387817,-0.012569176964461803,-0.9879136085510254,0.800000011920929,0.0,0.0,0.0,0.020963158458471298,0.0152082284912467,-0.45788607001304626,0.38130903244018555,0.24120962619781494,0.20687974989414215,-0.3787950575351715,-0.8437001705169678,-0.7141385674476624,-0.7443649768829346,2.0151638984680176,2.2175183296203613,-2.3718831539154053,-2.088822364807129,-2.261948585510254,0.7311509847640991,2.3423309326171875,-2.062181234359741,3.0390079021453857,10.475318908691406,-2.098377227783203,4.015663146972656,-1.4747310876846313,-27.5218563079834,11.97022533416748,-10.232683181762695,-22.864604949951172,28.92789077758789,-0.37037622928619385,-0.2934625744819641,-0.8477100133895874,0.9718212485313416,0.43149787187576294,-0.289397656917572,0.5276504755020142,-0.21800735592842102,1.2710256576538086,1.1394824981689453,0.5881300568580627,0.6315812468528748,-0.9744820594787598,-0.2058950662612915,3.757999897003174,0.48129814863204956,-0.35561811923980713,-1.0920064449310303,1.0166282653808594,-0.16153542697429657,-0.5991787910461426,0.9172953367233276,-0.6198373436927795,1.0966423749923706,0.7473685145378113,0.7262867093086243,1.2907307147979736,-1.1954115629196167,-0.8624992370605469,0.20022663474082947,-0.17140546441078186,-0.5345972776412964,0.5039297938346863,0.35595786571502686,0.12521004676818848,-0.25592508912086487,-0.9881443977355957,-0.7148350477218628,-0.8769176006317139,2.031217575073242,2.2923247814178467,-2.3078994750976562,-2.1234171390533447,-0.03305704519152641,-0.010445576161146164,-0.4354134798049927,0.3820454180240631,0.28426486253738403,0.22371935844421387,-0.4049200415611267,-0.815865159034729,-0.7012830972671509,-0.6988875269889832,2.049492359161377,2.2161076068878174,-2.3285834789276123,-2.1027441024780273,-4.957718372344971,-2.757765769958496,2.1209588050842285,0.6175855994224548,4.924911022186279,5.099276542663574,-0.12227725237607956,0.1037895455956459,-0.06681511551141739,-12.978368759155273,-3.067089319229126,1.8609449863433838,7.033614635467529,2.2050366401672363
2.363,0.0,0.0,0.0,-0.5330326557159424,0.5767254829406738,-0.9061813354492188,-0.15999619662761688,-0.008851093240082264,-0.9870779514312744,0.800000011920929,0.0,0.0,0.0,-0.06644104421138763,-0.029768386855721474,-0.43034377694129944,0.3868800699710846,0.32220733165740967,0.23419514298439026,-0.4022975564002991,-0.8117013573646545,-0.6898896098136902,-0.7043721675872803,2.0522449016571045,2.215766429901123,-2.3036797046661377,-2.0806636810302734,-3.3500356674194336,-1.9072930812835693,0.9314125180244446,0.8741219639778137,4.792695045471191,-2.2547080516815186,0.9201505780220032,0.7053400874137878,1.9059555530548096,11.617497444152832,0.11073180288076401,-0.9210302233695984,1.0975921154022217,2.8226635456085205,0.48129814863204956,-0.35561811923980713,-1.0920064449310303,1.0166282653808594,-0.16153542697429657,-0.5991787910461426,0.9172953367233276,-0.6198373436927795,1.0966423749923706,0.7473685145378113,0.7262867093086243,1.2907307147979736,-1.1954115629196167,-0.8624992370605469,3.739000082015991,0.0878828763961792,-0.5248656272888184,-0.7758405804634094,1.1953606605529785,-0.3929542303085327,0.16257384419441223,1.393660068511963,-0.8139134645462036,1.0304415225982666,0.814660906791687,1.1032578945159912,1.4430323839187622,-1.5655661821365356,-1.0799328088760376,0.059569958597421646,-0.2533300817012787,-0.40258798003196716,0.5883052945137024,0.22794638574123383,0.45485919713974,-0.026735452935099602,-1.0933655500411987,-0.7522248029708862,-0.8655343651771545,2.2079875469207764,2.3869972229003906,-2.4850046634674072,-2.248021364212036,-0.06644104421138763,-0.029768386855721474,-0.43034377694129944,0.3868800699710846,0.32220733165740967,0.23419514298439026,-0.4022975564002991,-0.8117013573646545,-0.6898896098136902,-0.7043721675872803,2.0522449016571045,2.215766429901123,-2.3036797046661377,-2.0806636810302734,-3.3500356674194336,-1.9072930812835693,0.9314125180244446,0.8741219639778137,4.792695045471191,-2.2547080516815186,0.9201505780220032,0.7053400874137878,1.9059555530548096,11.617497444152832,0.11073180288076401,-0.9210302233695984,1.0975921154022217,2.8226635456085205
2.383,0.0,0.0,0.0,-1.608630895614624,-0.07658722251653671,0.10675548017024994,-0.15407641232013702,0.01721721515059471,-0.9879088997840881,0.800000011920929,0.0,0.0,0.0,-0.011480831541121006,-0.10895908623933792,-0.4854932129383087,0.4980718791484833,0.34527796506881714,0.18879754841327667,-0.3122709095478058,-0.9127872586250305,-0.7633854746818542,-0.8012466430664062,2.097609758377075,2.358154296875,-2.4730749130249023,-2.236772060394287,0.9334253668785095,-7.138029098510742,-0.019080480560660362,15.012162208557129,-0.38055187463760376,2.494347095489502,7.409305572509766,-11.816069602966309,-11.696327209472656,-9.961527824401855,3.9928877353668213,22.383560180664062,-20.431621551513672,-23.073694229125977,0.0878828763961792,-0.5248656272888184,-0.7758405804634094,1.1953606605529785,-0.3929542303085327,0.16257384419441223,1.393660068511963,-0.8139134645462036,1.0304415225982666,0.814660906791687,1.1032578945159912,1.4430323839187622,-1.5655661821365356,-1.0799328088760376,3.7190001010894775,0.15029388666152954,0.28523164987564087,-1.834262490272522,0.7022978663444519,-0.02575867809355259,-0.15099544823169708,0.040157586336135864,0.486640602350235,1.3803731203079224,0.9745512008666992,0.531419038772583,0.7448831796646118,-1.0093653202056885,-0.6595136523246765,0.07358924299478531,0.10302122682332993,-0.8656769394874573,0.3748645484447479,0.3803832232952118,0.3467179536819458,-0.6128926277160645,-0.5186382532119751,-0.5984945893287659,-0.7924454212188721,1.9683372974395752,2.0822970867156982,-2.252424716949463,-2.0712931156158447,-0.011480831541121006,-0.10895908623933792,-0.4854932129383087,0.4980718791484833,0.34527796506881714,0.18879754841327667,-0.3122709095478058,-0.9127872586250305,-0.7633854746818542,-0.8012466430664062,2.097609758377075,2.358154296875,-2.4730749130249023,-2.236772060394287,0.9334253668785095,-7.138029098510742,-0.019080480560660362,15.012162208557129,-0.38055187463760376,2.494347095489502,7.409305572509766,-11.816069602966309,-11.696327209472656,-9.961527824401855,3.9928877353668213,22.383560180664062,-20.431621551513672,-23.073694229125977
2.403,0.0,0.0,0.0,-0.7845041155815125,-0.12235577404499054,-1.237815022468567,-0.15663224458694458,0.03929809480905533,-0.9868748784065247,0.800000011920929,0.0,0.0,0.0,0.01661977544426918,-0.21058975160121918,-0.4601261019706726,0.5374550819396973,0.28433647751808167,0.21579958498477936,-0.19336599111557007,-0.9759634137153625,-0.7213530540466309,-0.7544629573822021,2.1082515716552734,2.271103620529175,-2.3253965377807617,-2.0754292011260986,1.7242813110351562,-1.5070679187774658,-2.5096397399902344,-13.15640926361084,-2.725926637649536,-7.280592918395996,4.256895065307617,7.760523319244385,8.578193664550781,28.147655487060547,-4.543248176574707,-24.83249282836914,24.539884567260742,21.38210105895996,0.15029388666152954,0.28523164987564087,-1.834262490272522,0.7022978663444519,-0.02575867809355259,-0.15099544823169708,0.040157586336135864,0.486640602350235,1.3803731203079224,0.9745512008666992,0.531419038772583,0.7448831796646118,-1.0093653202056885,-0.6595136523246765,3.697999954223633,-0.6989542841911316,0.2752309739589691,-0.7006497383117676,0.9189448952674866,0.0663786232471466,-0.3930894136428833,0.3562467694282532,-0.4474967122077942,0.6824967861175537,1.2813115119934082,0.5071540474891663,1.0604851245880127,-1.0235830545425415,-0.6361979842185974,-0.30717048048973083,0.13415606319904327,-0.4018600881099701,0.45101165771484375,0.43708866834640503,0.22696155309677124,-0.529268205165863,-0.881527304649353,-0.8971658945083618,-0.6470943689346313,1.9334529638290405,2.193847894668579,-2.235564708709717,-2.043128252029419,0.01661977544426918,-0.21058975160121918,-0.4601261019706726,0.5374550819396973,0.28433647751808167,0.21579958498477936,-0.19336599111557007,-0.9759634137153625,-0.7213530540466309,-0.7544629573822021,2.1082515716552734,2.271103620529175,-2.3253965377807617,-2.0754292011260986,1.7242813110351562,-1.5070679187774658,-2.5096397399902344,-13.15640926361084,-2.725926637649536,-7.280592918395996,4.256895065307617,7.760523319244385,8.578193664550781,28.147655487060547,-4.543248176574707,-24.83249282836914,24.539884567260742,21.38210105895996
2.423,0.0,0.0,0.0,-0.29554328322410583,0.09589972347021103,-0.9187321066856384,-0.16270551085472107,0.05126262828707695,-0.9853420853614807,0.800000011920929,0.0,0.0,0.0,0.05036090314388275,-0.13709986209869385,-0.5540366768836975,0.5042409896850586,0.33429214358329773,0.2084636688232422,-0.20244891941547394,-0.8957233428955078,-0.7801995277404785,-0.6765415072441101,2.111126184463501,2.2086594104766846,-2.2955849170684814,-2.144266366958618,-0.45253926515579224,8.269865989685059,1.8491839170455933,10.292356491088867,11.16287899017334,-7.816549301147461,-0.7706664800643921,-8.913976669311523,-27.466352462768555,25.007020950317383,-11.757123947143555,14.5828218460083,25.279211044311523,10.42835521697998,-0.6989542841911316,0.2752309739589691,-0.7006497383117676,0.9189448952674866,0.0663786232471466,-0.3930894136428833,0.3562467694282532,-0.4474967122077942,0.6824967861175537,1.2813115119934082,0.5071540474891663,1.0604851245880127,-1.0235830545425415,-0.6361979842185974,3.678999900817871,-0.661836564540863,-0.09536886215209961,-1.4192845821380615,0.6575051546096802,-0.4738359749317169,-0.40447378158569336,0.9798794984817505,-0.440373033285141,0.9129500985145569,1.7554466724395752,0.6715649962425232,0.8509304523468018,-1.0689727067947388,-0.10479612648487091,-0.328543484210968,-0.029500378295779228,-0.678864061832428,0.3409784734249115,0.1996626853942871,0.20986294746398926,-0.24027101695537567,-0.9146105647087097,-0.8233290910720825,-0.4191984534263611,2.0039494037628174,2.110703468322754,-2.2543041706085205,-1.8011810779571533,0.05036090314388275,-0.13709986209869385,-0.5540366768836975,0.5042409896850586,0.33429214358329773,0.2084636688232422,-0.20244891941547394,-0.8957233428955078,-0.7801995277404785,-0.6765415072441101,2.111126184463501,2.2086594104766846,-2.2955849170684814,-2.144266366958618,-0.45253926515579224,8.269865989685059,1.8491839170455933,10.292356491088867,11.16287899017334,-7.816549301147461,-0.7706664800643921,-8.913976669311523,-27.466352462768555,25.007020950317383,-11.757123947143555,14.5828218460083,25.279211044311523,10.42835521697998
2.445,0.0,0.0,0.0,3.6089770793914795,1.0451580286026,-0.8444855213165283,-0.15044453740119934,-0.023519348353147507,-0.9883386492729187,0.800000011920929,0.0,0.0,0.0,0.0065324860624969006,-0.05813831463456154,-0.5958732962608337,0.5072144865989685,0.34418776631355286,0.17391245067119598,-0.22894050180912018,-0.9227866530418396,-0.7763140201568604,-0.586685836315155,2.1035728454589844,2.2468745708465576,-2.293006181716919,-2.103917360305786,-6.601766586303711,-6.465888023376465,-15.710240364074707,-8.246194839477539,-10.262171745300293,-7.357479572296143,1.319814682006836,-8.560906410217285,20.152864456176758,25.73101806640625,5.932950019836426,5.051206588745117,-23.183778762817383,9.851639747619629,-0.661836564540863,-0.09536886215209961,-1.4192845821380615,0.6575051546096802,-0.4738359749317169,-0.40447378158569336,0.9798794984817505,-0.440373033285141,0.9129500985145569,1.7554466724395752,0.6715649962425232,0.8509304523468018,-1.0689727067947388,-0.10479612648487091,3.6570000648498535,-0.039467498660087585,0.050709642469882965,-1.0299876928329468,1.1976401805877686,0.2771085500717163,-0.5794909596443176,0.5969604253768921,0.2500947415828705,0.8662181496620178,1.1327672004699707,0.7147717475891113,0.6475763916969299,-1.3842748403549194,-0.3843267560005188,-0.050614722073078156,0.019869301468133926,-0.531380832195282,0.5730358958244324,0.5138450860977173,0.12939535081386566,-0.3836848735809326,-0.6072083711624146,-0.8369747400283813,-0.6766145825386047,2.030441999435425,2.0108797550201416,-2.398064136505127,-1.9027750492095947,-0.053965918719768524,-0.08855906873941422,-0.6739920973777771,0.4482707977294922,0.29826271533966064,0.17315435409545898,-0.2238985300064087,-0.9481498599052429,-0.8140718936920166,-0.5832368731498718,2.0811266899108887,2.2660367488861084,-2.284430980682373,-2.079144239425659,-3.1515071392059326,-1.6164406538009644,-1.6303412914276123,-2.2668488025665283,-6.579032897949219,-2.0075418949127197,1.952516794204712,0.8723154664039612,9.4159517288208,3.894151210784912,-1.0224697589874268,-1.1841223239898682,-18.020164489746094,0.4148153066635132
2.462,0.0,0.0,0.0,-3.334523916244507,1.457728385925293,0.2063131183385849,-0.13011018931865692,0.014912169426679611,-0.9913873672485352,0.800000011920929,0.0,0.0,0.0,-0.051692839711904526,-0.06505102664232254,-0.6381270289421082,0.453983336687088,0.28011178970336914,0.18822604417800903,-0.22867560386657715,-0.9145715832710266,-0.8304253220558167,-0.6480506062507629,2.0616347789764404,2.226731777191162,-2.2382116317749023,-2.0821533203125,8.618623733520508,11.734373092651367,12.05345344543457,5.654757499694824,3.8025033473968506,5.881117343902588,0.06454477459192276,11.308233261108398,-16.316879272460938,-23.200109481811523,0.5249559283256531,-12.486824989318848,-9.31474781036377,-3.6679961681365967,-0.039467498660087585,0.050709642469882965,-1.0299876928329468,1.1976401805877686,0.2771085500717163,-0.5794909596443176,0.5969604253768921,0.2500947415828705,0.8662181496620178,1.1327672004699707,0.7147717475891113,0.6475763916969299,-1.3842748403549194,-0.3843267560005188,3.6389999389648438,0.19125306606292725,-0.255728155374527,-1.2493138313293457,1.0625267028808594,-0.048890624195337296,-0.4885711073875427,1.4226375818252563,-0.956464946269989,1.1591308116912842,1.1813920736312866,0.7132238149642944,1.602858543395996,-1.2115051746368408,-0.6923918724060059,0.08100240677595139,-0.11309073865413666,-0.6153292655944824,0.5354406237602234,0.3985637128353119,0.16226252913475037,-0.02647155150771141,-1.119420051574707,-0.7065286040306091,-0.6804749965667725,2.0323948860168457,2.430774450302124,-2.334693670272827,-2.0515637397766113,-0.051692839711904526,-0.06505102664232254,-0.6381270289421082,0.453983336687088,0.28011178970336914,0.18822604417800903,-0.22867560386657715,-0.9145715832710266,-0.8304253220558167,-0.6480506062507629,2.0616347789764404,2.226731777191162,-2.2382116317749023,-2.0821533203125,8.618623733520508,11.734373092651367,12.05345344543457,5.654757499694824,3.8025033473968506,5.881117343902588,0.06454477459192276,11.308233261108398,-16.316879272460938,-23.200109481811523,0.5249559283256531,-12.486824989318848,-9.31474781036377,-3.6679961681365967
2.482,0.0,0.0,0.0,1.1746306419372559,-0.015770725905895233,-1.3436540365219116,-0.1203736886382103,-0.013657339848577976,-0.9926347136497498,0.800000011920929,0.0,0.0,0.0,-0.029604798182845116,-0.021832890808582306,-0.5653389096260071,0.5246352553367615,0.2880595624446869,0.1530994027853012,-0.2892724871635437,-0.8112916350364685,-0.8166727423667908,-0.6447774171829224,2.072171449661255,2.176527738571167,-2.295994281768799,-2.2577083110809326,-4.610538959503174,-9.612866401672363,-8.680045127868652,-2.127784490585327,-7.9964518547058105,-1.6751831769943237,0.1184939295053482,-5.828370094299316,16.7215633392334,5.253289222717285,-6.397439479827881,18.91245460510254,31.35043716430664,-27.86724090576172,0.19125306606292725,-0.255728155374527,-1.2493138313293457,1.0625267028808594,-0.048890624195337296,-0.4885711073875427,1.4226375818252563,-0.956464946269989,1.1591308116912842,1.1813920736312866,0.7132238149642944,1.602858543395996,-1.2115051746368408,-0.6923918724060059,3.61899995803833,-0.33769774436950684,0.47913485765457153,-1.1324560642242432,0.837480366230011,0.09392149746417999,-0.13122592866420746,-0.2390516996383667,0.26990780234336853,1.3408876657485962,1.1591159105300903,0.670291543006897,0.33011552691459656,-1.2067792415618896,-0.6563274264335632,-0.1438637375831604,0.2043016105890274,-0.5711381435394287,0.430410236120224,0.45130103826522827,0.32635459303855896,-0.7385103702545166,-0.6187734007835388,-0.6116933822631836,-0.6908853650093079,2.013270616531372,1.9000293016433716,-2.326230049133301,-2.050213575363159,-0.029604798182845116,-0.021832890808582306,-0.5653389096260071,0.5246352553367615,0.2880595624446869,0.1530994027853012,-0.2892724871635437,-0.8112916350364685,-0.8166727423667908,-0.6447774171829224,2.072171449661255,2.176527738571167,-2.295994281768799,-2.2577083110809326,-4.610538959503174,-9.612866401672363,-8.680045127868652,-2.127784490585327,-7.9964518547058105,-1.6751831769943237,0.1184939295053482,-5.828370094299316,16.7215633392334,5.253289222717285,-6.397439479827881,18.91245460510254,31.35043716430664,-27.86724090576172
2.503,0.0,0.0,0.0,-1.6211814880371094,0.21766915917396545,-0.512457549571991,-0.11863559484481812,0.0018638832261785865,-0.9929361343383789,0.800000011920929,0.0,0.0,0.0,0.007304379250854254,-0.059496767818927765,-0.6286693811416626,0.5084665417671204,0.26765894889831543,0.17688678205013275,-0.20323686301708221,-0.8994160890579224,-0.7039235234260559,-0.6960476636886597,2.0170958042144775,2.243229866027832,-2.32484769821167,-2.1562914848327637,0.8308447599411011,3.7003679275512695,3.97149395942688,-9.238866806030273,-0.25027912855148315,8.281684875488281,0.5017582774162292,11.055938720703125,20.236804962158203,-15.915047645568848,-2.7757692337036133,-17.38587760925293,7.204141139984131,-10.328088760375977,-0.33769774436950684,0.47913485765457153,-1.1324560642242432,0.837480366230011,0.09392149746417999,-0.13122592866420746,-0.2390516996383667,0.26990780234336853,1.3408876657485962,1.1591159105300903,0.670291543006897,0.33011552691459656,-1.2067792415618896,-0.6563274264335632,3.5980000495910645,-0.18590372800827026,-0.0684884637594223,-0.7917125821113586,0.9641688466072083,0.12422654032707214,-0.315172016620636,0.4337969124317169,-0.6237399578094482,1.0202196836471558,0.8229101300239563,0.7689837217330933,1.06377375125885,-0.9125508069992065,-1.0952656269073486,-0.0980430468916893,-0.010389646515250206,-0.41338446736335754,0.47691699862480164,0.47021204233169556,0.25998803973197937,-0.5069323778152466,-0.9708502292633057,-0.7465104460716248,-0.843218982219696,2.055769681930542,2.1771011352539062,-2.192981004714966,-2.247600793838501,0.007304379250854254,-0.059496767818927765,-0.6286693811416626,0.5084665417671204,0.26765894889831543,0.17688678205013275,-0.20323686301708221,-0.8994160890579224,-0.7039235234260559,-0.6960476636886597,2.0170958042144775,2.243229866027832,-2.32484769821167,-2.1562914848327637,0.8308447599411011,3.7003679275512695,3.97149395942688,-9.238866806030273,-0.25027912855148315,8.281684875488281,0.5017582774162292,11.055938720703125,20.236804962158203,-15.915047645568848,-2.7757692337036133,-17.38587760925293,7.204141139984131,-10.328088760375977
2.524,0.0,0.0,0.0,0.5941077470779419,-0.09695805609226227,-0.4745802581310272,-0.11656972765922546,0.002148204715922475,-0.9931802153587341,0.800000011920929,0.0,0.0,0.0,0.02216903306543827,0.0030380042735487223,-0.5684570074081421,0.4665440618991852,0.3019297122955322,0.23425157368183136,-0.3438352048397064,-0.7982763051986694,-0.7191566228866577,-0.7104598879814148,2.0694034099578857,2.0960733890533447,-2.3092944622039795,-2.161646842956543,1.4693827629089355,1.496307134628296,2.784231662750244,2.8593990802764893,0.9149442911148071,-0.1345224231481552,-7.877713680267334,4.163857936859131,0.13776737451553345,1.5705562829971313,2.7277791500091553,-1.1704999208450317,-14.722752571105957,-7.8893561363220215,-0.18590372800827026,-0.0684884637594223,-0.7917125821113586,0.9641688466072083,0.12422654032707214,-0.315172016620636,0.4337969124317169,-0.6237399578094482,1.0202196836471558,0.8229101300239563,0.7689837217330933,1.06377375125885,-0.9125508069992065,-1.0952656269073486,3.5789999961853027,0.2322046160697937,-0.3397466242313385,-1.0365732908248901,0.6105415225028992,0.31397008895874023,-0.5684985518455505,1.5355771780014038,-0.6837269067764282,0.7826049327850342,1.1048054695129395,0.5918168425559998,1.3359160423278809,-1.4510457515716553,-0.8199835419654846,0.09468777477741241,-0.15392494201660156,-0.5077964067459106,0.3224353790283203,0.5574877262115479,0.13935445249080658,0.012026514858007431,-1.0330520868301392,-0.8669188022613525,-0.7315994501113892,1.9802945852279663,2.3272721767425537,-2.421978712081909,-2.143462657928467,0.0242985300719738,-0.030764805153012276,-0.5181901454925537,0.5066131949424744,0.3290461599826813,0.21795158088207245,-0.4097241759300232,-0.8358139395713806,-0.7474428415298462,-0.7705181837081909,2.0521812438964844,2.183314323425293,-2.285210132598877,-2.226682424545288,-1.265668511390686,-3.253985643386841,3.4545161724090576,-0.1768198013305664,-0.962571382522583,-4.679175853729248,-4.534339427947998,-0.9584757685661316,12.596951484680176,8.906582832336426,-1.9573770761489868,2.343632221221924,3.207008123397827,-11.485184669494629
2.543,0.0,0.0,0.0,3.9414639472961426,-0.3781605064868927,-1.8755991458892822,-0.11991521716117859,-0.043184395879507065,-0.9918444752693176,0.800000011920929,0.0,0.0,0.0,0.01969088613986969,-0.04557962343096733,-0.4943534731864929,0.48144564032554626,0.38869956135749817,0.1970466673374176,-0.4127693772315979,-0.8593159317970276,-0.8655112385749817,-0.7379902005195618,2.0101850032806396,2.1610944271087646,-2.3091282844543457,-2.1662938594818115,1.6041157245635986,-0.7479948997497559,2.00945782661438,-7.264932155609131,12.997014999389648,-7.011961460113525,7.799013137817383,-6.848525524139404,-25.415918350219727,23.421310424804688,-11.394501686096191,-6.282304763793945,-24.460525512695312,26.475801467895508,0.2322046160697937,-0.3397466242313385,-1.0365732908248901,0.6105415225028992,0.31397008895874023,-0.5684985518455505,1.5355771780014038,-0.6837269067764282,0.7826049327850342,1.1048054695129395,0.5918168425559998,1.3359160423278809,-1.4510457515716553,-0.8199835419654846,3.559000015258789,-0.8455116152763367,-0.18475480377674103,-1.4556410312652588,0.6456003785133362,-0.5580180883407593,-0.45511937141418457,0.3506633937358856,0.09401498734951019,0.3788146376609802,1.4125540256500244,0.6288450360298157,0.7552842497825623,-0.7127068638801575,0.06382409483194351,-0.3710114657878876,-0.09853215515613556,-0.7058181166648865,0.32276371121406555,0.1738206297159195,0.17831172049045563,-0.46928876638412476,-0.6892884373664856,-1.060665249824524,-0.5819506049156189,1.9894096851348877,2.081005096435547,-2.112626075744629,-1.735335350036621,0.01969088613986969,-0.04557962343096733,-0.4943534731864929,0.48144564032554626,0.38869956135749817,0.1970466673374176,-0.4127693772315979,-0.8593159317970276,-0.8655112385749817,-0.7379902005195618,2.0101850032806396,2.1610944271087646,-2.3091282844543457,-2.1662938594818115,1.6041157245635986,-0.7479948997497559,2.00945782661438,-7.264932155609131,12.997014999389648,-7.011961460113525,7.799013137817383,-6.848525524139404,-25.415918350219727,23.421310424804688,-11.394501686096191,-6.282304763793945,-24.460525512695312,26.475801467895508
2.5629999999999997,0.0,0.0,0.0,2.0781867504119873,-0.5105320811271667,-0.42630016803741455,-0.1267438679933548,-0.06454101949930191,-0.9898335337638855,0.800000011920929,0.0,0.0,0.0,0.04181823879480362,-0.11958657950162888,-0.556969404220581,0.37182506918907166,0.4920332729816437,0.11211038380861282,-0.3207542896270752,-0.9515408277511597,-0.9253441095352173,-0.6507231593132019,1.9635645151138306,2.2047901153564453,-2.344215154647827,-2.1438162326812744,0.7466569542884827,1.2432730197906494,-0.8767016530036926,-1.8532401323318481,6.330556392669678,-5.6025776863098145,-4.5300140380859375,3.764402389526367,-24.571739196777344,11.680695533752441,5.517094135284424,-6.372259616851807,7.385575771331787,3.037672281265259,-0.8455116152763367,-0.18475480377674103,-1.4556410312652588,0.6456003785133362,-0.5580180883407593,-0.45511937141418457,0.3506633937358856,0.09401498734951019,0.3788146376609802,1.4125540256500244,0.6288450360298157,0.7552842497825623,-0.7127068638801575,0.06382409483194351,3.5390000343322754,-0.47585463523864746,0.4317236840724945,-0.9835739135742188,0.3705761730670929,-0.3280312120914459,-0.884943962097168,1.6799709796905518,-0.884610116481781,0.525379478931427,2.017336368560791,0.5413990616798401,1.4008280038833618,-0.8667076826095581,-0.3772597312927246,-0.2512357234954834,0.18442243337631226,-0.5131900310516357,0.19903564453125,0.2389480173587799,-0.01121360994875431,0.08076807856559753,-1.095293402671814,-1.0140857696533203,-0.2948336899280548,1.9509705305099487,2.3468730449676514,-2.150991201400757,-1.8930103778839111,0.04181823879480362,-0.11958657950162888,-0.556969404220581,0.37182506918907166,0.4920332729816437,0.11211038380861282,-0.3207542896270752,-0.9515408277511597,-0.9253441095352173,-0.6507231593132019,1.9635645151138306,2.2047901153564453,-2.344215154647827,-2.1438162326812744,0.7466569542884827,1.2432730197906494,-0.8767016530036926,-1.8532401323318481,6.330556392669678,-5.6025776863098145,-4.5300140380859375,3.764402389526367,-24.571739196777344,11.680695533752441,5.517094135284424,-6.372259616851807,7.385575771331787,3.037672281265259
2.583,0.0,0.0,0.0,-0.9665313363075256,-1.3424463272094727,-1.3192555904388428,-0.14734911918640137,-0.059407804161310196,-0.9872987866401672,0.800000011920929,0.0,0.0,0.0,-0.03260588273406029,-0.11927060037851334,-0.5744350552558899,0.35180550813674927,0.451450914144516,0.06036672741174698,-0.3193819224834442,-0.9390323758125305,-0.915536642074585,-0.5495515465736389,1.985245704650879,2.2720909118652344,-2.352356195449829,-2.2408010959625244,-1.6884609460830688,2.650817394256592,-1.409974455833435,-4.361389636993408,-1.0835621356964111,-4.966081142425537,6.385887145996094,-5.164883136749268,0.6491134762763977,7.340370178222656,-3.185375213623047,-2.343564033508301,-2.243013381958008,29.472867965698242,-0.47585463523864746,0.4317236840724945,-0.9835739135742188,0.3705761730670929,-0.3280312120914459,-0.884943962097168,1.6799709796905518,-0.884610116481781,0.525379478931427,2.017336368560791,0.5413990616798401,1.4008280038833618,-0.8667076826095581,-0.3772597312927246,3.5190000534057617,-0.31970101594924927,-0.38223931193351746,-0.7311128377914429,0.5619378685951233,0.16312584280967712,-0.5634318590164185,0.9374458193778992,-0.4153324365615845,0.7710558772087097,1.5681490898132324,0.8689708113670349,1.085204839706421,-1.0690522193908691,-0.403224378824234,-0.16898901760578156,-0.1535654366016388,-0.3803197741508484,0.2727755904197693,0.46648144721984863,0.1145142987370491,-0.1983625441789627,-0.9247188568115234,-0.8988733887672424,-0.46825629472732544,2.094533681869507,2.2314293384552,-2.245882511138916,-1.9204620122909546,-0.03260588273406029,-0.11927060037851334,-0.5744350552558899,0.35180550813674927,0.451450914144516,0.06036672741174698,-0.3193819224834442,-0.9390323758125305,-0.915536642074585,-0.5495515465736389,1.985245704650879,2.2720909118652344,-2.352356195449829,-2.2408010959625244,-1.6884609460830688,2.650817394256592,-1.409974455833435,-4.361389636993408,-1.0835621356964111,-4.966081142425537,6.385887145996094,-5.164883136749268,0.6491134762763977,7.340370178222656,-3.185375213623047,-2.343564033508301,-2.243013381958008,29.472867965698242
2.6029999999999998,0.0,0.0,0.0,-2.0649454593658447,-0.802817702293396,-0.16849100589752197,-0.16664725542068481,-0.0008353347657248378,-0.9860162138938904,0.800000011920929,0.0,0.0,0.0,-0.07592486590147018,-0.03318063169717789,-0.5769122838973999,0.30448412895202637,0.40579673647880554,0.043062351644039154,-0.241034135222435,-0.9652479290962219,-0.9009110331535339,-0.5721516609191895,2.007596731185913,2.278393507003784,-2.468064546585083,-2.1848325729370117,6.327047348022461,7.475823879241943,8.179616928100586,4.748106002807617,-5.407052516937256,10.515543937683105,-1.899209976196289,8.557475090026855,21.061626434326172,-31.168251037597656,13.834625244140625,-12.098352432250977,-31.97102928161621,0.930573046207428,-0.31970101594924927,-0.38223931193351746,-0.7311128377914429,0.5619378685951233,0.16312584280967712,-0.5634318590164185,0.9374458193778992,-0.4153324365615845,0.7710558772087097,1.5681490898132324,0.8689708113670349,1.085204839706421,-1.0690522193908691,-0.403224378824234,3.499000072479248,-0.007497668266296387,-0.5362105369567871,-1.0718929767608643,1.2978253364562988,-0.038066696375608444,-0.850979208946228,1.3245034217834473,-0.750950813293457,1.007938265800476,0.9576330184936523,0.0254844781011343,1.548933982849121,-1.5208308696746826,-0.8636188507080078,-0.02027285285294056,-0.25665128231048584,-0.5203838348388672,0.6112989187240601,0.3986981213092804,-0.002309214323759079,-0.05209968611598015,-1.0586897134780884,-0.7807551026344299,-0.7603307962417603,1.7293213605880737,2.428563117980957,-2.458672046661377,-2.130384683609009,-0.07592486590147018,-0.03318063169717789,-0.5769122838973999,0.30448412895202637,0.40579673647880554,0.043062351644039154,-0.241034135222435,-0.9652479290962219,-0.9009110331535339,-0.5721516609191895,2.007596731185913,2.278393507003784,-2.468064546585083,-2.1848325729370117,6.327047348022461,7.475823879241943,8.179616928100586,4.748106002807617,-5.407052516937256,10.515543937683105,-1.899209976196289,8.557475090026855,21.061626434326172,-31.168251037597656,13.834625244140625,-12.098352432250977,-31.97102928161621,0.930573046207428
2.623,0.0,0.0,0.0,-1.549116611480713,0.5449254512786865,-0.7270464897155762,-0.17462800443172455,0.0077993483282625675,-0.9846035838127136,0.800000011920929,0.0,0.0,0.0,-0.11131970584392548,-0.07764679193496704,-0.5328916311264038,0.3338364362716675,0.3837258815765381,0.0838407501578331,-0.23418168723583221,-0.960732102394104,-0.8022235631942749,-0.6217300891876221,2.056220054626465,2.314300775527954,-2.4546592235565186,-2.2305335998535156,-0.7575916647911072,-8.605576515197754,-3.8352906703948975,9.43789005279541,-8.631136894226074,2.243943452835083,10.107316017150879,-9.89814567565918,25.16144561767578,-19.637371063232422,-5.752100944519043,25.003164291381836,-23.4161434173584,-29.538734436035156,-0.007497668266296387,-0.5362105369567871,-1.0718929767608643,1.2978253364562988,-0.038066696375608444,-0.850979208946228,1.3245034217834473,-0.750950813293457,1.007938265800476,0.9576330184936523,0.0254844781011343,1.548933982849121,-1.5208308696746826,-0.8636188507080078,3.4790000915527344,-0.22400806844234467,0.27828532457351685,-0.9543781280517578,1.1342939138412476,0.09179730713367462,-0.4611152410507202,-0.08741863816976547,0.244816392660141,1.6008331775665283,1.1494038105010986,-0.044188953936100006,0.5579796433448792,-0.6680316925048828,-0.5622081160545349,-0.1028309166431427,0.09956326335668564,-0.4815085232257843,0.5715621113777161,0.4503585994243622,0.161447212100029,-0.6728383302688599,-0.6239915490150452,-0.5021405816078186,-0.7032413482666016,1.6614470481872559,2.002346992492676,-2.09619140625,-2.015742063522339,-0.11131970584392548,-0.07764679193496704,-0.5328916311264038,0.3338364362716675,0.3837258815765381,0.0838407501578331,-0.23418168723583221,-0.960732102394104,-0.8022235631942749,-0.6217300891876221,2.056220054626465,2.314300775527954,-2.4546592235565186,-2.2305335998535156,-0.7575916647911072,-8.605576515197754,-3.8352906703948975,9.43789005279541,-8.631136894226074,2.243943452835083,10.107316017150879,-9.89814567565918,25.16144561767578,-19.637371063232422,-5.752100944519043,25.003164291381836,-23.4161434173584,-29.538734436035156
2.643,0.0,0.0,0.0,-0.8546977043151855,0.7035823464393616,-0.11288373172283173,-0.16232243180274963,0.02377241849899292,-0.9864513874053955,0.800000011920929,0.0,0.0,0.0,-0.07264912873506546,-0.17856565117835999,-0.5251012444496155,0.40660765767097473,0.373543381690979,0.029356971383094788,-0.13173575699329376,-1.0089343786239624,-0.7961873412132263,-0.62257319688797,1.9366133213043213,2.2736823558807373,-2.4733879566192627,-2.0376768112182617,0.8827673196792603,-1.7999181747436523,1.8985044956207275,-6.935949802398682,-1.601479411125183,-4.082973957061768,-0.2943216860294342,10.172696113586426,5.059998035430908,21.127901077270508,-5.493854522705078,-25.59779167175293,7.904139041900635,26.103986740112305,-0.22400806844234467,0.27828532457351685,-0.9543781280517578,1.1342939138412476,0.09179730713367462,-0.4611152410507202,-0.08741863816976547,0.244816392660141,1.6008331775665283,1.1494038105010986,-0.044188953936100006,0.5579796433448792,-0.6680316925048828,-0.5622081160545349,3.4590001106262207,-0.4999678134918213,0.005550374276936054,-0.7891576886177063,0.5537574887275696,0.1334695816040039,-0.5052451491355896,0.9871466755867004,-0.9195731282234192,0.9707756638526917,1.4378772974014282,0.4298468232154846,1.0046027898788452,-1.1376079320907593,-0.5811617970466614,-0.23526860773563385,0.01245399471372366,-0.40327179431915283,0.3063470721244812,0.47427716851234436,0.15796440839767456,-0.2513577938079834,-1.104496955871582,-0.7578049898147583,-0.5677193403244019,1.8679757118225098,2.160705804824829,-2.2712526321411133,-2.0128068923950195,-0.07264912873506546,-0.17856565117835999,-0.5251012444496155,0.40660765767097473,0.373543381690979,0.029356971383094788,-0.13173575699329376,-1.0089343786239624,-0.7961873412132263,-0.62257319688797,1.9366133213043213,2.2736823558807373,-2.4733879566192627,-2.0376768112182617,0.8827673196792603,-1.7999181747436523,1.8985044956207275,-6.935949802398682,-1.601479411125183,-4.082973957061768,-0.2943216860294342,10.172696113586426,5.059998035430908,21.127901077270508,-5.493854522705078,-25.59779167175293,7.904139041900635,26.103986740112305
2.6630000000000003,0.0,0.0,0.0,1.3632766008377075,0.313558965921402,-0.5461808443069458,-0.1551094502210617,0.024914251640439034,-0.9875831007957458,0.800000011920929,0.0,0.0,0.0,-0.07139209657907486,-0.1493077278137207,-0.5056685209274292,0.4092077612876892,0.36920586228370667,0.05660533159971237,-0.1911221146583557,-0.8894504308700562,-0.7905434966087341,-0.5650285482406616,1.9729269742965698,2.1680166721343994,-2.431178092956543,-2.115605354309082,-8.186123847961426,-4.229188919067383,-4.17468786239624,-3.950096607208252,7.417816162109375,-3.2946629524230957,1.6175317764282227,-5.595724105834961,-23.00165367126465,24.600543975830078,6.197360515594482,11.021761894226074,-32.116546630859375,0.850957453250885,-0.4999678134918213,0.005550374276936054,-0.7891576886177063,0.5537574887275696,0.1334695816040039,-0.5052451491355896,0.9871466755867004,-0.9195731282234192,0.9707756638526917,1.4378772974014282,0.4298468232154846,1.0046027898788452,-1.1376079320907593,-0.5811617970466614,3.438999891281128,0.004992365837097168,0.04843803495168686,-1.5774255990982056,0.8211496472358704,-0.13545729219913483,-0.4351261854171753,0.6037077903747559,-0.09394320100545883,0.792668342590332,1.3424091339111328,0.6654972434043884,1.1203476190567017,-1.3374875783920288,-0.26559293270111084,-0.02128029614686966,0.02304251492023468,-0.7501686811447144,0.4001520276069641,0.35565194487571716,0.18916964530944824,-0.3817572295665741,-0.781014084815979,-0.8635197281837463,-0.5971277952194214,1.9946712255477905,2.2286269664764404,-2.37870454788208,-1.8705074787139893,-0.07139209657907486,-0.1493077278137207,-0.5056685209274292,0.4092077612876892,0.36920586228370667,0.05660533159971237,-0.1911221146583557,-0.8894504308700562,-0.7905434966087341,-0.5650285482406616,1.9729269742965698,2.1680166721343994,-2.431178092956543,-2.115605354309082,-8.186123847961426,-4.229188919067383,-4.17468786239624,-3.950096607208252,7.417816162109375,-3.2946629524230957,1.6175317764282227,-5.595724105834961,-23.00165367126465,24.600543975830078,6.197360515594482,11.021761894226074,-32.116546630859375,0.850957453250885
2.685,0.0,0.0,0.0,0.020573820918798447,0.592289924621582,-0.39415308833122253,-0.14551237225532532,0.001965567236766219,-0.9893544912338257,0.800000011920929,0.0,0.0,0.0,-0.14156752824783325,-0.12479107081890106,-0.43905195593833923,0.3500016927719116,0.3812607526779175,0.11315443366765976,-0.20531384646892548,-0.9322759509086609,-0.7683552503585815,-0.5841346383094788,1.9357472658157349,2.186598777770996,-2.322049140930176,-2.0847623348236084,-1.8474353551864624,4.016813278198242,4.375821113586426,-3.3122026920318604,-0.9091721773147583,4.927081108093262,-0.6303953528404236,4.34500789642334,8.358006477355957,-9.835158348083496,-2.2657744884490967,-3.3391706943511963,5.535825252532959,-10.232633590698242,0.004992365837097168,0.04843803495168686,-1.5774255990982056,0.8211496472358704,-0.13545729219913483,-0.4351261854171753,0.6037077903747559,-0.09394320100545883,0.792668342590332,1.3424091339111328,0.6654972434043884,1.1203476190567017,-1.3374875783920288,-0.26559293270111084,3.4179999828338623,0.11161451041698456,-0.05485020577907562,-0.32626545429229736,0.7318363189697266,0.3477102220058441,-0.3715552091598511,1.014674425125122,-0.6090734601020813,1.0901355743408203,1.1866466999053955,0.7295158505439758,1.2594190835952759,-1.2473634481430054,-0.8302116394042969,0.048098497092723846,-0.022378340363502502,-0.22183632850646973,0.36934152245521545,0.561214804649353,0.2208971083164215,-0.20986220240592957,-0.9804743528366089,-0.7402309775352478,-0.6701617240905762,2.036149263381958,2.298001289367676,-2.348893880844116,-2.110355854034424,-0.10953953117132187,-0.0630561038851738,-0.4530893862247467,0.38462284207344055,0.3605843484401703,0.13937890529632568,-0.27533233165740967,-0.9384980201721191,-0.8174141645431519,-0.586827278137207,2.038713216781616,2.2277109622955322,-2.3470208644866943,-2.001181125640869,1.3393874168395996,2.7514216899871826,-4.882914066314697,-4.543493747711182,-4.629919052124023,0.5388199090957642,-3.4982564449310303,1.915900468826294,7.137162685394287,4.3038740158081055,2.5237293243408203,-9.744979858398438,3.932072162628174,34.33024597167969
2.703,0.0,0.0,0.0,-0.8399382829666138,0.39256468415260315,-1.0716809034347534,-0.13466785848140717,-0.007138744927942753,-0.9908650517463684,0.800000011920929,0.0,0.0,0.0,-0.09669392555952072,-0.039349205791950226,-0.48206382989883423,0.37679433822631836,0.341584175825119,0.15961015224456787,-0.2861233353614807,-0.9170297980308533,-0.771616518497467,-0.6123118996620178,2.039869785308838,2.234783172607422,-2.3815369606018066,-2.017225503921509,2.5933010578155518,3.5760507583618164,1.9135630130767822,3.1256117820739746,-3.853224754333496,1.162696361541748,-4.014124393463135,-2.1576719284057617,21.092653274536133,1.1633973121643066,-4.866039752960205,5.241572380065918,25.154882431030273,0.361758291721344,0.11161451041698456,-0.05485020577907562,-0.32626545429229736,0.7318363189697266,0.3477102220058441,-0.3715552091598511,1.014674425125122,-0.6090734601020813,1.0901355743408203,1.1866466999053955,0.7295158505439758,1.2594190835952759,-1.2473634481430054,-0.8302116394042969,3.3989999294281006,-0.38790130615234375,-0.07868387550115585,-0.5196313261985779,0.8646203279495239,0.27539393305778503,-0.4572032690048218,0.920925498008728,-0.31680139899253845,1.0259841680526733,1.4988961219787598,0.6667259931564331,0.928855299949646,-1.2682323455810547,-0.5226813554763794,-0.16974572837352753,-0.037645578384399414,-0.2560177147388458,0.4260132908821106,0.5492287278175354,0.1855282336473465,-0.23485970497131348,-0.8688980340957642,-0.7567702531814575,-0.5369529128074646,2.0120415687561035,2.1561849117279053,-2.3553037643432617,-1.9959521293640137,-0.09669392555952072,-0.039349205791950226,-0.48206382989883423,0.37679433822631836,0.341584175825119,0.15961015224456787,-0.2861233353614807,-0.9170297980308533,-0.771616518497467,-0.6123118996620178,2.039869785308838,2.234783172607422,-2.3815369606018066,-2.017225503921509,2.5933010578155518,3.5760507583618164,1.9135630130767822,3.1256117820739746,-3.853224754333496,1.162696361541748,-4.014124393463135,-2.1576719284057617,21.092653274536133,1.1633973121643066,-4.866039752960205,5.241572380065918,25.154882431030273,0.361758291721344
2.723,0.0,0.0,0.0,-0.5351564288139343,0.7310736179351807,-0.5434677600860596,-0.1286270171403885,-0.003569921012967825,-0.9916866421699524,0.800000011920929,0.0,0.0,0.0,-0.0013017774326726794,-0.004786026664078236,-0.4277076721191406,0.3688702881336212,0.4090091586112976,0.19267810881137848,-0.2631010413169861,-0.9079282879829407,-0.7813605666160583,-0.6018521785736084,2.008368492126465,2.2404115200042725,-2.3891255855560303,-1.9866758584976196,0.7886341214179993,-0.23788800835609436,2.0056657791137695,-4.830624580383301,6.678387641906738,-6.427707195281982,2.31538462638855,7.078756332397461,-13.427206039428711,26.42304039001465,0.45105522871017456,-19.7846622467041,-26.659303665161133,26.762659072875977,-0.38790130615234375,-0.07868387550115585,-0.5196313261985779,0.8646203279495239,0.27539393305778503,-0.4572032690048218,0.920925498008728,-0.31680139899253845,1.0259841680526733,1.4988961219787598,0.6667259931564331,0.928855299949646,-1.2682323455810547,-0.5226813554763794,3.378999948501587,-0.4929426908493042,-0.1896749883890152,-1.291037917137146,0.7700252532958984,-0.23978282511234283,-0.4757561683654785,0.9661442637443542,-0.8697555661201477,0.6769564747810364,1.448971152305603,0.6464029550552368,0.963803231716156,-1.0765820741653442,-0.22831577062606812,-0.23879876732826233,-0.08911829441785812,-0.6065688133239746,0.3891126811504364,0.3162006139755249,0.17364254593849182,-0.21701101958751678,-1.106569766998291,-0.9154866337776184,-0.5460982322692871,2.000485420227051,2.1577298641204834,-2.269702196121216,-1.852047324180603,-0.0013017774326726794,-0.004786026664078236,-0.4277076721191406,0.3688702881336212,0.4090091586112976,0.19267810881137848,-0.2631010413169861,-0.9079282879829407,-0.7813605666160583,-0.6018521785736084,2.008368492126465,2.2404115200042725,-2.3891255855560303,-1.9866758584976196,0.7886341214179993,-0.23788800835609436,2.0056657791137695,-4.830624580383301,6.678387641906738,-6.427707195281982,2.31538462638855,7.078756332397461,-13.427206039428711,26.42304039001465,0.45105522871017456,-19.7846622467041,-26.659303665161133,26.762659072875977
2.743,0.0,0.0,0.0,4.145063400268555,-0.6781917810440063,-0.07397685199975967,-0.129811093211174,-0.010201193392276764,-0.9914862513542175,0.800000011920929,0.0,0.0,0.0,-0.08391198515892029,-0.018254218623042107,-0.3741491436958313,0.3856336772441864,0.47852256894111633,0.22413493692874908,-0.26507648825645447,-0.8688244819641113,-0.844027578830719,-0.5870804190635681,1.9881300926208496,2.2126097679138184,-2.2555527687072754,-1.9600999355316162,-14.581863403320312,-5.777431964874268,-6.041381359100342,-5.800818920135498,5.545372009277344,2.812811851501465,0.2712472081184387,-5.857498645782471,-25.18522834777832,-1.4152990579605103,-4.36336612701416,5.199295997619629,32.59446716308594,9.469223022460938,-0.4929426908493042,-0.1896749883890152,-1.291037917137146,0.7700252532958984,-0.23978282511234283,-0.4757561683654785,0.9661442637443542,-0.8697555661201477,0.6769564747810364,1.448971152305603,0.6464029550552368,0.963803231716156,-1.0765820741653442,-0.22831577062606812,3.3589999675750732,0.20488251745700836,0.6002766489982605,-0.8954933881759644,0.36489659547805786,0.07032530009746552,-0.9457252621650696,0.3539729118347168,-0.04340150207281113,0.7967613935470581,1.7293965816497803,0.5443935990333557,1.3902559280395508,-1.01478111743927,-0.36714452505111694,0.06831724941730499,0.26121267676353455,-0.463628888130188,0.20311473309993744,0.4324464499950409,-0.03903210908174515,-0.4907032549381256,-0.7584776282310486,-0.8774460554122925,-0.4208213686943054,1.953425645828247,2.349788188934326,-2.2333316802978516,-1.900129795074463,-0.08391198515892029,-0.018254218623042107,-0.3741491436958313,0.3856336772441864,0.47852256894111633,0.22413493692874908,-0.26507648825645447,-0.8688244819641113,-0.844027578830719,-0.5870804190635681,1.9881300926208496,2.2126097679138184,-2.2555527687072754,-1.9600999355316162,-14.581863403320312,-5.777431964874268,-6.041381359100342,-5.800818920135498,5.545372009277344,2.812811851501465,0.2712472081184387,-5.857498645782471,-25.18522834777832,-1.4152990579605103,-4.36336612701416,5.199295997619629,32.59446716308594,9.469223022460938
2.763,0.0,0.0,0.0,-3.3025808334350586,-0.8210755586624146,-0.6070153713226318,-0.1556064784526825,-0.0011568255722522736,-0.9878184199333191,0.800000011920929,0.0,0.0,0.0,-0.18634580075740814,-0.04005629941821098,-0.42365989089012146,0.3695712685585022,0.4344547986984253,0.2119540423154831,-0.2372424453496933,-0.9066230058670044,-0.8377365469932556,-0.4997507631778717,2.0014901161193848,2.2839527130126953,-2.2265465259552,-2.0498297214508057,4.859415531158447,3.654107093811035,8.328374862670898,2.6054108142852783,-4.060975551605225,-12.918976783752441,-3.5430428981781006,5.793726921081543,16.657270431518555,26.24180030822754,-6.027503967285156,8.726081848144531,33.948577880859375,-35.15460205078125,0.20488251745700836,0.6002766489982605,-0.8954933881759644,0.36489659547805786,0.07032530009746552,-0.9457252621650696,0.3539729118347168,-0.04340150207281113,0.7967613935470581,1.7293965816497803,0.5443935990333557,1.3902559280395508,-1.01478111743927,-0.36714452505111694,3.3389999866485596,-0.7554614543914795,-0.06017220765352249,-1.2246522903442383,0.5721378922462463,0.15430021286010742,0.1995827853679657,0.4968196749687195,-0.34438472986221313,0.80974280834198,1.0825105905532837,0.3720700740814209,0.043199505656957626,-0.8073219656944275,-0.49824872612953186,-0.33312591910362244,-0.0009562242776155472,-0.5974563956260681,0.27777352929115295,0.4818597435951233,0.4550890326499939,-0.45379143953323364,-0.8591107726097107,-0.8678002953529358,-0.6993923783302307,1.8711739778518677,1.7628185749053955,-2.136337995529175,-1.9639348983764648,-0.18634580075740814,-0.04005629941821098,-0.42365989089012146,0.3695712685585022,0.4344547986984253,0.2119540423154831,-0.2372424453496933,-0.9066230058670044,-0.8377365469932556,-0.4997507631778717,2.0014901161193848,2.2839527130126953,-2.2265465259552,-2.0498297214508057,4.859415531158447,3.654107093811035,8.328374862670898,2.6054108142852783,-4.060975551605225,-12.918976783752441,-3.5430428981781006,5.793726921081543,16.657270431518555,26.24180030822754,-6.027503967285156,8.726081848144531,33.948577880859375,-35.15460205078125
2.784,0.0,0.0,0.0,1.768660068511963,-0.3121262192726135,-0.47172310948371887,-0.16153506934642792,0.009470104239881039,-0.9868215322494507,0.800000011920929,0.0,0.0,0.0,-0.14745330810546875,0.03446274623274803,-0.39145439863204956,0.3029937148094177,0.48017898201942444,0.11445992439985275,-0.28626182675361633,-0.8461278676986694,-0.8547021150588989,-0.5409112572669983,2.0390546321868896,2.288602828979492,-2.2027344703674316,-2.0242834091186523,-7.8730926513671875,-4.376779556274414,-3.593010902404785,-6.246254920959473,4.401637554168701,4.327152252197266,-1.877107858657837,0.32485637068748474,-3.3559272289276123,-26.28770637512207,-0.631176769733429,2.6594526767730713,8.305424690246582,-16.0910587310791,-0.7554614543914795,-0.06017220765352249,-1.2246522903442383,0.5721378922462463,0.15430021286010742,0.1995827853679657,0.4968196749687195,-0.34438472986221313,0.80974280834198,1.0825105905532837,0.3720700740814209,0.043199505656957626,-0.8073219656944275,-0.49824872612953186,3.319000005722046,0.3401690125465393,0.4617718756198883,-0.3028290271759033,0.48143041133880615,-0.045374490320682526,-0.4297339916229248,0.5115933418273926,-0.5353412628173828,1.0018492937088013,1.002243161201477,0.916069507598877,1.0289102792739868,-0.7554346919059753,-0.7054569125175476,0.11976346373558044,0.20770171284675598,-0.19601869583129883,0.24442103505134583,0.39694744348526,0.2213086038827896,-0.4434520900249481,-0.9551045894622803,-0.780387818813324,-0.7633697986602783,2.107748508453369,2.147691488265991,-2.1032893657684326,-2.063559055328369,-0.14745330810546875,0.03446274623274803,-0.39145439863204956,0.3029937148094177,0.48017898201942444,0.11445992439985275,-0.28626182675361633,-0.8461278676986694,-0.8547021150588989,-0.5409112572669983,2.0390546321868896,2.288602828979492,-2.2027344703674316,-2.0242834091186523,-7.8730926513671875,-4.376779556274414,-3.593010902404785,-6.246254920959473,4.401637554168701,4.327152252197266,-1.877107858657837,0.32485637068748474,-3.3559272289276123,-26.28770637512207,-0.631176769733429,2.6594526767730713,8.305424690246582,-16.0910587310791
2.802,0.0,0.0,0.0,0.7160180807113647,0.9300466179847717,-0.5080485939979553,-0.15220773220062256,-0.015083614736795425,-0.9882334470748901,0.800000011920929,0.0,0.0,0.0,-0.19512522220611572,0.018074998632073402,-0.4218940734863281,0.25667500495910645,0.489813894033432,0.15075263381004333,-0.32357504963874817,-0.8143855333328247,-0.8228073120117188,-0.6780505776405334,2.037374496459961,2.243165969848633,-2.147611379623413,-2.1048288345336914,1.2383071184158325,5.123571395874023,0.8999214172363281,6.049140930175781,-6.881270408630371,2.3597090244293213,-7.05998420715332,-4.913032531738281,14.492454528808594,-15.258868217468262,5.962827682495117,18.46628761291504,14.75806999206543,-29.11733627319336,0.3401690125465393,0.4617718756198883,-0.3028290271759033,0.48143041133880615,-0.045374490320682526,-0.4297339916229248,0.5115933418273926,-0.5353412628173828,1.0018492937088013,1.002243161201477,0.916069507598877,1.0289102792739868,-0.7554346919059753,-0.7054569125175476,3.2990000247955322,-0.333668053150177,0.13186956942081451,-0.9564028978347778,0.9721484780311584,0.022927071899175644,-0.4588508605957031,0.516333281993866,0.35723844170570374,0.9541910290718079,1.1931769847869873,0.6138239502906799,0.47766825556755066,-0.8951848745346069,-0.8710054159164429,-0.13817428052425385,0.08011147379875183,-0.4499831795692444,0.46190890669822693,0.4191919267177582,0.18482796847820282,-0.44028517603874207,-0.5630431175231934,-0.7930928468704224,-0.6838473081588745,1.9953956604003906,1.9381197690963745,-2.162872076034546,-2.1480183601379395,-0.19512522220611572,0.018074998632073402,-0.4218940734863281,0.25667500495910645,0.489813894033432,0.15075263381004333,-0.32357504963874817,-0.8143855333328247,-0.8228073120117188,-0.6780505776405334,2.037374496459961,2.243165969848633,-2.147611379623413,-2.1048288345336914,1.2383071184158325,5.123571395874023,0.8999214172363281,6.049140930175781,-6.881270408630371,2.3597090244293213,-7.05998420715332,-4.913032531738281,14.492454528808594,-15.258868217468262,5.962827682495117,18.46628761291504,14.75806999206543,-29.11733627319336
2.824,0.0,0.0,0.0,-0.3940197229385376,0.2357371747493744,-0.23644410073757172,-0.14707748591899872,0.006993224378675222,-0.9891002774238586,0.800000011920929,0.0,0.0,0.0,-0.15743616223335266,0.13364610075950623,-0.3846547603607178,0.25214359164237976,0.49934688210487366,0.12736472487449646,-0.36342382431030273,-0.8321223258972168,-0.8257750868797302,-0.6435992121696472,2.082840919494629,2.1852211952209473,-2.2312815189361572,-2.121934652328491,-5.782590389251709,-1.615828275680542,-4.678516387939453,-4.565998554229736,3.4891357421875,-6.958517551422119,3.932873010635376,8.280543327331543,-8.930538177490234,23.527626037597656,-3.602797508239746,-8.249105453491211,-25.16762351989746,-33.838172912597656,-0.333668053150177,0.13186956942081451,-0.9564028978347778,0.9721484780311584,0.022927071899175644,-0.4588508605957031,0.516333281993866,0.35723844170570374,0.9541910290718079,1.1931769847869873,0.6138239502906799,0.47766825556755066,-0.8951848745346069,-0.8710054159164429,3.2780001163482666,0.110740065574646,0.15975941717624664,-0.7578965425491333,0.5835467576980591,-0.030569326132535934,-0.14891311526298523,0.7022151350975037,-1.0464649200439453,0.8823131918907166,1.0749316215515137,0.916266679763794,0.1881452202796936,-0.9114390015602112,-0.0029312800616025925,0.036015599966049194,0.07990287989377975,-0.386051744222641,0.30878692865371704,0.3973430097103119,0.3206518888473511,-0.35632166266441345,-1.155503511428833,-0.8267083168029785,-0.7291054725646973,2.1202595233917236,1.7868772745132446,-2.176144599914551,-1.7658308744430542,-0.16689419746398926,0.12800917029380798,-0.39320069551467896,0.25626271963119507,0.4982384145259857,0.13276247680187225,-0.3697361946105957,-0.7661417126655579,-0.8074610233306885,-0.6824763417243958,2.050485849380493,2.095656633377075,-2.2220797538757324,-2.137599229812622,1.1425585746765137,0.5435827970504761,-0.6027398109436035,3.838440179824829,0.6575530171394348,-3.4177212715148926,-0.5842599868774414,4.214249610900879,0.6286100745201111,13.361331939697266,2.2260098457336426,-1.9994815587997437,-14.681076049804688,1.7391505241394043
2.843,0.0,0.0,0.0,-0.38655486702919006,0.33235758543014526,-0.13397225737571716,-0.14304231107234955,0.011804230511188507,-0.9896461963653564,0.800000011920929,0.0,0.0,0.0,-0.1616191565990448,0.1251579076051712,-0.3908800482749939,0.27247855067253113,0.5025030374526978,0.13569961488246918,-0.3859104812145233,-0.7259458303451538,-0.8027722835540771,-0.6844542026519775,2.047748327255249,2.0701184272766113,-2.1943020820617676,-2.1768147945404053,0.5852285623550415,-0.5823662877082825,-0.44938525557518005,2.158466100692749,0.5281718373298645,3.3691306114196777,-0.16727712750434875,6.312354564666748,0.9630584716796875,-10.212467193603516,2.4023187160491943,0.527127206325531,-19.72170066833496,-24.10857391357422,0.110740065574646,0.15975941717624664,-0.7578965425491333,0.5835467576980591,-0.030569326132535934,-0.14891311526298523,0.7022151350975037,-1.0464649200439453,0.8823131918907166,1.0749316215515137,0.916266679763794,0.1881452202796936,-0.9114390015602112,-0.0029312800616025925,3.259000062942505,0.3851693272590637,0.020598258823156357,-0.8188714981079102,0.49209490418434143,0.41513755917549133,-0.5091976523399353,0.9040558338165283,-0.7256609797477722,0.8996116518974304,1.1664692163467407,0.7514722347259521,0.6256963610649109,-0.8909807205200195,-0.46085217595100403,0.17692776024341583,0.01725950464606285,-0.40709733963012695,0.25232139229774475,0.5957261919975281,0.17210623621940613,-0.2570970058441162,-1.070387840270996,-0.822285532951355,-0.6924393773078918,2.0585885047912598,1.9686510562896729,-2.1682658195495605,-1.9336764812469482,-0.1616191565990448,0.1251579076051712,-0.3908800482749939,0.27247855067253113,0.5025030374526978,0.13569961488246918,-0.3859104812145233,-0.7259458303451538,-0.8027722835540771,-0.6844542026519775,2.047748327255249,2.0701184272766113,-2.1943020820617676,-2.1768147945404053,0.5852285623550415,-0.5823662877082825,-0.44938525557518005,2.158466100692749,0.5281718373298645,3.3691306114196777,-0.16727712750434875,6.312354564666748,0.9630584716796875,-10.212467193603516,2.4023187160491943,0.527127206325531,-19.72170066833496,-24.10857391357422
2.864,0.0,0.0,0.0,-1.856796145439148,0.8066363334655762,-1.3557026386260986,-0.12914425134658813,0.02881990559399128,-0.9912069439888,0.800000011920929,0.0,0.0,0.0,-0.11249762773513794,0.11375360190868378,-0.3870193362236023,0.26669615507125854,0.524736762046814,0.18628907203674316,-0.3547125458717346,-0.7816193103790283,-0.8397932648658752,-0.694942831993103,2.053924083709717,2.0887105464935303,-2.1653707027435303,-2.175901174545288,1.4444222450256348,-5.908311367034912,-1.457167387008667,-4.012495040893555,5.670477390289307,-5.197831153869629,7.915327548980713,-2.389551877975464,-5.8417205810546875,20.82188606262207,-13.6453857421875,13.280373573303223,29.223865509033203,-33.011661529541016,0.3851693272590637,0.020598258823156357,-0.8188714981079102,0.49209490418434143,0.41513755917549133,-0.5091976523399353,0.9040558338165283,-0.7256609797477722,0.8996116518974304,1.1664692163467407,0.7514722347259521,0.6256963610649109,-0.8909807205200195,-0.46085217595100403,3.239000082015991,-0.5627297163009644,0.4039929509162903,-0.6355064511299133,0.7221494913101196,-0.32427242398262024,0.235529363155365,-0.05509354919195175,-0.34224486351013184,1.0962575674057007,1.094881534576416,0.8274819850921631,0.4525887966156006,-0.6695146560668945,-0.1252639889717102,-0.23553559184074402,0.1835227757692337,-0.32668763399124146,0.3501994013786316,0.28283002972602844,0.4923788607120514,-0.6787917613983154,-0.8893389105796814,-0.7333526015281677,-0.7209872007369995,2.086625814437866,1.9089299440383911,-2.0678181648254395,-1.7994463443756104,-0.03006238117814064,0.08451070636510849,-0.39640069007873535,0.23517246544361115,0.5602803230285645,0.18202251195907593,-0.2941631078720093,-0.8297236561775208,-0.821233868598938,-0.7061212062835693,2.018400192260742,2.074432611465454,-2.1623568534851074,-2.118609666824341,8.755620002746582,-1.4320203065872192,0.9440266489982605,0.24009057879447937,2.8940773010253906,-2.007469415664673,-0.47514721751213074,-4.885656356811523,-2.479973793029785,3.6350271701812744,-0.6066824197769165,-1.1590555906295776,23.05689811706543,0.6048142313957214
2.883,0.0,0.0,0.0,-2.276723861694336,0.8821319937705994,-0.42197564244270325,-0.11996389925479889,0.048845939338207245,-0.9915758967399597,0.800000011920929,0.0,0.0,0.0,0.027247916907072067,0.07224615663290024,-0.3977072536945343,0.24588246643543243,0.5778172612190247,0.1821778565645218,-0.2968045771121979,-0.861046314239502,-0.8224859237670898,-0.7017713189125061,2.0563554763793945,2.0608270168304443,-2.2025625705718994,-2.1050610542297363,4.0185418128967285,-1.9989914894104004,1.3975799083709717,5.304686069488525,1.138335943222046,6.161771297454834,-5.454004287719727,1.3430962562561035,3.018728256225586,-13.24277400970459,7.659566879272461,4.045416355133057,6.436042308807373,-29.526689529418945,-0.5627297163009644,0.4039929509162903,-0.6355064511299133,0.7221494913101196,-0.32427242398262024,0.235529363155365,-0.05509354919195175,-0.34224486351013184,1.0962575674057007,1.094881534576416,0.8274819850921631,0.4525887966156006,-0.6695146560668945,-0.1252639889717102,3.2190001010894775,-0.1381656676530838,0.250449538230896,-0.46079450845718384,0.762052595615387,-0.01046844944357872,-0.211123988032341,0.6104565262794495,-0.5265632271766663,1.1293333768844604,0.9384263157844543,0.7540457248687744,0.887779176235199,-0.6536493301391602,-0.5963701605796814,-0.08572810888290405,0.1310545653104782,-0.2400262951850891,0.37794360518455505,0.39275220036506653,0.32341206073760986,-0.4214636981487274,-0.9541772603988647,-0.7095751762390137,-0.7942469120025635,2.0563831329345703,2.0987935066223145,-2.0506339073181152,-1.998021125793457,0.027247916907072067,0.07224615663290024,-0.3977072536945343,0.24588246643543243,0.5778172612190247,0.1821778565645218,-0.2968045771121979,-0.861046314239502,-0.8224859237670898,-0.7017713189125061,2.0563554763793945,2.0608270168304443,-2.2025625705718994,-2.1050610542297363,4.0185418128967285,-1.9989914894104004,1.3975799083709717,5.304686069488525,1.138335943222046,6.161771297454834,-5.454004287719727,1.3430962562561035,3.018728256225586,-13.24277400970459,7.659566879272461,4.045416355133057,6.436042308807373,-29.526689529418945
2.906,0.0,0.0,0.0,1.0564372539520264,0.33552882075309753,-0.46953868865966797,-0.10150878876447678,0.06871472299098969,-0.992458701133728,0.800000011920929,0.0,0.0,0.0,0.06129471957683563,0.07561945915222168,-0.3146643340587616,0.3055517375469208,0.5665197372436523,0.2869729697704315,-0.40544313192367554,-0.8959932327270508,-0.741775393486023,-0.8120025396347046,2.0827596187591553,2.0169849395751953,-2.0795600414276123,-2.052027940750122,4.306931018829346,-0.049851931631565094,7.9227776527404785,10.783716201782227,1.8677407503128052,7.667648792266846,2.3368146419525146,-9.63137435913086,1.6328153610229492,-24.270404815673828,-5.737954139709473,21.607099533081055,-16.628311157226562,-23.2244873046875,-0.1381656676530838,0.250449538230896,-0.46079450845718384,0.762052595615387,-0.01046844944357872,-0.211123988032341,0.6104565262794495,-0.5265632271766663,1.1293333768844604,0.9384263157844543,0.7540457248687744,0.887779176235199,-0.6536493301391602,-0.5963701605796814,3.197000026702881,-0.5522111058235168,-0.13000454008579254,-1.108599066734314,1.034698247909546,0.24863304197788239,-0.668126106262207,0.03746294230222702,0.6618359684944153,0.6499509215354919,0.915475070476532,0.5441305041313171,0.5166398882865906,-0.4608652889728546,-0.3036504089832306,-0.25706779956817627,-0.0453965850174427,-0.5228722095489502,0.5034085512161255,0.520340085029602,0.1008644551038742,-0.6535780429840088,-0.4258815050125122,-0.9229195713996887,-0.8119008541107178,1.9588969945907593,1.9507672786712646,-1.9621626138687134,-1.8861547708511353,0.07451031357049942,0.06473567336797714,-0.2663344740867615,0.34039306640625,0.573651909828186,0.2893461585044861,-0.4082750082015991,-0.9509098529815674,-0.7241032123565674,-0.782418429851532,2.035200834274292,2.0467000007629395,-2.082820177078247,-1.9827646017074585,-0.8867126107215881,-1.1357003450393677,0.01976410672068596,-1.6208730936050415,-0.05697266757488251,4.674652576446533,-0.14057476818561554,-1.5808910131454468,2.069993019104004,-14.228927612304688,1.3953797817230225,-5.330791473388672,-16.126827239990234,16.772781372070312
2.925,0.0,0.0,0.0,1.0765057802200317,-0.09845742583274841,-0.43989983201026917,-0.10045494884252548,0.055605582892894745,-0.9933865666389465,0.800000011920929,0.0,0.0,0.0,0.06673683971166611,0.058024488389492035,-0.2606803774833679,0.3428058326244354,0.571708083152771,0.3004550635814667,-0.4213602840900421,-0.9587690830230713,-0.7050161957740784,-0.7966722846031189,2.0348286628723145,2.0572855472564697,-2.0597386360168457,-2.012611150741577,-0.5857617259025574,-0.40932539105415344,1.8020414113998413,1.6190143823623657,-0.17100992798805237,0.333355575799942,-2.1914567947387695,-0.5684822797775269,2.251835584640503,1.149227499961853,-0.7871084213256836,3.013012409210205,13.213814735412598,-7.690886974334717,-0.5522111058235168,-0.13000454008579254,-1.108599066734314,1.034698247909546,0.24863304197788239,-0.668126106262207,0.03746294230222702,0.6618359684944153,0.6499509215354919,0.915475070476532,0.5441305041313171,0.5166398882865906,-0.4608652889728546,-0.3036504089832306,3.178999900817871,-0.0766071081161499,0.4546380043029785,-0.021560251712799072,0.5339936017990112,0.17733706533908844,-0.4887118339538574,0.907720685005188,-0.4741676449775696,0.8779314756393433,1.423538088798523,0.7145790457725525,1.248794674873352,-0.8579415678977966,-0.566435694694519,-0.06017997860908508,0.20004744827747345,-0.06198933348059654,0.2906379699707031,0.5010156631469727,0.15934611856937408,-0.2851734757423401,-0.8842535614967346,-0.8416627645492554,-0.5850379467010498,2.0258500576019287,2.2654342651367188,-2.131999969482422,-1.9932215213775635,0.009022864513099194,0.03690232336521149,-0.28843024373054504,0.32163316011428833,0.6046385169029236,0.3118469715118408,-0.47697100043296814,-0.8914148807525635,-0.7916451692581177,-0.8043445944786072,2.0347769260406494,2.0063118934631348,-1.9984759092330933,-2.066535234451294,-1.9174801111221313,-1.879664659500122,-2.1503701210021973,-2.3156399726867676,-3.542309284210205,-0.042432624846696854,-7.113773822784424,5.244699478149414,6.886386394500732,0.9186126589775085,-3.366821527481079,-5.095378398895264,29.806241989135742,-2.2658891677856445
2.943,0.0,0.0,0.0,-2.0676043033599854,-1.099968671798706,-0.6202046871185303,-0.10939090698957443,0.031785789877176285,-0.99349045753479,0.800000011920929,0.0,0.0,0.0,-0.012908942066133022,0.023732462897896767,-0.3187137246131897,0.31887033581733704,0.5888713598251343,0.30163970589637756,-0.49943771958351135,-0.8884039521217346,-0.7777139544487,-0.770291805267334,2.0676932334899902,2.025463819503784,-2.106161594390869,-2.056380271911621,-2.412269115447998,-2.3214972019195557,-6.960979461669922,2.8903024196624756,-7.093449115753174,-3.7194979190826416,0.048435062170028687,-8.450878143310547,16.300132751464844,10.421521186828613,8.978118896484375,15.28059196472168,-26.377138137817383,10.421977996826172,-0.0766071081161499,0.4546380043029785,-0.021560251712799072,0.5339936017990112,0.17733706533908844,-0.4887118339538574,0.907720685005188,-0.4741676449775696,0.8779314756393433,1.423538088798523,0.7145790457725525,1.248794674873352,-0.8579415678977966,-0.566435694694519,3.1589999198913574,0.1481764018535614,-0.06730403006076813,-1.0778450965881348,0.8475180268287659,0.370992511510849,-0.27645885944366455,0.40245839953422546,0.10712610930204391,0.9246701002120972,0.9259815812110901,0.4352894425392151,0.8795873522758484,-1.2721952199935913,-0.5804638862609863,0.06066138297319412,-0.010282067582011223,-0.49122923612594604,0.4104468822479248,0.5862281918525696,0.26070812344551086,-0.4757010042667389,-0.6685085296630859,-0.8125047087669373,-0.7862520813941956,1.906865119934082,2.1307578086853027,-2.335397958755493,-2.0102407932281494,-0.012908942066133022,0.023732462897896767,-0.3187137246131897,0.31887033581733704,0.5888713598251343,0.30163970589637756,-0.49943771958351135,-0.8884039521217346,-0.7777139544487,-0.770291805267334,2.0676932334899902,2.025463819503784,-2.106161594390869,-2.056380271911621,-2.412269115447998,-2.3214972019195557,-6.960979461669922,2.8903024196624756,-7.093449115753174,-3.7194979190826416,0.048435062170028687,-8.450878143310547,16.300132751464844,10.421521186828613,8.978118896484375,15.28059196472168,-26.377138137817383,10.421977996826172
2.9619999999999997,0.0,0.0,0.0,-1.5983779430389404,-0.6539921164512634,-0.01535758189857006,-0.12105830758810043,0.04171721264719963,-0.9917684197425842,0.800000011920929,0.0,0.0,0.0,0.05711047723889351,0.07588624209165573,-0.2519211769104004,0.32973936200141907,0.5412691235542297,0.29882046580314636,-0.43890276551246643,-0.8654215931892395,-0.7946774363517761,-0.7629920244216919,2.028695821762085,2.0883195400238037,-2.1498191356658936,-2.084383487701416,7.028920650482178,2.1026902198791504,5.057899475097656,1.6103938817977905,0.797505795955658,8.729960441589355,2.9041430950164795,9.936007499694824,-2.042820453643799,-25.7076473236084,-1.063800573348999,-11.491935729980469,-29.459291458129883,2.844902515411377,0.1481764018535614,-0.06730403006076813,-1.0778450965881348,0.8475180268287659,0.370992511510849,-0.27645885944366455,0.40245839953422546,0.10712610930204391,0.9246701002120972,0.9259815812110901,0.4352894425392151,0.8795873522758484,-1.2721952199935913,-0.5804638862609863,3.1389999389648438,0.11305131018161774,-0.06544845551252365,-0.9237143993377686,0.947981059551239,0.12368506193161011,-0.5967916250228882,1.0206379890441895,-0.9606907963752747,0.9869028329849243,0.8205382227897644,0.4587191939353943,1.2127801179885864,-0.9300854206085205,-0.6220145225524902,0.05693922936916351,-0.03048001043498516,-0.464794397354126,0.4676361382007599,0.48346108198165894,0.12669457495212555,-0.21657297015190125,-1.1274516582489014,-0.7815842032432556,-0.8538229465484619,1.9055100679397583,2.2672269344329834,-2.2017879486083984,-2.0306406021118164,0.05711047723889351,0.07588624209165573,-0.2519211769104004,0.32973936200141907,0.5412691235542297,0.29882046580314636,-0.43890276551246643,-0.8654215931892395,-0.7946774363517761,-0.7629920244216919,2.028695821762085,2.0883195400238037,-2.1498191356658936,-2.084383487701416,7.028920650482178,2.1026902198791504,5.057899475097656,1.6103938817977905,0.797505795955658,8.729960441589355,2.9041430950164795,9.936007499694824,-2.042820453643799,-25.7076473236084,-1.063800573348999,-11.491935729980469,-29.459291458129883,2.844902515411377
2.983,0.0,0.0,0.0,1.9587514400482178,-0.08093484491109848,-0.07951167225837708,-0.12597204744815826,0.02931799180805683,-0.9916004538536072,0.800000011920929,0.0,0.0,0.0,0.06554476916790009,-0.0006990848924033344,-0.28219568729400635,0.36454176902770996,0.5258644819259644,0.31686893105506897,-0.425855427980423,-0.8134642243385315,-0.751298725605011,-0.8170048594474792,2.0002245903015137,2.157930374145508,-2.151824474334717,-2.116154909133911,0.04109383374452591,-5.100286960601807,-1.6426197290420532,10.234294891357422,-9.02515697479248,-0.3272753357887268,0.9312225580215454,-7.853180408477783,22.11627197265625,-14.737236022949219,-3.208378791809082,22.620630264282227,3.741717576980591,-5.830577850341797,0.11305131018161774,-0.06544845551252365,-0.9237143993377686,0.947981059551239,0.12368506193161011,-0.5967916250228882,1.0206379890441895,-0.9606907963752747,0.9869028329849243,0.8205382227897644,0.4587191939353943,1.2127801179885864,-0.9300854206085205,-0.6220145225524902,3.118000030517578,-0.2681676149368286,0.42956578731536865,-0.875101625919342,0.7273938059806824,0.2435712069272995,-0.4217434525489807,0.10087516158819199,0.2372073531150818,1.1568210124969482,1.13314950466156,0.46447378396987915,0.6621962785720825,-0.9979121088981628,-0.6840857267379761,-0.1149815022945404,0.19025659561157227,-0.4402751624584198,0.3740907907485962,0.5271331071853638,0.19206489622592926,-0.6045534610748291,-0.6342917680740356,-0.7020289897918701,-0.7199050188064575,1.9079642295837402,2.033111095428467,-2.21894907951355,-2.060612678527832,0.06554476916790009,-0.0006990848924033344,-0.28219568729400635,0.36454176902770996,0.5258644819259644,0.31686893105506897,-0.425855427980423,-0.8134642243385315,-0.751298725605011,-0.8170048594474792,2.0002245903015137,2.157930374145508,-2.151824474334717,-2.116154909133911,0.04109383374452591,-5.100286960601807,-1.6426197290420532,10.234294891357422,-9.02515697479248,-0.3272753357887268,0.9312225580215454,-7.853180408477783,22.11627197265625,-14.737236022949219,-3.208378791809082,22.620630264282227,3.741717576980591,-5.830577850341797
3.003,0.0,0.0,0.0,1.461517333984375,0.01706807315349579,-0.7273426055908203,-0.12102575600147247,-0.007086887024343014,-0.992624044418335,0.800000011920929,0.0,0.0,0.0,0.05258824676275253,-0.04925718158483505,-0.34416985511779785,0.4044915437698364,0.48120421171188354,0.22980962693691254,-0.37939316034317017,-0.8610939979553223,-0.6983797550201416,-0.7795272469520569,1.9586329460144043,2.20127010345459,-2.2296249866485596,-2.1002795696258545,-4.370326042175293,1.8429930210113525,-2.715548038482666,-9.088351249694824,-3.266741991043091,-5.305658340454102,-0.9583094716072083,11.177042007446289,22.126026153564453,22.470399856567383,1.1752262115478516,-16.381391525268555,-1.493858814239502,-20.064546585083008,-0.2681676149368286,0.42956578731536865,-0.875101625919342,0.7273938059806824,0.2435712069272995,-0.4217434525489807,0.10087516158819199,0.2372073531150818,1.1568210124969482,1.13314950466156,0.46447378396987915,0.6621962785720825,-0.9979121088981628,-0.6840857267379761,3.0989999771118164,-0.37617892026901245,-0.016121981665492058,-0.43356752395629883,0.8339871168136597,0.04767247661948204,-0.33397501707077026,0.6917715668678284,-1.0429039001464844,0.7209662199020386,1.2470388412475586,0.6575143337249756,0.28265759348869324,-0.7785756587982178,-0.5372725129127502,-0.18077866733074188,0.011770768091082573,-0.23913289606571198,0.4127032458782196,0.44334590435028076,0.23809772729873657,-0.37744811177253723,-1.1610257625579834,-0.8902080655097961,-0.6552630066871643,1.9950777292251587,1.83890700340271,-2.1219639778137207,-1.9975438117980957,0.05258824676275253,-0.04925718158483505,-0.34416985511779785,0.4044915437698364,0.48120421171188354,0.22980962693691254,-0.37939316034317017,-0.8610939979553223,-0.6983797550201416,-0.7795272469520569,1.9586329460144043,2.20127010345459,-2.2296249866485596,-2.1002795696258545,-4.370326042175293,1.8429930210113525,-2.715548038482666,-9.088351249694824,-3.266741991043091,-5.305658340454102,-0.9583094716072083,11.177042007446289,22.126026153564453,22.470399856567383,1.1752262115478516,-16.381391525268555,-1.493858814239502,-20.064546585083008
3.023,0.0,0.0,0.0,-0.21812251210212708,0.19795657694339752,0.037073712795972824,-0.1167573630809784,-0.014882159419357777,-0.9930489659309387,0.800000011920929,0.0,0.0,0.0,-0.02981819584965706,0.009449947625398636,-0.3592340052127838,0.3780035674571991,0.5187164545059204,0.2259022444486618,-0.4483959376811981,-0.7802264094352722,-0.7434223890304565,-0.7488899230957031,1.9836994409561157,2.114165782928467,-2.179215669631958,-2.1136584281921387,-6.853707790374756,-0.1019575223326683,0.4519212245941162,-0.6401236057281494,2.8015689849853516,-1.7080992460250854,-6.694793701171875,-0.5012736320495605,-21.72608184814453,4.845753192901611,4.633084774017334,-2.6880035400390625,10.17852783203125,7.185230255126953,-0.37617892026901245,-0.016121981665492058,-0.43356752395629883,0.8339871168136597,0.04767247661948204,-0.33397501707077026,0.6917715668678284,-1.0429039001464844,0.7209662199020386,1.2470388412475586,0.6575143337249756,0.28265759348869324,-0.7785756587982178,-0.5372725129127502,3.0789999961853027,0.2665562629699707,-0.03501831367611885,-0.6802912354469299,0.40006452798843384,-0.0950390100479126,-0.5735964775085449,1.2965049743652344,-0.5805345177650452,0.7831885814666748,1.4674185514450073,0.6631489396095276,1.2887039184570312,-0.936622679233551,-0.6595939993858337,0.10187245160341263,-0.014581163413822651,-0.33004432916641235,0.22129936516284943,0.37074702978134155,0.13487134873867035,-0.08260754495859146,-1.0056331157684326,-0.8810259103775024,-0.549627959728241,2.0063247680664062,2.272207736968994,-2.1833865642547607,-2.046281576156616,-0.02981819584965706,0.009449947625398636,-0.3592340052127838,0.3780035674571991,0.5187164545059204,0.2259022444486618,-0.4483959376811981,-0.7802264094352722,-0.7434223890304565,-0.7488899230957031,1.9836994409561157,2.114165782928467,-2.179215669631958,-2.1136584281921387,-6.853707790374756,-0.1019575223326683,0.4519212245941162,-0.6401236057281494,2.8015689849853516,-1.7080992460250854,-6.694793701171875,-0.5012736320495605,-21.72608184814453,4.845753192901611,4.633084774017334,-2.6880035400390625,10.17852783203125,7.185230255126953
3.045,0.0,0.0,0.0,0.4995649456977844,-0.71592116355896,-0.9277650713920593,-0.11295712739229202,-0.0016732490621507168,-0.993598461151123,0.800000011920929,0.0,0.0,0.0,-0.0626043975353241,0.01863270252943039,-0.3563607335090637,0.363547682762146,0.5046663880348206,0.1967313140630722,-0.44817841053009033,-0.8164463043212891,-0.7728009223937988,-0.6659746170043945,2.002845048904419,2.1243157386779785,-2.2902278900146484,-2.1629645824432373,-1.0046863555908203,-0.8572768568992615,-7.697635173797607,-6.10588264465332,-5.18101167678833,-9.673300743103027,7.901963233947754,1.874166488647461,13.607931137084961,20.782115936279297,3.1266489028930664,6.529974937438965,-28.582443237304688,-27.057809829711914,0.2665562629699707,-0.03501831367611885,-0.6802912354469299,0.40006452798843384,-0.0950390100479126,-0.5735964775085449,1.2965049743652344,-0.5805345177650452,0.7831885814666748,1.4674185514450073,0.6631489396095276,1.2887039184570312,-0.936622679233551,-0.6595939993858337,3.058000087738037,-0.2718959450721741,-0.14916212856769562,-0.8231750130653381,0.7113304138183594,0.35130569338798523,-0.43498659133911133,0.30736222863197327,-0.315881609916687,0.8466817736625671,1.3250365257263184,0.7321738004684448,-0.21148285269737244,-0.9773476719856262,-0.2017565369606018,-0.11216592788696289,-0.06858107447624207,-0.4034331738948822,0.34222859144210815,0.5643422603607178,0.18692316114902496,-0.4982377290725708,-0.8709999918937683,-0.8515357375144958,-0.6031363606452942,2.03851056098938,1.6404534578323364,-2.207855224609375,-1.8451284170150757,-0.03775683417916298,0.027699565514922142,-0.3884693682193756,0.32081013917922974,0.4868873953819275,0.1758328229188919,-0.3592495620250702,-0.84526526927948,-0.8140321373939514,-0.6476743221282959,1.98203706741333,2.1659817695617676,-2.2727386951446533,-2.1251027584075928,4.560780048370361,1.7678979635238647,-1.9237523078918457,-2.094506025314331,-3.6275041103363037,-3.3100149631500244,9.139297485351562,-4.887169361114502,3.815925359725952,9.091565132141113,1.7709122896194458,2.664350748062134,-22.23690414428711,15.432523727416992
3.064,0.0,0.0,0.0,-1.390995740890503,-1.1384745836257935,-0.4755462110042572,-0.13484887778759003,0.012211959809064865,-0.9907909035682678,0.800000011920929,0.0,0.0,0.0,-0.005706042051315308,0.03326607123017311,-0.3908456563949585,0.30445489287376404,0.46430402994155884,0.16171924769878387,-0.3076781630516052,-0.8709827065467834,-0.8192569613456726,-0.6169864535331726,1.974007248878479,2.2004003524780273,-2.2365732192993164,-2.131314754486084,3.8108742237091064,0.40613678097724915,-0.45916029810905457,-1.3803268671035767,-0.8845245242118835,0.7339902520179749,6.847898960113525,-1.270608901977539,-7.604312896728516,-4.617345809936523,1.094797968864441,7.861372947692871,-10.929777145385742,-21.5981502532959,-0.2718959450721741,-0.14916212856769562,-0.8231750130653381,0.7113304138183594,0.35130569338798523,-0.43498659133911133,0.30736222863197327,-0.315881609916687,0.8466817736625671,1.3250365257263184,0.7321738004684448,-0.21148285269737244,-0.9773476719856262,-0.2017565369606018,3.0390000343322754,0.07261308282613754,0.0076349275186657906,-0.5896874666213989,0.42051568627357483,0.5732484459877014,-0.24618728458881378,0.4601157605648041,-0.05850750952959061,1.0669015645980835,1.2718085050582886,0.6626249551773071,0.39699050784111023,-0.7402285933494568,-0.1655939221382141,0.021459292620420456,-0.0034223904367536306,-0.30570265650749207,0.22345490753650665,0.6835759878158569,0.2770880460739136,-0.4710616171360016,-0.7417184114456177,-0.7494878768920898,-0.6324397921562195,2.010432243347168,1.8510910272598267,-2.1035983562469482,-1.8087400197982788,-0.005706042051315308,0.03326607123017311,-0.3908456563949585,0.30445489287376404,0.46430402994155884,0.16171924769878387,-0.3076781630516052,-0.8709827065467834,-0.8192569613456726,-0.6169864535331726,1.974007248878479,2.2004003524780273,-2.2365732192993164,-2.131314754486084,3.8108742237091064,0.40613678097724915,-0.45916029810905457,-1.3803268671035767,-0.8845245242118835,0.7339902520179749,6.847898960113525,-1.270608901977539,-7.604312896728516,-4.617345809936523,1.094797968864441,7.861372947692871,-10.929777145385742,-21.5981502532959
3.083,0.0,0.0,0.0,-1.9189015626907349,0.17525576055049896,0.154616579413414,-0.1478741317987442,0.08105012774467468,-0.9856795072555542,0.800000011920929,0.0,0.0,0.0,-0.009608631953597069,-0.0027909311465919018,-0.3890172839164734,0.28854772448539734,0.4764869213104248,0.21364203095436096,-0.32517141103744507,-0.7989138960838318,-0.7761866450309753,-0.7173725962638855,2.043071985244751,2.058065414428711,-2.1841022968292236,-2.029813766479492,6.352308750152588,5.443384647369385,11.819647789001465,5.462185859680176,-0.7235603928565979,10.426690101623535,0.11247020214796066,3.2514100074768066,23.66815185546875,-22.9613037109375,-7.3925933837890625,-0.5330843925476074,22.461437225341797,5.385403633117676,0.07261308282613754,0.0076349275186657906,-0.5896874666213989,0.42051568627357483,0.5732484459877014,-0.24618728458881378,0.4601157605648041,-0.05850750952959061,1.0669015645980835,1.2718085050582886,0.6626249551773071,0.39699050784111023,-0.7402285933494568,-0.1655939221382141,3.0190000534057617,-0.3369276523590088,-0.3926728665828705,-0.567207396030426,0.9296200275421143,0.34093397855758667,-0.7306646108627319,0.5310676097869873,-0.6573948860168457,0.9511258006095886,1.0177725553512573,0.3740203380584717,0.8720987439155579,-0.7733378410339355,-0.3469860851764679,-0.14947150647640228,-0.17704501748085022,-0.2858135998249054,0.44067448377609253,0.5909578800201416,0.06808973103761673,-0.4364156723022461,-0.9982894659042358,-0.7913821339607239,-0.7496863007545471,1.8777523040771484,2.0859534740448,-2.108071804046631,-1.8867276906967163,-0.009608631953597069,-0.0027909311465919018,-0.3890172839164734,0.28854772448539734,0.4764869213104248,0.21364203095436096,-0.32517141103744507,-0.7989138960838318,-0.7761866450309753,-0.7173725962638855,2.043071985244751,2.058065414428711,-2.1841022968292236,-2.029813766479492,6.352308750152588,5.443384647369385,11.819647789001465,5.462185859680176,-0.7235603928565979,10.426690101623535,0.11247020214796066,3.2514100074768066,23.66815185546875,-22.9613037109375,-7.3925933837890625,-0.5330843925476074,22.461437225341797,5.385403633117676
3.105,0.0,0.0,0.0,2.4467179775238037,0.5927345752716064,0.27291613817214966,-0.14538414776325226,0.08316723257303238,-0.9858735799789429,0.800000011920929,0.0,0.0,0.0,0.0015976291615515947,-0.01814669370651245,-0.36597055196762085,0.33467110991477966,0.5196976065635681,0.265970379114151,-0.3360331356525421,-0.7929430603981018,-0.8324242830276489,-0.7484553456306458,2.0594260692596436,2.1030478477478027,-2.1887595653533936,-2.101199150085449,-7.087332248687744,-10.130032539367676,-2.418581247329712,6.59580659866333,-1.1905860900878906,3.9915249347686768,2.1702396869659424,-8.495352745056152,-7.55800724029541,-24.787569046020508,-6.196426868438721,24.71015739440918,2.156543254852295,-30.17647361755371,-0.3369276523590088,-0.3926728665828705,-0.567207396030426,0.9296200275421143,0.34093397855758667,-0.7306646108627319,0.5310676097869873,-0.6573948860168457,0.9511258006095886,1.0177725553512573,0.3740203380584717,0.8720987439155579,-0.7733378410339355,-0.3469860851764679,2.996999979019165,-0.2241089791059494,0.5323247313499451,-0.8442607522010803,0.7694476842880249,0.13885541260242462,-0.4566037654876709,-0.023913748562335968,0.34658926725387573,1.2297207117080688,0.9062509536743164,0.4985174834728241,0.37289607524871826,-0.46151477098464966,-0.5514729022979736,-0.11579619348049164,0.22184161841869354,-0.4084986746311188,0.390318900346756,0.4907607138156891,0.17051726579666138,-0.6826927065849304,-0.5721536874771118,-0.6702038645744324,-0.8115956783294678,1.9205081462860107,1.884798526763916,-1.9681987762451172,-1.9865455627441406,-0.02240697480738163,-0.10177208483219147,-0.37833163142204285,0.36968037486076355,0.5176259875297546,0.21821476519107819,-0.3261410593986511,-0.8550047874450684,-0.8358654379844666,-0.727202296257019,2.006483793258667,2.128124475479126,-2.161566972732544,-2.0391390323638916,-0.9308707118034363,-4.594732761383057,0.3258080780506134,1.8930044174194336,1.1683083772659302,-0.4268074333667755,-0.2998492121696472,-2.1637604236602783,-2.5310111045837402,-11.97561264038086,-3.3498945236206055,-6.060424327850342,3.0886752605438232,9.995546340942383
3.124,0.0,0.0,0.0,1.0087889432907104,0.8686996102333069,0.20113970339298248,-0.12285558134317398,0.05776123329997063,-0.9907422065734863,0.800000011920929,0.0,0.0,0.0,-0.031310681253671646,-0.13538223505020142,-0.37654581665992737,0.3927268981933594,0.5209003686904907,0.19390365481376648,-0.33198025822639465,-0.8792694807052612,-0.843131422996521,-0.7374151945114136,1.985938549041748,2.1184401512145996,-2.149381160736084,-2.0326714515686035,-1.4505209922790527,-4.16917085647583,-0.5960513353347778,4.377213954925537,-0.11311589926481247,-5.34616231918335,-1.176223635673523,-2.243631362915039,0.21303454041481018,8.444336891174316,-1.8170400857925415,7.029038429260254,4.163693428039551,-27.065038681030273,-0.2241089791059494,0.5323247313499451,-0.8442607522010803,0.7694476842880249,0.13885541260242462,-0.4566037654876709,-0.023913748562335968,0.34658926725387573,1.2297207117080688,0.9062509536743164,0.4985174834728241,0.37289607524871826,-0.46151477098464966,-0.5514729022979736,2.9790000915527344,0.13152864575386047,0.29663634300231934,-0.5737072825431824,0.5414089560508728,0.23990167677402496,-0.0499044805765152,0.6724822521209717,-0.3311215937137604,1.0638774633407593,1.1473017930984497,0.6792254447937012,0.3341810405254364,-0.6768428683280945,-0.11977719515562057,0.04760827124118805,0.15567050874233246,-0.29901814460754395,0.2826659083366394,0.5262117981910706,0.36377471685409546,-0.3939422369003296,-0.8345100283622742,-0.7327154874801636,-0.7093137502670288,2.0061020851135254,1.8472613096237183,-2.0511090755462646,-1.8022642135620117,-0.042272161692380905,-0.11007290333509445,-0.3835354149341583,0.3704145550727844,0.48682960867881775,0.19896692037582397,-0.4214571714401245,-0.807720422744751,-0.7828003168106079,-0.7714162468910217,2.032264232635498,2.02093505859375,-2.100236654281616,-2.122650384902954,0.09643682092428207,6.465697288513184,1.9227349758148193,3.9677681922912598,1.6154996156692505,-2.7522380352020264,-6.659814834594727,5.794375896453857,-5.821796417236328,11.366140365600586,0.7128075957298279,6.6312947273254395,5.7995734214782715,-33.131526947021484
3.142,0.0,0.0,0.0,-1.0471574068069458,-0.008210764266550541,-0.6342220306396484,-0.12041004747152328,0.05237197130918503,-0.9913418292999268,0.800000011920929,0.0,0.0,0.0,-0.03151961416006088,-0.054596513509750366,-0.37496984004974365,0.37357863783836365,0.5041725039482117,0.20198731124401093,-0.454834908246994,-0.792127788066864,-0.8300629258155823,-0.7537203431129456,2.057424783706665,1.9780726432800293,-2.1457679271698,-2.0114917755126953,4.953939914703369,7.169788837432861,1.506503939628601,0.5180746912956238,7.944303512573242,-0.9967660307884216,-0.4806322157382965,-2.924428701400757,-24.806297302246094,16.875322341918945,8.500924110412598,-1.7488572597503662,-33.07713317871094,11.588966369628906,0.13152864575386047,0.29663634300231934,-0.5737072825431824,0.5414089560508728,0.23990167677402496,-0.0499044805765152,0.6724822521209717,-0.3311215937137604,1.0638774633407593,1.1473017930984497,0.6792254447937012,0.3341810405254364,-0.6768428683280945,-0.11977719515562057,2.9590001106262207,-0.31141966581344604,-0.2863357663154602,-1.415579915046692,0.22551946341991425,0.11872117221355438,-0.5446391105651855,0.7993419766426086,-0.04911600053310394,0.47643569111824036,1.4760032892227173,0.40265488624572754,0.9206231236457825,-0.7332261800765991,0.0753273218870163,-0.13537801802158356,-0.11328403651714325,-0.6669127345085144,0.1297503411769867,0.4752257168292999,0.1604698747396469,-0.3079802989959717,-0.733843207359314,-1.0033154487609863,-0.5511698722839355,1.8902047872543335,2.1074066162109375,-2.0847725868225098,-1.696039080619812,-0.03151961416006088,-0.054596513509750366,-0.37496984004974365,0.37357863783836365,0.5041725039482117,0.20198731124401093,-0.454834908246994,-0.792127788066864,-0.8300629258155823,-0.7537203431129456,2.057424783706665,1.9780726432800293,-2.1457679271698,-2.0114917755126953,4.953939914703369,7.169788837432861,1.506503939628601,0.5180746912956238,7.944303512573242,-0.9967660307884216,-0.4806322157382965,-2.924428701400757,-24.806297302246094,16.875322341918945,8.500924110412598,-1.7488572597503662,-33.07713317871094,11.588966369628906
3.162,0.0,0.0,0.0,2.436206817626953,0.35871201753616333,-1.2387751340866089,-0.11063186079263687,-0.030638914555311203,-0.9933890700340271,0.800000011920929,0.0,0.0,0.0,-0.057073500007390976,-0.03505623713135719,-0.3963884711265564,0.29013338685035706,0.5265891551971436,0.22747363150119781,-0.40851283073425293,-0.830086886882782,-0.8753309845924377,-0.6541782021522522,1.9665766954421997,1.9840428829193115,-2.1248373985290527,-1.9815980195999146,-11.228269577026367,-9.246484756469727,-12.605387687683105,-12.69289493560791,-6.1168999671936035,3.529934883117676,11.31513500213623,-1.6532179117202759,16.29739761352539,-11.28188705444336,-8.220328330993652,8.55012321472168,-31.940961837768555,-5.961189270019531,-0.31141966581344604,-0.2863357663154602,-1.415579915046692,0.22551946341991425,0.11872117221355438,-0.5446391105651855,0.7993419766426086,-0.04911600053310394,0.47643569111824036,1.4760032892227173,0.40265488624572754,0.9206231236457825,-0.7332261800765991,0.0753273218870163,2.938999891281128,0.11531923711299896,0.039908699691295624,-0.32195037603378296,0.6754351258277893,0.47449517250061035,-0.7689911723136902,-0.3532429039478302,-0.06220724433660507,1.0678600072860718,1.054348111152649,0.4111229479312897,0.4736200273036957,-0.6828461289405823,-0.27188631892204285,0.03835585340857506,0.006630511023104191,-0.2115689516067505,0.31692084670066833,0.6302253603935242,0.03918095678091049,-0.818047285079956,-0.7296675443649292,-0.7642345428466797,-0.7251003384590149,1.8824257850646973,1.93226957321167,-2.0654678344726562,-1.8416627645492554,-0.057073500007390976,-0.03505623713135719,-0.3963884711265564,0.29013338685035706,0.5265891551971436,0.22747363150119781,-0.40851283073425293,-0.830086886882782,-0.8753309845924377,-0.6541782021522522,1.9665766954421997,1.9840428829193115,-2.1248373985290527,-1.9815980195999146,-11.228269577026367,-9.246484756469727,-12.605387687683105,-12.69289493560791,-6.1168999671936035,3.529934883117676,11.31513500213623,-1.6532179117202759,16.29739761352539,-11.28188705444336,-8.220328330993652,8.55012321472168,-31.940961837768555,-5.961189270019531
3.183,0.0,0.0,0.0,-4.4382853507995605,1.0952988862991333,-0.429871141910553,-0.10610131174325943,-0.017852334305644035,-0.9941950440406799,0.800000011920929,0.0,0.0,0.0,-0.03051634319126606,0.004166773054748774,-0.4648495614528656,0.2570101022720337,0.5017832517623901,0.20495061576366425,-0.3653918206691742,-0.8196102380752563,-0.8552757501602173,-0.6793434023857117,1.9285541772842407,1.9920568466186523,-2.0532314777374268,-2.0136921405792236,11.3760986328125,10.415022850036621,8.631426811218262,6.507528781890869,-4.1160807609558105,1.0663578510284424,-4.506252765655518,8.66344928741455,21.990493774414062,-22.44317054748535,-2.1760995388031006,-8.466228485107422,24.176626205444336,-29.401752471923828,0.11531923711299896,0.039908699691295624,-0.32195037603378296,0.6754351258277893,0.47449517250061035,-0.7689911723136902,-0.3532429039478302,-0.06220724433660507,1.0678600072860718,1.054348111152649,0.4111229479312897,0.4736200273036957,-0.6828461289405823,-0.27188631892204285,2.9179999828338623,-0.7106326818466187,-0.2953627407550812,-0.7656043171882629,1.1145397424697876,-0.11817890405654907,-0.15489259362220764,0.6546716690063477,-0.5207653641700745,0.9251535534858704,1.175595760345459,0.2200692892074585,0.32622361183166504,-0.5916483998298645,-0.541084349155426,-0.31594911217689514,-0.13225017488002777,-0.3656788468360901,0.5332349538803101,0.3790220022201538,0.30339643359184265,-0.415492445230484,-0.9356011152267456,-0.8045443892478943,-0.6879318952560425,1.7956736087799072,1.8484275341033936,-2.022498607635498,-1.977364182472229,-0.03051634319126606,0.004166773054748774,-0.4648495614528656,0.2570101022720337,0.5017832517623901,0.20495061576366425,-0.3653918206691742,-0.8196102380752563,-0.8552757501602173,-0.6793434023857117,1.9285541772842407,1.9920568466186523,-2.0532314777374268,-2.0136921405792236,11.3760986328125,10.415022850036621,8.631426811218262,6.507528781890869,-4.1160807609558105,1.0663578510284424,-4.506252765655518,8.66344928741455,21.990493774414062,-22.44317054748535,-2.1760995388031006,-8.466228485107422,24.176626205444336,-29.401752471923828
3.203,0.0,0.0,0.0,0.0609980970621109,1.4509081840515137,0.506761372089386,-0.08122678101062775,0.006722199264913797,-0.9966729879379272,0.800000011920929,0.0,0.0,0.0,0.017932109534740448,0.04461906477808952,-0.38013818860054016,0.29083263874053955,0.5333230495452881,0.11078311502933502,-0.497991681098938,-0.7947481274604797,-0.8583042025566101,-0.6486640572547913,1.9382719993591309,1.9638373851776123,-2.0842039585113525,-2.114769220352173,-3.1399829387664795,-1.1585488319396973,6.005073070526123,4.615545272827148,1.9822851419448853,-9.149253845214844,-9.805214881896973,0.7673420906066895,-15.219754219055176,22.93833351135254,-3.6441612243652344,5.043006896972656,16.896541595458984,-24.05281639099121,-0.7106326818466187,-0.2953627407550812,-0.7656043171882629,1.1145397424697876,-0.11817890405654907,-0.15489259362220764,0.6546716690063477,-0.5207653641700745,0.9251535534858704,1.175595760345459,0.2200692892074585,0.32622361183166504,-0.5916483998298645,-0.541084349155426,2.8989999294281006,-0.09611436724662781,0.29242968559265137,-0.6232740879058838,0.4948351979255676,0.05717037245631218,0.07523766160011292,1.4816985130310059,-0.7968133687973022,1.0659427642822266,1.2081512212753296,0.48736444115638733,0.40452706813812256,-0.4462629556655884,0.07402783632278442,-0.07484637200832367,0.11836834251880646,-0.31704121828079224,0.2759993374347687,0.43280887603759766,0.4333765506744385,-0.0030748918652534485,-1.0804160833358765,-0.7452201843261719,-0.6695651412010193,1.9072812795639038,1.8752797842025757,-1.9527781009674072,-1.714133858680725,0.017932109534740448,0.04461906477808952,-0.38013818860054016,0.29083263874053955,0.5333230495452881,0.11078311502933502,-0.497991681098938,-0.7947481274604797,-0.8583042025566101,-0.6486640572547913,1.9382719993591309,1.9638373851776123,-2.0842039585113525,-2.114769220352173,-3.1399829387664795,-1.1585488319396973,6.005073070526123,4.615545272827148,1.9822851419448853,-9.149253845214844,-9.805214881896973,0.7673420906066895,-15.219754219055176,22.93833351135254,-3.6441612243652344,5.043006896972656,16.896541595458984,-24.05281639099121
3.223,0.0,0.0,0.0,-0.6650630831718445,-0.18136706948280334,0.43773093819618225,-0.06638153642416,-0.026603594422340393,-0.9974395632743835,0.800000011920929,0.0,0.0,0.0,-0.11584998667240143,-0.0004540993832051754,-0.37995174527168274,0.3168874979019165,0.4806244671344757,0.16608886420726776,-0.5111002326011658,-0.8584875464439392,-0.7765100598335266,-0.7180128693580627,1.8566749095916748,1.9348139762878418,-1.9897527694702148,-1.9646059274673462,1.254528522491455,4.7486958503723145,1.986100435256958,1.6183853149414062,-4.903036594390869,2.9454610347747803,-0.8688738942146301,-9.033860206604004,25.352493286132812,-0.6216220259666443,5.551302433013916,5.603744983673096,5.4526519775390625,16.130496978759766,-0.09611436724662781,0.29242968559265137,-0.6232740879058838,0.4948351979255676,0.05717037245631218,0.07523766160011292,1.4816985130310059,-0.7968133687973022,1.0659427642822266,1.2081512212753296,0.48736444115638733,0.40452706813812256,-0.4462629556655884,0.07402783632278442,2.878999948501587,0.015348196029663086,-0.21315698325634003,-0.5246201753616333,0.41304588317871094,0.3975381851196289,-0.4606817364692688,0.9745087623596191,-0.07232863456010818,0.826923131942749,1.291014552116394,0.40314924716949463,0.9243862628936768,-0.77909916639328,-0.2707393765449524,-0.0005779489874839783,-0.08408380299806595,-0.26778319478034973,0.21347057819366455,0.5913530588150024,0.205210879445076,-0.19006851315498352,-0.7688794732093811,-0.8468465805053711,-0.6304399371147156,1.8805453777313232,2.1119017601013184,-2.0955822467803955,-1.8429560661315918,-0.11584998667240143,-0.0004540993832051754,-0.37995174527168274,0.3168874979019165,0.4806244671344757,0.16608886420726776,-0.5111002326011658,-0.8584875464439392,-0.7765100598335266,-0.7180128693580627,1.8566749095916748,1.9348139762878418,-1.9897527694702148,-1.9646059274673462,1.254528522491455,4.7486958503723145,1.986100435256958,1.6183853149414062,-4.903036594390869,2.9454610347747803,-0.8688738942146301,-9.033860206604004,25.352493286132812,-0.6216220259666443,5.551302433013916,5.603744983673096,5.4526519775390625,16.130496978759766
3.245,0.0,0.0,0.0,-1.537529468536377,-0.8256835341453552,-0.4802081286907196,-0.07907755672931671,0.007628563325852156,-0.9968392848968506,0.800000011920929,0.0,0.0,0.0,-0.08218176662921906,0.060568053275346756,-0.35895150899887085,0.3114530146121979,0.5251227021217346,0.20632901787757874,-0.39610978960990906,-0.9346248507499695,-0.8460227847099304,-0.6756231784820557,1.8487924337387085,2.015155792236328,-2.143794536590576,-1.9981743097305298,4.3843793869018555,1.8654415607452393,2.257737636566162,-0.5421901345252991,10.025050163269043,-5.428105354309082,3.285022258758545,1.6580286026000977,-26.1895694732666,13.889021873474121,1.6548616886138916,11.411552429199219,-19.611812591552734,-26.413860321044922,0.015348196029663086,-0.21315698325634003,-0.5246201753616333,0.41304588317871094,0.3975381851196289,-0.4606817364692688,0.9745087623596191,-0.07232863456010818,0.826923131942749,1.291014552116394,0.40314924716949463,0.9243862628936768,-0.77909916639328,-0.2707393765449524,2.8580000400543213,-0.13485980033874512,-0.17155605554580688,-1.1572185754776,0.6279064416885376,0.24587245285511017,-0.2642795443534851,0.8263092637062073,-0.20345064997673035,0.9641684293746948,1.3611851930618286,0.1780720353126526,0.7342459559440613,-0.38694116473197937,0.10455235093832016,-0.06074470281600952,-0.08560860902070999,-0.5475266575813293,0.3039049506187439,0.5389578938484192,0.2707752585411072,-0.2754576504230499,-0.7967306971549988,-0.7952488660812378,-0.5949506759643555,1.776586890220642,2.0500009059906006,-1.9333916902542114,-1.6869571208953857,-0.047252144664525986,0.048474449664354324,-0.35085049271583557,0.2570592164993286,0.5462883114814758,0.19714942574501038,-0.372902512550354,-0.9012858271598816,-0.8196127414703369,-0.676807165145874,1.8526743650436401,2.0240697860717773,-2.133615732192993,-1.947680950164795,1.9846354722976685,-2.104069948196411,0.6912100315093994,-5.239065170288086,5.704536437988281,-2.0859744548797607,2.52992844581604,1.8422950506210327,-14.118616104125977,5.847932815551758,-1.729632019996643,-3.9826114177703857,10.611954689025879,26.076969146728516
3.262,0.0,0.0,0.0,1.093245029449463,-1.09024977684021,0.5080893635749817,-0.09406913816928864,0.02032536081969738,-0.9953581690788269,0.800000011920929,0.0,0.0,0.0,-0.04488196223974228,0.021356040611863136,-0.35622379183769226,0.23057441413402557,0.551142692565918,0.1824924647808075,-0.34966057538986206,-0.8833519220352173,-0.7798500061035156,-0.617949903011322,1.8558828830718994,2.0634241104125977,-2.1355955600738525,-1.965369462966919,-3.42220139503479,-5.352390766143799,-1.923578143119812,-2.9752118587493896,-3.7447690963745117,-2.3134965896606445,3.2789506912231445,1.3147488832473755,22.061492919921875,11.897725105285645,0.45155036449432373,11.32375717163086,-2.1087334156036377,-18.593299865722656,-0.13485980033874512,-0.17155605554580688,-1.1572185754776,0.6279064416885376,0.24587245285511017,-0.2642795443534851,0.8263092637062073,-0.20345064997673035,0.9641684293746948,1.3611851930618286,0.1780720353126526,0.7342459559440613,-0.38694116473197937,0.10455235093832016,2.8389999866485596,0.1711782068014145,0.18343108892440796,-0.25109338760375977,0.2900064289569855,0.6303917169570923,-0.25700026750564575,0.5070975422859192,-0.5559834241867065,0.8155861496925354,1.1954407691955566,0.5412103533744812,0.3387488126754761,-0.40982717275619507,-0.20450851321220398,0.07095571607351303,0.07398313283920288,-0.1677446812391281,0.16089339554309845,0.7067520022392273,0.2806074023246765,-0.4276418089866638,-0.9581555724143982,-0.856951117515564,-0.6659867167472839,1.9296033382415771,1.8658368587493896,-1.927471399307251,-1.8104344606399536,-0.04488196223974228,0.021356040611863136,-0.35622379183769226,0.23057441413402557,0.551142692565918,0.1824924647808075,-0.34966057538986206,-0.8833519220352173,-0.7798500061035156,-0.617949903011322,1.8558828830718994,2.0634241104125977,-2.1355955600738525,-1.965369462966919,-3.42220139503479,-5.352390766143799,-1.923578143119812,-2.9752118587493896,-3.7447690963745117,-2.3134965896606445,3.2789506912231445,1.3147488832473755,22.061492919921875,11.897725105285645,0.45155036449432373,11.32375717163086,-2.1087334156036377,-18.593299865722656
3.283,0.0,0.0,0.0,-2.2949893474578857,0.6871623992919922,0.14776965975761414,-0.08061617612838745,0.05256129801273346,-0.995358407497406,0.800000011920929,0.0,0.0,0.0,-0.01941283419728279,-0.013050856068730354,-0.3439202904701233,0.26485756039619446,0.5763751268386841,0.24523720145225525,-0.3798259496688843,-0.8529014587402344,-0.9014989733695984,-0.6982121467590332,1.8844294548034668,2.047590494155884,-2.0629096031188965,-1.9692481756210327,9.280253410339355,6.296599388122559,2.8239200115203857,3.217695474624634,0.008668642491102219,0.8460161685943604,-8.66079044342041,4.852762699127197,5.2648606300354,2.1529600620269775,12.707999229431152,-5.164980888366699,8.098672866821289,-29.799461364746094,0.1711782068014145,0.18343108892440796,-0.25109338760375977,0.2900064289569855,0.6303917169570923,-0.25700026750564575,0.5070975422859192,-0.5559834241867065,0.8155861496925354,1.1954407691955566,0.5412103533744812,0.3387488126754761,-0.40982717275619507,-0.20450851321220398,2.818000078201294,-0.34086573123931885,-0.00494114076718688,-0.35536426305770874,0.5207363367080688,0.08164222538471222,-0.2310437113046646,1.3846144676208496,-0.7111940979957581,0.7933356761932373,1.1980056762695312,0.4093838036060333,0.5053030252456665,-0.6726966500282288,-0.3284533619880676,-0.1462939977645874,0.00517479982227087,-0.17668837308883667,0.2504206895828247,0.4765941798686981,0.2932710647583008,-0.047977644950151443,-1.0441428422927856,-0.8731340169906616,-0.6719360947608948,1.8855830430984497,1.9223699569702148,-2.045170545578003,-1.8785574436187744,-0.01941283419728279,-0.013050856068730354,-0.3439202904701233,0.26485756039619446,0.5763751268386841,0.24523720145225525,-0.3798259496688843,-0.8529014587402344,-0.9014989733695984,-0.6982121467590332,1.8844294548034668,2.047590494155884,-2.0629096031188965,-1.9692481756210327,9.280253410339355,6.296599388122559,2.8239200115203857,3.217695474624634,0.008668642491102219,0.8460161685943604,-8.66079044342041,4.852762699127197,5.2648606300354,2.1529600620269775,12.707999229431152,-5.164980888366699,8.098672866821289,-29.799461364746094
3.303,0.0,0.0,0.0,2.5606696605682373,0.24211885035037994,0.44344839453697205,-0.0750005841255188,0.05209881067276001,-0.9958215951919556,0.800000011920929,0.0,0.0,0.0,0.02255893498659134,0.011231618002057076,-0.328747034072876,0.24763306975364685,0.5968695282936096,0.2643938362598419,-0.39588260650634766,-0.9112343788146973,-0.8456460237503052,-0.6665331125259399,1.9237936735153198,2.0087757110595703,-2.1134707927703857,-2.007999897003174,-6.311703205108643,-3.496762752532959,-1.2830437421798706,4.785121917724609,-1.5998932123184204,3.9216980934143066,9.346952438354492,-13.032017707824707,2.786391258239746,-3.995697498321533,-5.949067115783691,25.099992752075195,-32.74290466308594,-31.554344177246094,-0.34086573123931885,-0.00494114076718688,-0.35536426305770874,0.5207363367080688,0.08164222538471222,-0.2310437113046646,1.3846144676208496,-0.7111940979957581,0.7933356761932373,1.1980056762695312,0.4093838036060333,0.5053030252456665,-0.6726966500282288,-0.3284533619880676,2.7990000247955322,-0.1975562423467636,-0.3521769344806671,-1.117799162864685,0.7185811996459961,0.5204422473907471,-0.5895652770996094,-0.30333733558654785,0.9191334247589111,0.7089188694953918,1.0060245990753174,0.06842638552188873,0.1279083490371704,-0.2969582974910736,0.03313354030251503,-0.10352970659732819,-0.1579621434211731,-0.5206784605979919,0.34840360283851624,0.651038408279419,0.13320273160934448,-0.7695894837379456,-0.3190942108631134,-0.9127399325370789,-0.7589225172996521,1.7277501821517944,1.7581957578659058,-1.8878581523895264,-1.7226555347442627,0.02255893498659134,0.011231618002057076,-0.328747034072876,0.24763306975364685,0.5968695282936096,0.2643938362598419,-0.39588260650634766,-0.9112343788146973,-0.8456460237503052,-0.6665331125259399,1.9237936735153198,2.0087757110595703,-2.1134707927703857,-2.007999897003174,-6.311703205108643,-3.496762752532959,-1.2830437421798706,4.785121917724609,-1.5998932123184204,3.9216980934143066,9.346952438354492,-13.032017707824707,2.786391258239746,-3.995697498321533,-5.949067115783691,25.099992752075195,-32.74290466308594,-31.554344177246094
3.325,0.0,0.0,0.0,1.091528296470642,1.3848695755004883,0.928955614566803,-0.054559770971536636,0.03897611051797867,-0.9977495074272156,0.800000011920929,0.0,0.0,0.0,-0.002376592718064785,-0.01755031943321228,-0.31866729259490967,0.2454797625541687,0.6372300386428833,0.3056349754333496,-0.3217927813529968,-0.9734674096107483,-0.9253860116004944,-0.7418397068977356,1.8485008478164673,1.9058372974395752,-2.1039466857910156,-1.8317618370056152,-0.08560384809970856,-4.756349086761475,1.4144223928451538,-0.6683127284049988,9.620380401611328,2.154656410217285,-2.705103635787964,5.590715408325195,-27.137798309326172,-24.138423919677734,-3.5948374271392822,-9.554363250732422,8.92406940460205,5.271877288818359,-0.1975562423467636,-0.3521769344806671,-1.117799162864685,0.7185811996459961,0.5204422473907471,-0.5895652770996094,-0.30333733558654785,0.9191334247589111,0.7089188694953918,1.0060245990753174,0.06842638552188873,0.1279083490371704,-0.2969582974910736,0.03313354030251503,2.7769999504089355,0.08629012107849121,0.6900901794433594,-0.6963409185409546,0.18175294995307922,-0.2944369614124298,-0.4769754409790039,0.6821794509887695,-0.5125637054443359,0.9400284886360168,1.168225884437561,0.45110759139060974,1.484244465827942,-0.04234291985630989,-0.5439550280570984,0.028477581217885017,0.2947443723678589,-0.36542126536369324,0.11662918329238892,0.30178719758987427,0.16786131262779236,-0.3982681632041931,-0.8908530473709106,-0.8127012252807617,-0.6946306228637695,1.8841733932495117,2.3521296977996826,-1.7575500011444092,-1.9667552709579468,-0.017806245014071465,-0.087613046169281,-0.3244873881340027,0.24068225920200348,0.6488854289054871,0.25461846590042114,-0.3886167109012604,-0.8698578476905823,-0.9294850826263428,-0.729512631893158,1.8601627349853516,1.845479130744934,-2.036161422729492,-1.959873914718628,-2.306857109069824,-5.2677083015441895,0.3222711682319641,0.2027997523546219,2.7147789001464844,-0.49740439653396606,-5.836860179901123,9.840872764587402,-9.467582702636719,-11.602948188781738,0.042239733040332794,-4.1028337478637695,11.497783660888672,-13.253960609436035
3.343,0.0,0.0,0.0,0.02960258722305298,0.29116562008857727,0.649509608745575,-0.04212101548910141,0.031655292958021164,-0.9986109137535095,0.800000011920929,0.0,0.0,0.0,-0.02819206193089485,-0.10957891494035721,-0.3248828053474426,0.2357342392206192,0.6545083522796631,0.22487378120422363,-0.4417147636413574,-0.8438544869422913,-0.9399524331092834,-0.6978324055671692,1.895937204360962,1.8247685432434082,-2.0340983867645264,-1.9649534225463867,-0.2440294474363327,1.1683675050735474,0.3196609914302826,0.3388793468475342,0.44891518354415894,-7.559053897857666,-9.101996421813965,-5.481868267059326,0.7470938563346863,25.87120246887207,12.975557327270508,6.005044937133789,-11.30657958984375,8.663785934448242,0.08629012107849121,0.6900901794433594,-0.6963409185409546,0.18175294995307922,-0.2944369614124298,-0.4769754409790039,0.6821794509887695,-0.5125637054443359,0.9400284886360168,1.168225884437561,0.45110759139060974,1.484244465827942,-0.04234291985630989,-0.5439550280570984,2.759000062942505,-0.246051624417305,-0.3194462060928345,-1.193625807762146,0.3843056857585907,-0.019328340888023376,-0.31398826837539673,1.1995694637298584,-0.22916343808174133,0.47607436776161194,1.2234591245651245,0.34235879778862,1.1350778341293335,-1.034932017326355,-0.6040623784065247,-0.10787546634674072,-0.11427634954452515,-0.5736737251281738,0.18460047245025635,0.39066094160079956,0.24467140436172485,-0.12831053137779236,-0.8204987645149231,-1.0114766359329224,-0.6633464694023132,1.8508787155151367,2.2543978691101074,-2.1911845207214355,-2.0182135105133057,-0.02819206193089485,-0.10957891494035721,-0.3248828053474426,0.2357342392206192,0.6545083522796631,0.22487378120422363,-0.4417147636413574,-0.8438544869422913,-0.9399524331092834,-0.6978324055671692,1.895937204360962,1.8247685432434082,-2.0340983867645264,-1.9649534225463867,-0.2440294474363327,1.1683675050735474,0.3196609914302826,0.3388793468475342,0.44891518354415894,-7.559053897857666,-9.101996421813965,-5.481868267059326,0.7470938563346863,25.87120246887207,12.975557327270508,6.005044937133789,-11.30657958984375,8.663785934448242
3.363,0.0,0.0,0.0,2.123955011367798,-0.8066112995147705,-0.41405823826789856,-0.05997740849852562,0.019416332244873047,-0.9980108737945557,0.800000011920929,0.0,0.0,0.0,-0.05798325687646866,-0.07775075733661652,-0.3220910429954529,0.19979019463062286,0.6315838694572449,0.23376725614070892,-0.4177415668964386,-0.8786048293113708,-0.9298099279403687,-0.6797586679458618,1.8920750617980957,2.0166001319885254,-2.01043701171875,-2.079364538192749,-10.159491539001465,-6.144275188446045,-6.629118919372559,-7.903459548950195,11.682490348815918,4.7275710105896,10.231056213378906,10.35297966003418,-32.651588439941406,-1.2432955503463745,-3.489544153213501,-1.1995530128479004,-33.48349380493164,-28.126811981201172,-0.246051624417305,-0.3194462060928345,-1.193625807762146,0.3843056857585907,-0.019328340888023376,-0.31398826837539673,1.1995694637298584,-0.22916343808174133,0.47607436776161194,1.2234591245651245,0.34235879778862,1.1350778341293335,-1.034932017326355,-0.6040623784065247,2.739000082015991,-0.1850057989358902,0.15180885791778564,-0.9852683544158936,0.7664467692375183,0.15427866578102112,-0.970637857913971,0.14574141800403595,-0.46066814661026,0.6620774269104004,1.356560468673706,0.4100564420223236,0.5950337052345276,-0.5469512343406677,-0.06688874959945679,-0.0940401554107666,0.056886352598667145,-0.5007381439208984,0.36336106061935425,0.47767147421836853,-0.04313989728689194,-0.5755373239517212,-0.9176404476165771,-0.9476528167724609,-0.600322425365448,1.878013253211975,2.0016050338745117,-2.014956474304199,-1.7816312313079834,-0.05798325687646866,-0.07775075733661652,-0.3220910429954529,0.19979019463062286,0.6315838694572449,0.23376725614070892,-0.4177415668964386,-0.8786048293113708,-0.9298099279403687,-0.6797586679458618,1.8920750617980957,2.0166001319885254,-2.01043701171875,-2.079364538192749,-10.159491539001465,-6.144275188446045,-6.629118919372559,-7.903459548950195,11.682490348815918,4.7275710105896,10.231056213378906,10.35297966003418,-32.651588439941406,-1.2432955503463745,-3.489544153213501,-1.1995530128479004,-33.48349380493164,-28.126811981201172
3.382,0.0,0.0,0.0,0.5888088345527649,-0.999733030796051,-0.49747708439826965,-0.07852417975664139,-0.006042150314897299,-0.9968938827514648,0.800000011920929,0.0,0.0,0.0,-0.11756125092506409,-0.1269221305847168,-0.3954957127571106,0.18479220569133759,0.6123043894767761,0.2777487635612488,-0.30773764848709106,-0.8418000340461731,-0.9491866827011108,-0.6665422916412354,1.854970932006836,2.1133556365966797,-2.0696563720703125,-2.0526223182678223,0.05502842739224434,-0.8603434562683105,-4.727632999420166,1.1273466348648071,-6.11151123046875,0.7451829314231873,5.665033340454102,3.173447370529175,9.960755348205566,1.117175579071045,1.185535192489624,10.289731979370117,-12.01930046081543,-23.344823837280273,-0.1850057989358902,0.15180885791778564,-0.9852683544158936,0.7664467692375183,0.15427866578102112,-0.970637857913971,0.14574141800403595,-0.46066814661026,0.6620774269104004,1.356560468673706,0.4100564420223236,0.5950337052345276,-0.5469512343406677,-0.06688874959945679,2.7190001010894775,0.07516445219516754,0.09569849818944931,-0.6738987565040588,0.36520424485206604,0.7333837151527405,-0.532943069934845,0.20346739888191223,-0.2910895049571991,0.9122899770736694,1.3041280508041382,0.466060072183609,0.32258209586143494,-0.6957980394363403,-0.378184974193573,0.024419989436864853,0.048752956092357635,-0.35332822799682617,0.2006780207157135,0.7469697594642639,0.12504161894321442,-0.5942833423614502,-0.8510442972183228,-0.8286747932434082,-0.6176146268844604,1.905928373336792,1.853722333908081,-2.064314603805542,-1.8980563879013062,-0.11756125092506409,-0.1269221305847168,-0.3954957127571106,0.18479220569133759,0.6123043894767761,0.2777487635612488,-0.30773764848709106,-0.8418000340461731,-0.9491866827011108,-0.6665422916412354,1.854970932006836,2.1133556365966797,-2.0696563720703125,-2.0526223182678223,0.05502842739224434,-0.8603434562683105,-4.727632999420166,1.1273466348648071,-6.11151123046875,0.7451829314231873,5.665033340454102,3.173447370529175,9.960755348205566,1.117175579071045,1.185535192489624,10.289731979370117,-12.01930046081543,-23.344823837280273
3.404,0.0,0.0,0.0,0.22281469404697418,-0.6327307224273682,-0.8593853712081909,-0.08969186991453171,0.04626135528087616,-0.9948946237564087,0.800000011920929,0.0,0.0,0.0,-0.06281863152980804,-0.027484960854053497,-0.3718005418777466,0.2706773579120636,0.610693097114563,0.20559470355510712,-0.365245521068573,-0.8237916827201843,-0.8949665427207947,-0.6140551567077637,1.9451065063476562,2.029661178588867,-2.0909483432769775,-1.999341368675232,2.3743326663970947,4.746408462524414,3.194471836090088,-4.292122840881348,-0.9063552618026733,2.6267893314361572,-1.2927826642990112,13.586995124816895,6.536036491394043,-11.570509910583496,7.812690734863281,-16.223676681518555,-32.814125061035156,-27.164649963378906,0.07516445219516754,0.09569849818944931,-0.6738987565040588,0.36520424485206604,0.7333837151527405,-0.532943069934845,0.20346739888191223,-0.2910895049571991,0.9122899770736694,1.3041280508041382,0.466060072183609,0.32258209586143494,-0.6957980394363403,-0.378184974193573,2.6989998817443848,-0.2918155789375305,-0.15168918669223785,-0.9592934846878052,0.7072359323501587,0.11115968227386475,-0.7841615676879883,0.5473076701164246,-0.8995422720909119,0.43996256589889526,1.1975834369659424,0.15519319474697113,0.5127244591712952,-0.48615777492523193,-0.4093523621559143,-0.1288750022649765,-0.06338483840227127,-0.467014878988266,0.3383239805698395,0.49389883875846863,0.028811456635594368,-0.44142985343933105,-1.118188500404358,-1.0293242931365967,-0.6672888994216919,1.7688297033309937,1.924498200416565,-1.9749125242233276,-1.9237240552902222,-0.05254548043012619,0.001083176233805716,-0.35997000336647034,0.2502429187297821,0.6244117617607117,0.18967382609844208,-0.40365421772003174,-0.7917662858963013,-0.8848050832748413,-0.6062584519386292,1.980703592300415,1.9485609531402588,-2.069234848022461,-1.9619001150131226,0.8620567917823792,1.7326414585113525,-2.8729701042175293,-0.7182347178459167,0.857620120048523,-1.4289700984954834,-0.5544342398643494,-3.2305450439453125,3.9709036350250244,-0.6894565224647522,6.835331439971924,-2.6426961421966553,-28.01388168334961,24.248477935791016
3.423,0.0,0.0,0.0,1.4700335264205933,0.028957974165678024,-0.8306542038917542,-0.09271898865699768,0.04091154411435127,-0.9948514699935913,0.800000011920929,0.0,0.0,0.0,-0.06221631169319153,0.005501542706042528,-0.37064599990844727,0.23907198011875153,0.6373289823532104,0.18143905699253082,-0.42431989312171936,-0.7968868613243103,-0.8770989775657654,-0.6268903613090515,1.987450361251831,1.9636809825897217,-2.0234508514404297,-1.9591190814971924,-5.55621337890625,-0.892372727394104,-3.056147336959839,-2.4553093910217285,2.7173192501068115,-2.376966953277588,-1.9298417568206787,-0.14979605376720428,-1.4227118492126465,2.773238182067871,1.6940237283706665,1.7847871780395508,-1.4738906621932983,0.6927879452705383,-0.2918155789375305,-0.15168918669223785,-0.9592934846878052,0.7072359323501587,0.11115968227386475,-0.7841615676879883,0.5473076701164246,-0.8995422720909119,0.43996256589889526,1.1975834369659424,0.15519319474697113,0.5127244591712952,-0.48615777492523193,-0.4093523621559143,2.678999900817871,0.1657090187072754,-0.17973318696022034,-0.1797589510679245,0.4276082217693329,0.16119039058685303,-0.8110976219177246,1.2755461931228638,-0.9387028813362122,0.4719129800796509,1.6271014213562012,0.8169186115264893,1.0431815385818481,-1.0610750913619995,-0.48894473910331726,0.06168155372142792,-0.08721841871738434,-0.1275930106639862,0.2262561023235321,0.4911055564880371,0.007067215628921986,-0.09843717515468597,-1.1625251770019531,-1.035011649131775,-0.47897323966026306,2.05289626121521,2.1702816486358643,-2.224684953689575,-1.962107539176941,-0.06221631169319153,0.005501542706042528,-0.37064599990844727,0.23907198011875153,0.6373289823532104,0.18143905699253082,-0.42431989312171936,-0.7968868613243103,-0.8770989775657654,-0.6268903613090515,1.987450361251831,1.9636809825897217,-2.0234508514404297,-1.9591190814971924,-5.55621337890625,-0.892372727394104,-3.056147336959839,-2.4553093910217285,2.7173192501068115,-2.376966953277588,-1.9298417568206787,-0.14979605376720428,-1.4227118492126465,2.773238182067871,1.6940237283706665,1.7847871780395508,-1.4738906621932983,0.6927879452705383
3.442,0.0,0.0,0.0,-1.6006410121917725,-0.4274500012397766,-0.9495142102241516,-0.08122547715902328,0.0037862800527364016,-0.9966885447502136,0.800000011920929,0.0,0.0,0.0,-0.09675311297178268,-0.039242565631866455,-0.41174784302711487,0.2939222753047943,0.6033851504325867,0.12259048223495483,-0.3948195278644562,-0.8986128568649292,-0.9836346507072449,-0.6172122955322266,1.9460793733596802,2.0546159744262695,-2.086458683013916,-2.020014524459839,6.555544853210449,2.631866455078125,1.3774718046188354,7.1633710861206055,-1.806965708732605,-6.6600661277771,4.007767677307129,-6.2449445724487305,-6.394751071929932,15.129303932189941,6.967081546783447,13.874475479125977,-27.052692413330078,-33.792030334472656,0.1657090187072754,-0.17973318696022034,-0.1797589510679245,0.4276082217693329,0.16119039058685303,-0.8110976219177246,1.2755461931228638,-0.9387028813362122,0.4719129800796509,1.6271014213562012,0.8169186115264893,1.0431815385818481,-1.0610750913619995,-0.48894473910331726,2.6589999198913574,-0.4245110750198364,-0.35687536001205444,-1.331807255744934,0.7933825254440308,0.42893093824386597,-0.15315447747707367,0.22308829426765442,0.383369117975235,0.9141160845756531,1.1735745668411255,0.16230137646198273,0.15104006230831146,-0.58454430103302,0.13295158743858337,-0.18486182391643524,-0.16931575536727905,-0.6120725870132446,0.37964773178100586,0.6113094687461853,0.3009672164916992,-0.5377439260482788,-0.5720263719558716,-0.8365888595581055,-0.6642287969589233,1.7867251634597778,1.7933961153030396,-2.0352234840393066,-1.686092495918274,-0.09675311297178268,-0.039242565631866455,-0.41174784302711487,0.2939222753047943,0.6033851504325867,0.12259048223495483,-0.3948195278644562,-0.8986128568649292,-0.9836346507072449,-0.6172122955322266,1.9460793733596802,2.0546159744262695,-2.086458683013916,-2.020014524459839,6.555544853210449,2.631866455078125,1.3774718046188354,7.1633710861206055,-1.806965708732605,-6.6600661277771,4.007767677307129,-6.2449445724487305,-6.394751071929932,15.129303932189941,6.967081546783447,13.874475479125977,-27.052692413330078,-33.792030334472656
3.465,0.0,0.0,0.0,0.9956026077270508,-0.48169365525245667,-0.1927647590637207,-0.10275504738092422,0.00764722703024745,-0.9946773052215576,0.800000011920929,0.0,0.0,0.0,-0.024537401273846626,-0.04484741762280464,-0.3345416188240051,0.30175334215164185,0.5469020009040833,0.10381782054901123,-0.2903256416320801,-0.993865966796875,-0.9983308911323547,-0.6123918294906616,1.9523898363113403,2.0590908527374268,-2.0925259590148926,-1.9997849464416504,-1.6242974996566772,-4.936412334442139,4.754184722900391,-2.1914498805999756,-2.1638009548187256,6.101859092712402,6.373995304107666,6.8710503578186035,0.013691782020032406,-26.735424041748047,2.127439498901367,-8.709208488464355,-19.172344207763672,-26.450542449951172,-0.4245110750198364,-0.35687536001205444,-1.331807255744934,0.7933825254440308,0.42893093824386597,-0.15315447747707367,0.22308829426765442,0.383369117975235,0.9141160845756531,1.1735745668411255,0.16230137646198273,0.15104006230831146,-0.58454430103302,0.13295158743858337,2.638000011444092,0.0012395456433296204,0.07572268694639206,-0.6478051543235779,0.6676484942436218,0.26303648948669434,-0.45551198720932007,0.31043094396591187,-0.5926916003227234,0.805651843547821,0.886623203754425,0.2966187298297882,0.5524337291717529,-0.43297404050827026,-0.2288508415222168,-0.017928387969732285,0.017143631353974342,-0.35271957516670227,0.3384065628051758,0.548677384853363,0.19429633021354675,-0.5423704385757446,-0.9522038102149963,-0.8655555248260498,-0.8118824362754822,1.8205509185791016,1.9363347291946411,-1.9480706453323364,-1.821302056312561,-0.07411360740661621,-0.11815433204174042,-0.33139359951019287,0.2711678743362427,0.5478041172027588,0.13189171254634857,-0.2643607258796692,-0.9329289197921753,-0.9435176253318787,-0.617891252040863,1.9397472143173218,1.9892792701721191,-2.072134017944336,-2.0051863193511963,-2.9829373359680176,-4.386302947998047,-1.3074939250946045,-1.2804930210113525,4.158780574798584,3.315744400024414,-0.9237009882926941,3.836252212524414,-9.499979972839355,-3.532672882080078,0.13565658032894135,-2.519353151321411,4.5445733070373535,-0.1890382617712021
3.484,0.0,0.0,0.0,-3.1903634071350098,0.424293577671051,-0.9813061356544495,-0.09679810702800751,0.028942899778485298,-0.994883120059967,0.800000011920929,0.0,0.0,0.0,-0.08398128300905228,-0.14360933005809784,-0.34683775901794434,0.2640082836151123,0.551112174987793,0.15938915312290192,-0.28131210803985596,-0.9060167670249939,-0.9197930693626404,-0.6569192409515381,1.9388564825057983,1.9706106185913086,-2.044674873352051,-2.008974075317383,0.2657751739025116,-1.7812554836273193,-3.769366502761841,-0.5396443605422974,1.4709526300430298,0.6860893368721008,-0.6155333518981934,3.1440351009368896,0.19734010100364685,5.379361629486084,3.0857818126678467,-2.1780970096588135,-25.03105354309082,-0.7616861462593079,0.0012395456433296204,0.07572268694639206,-0.6478051543235779,0.6676484942436218,0.26303648948669434,-0.45551198720932007,0.31043094396591187,-0.5926916003227234,0.805651843547821,0.886623203754425,0.2966187298297882,0.5524337291717529,-0.43297404050827026,-0.2288508415222168,2.618000030517578,0.4042842984199524,-0.20622265338897705,-0.5807822346687317,0.5551199913024902,0.1498577743768692,-0.4683496952056885,0.9239872097969055,-0.9877757430076599,0.9233196973800659,0.8784077167510986,0.2047668695449829,1.412691354751587,-0.9739924669265747,-0.6688196659088135,0.1801351010799408,-0.09108582884073257,-0.29662394523620605,0.2836446464061737,0.4914837181568146,0.17785227298736572,-0.266732782125473,-1.1680094003677368,-0.8155016899108887,-0.8303447961807251,1.7826001644134521,2.33774471282959,-2.1828136444091797,-2.032808780670166,-0.05280751734972,-0.09576857835054398,-0.31891149282455444,0.3057088851928711,0.5751463174819946,0.15575075149536133,-0.3340195119380951,-0.9264993667602539,-0.93215012550354,-0.720384955406189,1.9448866844177246,2.018798828125,-2.021571159362793,-2.0512967109680176,1.991805076599121,3.8435165882110596,0.4115177392959595,0.0679534524679184,1.060181736946106,-3.627157211303711,-2.342787981033325,1.2802064418792725,1.0774247646331787,6.93637228012085,0.592361569404602,0.1610821932554245,-17.45285987854004,-13.1934175491333
3.504,0.0,0.0,0.0,1.8454101085662842,0.18787401914596558,-1.4666997194290161,-0.09332919865846634,0.02119164541363716,-0.9954097270965576,0.800000011920929,0.0,0.0,0.0,-0.0459594689309597,-0.08482034504413605,-0.31629908084869385,0.29958492517471313,0.5793890953063965,0.1521316021680832,-0.3703060448169708,-0.9437174201011658,-0.9215995073318481,-0.7561938762664795,1.9471423625946045,1.9975476264953613,-1.9680472612380981,-1.9814263582229614,0.7335257530212402,-1.0285216569900513,0.9969189763069153,0.6853733658790588,0.8540615439414978,0.26755407452583313,-4.076408863067627,-7.425147533416748,0.32166096568107605,-6.951064586639404,1.902580976486206,-1.9143744707107544,-1.2065327167510986,25.314294815063477,0.4042842984199524,-0.20622265338897705,-0.5807822346687317,0.5551199913024902,0.1498577743768692,-0.4683496952056885,0.9239872097969055,-0.9877757430076599,0.9233196973800659,0.8784077167510986,0.2047668695449829,1.412691354751587,-0.9739924669265747,-0.6688196659088135,2.5980000495910645,-0.4372263550758362,-0.13279440999031067,-0.4675113558769226,0.011940736323595047,0.1167365312576294,-0.8837515711784363,0.942420482635498,-0.2555514872074127,0.7131359577178955,1.6522653102874756,0.27496030926704407,1.3122265338897705,-1.0034422874450684,-0.3196316659450531,-0.17873834073543549,-0.068866066634655,-0.24004250764846802,0.033737797290086746,0.4708597958087921,-0.01072297990322113,-0.23087401688098907,-0.8600890636444092,-0.9050790071487427,-0.4839550852775574,1.8103920221328735,2.332676410675049,-2.2195401191711426,-1.8968250751495361,-0.0459594689309597,-0.08482034504413605,-0.31629908084869385,0.29958492517471313,0.5793890953063965,0.1521316021680832,-0.3703060448169708,-0.9437174201011658,-0.9215995073318481,-0.7561938762664795,1.9471423625946045,1.9975476264953613,-1.9680472612380981,-1.9814263582229614,0.7335257530212402,-1.0285216569900513,0.9969189763069153,0.6853733658790588,0.8540615439414978,0.26755407452583313,-4.076408863067627,-7.425147533416748,0.32166096568107605,-6.951064586639404,1.902580976486206,-1.9143744707107544,-1.2065327167510986,25.314294815063477
3.524,0.0,0.0,0.0,-1.0086346864700317,0.1995181292295456,-1.3946539163589478,-0.09157924354076385,0.027370639145374298,-0.9954215884208679,0.800000011920929,0.0,0.0,0.0,-0.015887383371591568,-0.09338011592626572,-0.333094984292984,0.2696647346019745,0.5605792999267578,0.11290401965379715,-0.29989093542099,-1.0473518371582031,-0.9288734197616577,-0.7146455645561218,1.8889491558074951,2.10703444480896,-2.1356890201568604,-1.9462320804595947,0.5297179222106934,2.0506393909454346,1.0829185247421265,-9.295980453491211,4.8638200759887695,-10.136874198913574,5.268066883087158,2.838609457015991,-25.5089054107666,26.943344116210938,-1.8751752376556396,-11.58220386505127,-20.611730575561523,29.241178512573242,-0.4372263550758362,-0.13279440999031067,-0.4675113558769226,0.011940736323595047,0.1167365312576294,-0.8837515711784363,0.942420482635498,-0.2555514872074127,0.7131359577178955,1.6522653102874756,0.27496030926704407,1.3122265338897705,-1.0034422874450684,-0.3196316659450531,2.5789999961853027,-0.7697538733482361,-0.2673703730106354,-0.818345844745636,0.8181156516075134,-0.057946283370256424,-0.6017751693725586,0.7392142415046692,-0.49003738164901733,0.5547550320625305,1.4203135967254639,0.4478263854980469,1.0658754110336304,-0.6172282695770264,0.19351178407669067,-0.36426305770874023,-0.12720327079296112,-0.3922598659992218,0.3715257942676544,0.39019015431404114,0.09730887413024902,-0.3187309801578522,-0.9348157048225403,-0.9853081703186035,-0.5536943674087524,1.8909610509872437,2.221311330795288,-2.0494167804718018,-1.652312159538269,-0.05059836432337761,-0.09725519269704819,-0.32491254806518555,0.18624603748321533,0.5309221148490906,0.07794689387083054,-0.2653736174106598,-1.016953706741333,-0.9033167958259583,-0.6663202047348022,1.8627349138259888,2.1544597148895264,-2.158247947692871,-1.967424988746643,-3.037221670150757,0.7814804911613464,0.9142504930496216,-4.358258247375488,0.962529718875885,-4.600996971130371,2.861814498901367,3.200556993484497,-9.675088882446289,12.871258735656738,0.7579378485679626,9.816309928894043,-13.608241081237793,-15.837306022644043
3.544,0.0,0.0,0.0,1.5322492122650146,0.06757941097021103,-0.12416691333055496,-0.09917077422142029,-0.00850767083466053,-0.9950340390205383,0.800000011920929,0.0,0.0,0.0,-0.07367569953203201,-0.09064486622810364,-0.3040151000022888,0.14560092985630035,0.520002543926239,0.06949930638074875,-0.265829861164093,-0.9899282455444336,-0.9159330725669861,-0.6389839053153992,1.8590290546417236,2.185366153717041,-2.126925468444824,-1.9378820657730103,-2.6229093074798584,0.8500699996948242,2.959714412689209,-5.746052265167236,-4.193715572357178,4.45445442199707,-2.885684013366699,3.018853187561035,8.943632125854492,-9.224550247192383,3.4134438037872314,-1.7873777151107788,-5.455210208892822,23.8410587310791,-0.7697538733482361,-0.2673703730106354,-0.818345844745636,0.8181156516075134,-0.057946283370256424,-0.6017751693725586,0.7392142415046692,-0.49003738164901733,0.5547550320625305,1.4203135967254639,0.4478263854980469,1.0658754110336304,-0.6172282695770264,0.19351178407669067,2.559000015258789,0.23958250880241394,-0.5820820331573486,-0.47686201333999634,-0.06270340085029602,0.6507152915000916,-0.8274735808372498,1.0988599061965942,-0.8471435904502869,0.9210029244422913,1.432034969329834,0.47863394021987915,0.9983171224594116,-1.0151119232177734,-0.2891751825809479,0.07138582319021225,-0.2746572196483612,-0.25381389260292053,0.008936051279306412,0.7010208964347839,0.00654777605086565,-0.16567611694335938,-1.1029860973358154,-0.8285195231437683,-0.5553936958312988,1.9128812551498413,2.1797738075256348,-2.211452007293701,-1.8450700044631958,-0.07367569953203201,-0.09064486622810364,-0.3040151000022888,0.14560092985630035,0.520002543926239,0.06949930638074875,-0.265829861164093,-0.9899282455444336,-0.9159330725669861,-0.6389839053153992,1.8590290546417236,2.185366153717041,-2.126925468444824,-1.9378820657730103,-2.6229093074798584,0.8500699996948242,2.959714412689209,-5.746052265167236,-4.193715572357178,4.45445442199707,-2.885684013366699,3.018853187561035,8.943632125854492,-9.224550247192383,3.4134438037872314,-1.7873777151107788,-5.455210208892822,23.8410587310791
3.5620000000000003,0.0,0.0,0.0,1.4500490427017212,-0.2658659815788269,-0.41841772198677063,-0.09726982563734055,-0.021070780232548714,-0.9950349926948547,0.800000011920929,0.0,0.0,0.0,-0.12894095480442047,-0.14768008887767792,-0.3314630389213562,0.14192435145378113,0.5062692165374756,0.07944919168949127,-0.3118245005607605,-0.9846186637878418,-0.92478346824646,-0.6473246812820435,1.9182047843933105,2.2265336513519287,-2.1142892837524414,-1.9686808586120605,-1.518119215965271,-4.317559719085693,0.3019137382507324,-3.391683578491211,-1.0661612749099731,-3.2816812992095947,6.685238838195801,2.325726270675659,5.59135627746582,5.169775485992432,-1.962475299835205,-1.33892822265625,-27.817516326904297,-22.399658203125,0.23958250880241394,-0.5820820331573486,-0.47686201333999634,-0.06270340085029602,0.6507152915000916,-0.8274735808372498,1.0988599061965942,-0.8471435904502869,0.9210029244422913,1.432034969329834,0.47863394021987915,0.9983171224594116,-1.0151119232177734,-0.2891751825809479,2.5390000343322754,-0.03627026826143265,-0.07777895778417587,-0.6711664199829102,0.4339654743671417,0.5458011031150818,-0.6351207494735718,0.6091670989990234,-0.641934871673584,0.6855341792106628,1.46169912815094,0.281899094581604,0.41329601407051086,-0.7830159068107605,0.23075035214424133,-0.009183038026094437,-0.062466248869895935,-0.32740625739097595,0.19617806375026703,0.6848925948143005,0.08403044193983078,-0.3707323968410492,-1.0274592638015747,-0.9188015460968018,-0.5422147512435913,1.8265427350997925,1.9123605489730835,-2.1232123374938965,-1.630379319190979,-0.12894095480442047,-0.14768008887767792,-0.3314630389213562,0.14192435145378113,0.5062692165374756,0.07944919168949127,-0.3118245005607605,-0.9846186637878418,-0.92478346824646,-0.6473246812820435,1.9182047843933105,2.2265336513519287,-2.1142892837524414,-1.9686808586120605,-1.518119215965271,-4.317559719085693,0.3019137382507324,-3.391683578491211,-1.0661612749099731,-3.2816812992095947,6.685238838195801,2.325726270675659,5.59135627746582,5.169775485992432,-1.962475299835205,-1.33892822265625,-27.817516326904297,-22.399658203125
3.584,0.0,0.0,0.0,-1.228095531463623,-0.16509199142456055,-0.4238666892051697,-0.10109656304121017,-0.028885187581181526,-0.9944571852684021,0.800000011920929,0.0,0.0,0.0,-0.10139244794845581,-0.16869142651557922,-0.29312044382095337,0.1214442253112793,0.558542788028717,0.0529354028403759,-0.2569427490234375,-0.984935998916626,-0.9941384196281433,-0.5981179475784302,1.8819242715835571,2.098442554473877,-2.1064655780792236,-1.888075590133667,1.9834702014923096,3.3526928424835205,0.9162431955337524,4.431324481964111,-0.8918125033378601,1.2181246280670166,1.6151174306869507,4.446294784545898,10.919333457946777,4.0065813064575195,2.7133216857910156,-0.8953559398651123,-24.744197845458984,-28.472227096557617,-0.03627026826143265,-0.07777895778417587,-0.6711664199829102,0.4339654743671417,0.5458011031150818,-0.6351207494735718,0.6091670989990234,-0.641934871673584,0.6855341792106628,1.46169912815094,0.281899094581604,0.41329601407051086,-0.7830159068107605,0.23075035214424133,2.5179998874664307,-0.0706450492143631,-0.2450629025697708,-0.5446794033050537,0.4966738820075989,0.4945777654647827,-0.7018621563911438,0.899881899356842,-0.8230853080749512,0.8351368308067322,1.4178588390350342,0.09960297495126724,0.24359183013439178,-0.6069733500480652,0.29606112837791443,-0.03270857408642769,-0.11652492731809616,-0.2778463661670685,0.24312105774879456,0.6602292060852051,0.06174507364630699,-0.2604163587093353,-1.101424217224121,-0.8605085015296936,-0.5606249570846558,1.7358754873275757,1.8092522621154785,-2.0351691246032715,-1.579520344734192,-0.08674794435501099,-0.13860377669334412,-0.29086539149284363,0.13068309426307678,0.5773853659629822,0.06550972908735275,-0.2675453722476959,-0.9853537678718567,-0.9767874479293823,-0.5817225575447083,1.882175087928772,2.077099323272705,-2.1122546195983887,-1.8409297466278076,2.240652084350586,3.565016746520996,-0.6938909888267517,0.4516560137271881,3.506495475769043,0.09250055998563766,0.12213276326656342,-2.148662805557251,-4.763112545013428,2.8235793113708496,2.51047420501709,0.014073582366108894,-22.259368896484375,6.441043853759766
3.6029999999999998,0.0,0.0,0.0,1.2203915119171143,0.6940232515335083,-1.0672394037246704,-0.0982072502374649,-0.02007601037621498,-0.9949634671211243,0.800000011920929,0.0,0.0,0.0,-0.08018922805786133,-0.1277405470609665,-0.2938963770866394,0.12515674531459808,0.573177695274353,0.06922861933708191,-0.26895982027053833,-1.013146996498108,-0.9387257695198059,-0.5894306898117065,1.8567540645599365,2.081892967224121,-2.0914864540100098,-1.7816801071166992,-1.3270295858383179,-2.3150711059570312,-2.1140060424804688,-2.800802230834961,-2.743007183074951,0.6483386158943176,2.353044271469116,-8.538627624511719,6.81186580657959,-6.372575283050537,-6.956524848937988,0.8548025488853455,5.519773960113525,17.398710250854492,-0.0706450492143631,-0.2450629025697708,-0.5446794033050537,0.4966738820075989,0.4945777654647827,-0.7018621563911438,0.899881899356842,-0.8230853080749512,0.8351368308067322,1.4178588390350342,0.09960297495126724,0.24359183013439178,-0.6069733500480652,0.29606112837791443,2.499000072479248,-0.01743919402360916,0.012459460645914078,-0.05919735133647919,0.33581990003585815,0.34008654952049255,-0.49210280179977417,0.6659034490585327,-0.1578216254711151,0.9140624403953552,1.5005455017089844,0.4684198796749115,0.9143332839012146,-0.6806273460388184,-0.11758381873369217,-0.011118493974208832,-0.006045735906809568,-0.05442344397306442,0.1754310578107834,0.5882418751716614,0.15390823781490326,-0.3546750545501709,-0.8094521164894104,-0.8191627264022827,-0.5252570509910583,1.892776370048523,2.1007750034332275,-2.059509038925171,-1.7605746984481812,-0.08018922805786133,-0.1277405470609665,-0.2938963770866394,0.12515674531459808,0.573177695274353,0.06922861933708191,-0.26895982027053833,-1.013146996498108,-0.9387257695198059,-0.5894306898117065,1.8567540645599365,2.081892967224121,-2.0914864540100098,-1.7816801071166992,-1.3270295858383179,-2.3150711059570312,-2.1140060424804688,-2.800802230834961,-2.743007183074951,0.6483386158943176,2.353044271469116,-8.538627624511719,6.81186580657959,-6.372575283050537,-6.956524848937988,0.8548025488853455,5.519773960113525,17.398710250854492
3.623,0.0,0.0,0.0,-2.734161615371704,-0.6531026363372803,-0.12706951797008514,-0.08541100472211838,0.005285961087793112,-0.9963318109512329,0.800000011920929,0.0,0.0,0.0,-0.04099566861987114,-0.07875765860080719,-0.2746715247631073,0.14399802684783936,0.5796634554862976,0.07613138109445572,-0.2592866122722626,-1.0082627534866333,-0.9018610715866089,-0.5787525177001953,1.8570665121078491,2.0733375549316406,-2.14143967628479,-1.868717908859253,3.3147366046905518,6.19722318649292,4.190230369567871,2.2768137454986572,-4.331906318664551,2.725398302078247,-5.6715569496154785,7.151831150054932,11.764113426208496,3.949700355529785,12.828083992004395,9.63623332977295,-14.597689628601074,-39.216670989990234,-0.01743919402360916,0.012459460645914078,-0.05919735133647919,0.33581990003585815,0.34008654952049255,-0.49210280179977417,0.6659034490585327,-0.1578216254711151,0.9140624403953552,1.5005455017089844,0.4684198796749115,0.9143332839012146,-0.6806273460388184,-0.11758381873369217,2.4790000915527344,-0.21325640380382538,-0.2698545753955841,-0.8991973400115967,0.5623537302017212,0.6501780152320862,-0.5728978514671326,0.6554492115974426,-0.38289356231689453,0.8607832789421082,1.1500803232192993,0.06352107226848602,0.24677342176437378,-0.3964909315109253,-0.44170936942100525,-0.09707722812891006,-0.12203912436962128,-0.410081148147583,0.270602285861969,0.7205842733383179,0.12676678597927094,-0.36880531907081604,-0.8815372586250305,-0.8390037417411804,-0.6794295310974121,1.726262092590332,1.8295255899429321,-1.934081792831421,-1.9245365858078003,-0.04099566861987114,-0.07875765860080719,-0.2746715247631073,0.14399802684783936,0.5796634554862976,0.07613138109445572,-0.2592866122722626,-1.0082627534866333,-0.9018610715866089,-0.5787525177001953,1.8570665121078491,2.0733375549316406,-2.14143967628479,-1.868717908859253,3.3147366046905518,6.19722318649292,4.190230369567871,2.2768137454986572,-4.331906318664551,2.725398302078247,-5.6715569496154785,7.151831150054932,11.764113426208496,3.949700355529785,12.828083992004395,9.63623332977295,-14.597689628601074,-39.216670989990234
3.642,0.0,0.0,0.0,1.2390074729919434,0.0449199452996254,-0.0793398916721344,-0.0983719751238823,0.03232966735959053,-0.9946244359016418,0.800000011920929,0.0,0.0,0.0,-0.04558815434575081,-0.03972815349698067,-0.1879275143146515,0.1272796243429184,0.6095007658004761,0.13364996016025543,-0.3128369152545929,-0.9237814545631409,-0.9087244868278503,-0.6259293556213379,1.8685739040374756,2.0767593383789062,-2.002204179763794,-1.8634759187698364,-10.636987686157227,-7.754443168640137,-3.3313276767730713,-2.357712745666504,8.208294868469238,6.272905349731445,-2.0844762325286865,1.564742922782898,-18.701547622680664,-27.840370178222656,-5.050817012786865,1.8764159679412842,12.547853469848633,-18.488157272338867,-0.21325640380382538,-0.2698545753955841,-0.8991973400115967,0.5623537302017212,0.6501780152320862,-0.5728978514671326,0.6554492115974426,-0.38289356231689453,0.8607832789421082,1.1500803232192993,0.06352107226848602,0.24677342176437378,-0.3964909315109253,-0.44170936942100525,2.4590001106262207,-0.007068470120429993,0.6346701383590698,-0.33843863010406494,0.4578898251056671,-0.14295390248298645,-0.629787266254425,0.3696301281452179,-0.4098014533519745,1.0662838220596313,1.2365789413452148,0.4340408146381378,1.101417899131775,-0.15923401713371277,-0.35294049978256226,-0.012888533994555473,0.27339765429496765,-0.19330549240112305,0.23311063647270203,0.37690919637680054,0.09845240414142609,-0.4988369345664978,-0.9008543491363525,-0.7485126852989197,-0.6559224724769592,1.8763445615768433,2.18699049949646,-1.814773440361023,-1.9009867906570435,-0.04558815434575081,-0.03972815349698067,-0.1879275143146515,0.1272796243429184,0.6095007658004761,0.13364996016025543,-0.3128369152545929,-0.9237814545631409,-0.9087244868278503,-0.6259293556213379,1.8685739040374756,2.0767593383789062,-2.002204179763794,-1.8634759187698364,-10.636987686157227,-7.754443168640137,-3.3313276767730713,-2.357712745666504,8.208294868469238,6.272905349731445,-2.0844762325286865,1.564742922782898,-18.701547622680664,-27.840370178222656,-5.050817012786865,1.8764159679412842,12.547853469848633,-18.488157272338867
3.6630000000000003,0.0,0.0,0.0,-1.6290546655654907,-0.4289513826370239,-0.6665935516357422,-0.08504744619131088,0.016745230183005333,-0.9962362051010132,0.800000011920929,0.0,0.0,0.0,-0.07152744382619858,-0.07675052434206009,-0.2075555920600891,0.18446119129657745,0.5930037498474121,0.09808937460184097,-0.40258273482322693,-0.9231317639350891,-0.8256527185440063,-0.6091962456703186,1.911970615386963,2.0057215690612793,-1.9772140979766846,-1.8528711795806885,5.169472694396973,6.148699760437012,1.8604036569595337,7.904709339141846,-0.7036069631576538,-5.717657089233398,-6.010857582092285,-5.343688488006592,-0.7094224095344543,17.254817962646484,11.597116470336914,3.7105181217193604,-22.417747497558594,17.705570220947266,-0.007068470120429993,0.6346701383590698,-0.33843863010406494,0.4578898251056671,-0.14295390248298645,-0.629787266254425,0.3696301281452179,-0.4098014533519745,1.0662838220596313,1.2365789413452148,0.4340408146381378,1.101417899131775,-0.15923401713371277,-0.35294049978256226,2.438999891281128,-0.4577803611755371,-0.5670344829559326,-0.9995313882827759,0.49861422181129456,0.41637569665908813,-0.5730791687965393,1.2085888385772705,-0.19782060384750366,0.5298758149147034,1.4872674942016602,-0.015258132480084896,1.0804779529571533,-0.8773826956748962,-0.06531140208244324,-0.20729000866413116,-0.22782574594020844,-0.469119668006897,0.2476874589920044,0.5942399501800537,0.12113961577415466,-0.13430869579315186,-0.8073946833610535,-0.980847179889679,-0.5407618880271912,1.6891683340072632,2.2133140563964844,-2.126009464263916,-1.7691987752914429,-0.07152744382619858,-0.07675052434206009,-0.2075555920600891,0.18446119129657745,0.5930037498474121,0.09808937460184097,-0.40258273482322693,-0.9231317639350891,-0.8256527185440063,-0.6091962456703186,1.911970615386963,2.0057215690612793,-1.9772140979766846,-1.8528711795806885,5.169472694396973,6.148699760437012,1.8604036569595337,7.904709339141846,-0.7036069631576538,-5.717657089233398,-6.010857582092285,-5.343688488006592,-0.7094224095344543,17.254817962646484,11.597116470336914,3.7105181217193604,-22.417747497558594,17.705570220947266
3.684,0.0,0.0,0.0,3.104877233505249,-1.2086213827133179,-1.0445667505264282,-0.10586941242218018,-0.03454971686005592,-0.9937796592712402,0.800000011920929,0.0,0.0,0.0,-0.06281185895204544,0.016111699864268303,-0.19937404990196228,0.217677041888237,0.5790667533874512,0.07855690270662308,-0.41196295619010925,-0.9259077310562134,-0.883978545665741,-0.5611106157302856,1.878340721130371,2.072697639465332,-1.956312656402588,-1.8496136665344238,-11.474370956420898,-4.35158109664917,-7.892611503601074,-8.436338424682617,7.982936859130859,-2.9019832611083984,12.311396598815918,1.4094866514205933,-24.286849975585938,9.24592113494873,-9.493645668029785,-2.9851746559143066,-17.854434967041016,33.11178970336914,-0.4577803611755371,-0.5670344829559326,-0.9995313882827759,0.49861422181129456,0.41637569665908813,-0.5730791687965393,1.2085888385772705,-0.19782060384750366,0.5298758149147034,1.4872674942016602,-0.015258132480084896,1.0804779529571533,-0.8773826956748962,-0.06531140208244324,2.4179999828338623,-0.07365158200263977,-0.2133612185716629,-0.6576547026634216,0.4836863875389099,0.1494678407907486,-0.9325879216194153,0.1128755733370781,-0.6634343862533569,0.7094997763633728,1.562648892402649,0.7092275023460388,0.7557277679443359,-0.5987319350242615,0.3128444254398346,-0.05387221276760101,-0.11879512667655945,-0.3428565561771393,0.24242760241031647,0.49586448073387146,-0.03837060183286667,-0.5909268260002136,-1.0075747966766357,-0.9232497215270996,-0.49532419443130493,1.9964690208435059,2.0698089599609375,-2.031740188598633,-1.5858497619628906,-0.15476657450199127,-0.029571523889899254,-0.2665026783943176,0.1834353506565094,0.5882430076599121,0.09946880489587784,-0.30157923698425293,-0.8844610452651978,-0.8866564035415649,-0.5827777981758118,1.8094494342803955,2.1287765502929688,-1.9979935884475708,-1.807184100151062,-3.4276371002197266,-0.9290878772735596,-3.837695360183716,0.2675967812538147,4.394956588745117,-1.387841820716858,6.823149681091309,3.1689610481262207,-16.293283462524414,6.788586616516113,-1.9500902891159058,-1.7129982709884644,-4.065881252288818,21.499155044555664
3.702,0.0,0.0,0.0,-2.1355173587799072,-0.7208004593849182,-0.5355764627456665,-0.11640157550573349,-0.0476883202791214,-0.9920567274093628,0.800000011920929,0.0,0.0,0.0,-0.1457282155752182,-0.027412697672843933,-0.27571919560432434,0.21201539039611816,0.5602591037750244,0.07615339010953903,-0.28717803955078125,-0.8581975698471069,-0.8279331922531128,-0.516562819480896,1.818888783454895,2.1340928077697754,-1.9240357875823975,-1.7729259729385376,10.026803970336914,4.3813958168029785,4.299171447753906,7.052313327789307,-12.140231132507324,-10.197393417358398,-7.425782680511475,0.6649226546287537,29.06236457824707,20.79356575012207,8.757813453674316,-10.757038116455078,26.721248626708984,29.963003158569336,-0.07365158200263977,-0.2133612185716629,-0.6576547026634216,0.4836863875389099,0.1494678407907486,-0.9325879216194153,0.1128755733370781,-0.6634343862533569,0.7094997763633728,1.562648892402649,0.7092275023460388,0.7557277679443359,-0.5987319350242615,0.3128444254398346,2.3989999294281006,-1.0999928712844849,-0.5537802577018738,-0.8068837523460388,0.479732483625412,0.6897096037864685,-1.1747345924377441,1.0539854764938354,-0.5777415037155151,0.030549198389053345,1.6488479375839233,0.06358983367681503,0.2882923483848572,-1.0261335372924805,0.11902748793363571,-0.5003840327262878,-0.26108062267303467,-0.39738333225250244,0.24012237787246704,0.7291358113288879,-0.16328762471675873,-0.2130891978740692,-0.9890311360359192,-1.2230178117752075,-0.45199084281921387,1.7366622686386108,1.8451124429702759,-2.214644193649292,-1.654732584953308,-0.1457282155752182,-0.027412697672843933,-0.27571919560432434,0.21201539039611816,0.5602591037750244,0.07615339010953903,-0.28717803955078125,-0.8581975698471069,-0.8279331922531128,-0.516562819480896,1.818888783454895,2.1340928077697754,-1.9240357875823975,-1.7729259729385376,10.026803970336914,4.3813958168029785,4.299171447753906,7.052313327789307,-12.140231132507324,-10.197393417358398,-7.425782680511475,0.6649226546287537,29.06236457824707,20.79356575012207,8.757813453674316,-10.757038116455078,26.721248626708984,29.963003158569336
3.723,0.0,0.0,0.0,4.708058834075928,0.5360314249992371,-1.3245292901992798,-0.11941160261631012,-0.051632773131132126,-0.9915013313293457,0.800000011920929,0.0,0.0,0.0,-0.14416244626045227,-0.08757362514734268,-0.31462493538856506,0.17835697531700134,0.5647927522659302,-0.02871212363243103,-0.3330487310886383,-0.8780394196510315,-1.0291261672973633,-0.4525805115699768,1.8948349952697754,2.1363253593444824,-2.047250747680664,-1.8479989767074585,-11.364014625549316,-12.074376106262207,-8.78468132019043,-10.508810997009277,3.615889072418213,-12.175440788269043,6.742020606994629,1.2635523080825806,-12.89024543762207,21.1945743560791,-10.562361717224121,-4.1288652420043945,-16.85447120666504,-22.237180709838867,-1.0999928712844849,-0.5537802577018738,-0.8068837523460388,0.479732483625412,0.6897096037864685,-1.1747345924377441,1.0539854764938354,-0.5777415037155151,0.030549198389053345,1.6488479375839233,0.06358983367681503,0.2882923483848572,-1.0261335372924805,0.11902748793363571,2.378999948501587,-0.058947063982486725,0.027053242549300194,-0.5763865113258362,0.9346506595611572,-0.19907093048095703,-0.5587701201438904,0.7456101179122925,-0.9208524823188782,0.3128862977027893,1.293049931526184,1.1086690425872803,0.170312762260437,-0.9164850115776062,0.2745440900325775,-0.07656458020210266,-0.013934102840721607,-0.2991122603416443,0.4446050226688385,0.3525116741657257,0.10140468180179596,-0.3140743374824524,-1.1415766477584839,-1.1259429454803467,-0.6077666282653809,2.180967330932617,1.7695519924163818,-2.1835925579071045,-1.5916383266448975,-0.14416244626045227,-0.08757362514734268,-0.31462493538856506,0.17835697531700134,0.5647927522659302,-0.02871212363243103,-0.3330487310886383,-0.8780394196510315,-1.0291261672973633,-0.4525805115699768,1.8948349952697754,2.1363253593444824,-2.047250747680664,-1.8479989767074585,-11.364014625549316,-12.074376106262207,-8.78468132019043,-10.508810997009277,3.615889072418213,-12.175440788269043,6.742020606994629,1.2635523080825806,-12.89024543762207,21.1945743560791,-10.562361717224121,-4.1288652420043945,-16.85447120666504,-22.237180709838867
3.742,0.0,0.0,0.0,-7.015168190002441,0.9169797301292419,0.11050496250391006,-0.10109379142522812,-0.06333775073289871,-0.9928587079048157,0.800000011920929,0.0,0.0,0.0,-0.2316093146800995,-0.15060262382030487,-0.330243319272995,0.1610964983701706,0.5713990330696106,-0.10113872587680817,-0.3219478130340576,-0.9045999050140381,-0.9960018396377563,-0.5396214723587036,1.8181856870651245,2.0821409225463867,-2.0338571071624756,-1.7221981287002563,10.303337097167969,10.694449424743652,10.176373481750488,9.194629669189453,-9.665864944458008,6.039781093597412,-9.295162200927734,-3.973423957824707,31.33165168762207,-27.694669723510742,13.063790321350098,-6.629546165466309,-4.991365432739258,19.255525588989258,-0.058947063982486725,0.027053242549300194,-0.5763865113258362,0.9346506595611572,-0.19907093048095703,-0.5587701201438904,0.7456101179122925,-0.9208524823188782,0.3128862977027893,1.293049931526184,1.1086690425872803,0.170312762260437,-0.9164850115776062,0.2745440900325775,2.3589999675750732,-0.19700975716114044,-0.45758160948753357,-0.9128092527389526,0.9807841181755066,0.07967616617679596,-0.7218047976493835,1.3267580270767212,-0.08106868714094162,0.9428110718727112,1.0103580951690674,-0.25520968437194824,1.422615647315979,-0.9877822995185852,-0.5327772498130798,-0.09631084650754929,-0.20730513334274292,-0.44067537784576416,0.48581334948539734,0.44028541445732117,0.054508306086063385,-0.06265629827976227,-0.7789285182952881,-0.8327693343162537,-0.7505555152893066,1.6116523742675781,2.3255321979522705,-2.212571382522583,-1.948623538017273,-0.2316093146800995,-0.15060262382030487,-0.330243319272995,0.1610964983701706,0.5713990330696106,-0.10113872587680817,-0.3219478130340576,-0.9045999050140381,-0.9960018396377563,-0.5396214723587036,1.8181856870651245,2.0821409225463867,-2.0338571071624756,-1.7221981287002563,10.303337097167969,10.694449424743652,10.176373481750488,9.194629669189453,-9.665864944458008,6.039781093597412,-9.295162200927734,-3.973423957824707,31.33165168762207,-27.694669723510742,13.063790321350098,-6.629546165466309,-4.991365432739258,19.255525588989258
3.762,0.0,0.0,0.0,0.4850146472454071,0.2734278440475464,-0.7939258813858032,-0.08176541328430176,0.0485367476940155,-0.9954690337181091,0.800000011920929,0.0,0.0,0.0,-0.13823747634887695,-0.07154496759176254,-0.28740304708480835,0.25372135639190674,0.5650632381439209,-0.056395597755908966,-0.3612777292728424,-0.9724540114402771,-1.0438450574874878,-0.6638652682304382,1.9501641988754272,2.0772759914398193,-2.1493659019470215,-1.8297412395477295,-1.4408293962478638,-7.24566125869751,-7.222554683685303,1.2830629348754883,-0.34586745500564575,6.364389419555664,9.611063003540039,-2.5369620323181152,4.4869771003723145,-22.91463279724121,-8.256587982177734,15.281708717346191,2.1839189529418945,-32.09809112548828,-0.19700975716114044,-0.45758160948753357,-0.9128092527389526,0.9807841181755066,0.07967616617679596,-0.7218047976493835,1.3267580270767212,-0.08106868714094162,0.9428110718727112,1.0103580951690674,-0.25520968437194824,1.422615647315979,-0.9877822995185852,-0.5327772498130798,2.3389999866485596,-0.35361695289611816,0.48010602593421936,-0.28713715076446533,0.9992026090621948,0.1670207679271698,-0.4221067428588867,-0.09529920667409897,-0.048453085124492645,1.217977523803711,1.1674216985702515,0.25775524973869324,0.4319160580635071,-0.5033172369003296,-0.1964612603187561,-0.16875870525836945,0.19531719386577606,-0.17327925562858582,0.4982225000858307,0.48836788535118103,0.18468278646469116,-0.6774402856826782,-0.7279866933822632,-0.6796270608901978,-0.694155752658844,1.785555124282837,1.9353153705596924,-1.997459888458252,-1.8329797983169556,-0.13823747634887695,-0.07154496759176254,-0.28740304708480835,0.25372135639190674,0.5650632381439209,-0.056395597755908966,-0.3612777292728424,-0.9724540114402771,-1.0438450574874878,-0.6638652682304382,1.9501641988754272,2.0772759914398193,-2.1493659019470215,-1.8297412395477295,-1.4408293962478638,-7.24566125869751,-7.222554683685303,1.2830629348754883,-0.34586745500564575,6.364389419555664,9.611063003540039,-2.5369620323181152,4.4869771003723145,-22.91463279724121,-8.256587982177734,15.281708717346191,2.1839189529418945,-32.09809112548828
3.782,0.0,0.0,0.0,-1.5509288311004639,-1.1067078113555908,0.31300926208496094,-0.09710820019245148,0.08901767432689667,-0.991284966468811,0.800000011920929,0.0,0.0,0.0,-0.11537184566259384,-0.12124095857143402,-0.3475610315799713,0.3220472037792206,0.5635778307914734,-0.025380607694387436,-0.21108673512935638,-0.9269608855247498,-0.9569076895713806,-0.6412026882171631,1.8025037050247192,2.1185338497161865,-2.069209575653076,-1.7685420513153076,4.44058895111084,5.188351631164551,4.580726146697998,3.8219783306121826,-0.6932659149169922,1.0693315267562866,-4.407179832458496,11.64050579071045,5.9846649169921875,22.51154899597168,6.124420642852783,-17.815946578979492,8.856725692749023,32.59709930419922,-0.35361695289611816,0.48010602593421936,-0.28713715076446533,0.9992026090621948,0.1670207679271698,-0.4221067428588867,-0.09529920667409897,-0.048453085124492645,1.217977523803711,1.1674216985702515,0.25775524973869324,0.4319160580635071,-0.5033172369003296,-0.1964612603187561,2.319000005722046,-0.5500988960266113,-0.5686711668968201,-0.5745756030082703,0.31902480125427246,0.5855859518051147,-0.8734957575798035,1.3821256160736084,-1.11958646774292,0.5565976500511169,1.7291624546051025,0.1392822563648224,0.5785336494445801,-0.77595454454422,0.11034797877073288,-0.26442036032676697,-0.2363702952861786,-0.2758869528770447,0.19338341057300568,0.6815304160118103,-0.005424810573458672,-0.07407747954130173,-1.2049024105072021,-0.9619337320327759,-0.4357324540615082,1.749632477760315,1.9622715711593628,-2.09863543510437,-1.6833513975143433,-0.11537184566259384,-0.12124095857143402,-0.3475610315799713,0.3220472037792206,0.5635778307914734,-0.025380607694387436,-0.21108673512935638,-0.9269608855247498,-0.9569076895713806,-0.6412026882171631,1.8025037050247192,2.1185338497161865,-2.069209575653076,-1.7685420513153076,4.44058895111084,5.188351631164551,4.580726146697998,3.8219783306121826,-0.6932659149169922,1.0693315267562866,-4.407179832458496,11.64050579071045,5.9846649169921875,22.51154899597168,6.124420642852783,-17.815946578979492,8.856725692749023,32.59709930419922
3.802,0.0,0.0,0.0,3.3453762531280518,-0.7308534979820251,-1.0144455432891846,-0.10692399740219116,0.08540350198745728,-0.9905924797058105,0.800000011920929,0.0,0.0,0.0,-0.11852214485406876,-0.06350985169410706,-0.3282948136329651,0.38681209087371826,0.581321656703949,0.05660507455468178,-0.2858109772205353,-0.7979729771614075,-0.9396941661834717,-0.5556910634040833,1.8910611867904663,2.0450055599212646,-2.187126636505127,-1.6985284090042114,-15.21955394744873,-8.73217487335205,-12.792424201965332,-10.886981964111328,10.133708953857422,-6.211130142211914,6.806582927703857,-5.431025981903076,-26.416650772094727,25.34663963317871,-8.377032279968262,-2.1575512886047363,-27.52341079711914,33.94981002807617,-0.5500988960266113,-0.5686711668968201,-0.5745756030082703,0.31902480125427246,0.5855859518051147,-0.8734957575798035,1.3821256160736084,-1.11958646774292,0.5565976500511169,1.7291624546051025,0.1392822563648224,0.5785336494445801,-0.77595454454422,0.11034797877073288,2.2990000247955322,-0.11919911205768585,-0.127640038728714,-0.3744746446609497,1.020177960395813,-0.26914000511169434,-0.7305259108543396,0.17911851406097412,-0.3786222040653229,0.5517410635948181,1.086658000946045,0.5252825021743774,0.5962242484092712,-0.6067968606948853,0.3034701347351074,-0.08008163422346115,-0.0810750424861908,-0.19610227644443512,0.47841840982437134,0.3162200450897217,0.03990085795521736,-0.5550943613052368,-0.9191601872444153,-0.9923498630523682,-0.6990171670913696,1.9197403192520142,1.9729280471801758,-2.0326318740844727,-1.5814836025238037,-0.11852214485406876,-0.06350985169410706,-0.3282948136329651,0.38681209087371826,0.581321656703949,0.05660507455468178,-0.2858109772205353,-0.7979729771614075,-0.9396941661834717,-0.5556910634040833,1.8910611867904663,2.0450055599212646,-2.187126636505127,-1.6985284090042114,-15.21955394744873,-8.73217487335205,-12.792424201965332,-10.886981964111328,10.133708953857422,-6.211130142211914,6.806582927703857,-5.431025981903076,-26.416650772094727,25.34663963317871,-8.377032279968262,-2.1575512886047363,-27.52341079711914,33.94981002807617
3.825,0.0,0.0,0.0,-4.479889392852783,0.23051051795482635,0.16235508024692535,-0.11370258033275604,0.016722900792956352,-0.9933741092681885,0.800000011920929,0.0,0.0,0.0,-0.19874311983585358,-0.10782493650913239,-0.36785170435905457,0.33142295479774475,0.6148539781570435,0.06464274227619171,-0.2639387249946594,-0.8746384978294373,-0.9527547359466553,-0.584392249584198,1.8322134017944336,2.0704739093780518,-2.1145801544189453,-1.6433104276657104,12.803266525268555,11.556730270385742,9.438680648803711,6.844264507293701,-2.697762966156006,7.999000549316406,-11.106350898742676,-1.6678977012634277,1.8868178129196167,-25.488309860229492,11.615737915039062,-5.051302433013916,13.565074920654297,14.401708602905273,-0.11919911205768585,-0.127640038728714,-0.3744746446609497,1.020177960395813,-0.26914000511169434,-0.7305259108543396,0.17911851406097412,-0.3786222040653229,0.5517410635948181,1.086658000946045,0.5252825021743774,0.5962242484092712,-0.6067968606948853,0.3034701347351074,2.2780001163482666,-0.3443859815597534,-0.6922180652618408,-0.4701734781265259,0.8226286768913269,-0.006348419934511185,-0.6940072178840637,1.2216688394546509,-0.4942252039909363,0.8882681727409363,0.8412855267524719,0.011053644120693207,1.208040714263916,-0.6450433731079102,-0.5326428413391113,-0.16298185288906097,-0.31960564851760864,-0.23118828237056732,0.4180247485637665,0.39794519543647766,0.0608668327331543,-0.1340484321117401,-0.9426073431968689,-0.8439542651176453,-0.8357632160186768,1.7053481340408325,2.2493109703063965,-2.0432426929473877,-1.9475476741790771,-0.11345704644918442,-0.04249722510576248,-0.29705166816711426,0.36739104986190796,0.5691618323326111,0.07300038635730743,-0.36136648058891296,-0.8894456624984741,-0.9581993222236633,-0.5947862267494202,1.9035898447036743,2.0561022758483887,-2.0864675045013428,-1.694896936416626,1.5695899724960327,-0.18531940877437592,3.781292200088501,0.7904472947120667,-4.4457526206970215,3.573263645172119,-5.957867622375488,-0.08655966073274612,-1.3811264038085938,-13.420883178710938,-1.0252653360366821,5.972319602966309,8.640301704406738,-31.608354568481445
3.844,0.0,0.0,0.0,0.7499987483024597,0.5871232151985168,0.018132032826542854,-0.09709964692592621,0.016203945502638817,-0.9951427578926086,0.800000011920929,0.0,0.0,0.0,-0.1372656524181366,-0.07739491760730743,-0.29478660225868225,0.3454397916793823,0.5241374373435974,0.10498225688934326,-0.37645670771598816,-0.9171819090843201,-0.8921858072280884,-0.7235387563705444,1.867621660232544,2.0848023891448975,-2.108783721923828,-1.7387832403182983,-12.755571365356445,-13.339378356933594,-5.4444146156311035,-7.494019031524658,-6.921333312988281,7.656068801879883,4.954675197601318,-6.093102931976318,25.183561325073242,-28.36771011352539,-14.822919845581055,19.639057159423828,0.12312845140695572,-35.879642486572266,-0.3443859815597534,-0.6922180652618408,-0.4701734781265259,0.8226286768913269,-0.006348419934511185,-0.6940072178840637,1.2216688394546509,-0.4942252039909363,0.8882681727409363,0.8412855267524719,0.011053644120693207,1.208040714263916,-0.6450433731079102,-0.5326428413391113,2.257999897003174,-0.13725325465202332,0.43514078855514526,-0.10798966884613037,0.8474634885787964,0.057420652359724045,-0.39476531744003296,-0.17615336179733276,0.20250451564788818,1.3383063077926636,0.6621362566947937,0.3492645025253296,-0.07838332653045654,-0.12717825174331665,-0.4076060354709625,-0.07806214690208435,0.1638527810573578,-0.07171417772769928,0.42316102981567383,0.43481379747390747,0.19762228429317474,-0.7209638357162476,-0.6314236521720886,-0.6265975832939148,-0.9300549626350403,1.8361037969589233,1.6980586051940918,-1.8112643957138062,-1.9278874397277832,-0.19038702547550201,-0.15292046964168549,-0.3097030818462372,0.31772011518478394,0.5164069533348083,0.09997746348381042,-0.3261168301105499,-0.959692656993866,-0.8939900398254395,-0.7298158407211304,1.7987717390060425,2.1439208984375,-2.104963779449463,-1.7501425743103027,1.2308694124221802,-2.215818166732788,2.736161947250366,2.333613634109497,-4.227892875671387,3.8038182258605957,2.9012234210968018,-0.5194517970085144,11.616083145141602,-17.26746368408203,-3.52420973777771,0.29550573229789734,1.2048569917678833,3.0311038494110107
3.864,0.0,0.0,0.0,-4.671915531158447,-0.29812806844711304,0.90915447473526,-0.09191232174634933,0.0277798343449831,-0.9953795075416565,0.800000011920929,0.0,0.0,0.0,-0.16828779876232147,-0.14310814440250397,-0.2710823714733124,0.34172722697257996,0.49436458945274353,0.1353941410779953,-0.32059386372566223,-0.9253001809120178,-0.8348324298858643,-0.8505857586860657,1.8066303730010986,2.112034797668457,-2.101043224334717,-1.773719072341919,6.470558166503906,9.362334251403809,10.308210372924805,4.308565139770508,-1.9126124382019043,10.10810661315918,-4.065110683441162,14.31910228729248,7.574219226837158,-24.71013832092285,10.187002182006836,-14.48293399810791,0.15157201886177063,-11.133145332336426,-0.13725325465202332,0.43514078855514526,-0.10798966884613037,0.8474634885787964,0.057420652359724045,-0.39476531744003296,-0.17615336179733276,0.20250451564788818,1.3383063077926636,0.6621362566947937,0.3492645025253296,-0.07838332653045654,-0.12717825174331665,-0.4076060354709625,2.239000082015991,-0.05679979920387268,-0.39252886176109314,-0.6953725814819336,0.7997888922691345,0.02368408814072609,-0.46895766258239746,0.7292690277099609,-1.142085075378418,0.9708986878395081,0.5698108673095703,0.18708841502666473,1.0451017618179321,-0.7250210046768188,-0.8175796270370483,-0.0333661250770092,-0.16025270521640778,-0.32008907198905945,0.40222111344337463,0.4233192205429077,0.17791128158569336,-0.37221527099609375,-1.2053706645965576,-0.7701953649520874,-0.9810305833816528,1.7762000560760498,2.1485016345977783,-2.057095766067505,-2.1104094982147217,-0.16828779876232147,-0.14310814440250397,-0.2710823714733124,0.34172722697257996,0.49436458945274353,0.1353941410779953,-0.32059386372566223,-0.9253001809120178,-0.8348324298858643,-0.8505857586860657,1.8066303730010986,2.112034797668457,-2.101043224334717,-1.773719072341919,6.470558166503906,9.362334251403809,10.308210372924805,4.308565139770508,-1.9126124382019043,10.10810661315918,-4.065110683441162,14.31910228729248,7.574219226837158,-24.71013832092285,10.187002182006836,-14.48293399810791,0.15157201886177063,-11.133145332336426
3.882,0.0,0.0,0.0,2.4698102474212646,0.0980166643857956,-0.47377315163612366,-0.10387474298477173,0.03858092427253723,-0.993841826915741,0.800000011920929,0.0,0.0,0.0,-0.11700106412172318,-0.04761442169547081,-0.1966157704591751,0.3806300461292267,0.510003387928009,0.18821309506893158,-0.41024601459503174,-0.7866048812866211,-0.8368045091629028,-0.9090451598167419,1.8918616771697998,2.010672092437744,-2.0382802486419678,-1.9311106204986572,-2.596972942352295,-5.191678047180176,-7.5913543701171875,-1.3501379489898682,5.481684684753418,1.9404990673065186,6.332285404205322,-5.177559852600098,-26.17745018005371,-12.597794532775879,-4.62885856628418,18.75074577331543,-25.512468338012695,-23.526103973388672,-0.05679979920387268,-0.39252886176109314,-0.6953725814819336,0.7997888922691345,0.02368408814072609,-0.46895766258239746,0.7292690277099609,-1.142085075378418,0.9708986878395081,0.5698108673095703,0.18708841502666473,1.0451017618179321,-0.7250210046768188,-0.8175796270370483,2.2190001010894775,-0.0997786819934845,-0.09426309913396835,-0.6451123952865601,0.9135916233062744,0.41860252618789673,-1.017162799835205,-0.03336571902036667,0.5234800577163696,0.7219616770744324,1.3583124876022339,-0.006772194057703018,0.9247170090675354,-0.042214490473270416,-0.32125672698020935,-0.048237018287181854,-0.058443665504455566,-0.3223094940185547,0.4513383209705353,0.5998830199241638,-0.07075212895870209,-0.680526077747345,-0.5132610201835632,-0.8965767025947571,-0.6313024163246155,1.6829724311828613,2.1393728256225586,-1.7744159698486328,-1.9053163528442383,-0.11700106412172318,-0.04761442169547081,-0.1966157704591751,0.3806300461292267,0.510003387928009,0.18821309506893158,-0.41024601459503174,-0.7866048812866211,-0.8368045091629028,-0.9090451598167419,1.8918616771697998,2.010672092437744,-2.0382802486419678,-1.9311106204986572,-2.596972942352295,-5.191678047180176,-7.5913543701171875,-1.3501379489898682,5.481684684753418,1.9404990673065186,6.332285404205322,-5.177559852600098,-26.17745018005371,-12.597794532775879,-4.62885856628418,18.75074577331543,-25.512468338012695,-23.526103973388672
3.903,0.0,0.0,0.0,-0.23503054678440094,0.9513233304023743,-0.7882847189903259,-0.09729832410812378,0.03195531666278839,-0.9947420954704285,0.800000011920929,0.0,0.0,0.0,-0.07442701607942581,-0.07100681960582733,-0.23659713566303253,0.3955034911632538,0.5117896199226379,0.11903045326471329,-0.39136165380477905,-0.9177344441413879,-0.931721568107605,-0.7886359095573425,1.8267935514450073,2.071453332901001,-1.9986629486083984,-1.7626149654388428,4.2856950759887695,3.3605566024780273,-1.0960931777954102,1.8470170497894287,-2.038733720779419,-8.871650695800781,-3.3774516582489014,-2.4310903549194336,10.228093147277832,16.958967208862305,3.326828956604004,-10.144241333007812,-8.85766887664795,29.0316104888916,-0.0997786819934845,-0.09426309913396835,-0.6451123952865601,0.9135916233062744,0.41860252618789673,-1.017162799835205,-0.03336571902036667,0.5234800577163696,0.7219616770744324,1.3583124876022339,-0.006772194057703018,0.9247170090675354,-0.042214490473270416,-0.32125672698020935,2.1989998817443848,-0.7685745358467102,-0.6210346817970276,-0.6160990595817566,0.206320121884346,0.2980935573577881,-0.8490555286407471,0.9928919672966003,-0.5031886696815491,0.5933309197425842,1.7430462837219238,0.37653759121894836,0.60943603515625,-0.8124738931655884,0.10861003398895264,-0.35068225860595703,-0.28530994057655334,-0.30947551131248474,0.13797788321971893,0.5633103847503662,-0.019970200955867767,-0.24954119324684143,-0.9060509204864502,-0.9670987725257874,-0.4231994152069092,1.8461391925811768,1.9965834617614746,-2.0927648544311523,-1.6913670301437378,-0.07442701607942581,-0.07100681960582733,-0.23659713566303253,0.3955034911632538,0.5117896199226379,0.11903045326471329,-0.39136165380477905,-0.9177344441413879,-0.931721568107605,-0.7886359095573425,1.8267935514450073,2.071453332901001,-1.9986629486083984,-1.7626149654388428,4.2856950759887695,3.3605566024780273,-1.0960931777954102,1.8470170497894287,-2.038733720779419,-8.871650695800781,-3.3774516582489014,-2.4310903549194336,10.228093147277832,16.958967208862305,3.326828956604004,-10.144241333007812,-8.85766887664795,29.0316104888916
3.923,0.0,0.0,0.0,3.455240488052368,0.6112362146377563,-0.192885160446167,-0.07821386307477951,-0.0032939764205366373,-0.9969311356544495,0.800000011920929,0.0,0.0,0.0,-0.08465908467769623,-0.0747903361916542,-0.27054744958877563,0.39795413613319397,0.5384852886199951,0.05232527479529381,-0.468354195356369,-0.848015308380127,-0.9454373121261597,-0.7621794939041138,1.8470532894134521,2.0408904552459717,-2.0059096813201904,-1.7395442724227905,-8.539403915405273,-3.8765780925750732,-8.023396492004395,-5.841665267944336,8.008325576782227,1.8383158445358276,-5.437474250793457,-1.881335973739624,-23.826631546020508,-7.991453647613525,11.32206916809082,0.6098129153251648,-30.80249786376953,24.90778350830078,-0.7685745358467102,-0.6210346817970276,-0.6160990595817566,0.206320121884346,0.2980935573577881,-0.8490555286407471,0.9928919672966003,-0.5031886696815491,0.5933309197425842,1.7430462837219238,0.37653759121894836,0.60943603515625,-0.8124738931655884,0.10861003398895264,2.178999900817871,0.1582091748714447,-0.12007765471935272,-0.7985036373138428,0.34208759665489197,0.12494412064552307,-0.9409922957420349,0.6472565531730652,0.03812180459499359,0.5790407061576843,1.4724208116531372,0.5342193841934204,0.9023703336715698,-0.46608036756515503,-0.18255916237831116,0.03612590208649635,-0.08256594091653824,-0.39027416706085205,0.1677372008562088,0.48173585534095764,-0.056263551115989685,-0.3619786202907562,-0.7017402052879333,-0.980581521987915,-0.5241705775260925,1.9334126710891724,2.1141247749328613,-1.9687225818634033,-1.8009982109069824,-0.08465908467769623,-0.0747903361916542,-0.27054744958877563,0.39795413613319397,0.5384852886199951,0.05232527479529381,-0.468354195356369,-0.848015308380127,-0.9454373121261597,-0.7621794939041138,1.8470532894134521,2.0408904552459717,-2.0059096813201904,-1.7395442724227905,-8.539403915405273,-3.8765780925750732,-8.023396492004395,-5.841665267944336,8.008325576782227,1.8383158445358276,-5.437474250793457,-1.881335973739624,-23.826631546020508,-7.991453647613525,11.32206916809082,0.6098129153251648,-30.80249786376953,24.90778350830078
3.944,0.0,0.0,0.0,0.8820370435714722,0.33229535818099976,0.02507997304201126,-0.0643918588757515,-0.0995534360408783,-0.9929465055465698,0.800000011920929,0.0,0.0,0.0,-0.20268748700618744,-0.17683587968349457,-0.33592987060546875,0.310829222202301,0.5275314450263977,0.031475577503442764,-0.48207029700279236,-0.8334744572639465,-0.9505020976066589,-0.6766218543052673,1.826911449432373,2.1090850830078125,-1.9349216222763062,-1.9154963493347168,4.6475419998168945,4.394987106323242,-1.7705109119415283,5.615469455718994,-5.5216898918151855,3.323625326156616,-8.815296173095703,2.149522066116333,8.697508811950684,-20.920854568481445,14.358433723449707,17.52979278564453,11.381815910339355,-38.27119064331055,0.1582091748714447,-0.12007765471935272,-0.7985036373138428,0.34208759665489197,0.12494412064552307,-0.9409922957420349,0.6472565531730652,0.03812180459499359,0.5790407061576843,1.4724208116531372,0.5342193841934204,0.9023703336715698,-0.46608036756515503,-0.18255916237831116,2.1579999923706055,-0.4623890519142151,0.28408050537109375,-0.8381344676017761,0.7226694822311401,0.10571177303791046,-0.6868917942047119,0.7468132376670837,0.03792138025164604,0.8442985415458679,1.3136341571807861,0.1415354162454605,0.4047340452671051,-0.3577415645122528,-0.7252657413482666,-0.204462468624115,0.11957963556051254,-0.41618791222572327,0.34197500348091125,0.4649238586425781,0.05445233732461929,-0.3284218907356262,-0.6813993453979492,-0.8625637888908386,-0.605721652507782,1.7654322385787964,1.9019427299499512,-1.907565951347351,-2.0561792850494385,-0.14084230363368988,-0.135694220662117,-0.3530007600784302,0.2924644649028778,0.5005385875701904,0.0052601853385567665,-0.495692640542984,-0.7839758396148682,-0.9681641459465027,-0.6246557831764221,1.894002079963684,2.092170476913452,-1.9433183670043945,-1.8867524862289429,4.704710483551025,0.7176289558410645,-0.37439587712287903,-2.8625106811523438,-2.4095544815063477,5.413902282714844,4.070398330688477,5.107994556427002,2.4705915451049805,-6.8966593742370605,1.2173231840133667,-3.5796587467193604,-11.02820110321045,8.322558403015137
3.9619999999999997,0.0,0.0,0.0,-1.5830626487731934,-0.8539192080497742,-0.4177824556827545,-0.06431528180837631,-0.08417370170354843,-0.9943733215332031,0.800000011920929,0.0,0.0,0.0,-0.10881701111793518,-0.11823869496583939,-0.34446725249290466,0.2844005823135376,0.4678913950920105,0.06291396915912628,-0.4537825882434845,-0.732313334941864,-0.8805411458015442,-0.7266197204589844,1.8694965839385986,2.072543144226074,-1.9207555055618286,-1.9112586975097656,1.9318439960479736,4.862560749053955,4.139341831207275,1.4418842792510986,-7.033113479614258,13.257686614990234,7.931049823760986,11.342238426208496,24.128559112548828,-27.416257858276367,-13.412394523620605,-5.032857894897461,28.408966064453125,-23.485774993896484,-0.4623890519142151,0.28408050537109375,-0.8381344676017761,0.7226694822311401,0.10571177303791046,-0.6868917942047119,0.7468132376670837,0.03792138025164604,0.8442985415458679,1.3136341571807861,0.1415354162454605,0.4047340452671051,-0.3577415645122528,-0.7252657413482666,2.1389999389648438,-0.6190322637557983,-0.02574000507593155,-0.8729462027549744,0.8042335510253906,0.3664324879646301,-1.0272243022918701,-0.34631139039993286,-0.7683625221252441,1.0014739036560059,1.351074457168579,0.18786491453647614,0.07698876410722733,-0.5203294157981873,-0.363698810338974,-0.2990107536315918,0.00037496164441108704,-0.4344445765018463,0.3961026072502136,0.5805670022964478,-0.08762569725513458,-0.8169722557067871,-1.042193055152893,-0.7800331115722656,-0.5970286130905151,1.7694824934005737,1.7332391738891602,-1.9746147394180298,-1.918992280960083,-0.10881701111793518,-0.11823869496583939,-0.34446725249290466,0.2844005823135376,0.4678913950920105,0.06291396915912628,-0.4537825882434845,-0.732313334941864,-0.8805411458015442,-0.7266197204589844,1.8694965839385986,2.072543144226074,-1.9207555055618286,-1.9112586975097656,1.9318439960479736,4.862560749053955,4.139341831207275,1.4418842792510986,-7.033113479614258,13.257686614990234,7.931049823760986,11.342238426208496,24.128559112548828,-27.416257858276367,-13.412394523620605,-5.032857894897461,28.408966064453125,-23.485774993896484
3.985,0.0,0.0,0.0,-0.8574931025505066,-0.6919073462486267,-0.6714608669281006,-0.07355266809463501,-0.07665856927633286,-0.994340717792511,0.800000011920929,0.0,0.0,0.0,-0.14676053822040558,-0.07451052218675613,-0.3724178373813629,0.3048567771911621,0.47546491026878357,0.06805182993412018,-0.3599317967891693,-0.6932799220085144,-0.8180462718009949,-0.6659419536590576,1.8539341688156128,2.0403618812561035,-2.0263354778289795,-1.8781570196151733,-6.072327136993408,1.6488734483718872,-3.7861905097961426,0.2740330100059509,7.455545425415039,-4.099944114685059,-0.4120042622089386,-5.2449798583984375,-15.521894454956055,10.551284790039062,4.651332855224609,0.8642951846122742,-13.294646263122559,13.8008451461792,-0.6190322637557983,-0.02574000507593155,-0.8729462027549744,0.8042335510253906,0.3664324879646301,-1.0272243022918701,-0.34631139039993286,-0.7683625221252441,1.0014739036560059,1.351074457168579,0.18786491453647614,0.07698876410722733,-0.5203294157981873,-0.363698810338974,2.118000030517578,0.20840369164943695,-0.4795425534248352,-0.6856057643890381,0.4365002512931824,-0.16115865111351013,-0.6614913940429688,0.6838473677635193,-0.3916489779949188,0.5241182446479797,1.3238195180892944,0.6455103158950806,0.8434284925460815,-0.8858928680419922,-0.37779825925827026,0.06388057768344879,-0.21575665473937988,-0.3519670367240906,0.23603537678718567,0.3547152876853943,0.06274630129337311,-0.4022558629512787,-0.9087513089179993,-0.9865900874137878,-0.6084240674972534,1.975827932357788,2.0612666606903076,-2.1458232402801514,-1.9116183519363403,-0.19081372022628784,-0.04633544385433197,-0.3781189024448395,0.3289181590080261,0.4968329071998596,0.04882748797535896,-0.4210590720176697,-0.7327512502670288,-0.8027006387710571,-0.6457344889640808,1.8780430555343628,2.0378942489624023,-1.99909245967865,-1.913112759590149,2.893524169921875,2.9484305381774902,0.8091220259666443,3.302161455154419,1.224045991897583,-2.6812970638275146,-6.941590785980225,-2.31253981590271,-1.4751759767532349,5.584804058074951,-0.14995898306369781,3.416173219680786,5.3309736251831055,-16.022750854492188
4.002,0.0,0.0,0.0,-0.47705140709877014,0.19082030653953552,0.21105892956256866,-0.06354857236146927,-0.014988737180829048,-0.997866153717041,0.800000011920929,0.0,0.0,0.0,-0.17059430480003357,-0.024396423250436783,-0.3762035369873047,0.33999621868133545,0.5208246111869812,0.04080020636320114,-0.4755537211894989,-0.7560526132583618,-0.8391168117523193,-0.6275216937065125,1.868472933769226,2.009453773498535,-1.976181983947754,-1.8704168796539307,2.093855619430542,2.2025279998779297,-1.6918494701385498,1.3692559003829956,1.6000871658325195,-0.08383283764123917,-5.5543060302734375,-3.0076487064361572,-1.6836316585540771,0.10671926289796829,1.9028658866882324,-0.7607242465019226,-24.844093322753906,8.533129692077637,0.20840369164943695,-0.4795425534248352,-0.6856057643890381,0.4365002512931824,-0.16115865111351013,-0.6614913940429688,0.6838473677635193,-0.3916489779949188,0.5241182446479797,1.3238195180892944,0.6455103158950806,0.8434284925460815,-0.8858928680419922,-0.37779825925827026,2.0989999771118164,0.21829572319984436,-0.5488694906234741,-0.5596845149993896,0.0009390898048877716,0.5014650225639343,-0.931128978729248,0.8711660504341125,-0.495074987411499,0.49091243743896484,1.4491934776306152,-0.050650663673877716,0.999075710773468,-0.6100072860717773,-0.140491783618927,0.10462113469839096,-0.26856693625450134,-0.28705471754074097,0.02402612939476967,0.6303107738494873,-0.04355340823531151,-0.27649083733558655,-0.9419488310813904,-1.022188425064087,-0.5531453490257263,1.6831899881362915,2.1641106605529785,-2.0387954711914062,-1.8040931224822998,-0.17059430480003357,-0.024396423250436783,-0.3762035369873047,0.33999621868133545,0.5208246111869812,0.04080020636320114,-0.4755537211894989,-0.7560526132583618,-0.8391168117523193,-0.6275216937065125,1.868472933769226,2.009453773498535,-1.976181983947754,-1.8704168796539307,2.093855619430542,2.2025279998779297,-1.6918494701385498,1.3692559003829956,1.6000871658325195,-0.08383283764123917,-5.5543060302734375,-3.0076487064361572,-1.6836316585540771,0.10671926289796829,1.9028658866882324,-0.7607242465019226,-24.844093322753906,8.533129692077637
4.023,0.0,0.0,0.0,0.7049881219863892,-0.48093467950820923,-0.48249921202659607,-0.06631051748991013,-0.016858326271176338,-0.9976565837860107,0.800000011920929,0.0,0.0,0.0,-0.11165968328714371,-0.0697202980518341,-0.37703177332878113,0.292477548122406,0.5351359844207764,0.055962372571229935,-0.4846736192703247,-0.7987293601036072,-0.9760070443153381,-0.5662471055984497,1.8474167585372925,2.146160364151001,-2.020378828048706,-1.885359764099121,2.141763687133789,-1.3601139783859253,-1.8168493509292603,-6.815288066864014,0.13398610055446625,1.5754941701889038,6.636024475097656,-2.153214693069458,6.402585506439209,-10.962813377380371,-3.108689785003662,11.516913414001465,-9.573837280273438,-19.106882095336914,0.21829572319984436,-0.5488694906234741,-0.5596845149993896,0.0009390898048877716,0.5014650225639343,-0.931128978729248,0.8711660504341125,-0.495074987411499,0.49091243743896484,1.4491934776306152,-0.050650663673877716,0.999075710773468,-0.6100072860717773,-0.140491783618927,2.0789999961853027,-0.07257968187332153,0.10190626233816147,-0.1473018079996109,0.13339504599571228,0.5461758375167847,-0.5317745804786682,0.2981233596801758,-0.22071313858032227,0.7404562830924988,1.3863558769226074,0.6127344369888306,0.07129635661840439,-0.5697415471076965,0.17611965537071228,-0.022198744118213654,0.019001122564077377,-0.0949912816286087,0.062430381774902344,0.677990198135376,0.12552610039710999,-0.5217835307121277,-0.8218057751655579,-0.9134535193443298,-0.5758944153785706,1.9524494409561157,1.7568944692611694,-2.0099732875823975,-1.6508654356002808,-0.11165968328714371,-0.0697202980518341,-0.37703177332878113,0.292477548122406,0.5351359844207764,0.055962372571229935,-0.4846736192703247,-0.7987293601036072,-0.9760070443153381,-0.5662471055984497,1.8474167585372925,2.146160364151001,-2.020378828048706,-1.885359764099121,2.141763687133789,-1.3601139783859253,-1.8168493509292603,-6.815288066864014,0.13398610055446625,1.5754941701889038,6.636024475097656,-2.153214693069458,6.402585506439209,-10.962813377380371,-3.108689785003662,11.516913414001465,-9.573837280273438,-19.106882095336914
4.042,0.0,0.0,0.0,-2.6395609378814697,0.11938480287790298,0.8855831027030945,-0.06360603123903275,0.02804754115641117,-0.997580885887146,0.800000011920929,0.0,0.0,0.0,-0.01718805357813835,-0.0974884107708931,-0.37105071544647217,0.1449645310640335,0.5479329228401184,0.04547784477472305,-0.42740321159362793,-0.8187616467475891,-0.9020186066627502,-0.6259236931800842,1.8157025575637817,2.093844413757324,-2.021237850189209,-1.7385082244873047,7.123328685760498,6.089644432067871,7.309877872467041,-1.3115402460098267,-0.6500219106674194,6.867575645446777,-7.265792369842529,7.325210094451904,20.819347381591797,-16.349090576171875,9.983203887939453,-17.566068649291992,12.614372253417969,19.064268112182617,-0.07257968187332153,0.10190626233816147,-0.1473018079996109,0.13339504599571228,0.5461758375167847,-0.5317745804786682,0.2981233596801758,-0.22071313858032227,0.7404562830924988,1.3863558769226074,0.6127344369888306,0.07129635661840439,-0.5697415471076965,0.17611965537071228,2.059000015258789,-0.2963111400604248,-0.527856171131134,-0.2922624945640564,0.5563129782676697,0.19801588356494904,-0.6874213218688965,1.0565145015716553,-0.8715622425079346,0.6830554008483887,0.9938784837722778,0.23601457476615906,0.9799333214759827,-0.727421224117279,-0.42949169874191284,-0.13555988669395447,-0.2356351613998413,-0.14101725816726685,0.2565838694572449,0.526086151599884,0.0723930150270462,-0.20503680408000946,-1.1026735305786133,-0.9284104108810425,-0.754784107208252,1.8098514080047607,2.1250593662261963,-2.0780467987060547,-1.9080677032470703,-0.01718805357813835,-0.0974884107708931,-0.37105071544647217,0.1449645310640335,0.5479329228401184,0.04547784477472305,-0.42740321159362793,-0.8187616467475891,-0.9020186066627502,-0.6259236931800842,1.8157025575637817,2.093844413757324,-2.021237850189209,-1.7385082244873047,7.123328685760498,6.089644432067871,7.309877872467041,-1.3115402460098267,-0.6500219106674194,6.867575645446777,-7.265792369842529,7.325210094451904,20.819347381591797,-16.349090576171875,9.983203887939453,-17.566068649291992,12.614372253417969,19.064268112182617
4.062,0.0,0.0,0.0,-0.04116184636950493,0.36397597193717957,0.6530066728591919,-0.0527915433049202,0.01901162788271904,-0.9984245896339417,0.800000011920929,0.0,0.0,0.0,-0.036774829030036926,-0.09135843068361282,-0.2868930995464325,0.1304512470960617,0.6089763641357422,0.09412076324224472,-0.46332886815071106,-0.7926918268203735,-0.9216596484184265,-0.6758424043655396,1.8746460676193237,2.0307724475860596,-2.1187386512756348,-1.8368839025497437,-9.269715309143066,-7.997995376586914,-0.22448143362998962,3.3162500858306885,3.808065414428711,4.762394428253174,8.22298812866211,-9.746663093566895,-18.39166259765625,-26.043663024902344,-9.314736366271973,21.539104461669922,-29.506532669067383,-32.32654571533203,-0.2963111400604248,-0.527856171131134,-0.2922624945640564,0.5563129782676697,0.19801588356494904,-0.6874213218688965,1.0565145015716553,-0.8715622425079346,0.6830554008483887,0.9938784837722778,0.23601457476615906,0.9799333214759827,-0.727421224117279,-0.42949169874191284,2.0390000343322754,-0.4305483102798462,0.1653556376695633,-0.14345084130764008,1.2966961860656738,-0.12495462596416473,-0.7917024493217468,0.44040751457214355,0.7490610480308533,1.393290638923645,0.9969136118888855,-0.1103299930691719,0.24407809972763062,0.056117650121450424,0.2034105658531189,-0.20730271935462952,0.05084651708602905,-0.07865460216999054,0.6091716289520264,0.36555901169776917,0.020153198391199112,-0.4506102502346039,-0.4014798402786255,-0.6103002429008484,-0.7713072896003723,1.639736533164978,1.830741047859192,-1.7322617769241333,-1.6489819288253784,-0.036774829030036926,-0.09135843068361282,-0.2868930995464325,0.1304512470960617,0.6089763641357422,0.09412076324224472,-0.46332886815071106,-0.7926918268203735,-0.9216596484184265,-0.6758424043655396,1.8746460676193237,2.0307724475860596,-2.1187386512756348,-1.8368839025497437,-9.269715309143066,-7.997995376586914,-0.22448143362998962,3.3162500858306885,3.808065414428711,4.762394428253174,8.22298812866211,-9.746663093566895,-18.39166259765625,-26.043663024902344,-9.314736366271973,21.539104461669922,-29.506532669067383,-32.32654571533203
4.083,0.0,0.0,0.0,-0.6080594658851624,0.29489865899086,1.4022924900054932,-0.04614286124706268,0.01611059159040451,-0.9988049268722534,0.800000011920929,0.0,0.0,0.0,-0.07112158089876175,-0.15874303877353668,-0.2577206492424011,0.1606430858373642,0.5753265023231506,0.05869612470269203,-0.40371060371398926,-0.8633753657341003,-0.8750851154327393,-0.7190333604812622,1.7610950469970703,1.9860886335372925,-2.063974142074585,-1.7874830961227417,1.7171235084533691,3.397038459777832,3.9122698307037354,6.895619869232178,-2.5367345809936523,-3.9145922660827637,-2.219761848449707,8.366357803344727,5.546133518218994,6.746410846710205,0.8253877758979797,-1.264005184173584,4.014752388000488,-39.15975570678711,-0.4305483102798462,0.1653556376695633,-0.14345084130764008,1.2966961860656738,-0.12495462596416473,-0.7917024493217468,0.44040751457214355,0.7490610480308533,1.393290638923645,0.9969136118888855,-0.1103299930691719,0.24407809972763062,0.056117650121450424,0.2034105658531189,2.0190000534057617,-0.07603886723518372,0.21148858964443207,-0.3631783127784729,0.1660299003124237,0.5652849674224854,-0.11353108286857605,1.0652797222137451,-0.7991442680358887,0.9931550025939941,1.3604413270950317,0.10621150583028793,-0.4452364444732666,-0.24234578013420105,0.4323672950267792,-0.054947759956121445,0.10025451332330704,-0.17129570245742798,0.13563062250614166,0.6601141095161438,0.3201063275337219,-0.19397512078285217,-1.028052806854248,-0.7585502862930298,-0.6093721389770508,1.7201688289642334,1.4911177158355713,-1.8319916725158691,-1.5200427770614624,-0.07112158089876175,-0.15874303877353668,-0.2577206492424011,0.1606430858373642,0.5753265023231506,0.05869612470269203,-0.40371060371398926,-0.8633753657341003,-0.8750851154327393,-0.7190333604812622,1.7610950469970703,1.9860886335372925,-2.063974142074585,-1.7874830961227417,1.7171235084533691,3.397038459777832,3.9122698307037354,6.895619869232178,-2.5367345809936523,-3.9145922660827637,-2.219761848449707,8.366357803344727,5.546133518218994,6.746410846710205,0.8253877758979797,-1.264005184173584,4.014752388000488,-39.15975570678711
4.103,0.0,0.0,0.0,-1.7585692405700684,-0.6081533432006836,0.07464621216058731,-0.05273051559925079,0.04099849611520767,-0.9977667927742004,0.800000011920929,0.0,0.0,0.0,-0.042330317199230194,-0.058528702706098557,-0.20306546986103058,0.29227617383003235,0.5628999471664429,0.0266904067248106,-0.40844646096229553,-0.7509849071502686,-0.86569744348526,-0.6576873064041138,1.7795844078063965,1.8773572444915771,-2.074690341949463,-1.7265212535858154,4.3293585777282715,9.516481399536133,-3.263657569885254,1.8219664096832275,9.224870681762695,-5.320410251617432,3.4012644290924072,-2.6275856494903564,-27.317087173461914,27.672657012939453,9.626365661621094,-2.5944645404815674,-29.20472526550293,15.159634590148926,-0.07603886723518372,0.21148858964443207,-0.3631783127784729,0.1660299003124237,0.5652849674224854,-0.11353108286857605,1.0652797222137451,-0.7991442680358887,0.9931550025939941,1.3604413270950317,0.10621150583028793,-0.4452364444732666,-0.24234578013420105,0.4323672950267792,1.9989999532699585,-0.368652880191803,-0.36560511589050293,-0.974053144454956,0.3152367174625397,-0.013563595712184906,-0.677831768989563,0.5954235196113586,-0.17949464917182922,0.4199841618537903,1.609481692314148,0.1300538033246994,0.3946681022644043,-0.297503262758255,0.37303730845451355,-0.17138856649398804,-0.15449684858322144,-0.455453485250473,0.15541958808898926,0.4290878176689148,0.09616634249687195,-0.3797469139099121,-0.8118677735328674,-1.0313022136688232,-0.48111045360565186,1.738940954208374,1.8351123332977295,-1.8667855262756348,-1.5338473320007324,-0.042330317199230194,-0.058528702706098557,-0.20306546986103058,0.29227617383003235,0.5628999471664429,0.0266904067248106,-0.40844646096229553,-0.7509849071502686,-0.86569744348526,-0.6576873064041138,1.7795844078063965,1.8773572444915771,-2.074690341949463,-1.7265212535858154,4.3293585777282715,9.516481399536133,-3.263657569885254,1.8219664096832275,9.224870681762695,-5.320410251617432,3.4012644290924072,-2.6275856494903564,-27.317087173461914,27.672657012939453,9.626365661621094,-2.5944645404815674,-29.20472526550293,15.159634590148926
4.125,0.0,0.0,0.0,3.2358739376068115,1.1501598358154297,0.8839576244354248,-0.04377621412277222,-0.017513614147901535,-0.998887836933136,0.800000011920929,0.0,0.0,0.0,-0.07599344849586487,0.008612841367721558,-0.2773127555847168,0.28414830565452576,0.599993884563446,0.06190560758113861,-0.33094295859336853,-0.7543166875839233,-0.9083232879638672,-0.5482306480407715,1.750429630279541,1.900447130203247,-1.998288869857788,-1.6961594820022583,-10.037223815917969,-5.7837934494018555,-12.777393341064453,-3.0127196311950684,3.935154438018799,-5.987477779388428,-1.3485779762268066,0.6214579343795776,-25.361797332763672,26.378286361694336,9.676458358764648,14.731365203857422,-23.66094398498535,-26.295360565185547,-0.368652880191803,-0.36560511589050293,-0.974053144454956,0.3152367174625397,-0.013563595712184906,-0.677831768989563,0.5954235196113586,-0.17949464917182922,0.4199841618537903,1.609481692314148,0.1300538033246994,0.3946681022644043,-0.297503262758255,0.37303730845451355,1.9789999723434448,-0.00545969232916832,0.22570782899856567,-0.5071582794189453,0.9499583840370178,-0.041454341262578964,-0.7556271553039551,0.4136640131473541,-0.30285266041755676,0.9482507705688477,1.202820062637329,0.3284049332141876,-0.03578175604343414,-0.40455153584480286,-0.08592880517244339,-0.019595719873905182,0.08611883223056793,-0.27376657724380493,0.4430232346057892,0.3934343457221985,0.03876441344618797,-0.4801158607006073,-0.8457604050636292,-0.8208573460578918,-0.651282012462616,1.8300762176513672,1.675809383392334,-1.9184366464614868,-1.741762638092041,-0.13885332643985748,-0.04492591693997383,-0.3669500946998596,0.24428589642047882,0.5558581948280334,0.06975485384464264,-0.34962010383605957,-0.7422035932540894,-0.9272470474243164,-0.5629855394363403,1.769141674041748,1.8829439878463745,-1.9720828533172607,-1.584384560585022,-1.2547752857208252,-1.5545293092727661,-4.828792095184326,-2.086486577987671,-0.3728984296321869,-3.616888999938965,0.7913910150527954,0.31351375579833984,-13.69187068939209,8.118561744689941,2.8261051177978516,-10.188770294189453,-23.666288375854492,31.778030395507812
4.145,0.0,0.0,0.0,-1.9666411876678467,1.0860202312469482,1.3309201002120972,-0.03510602191090584,-0.026790548115968704,-0.9990244507789612,0.800000011920929,0.0,0.0,0.0,-0.12239494174718857,-0.04841764271259308,-0.3739269971847534,0.2530495226383209,0.5092460513114929,0.06129087880253792,-0.380052775144577,-0.7350559234619141,-0.893778920173645,-0.5317628383636475,1.7950469255447388,1.8514012098312378,-1.9239054918289185,-1.5536205768585205,9.249297142028809,2.6831986904144287,3.39652419090271,2.7002720832824707,-12.377721786499023,-3.4804019927978516,-11.29883098602295,-0.6627874374389648,22.897153854370117,7.1653923988342285,11.231218338012695,-18.50067901611328,14.07170295715332,41.697914123535156,-0.00545969232916832,0.22570782899856567,-0.5071582794189453,0.9499583840370178,-0.041454341262578964,-0.7556271553039551,0.4136640131473541,-0.30285266041755676,0.9482507705688477,1.202820062637329,0.3284049332141876,-0.03578175604343414,-0.40455153584480286,-0.08592880517244339,1.9579999446868896,-0.5527276992797852,-0.19705000519752502,-0.6017084121704102,0.43661007285118103,0.9493642449378967,-1.3436689376831055,1.3330447673797607,-0.3807532489299774,0.6757399439811707,1.665026068687439,-0.10615409165620804,0.5466381907463074,-0.6914054155349731,0.335199236869812,-0.25068703293800354,-0.08006061613559723,-0.29814544320106506,0.24077685177326202,0.8357372879981995,-0.23159456253051758,-0.07643141597509384,-0.8842049837112427,-0.9224427342414856,-0.46030646562576294,1.6436381340026855,1.9219681024551392,-2.0526859760284424,-1.5730464458465576,-0.031058281660079956,0.024288838729262352,-0.3094443380832672,0.34029892086982727,0.4560965299606323,0.05616836994886398,-0.4393022656440735,-0.7373442053794861,-0.899011492729187,-0.5882762670516968,1.8471038341522217,1.8307031393051147,-1.9194848537445068,-1.6077903509140015,2.0953755378723145,2.062044143676758,1.5010048151016235,3.2846670150756836,-6.69470739364624,-5.164569854736328,-0.5034845471382141,-0.7332387566566467,12.21645450592041,13.759988784790039,-0.5028466582298279,2.8315608501434326,-11.431781768798828,-22.389530181884766
4.164,0.0,0.0,0.0,0.7619693875312805,1.2210439443588257,1.1952077150344849,-0.01203021127730608,0.026509124785661697,-0.9995761513710022,0.800000011920929,0.0,0.0,0.0,-0.040179427713155746,0.022247081622481346,-0.30475106835365295,0.34822940826416016,0.43032190203666687,0.062041252851486206,-0.4460116922855377,-0.7481727004051208,-0.8842667937278748,-0.6228798031806946,1.8306164741516113,1.7973436117172241,-1.9248756170272827,-1.5975642204284668,-5.920775890350342,-2.3592255115509033,0.006509017199277878,-0.9829097390174866,-0.6629582047462463,2.2925467491149902,-2.360537052154541,-2.067152738571167,-6.590856552124023,-9.754989624023438,-6.6020965576171875,-6.759665012359619,30.802160263061523,11.574881553649902,-0.5527276992797852,-0.19705000519752502,-0.6017084121704102,0.43661007285118103,0.9493642449378967,-1.3436689376831055,1.3330447673797607,-0.3807532489299774,0.6757399439811707,1.665026068687439,-0.10615409165620804,0.5466381907463074,-0.6914054155349731,0.335199236869812,1.937999963760376,-0.14751648902893066,-0.10117901116609573,-0.4442283511161804,0.18149973452091217,0.3770769536495209,-0.8546927571296692,0.5037187933921814,-0.3341164290904999,0.5334941744804382,1.482742190361023,0.2543719410896301,0.7246776819229126,-0.5138667225837708,-0.06801801919937134,-0.09145112335681915,-0.05353661626577377,-0.22971729934215546,0.10575256496667862,0.6224383115768433,-0.03859119862318039,-0.4092596471309662,-0.8670628666877747,-0.9966118335723877,-0.5232366919517517,1.787231206893921,2.0267016887664795,-1.9862185716629028,-1.737622618675232,-0.14466466009616852,-0.017002180218696594,-0.3374871015548706,0.3164190948009491,0.46880778670310974,0.028905371204018593,-0.35584166646003723,-0.8402442336082458,-0.9392485022544861,-0.5503941178321838,1.6986678838729858,1.8539068698883057,-1.9588254690170288,-1.524375557899475,-4.886728763580322,-0.09412387758493423,0.8927517533302307,-2.643890142440796,0.783136248588562,0.23831050097942352,5.060302734375,-4.1209001541137695,12.049372673034668,-5.101499557495117,-10.51694107055664,-9.718672752380371,25.034780502319336,33.31467056274414
4.182,0.0,0.0,0.0,-0.03001655451953411,-0.9415115118026733,0.947899341583252,-0.027872184291481972,0.013317330740392208,-0.9995228052139282,0.800000011920929,0.0,0.0,0.0,-0.1612284630537033,-0.001433447003364563,-0.32491040229797363,0.323573499917984,0.5242578983306885,0.042652297765016556,-0.33937349915504456,-0.8523176908493042,-1.036564588546753,-0.611227810382843,1.710387945175171,1.9043062925338745,-1.9496679306030273,-1.6978257894515991,2.2870161533355713,3.7976233959198,5.165815353393555,2.894348621368408,7.46360445022583,9.313125610351562,-5.875852584838867,-1.4546178579330444,-26.053356170654297,-29.80435562133789,8.793900489807129,11.535477638244629,28.90336036682129,-26.777183532714844,-0.14751648902893066,-0.10117901116609573,-0.4442283511161804,0.18149973452091217,0.3770769536495209,-0.8546927571296692,0.5037187933921814,-0.3341164290904999,0.5334941744804382,1.482742190361023,0.2543719410896301,0.7246776819229126,-0.5138667225837708,-0.06801801919937134,1.9190000295639038,-0.7945453524589539,0.38070744276046753,-0.2969467043876648,0.6545363664627075,-0.22224761545658112,-0.7181698083877563,0.45825624465942383,0.04012339934706688,0.6941214799880981,1.2827684879302979,-0.23894231021404266,0.8777349591255188,0.3640633821487427,-0.1354157030582428,-0.3666905164718628,0.16596467792987823,-0.15659774839878082,0.3051166236400604,0.3314124047756195,0.04214446246623993,-0.4630005955696106,-0.6969407200813293,-0.9317464828491211,-0.6195178031921387,1.5795990228652954,2.106050729751587,-1.5845032930374146,-1.7844092845916748,-0.1612284630537033,-0.001433447003364563,-0.32491040229797363,0.323573499917984,0.5242578983306885,0.042652297765016556,-0.33937349915504456,-0.8523176908493042,-1.036564588546753,-0.611227810382843,1.710387945175171,1.9043062925338745,-1.9496679306030273,-1.6978257894515991,2.2870161533355713,3.7976233959198,5.165815353393555,2.894348621368408,7.46360445022583,9.313125610351562,-5.875852584838867,-1.4546178579330444,-26.053356170654297,-29.80435562133789,8.793900489807129,11.535477638244629,28.90336036682129,-26.777183532714844
4.204,0.0,0.0,0.0,-0.9644500613212585,-0.9374750852584839,2.55434513092041,-0.036382414400577545,0.008838227950036526,-0.9992988705635071,0.800000011920929,0.0,0.0,0.0,-0.17483782768249512,-0.0035207904875278473,-0.2572947144508362,0.24935834109783173,0.5040187239646912,0.07600072771310806,-0.35863959789276123,-0.8473114967346191,-0.9114113450050354,-0.672984778881073,1.746579647064209,1.9746079444885254,-1.8603545427322388,-1.7868521213531494,-1.3370133638381958,3.5864717960357666,12.713347434997559,5.720996379852295,-4.656267166137695,9.761030197143555,-1.166122317314148,2.343778371810913,11.752388000488281,-24.045894622802734,-9.187276840209961,17.039291381835938,23.602638244628906,-28.768007278442383,-0.7945453524589539,0.38070744276046753,-0.2969467043876648,0.6545363664627075,-0.22224761545658112,-0.7181698083877563,0.45825624465942383,0.04012339934706688,0.6941214799880981,1.2827684879302979,-0.23894231021404266,0.8777349591255188,0.3640633821487427,-0.1354157030582428,1.8980000019073486,-0.3589916229248047,0.4693191945552826,-0.7160800099372864,0.325064092874527,0.4154626429080963,-0.7163873314857483,0.1493792086839676,-0.2918453514575958,0.810308575630188,1.0651845932006836,-0.03902279585599899,0.025452354922890663,0.30966904759407043,-0.3969428241252899,-0.1982152760028839,0.22779010236263275,-0.33789578080177307,0.1767905056476593,0.5892794132232666,0.051020145416259766,-0.6073693633079529,-0.8293144702911377,-0.872975766658783,-0.7270587086677551,1.6487996578216553,1.7304584980010986,-1.5688092708587646,-1.9067751169204712,-0.20936046540737152,0.04259476438164711,-0.16018794476985931,0.26567789912223816,0.48136448860168457,0.0840890184044838,-0.3774248957633972,-0.8170256018638611,-0.9298016428947449,-0.6248826384544373,1.6894679069519043,2.0150840282440186,-1.7947629690170288,-1.7154334783554077,-5.172815322875977,1.850956678390503,4.742143154144287,-2.6439647674560547,-5.85140323638916,4.17957878112793,-2.8516509532928467,2.4909160137176514,11.489691734313965,-13.521044731140137,-5.160159111022949,-5.291984558105469,15.933205604553223,30.657236099243164
4.224,0.0,0.0,0.0,0.1693752259016037,-0.46353769302368164,0.2536861002445221,-0.056577883660793304,0.03516098111867905,-0.9977788329124451,0.800000011920929,0.0,0.0,0.0,-0.23650240898132324,0.07018367946147919,-0.14809852838516235,0.24832549691200256,0.45175880193710327,0.08407998830080032,-0.4190111458301544,-0.780877947807312,-0.8888912796974182,-0.6181901693344116,1.7149927616119385,2.0521645545959473,-1.7808887958526611,-1.8130992650985718,-0.08839339762926102,5.490906238555908,-3.019134044647217,-6.447380542755127,-4.369541168212891,-3.4719066619873047,-11.392874717712402,4.689455509185791,11.110126495361328,11.985727310180664,11.38872241973877,2.0313587188720703,21.044591903686523,-10.111616134643555,-0.3589916229248047,0.4693191945552826,-0.7160800099372864,0.325064092874527,0.4154626429080963,-0.7163873314857483,0.1493792086839676,-0.2918453514575958,0.810308575630188,1.0651845932006836,-0.03902279585599899,0.025452354922890663,0.30966904759407043,-0.3969428241252899,1.878000020980835,-0.15626280009746552,-0.053547151386737823,-0.055499590933322906,-0.05996498093008995,0.6649705767631531,-0.4221392273902893,1.2787953615188599,-0.8678169846534729,0.4849572479724884,1.3778560161590576,0.4153323471546173,-0.17608435451984406,-0.215593159198761,-0.27816241979599,-0.09013979136943817,-0.0013172067701816559,-0.058764394372701645,-0.009305190294981003,0.7273447513580322,0.18431934714317322,-0.1135689914226532,-1.1017389297485352,-1.0135067701339722,-0.5971106290817261,1.8601794242858887,1.602207899093628,-1.8036078214645386,-1.865560531616211,-0.23650240898132324,0.07018367946147919,-0.14809852838516235,0.24832549691200256,0.45175880193710327,0.08407998830080032,-0.4190111458301544,-0.780877947807312,-0.8888912796974182,-0.6181901693344116,1.7149927616119385,2.0521645545959473,-1.7808887958526611,-1.8130992650985718,-0.08839339762926102,5.490906238555908,-3.019134044647217,-6.447380542755127,-4.369541168212891,-3.4719066619873047,-11.392874717712402,4.689455509185791,11.110126495361328,11.985727310180664,11.38872241973877,2.0313587188720703,21.044591903686523,-10.111616134643555
4.243,0.0,0.0,0.0,-0.6274759769439697,-0.5409039258956909,-0.2220970243215561,-0.05970440432429314,0.03316739946603775,-0.9976649284362793,0.800000011920929,0.0,0.0,0.0,-0.22805015742778778,0.17192812263965607,-0.17597806453704834,0.12114404886960983,0.5209478139877319,0.07196914404630661,-0.4938121736049652,-0.7628797888755798,-0.9952011108398438,-0.6283044219017029,1.7997713088989258,1.899257779121399,-1.7959842681884766,-1.691967487335205,3.6281216144561768,3.381232976913452,0.8937881588935852,-9.609171867370605,10.897692680358887,-2.2380025386810303,0.6300168037414551,-2.1794486045837402,-24.06088638305664,19.424949645996094,9.892691612243652,-22.003171920776367,-26.412006378173828,40.71091079711914,-0.15626280009746552,-0.053547151386737823,-0.055499590933322906,-0.05996498093008995,0.6649705767631531,-0.4221392273902893,1.2787953615188599,-0.8678169846534729,0.4849572479724884,1.3778560161590576,0.4153323471546173,-0.17608435451984406,-0.215593159198761,-0.27816241979599,1.8589999675750732,-0.5903531908988953,0.0014860127121210098,-0.8865855932235718,0.735240638256073,-0.0486307367682457,-0.7798262238502502,0.5964823961257935,0.30134016275405884,0.4417298138141632,1.3520125150680542,-0.1059003472328186,0.8753460049629211,0.00047232210636138916,0.4119584262371063,-0.27467289566993713,0.0005369849968701601,-0.40483996272087097,0.3299277722835541,0.4200306534767151,0.036690134555101395,-0.37122976779937744,-0.6028608083724976,-1.0470123291015625,-0.5957453846931458,1.6467628479003906,2.0625264644622803,-1.729858160018921,-1.55088472366333,-0.22805015742778778,0.17192812263965607,-0.17597806453704834,0.12114404886960983,0.5209478139877319,0.07196914404630661,-0.4938121736049652,-0.7628797888755798,-0.9952011108398438,-0.6283044219017029,1.7997713088989258,1.899257779121399,-1.7959842681884766,-1.691967487335205,3.6281216144561768,3.381232976913452,0.8937881588935852,-9.609171867370605,10.897692680358887,-2.2380025386810303,0.6300168037414551,-2.1794486045837402,-24.06088638305664,19.424949645996094,9.892691612243652,-22.003171920776367,-26.412006378173828,40.71091079711914
4.263,0.0,0.0,0.0,1.6734510660171509,-1.2666943073272705,0.6655025482177734,-0.08079653978347778,0.02527114935219288,-0.9964101910591125,0.800000011920929,0.0,0.0,0.0,-0.17523860931396484,0.16009467840194702,-0.11781144142150879,0.030910002067685127,0.5938947796821594,0.11349177360534668,-0.3969143331050873,-0.8614824414253235,-0.9941583275794983,-0.6159457564353943,1.7592852115631104,1.8163851499557495,-1.6340882778167725,-1.7179328203201294,-2.476393222808838,-2.4790971279144287,0.8288003206253052,-1.1964540481567383,-0.33836829662323,-1.2094166278839111,3.897320032119751,-8.846202850341797,0.48912426829338074,6.9603471755981445,-8.20209789276123,-1.320626139640808,28.122732162475586,30.243558883666992,-0.5903531908988953,0.0014860127121210098,-0.8865855932235718,0.735240638256073,-0.0486307367682457,-0.7798262238502502,0.5964823961257935,0.30134016275405884,0.4417298138141632,1.3520125150680542,-0.1059003472328186,0.8753460049629211,0.00047232210636138916,0.4119584262371063,1.8389999866485596,-0.20173273980617523,0.01897875778377056,-0.5258289575576782,0.2424892634153366,0.6918015480041504,-0.7177872061729431,0.46385303139686584,0.10148337483406067,0.3120218813419342,1.4130728244781494,-0.08308324962854385,0.5448951721191406,0.036590587347745895,0.4784487187862396,-0.11824701726436615,0.00859413854777813,-0.27710700035095215,0.14211294054985046,0.7224937677383423,0.04984476789832115,-0.4566790759563446,-0.6429085731506348,-1.1087313890457153,-0.5681317448616028,1.6356889009475708,1.9598554372787476,-1.7062299251556396,-1.4894964694976807,-0.17523860931396484,0.16009467840194702,-0.11781144142150879,0.030910002067685127,0.5938947796821594,0.11349177360534668,-0.3969143331050873,-0.8614824414253235,-0.9941583275794983,-0.6159457564353943,1.7592852115631104,1.8163851499557495,-1.6340882778167725,-1.7179328203201294,-2.476393222808838,-2.4790971279144287,0.8288003206253052,-1.1964540481567383,-0.33836829662323,-1.2094166278839111,3.897320032119751,-8.846202850341797,0.48912426829338074,6.9603471755981445,-8.20209789276123,-1.320626139640808,28.122732162475586,30.243558883666992
4.285,0.0,0.0,0.0,0.7133022546768188,-0.9680625200271606,1.4420911073684692,-0.10502316802740097,-0.002396067138761282,-0.9944669008255005,0.800000011920929,0.0,0.0,0.0,-0.21306833624839783,0.11583834141492844,-0.11611496657133102,0.08277261257171631,0.5863379240036011,0.13105876743793488,-0.38262253999710083,-0.873049795627594,-1.095834493637085,-0.5738486647605896,1.776121735572815,1.8830550909042358,-1.6791447401046753,-1.7266894578933716,4.236574649810791,1.35491144657135,3.8375942707061768,2.720048666000366,6.825541973114014,-1.3036911487579346,-3.710092782974243,2.3922617435455322,-29.168994903564453,5.605807781219482,1.571645975112915,-2.7450389862060547,7.360365867614746,4.165569305419922,-0.20173273980617523,0.01897875778377056,-0.5258289575576782,0.2424892634153366,0.6918015480041504,-0.7177872061729431,0.46385303139686584,0.10148337483406067,0.3120218813419342,1.4130728244781494,-0.08308324962854385,0.5448951721191406,0.036590587347745895,0.4784487187862396,1.8170000314712524,-0.0327676460146904,0.16767728328704834,-0.7197076082229614,-0.49152228236198425,0.2857776880264282,-0.5827159881591797,1.406044602394104,-0.18045306205749512,0.22811387479305267,1.8399885892868042,-0.3615432679653168,0.8824806809425354,0.3222722113132477,0.17479604482650757,-0.026570141315460205,0.07631419599056244,-0.35157912969589233,-0.20697373151779175,0.5700293183326721,0.11194227635860443,-0.041237812489271164,-0.7737846970558167,-1.1526618003845215,-0.3732583224773407,1.5092743635177612,2.101501941680908,-1.5753103494644165,-1.6200013160705566,-0.17971782386302948,0.10061654448509216,-0.1027449518442154,0.09435997158288956,0.5828535556793213,0.13200204074382782,-0.3864845335483551,-0.8646332621574402,-1.0828502178192139,-0.5696425437927246,1.7759264707565308,1.904987096786499,-1.6622767448425293,-1.7176977396011353,1.5597280263900757,-0.6878095269203186,0.909431517124176,0.5649539232254028,4.645130634307861,-0.25334909558296204,1.9137811660766602,0.5648335218429565,-14.124127388000488,3.8547556400299072,-1.6019355058670044,1.539522409439087,0.28657597303390503,1.31252920627594
4.304,0.0,0.0,0.0,2.4831912517547607,-0.5985333919525146,0.44770005345344543,-0.10952340811491013,-0.005641450174152851,-0.9939681887626648,0.800000011920929,0.0,0.0,0.0,-0.16188472509384155,0.08846928924322128,-0.10500118881464005,0.09653998911380768,0.5917803645133972,0.12758690118789673,-0.3639754354953766,-0.8725035190582275,-1.121498703956604,-0.5321491360664368,1.7507747411727905,1.9761807918548584,-1.6545779705047607,-1.8338968753814697,3.71317195892334,-3.0105948448181152,-2.371509075164795,-0.8798061013221741,-2.998408317565918,-2.9945249557495117,4.4567975997924805,-5.884510040283203,-0.2539801597595215,9.436741828918457,-6.01512336730957,20.93960189819336,2.5704898834228516,-30.063692092895508,-0.0327676460146904,0.16767728328704834,-0.7197076082229614,-0.49152228236198425,0.2857776880264282,-0.5827159881591797,1.406044602394104,-0.18045306205749512,0.22811387479305267,1.8399885892868042,-0.3615432679653168,0.8824806809425354,0.3222722113132477,0.17479604482650757,1.7990000247955322,-0.5225703716278076,-0.026461344212293625,-0.4614114761352539,0.4524685740470886,0.42342662811279297,-0.3113824725151062,0.2452782690525055,0.35362324118614197,0.7526882290840149,1.0657559633255005,0.02436666749417782,-0.17476005852222443,-0.09481700509786606,0.1637479066848755,-0.23781366646289825,-0.0042761848308146,-0.24279308319091797,0.18291348218917847,0.6167248487472534,0.24025210738182068,-0.5220385789871216,-0.5465379357337952,-0.9209964871406555,-0.7021756768226624,1.6702923774719238,1.6399081945419312,-1.7499085664749146,-1.6380236148834229,-0.12152842432260513,0.05485974997282028,-0.13912856578826904,0.005407488904893398,0.5682658553123474,0.13313862681388855,-0.28870871663093567,-0.877329409122467,-1.1337273120880127,-0.48955580592155457,1.6952178478240967,1.9920196533203125,-1.6770539283752441,-1.7672243118286133,3.0096943378448486,-2.829965829849243,-3.1611316204071045,-9.87816333770752,-1.2154356241226196,0.4950560927391052,6.006269454956055,0.7814856767654419,-1.8468624353408813,3.535240888595581,-4.295668125152588,-6.3050103187561035,-1.3100576400756836,26.719343185424805
4.323,0.0,0.0,0.0,1.384026288986206,-1.370786428451538,0.83964604139328,-0.12925757467746735,-0.057585425674915314,-0.9899375438690186,0.800000011920929,0.0,0.0,0.0,-0.10226748138666153,0.030094724148511887,-0.15101921558380127,-0.046267908066511154,0.5494008660316467,0.16915059089660645,-0.26649224758148193,-0.8372156620025635,-1.068779706954956,-0.5527003407478333,1.7106144428253174,1.9865292310714722,-1.774696946144104,-1.8031800985336304,0.7672866582870483,-3.9676754474639893,1.809860110282898,-3.6119110584259033,-4.220285415649414,12.117988586425781,-3.2095441818237305,12.876642227172852,25.28490447998047,-27.827972412109375,12.024651527404785,-4.534879684448242,-24.062105178833008,-23.863452911376953,-0.5225703716278076,-0.026461344212293625,-0.4614114761352539,0.4524685740470886,0.42342662811279297,-0.3113824725151062,0.2452782690525055,0.35362324118614197,0.7526882290840149,1.0657559633255005,0.02436666749417782,-0.17476005852222443,-0.09481700509786606,0.1637479066848755,1.7790000438690186,-0.07774795591831207,0.42766743898391724,-0.5290436744689941,0.4296221137046814,0.02497357502579689,-1.1399438381195068,0.7367410063743591,-0.8089473843574524,0.9609286189079285,0.8526548147201538,-0.272792786359787,0.23363927006721497,0.07231049239635468,-0.2328760325908661,-0.05876794457435608,0.19202272593975067,-0.2623489499092102,0.21162129938602448,0.44209057092666626,-0.11976952105760574,-0.34896036982536316,-1.046970009803772,-0.804121732711792,-0.8309628963470459,1.5526725053787231,1.7775285243988037,-1.6921610832214355,-1.818306565284729,-0.10226748138666153,0.030094724148511887,-0.15101921558380127,-0.046267908066511154,0.5494008660316467,0.16915059089660645,-0.26649224758148193,-0.8372156620025635,-1.068779706954956,-0.5527003407478333,1.7106144428253174,1.9865292310714722,-1.774696946144104,-1.8031800985336304,0.7672866582870483,-3.9676754474639893,1.809860110282898,-3.6119110584259033,-4.220285415649414,12.117988586425781,-3.2095441818237305,12.876642227172852,25.28490447998047,-27.827972412109375,12.024651527404785,-4.534879684448242,-24.062105178833008,-23.863452911376953
4.344,0.0,0.0,0.0,0.08664809912443161,0.15599896013736725,1.3407115936279297,-0.1374908685684204,-0.05561814457178116,-0.9889402985572815,0.800000011920929,0.0,0.0,0.0,-0.10830974578857422,-0.010982953943312168,-0.0981341227889061,-0.004489005543291569,0.5384466648101807,0.24000431597232819,-0.32224133610725403,-0.7037919163703918,-0.9029130935668945,-0.6840631365776062,1.7034107446670532,1.9332693815231323,-1.6295249462127686,-1.9249690771102905,6.046174049377441,3.586820125579834,4.7095112800598145,12.32207202911377,-9.226385116577148,1.9867353439331055,3.777562379837036,-3.3576650619506836,28.417638778686523,-20.42328643798828,-15.90330696105957,20.265241622924805,24.136005401611328,-29.742887496948242,-0.07774795591831207,0.42766743898391724,-0.5290436744689941,0.4296221137046814,0.02497357502579689,-1.1399438381195068,0.7367410063743591,-0.8089473843574524,0.9609286189079285,0.8526548147201538,-0.272792786359787,0.23363927006721497,0.07231049239635468,-0.2328760325908661,1.7589999437332153,-0.983910858631134,0.4012589752674103,-0.7288369536399841,0.528971791267395,0.05598266050219536,-0.5756268501281738,0.17415712773799896,0.02869628183543682,0.8495656251907349,1.3109511137008667,-0.22027792036533356,-0.3603513836860657,-0.26773104071617126,-0.03830379620194435,-0.44863665103912354,0.1997688114643097,-0.3542115092277527,0.25919944047927856,0.438581258058548,0.09817096590995789,-0.584815263748169,-0.7200736403465271,-0.842547595500946,-0.6376082301139832,1.5645420551300049,1.5239946842193604,-1.8394050598144531,-1.7487772703170776,-0.057140957564115524,0.037950560450553894,-0.09090226888656616,0.07109060138463974,0.5199375152587891,0.17505161464214325,-0.29103896021842957,-0.7549208998680115,-0.8984153270721436,-0.7014310956001282,1.6630882024765015,1.939516544342041,-1.675219178199768,-1.8623507022857666,1.4127371311187744,1.9532197713851929,-0.1474914252758026,2.044057607650757,-6.296992301940918,-2.7467849254608154,-0.6808534860610962,-4.419643878936768,17.169668197631836,-16.002784729003906,-3.4282681941986084,-6.9629926681518555,6.176233768463135,13.988515853881836
4.364,0.0,0.0,0.0,0.3172473907470703,2.0061240196228027,0.3674830198287964,-0.10464136302471161,-0.06192303076386452,-0.9925803542137146,0.800000011920929,0.0,0.0,0.0,-0.07009106129407883,0.049423009157180786,-0.11818556487560272,0.06163308024406433,0.5156627893447876,0.10805559158325195,-0.2942034602165222,-0.7986317873001099,-0.9282822012901306,-0.6602968573570251,1.6532608270645142,1.93077552318573,-1.6867133378982544,-1.7699787616729736,-6.431164741516113,0.2027948647737503,-6.406444072723389,-3.6137120723724365,5.234984397888184,-12.512286186218262,-0.25105318427085876,-7.532562732696533,-25.526535034179688,21.711483001708984,-1.4109182357788086,2.362152338027954,3.753352165222168,11.721453666687012,-0.983910858631134,0.4012589752674103,-0.7288369536399841,0.528971791267395,0.05598266050219536,-0.5756268501281738,0.17415712773799896,0.02869628183543682,0.8495656251907349,1.3109511137008667,-0.22027792036533356,-0.3603513836860657,-0.26773104071617126,-0.03830379620194435,1.7380000352859497,-0.001103036105632782,0.178479865193367,-0.3392801284790039,0.6047271490097046,-0.20834724605083466,-0.16642256081104279,1.0212461948394775,-0.3584103584289551,0.9138379693031311,1.2643661499023438,0.42100557684898376,0.751858115196228,-0.28907614946365356,-0.02514035999774933,-0.045360032469034195,0.10029282420873642,-0.18809720873832703,0.29804715514183044,0.3192818760871887,0.3041069507598877,-0.22721071541309357,-0.8615819811820984,-0.8174676895141602,-0.6392360329627991,1.8543065786361694,1.9991354942321777,-1.8637347221374512,-1.73590087890625,-0.1394709050655365,0.08513906598091125,-0.15961910784244537,0.046690434217453,0.4861506223678589,0.0717955082654953,-0.3457273542881012,-0.7627494931221008,-0.8830276727676392,-0.6879315972328186,1.6688846349716187,1.8669058084487915,-1.7170627117156982,-1.8006999492645264,-6.098491191864014,4.5172882080078125,-2.953964948654175,0.023947661742568016,1.520431399345398,-6.750115871429443,-4.156993389129639,3.58744215965271,-10.888875007629395,15.713907241821289,0.7537266612052917,-6.252618312835693,-11.047910690307617,0.2623807191848755
4.384,0.0,0.0,0.0,-1.7555058002471924,1.5515532493591309,0.9496086835861206,-0.08534562587738037,-0.05646654590964317,-0.9947500228881836,0.800000011920929,0.0,0.0,0.0,-0.17386692762374878,0.11748319864273071,-0.16940638422966003,0.07533179223537445,0.4577384889125824,0.06790858507156372,-0.3815159797668457,-0.7612677812576294,-0.8417025208473206,-0.7046689391136169,1.683648705482483,1.868460774421692,-1.8084297180175781,-1.794022798538208,0.6201611161231995,3.5071771144866943,3.0639023780822754,11.220490455627441,-10.684042930603027,5.368353843688965,-5.665268421173096,-6.827159881591797,23.82066535949707,-15.172938346862793,3.398696184158325,13.464899063110352,3.3889124393463135,1.9628390073776245,-0.001103036105632782,0.178479865193367,-0.3392801284790039,0.6047271490097046,-0.20834724605083466,-0.16642256081104279,1.0212461948394775,-0.3584103584289551,0.9138379693031311,1.2643661499023438,0.42100557684898376,0.751858115196228,-0.28907614946365356,-0.02514035999774933,1.718999981880188,0.048206474632024765,0.011308273300528526,-0.7489849925041199,0.3939087986946106,0.7691512703895569,-0.653867781162262,0.6476172804832458,0.15788176655769348,0.898047149181366,1.3540328741073608,0.0828179344534874,0.7198588252067566,-0.7805448770523071,-0.36735305190086365,0.01715691015124321,0.015118004754185677,-0.35585296154022217,0.2070636749267578,0.7472261786460876,0.10535019636154175,-0.3595832586288452,-0.6434013843536377,-0.8220654726028442,-0.5990487933158875,1.7310987710952759,2.032249927520752,-2.0873284339904785,-1.8886088132858276,-0.17386692762374878,0.11748319864273071,-0.16940638422966003,0.07533179223537445,0.4577384889125824,0.06790858507156372,-0.3815159797668457,-0.7612677812576294,-0.8417025208473206,-0.7046689391136169,1.683648705482483,1.868460774421692,-1.8084297180175781,-1.794022798538208,0.6201611161231995,3.5071771144866943,3.0639023780822754,11.220490455627441,-10.684042930603027,5.368353843688965,-5.665268421173096,-6.827159881591797,23.82066535949707,-15.172938346862793,3.398696184158325,13.464899063110352,3.3889124393463135,1.9628390073776245
4.4030000000000005,0.0,0.0,0.0,-0.27279508113861084,-0.15661075711250305,-0.01495277974754572,-0.06570529192686081,-0.004179536364972591,-0.997830331325531,0.800000011920929,0.0,0.0,0.0,-0.1486816704273224,0.16440685093402863,-0.1540706902742386,0.2070070505142212,0.39466843008995056,0.1053495705127716,-0.3901592493057251,-0.8031466603279114,-0.8460168838500977,-0.7252025008201599,1.7303646802902222,1.9493263959884644,-1.8398486375808716,-1.7664483785629272,1.6178234815597534,2.071760416030884,-1.1771554946899414,4.251122951507568,0.25517579913139343,0.9477826952934265,2.8369216918945312,-0.5273208022117615,-8.335573196411133,0.6510448455810547,4.943541049957275,2.6265335083007812,-14.792511940002441,-2.192812442779541,0.048206474632024765,0.011308273300528526,-0.7489849925041199,0.3939087986946106,0.7691512703895569,-0.653867781162262,0.6476172804832458,0.15788176655769348,0.898047149181366,1.3540328741073608,0.0828179344534874,0.7198588252067566,-0.7805448770523071,-0.36735305190086365,1.6990000009536743,0.1985185146331787,-0.25960391759872437,-0.4601341485977173,0.19552826881408691,0.7236101031303406,-0.9955690503120422,0.8749048709869385,-0.07400012761354446,0.652866005897522,1.901771068572998,0.006175855174660683,0.9042158126831055,-0.7519396543502808,0.0010457318276166916,0.09104901552200317,-0.11530996114015579,-0.24264566600322723,0.10869409143924713,0.7695271968841553,-0.06829105317592621,-0.27054110169410706,-0.7259301543235779,-0.9328568577766418,-0.34854790568351746,1.6842889785766602,2.1185221672058105,-2.096815586090088,-1.738100290298462,-0.1486816704273224,0.16440685093402863,-0.1540706902742386,0.2070070505142212,0.39466843008995056,0.1053495705127716,-0.3901592493057251,-0.8031466603279114,-0.8460168838500977,-0.7252025008201599,1.7303646802902222,1.9493263959884644,-1.8398486375808716,-1.7664483785629272,1.6178234815597534,2.071760416030884,-1.1771554946899414,4.251122951507568,0.25517579913139343,0.9477826952934265,2.8369216918945312,-0.5273208022117615,-8.335573196411133,0.6510448455810547,4.943541049957275,2.6265335083007812,-14.792511940002441,-2.192812442779541
4.422,0.0,0.0,0.0,-0.7995033860206604,-0.8946425318717957,-0.7586415410041809,-0.07263925671577454,0.0036970688961446285,-0.9973514080047607,0.800000011920929,0.0,0.0,0.0,-0.09390061348676682,0.16719703376293182,-0.23375143110752106,0.18151290714740753,0.4794597029685974,0.06726890802383423,-0.320089191198349,-0.7494556307792664,-0.9560458064079285,-0.5998320579528809,1.710390567779541,1.9975533485412598,-1.9359310865402222,-1.8153122663497925,6.0255513191223145,0.8922409415245056,0.45992836356163025,-0.4216840863227844,12.098187446594238,-10.822922706604004,9.065539360046387,-5.686542987823486,-28.098176956176758,24.413618087768555,-15.22624683380127,12.446484565734863,23.1839542388916,9.615126609802246,0.1985185146331787,-0.25960391759872437,-0.4601341485977173,0.19552826881408691,0.7236101031303406,-0.9955690503120422,0.8749048709869385,-0.07400012761354446,0.652866005897522,1.901771068572998,0.006175855174660683,0.9042158126831055,-0.7519396543502808,0.0010457318276166916,1.6790000200271606,-0.7926325798034668,0.2347324639558792,-0.6712913513183594,0.43425843119621277,-0.20892247557640076,-0.303972065448761,0.5530856251716614,-0.15252578258514404,0.44855883717536926,1.5900908708572388,0.1789385974407196,0.5042669773101807,-0.005950547754764557,0.5146828293800354,-0.3475797474384308,0.09409861266613007,-0.32634568214416504,0.20628570020198822,0.3521175980567932,0.22556346654891968,-0.40645554661750793,-0.769519567489624,-1.0358742475509644,-0.46375390887260437,1.757351279258728,1.9471722841262817,-1.7620691061019897,-1.4919127225875854,-0.09390061348676682,0.16719703376293182,-0.23375143110752106,0.18151290714740753,0.4794597029685974,0.06726890802383423,-0.320089191198349,-0.7494556307792664,-0.9560458064079285,-0.5998320579528809,1.710390567779541,1.9975533485412598,-1.9359310865402222,-1.8153122663497925,6.0255513191223145,0.8922409415245056,0.45992836356163025,-0.4216840863227844,12.098187446594238,-10.822922706604004,9.065539360046387,-5.686542987823486,-28.098176956176758,24.413618087768555,-15.22624683380127,12.446484565734863,23.1839542388916,9.615126609802246
4.442,0.0,0.0,0.0,0.49931180477142334,-0.6848509907722473,0.894804835319519,-0.09975836426019669,0.004219667986035347,-0.9950027465820312,0.800000011920929,0.0,0.0,0.0,-0.03341853618621826,0.09189890325069427,-0.2637242078781128,0.1072879210114479,0.5590091347694397,0.04707755893468857,-0.2841963469982147,-0.7606996893882751,-0.9996022582054138,-0.6277720928192139,1.7724394798278809,2.051360607147217,-1.9317114353179932,-1.6442474126815796,-1.7916730642318726,-3.2073557376861572,-3.2739362716674805,-2.6582932472229004,5.952324867248535,-1.8751416206359863,-8.547950744628906,-0.5551373958587646,-26.996417999267578,8.701959609985352,7.8364362716674805,-10.740111351013184,34.611305236816406,29.665494918823242,-0.7926325798034668,0.2347324639558792,-0.6712913513183594,0.43425843119621277,-0.20892247557640076,-0.303972065448761,0.5530856251716614,-0.15252578258514404,0.44855883717536926,1.5900908708572388,0.1789385974407196,0.5042669773101807,-0.005950547754764557,0.5146828293800354,1.659000039100647,-0.6203671097755432,0.3693034052848816,-0.6004409790039062,0.08005733788013458,0.1941397339105606,-1.0692167282104492,1.10929536819458,-0.00913829356431961,0.14500704407691956,1.9719910621643066,0.02235989458858967,0.8525662422180176,-0.19244347512722015,0.17406457662582397,-0.3139231503009796,0.17559638619422913,-0.3028329908847809,0.056654371321201324,0.4917546212673187,-0.0894111767411232,-0.16975261270999908,-0.7093542218208313,-1.1827741861343384,-0.30341941118240356,1.6941970586776733,2.0867719650268555,-1.812516450881958,-1.6205720901489258,-0.03341853618621826,0.09189890325069427,-0.2637242078781128,0.1072879210114479,0.5590091347694397,0.04707755893468857,-0.2841963469982147,-0.7606996893882751,-0.9996022582054138,-0.6277720928192139,1.7724394798278809,2.051360607147217,-1.9317114353179932,-1.6442474126815796,-1.7916730642318726,-3.2073557376861572,-3.2739362716674805,-2.6582932472229004,5.952324867248535,-1.8751416206359863,-8.547950744628906,-0.5551373958587646,-26.996417999267578,8.701959609985352,7.8364362716674805,-10.740111351013184,34.611305236816406,29.665494918823242
4.464,0.0,0.0,0.0,1.3780591487884521,-0.3072452247142792,0.6041346192359924,-0.11649171262979507,-0.01250365935266018,-0.9931129813194275,0.800000011920929,0.0,0.0,0.0,-0.12075526267290115,0.06560572236776352,-0.28277501463890076,0.12281867861747742,0.5544189214706421,0.04752480983734131,-0.3032500147819519,-0.738914430141449,-1.1148662567138672,-0.45917877554893494,1.807963252067566,2.040320873260498,-1.9593915939331055,-1.7281254529953003,-4.990213394165039,3.539043426513672,-0.4011307656764984,0.10704097896814346,8.27811050415039,-5.703268051147461,10.174715042114258,4.423788070678711,-27.295785903930664,24.355621337890625,-6.313830375671387,9.314460754394531,-8.34334659576416,-37.34440994262695,-0.6203671097755432,0.3693034052848816,-0.6004409790039062,0.08005733788013458,0.1941397339105606,-1.0692167282104492,1.10929536819458,-0.00913829356431961,0.14500704407691956,1.9719910621643066,0.02235989458858967,0.8525662422180176,-0.19244347512722015,0.17406457662582397,1.6380000114440918,-0.11771905422210693,-0.05639070272445679,-0.6150860786437988,0.6834926605224609,0.12341251969337463,-0.4792904257774353,0.4310838282108307,-0.5390398502349854,1.0807011127471924,1.3471068143844604,0.2375377118587494,-0.10951772332191467,-0.008350536227226257,0.4995357096195221,-0.08436588943004608,-0.007816176861524582,-0.3070720434188843,0.31323713064193726,0.47389107942581177,0.14455819129943848,-0.451277494430542,-0.9417933225631714,-0.776401937007904,-0.5685838460922241,1.7847115993499756,1.667794108390808,-1.7347193956375122,-1.4869760274887085,-0.1821223348379135,0.09215988963842392,-0.29413458704948425,0.0990944430232048,0.548343300819397,0.03301488235592842,-0.2592109739780426,-0.7224846482276917,-1.1044975519180298,-0.4312657415866852,1.7772225141525269,2.0447402000427246,-1.9683477878570557,-1.6922169923782349,-5.031307697296143,2.7468416690826416,-0.858493983745575,-1.6735286712646484,3.316925525665283,-5.888793468475342,0.6522141098976135,-0.418841153383255,-16.924358367919922,16.931804656982422,-0.4046541154384613,-1.6625034809112549,1.9982309341430664,14.356048583984375
4.482,0.0,0.0,0.0,-0.3699910640716553,0.0212593711912632,1.4046801328659058,-0.11734325438737869,-0.017602337524294853,-0.9929354190826416,0.800000011920929,0.0,0.0,0.0,-0.20057758688926697,0.08010796457529068,-0.2866663336753845,0.10638358443975449,0.5231754779815674,0.046756040304899216,-0.28790074586868286,-0.727638304233551,-1.0669207572937012,-0.4711986482143402,1.8021174669265747,2.017774820327759,-1.8890458345413208,-1.5581761598587036,2.890223741531372,-2.9733660221099854,3.9931395053863525,5.527678966522217,-9.638204574584961,8.915663719177246,-12.93113899230957,-2.568845272064209,23.661699295043945,-26.12152862548828,10.262943267822266,-8.379981994628906,28.906076431274414,27.744794845581055,-0.11771905422210693,-0.05639070272445679,-0.6150860786437988,0.6834926605224609,0.12341251969337463,-0.4792904257774353,0.4310838282108307,-0.5390398502349854,1.0807011127471924,1.3471068143844604,0.2375377118587494,-0.10951772332191467,-0.008350536227226257,0.4995357096195221,1.61899995803833,-0.25139498710632324,-0.16990019381046295,-0.5654516220092773,0.7329070568084717,0.7926690578460693,-1.2326223850250244,1.0343366861343384,-0.36865854263305664,0.8602020144462585,1.177135705947876,-0.22424495220184326,0.6207281947135925,-0.6195706129074097,-0.09274270385503769,-0.12156432867050171,-0.07723670452833176,-0.2851604223251343,0.361131876707077,0.7732701301574707,-0.1710442453622818,-0.20796620845794678,-0.888365626335144,-0.8349892497062683,-0.6715872883796692,1.5859609842300415,1.9545071125030518,-2.001988649368286,-1.740141749382019,-0.20057758688926697,0.08010796457529068,-0.2866663336753845,0.10638358443975449,0.5231754779815674,0.046756040304899216,-0.28790074586868286,-0.727638304233551,-1.0669207572937012,-0.4711986482143402,1.8021174669265747,2.017774820327759,-1.8890458345413208,-1.5581761598587036,2.890223741531372,-2.9733660221099854,3.9931395053863525,5.527678966522217,-9.638204574584961,8.915663719177246,-12.93113899230957,-2.568845272064209,23.661699295043945,-26.12152862548828,10.262943267822266,-8.379981994628906,28.906076431274414,27.744794845581055
4.505,0.0,0.0,0.0,0.22646798193454742,1.418002963066101,0.5352274775505066,-0.09753291308879852,0.001221674494445324,-0.995231568813324,0.800000011920929,0.0,0.0,0.0,-0.16833198070526123,0.00016809582302812487,-0.2481684535741806,0.17625033855438232,0.5064255595207214,0.0910143330693245,-0.340202271938324,-0.7697156667709351,-1.0577480792999268,-0.5576468706130981,1.8193705081939697,2.0289721488952637,-1.930180311203003,-1.6570205688476562,-0.44115036725997925,-5.855995178222656,0.8679029941558838,7.214620113372803,0.5261968970298767,-6.805210113525391,7.990344047546387,-4.426443576812744,9.582772254943848,20.743793487548828,-7.47134256362915,18.870988845825195,-21.707874298095703,-33.453243255615234,-0.25139498710632324,-0.16990019381046295,-0.5654516220092773,0.7329070568084717,0.7926690578460693,-1.2326223850250244,1.0343366861343384,-0.36865854263305664,0.8602020144462585,1.177135705947876,-0.22424495220184326,0.6207281947135925,-0.6195706129074097,-0.09274270385503769,1.5980000495910645,-0.35311752557754517,-0.10907624661922455,-0.7802582383155823,0.7534738183021545,0.2925444543361664,-0.15813535451889038,0.4867164194583893,0.16259706020355225,1.0727342367172241,1.0379009246826172,-0.20867033302783966,-0.26730799674987793,0.1798897385597229,0.6545257568359375,-0.17105931043624878,-0.0568079799413681,-0.37963226437568665,0.3751763701438904,0.5781520009040833,0.28091466426849365,-0.43006420135498047,-0.6439578533172607,-0.7452085018157959,-0.7445433139801025,1.573094367980957,1.5835620164871216,-1.6689584255218506,-1.429187536239624,-0.15849551558494568,-0.04754313826560974,-0.23081186413764954,0.2316204011440277,0.5377838015556335,0.061269089579582214,-0.30026352405548096,-0.7958900928497314,-0.9937771558761597,-0.5953516364097595,1.7470602989196777,2.017892599105835,-1.9499207735061646,-1.600041389465332,1.3905245065689087,-2.50473690032959,0.6069741249084473,3.3367462158203125,5.8844685554504395,-4.61712646484375,2.6674890518188477,-1.8869545459747314,-3.8498075008392334,0.6847399473190308,-4.024205684661865,-7.936267375946045,-4.791062355041504,18.414684295654297
4.523,0.0,0.0,0.0,0.5379494428634644,0.7894859313964844,0.34681597352027893,-0.04912090301513672,-0.009440086781978607,-0.998748242855072,0.800000011920929,0.0,0.0,0.0,-0.16472205519676208,-0.08152757585048676,-0.25248071551322937,0.24655476212501526,0.5486099720001221,0.03277330473065376,-0.27642402052879333,-0.810608983039856,-0.9903057217597961,-0.6254726052284241,1.7124075889587402,2.018220901489258,-1.957592248916626,-1.6448043584823608,-3.644953489303589,-6.968362808227539,-8.241902351379395,-2.2741503715515137,-2.258328676223755,1.779428243637085,3.7802364826202393,-2.949293613433838,5.143031120300293,-25.068111419677734,-3.925084114074707,-0.12403205037117004,-1.4116166830062866,1.7551403045654297,-0.35311752557754517,-0.10907624661922455,-0.7802582383155823,0.7534738183021545,0.2925444543361664,-0.15813535451889038,0.4867164194583893,0.16259706020355225,1.0727342367172241,1.0379009246826172,-0.20867033302783966,-0.26730799674987793,0.1798897385597229,0.6545257568359375,1.5789999961853027,0.25707733631134033,0.2829001545906067,0.2686993479728699,0.5312517285346985,-0.05927032604813576,-0.448974072933197,0.641109824180603,-0.37126344442367554,1.0909504890441895,0.8578066229820251,0.5262959599494934,0.33648261427879333,-0.3355720341205597,-0.2373131513595581,0.09857887029647827,0.12162426114082336,0.08295147866010666,0.27658092975616455,0.4003235399723053,0.19523312151432037,-0.382796972990036,-0.8597543239593506,-0.7280331254005432,-0.8328812718391418,1.9025424718856812,1.8181732892990112,-1.8676131963729858,-1.799419641494751,-0.16472205519676208,-0.08152757585048676,-0.25248071551322937,0.24655476212501526,0.5486099720001221,0.03277330473065376,-0.27642402052879333,-0.810608983039856,-0.9903057217597961,-0.6254726052284241,1.7124075889587402,2.018220901489258,-1.957592248916626,-1.6448043584823608,-3.644953489303589,-6.968362808227539,-8.241902351379395,-2.2741503715515137,-2.258328676223755,1.779428243637085,3.7802364826202393,-2.949293613433838,5.143031120300293,-25.068111419677734,-3.925084114074707,-0.12403205037117004,-1.4116166830062866,1.7551403045654297
4.5440000000000005,0.0,0.0,0.0,-0.7461854815483093,0.027869198471307755,0.09422606974840164,-0.04221495985984802,-0.007100383751094341,-0.9990833401679993,0.800000011920929,0.0,0.0,0.0,-0.1751236617565155,-0.0681823343038559,-0.2539844512939453,0.24242003262043,0.5199375152587891,0.084922656416893,-0.32346829771995544,-0.756432056427002,-0.9054259657859802,-0.7842379212379456,1.715215802192688,1.9628766775131226,-1.9584479331970215,-1.6990330219268799,2.120239734649658,8.269718170166016,1.5534100532531738,2.983703136444092,-3.2212111949920654,4.371514797210693,-0.9507555365562439,-3.87149977684021,10.031892776489258,-20.442630767822266,10.887740135192871,16.9477596282959,-34.578025817871094,-29.9443302154541,0.25707733631134033,0.2829001545906067,0.2686993479728699,0.5312517285346985,-0.05927032604813576,-0.448974072933197,0.641109824180603,-0.37126344442367554,1.0909504890441895,0.8578066229820251,0.5262959599494934,0.33648261427879333,-0.3355720341205597,-0.2373131513595581,1.5579999685287476,-0.09661717712879181,-0.488489031791687,-0.9265301823616028,0.9057633280754089,0.3439677655696869,-1.0427539348602295,0.2254021167755127,0.6294571757316589,0.7576305866241455,1.3017292022705078,-0.516511857509613,0.17052534222602844,0.085890993475914,-0.10959143936634064,-0.03361984342336655,-0.2076576203107834,-0.4086434245109558,0.4352515935897827,0.5639978051185608,-0.08053595572710037,-0.5651386976242065,-0.4310096800327301,-0.8763095140457153,-0.6419500112533569,1.4662238359451294,1.7669535875320435,-1.6978204250335693,-1.778968095779419,-0.13739514350891113,0.04094856232404709,-0.18715128302574158,0.2492837756872177,0.5215473771095276,0.08082284033298492,-0.34528452157974243,-0.7745433449745178,-0.8617709875106812,-0.7832013964653015,1.7655576467514038,1.9422904253005981,-1.945022702217102,-1.6444734334945679,3.7709124088287354,8.877744674682617,6.3692626953125,0.14773014187812805,0.17328962683677673,4.716359615325928,-0.13146348297595978,0.04099208861589432,4.05952787399292,-15.510303497314453,7.705506801605225,-6.922331809997559,-28.33167266845703,10.170645713806152
4.562,0.0,0.0,0.0,0.025449741631746292,0.6278119087219238,-0.1709466278553009,-0.04837704449892044,0.03444333001971245,-0.9982351064682007,0.800000011920929,0.0,0.0,0.0,-0.1373411864042282,0.07525137811899185,-0.14168237149715424,0.24081361293792725,0.5464990139007568,0.06009366363286972,-0.36424970626831055,-0.7640730142593384,-0.9204790592193604,-0.7105104327201843,1.7557868957519531,1.885335922241211,-1.8076179027557373,-1.6322849988937378,-6.155250549316406,-1.275164246559143,2.145138740539551,-3.6403560638427734,9.6236572265625,-10.256600379943848,-3.1203184127807617,4.651922225952148,-27.11539649963379,29.949501037597656,-6.58429479598999,-15.2158842086792,25.605417251586914,9.29537296295166,-0.09661717712879181,-0.488489031791687,-0.9265301823616028,0.9057633280754089,0.3439677655696869,-1.0427539348602295,0.2254021167755127,0.6294571757316589,0.7576305866241455,1.3017292022705078,-0.516511857509613,0.17052534222602844,0.085890993475914,-0.10959143936634064,1.5390000343322754,-0.6663687229156494,0.636906087398529,-0.893348753452301,0.5550326704978943,-0.25217580795288086,-0.02328987419605255,1.1150572299957275,-0.2471964955329895,0.4275188148021698,1.7453763484954834,0.3504045307636261,0.6798158884048462,-0.2938522398471832,0.31817662715911865,-0.30322790145874023,0.2658419907093048,-0.4428712725639343,0.29328984022140503,0.31210067868232727,0.3506459593772888,-0.18302808701992035,-0.7826293110847473,-1.0396875143051147,-0.4232156574726105,1.8127044439315796,1.991012454032898,-1.8517255783081055,-1.5844272375106812,-0.1373411864042282,0.07525137811899185,-0.14168237149715424,0.24081361293792725,0.5464990139007568,0.06009366363286972,-0.36424970626831055,-0.7640730142593384,-0.9204790592193604,-0.7105104327201843,1.7557868957519531,1.885335922241211,-1.8076179027557373,-1.6322849988937378,-6.155250549316406,-1.275164246559143,2.145138740539551,-3.6403560638427734,9.6236572265625,-10.256600379943848,-3.1203184127807617,4.651922225952148,-27.11539649963379,29.949501037597656,-6.58429479598999,-15.2158842086792,25.605417251586914,9.29537296295166
4.584,0.0,0.0,0.0,5.234715938568115,-0.3039311170578003,-0.768243134021759,-0.03367755562067032,-0.01621318608522415,-0.9993012547492981,0.800000011920929,0.0,0.0,0.0,-0.22607389092445374,-0.03582195192575455,-0.21608324348926544,0.21678026020526886,0.5597322583198547,-0.010308854281902313,-0.40565845370292664,-0.7408657073974609,-0.9837070107460022,-0.6021321415901184,1.7035863399505615,1.8590829372406006,-1.9272921085357666,-1.6098592281341553,-6.347311019897461,-5.3882856369018555,-11.871072769165039,-4.456838607788086,-7.8381733894348145,-4.059231758117676,-1.068406105041504,-8.99854850769043,19.56344223022461,20.965234756469727,6.541999340057373,8.617406845092773,-25.24409294128418,34.141693115234375,-0.6663687229156494,0.636906087398529,-0.893348753452301,0.5550326704978943,-0.25217580795288086,-0.02328987419605255,1.1150572299957275,-0.2471964955329895,0.4275188148021698,1.7453763484954834,0.3504045307636261,0.6798158884048462,-0.2938522398471832,0.31817662715911865,1.5180000066757202,-0.5298807621002197,-0.41933515667915344,-0.12938247621059418,0.915634274482727,0.645710289478302,-1.0481160879135132,0.433433473110199,0.14979961514472961,0.7304503917694092,1.3006463050842285,-0.10732213407754898,-0.11193776875734329,0.013291042298078537,0.8118689060211182,-0.26876914501190186,-0.1621166169643402,-0.10250923782587051,0.4413643777370453,0.690959632396698,-0.06740763783454895,-0.4515477120876312,-0.6391430497169495,-0.9197060465812683,-0.6014707088470459,1.6413754224777222,1.657129168510437,-1.7289015054702759,-1.3428117036819458,-0.2409839779138565,-0.01131807453930378,-0.2763718068599701,0.23056726157665253,0.5310927629470825,0.03503076732158661,-0.3946990668773651,-0.7478761076927185,-1.0053646564483643,-0.6148096323013306,1.7202967405319214,1.9442505836486816,-1.920620322227478,-1.649696946144104,0.5545125603675842,1.3987640142440796,-4.207263946533203,2.947105646133423,-3.167623281478882,0.958706796169281,3.0583794116973877,3.132969379425049,0.39001578092575073,2.6293234825134277,3.6641998291015625,9.39332389831543,-16.236722946166992,-31.736021041870117
4.603,0.0,0.0,0.0,-2.177751064300537,0.2837831974029541,0.42490342259407043,-0.04485493525862694,-0.034394342452287674,-0.9984012246131897,0.800000011920929,0.0,0.0,0.0,-0.2282566875219345,-0.0086447112262249,-0.2804214358329773,0.24924156069755554,0.4797159433364868,0.044261395931243896,-0.3808008134365082,-0.7209551930427551,-0.8901117444038391,-0.6547930836677551,1.684504508972168,1.8808385133743286,-1.7603955268859863,-1.5009857416152954,4.451448440551758,-0.0348421111702919,6.215755462646484,5.543464660644531,-6.573118209838867,3.056431293487549,0.9470595717430115,9.750553131103516,22.579544067382812,-23.00212860107422,-10.961163520812988,-19.877836227416992,27.780351638793945,24.170738220214844,-0.5298807621002197,-0.41933515667915344,-0.12938247621059418,0.915634274482727,0.645710289478302,-1.0481160879135132,0.433433473110199,0.14979961514472961,0.7304503917694092,1.3006463050842285,-0.10732213407754898,-0.11193776875734329,0.013291042298078537,0.8118689060211182,1.4989999532699585,-0.7784589529037476,-0.165297269821167,-0.6591814160346985,0.5609105229377747,0.49205052852630615,-0.9607921242713928,0.14617036283016205,-0.7393030524253845,0.5678001642227173,1.2648433446884155,-0.06731785833835602,0.08756720274686813,-0.48185670375823975,-0.11919660121202469,-0.3771834373474121,-0.09059543907642365,-0.3068825602531433,0.29654616117477417,0.6596986651420593,-0.0699172168970108,-0.6076680421829224,-1.024890661239624,-0.9809005260467529,-0.6354075074195862,1.6422443389892578,1.7135181427001953,-1.9394357204437256,-1.7376296520233154,-0.2282566875219345,-0.0086447112262249,-0.2804214358329773,0.24924156069755554,0.4797159433364868,0.044261395931243896,-0.3808008134365082,-0.7209551930427551,-0.8901117444038391,-0.6547930836677551,1.684504508972168,1.8808385133743286,-1.7603955268859863,-1.5009857416152954,4.451448440551758,-0.0348421111702919,6.215755462646484,5.543464660644531,-6.573118209838867,3.056431293487549,0.9470595717430115,9.750553131103516,22.579544067382812,-23.00212860107422,-10.961163520812988,-19.877836227416992,27.780351638793945,24.170738220214844
4.623,0.0,0.0,0.0,1.1730499267578125,0.1693202555179596,-0.23549231886863708,-0.04076983779668808,0.0021304485853761435,-0.9991663098335266,0.800000011920929,0.0,0.0,0.0,-0.23950470983982086,-0.06675863265991211,-0.24688751995563507,0.3065608739852905,0.5352296829223633,-0.007547446992248297,-0.4111362099647522,-0.661263108253479,-0.9818390607833862,-0.664186418056488,1.7048994302749634,1.8744372129440308,-1.901205062866211,-1.6227253675460815,-9.311349868774414,-5.360891342163086,-6.608745574951172,-3.3891847133636475,6.6407647132873535,-2.637639045715332,-4.947859764099121,-5.669976711273193,-21.197546005249023,-4.080671310424805,6.5894012451171875,14.689406394958496,-15.775442123413086,-25.011371612548828,-0.7784589529037476,-0.165297269821167,-0.6591814160346985,0.5609105229377747,0.49205052852630615,-0.9607921242713928,0.14617036283016205,-0.7393030524253845,0.5678001642227173,1.2648433446884155,-0.06731785833835602,0.08756720274686813,-0.48185670375823975,-0.11919660121202469,1.4789999723434448,0.09791415184736252,0.09909968078136444,-0.08767139911651611,0.6685091853141785,-0.06433622539043427,-0.7601982355117798,0.6267713904380798,0.09213051199913025,1.0858322381973267,1.326886534690857,0.16391731798648834,0.24077965319156647,-0.21457050740718842,-0.05965758115053177,0.006343021988868713,0.035535309463739395,-0.07014038413763046,0.33048373460769653,0.40619856119155884,0.02009907178580761,-0.40700966119766235,-0.6893202662467957,-0.7539055347442627,-0.6108818054199219,1.7463871240615845,1.788102626800537,-1.8402103185653687,-1.7503187656402588,-0.23950470983982086,-0.06675863265991211,-0.24688751995563507,0.3065608739852905,0.5352296829223633,-0.007547446992248297,-0.4111362099647522,-0.661263108253479,-0.9818390607833862,-0.664186418056488,1.7048994302749634,1.8744372129440308,-1.901205062866211,-1.6227253675460815,-9.311349868774414,-5.360891342163086,-6.608745574951172,-3.3891847133636475,6.6407647132873535,-2.637639045715332,-4.947859764099121,-5.669976711273193,-21.197546005249023,-4.080671310424805,6.5894012451171875,14.689406394958496,-15.775442123413086,-25.011371612548828
4.644,0.0,0.0,0.0,-1.7425122261047363,0.8934727907180786,-0.5323120355606079,-0.02462458610534668,0.0030961136799305677,-0.9996919631958008,0.800000011920929,0.0,0.0,0.0,-0.3088661730289459,-0.08327033370733261,-0.2543354630470276,0.2837332487106323,0.5616000294685364,-0.06966348737478256,-0.47541624307632446,-0.7560356259346008,-0.9894789457321167,-0.652074933052063,1.7172995805740356,1.874550700187683,-1.877859354019165,-1.615829586982727,2.420863151550293,2.3872408866882324,0.5578173398971558,0.6444085836410522,2.9492108821868896,-2.5633137226104736,-1.6878859996795654,-4.18718957901001,-3.1291232109069824,2.2884695529937744,5.5827555656433105,-4.729633331298828,-26.21584129333496,11.673274993896484,0.09791415184736252,0.09909968078136444,-0.08767139911651611,0.6685091853141785,-0.06433622539043427,-0.7601982355117798,0.6267713904380798,0.09213051199913025,1.0858322381973267,1.326886534690857,0.16391731798648834,0.24077965319156647,-0.21457050740718842,-0.05965758115053177,1.4579999446868896,0.034195058047771454,-0.6889100074768066,-0.4569821357727051,0.12696191668510437,0.1498091071844101,-0.5436887741088867,0.7498011589050293,-0.15977472066879272,0.5554730892181396,1.345223307609558,-0.18252834677696228,0.893371045589447,-0.44181644916534424,0.015972141176462173,0.016022076830267906,-0.30645596981048584,-0.21265599131584167,0.09018123149871826,0.47721394896507263,0.12652996182441711,-0.33158043026924133,-0.7691205739974976,-0.9698676466941833,-0.6001777052879333,1.6009010076522827,2.0892271995544434,-1.9325482845306396,-1.7175543308258057,-0.25841841101646423,0.007636746857315302,-0.18987609446048737,0.33022889494895935,0.5649703741073608,-0.03046424314379692,-0.4631284475326538,-0.7366785407066345,-0.9270275831222534,-0.6366782784461975,1.7610644102096558,1.8776649236679077,-1.8691825866699219,-1.650681734085083,2.8137640953063965,5.476445198059082,3.6943557262420654,0.9573361873626709,0.96044921875,3.714580774307251,4.939032077789307,4.122931480407715,4.9960737228393555,1.495284914970398,2.6039483547210693,0.42899078130722046,-20.40304946899414,-14.698070526123047
4.663,0.0,0.0,0.0,2.1581997871398926,-0.6834989190101624,-0.4989326596260071,-0.05843536928296089,0.0016591509338468313,-0.9982898235321045,0.800000011920929,0.0,0.0,0.0,-0.2601749002933502,0.010609413497149944,-0.19252319633960724,0.30416974425315857,0.591147243976593,0.0005906829610466957,-0.40714189410209656,-0.7421540021896362,-0.9734988808631897,-0.6303032636642456,1.7312560081481934,1.882417917251587,-1.9010788202285767,-1.6077061891555786,-4.919162273406982,-6.5941162109375,-8.337693214416504,-9.431798934936523,10.942845344543457,6.288460731506348,14.877728462219238,-8.31917667388916,-31.478235244750977,-2.0239126682281494,-7.974004745483398,8.15575122833252,-32.398616790771484,19.603694915771484,0.034195058047771454,-0.6889100074768066,-0.4569821357727051,0.12696191668510437,0.1498091071844101,-0.5436887741088867,0.7498011589050293,-0.15977472066879272,0.5554730892181396,1.345223307609558,-0.18252834677696228,0.893371045589447,-0.44181644916534424,0.015972141176462173,1.4390000104904175,0.05238204449415207,-0.2505110204219818,-0.5443625450134277,0.18591482937335968,0.3765144944190979,-0.6908223628997803,-0.4620293378829956,0.6213704347610474,0.5219277143478394,1.1951069831848145,-0.004331840202212334,0.5796124935150146,0.10642284154891968,0.3695639371871948,0.025174127891659737,-0.14337556064128876,-0.26622873544692993,0.09267979115247726,0.5863328576087952,0.07096292823553085,-0.8693612217903137,-0.4255853295326233,-1.0065592527389526,-0.6666595935821533,1.6665407419204712,1.978148341178894,-1.695074439048767,-1.5551615953445435,-0.2601749002933502,0.010609413497149944,-0.19252319633960724,0.30416974425315857,0.591147243976593,0.0005906829610466957,-0.40714189410209656,-0.7421540021896362,-0.9734988808631897,-0.6303032636642456,1.7312560081481934,1.882417917251587,-1.9010788202285767,-1.6077061891555786,-4.919162273406982,-6.5941162109375,-8.337693214416504,-9.431798934936523,10.942845344543457,6.288460731506348,14.877728462219238,-8.31917667388916,-31.478235244750977,-2.0239126682281494,-7.974004745483398,8.15575122833252,-32.398616790771484,19.603694915771484
4.683,0.0,0.0,0.0,-1.6831519603729248,0.12626412510871887,-0.3631361126899719,-0.061576537787914276,-0.004145652987062931,-0.9980937838554382,0.800000011920929,0.0,0.0,0.0,-0.1693892925977707,-0.08433440327644348,-0.23509304225444794,0.18894997239112854,0.5991078615188599,0.08722412586212158,-0.35404297709465027,-0.7668662667274475,-1.0254225730895996,-0.6720463037490845,1.7134381532669067,1.9018539190292358,-1.8629400730133057,-1.5265491008758545,10.92280101776123,2.499544382095337,2.608747959136963,-4.646670341491699,5.408199310302734,5.1843414306640625,-9.522181510925293,8.520172119140625,-14.977375984191895,-22.396413803100586,9.967425346374512,-22.518285751342773,20.805654525756836,26.842344284057617,0.05238204449415207,-0.2505110204219818,-0.5443625450134277,0.18591482937335968,0.3765144944190979,-0.6908223628997803,-0.4620293378829956,0.6213704347610474,0.5219277143478394,1.1951069831848145,-0.004331840202212334,0.5796124935150146,0.10642284154891968,0.3695639371871948,1.4190000295639038,-1.1287225484848022,-0.0030499580316245556,-0.34143877029418945,0.7344548106193542,-0.043044302612543106,-0.9905334115028381,0.9302864670753479,-0.12580865621566772,0.17312900722026825,1.370055913925171,0.010074391961097717,0.9405456781387329,0.05443407967686653,-0.262895405292511,-0.5054077506065369,-0.01571003720164299,-0.18027031421661377,0.33977264165878296,0.4084433317184448,-0.06946374475955963,-0.2965971827507019,-0.7274624109268188,-1.1671878099441528,-0.5945807695388794,1.679587483406067,2.129460334777832,-1.6947221755981445,-1.8235290050506592,-0.08391182869672775,-0.10108412802219391,-0.2308744639158249,0.18962028622627258,0.5996203422546387,0.07389049232006073,-0.4509929418563843,-0.7009597420692444,-1.0005477666854858,-0.6544670462608337,1.7850631475448608,1.9192793369293213,-1.7992761135101318,-1.6090264320373535,2.8199963569641113,-4.712472915649414,-1.5130113363265991,-1.8729937076568604,2.529367208480835,2.358832597732544,-6.896030426025391,7.211790084838867,-9.494996070861816,-10.93892765045166,2.062262535095215,7.44071102142334,15.941446304321289,-27.767427444458008
4.704,0.0,0.0,0.0,3.66828989982605,0.39844465255737305,0.1233769953250885,-0.055585384368896484,-0.020523276180028915,-0.998242974281311,0.800000011920929,0.0,0.0,0.0,-0.07271824032068253,-0.13776607811450958,-0.24874721467494965,0.1612301766872406,0.5996696949005127,0.07223620265722275,-0.4985452890396118,-0.6518786549568176,-0.9998077154159546,-0.6639472246170044,1.8030574321746826,1.9232670068740845,-1.7993069887161255,-1.6051616668701172,-3.1826977729797363,-6.17452335357666,-2.851382255554199,-3.7970640659332275,-1.6580240726470947,-2.129518747329712,-5.688355445861816,6.921115398406982,6.6017022132873535,7.64286470413208,-1.0712467432022095,8.340822219848633,4.272885322570801,-24.659343719482422,-1.1287225484848022,-0.0030499580316245556,-0.34143877029418945,0.7344548106193542,-0.043044302612543106,-0.9905334115028381,0.9302864670753479,-0.12580865621566772,0.17312900722026825,1.370055913925171,0.010074391961097717,0.9405456781387329,0.05443407967686653,-0.262895405292511,1.3980000019073486,-0.09619814157485962,0.667252242565155,0.014087285846471786,-0.057602401822805405,0.468414306640625,-0.6131640076637268,0.6877970099449158,-0.6221320033073425,0.6431691646575928,1.3746027946472168,0.5010990500450134,-0.17272503674030304,-0.16150477528572083,-0.23426690697669983,-0.0938299372792244,0.2986924946308136,-0.011687753722071648,0.008056186139583588,0.6208107471466064,0.08630981296300888,-0.3484410345554352,-0.9809955954551697,-0.9717326164245605,-0.5853267908096313,1.901853322982788,1.6436197757720947,-1.7918592691421509,-1.8374830484390259,-0.11222270131111145,-0.13068601489067078,-0.25641700625419617,0.21585531532764435,0.579105794429779,0.02770797535777092,-0.4995446503162384,-0.6537233591079712,-1.064390778541565,-0.6258765459060669,1.7772531509399414,2.0745246410369873,-1.7755674123764038,-1.6878606081008911,-6.6945481300354,0.6367766261100769,-1.3840765953063965,3.653637409210205,-6.000587463378906,0.5480647683143616,3.015240430831909,3.0754342079162598,8.9352388381958,-12.42827033996582,-4.726439952850342,10.828740119934082,2.697678327560425,-24.176847457885742
4.723,0.0,0.0,0.0,-1.1527949571609497,0.0889144092798233,0.05464346706867218,-0.04387513920664787,-0.05212151259183884,-0.997676432132721,0.800000011920929,0.0,0.0,0.0,-0.14715810120105743,-0.11596041917800903,-0.2535867989063263,0.23132185637950897,0.5533711910247803,0.013673018664121628,-0.48785102367401123,-0.6366390585899353,-1.0274534225463867,-0.5973771810531616,1.7921775579452515,2.053699254989624,-1.866454005241394,-1.6463478803634644,2.3675503730773926,4.7781572341918945,4.407754898071289,3.0500051975250244,-3.663867473602295,3.651191473007202,-2.4755852222442627,5.26774263381958,19.36625099182129,-2.866732358932495,13.141380310058594,-4.35509729385376,-26.220352172851562,-23.60996437072754,-0.09619814157485962,0.667252242565155,0.014087285846471786,-0.057602401822805405,0.468414306640625,-0.6131640076637268,0.6877970099449158,-0.6221320033073425,0.6431691646575928,1.3746027946472168,0.5010990500450134,-0.17272503674030304,-0.16150477528572083,-0.23426690697669983,1.378999948501587,-0.17032352089881897,-0.3291989266872406,-0.5359535813331604,0.3391609191894531,0.4148046374320984,-1.0177829265594482,0.6460005044937134,-0.5214896202087402,0.4835604727268219,1.377317190170288,-0.3870069980621338,0.1969921737909317,-0.5093212723731995,0.1049279123544693,-0.0860285758972168,-0.11827025562524796,-0.24234788119792938,0.15342803299427032,0.6179232001304626,-0.08019132912158966,-0.3724338412284851,-0.9610598087310791,-1.0240110158920288,-0.5831798911094666,1.5244321823120117,1.7614083290100098,-1.9580903053283691,-1.6862406730651855,-0.1185641959309578,-0.059558480978012085,-0.1809537708759308,0.22967776656150818,0.5731326937675476,0.04134843125939369,-0.48219385743141174,-0.6354019045829773,-1.0229051113128662,-0.6154476404190063,1.8389462232589722,1.9369477033615112,-1.8563579320907593,-1.709618091583252,1.9430274963378906,4.620710372924805,5.051273345947266,-0.7146379351615906,0.1828748881816864,0.8800061345100403,3.8044724464416504,-2.922741651535034,7.565612316131592,1.3914169073104858,4.343307018280029,-0.6034247279167175,-17.933902740478516,-27.472288131713867
4.745,0.0,0.0,0.0,-3.2454521656036377,-0.8216912746429443,-1.3582180738449097,-0.04701685532927513,0.016272248700261116,-0.9987615346908569,0.800000011920929,0.0,0.0,0.0,-0.08487606048583984,-0.02260509692132473,-0.13893821835517883,0.22557297348976135,0.5948710441589355,0.05386201664805412,-0.4540349543094635,-0.6777670979499817,-1.0200870037078857,-0.6158016324043274,1.8413410186767578,1.9154132604599,-1.8005380630493164,-1.6889064311981201,4.374029159545898,4.846088409423828,4.379219055175781,2.6842169761657715,3.3694348335266113,1.922904372215271,4.569614410400391,-3.8469812870025635,-0.06602881848812103,-0.2198190540075302,4.152804851531982,10.880270004272461,-14.829788208007812,-30.67026138305664,-0.17032352089881897,-0.3291989266872406,-0.5359535813331604,0.3391609191894531,0.4148046374320984,-1.0177829265594482,0.6460005044937134,-0.5214896202087402,0.4835604727268219,1.377317190170288,-0.3870069980621338,0.1969921737909317,-0.5093212723731995,0.1049279123544693,1.3589999675750732,-0.5297989249229431,-0.4506185054779053,-0.08289359509944916,0.5505781173706055,0.4759266972541809,-0.3223661780357361,0.4470009505748749,0.27457886934280396,1.0183669328689575,1.2759864330291748,-0.11623180657625198,-0.022978268563747406,0.11974820494651794,0.5883011221885681,-0.24701236188411713,-0.21460534632205963,-0.06153690814971924,0.2631029486656189,0.6451392769813538,0.21609607338905334,-0.46438291668891907,-0.6008355021476746,-0.7885759472846985,-0.6285641193389893,1.6085387468338013,1.6742005348205566,-1.6916322708129883,-1.4535984992980957,-0.08707679808139801,-0.0002685499785002321,-0.13190291821956635,0.24227339029312134,0.6113030314445496,0.06246291846036911,-0.37961938977241516,-0.7554869055747986,-1.0272819995880127,-0.5939961075782776,1.7840205430984497,1.9913229942321777,-1.8800060749053955,-1.6723711490631104,-1.7020162343978882,0.5717464685440063,-1.9366661310195923,-3.3169050216674805,-1.9214887619018555,2.054703950881958,6.716189861297607,-0.33505719900131226,9.452686309814453,-0.5166869759559631,-5.115656852722168,-2.024137496948242,-19.90361213684082,-15.798240661621094
4.764,0.0,0.0,0.0,-1.9923559427261353,-0.09549440443515778,0.44502219557762146,-0.06079481542110443,0.03317536786198616,-0.9975988268852234,0.800000011920929,0.0,0.0,0.0,-0.08537767827510834,0.003750376868993044,-0.12886960804462433,0.23446770012378693,0.6100218296051025,0.09619806706905365,-0.3776390552520752,-0.7688025236129761,-0.9990242123603821,-0.6622271537780762,1.776899814605713,1.9404613971710205,-1.8662346601486206,-1.5675941705703735,2.07285213470459,-1.106460690498352,3.2452757358551025,2.5177793502807617,-3.0338785648345947,11.526324272155762,-9.365328788757324,-0.4934372305870056,7.533092498779297,-28.51828956604004,6.932237148284912,-4.552114486694336,19.165607452392578,13.086193084716797,-0.5297989249229431,-0.4506185054779053,-0.08289359509944916,0.5505781173706055,0.4759266972541809,-0.3223661780357361,0.4470009505748749,0.27457886934280396,1.0183669328689575,1.2759864330291748,-0.11623180657625198,-0.022978268563747406,0.11974820494651794,0.5883011221885681,1.3389999866485596,-0.44589120149612427,-0.5235927700996399,0.170014426112175,0.802780270576477,-0.03907151147723198,-0.8974232077598572,0.7479051947593689,-0.24611181020736694,0.9752994775772095,0.6874868273735046,-0.011661002412438393,0.5111855864524841,-0.15023764967918396,-0.40786466002464294,-0.22535227239131927,-0.25707727670669556,0.07035280019044876,0.3875614106655121,0.4161117374897003,-0.013050835579633713,-0.33817094564437866,-0.7991238832473755,-0.7844128012657166,-0.8979273438453674,1.6640063524246216,1.905853509902954,-1.7864800691604614,-1.8786088228225708,-0.08537767827510834,0.003750376868993044,-0.12886960804462433,0.23446770012378693,0.6100218296051025,0.09619806706905365,-0.3776390552520752,-0.7688025236129761,-0.9990242123603821,-0.6622271537780762,1.776899814605713,1.9404613971710205,-1.8662346601486206,-1.5675941705703735,2.07285213470459,-1.106460690498352,3.2452757358551025,2.5177793502807617,-3.0338785648345947,11.526324272155762,-9.365328788757324,-0.4934372305870056,7.533092498779297,-28.51828956604004,6.932237148284912,-4.552114486694336,19.165607452392578,13.086193084716797
4.783,0.0,0.0,0.0,-0.37822967767715454,-0.047887470573186874,0.6259947419166565,-0.05480460077524185,0.04061657190322876,-0.9976706504821777,0.800000011920929,0.0,0.0,0.0,-0.08740594238042831,-0.0926685482263565,-0.10821542888879776,0.2638711631298065,0.5889574289321899,0.1768064796924591,-0.394891619682312,-0.726173460483551,-0.9172998070716858,-0.7346926331520081,1.7708297967910767,1.954499363899231,-1.9130222797393799,-1.7027945518493652,0.6135028004646301,-5.558940410614014,3.488762617111206,10.439112663269043,-3.20857572555542,6.469542503356934,3.9751968383789062,-4.20439338684082,8.28451919555664,-27.377361297607422,1.2171313762664795,23.016063690185547,-28.860830307006836,-36.118072509765625,-0.44589120149612427,-0.5235927700996399,0.170014426112175,0.802780270576477,-0.03907151147723198,-0.8974232077598572,0.7479051947593689,-0.24611181020736694,0.9752994775772095,0.6874868273735046,-0.011661002412438393,0.5111855864524841,-0.15023764967918396,-0.40786466002464294,1.319000005722046,-0.6366316676139832,0.03142441809177399,-0.4226517081260681,1.0318025350570679,0.08066104352474213,-0.9123637080192566,0.2839031219482422,0.5850409269332886,1.1048475503921509,1.0842344760894775,-0.6836626529693604,0.22034837305545807,0.5839987397193909,0.03721916675567627,-0.3090194761753082,-0.011566739529371262,-0.18315798044204712,0.5030672550201416,0.4470886290073395,-0.042688753455877304,-0.5343506932258606,-0.4449339509010315,-0.7256998419761658,-0.7463272213935852,1.367152452468872,1.7981420755386353,-1.4655585289001465,-1.7208222150802612,-0.08740594238042831,-0.0926685482263565,-0.10821542888879776,0.2638711631298065,0.5889574289321899,0.1768064796924591,-0.394891619682312,-0.726173460483551,-0.9172998070716858,-0.7346926331520081,1.7708297967910767,1.954499363899231,-1.9130222797393799,-1.7027945518493652,0.6135028004646301,-5.558940410614014,3.488762617111206,10.439112663269043,-3.20857572555542,6.469542503356934,3.9751968383789062,-4.20439338684082,8.28451919555664,-27.377361297607422,1.2171313762664795,23.016063690185547,-28.860830307006836,-36.118072509765625
4.804,0.0,0.0,0.0,0.14307722449302673,0.7886994481086731,0.038074370473623276,-0.044758472591638565,0.043664321303367615,-0.9980431199073792,0.800000011920929,0.0,0.0,0.0,-0.08523528277873993,-0.19826819002628326,-0.04232766851782799,0.32839661836624146,0.5587729811668396,0.1129126250743866,-0.35184863209724426,-0.732285737991333,-0.8323949575424194,-0.7279327511787415,1.6642704010009766,1.8955093622207642,-1.7402647733688354,-1.5884368419647217,0.0017861577216535807,-1.6844054460525513,1.6655911207199097,-1.0577576160430908,-4.136509418487549,-12.154342651367188,5.036735534667969,6.485228061676025,8.95669174194336,29.642147064208984,-13.990965843200684,-11.639524459838867,23.536149978637695,6.346713066101074,-0.6366316676139832,0.03142441809177399,-0.4226517081260681,1.0318025350570679,0.08066104352474213,-0.9123637080192566,0.2839031219482422,0.5850409269332886,1.1048475503921509,1.0842344760894775,-0.6836626529693604,0.22034837305545807,0.5839987397193909,0.03721916675567627,1.2990000247955322,-1.01762855052948,0.05213775485754013,-1.1535454988479614,0.6690124869346619,0.22943495213985443,0.10731257498264313,0.5477244257926941,-0.2779958248138428,0.31163808703422546,1.447610855102539,0.26884210109710693,0.17160482704639435,-0.5565293431282043,-0.09497586637735367,-0.48883476853370667,0.022305313497781754,-0.5374112725257874,0.35136234760284424,0.5171346068382263,0.4132017493247986,-0.4352490305900574,-0.7978814244270325,-1.0767728090286255,-0.5676478147506714,1.7660940885543823,1.7654364109039307,-1.9467041492462158,-1.7645312547683716,-0.08523528277873993,-0.19826819002628326,-0.04232766851782799,0.32839661836624146,0.5587729811668396,0.1129126250743866,-0.35184863209724426,-0.732285737991333,-0.8323949575424194,-0.7279327511787415,1.6642704010009766,1.8955093622207642,-1.7402647733688354,-1.5884368419647217,0.0017861577216535807,-1.6844054460525513,1.6655911207199097,-1.0577576160430908,-4.136509418487549,-12.154342651367188,5.036735534667969,6.485228061676025,8.95669174194336,29.642147064208984,-13.990965843200684,-11.639524459838867,23.536149978637695,6.346713066101074
4.823,0.0,0.0,0.0,1.5295149087905884,0.6508967876434326,0.05803286284208298,-0.03568935766816139,0.03810454159975052,-0.9986362457275391,0.800000011920929,0.0,0.0,0.0,-0.1366172432899475,-0.1765424609184265,-0.04977279528975487,0.37734270095825195,0.5522505044937134,0.016124824061989784,-0.36243030428886414,-0.6334401369094849,-0.8539268970489502,-0.6302597522735596,1.5892560482025146,1.8516281843185425,-1.6828744411468506,-1.7063279151916504,-8.682170867919922,1.9630903005599976,-1.6781299114227295,2.9908177852630615,6.271496772766113,-9.551342964172363,-2.839350700378418,2.408759832382202,-29.021270751953125,26.769344329833984,-4.829312801361084,6.50677490234375,15.21368408203125,-35.313209533691406,-1.01762855052948,0.05213775485754013,-1.1535454988479614,0.6690124869346619,0.22943495213985443,0.10731257498264313,0.5477244257926941,-0.2779958248138428,0.31163808703422546,1.447610855102539,0.26884210109710693,0.17160482704639435,-0.5565293431282043,-0.09497586637735367,1.2790000438690186,-0.5759448409080505,0.42508330941200256,-0.4178326725959778,0.6076018214225769,-0.0584789514541626,-0.15562835335731506,0.7515532970428467,-0.7266752123832703,0.9979246258735657,1.4226391315460205,0.04237557202577591,-0.19853456318378448,0.37684324383735657,0.5319676995277405,-0.30805864930152893,0.1935180127620697,-0.2417658269405365,0.30855703353881836,0.39457792043685913,0.3404674232006073,-0.33361586928367615,-1.0350819826126099,-0.803051233291626,-0.5610171556472778,1.7040783166885376,1.5956029891967773,-1.574800968170166,-1.486777663230896,-0.1366172432899475,-0.1765424609184265,-0.04977279528975487,0.37734270095825195,0.5522505044937134,0.016124824061989784,-0.36243030428886414,-0.6334401369094849,-0.8539268970489502,-0.6302597522735596,1.5892560482025146,1.8516281843185425,-1.6828744411468506,-1.7063279151916504,-8.682170867919922,1.9630903005599976,-1.6781299114227295,2.9908177852630615,6.271496772766113,-9.551342964172363,-2.839350700378418,2.408759832382202,-29.021270751953125,26.769344329833984,-4.829312801361084,6.50677490234375,15.21368408203125,-35.313209533691406
4.842,0.0,0.0,0.0,0.2853878140449524,0.4974707365036011,-0.9061739444732666,-0.034601181745529175,-0.020630186423659325,-0.999188244342804,0.800000011920929,0.0,0.0,0.0,-0.30785930156707764,-0.09829927235841751,-0.20386573672294617,0.3142010271549225,0.5680363774299622,0.04798254743218422,-0.3724695146083832,-0.6526711583137512,-0.8980525135993958,-0.622770369052887,1.6413542032241821,1.8317614793777466,-1.7637587785720825,-1.6297121047973633,3.335092067718506,13.228718757629395,1.5436456203460693,-0.21291488409042358,-10.784310340881348,0.8279351592063904,6.194791793823242,-2.32425594329834,27.213848114013672,0.5456861853599548,-15.642434120178223,-4.803343772888184,25.111469268798828,12.99478530883789,-0.5759448409080505,0.42508330941200256,-0.4178326725959778,0.6076018214225769,-0.0584789514541626,-0.15562835335731506,0.7515532970428467,-0.7266752123832703,0.9979246258735657,1.4226391315460205,0.04237557202577591,-0.19853456318378448,0.37684324383735657,0.5319676995277405,1.2589999437332153,-0.5035005807876587,-0.5243436694145203,-0.4063277840614319,0.6044150590896606,0.7800074815750122,-0.7716226577758789,0.34280699491500854,-0.18209773302078247,0.5775489211082458,1.5447394847869873,0.06330396234989166,-0.15403275191783905,-0.2163763791322708,0.4609532654285431,-0.2573811113834381,-0.2166028469800949,-0.20702408254146576,0.30284249782562256,0.759641170501709,0.055996544659137726,-0.5073884129524231,-0.8137421011924744,-0.9648480415344238,-0.5054089426994324,1.7072944641113281,1.598645567893982,-1.804559350013733,-1.4909586906433105,-0.30785930156707764,-0.09829927235841751,-0.20386573672294617,0.3142010271549225,0.5680363774299622,0.04798254743218422,-0.3724695146083832,-0.6526711583137512,-0.8980525135993958,-0.622770369052887,1.6413542032241821,1.8317614793777466,-1.7637587785720825,-1.6297121047973633,3.335092067718506,13.228718757629395,1.5436456203460693,-0.21291488409042358,-10.784310340881348,0.8279351592063904,6.194791793823242,-2.32425594329834,27.213848114013672,0.5456861853599548,-15.642434120178223,-4.803343772888184,25.111469268798828,12.99478530883789
4.8629999999999995,0.0,0.0,0.0,-3.2576098442077637,0.42711445689201355,-0.8847287893295288,-0.01812056638300419,0.006674493663012981,-0.9998135566711426,0.800000011920929,0.0,0.0,0.0,-0.26660677790641785,0.031758468598127365,-0.23290681838989258,0.3148365020751953,0.5335898995399475,0.05536414310336113,-0.3679157793521881,-0.7294745445251465,-0.9292659759521484,-0.5984635949134827,1.664697527885437,1.7969859838485718,-1.828061580657959,-1.5625190734863281,5.470463275909424,4.46871280670166,0.8328423500061035,2.646266222000122,8.922955513000488,-10.312700271606445,-3.815195083618164,2.5641591548919678,-25.701704025268555,20.82710838317871,12.12923812866211,-3.7454802989959717,-31.415363311767578,-2.8007683753967285,-0.5035005807876587,-0.5243436694145203,-0.4063277840614319,0.6044150590896606,0.7800074815750122,-0.7716226577758789,0.34280699491500854,-0.18209773302078247,0.5775489211082458,1.5447394847869873,0.06330396234989166,-0.15403275191783905,-0.2163763791322708,0.4609532654285431,1.2389999628067017,-0.22165058553218842,-0.5901765823364258,-0.9800175428390503,0.5293090343475342,-0.070679672062397,-0.32286006212234497,1.4189754724502563,-0.4511658549308777,0.48852789402008057,1.2896145582199097,-0.06728605180978775,0.09604346752166748,-0.2247321754693985,0.6596223711967468,-0.12548087537288666,-0.28723976016044617,-0.4617103040218353,0.2684732973575592,0.4133382737636566,0.22949261963367462,-0.04048985242843628,-0.9126888513565063,-1.0210872888565063,-0.6146543025970459,1.648850679397583,1.7114839553833008,-1.831295371055603,-1.4019757509231567,-0.26660677790641785,0.031758468598127365,-0.23290681838989258,0.3148365020751953,0.5335898995399475,0.05536414310336113,-0.3679157793521881,-0.7294745445251465,-0.9292659759521484,-0.5984635949134827,1.664697527885437,1.7969859838485718,-1.828061580657959,-1.5625190734863281,5.470463275909424,4.46871280670166,0.8328423500061035,2.646266222000122,8.922955513000488,-10.312700271606445,-3.815195083618164,2.5641591548919678,-25.701704025268555,20.82710838317871,12.12923812866211,-3.7454802989959717,-31.415363311767578,-2.8007683753967285
4.885,0.0,0.0,0.0,0.8510967493057251,1.000012755393982,-0.6323813796043396,0.003743675071746111,-0.009851481765508652,-0.9999444484710693,0.800000011920929,0.0,0.0,0.0,-0.2626556158065796,-0.05226412042975426,-0.24968461692333221,0.3000766634941101,0.5851265788078308,0.027260275557637215,-0.4060814380645752,-0.7609219551086426,-0.9797802567481995,-0.6314067840576172,1.650639533996582,1.7783894538879395,-1.8060461282730103,-1.5206630229949951,-1.6466186046600342,-13.687578201293945,-7.432762622833252,-4.102021217346191,0.4816841781139374,7.2839860916137695,6.530457496643066,-11.42296314239502,-8.515480041503906,-24.082992553710938,-8.2150239944458,15.057661056518555,-26.739992141723633,-0.20382611453533173,-0.22165058553218842,-0.5901765823364258,-0.9800175428390503,0.5293090343475342,-0.070679672062397,-0.32286006212234497,1.4189754724502563,-0.4511658549308777,0.48852789402008057,1.2896145582199097,-0.06728605180978775,0.09604346752166748,-0.2247321754693985,0.6596223711967468,1.218000054359436,-0.621628999710083,0.1002727597951889,0.01965649053454399,0.8678276538848877,-0.11402176320552826,-0.7131152749061584,0.22243532538414001,0.907102644443512,1.0102391242980957,1.0449436902999878,-0.17133410274982452,0.4062081277370453,0.24561841785907745,0.11288561671972275,-0.2922811210155487,0.01639876328408718,-0.03732561320066452,0.4173697531223297,0.3592040240764618,0.07122738659381866,-0.5322430729866028,-0.3113626539707184,-0.7919411063194275,-0.7356807589530945,1.5961847305297852,1.8623420000076294,-1.6223112344741821,-1.6391088962554932,-0.22049321234226227,-0.1546422690153122,-0.30809199810028076,0.26313209533691406,0.5572883486747742,0.047800108790397644,-0.3559800386428833,-0.8222577571868896,-0.9832524657249451,-0.6127138137817383,1.5834941864013672,1.8061213493347168,-1.8342386484146118,-1.5144615173339844,6.41417121887207,-4.107461452484131,-3.6852803230285645,-0.09998244047164917,-0.3336051106452942,6.350828647613525,3.440232276916504,-0.035531725734472275,-5.7843427658081055,-10.966431617736816,4.192141056060791,2.730393171310425,-25.0362491607666,-26.08153533935547
4.907,0.0,0.0,0.0,-1.009921669960022,0.5320774912834167,0.017386674880981445,0.008365634828805923,-0.00436036754399538,-0.9999554753303528,0.800000011920929,0.0,0.0,0.0,-0.17962265014648438,-0.1780214160680771,-0.31927356123924255,0.25867214798927307,0.5258349776268005,0.09150739014148712,-0.31921592354774475,-0.8204654455184937,-0.9224900007247925,-0.7118263840675354,1.5437588691711426,1.7680480480194092,-1.7460826635360718,-1.472633957862854,3.398097038269043,0.25546029210090637,3.2164862155914307,1.6530848741531372,-7.0866923332214355,7.251347541809082,7.603703022003174,5.122071266174316,21.975488662719727,-27.433635711669922,-14.524147987365723,-0.1423361450433731,28.97816276550293,-16.615550994873047,-0.621628999710083,0.1002727597951889,0.01965649053454399,0.8678276538848877,-0.11402176320552826,-0.7131152749061584,0.22243532538414001,0.907102644443512,1.0102391242980957,1.0449436902999878,-0.17133410274982452,0.4062081277370453,0.24561841785907745,0.11288561671972275,1.1950000524520874,-0.7394444942474365,0.17626813054084778,-0.5946961641311646,0.5486074686050415,0.3707926273345947,-0.6580817103385925,-0.2409164309501648,-0.5280354619026184,0.8182498812675476,1.1906384229660034,-0.11884787678718567,0.009821406565606594,-0.29260343313217163,0.07685154676437378,-0.361978143453598,0.08096052706241608,-0.2713458240032196,0.2886103391647339,0.5719570517539978,0.08016596734523773,-0.7899267077445984,-0.8970421552658081,-0.8554216623306274,-0.6822208166122437,1.6145368814468384,1.6990538835525513,-1.843612551689148,-1.6790375709533691,-0.1365114152431488,-0.12593278288841248,-0.2640901505947113,0.3422163426876068,0.5369507670402527,0.09191922843456268,-0.3198442757129669,-0.7416171431541443,-0.8995281457901001,-0.694843590259552,1.5691399574279785,1.8059117794036865,-1.7050360441207886,-1.621655821800232,1.9056974649429321,2.597679853439331,4.771241664886475,5.145254611968994,0.29228484630584717,4.338840961456299,-2.359447479248047,10.741683006286621,2.712564706802368,-13.917025566101074,0.6211956143379211,3.0839297771453857,19.736961364746094,-24.270172119140625
4.922,0.0,0.0,0.0,-0.4200100898742676,-0.6748904585838318,0.9038411974906921,0.0014287271769717336,0.050799086689949036,-0.9987078905105591,0.800000011920929,0.0,0.0,0.0,-0.1279183030128479,-0.11046510189771652,-0.23828040063381195,0.3663100004196167,0.5345348119735718,0.09825942665338516,-0.33450180292129517,-0.6671392321586609,-0.8661919832229614,-0.7061554789543152,1.5953304767608643,1.7981853485107422,-1.735060453414917,-1.614166259765625,-0.3048243224620819,0.3097095787525177,3.553595781326294,3.1324973106384277,-1.0268161296844482,-1.964235782623291,-2.6355600357055664,9.738249778747559,5.054102897644043,8.89142894744873,-2.5878560543060303,7.134199142456055,24.993989944458008,-24.766538619995117,-0.7394444942474365,0.17626813054084778,-0.5946961641311646,0.5486074686050415,0.3707926273345947,-0.6580817103385925,-0.2409164309501648,-0.5280354619026184,0.8182498812675476,1.1906384229660034,-0.11884787678718567,0.009821406565606594,-0.29260343313217163,0.07685154676437378,1.1790000200271606,-0.36167019605636597,0.6925298571586609,-0.06110565364360809,-0.054720040410757065,0.5463646650314331,-0.013713210821151733,0.3999934196472168,-0.6754748225212097,0.7556516528129578,1.2827494144439697,-0.06654263287782669,-0.25844651460647583,0.27433547377586365,0.04820501431822777,-0.19894939661026,0.31973445415496826,-0.05463212728500366,0.004237016662955284,0.6722397804260254,0.37102562189102173,-0.5272855758666992,-1.0219578742980957,-0.8899388313293457,-0.6354248523712158,1.6399095058441162,1.5620044469833374,-1.6106202602386475,-1.695921540260315,-0.1279183030128479,-0.11046510189771652,-0.23828040063381195,0.3663100004196167,0.5345348119735718,0.09825942665338516,-0.33450180292129517,-0.6671392321586609,-0.8661919832229614,-0.7061554789543152,1.5953304767608643,1.7981853485107422,-1.735060453414917,-1.614166259765625,-0.3048243224620819,0.3097095787525177,3.553595781326294,3.1324973106384277,-1.0268161296844482,-1.964235782623291,-2.6355600357055664,9.738249778747559,5.054102897644043,8.89142894744873,-2.5878560543060303,7.134199142456055,24.993989944458008,-24.766538619995117
4.944,0.0,0.0,0.0,-0.12466240674257278,0.38035067915916443,-0.5713043212890625,-0.0015250304713845253,0.050371184945106506,-0.998729407787323,0.800000011920929,0.0,0.0,0.0,-0.2174968421459198,-0.03436731919646263,-0.2629752457141876,0.31219834089279175,0.616235077381134,0.07380261272192001,-0.4500231444835663,-0.62784743309021,-0.976872444152832,-0.6155930161476135,1.6634923219680786,1.7550784349441528,-1.7769023180007935,-1.6271318197250366,3.333118438720703,13.187527656555176,7.091480731964111,-0.49326902627944946,11.429883003234863,-1.1518349647521973,-2.600085973739624,1.1710753440856934,-24.69603729248047,14.54495906829834,-7.079288959503174,-4.960068702697754,25.96498680114746,-28.19829559326172,-0.36167019605636597,0.6925298571586609,-0.06110565364360809,-0.054720040410757065,0.5463646650314331,-0.013713210821151733,0.3999934196472168,-0.6754748225212097,0.7556516528129578,1.2827494144439697,-0.06654263287782669,-0.25844651460647583,0.27433547377586365,0.04820501431822777,1.1579999923706055,-0.754867434501648,0.1521283984184265,-0.07275432348251343,0.39512792229652405,0.021834637969732285,0.04424620792269707,0.9572266340255737,-0.1553632616996765,0.7064483761787415,1.3669118881225586,0.22029247879981995,-0.27909091114997864,0.42618656158447266,0.6993972063064575,-0.3595852553844452,0.10043121874332428,-0.03820265829563141,0.17823125422000885,0.4462295174598694,0.42619332671165466,-0.25026655197143555,-0.8003992438316345,-0.9155321717262268,-0.592872142791748,1.7715226411819458,1.53900945186615,-1.518988013267517,-1.4045734405517578,-0.19998079538345337,0.05015861988067627,-0.25213029980659485,0.282388299703598,0.6447935700416565,0.1246546134352684,-0.48296061158180237,-0.6830685138702393,-0.91825932264328,-0.6861273646354675,1.690600872039795,1.7235697507858276,-1.747975468635559,-1.6323877573013306,-0.9632326364517212,0.34855183959007263,-0.34358006715774536,-0.5783218741416931,5.935797214508057,1.935837984085083,-2.9497716426849365,-6.15139102935791,-12.541655540466309,-2.2669780254364014,1.6641833782196045,9.388802528381348,7.408638954162598,-20.424074172973633
4.963,0.0,0.0,0.0,-2.351181745529175,-0.23406752943992615,0.5086808800697327,0.002041516825556755,0.07355990260839462,-0.997288703918457,0.800000011920929,0.0,0.0,0.0,-0.2100420892238617,0.05720742419362068,-0.2525867819786072,0.25719359517097473,0.6636391282081604,0.1368846893310547,-0.4951309263706207,-0.7203794717788696,-0.9148516654968262,-0.6973744034767151,1.7039575576782227,1.702001690864563,-1.7132436037063599,-1.6201233863830566,-5.188241958618164,-0.3485555946826935,-1.0061761140823364,-4.680624008178711,-0.4858233630657196,2.0802342891693115,0.12610521912574768,-3.3188083171844482,11.770408630371094,-1.6910847425460815,0.5778526663780212,0.35430535674095154,2.7058022022247314,-19.11078453063965,-0.754867434501648,0.1521283984184265,-0.07275432348251343,0.39512792229652405,0.021834637969732285,0.04424620792269707,0.9572266340255737,-0.1553632616996765,0.7064483761787415,1.3669118881225586,0.22029247879981995,-0.27909091114997864,0.42618656158447266,0.6993972063064575,1.1380000114440918,0.11885805428028107,0.35023486614227295,0.8487166166305542,-0.17411446571350098,0.253789484500885,-0.2971118688583374,1.1246052980422974,-0.6029490232467651,1.0207551717758179,1.2921544313430786,0.27745670080184937,-0.08173773437738419,0.35379815101623535,0.591704785823822,0.01752759888768196,0.1676488220691681,0.37810218334198,-0.06052837893366814,0.5280081629753113,0.278099000453949,-0.14724424481391907,-0.9796569347381592,-0.7766533493995667,-0.6222577095031738,1.8104077577590942,1.6255189180374146,-1.5423996448516846,-1.4239001274108887,-0.2100420892238617,0.05720742419362068,-0.2525867819786072,0.25719359517097473,0.6636391282081604,0.1368846893310547,-0.4951309263706207,-0.7203794717788696,-0.9148516654968262,-0.6973744034767151,1.7039575576782227,1.702001690864563,-1.7132436037063599,-1.6201233863830566,-5.188241958618164,-0.3485555946826935,-1.0061761140823364,-4.680624008178711,-0.4858233630657196,2.0802342891693115,0.12610521912574768,-3.3188083171844482,11.770408630371094,-1.6910847425460815,0.5778526663780212,0.35430535674095154,2.7058022022247314,-19.11078453063965
4.983,0.0,0.0,0.0,-2.166661262512207,-1.0170984268188477,-0.5037183165550232,0.0006305547431111336,0.08918360620737076,-0.9960150122642517,0.800000011920929,0.0,0.0,0.0,-0.2199811041355133,0.09109542518854141,-0.20724637806415558,0.2790275812149048,0.6524056196212769,0.19469891488552094,-0.4678955674171448,-0.7694715261459351,-0.8787035346031189,-0.6653321981430054,1.7240427732467651,1.7325388193130493,-1.7046916484832764,-1.620213508605957,2.895798444747925,6.4402971267700195,3.324343681335449,2.4539413452148438,-0.9154890179634094,1.8711789846420288,5.583706855773926,-8.406848907470703,7.229275703430176,-0.5509716272354126,3.9040606021881104,18.13788604736328,-14.652420997619629,-17.747535705566406,0.11885805428028107,0.35023486614227295,0.8487166166305542,-0.17411446571350098,0.253789484500885,-0.2971118688583374,1.1246052980422974,-0.6029490232467651,1.0207551717758179,1.2921544313430786,0.27745670080184937,-0.08173773437738419,0.35379815101623535,0.591704785823822,1.11899995803833,-0.27873295545578003,-0.42836424708366394,-0.07618382573127747,0.3390886187553406,0.6149856448173523,-0.2912678122520447,0.6401124000549316,0.5740300416946411,0.9462890028953552,1.3460097312927246,-0.22165684401988983,-0.03311505913734436,0.2859311103820801,0.7115016579627991,-0.12367706745862961,-0.17599903047084808,0.0035274960100650787,0.14653703570365906,0.6987243890762329,0.26591938734054565,-0.3549638092517853,-0.46794211864471436,-0.79627525806427,-0.6009613871574402,1.5896952152252197,1.6560499668121338,-1.5752809047698975,-1.3719242811203003,-0.2199811041355133,0.09109542518854141,-0.20724637806415558,0.2790275812149048,0.6524056196212769,0.19469891488552094,-0.4678955674171448,-0.7694715261459351,-0.8787035346031189,-0.6653321981430054,1.7240427732467651,1.7325388193130493,-1.7046916484832764,-1.620213508605957,2.895798444747925,6.4402971267700195,3.324343681335449,2.4539413452148438,-0.9154890179634094,1.8711789846420288,5.583706855773926,-8.406848907470703,7.229275703430176,-0.5509716272354126,3.9040606021881104,18.13788604736328,-14.652420997619629,-17.747535705566406
5.003,0.0,0.0,0.0,-0.5388584136962891,-0.4144788384437561,0.7097660899162292,-0.027538184076547623,0.14693613350391388,-0.9887625575065613,0.800000011920929,0.0,0.0,0.0,-0.17842771112918854,0.17521192133426666,-0.06143362820148468,0.20183400809764862,0.6943709850311279,0.21531198918819427,-0.3431521952152252,-0.8256485462188721,-0.8607212901115417,-0.6203040480613708,1.6996678113937378,1.692986011505127,-1.6600921154022217,-1.516975998878479,-7.241032600402832,-4.29681396484375,2.878377914428711,-7.260344505310059,9.68521785736084,-1.6013866662979126,6.607298374176025,-2.1377077102661133,-17.38800621032715,11.636038780212402,-1.1456762552261353,-4.034132957458496,-23.728313446044922,19.51875114440918,-0.27873295545578003,-0.42836424708366394,-0.07618382573127747,0.3390886187553406,0.6149856448173523,-0.2912678122520447,0.6401124000549316,0.5740300416946411,0.9462890028953552,1.3460097312927246,-0.22165684401988983,-0.03311505913734436,0.2859311103820801,0.7115016579627991,1.0989999771118164,0.38584351539611816,-0.18673370778560638,-0.5103597044944763,0.40394195914268494,-0.21038010716438293,-0.15215948224067688,0.5461909174919128,0.15212014317512512,0.6629400849342346,1.0067338943481445,-0.34146934747695923,0.7262449264526367,0.29816848039627075,0.4390079975128174,0.16126187145709991,-0.1016300693154335,-0.2293091118335724,0.19642756879329681,0.3443813920021057,0.32730016112327576,-0.4180004298686981,-0.6066301465034485,-0.9257444739341736,-0.7515058517456055,1.5137083530426025,2.0008153915405273,-1.5730621814727783,-1.4893488883972168,-0.17842771112918854,0.17521192133426666,-0.06143362820148468,0.20183400809764862,0.6943709850311279,0.21531198918819427,-0.3431521952152252,-0.8256485462188721,-0.8607212901115417,-0.6203040480613708,1.6996678113937378,1.692986011505127,-1.6600921154022217,-1.516975998878479,-7.241032600402832,-4.29681396484375,2.878377914428711,-7.260344505310059,9.68521785736084,-1.6013866662979126,6.607298374176025,-2.1377077102661133,-17.38800621032715,11.636038780212402,-1.1456762552261353,-4.034132957458496,-23.728313446044922,19.51875114440918
5.022,0.0,0.0,0.0,-1.6512943506240845,-0.015452156774699688,1.0446001291275024,-0.030054185539484024,0.15919886529445648,-0.9867889881134033,0.800000011920929,0.0,0.0,0.0,-0.19761167466640472,0.06226038560271263,0.03127908706665039,0.1484544277191162,0.7344123721122742,0.26066672801971436,-0.31459400057792664,-0.7727570533752441,-0.9000202417373657,-0.6909016370773315,1.649415373802185,1.7200616598129272,-1.5764853954315186,-1.65879225730896,7.924008369445801,-1.6626253128051758,5.848342418670654,7.616225719451904,2.010596990585327,9.753945350646973,-0.9586480259895325,-4.057022571563721,-24.847183227539062,-27.15269660949707,-5.501951694488525,23.239391326904297,12.023152351379395,-35.64228439331055,0.38584351539611816,-0.18673370778560638,-0.5103597044944763,0.40394195914268494,-0.21038010716438293,-0.15215948224067688,0.5461909174919128,0.15212014317512512,0.6629400849342346,1.0067338943481445,-0.34146934747695923,0.7262449264526367,0.29816848039627075,0.4390079975128174,1.0789999961853027,-1.3046714067459106,0.2486749291419983,-0.1838368922472,1.4364136457443237,-0.037578780204057693,-0.6378161311149597,0.6283074021339417,0.6079604029655457,0.9218349456787109,0.8550712466239929,-0.547186017036438,0.23724910616874695,0.49864330887794495,0.258154034614563,-0.5709758996963501,0.10174070298671722,-0.10565751045942307,0.6660289168357849,0.38670769333839417,0.11489275097846985,-0.3873516917228699,-0.41537079215049744,-0.8221887350082397,-0.8348085284233093,1.4135371446609497,1.8152436017990112,-1.4826266765594482,-1.5824755430221558,-0.19761167466640472,0.06226038560271263,0.03127908706665039,0.1484544277191162,0.7344123721122742,0.26066672801971436,-0.31459400057792664,-0.7727570533752441,-0.9000202417373657,-0.6909016370773315,1.649415373802185,1.7200616598129272,-1.5764853954315186,-1.65879225730896,7.924008369445801,-1.6626253128051758,5.848342418670654,7.616225719451904,2.010596990585327,9.753945350646973,-0.9586480259895325,-4.057022571563721,-24.847183227539062,-27.15269660949707,-5.501951694488525,23.239391326904297,12.023152351379395,-35.64228439331055
5.043,0.0,0.0,0.0,-2.070587158203125,0.6501450538635254,0.8068063855171204,-0.02789848856627941,0.1664336621761322,-0.9856579303741455,0.800000011920929,0.0,0.0,0.0,-0.1847454309463501,0.0008466154104098678,0.04080771282315254,0.17508774995803833,0.7158478498458862,0.3111444115638733,-0.30825385451316833,-0.7294679284095764,-0.8344500660896301,-0.7807950973510742,1.637313723564148,1.793893575668335,-1.5453695058822632,-1.6740270853042603,2.8248023986816406,2.9424867630004883,4.5315399169921875,5.451692581176758,-2.788374900817871,4.333540916442871,-0.5366311073303223,15.250003814697266,6.804412841796875,-24.160316467285156,-5.6403913497924805,-5.445898056030273,10.692113876342773,-33.931251525878906,-1.3046714067459106,0.2486749291419983,-0.1838368922472,1.4364136457443237,-0.037578780204057693,-0.6378161311149597,0.6283074021339417,0.6079604029655457,0.9218349456787109,0.8550712466239929,-0.547186017036438,0.23724910616874695,0.49864330887794495,0.258154034614563,1.059000015258789,-0.4444097876548767,0.5787203311920166,-0.2781844735145569,0.5283558964729309,0.19472052156925201,-0.2873256802558899,0.5223339796066284,-1.1113431453704834,1.0024229288101196,1.143312931060791,-0.10073316842317581,-0.1535671204328537,0.4334094226360321,-0.006012493744492531,-0.2570819854736328,0.2705982029438019,-0.13574877381324768,0.30436304211616516,0.49547499418258667,0.25137272477149963,-0.431974858045578,-1.169931411743164,-0.7755685448646545,-0.7134299874305725,1.6044237613677979,1.6208192110061646,-1.5029382705688477,-1.710663080215454,-0.20504243671894073,0.009098319336771965,0.04790502041578293,0.24853721261024475,0.7095457315444946,0.2748153507709503,-0.30008411407470703,-0.6362668871879578,-0.8143578767776489,-0.7734810709953308,1.6018093824386597,1.7594352960586548,-1.5129194259643555,-1.6419986486434937,-6.414274215698242,-0.8821796178817749,-0.1797560155391693,6.760882377624512,-1.6028413772583008,-0.044870298355817795,0.5267077088356018,3.7220301628112793,0.40179044008255005,-12.548052787780762,-4.939002990722656,-1.920699119567871,7.435011386871338,26.213146209716797
5.063,0.0,0.0,0.0,1.6449213027954102,0.9470792412757874,-0.6644686460494995,-0.010467201471328735,0.16170601546764374,-0.9867834448814392,0.800000011920929,0.0,0.0,0.0,-0.24737463891506195,0.019437793642282486,0.03629479184746742,0.3076058626174927,0.6904267072677612,0.2533141076564789,-0.3153825104236603,-0.5899462699890137,-0.7751476764678955,-0.7530075311660767,1.6281955242156982,1.7837883234024048,-1.5825103521347046,-1.7258188724517822,-1.0371763706207275,5.6179304122924805,-3.4873664379119873,5.627466678619385,-2.051509141921997,-5.082921981811523,-6.8707733154296875,6.834793567657471,12.457026481628418,21.646209716796875,16.406770706176758,0.23466795682907104,-21.917619705200195,-28.517179489135742,-0.4444097876548767,0.5787203311920166,-0.2781844735145569,0.5283558964729309,0.19472052156925201,-0.2873256802558899,0.5223339796066284,-1.1113431453704834,1.0024229288101196,1.143312931060791,-0.10073316842317581,-0.1535671204328537,0.4334094226360321,-0.006012493744492531,1.0390000343322754,-0.4138733148574829,-0.8772462010383606,-0.42355895042419434,0.8171421885490417,0.25314566493034363,-0.9024136662483215,1.3521990776062012,-0.5800918936729431,0.4738480746746063,1.5167734622955322,-0.22104674577713013,-0.8132222890853882,-0.262503445148468,0.7630891799926758,-0.21195118129253387,-0.3677009642124176,-0.2041764110326767,0.3981502950191498,0.5326430797576904,-0.011768875643610954,-0.06299787759780884,-1.0063245296478271,-1.0087652206420898,-0.5332349538803101,1.5693713426589966,1.3045319318771362,-1.8181302547454834,-1.3773860931396484,-0.24737463891506195,0.019437793642282486,0.03629479184746742,0.3076058626174927,0.6904267072677612,0.2533141076564789,-0.3153825104236603,-0.5899462699890137,-0.7751476764678955,-0.7530075311660767,1.6281955242156982,1.7837883234024048,-1.5825103521347046,-1.7258188724517822,-1.0371763706207275,5.6179304122924805,-3.4873664379119873,5.627466678619385,-2.051509141921997,-5.082921981811523,-6.8707733154296875,6.834793567657471,12.457026481628418,21.646209716796875,16.406770706176758,0.23466795682907104,-21.917619705200195,-28.517179489135742
