timestamp_s,obs_0: base_lin_vel_x,obs_1: base_lin_vel_y,obs_2: base_lin_vel_z,obs_3: base_ang_vel_x,obs_4: base_ang_vel_y,obs_5: base_ang_vel_z,obs_6: projected_gravity_x,obs_7: projected_gravity_y,obs_8: projected_gravity_z,obs_9: pose_commands_cmd_0,obs_10: pose_commands_cmd_1,obs_11: pose_commands_cmd_2,obs_12: pose_commands_cmd_3,obs_13: joint_pos_FL_HAA,obs_14: joint_pos_FR_HAA,obs_15: joint_pos_HL_HAA,obs_16: joint_pos_HR_HAA,obs_17: joint_pos_FL_HFE,obs_18: joint_pos_FR_HFE,obs_19: joint_pos_HL_HFE,obs_20: joint_pos_HR_HFE,obs_21: joint_pos_FL_KFE,obs_22: joint_pos_FR_KFE,obs_23: joint_pos_HL_KFE,obs_24: joint_pos_HR_KFE,obs_25: joint_pos_HL_AFE,obs_26: joint_pos_HR_AFE,obs_27: joint_vel_FL_HAA,obs_28: joint_vel_FR_HAA,obs_29: joint_vel_HL_HAA,obs_30: joint_vel_HR_HAA,obs_31: joint_vel_FL_HFE,obs_32: joint_vel_FR_HFE,obs_33: joint_vel_HL_HFE,obs_34: joint_vel_HR_HFE,obs_35: joint_vel_FL_KFE,obs_36: joint_vel_FR_KFE,obs_37: joint_vel_HL_KFE,obs_38: joint_vel_HR_KFE,obs_39: joint_vel_HL_AFE,obs_40: joint_vel_HR_AFE,obs_41: actions_FL_HAA,obs_42: actions_FR_HAA,obs_43: actions_HL_HAA,obs_44: actions_HR_HAA,obs_45: actions_FL_HFE,obs_46: actions_FR_HFE,obs_47: actions_HL_HFE,obs_48: actions_HR_HFE,obs_49: actions_FL_KFE,obs_50: actions_FR_KFE,obs_51: actions_HL_KFE,obs_52: actions_HR_KFE,obs_53: actions_HL_AFE,obs_54: actions_HR_AFE,obs_55: time_remaining_s_time,action_IA_FL_HAA,action_IA_FR_HAA,action_IA_HL_HAA,action_IA_HR_HAA,action_IA_FL_HFE,action_IA_FR_HFE,action_IA_HL_HFE,action_IA_HR_HFE,action_IA_FL_KFE,action_IA_FR_KFE,action_IA_HL_KFE,action_IA_HR_KFE,action_IA_HL_AFE,action_IA_HR_AFE,target_envoyee_FL_HAA,target_envoyee_FR_HAA,target_envoyee_HL_HAA,target_envoyee_HR_HAA,target_envoyee_FL_HFE,target_envoyee_FR_HFE,target_envoyee_HL_HFE,target_envoyee_HR_HFE,target_envoyee_FL_KFE,target_envoyee_FR_KFE,target_envoyee_HL_KFE,target_envoyee_HR_KFE,target_envoyee_HL_AFE,target_envoyee_HR_AFE,position_reelle_FL_HAA,position_reelle_FR_HAA,position_reelle_HL_HAA,position_reelle_HR_HAA,position_reelle_FL_HFE,position_reelle_FR_HFE,position_reelle_HL_HFE,position_reelle_HR_HFE,position_reelle_FL_KFE,position_reelle_FR_KFE,position_reelle_HL_KFE,position_reelle_HR_KFE,position_reelle_HL_AFE,position_reelle_HR_AFE,vitesse_reelle_FL_HAA,vitesse_reelle_FR_HAA,vitesse_reelle_HL_HAA,vitesse_reelle_HR_HAA,vitesse_reelle_FL_HFE,vitesse_reelle_FR_HFE,vitesse_reelle_HL_HFE,vitesse_reelle_HR_HFE,vitesse_reelle_FL_KFE,vitesse_reelle_FR_KFE,vitesse_reelle_HL_KFE,vitesse_reelle_HR_KFE,vitesse_reelle_HL_AFE,vitesse_reelle_HR_AFE
0.024,0.0,0.0,0.0,6.116479122231927e-15,-2.3188681013477106e-15,3.571127328040862e-15,-3.6901317910656165e-17,-1.2359667861807315e-16,-1.0,0.20000000298023224,0.0,0.0,0.0,0.0,0.0,0.0,0.0,0.41019999980926514,0.41019999980926514,-0.6980999708175659,-0.6980999708175659,-1.2716000080108643,-1.2716000080108643,1.6759999990463257,1.6759999990463257,-1.7218999862670898,-1.7218999862670898,9.680064468910437e-15,-9.136168519852453e-15,-3.7853932058947836e-15,-1.263008117145456e-14,-3.392000823762022e-15,8.623539097976467e-15,-3.8832486353021153e-14,-5.1474009245527225e-14,-1.385213541500686e-14,-1.8434377830646442e-14,4.846930894294131e-14,5.34534710331519e-15,-1.3687409529622527e-14,2.344588553252619e-14,0.0,0.0,0.0,0.0,0.0,0.0,0.0,0.0,0.0,0.0,0.0,0.0,0.0,0.0,6.0,0.39100849628448486,-0.1595287024974823,-0.8758519291877747,0.9478938579559326,-0.1147526204586029,0.257143497467041,0.6228396892547607,-0.36817216873168945,1.0004452466964722,0.28021401166915894,0.7977081537246704,1.0928561687469482,-0.5414401888847351,-0.9451898336410522,0.19550424814224243,-0.07976435124874115,-0.43792596459388733,0.4739469289779663,0.3528236746788025,0.5387717485427856,-0.38668012619018555,-0.8821860551834106,-0.7713773846626282,-1.1314929723739624,2.0748541355133057,2.2224280834198,-1.9926201105117798,-2.1944949626922607,0.0,0.0,0.0,0.0,0.41019999980926514,0.41019999980926514,-0.6980999708175659,-0.6980999708175659,-1.2716000080108643,-1.2716000080108643,1.6759999990463257,1.6759999990463257,-1.7218999862670898,-1.7218999862670898,-1.631872669763043e-14,-4.759760616109823e-15,3.816054951552442e-15,-1.6938229019318571e-15,-1.6615920065635864e-14,8.120837749275248e-15,4.142438345469679e-15,-5.1937200742403766e-14,1.4479608104970426e-14,-7.595914491202813e-15,-3.9351591659416254e-16,6.944239020617582e-14,4.361218485415992e-15,-6.200668098551784e-14
0.041,0.0,0.0,0.0,9.941768850491809e-15,7.417202397793417e-15,1.3823513112927953e-15,-6.511996577680451e-17,-2.8127626896776484e-16,-1.0,0.20000000298023224,0.0,0.0,0.0,0.0,0.0,0.0,0.0,0.41019999980926514,0.41019999980926514,-0.6980999708175659,-0.6980999708175659,-1.2716000080108643,-1.2716000080108643,1.6759999990463257,1.6759999990463257,-1.7218999862670898,-1.7218999862670898,-2.852436643547944e-14,-2.3828817269518597e-14,-5.755072186495146e-15,-5.004364249519078e-15,-2.0720233458149627e-14,4.842355645829537e-15,2.969549790527576e-14,4.3533119410731416e-14,1.4939008282375058e-14,2.854348778074723e-15,-8.565221557184366e-14,-6.565492642824147e-14,6.885550479394584e-14,6.8374917781431534e-15,0.39100849628448486,-0.1595287024974823,-0.8758519291877747,0.9478938579559326,-0.1147526204586029,0.257143497467041,0.6228396892547607,-0.36817216873168945,1.0004452466964722,0.28021401166915894,0.7977081537246704,1.0928561687469482,-0.5414401888847351,-0.9451898336410522,5.98199987411499,0.2830357253551483,-0.041966844350099564,-0.9571889638900757,0.9921579360961914,-0.25479286909103394,0.21483944356441498,0.6077067255973816,-0.4191116392612457,1.1142213344573975,0.37605956196784973,0.7834069132804871,1.1705553531646729,-0.8093308210372925,-1.0976908206939697,0.14151786267757416,-0.020983422175049782,-0.47859448194503784,0.4960789680480957,0.28280356526374817,0.5176197290420532,-0.3942466080188751,-0.9076557755470276,-0.7144893407821655,-1.0835702419281006,2.0677034854888916,2.261277675628662,-2.126565456390381,-2.270745277404785,0.0,0.0,0.0,0.0,0.41019999980926514,0.41019999980926514,-0.6980999708175659,-0.6980999708175659,-1.2716000080108643,-1.2716000080108643,1.6759999990463257,1.6759999990463257,-1.7218999862670898,-1.7218999862670898,6.445391333013192e-15,-3.1792311025544834e-14,2.0570919337240586e-15,-2.3450078345615098e-14,2.3586490037155088e-15,1.7604829337489365e-14,2.7038519874130786e-14,-2.4958947262470124e-14,-2.856752445820794e-14,-3.6393045017455924e-14,-8.011388048182605e-14,3.716158850368585e-14,2.075176341257822e-14,-1.62272369749316e-14
0.06,4.022038541248111e-15,2.8759176250436067e-15,-0.3373936712741852,-1.3783750210010284e-14,2.856302883084039e-15,1.070476109454367e-15,1.0044595626116162e-17,-2.0869913761989678e-16,-1.0,0.20000000298023224,0.0,0.0,0.0,0.0,0.0,0.0,0.0,0.41019999980926514,0.41019999980926514,-0.6980999708175659,-0.6980999708175659,-1.2716000080108643,-1.2716000080108643,1.6759999990463257,1.6759999990463257,-1.7218999862670898,-1.7218999862670898,2.129825212948775e-14,1.1648681693711416e-14,2.5976960586391283e-14,-1.7952206866520774e-15,-1.8279880715133152e-14,1.8433112363423244e-14,-2.973707705859058e-14,-1.7987949115796063e-14,8.475113514629096e-15,-2.8511176438424796e-14,4.739002972594525e-14,3.132161481675562e-14,-4.64860016257361e-14,-1.219042448501748e-14,0.2830357253551483,-0.041966844350099564,-0.9571889638900757,0.9921579360961914,-0.25479286909103394,0.21483944356441498,0.6077067255973816,-0.4191116392612457,1.1142213344573975,0.37605956196784973,0.7834069132804871,1.1705553531646729,-0.8093308210372925,-1.0976908206939697,5.961999893188477,0.20342066884040833,-0.009186159819364548,-0.8934017419815063,0.956250011920929,-0.28977057337760925,0.1423245370388031,0.5895184278488159,-0.43274039030075073,1.2340285778045654,0.49688324332237244,0.727257490158081,1.084108591079712,-0.8454290628433228,-1.0521143674850464,0.10171033442020416,-0.004593079909682274,-0.4467008709907532,0.4781250059604645,0.2653146982192993,0.4813622832298279,-0.40334075689315796,-0.9144701957702637,-0.6545857191085815,-1.0231584310531616,2.039628744125366,2.2180542945861816,-2.1446144580841064,-2.247957229614258,0.0,0.0,0.0,0.0,0.41019999980926514,0.41019999980926514,-0.6980999708175659,-0.6980999708175659,-1.2716000080108643,-1.2716000080108643,1.6759999990463257,1.6759999990463257,-1.7218999862670898,-1.7218999862670898,2.129825212948775e-14,1.1648681693711416e-14,2.5976960586391283e-14,-1.7952206866520774e-15,-1.8279880715133152e-14,1.8433112363423244e-14,-2.973707705859058e-14,-1.7987949115796063e-14,8.475113514629096e-15,-2.8511176438424796e-14,4.739002972594525e-14,3.132161481675562e-14,-4.64860016257361e-14,-1.219042448501748e-14
0.082,4.022038541248111e-15,2.8759176250436067e-15,-0.3373936712741852,-7.265174383321374e-15,2.5218449887784227e-16,-2.227743238090909e-15,1.7774721700335476e-17,-2.832955624267946e-17,-1.0,0.20000000298023224,0.0,0.0,0.0,0.0,0.0,0.0,0.0,0.41019999980926514,0.41019999980926514,-0.6980999708175659,-0.6980999708175659,-1.2716000080108643,-1.2716000080108643,1.6759999990463257,1.6759999990463257,-1.7218999862670898,-1.7218999862670898,9.296516091932428e-15,1.1984304099500829e-14,-3.16756716240926e-15,-2.6601306877746533e-15,-1.5167852867800646e-14,9.254287264347065e-15,1.1525823799876916e-14,-5.490066070485376e-15,8.87669183492236e-15,-1.0635313921989473e-15,-3.8159918475978716e-14,1.4307793612608759e-15,2.9241247688190433e-14,4.23859267860904e-15,0.20342066884040833,-0.009186159819364548,-0.8934017419815063,0.956250011920929,-0.28977057337760925,0.1423245370388031,0.5895184278488159,-0.43274039030075073,1.2340285778045654,0.49688324332237244,0.727257490158081,1.084108591079712,-0.8454290628433228,-1.0521143674850464,5.940000057220459,0.2107475996017456,-0.009820083156228065,-0.8595067858695984,0.9599682688713074,-0.28311604261398315,0.13249996304512024,0.6283448338508606,-0.4376757740974426,1.2519482374191284,0.5180556178092957,0.716559112071991,1.0593563318252563,-0.8357837200164795,-1.026685118675232,0.1053737998008728,-0.004910041578114033,-0.4297533929347992,0.4799841344356537,0.26864197850227356,0.47644996643066406,-0.3839275538921356,-0.9169378280639648,-0.6456258893013,-1.012572169303894,2.0342795848846436,2.2056782245635986,-2.139791965484619,-2.2352426052093506,0.0,0.0,0.0,0.0,0.41019999980926514,0.41019999980926514,-0.6980999708175659,-0.6980999708175659,-1.2716000080108643,-1.2716000080108643,1.6759999990463257,1.6759999990463257,-1.7218999862670898,-1.7218999862670898,-1.303236422315994e-15,1.2179138618028263e-14,1.7826834978898823e-14,1.0633631291039752e-14,-1.0995304195121972e-14,6.8966011253343475e-15,-2.350199130088642e-14,-1.862757926965157e-14,1.8463641124908184e-15,-3.974360750713061e-15,4.8620849913468683e-14,7.23358259548763e-15,-2.8496119580754403e-14,1.255402184795586e-14
0.101,4.674087045143313e-15,7.210672895363243e-15,-0.7153428196907043,5.842475398739949e-16,1.7284888899685418e-15,-2.925375031800838e-15,4.3892334119321585e-17,4.740560510012826e-17,-1.0,0.20000000298023224,0.0,0.0,0.0,0.0,0.0,0.0,0.0,0.41019999980926514,0.41019999980926514,-0.6980999708175659,-0.6980999708175659,-1.2716000080108643,-1.2716000080108643,1.6759999990463257,1.6759999990463257,-1.7218999862670898,-1.7218999862670898,2.4811804087004896e-14,4.687733592956527e-15,8.008667717169203e-15,7.82541976232726e-15,-1.2410250710653652e-14,5.44849538750003e-15,-1.2674877355903051e-14,-1.1254853724885529e-14,-2.9532830733469727e-15,-5.894852104549892e-15,1.3362911207529405e-14,1.4763904972837439e-15,-1.3513582275219947e-14,3.050618382173043e-15,0.2107475996017456,-0.009820083156228065,-0.8595067858695984,0.9599682688713074,-0.28311604261398315,0.13249996304512024,0.6283448338508606,-0.4376757740974426,1.2519482374191284,0.5180556178092957,0.716559112071991,1.0593563318252563,-0.8357837200164795,-1.026685118675232,5.921999931335449,0.16672565042972565,-0.015231773257255554,-0.7816543579101562,0.8980487585067749,-0.3029998540878296,0.07384229451417923,0.6079771518707275,-0.4314909279346466,1.3942887783050537,0.6301987767219543,0.6446025371551514,0.9251305460929871,-0.809600830078125,-0.9301930069923401,0.08336282521486282,-0.007615886628627777,-0.3908271789550781,0.44902437925338745,0.25870007276535034,0.44712114334106445,-0.39411139488220215,-0.913845419883728,-0.5744556188583374,-0.9565006494522095,1.9983012676239014,2.1385653018951416,-2.1267004013061523,-2.1869964599609375,0.0,0.0,0.0,0.0,0.41019999980926514,0.41019999980926514,-0.6980999708175659,-0.6980999708175659,-1.2716000080108643,-1.2716000080108643,1.6759999990463257,1.6759999990463257,-1.7218999862670898,-1.7218999862670898,2.4811804087004896e-14,4.687733592956527e-15,8.008667717169203e-15,7.82541976232726e-15,-1.2410250710653652e-14,5.44849538750003e-15,-1.2674877355903051e-14,-1.1254853724885529e-14,-2.9532830733469727e-15,-5.894852104549892e-15,1.3362911207529405e-14,1.4763904972837439e-15,-1.3513582275219947e-14,3.050618382173043e-15
0.122,4.674087045143313e-15,7.210672895363243e-15,-0.7153428196907043,-0.01877693273127079,0.6068872213363647,-0.0016674237558618188,0.002700842684134841,0.0004405615327414125,-0.9999962449073792,0.20000000298023224,0.0,0.0,0.0,-1.0801658390846569e-05,-9.602651516615879e-06,-8.337881808984093e-06,-1.1032580005121417e-05,0.4102020859718323,0.4102036654949188,-0.6980992555618286,-0.6980950832366943,-1.271599292755127,-1.2716012001037598,1.6760047674179077,1.679136872291565,-1.7219033241271973,-1.7271891832351685,-0.010833673179149628,-0.009630812332034111,-0.008359040133655071,-0.010217756032943726,0.0020924117416143417,0.003666385542601347,0.0007378074806183577,0.004951649345457554,0.000705192273017019,-0.0011540345149114728,0.004814523737877607,3.146265745162964,-0.003328651189804077,-5.304986000061035,0.16672565042972565,-0.015231773257255554,-0.7816543579101562,0.8980487585067749,-0.3029998540878296,0.07384229451417923,0.6079771518707275,-0.4314909279346466,1.3942887783050537,0.6301987767219543,0.6446025371551514,0.9251305460929871,-0.809600830078125,-0.9301930069923401,5.901000022888184,0.20020277798175812,-0.05552324652671814,-0.771061360836029,0.9075613021850586,-0.29631146788597107,0.12878116965293884,0.6546586155891418,-0.3732726573944092,1.4688047170639038,0.5892572999000549,0.7380890846252441,0.9127838015556335,-0.8333961963653564,-0.9440960884094238,0.10010138899087906,-0.02776162326335907,-0.3855306804180145,0.4537806510925293,0.2620442509651184,0.47459059953689575,-0.370770663022995,-0.8847362995147705,-0.5371976494789124,-0.9769713878631592,2.045044422149658,2.132391929626465,-2.1385979652404785,-2.1939480304718018,0.0011402000673115253,-0.00014039796951692551,0.0005982707371003926,0.0003574858419597149,0.40814071893692017,0.4080478847026825,-0.7042062282562256,-0.7007036805152893,-1.2725616693496704,-1.27254056930542,1.7106915712356567,1.7129331827163696,-1.772691011428833,-1.785037875175476,0.12686149775981903,-0.11962659657001495,0.017737258225679398,0.005097940564155579,-0.41910138726234436,-0.4187418222427368,-0.6627321243286133,-0.6028697490692139,-0.1489727944135666,-0.16190534830093384,2.9363901615142822,2.826648473739624,-4.804986000061035,-4.764104843139648
0.141,0.11158037930727005,-0.00742403045296669,-0.4434394836425781,0.01830182410776615,0.16219404339790344,0.012266392819583416,0.00907097663730383,0.00038252159720286727,-0.9999588131904602,0.20000000298023224,0.0,0.0,0.0,0.001459956867620349,-0.0005619959556497633,0.0006234477623365819,0.00025813901447691023,0.42983850836753845,0.4297381639480591,-0.7100405097007751,-0.7080264091491699,-1.321054458618164,-1.3210649490356445,1.7362651824951172,1.7389154434204102,-1.8108512163162231,-1.8202438354492188,-0.015963239595294,-0.019345290958881378,-0.008963520638644695,-0.015052743256092072,2.5186030864715576,2.5257413387298584,-0.6439138650894165,-0.896190345287323,-5.25545597076416,-5.26270866394043,2.3309519290924072,2.469736099243164,-2.849876642227173,-2.4493722915649414,0.20020277798175812,-0.05552324652671814,-0.771061360836029,0.9075613021850586,-0.29631146788597107,0.12878116965293884,0.6546586155891418,-0.3732726573944092,1.4688047170639038,0.5892572999000549,0.7380890846252441,0.9127838015556335,-0.8333961963653564,-0.9440960884094238,5.881999969482422,0.27443015575408936,0.06971249729394913,-0.9686492681503296,0.9324570894241333,-0.38703250885009766,-0.005105532705783844,0.6252406239509583,-0.3989364504814148,1.2789801359176636,0.493023544549942,0.7811791896820068,1.0707694292068481,-1.0288184881210327,-1.0666013956069946,0.13721507787704468,0.034856248646974564,-0.4843246340751648,0.46622854471206665,0.2166837453842163,0.4076472222805023,-0.3854796588420868,-0.8975682258605957,-0.6321099400520325,-1.0250881910324097,2.066589593887329,2.2113847732543945,-2.236309289932251,-2.2552006244659424,0.001078781671822071,-0.00094338518101722,0.0005074595683254302,0.00010518451745156199,0.4468194246292114,0.4469156563282013,-0.7182672619819641,-0.7187020778656006,-1.357301950454712,-1.3573335409164429,1.7559435367584229,1.7597767114639282,-1.828108549118042,-1.8329448699951172,-0.05592161417007446,-0.05590943619608879,-0.008384186774492264,-0.011516615748405457,1.1021884679794312,1.1332241296768188,-0.9715729355812073,-1.1436827182769775,-2.478248357772827,-2.472804069519043,1.9086099863052368,1.7166084051132202,-1.251678228378296,-0.42511630058288574
0.161,0.11158037930727005,-0.00742403045296669,-0.4434394836425781,0.3804054260253906,-1.6435644626617432,-0.4426102340221405,-0.001049624988809228,-0.0027066958136856556,-0.999995768070221,0.20000000298023224,0.0,0.0,0.0,0.0017326123779639602,-0.0004791471583303064,-0.006268816534429789,0.022657889872789383,0.44727545976638794,0.44914618134498596,-0.7045921683311462,-0.7419834733009338,-1.3521218299865723,-1.3578126430511475,1.7737444639205933,1.8457139730453491,-1.9627774953842163,-1.9753811359405518,0.18590939044952393,0.17934384942054749,-1.8257380723953247,5.439287185668945,-1.2458789348602295,-0.34575432538986206,4.976385116577148,-4.147684097290039,4.487258434295654,2.083892583847046,0.3110087513923645,15.593332290649414,-24.6622371673584,-23.22711753845215,0.27443015575408936,0.06971249729394913,-0.9686492681503296,0.9324570894241333,-0.38703250885009766,-0.005105532705783844,0.6252406239509583,-0.3989364504814148,1.2789801359176636,0.493023544549942,0.7811791896820068,1.0707694292068481,-1.0288184881210327,-1.0666013956069946,5.861999988555908,-0.13536596298217773,-0.07624554634094238,-1.379945158958435,0.8836287260055542,0.02657901868224144,0.02139608934521675,0.0313769206404686,0.08737611025571823,0.9143814444541931,0.6010836362838745,0.6238096952438354,0.3013104200363159,-0.9131431579589844,-0.804453432559967,-0.06768298149108887,-0.03812277317047119,-0.6899725794792175,0.4418143630027771,0.423489511013031,0.42089805006980896,-0.6824114918708801,-0.6544119119644165,-0.8144092559814453,-0.971058189868927,1.9879047870635986,1.8266551494598389,-2.178471565246582,-2.124126672744751,0.0054525285959243774,0.0034176858607679605,-0.042610298842191696,0.10832830518484116,0.4249819815158844,0.4355391263961792,-0.6330127716064453,-0.7878230214118958,-1.2746009826660156,-1.3091026544570923,1.757115364074707,2.00527024269104,-2.174449920654297,-2.181464672088623,0.5448629856109619,0.5755741596221924,-5.239406108856201,10.835685729980469,-3.827878713607788,-2.337193727493286,8.107579231262207,-4.643723011016846,11.602584838867188,7.149477481842041,-2.5793774127960205,14.293356895446777,-16.979310989379883,-15.43138599395752
0.181,-0.42524808645248413,-0.32075706124305725,1.0144858360290527,1.402021050453186,-2.364124059677124,-0.09512128680944443,-0.048275724053382874,-0.019367896020412445,-0.9986462593078613,0.20000000298023224,0.0,0.0,0.0,-0.0016108262352645397,0.0033954624086618423,-0.11146655678749084,0.20823369920253754,0.389320433139801,0.4069902002811432,-0.5689260959625244,-0.8099469542503357,-1.1648266315460205,-1.224275827407837,1.734471321105957,2.049333095550537,-2.2209198474884033,-2.1586077213287354,-0.8835744261741638,-0.2538541853427887,-3.5642147064208984,9.578481674194336,-3.936117649078369,-2.6861133575439453,5.31732177734375,1.239532232284546,12.301791191101074,9.126203536987305,-1.3147954940795898,-3.15152645111084,-5.591367244720459,8.868046760559082,-0.13536596298217773,-0.07624554634094238,-1.379945158958435,0.8836287260055542,0.02657901868224144,0.02139608934521675,0.0313769206404686,0.08737611025571823,0.9143814444541931,0.6010836362838745,0.6238096952438354,0.3013104200363159,-0.9131431579589844,-0.804453432559967,5.8420000076293945,-0.020809337496757507,0.07170066237449646,-1.1936287879943848,1.0870118141174316,0.18530306220054626,0.062332380563020706,0.9589211344718933,-0.35921040177345276,0.7209084033966064,0.745719850063324,0.7617449164390564,0.8826318383216858,-1.0834975242614746,-1.0643965005874634,-0.010404668748378754,0.03585033118724823,-0.5968143939971924,0.5435059070587158,0.5028515458106995,0.44136619567871094,-0.21863940358161926,-0.8777051568031311,-0.911145806312561,-0.8987400531768799,2.0568723678588867,2.1173160076141357,-2.263648748397827,-2.2540981769561768,-0.02986815571784973,-0.016568034887313843,-0.14235959947109222,0.2455623298883438,0.35898375511169434,0.390147864818573,-0.5349283218383789,-0.7552677392959595,-1.053823471069336,-1.1423101425170898,1.7326003313064575,2.016270160675049,-2.246863842010498,-2.1773369312286377,-4.349292755126953,-3.273698568344116,-3.1130025386810303,-2.427466630935669,-1.9834409952163696,-0.9725037217140198,1.9919906854629517,7.74731969833374,9.74683952331543,7.1291022300720215,0.5272161364555359,-1.5520628690719604,-0.18877683579921722,-10.131897926330566
0.2,-0.42524808645248413,-0.32075706124305725,1.0144858360290527,1.6324737071990967,-2.2254137992858887,-0.8583908677101135,-0.09415630251169205,-0.06312404572963715,-0.9935541749000549,0.20000000298023224,0.0,0.0,0.0,-0.0618993304669857,-0.03454390540719032,-0.1709417700767517,0.24505582451820374,0.36349987983703613,0.37862449884414673,-0.5049976110458374,-0.7109425067901611,-1.009829044342041,-1.0777223110198975,1.7346097230911255,2.0394866466522217,-2.2834765911102295,-2.274376153945923,-1.9177706241607666,-0.7029561400413513,-3.154409170150757,2.9071741104125977,1.6413283348083496,-1.2053680419921875,4.886753559112549,0.8136460185050964,3.115901231765747,6.058523178100586,-1.0868195295333862,5.19260311126709,-4.445533752441406,-4.190369129180908,-0.020809337496757507,0.07170066237449646,-1.1936287879943848,1.0870118141174316,0.18530306220054626,0.062332380563020706,0.9589211344718933,-0.35921040177345276,0.7209084033966064,0.745719850063324,0.7617449164390564,0.8826318383216858,-1.0834975242614746,-1.0643965005874634,5.822000026702881,-0.0836753249168396,0.1564178466796875,-1.040703535079956,1.1195838451385498,-0.003289036452770233,-0.20489071309566498,1.0495681762695312,-0.5391125679016113,0.6578936576843262,0.9934216141700745,1.0029693841934204,1.0533512830734253,-1.1290373802185059,-1.1239283084869385,-0.0418376624584198,0.07820892333984375,-0.520351767539978,0.5597919225692749,0.4085554778575897,0.30775463581085205,-0.1733158826828003,-0.9676562547683716,-0.9426531791687012,-0.7748892307281494,2.1774847507476807,2.2026755809783936,-2.2864186763763428,-2.2838640213012695,-0.0618993304669857,-0.03454390540719032,-0.1709417700767517,0.24505582451820374,0.36349987983703613,0.37862449884414673,-0.5049976110458374,-0.7109425067901611,-1.009829044342041,-1.0777223110198975,1.7346097230911255,2.0394866466522217,-2.2834765911102295,-2.274376153945923,-1.9177706241607666,-0.7029561400413513,-3.154409170150757,2.9071741104125977,1.6413283348083496,-1.2053680419921875,4.886753559112549,0.8136460185050964,3.115901231765747,6.058523178100586,-1.0868195295333862,5.19260311126709,-4.445533752441406,-4.190369129180908
0.22,-0.31957945227622986,-0.4024430513381958,0.7700673341751099,0.5262713432312012,-1.933303952217102,-1.3013423681259155,-0.13444899022579193,-0.08405743539333344,-0.9873488545417786,0.20000000298023224,0.0,0.0,0.0,-0.0607321634888649,-0.026754407212138176,-0.2160661220550537,0.3301527202129364,0.40985575318336487,0.34559330344200134,-0.38690391182899475,-0.7573599219322205,-0.9692887663841248,-0.9601497054100037,1.6930956840515137,2.179656982421875,-2.38866925239563,-2.293368101119995,1.5276825428009033,0.71299809217453,-1.3567701578140259,6.181418418884277,1.705157995223999,-2.6724672317504883,5.48948860168457,-4.165038585662842,1.5658481121063232,6.715843677520752,-1.860264778137207,7.534673690795898,-4.773611545562744,2.1171772480010986,-0.0836753249168396,0.1564178466796875,-1.040703535079956,1.1195838451385498,-0.003289036452770233,-0.20489071309566498,1.0495681762695312,-0.5391125679016113,0.6578936576843262,0.9934216141700745,1.0029693841934204,1.0533512830734253,-1.1290373802185059,-1.1239283084869385,5.802000045776367,-0.43414306640625,0.16748635470867157,-1.2181518077850342,1.1161006689071655,-0.165358766913414,-0.1881362795829773,0.9758400917053223,-0.37907564640045166,0.7276995778083801,1.1693795919418335,0.9344291090965271,1.116180181503296,-1.331086277961731,-1.1332471370697021,-0.217071533203125,0.08374317735433578,-0.6090759038925171,0.5580503344535828,0.32752060890197754,0.3161318600177765,-0.21017992496490479,-0.8876377940177917,-0.9077502489089966,-0.6869102120399475,2.143214464187622,2.2340900897979736,-2.3874430656433105,-2.2885236740112305,-0.0607321634888649,-0.026754407212138176,-0.2160661220550537,0.3301527202129364,0.40985575318336487,0.34559330344200134,-0.38690391182899475,-0.7573599219322205,-0.9692887663841248,-0.9601497054100037,1.6930956840515137,2.179656982421875,-2.38866925239563,-2.293368101119995,1.5276825428009033,0.71299809217453,-1.3567701578140259,6.181418418884277,1.705157995223999,-2.6724672317504883,5.48948860168457,-4.165038585662842,1.5658481121063232,6.715843677520752,-1.860264778137207,7.534673690795898,-4.773611545562744,2.1171772480010986
0.24,-0.31957945227622986,-0.4024430513381958,0.7700673341751099,2.789503335952759,-1.8505476713180542,-1.3937908411026,-0.1666901409626007,-0.11748657375574112,-0.9789848327636719,0.20000000298023224,0.0,0.0,0.0,-0.05126408860087395,-0.021664418280124664,-0.26424747705459595,0.4200293719768524,0.42040109634399414,0.301988422870636,-0.3099421560764313,-0.8132284879684448,-0.9251380562782288,-0.8545830249786377,1.6817046403884888,2.293717384338379,-2.461867570877075,-2.276522636413574,-2.9773881435394287,-1.2196475267410278,-4.611783027648926,2.755805730819702,-0.6036295890808105,-1.5958269834518433,2.8788232803344727,-1.4762654304504395,2.3681859970092773,4.1381707191467285,0.3021920919418335,3.5007312297821045,-2.1170012950897217,0.32408830523490906,-0.43414306640625,0.16748635470867157,-1.2181518077850342,1.1161006689071655,-0.165358766913414,-0.1881362795829773,0.9758400917053223,-0.37907564640045166,0.7276995778083801,1.1693795919418335,0.9344291090965271,1.116180181503296,-1.331086277961731,-1.1332471370697021,5.7820000648498535,-0.6543594002723694,0.37901571393013,-1.3704780340194702,1.0346802473068237,-0.1410178393125534,-0.9181135892868042,1.2710340023040771,-0.5362140536308289,0.3978406488895416,1.745706558227539,1.0341753959655762,1.3599565029144287,-1.4631394147872925,-1.128501534461975,-0.3271797001361847,0.189507856965065,-0.6852390170097351,0.5173401236534119,0.33969107270240784,-0.04885679483413696,-0.06258296966552734,-0.9662070274353027,-1.0726796388626099,-0.3987467288970947,2.193087577819824,2.35597825050354,-2.453469753265381,-2.2861506938934326,-0.05126408860087395,-0.021664418280124664,-0.26424747705459595,0.4200293719768524,0.42040109634399414,0.301988422870636,-0.3099421560764313,-0.8132284879684448,-0.9251380562782288,-0.8545830249786377,1.6817046403884888,2.293717384338379,-2.461867570877075,-2.276522636413574,-2.9773881435394287,-1.2196475267410278,-4.611783027648926,2.755805730819702,-0.6036295890808105,-1.5958269834518433,2.8788232803344727,-1.4762654304504395,2.3681859970092773,4.1381707191467285,0.3021920919418335,3.5007312297821045,-2.1170012950897217,0.32408830523490906
0.262,-0.3442379832267761,-0.22552582621574402,0.7975037097930908,0.9724832773208618,-2.578964948654175,-1.993019938468933,-0.2156749665737152,-0.1816084086894989,-0.9594283103942871,0.20000000298023224,0.0,0.0,0.0,-0.1762837916612625,-0.058205559849739075,-0.3687918484210968,0.3760717809200287,0.41365450620651245,0.25094038248062134,-0.2455887496471405,-0.8169717788696289,-0.9524317383766174,-0.7326034903526306,1.6853489875793457,2.374962091445923,-2.50887393951416,-2.3163487911224365,-7.982497215270996,-1.0821596384048462,-6.43084192276001,-3.1932597160339355,0.08908974379301071,-5.624907970428467,4.383282661437988,-1.5758695602416992,-4.6002278327941895,12.13268756866455,0.5211260914802551,4.698039531707764,-4.043762683868408,0.009615707211196423,-0.6543594002723694,0.37901571393013,-1.3704780340194702,1.0346802473068237,-0.1410178393125534,-0.9181135892868042,1.2710340023040771,-0.5362140536308289,0.3978406488895416,1.745706558227539,1.0341753959655762,1.3599565029144287,-1.4631394147872925,-1.128501534461975,5.76200008392334,-0.30870604515075684,-0.008068108931183815,-1.4995338916778564,1.448602557182312,0.039399925619363785,-0.6154646277427673,1.0761629343032837,-0.5437794327735901,0.37010616064071655,1.550058126449585,1.273401141166687,1.1947605609893799,-1.7077538967132568,-1.2094374895095825,-0.15435302257537842,-0.0040340544655919075,-0.7497669458389282,0.724301278591156,0.4298999607563019,0.10246768593788147,-0.16001850366592407,-0.9699896574020386,-1.0865468978881836,-0.4965709447860718,2.3127005100250244,2.2733802795410156,-2.575777053833008,-2.3266186714172363,-0.2520156502723694,-0.05162139981985092,-0.4170970022678375,0.34967172145843506,0.40705764293670654,0.1894524246454239,-0.20076097548007965,-0.8356873989105225,-0.991008996963501,-0.6102415323257446,1.6868014335632324,2.4164838790893555,-2.5450329780578613,-2.308987855911255,-6.945806503295898,3.0588324069976807,-3.4051811695098877,-2.142706871032715,-1.2186576128005981,-6.332925796508789,4.352512359619141,-1.9850175380706787,-3.338371992111206,10.728555679321289,0.026926971971988678,3.5615663528442383,-3.1133029460906982,1.085322618484497
0.28,-0.3442379832267761,-0.22552582621574402,0.7975037097930908,-2.0695641040802,-1.7371759414672852,-2.176875352859497,-0.24085411429405212,-0.17888662219047546,-0.9539333581924438,0.20000000298023224,0.0,0.0,0.0,-0.2971912920475006,0.0023380848579108715,-0.44978445768356323,0.3541146516799927,0.3972698748111725,0.1398414820432663,-0.16499094665050507,-0.8564443588256836,-1.0356662273406982,-0.5614674687385559,1.7007536888122559,2.438568592071533,-2.597536325454712,-2.312345504760742,-1.9506033658981323,6.531950950622559,-3.6360766887664795,4.285589694976807,-1.1328072547912598,-4.085089683532715,2.7879602909088135,-2.6858561038970947,-3.497004270553589,2.1397759914398193,2.0549588203430176,0.9021345376968384,-3.0234131813049316,-0.16747087240219116,-0.30870604515075684,-0.008068108931183815,-1.4995338916778564,1.448602557182312,0.039399925619363785,-0.6154646277427673,1.0761629343032837,-0.5437794327735901,0.37010616064071655,1.550058126449585,1.273401141166687,1.1947605609893799,-1.7077538967132568,-1.2094374895095825,5.742000102996826,-0.25894051790237427,-0.22076360881328583,-1.3674871921539307,1.4453002214431763,0.0366700179874897,-0.44945669174194336,1.6451594829559326,-0.5040830373764038,0.7289175987243652,1.534109354019165,1.0580824613571167,1.2098995447158813,-1.8016294240951538,-1.1614192724227905,-0.12947025895118713,-0.11038180440664291,-0.6837435960769653,0.7226501107215881,0.42853501439094543,0.18547165393829346,0.12447977066040039,-0.9501414895057678,-0.9071412086486816,-0.5045453310012817,2.2050411701202393,2.280949831008911,-2.6227147579193115,-2.30260968208313,-0.2971912920475006,0.0023380848579108715,-0.44978445768356323,0.3541146516799927,0.3972698748111725,0.1398414820432663,-0.16499094665050507,-0.8564443588256836,-1.0356662273406982,-0.5614674687385559,1.7007536888122559,2.438568592071533,-2.597536325454712,-2.312345504760742,-1.9506033658981323,6.531950950622559,-3.6360766887664795,4.285589694976807,-1.1328072547912598,-4.085089683532715,2.7879602909088135,-2.6858561038970947,-3.497004270553589,2.1397759914398193,2.0549588203430176,0.9021345376968384,-3.0234131813049316,-0.16747087240219116
0.301,-0.2863858640193939,-0.3706260621547699,0.6138305068016052,-0.9177840352058411,-1.2994694709777832,-2.2002718448638916,-0.26116764545440674,-0.15309001505374908,-0.9530765414237976,0.20000000298023224,0.0,0.0,0.0,-0.2613316774368286,0.11531289666891098,-0.4762333035469055,0.5324259400367737,0.3662808835506439,0.09129305183887482,-0.09525716304779053,-0.8874462246894836,-1.0218796730041504,-0.5470041036605835,1.7137216329574585,2.4332149028778076,-2.6797473430633545,-2.299694538116455,3.2609171867370605,2.0096235275268555,-1.816037654876709,7.219472408294678,-1.310001254081726,-0.6652534008026123,5.155585765838623,1.0094786882400513,4.277831077575684,0.49041908979415894,-1.9025026559829712,0.2930731773376465,-4.806914806365967,0.8758118748664856,-0.25894051790237427,-0.22076360881328583,-1.3674871921539307,1.4453002214431763,0.0366700179874897,-0.44945669174194336,1.6451594829559326,-0.5040830373764038,0.7289175987243652,1.534109354019165,1.0580824613571167,1.2098995447158813,-1.8016294240951538,-1.1614192724227905,5.7220001220703125,-0.08399483561515808,-0.4555828273296356,-1.1514118909835815,1.389281988143921,0.185753732919693,-0.45918095111846924,1.6889331340789795,-0.600040078163147,0.9433960318565369,1.3930232524871826,0.9713969826698303,1.170007348060608,-1.8470544815063477,-0.99150550365448,-0.04199741780757904,-0.2277914136648178,-0.5757059454917908,0.6946409940719604,0.5030768513679504,0.18060952425003052,0.14636659622192383,-0.9981200098991394,-0.7999019622802734,-0.575088381767273,2.161698579788208,2.2610037326812744,-2.6454272270202637,-2.2176527976989746,-0.22977009415626526,0.10615425556898117,-0.4980652630329132,0.5823952555656433,0.3601280748844147,0.09109609574079514,-0.046848297119140625,-0.8721340298652649,-0.9862546920776367,-0.5407804846763611,1.6909592151641846,2.436917543411255,-2.719909906387329,-2.3030776977539062,2.985440492630005,-3.241903781890869,-2.6178464889526367,2.9158990383148193,-0.12184619158506393,0.40156885981559753,4.35419225692749,1.8346951007843018,2.9988138675689697,0.684498131275177,-2.156869888305664,0.5608146786689758,-3.2222166061401367,-1.59236741065979
0.322,-0.2863858640193939,-0.3706260621547699,0.6138305068016052,0.12023277580738068,-0.5637925863265991,-2.094477653503418,-0.27361440658569336,-0.1656477153301239,-0.9474682211875916,0.20000000298023224,0.0,0.0,0.0,-0.19659239053726196,0.050811897963285446,-0.5277521014213562,0.5818921327590942,0.36247238516807556,0.10115614533424377,-0.008854114450514317,-0.8586304187774658,-0.9461913108825684,-0.5510494709014893,1.671648383140564,2.445054769515991,-2.7459208965301514,-2.3263025283813477,4.298314094543457,-7.274502277374268,-2.922970771789551,-1.6077067852020264,0.5698749423027039,1.237065076828003,3.2675583362579346,-0.25618937611579895,5.601329326629639,-2.463216781616211,-1.7108474969863892,1.230821967124939,-2.196974039077759,-1.123746395111084,-0.08399483561515808,-0.4555828273296356,-1.1514118909835815,1.389281988143921,0.185753732919693,-0.45918095111846924,1.6889331340789795,-0.600040078163147,0.9433960318565369,1.3930232524871826,0.9713969826698303,1.170007348060608,-1.8470544815063477,-0.99150550365448,5.702000141143799,0.25890371203422546,-0.3375624120235443,-1.03236722946167,1.2966184616088867,0.0004110075533390045,-0.06422825157642365,1.5957931280136108,-0.42845991253852844,1.1054438352584839,0.8684487342834473,1.0642483234405518,1.298427700996399,-1.9596656560897827,-1.152876853942871,0.12945185601711273,-0.16878120601177216,-0.516183614730835,0.6483092308044434,0.4104055166244507,0.3780858814716339,0.0997965931892395,-0.912329912185669,-0.7188780903816223,-0.8373756408691406,2.2081241607666016,2.32521390914917,-2.701732873916626,-2.2983384132385254,-0.14219576120376587,-0.03800525888800621,-0.5521218180656433,0.5672147870063782,0.3761947751045227,0.10968911647796631,0.013187437318265438,-0.8767490386962891,-0.9012678265571594,-0.5651574730873108,1.6605746746063232,2.4580750465393066,-2.760347843170166,-2.3187501430511475,6.332184791564941,-9.834117889404297,-1.925583004951477,-1.2593470811843872,1.9217511415481567,0.6851606369018555,1.446711778640747,-2.603127956390381,3.7767317295074463,-1.023482322692871,-0.7082704305648804,1.0444077253341675,-0.9354696869850159,1.814283847808838
0.342,-0.10230862349271774,-0.3543801009654999,0.2880328595638275,-3.1479930877685547,0.5316867828369141,-1.663726806640625,-0.2666182518005371,-0.1505146622657776,-0.9519768953323364,0.20000000298023224,0.0,0.0,0.0,-0.05225047841668129,-0.12661094963550568,-0.5546085834503174,0.5687770247459412,0.38665804266929626,0.13890309631824493,0.0196347925812006,-0.8889572024345398,-0.8375957012176514,-0.6380835771560669,1.663594126701355,2.4603898525238037,-2.774026393890381,-2.334041118621826,11.556779861450195,-7.570977687835693,0.8003405928611755,1.1525377035140991,1.0149176120758057,4.370357990264893,0.5058436989784241,-0.29127267003059387,5.767782688140869,-10.2301607131958,0.8365920782089233,-1.7726502418518066,-1.4008557796478271,0.19780994951725006,0.25890371203422546,-0.3375624120235443,-1.03236722946167,1.2966184616088867,0.0004110075533390045,-0.06422825157642365,1.5957931280136108,-0.42845991253852844,1.1054438352584839,0.8684487342834473,1.0642483234405518,1.298427700996399,-1.9596656560897827,-1.152876853942871,5.682000160217285,-0.03256073594093323,-0.10674230009317398,-1.2975667715072632,1.1519769430160522,-0.5884987711906433,0.19699938595294952,1.3081613779067993,-0.3008725345134735,1.4918947219848633,0.5156936049461365,0.8570144176483154,1.584301233291626,-2.0293848514556885,-1.5202559232711792,-0.016280367970466614,-0.05337115004658699,-0.6487833857536316,0.5759884715080261,0.11595061421394348,0.5086997151374817,-0.04401928186416626,-0.8485362529754639,-0.5256526470184326,-1.0137531757354736,2.1045072078704834,2.4681506156921387,-2.7365922927856445,-2.482028007507324,-0.05225047841668129,-0.12661094963550568,-0.5546085834503174,0.5687770247459412,0.38665804266929626,0.13890309631824493,0.0196347925812006,-0.8889572024345398,-0.8375957012176514,-0.6380835771560669,1.663594126701355,2.4603898525238037,-2.774026393890381,-2.334041118621826,11.556779861450195,-7.570977687835693,0.8003405928611755,1.1525377035140991,1.0149176120758057,4.370357990264893,0.5058436989784241,-0.29127267003059387,5.767782688140869,-10.2301607131958,0.8365920782089233,-1.7726502418518066,-1.4008557796478271,0.19780994951725006
0.362,-0.10230862349271774,-0.3543801009654999,0.2880328595638275,-1.0029510259628296,0.6743729710578918,-1.4978657960891724,-0.24844062328338623,-0.10417260974645615,-0.9630292654037476,0.20000000298023224,0.0,0.0,0.0,0.19839848577976227,-0.24642018973827362,-0.5225345492362976,0.6046535968780518,0.39574363827705383,0.23844996094703674,0.025399453938007355,-0.8857733011245728,-0.7210078239440918,-0.7969971895217896,1.681700348854065,2.4270341396331787,-2.8084397315979004,-2.3972039222717285,8.655881881713867,-5.478529453277588,0.7191932797431946,0.315981924533844,-2.42940092086792,7.108809947967529,-0.46538347005844116,1.3057752847671509,11.053282737731934,-10.775944709777832,1.2706481218338013,1.1651402711868286,-0.7144026756286621,-14.362460136413574,-0.03256073594093323,-0.10674230009317398,-1.2975667715072632,1.1519769430160522,-0.5884987711906433,0.19699938595294952,1.3081613779067993,-0.3008725345134735,1.4918947219848633,0.5156936049461365,0.8570144176483154,1.584301233291626,-2.0293848514556885,-1.5202559232711792,5.6620001792907715,-0.37812572717666626,0.06907909363508224,-1.2735540866851807,1.1433483362197876,-0.4710747003555298,-0.08075855672359467,0.7893707156181335,-0.058779679238796234,1.3864009380340576,0.7164334058761597,0.9785043001174927,1.4928269386291504,-2.1623127460479736,-1.717911720275879,-0.18906286358833313,0.03453954681754112,-0.6367770433425903,0.5716741681098938,0.17466264963150024,0.3698207139968872,-0.30341461300849915,-0.7274898290634155,-0.5783995389938354,-0.9133833050727844,2.165252208709717,2.4224133491516113,-2.803056240081787,-2.5808558464050293,0.2423502802848816,-0.2941063642501831,-0.5269380807876587,0.5892980694770813,0.364682137966156,0.3094187378883362,0.017939478158950806,-0.8795900344848633,-0.6334885954856873,-0.8807825446128845,1.694071888923645,2.433595895767212,-2.8081612586975098,-2.4824278354644775,1.1189509630203247,-3.8395397663116455,-1.2780702114105225,-2.720397710800171,-3.507230043411255,7.022603988647461,-0.8417463302612305,0.11712266504764557,6.873193740844727,-6.568412780761719,1.1593661308288574,0.40988191962242126,0.47867026925086975,-3.810704231262207
0.38,-0.31078678369522095,-0.5104435682296753,0.3459089398384094,0.7062214016914368,0.272083044052124,-1.5213110446929932,-0.23714707791805267,-0.11594006419181824,-0.9645305275917053,0.20000000298023224,0.0,0.0,0.0,0.22140635550022125,-0.30785831809043884,-0.544793426990509,0.5535314679145813,0.3364967703819275,0.3645745813846588,0.003140466520562768,-0.861689031124115,-0.6066142320632935,-0.8969622850418091,1.71188223361969,2.4283411502838135,-2.81674861907959,-2.5511345863342285,-4.795908451080322,1.0290712118148804,-1.6000571250915527,-3.8159210681915283,-2.933758020401001,4.4776997566223145,-2.3908605575561523,3.070082426071167,1.8542451858520508,0.46366095542907715,2.601858377456665,-1.259574294090271,2.3549909591674805,-8.738974571228027,-0.37812572717666626,0.06907909363508224,-1.2735540866851807,1.1433483362197876,-0.4710747003555298,-0.08075855672359467,0.7893707156181335,-0.058779679238796234,1.3864009380340576,0.7164334058761597,0.9785043001174927,1.4928269386291504,-2.1623127460479736,-1.717911720275879,5.642000198364258,-0.440898597240448,0.09616569429636002,-1.4118767976760864,0.896354615688324,-0.2873654067516327,-0.8019617199897766,1.2149065732955933,-0.05248414725065231,1.0347900390625,1.5073871612548828,1.1316670179367065,1.4577562808990479,-2.267329692840576,-1.691135048866272,-0.220449298620224,0.04808284714818001,-0.7059383988380432,0.448177307844162,0.2665172815322876,0.009219139814376831,-0.09064668416976929,-0.7243420481681824,-0.7542049884796143,-0.5179064273834229,2.241833448410034,2.4048781394958496,-2.855564832687378,-2.567467451095581,0.22140635550022125,-0.30785831809043884,-0.544793426990509,0.5535314679145813,0.3364967703819275,0.3645745813846588,0.003140466520562768,-0.861689031124115,-0.6066142320632935,-0.8969622850418091,1.71188223361969,2.4283411502838135,-2.81674861907959,-2.5511345863342285,-4.795908451080322,1.0290712118148804,-1.6000571250915527,-3.8159210681915283,-2.933758020401001,4.4776997566223145,-2.3908605575561523,3.070082426071167,1.8542451858520508,0.46366095542907715,2.601858377456665,-1.259574294090271,2.3549909591674805,-8.738974571228027
0.401,-0.31078678369522095,-0.5104435682296753,0.3459089398384094,1.4213440418243408,0.09039396047592163,-2.4031713008880615,-0.23005104064941406,-0.14868807792663574,-0.9617527723312378,0.20000000298023224,0.0,0.0,0.0,0.008177409879863262,-0.19659176468849182,-0.6064008474349976,0.46917805075645447,0.2880648970603943,0.38758862018585205,-0.02721114084124565,-0.8051130771636963,-0.6421605944633484,-0.7705283164978027,1.7547204494476318,2.3950459957122803,-2.8388895988464355,-2.576397657394409,-14.741633415222168,8.596009254455566,-5.4583845138549805,-5.568784236907959,-1.4548182487487793,-4.151376247406006,-0.12194211781024933,2.6024022102355957,-5.055814266204834,14.650257110595703,-0.001222114311531186,-1.1539477109909058,-4.324282169342041,1.1671679019927979,-0.440898597240448,0.09616569429636002,-1.4118767976760864,0.896354615688324,-0.2873654067516327,-0.8019617199897766,1.2149065732955933,-0.05248414725065231,1.0347900390625,1.5073871612548828,1.1316670179367065,1.4577562808990479,-2.267329692840576,-1.691135048866272,5.622000217437744,-0.5824685096740723,-0.7181358933448792,-1.7479292154312134,1.2849448919296265,0.08574892580509186,-0.7401724457740784,1.4141613245010376,-0.4612473249435425,0.8014411926269531,1.7607550621032715,1.3268687725067139,0.973433792591095,-2.2296464443206787,-1.2343693971633911,-0.29123425483703613,-0.3590679466724396,-0.8739646077156067,0.6424724459648132,0.45307445526123047,0.04011377692222595,0.00898069143295288,-0.9287236332893372,-0.8708794116973877,-0.3912224769592285,2.3394343852996826,2.162716865539551,-2.8367233276367188,-2.3390846252441406,-0.13962499797344208,-0.15524552762508392,-0.6523805856704712,0.4279329180717468,0.2686024606227875,0.34721943736076355,-0.03042970597743988,-0.7764056324958801,-0.682022750377655,-0.6940374970436096,1.750659704208374,2.3884825706481934,-2.859473466873169,-2.5738019943237305,-13.638047218322754,1.8941749334335327,-2.8177876472473145,-1.3833532333374023,-2.0518698692321777,-3.534227132797241,-0.09504279494285583,3.4511470794677734,-3.2546210289001465,4.330730438232422,-0.1187523901462555,-0.3405719995498657,-0.986728310585022,-2.453763723373413
0.421,-0.5753239393234253,-0.4349539577960968,0.09601154923439026,-3.7566051483154297,-1.0819261074066162,-1.5099369287490845,-0.23896591365337372,-0.12231780588626862,-0.9632931351661682,0.20000000298023224,0.0,0.0,0.0,-0.26818087697029114,-0.12380342185497284,-0.6857949495315552,0.43285462260246277,0.2624824345111847,0.3014943599700928,-0.03718182444572449,-0.7701718807220459,-0.7437721490859985,-0.6266587376594543,1.786677598953247,2.3834571838378906,-2.8609209060668945,-2.5731289386749268,-12.280362129211426,3.970120906829834,-5.4860687255859375,1.2833211421966553,0.5330790877342224,-5.651199817657471,-2.0332658290863037,-2.3707141876220703,-7.202935695648193,9.068180084228516,10.321348190307617,-0.012824124656617641,-0.654386579990387,2.972180128097534,-0.5824685096740723,-0.7181358933448792,-1.7479292154312134,1.2849448919296265,0.08574892580509186,-0.7401724457740784,1.4141613245010376,-0.4612473249435425,0.8014411926269531,1.7607550621032715,1.3268687725067139,0.973433792591095,-2.2296464443206787,-1.2343693971633911,5.6020002365112305,0.02837366983294487,-0.5541647672653198,-1.3013964891433716,1.0602248907089233,-0.4711810350418091,-0.0251162052154541,1.894219160079956,-0.2305031418800354,1.2960333824157715,1.1330466270446777,1.0999974012374878,1.0835851430892944,-2.3036515712738037,-1.3565473556518555,0.014186834916472435,-0.2770823836326599,-0.6506982445716858,0.5301124453544617,0.1746094822883606,0.3976418972015381,0.2490096092224121,-0.8133515119552612,-0.6235833168029785,-0.7050766944885254,2.225998640060425,2.217792510986328,-2.8737258911132812,-2.4001736640930176,-0.26818087697029114,-0.12380342185497284,-0.6857949495315552,0.43285462260246277,0.2624824345111847,0.3014943599700928,-0.03718182444572449,-0.7701718807220459,-0.7437721490859985,-0.6266587376594543,1.786677598953247,2.3834571838378906,-2.8609209060668945,-2.5731289386749268,-12.280362129211426,3.970120906829834,-5.4860687255859375,1.2833211421966553,0.5330790877342224,-5.651199817657471,-2.0332658290863037,-2.3707141876220703,-7.202935695648193,9.068180084228516,10.321348190307617,-0.012824124656617641,-0.654386579990387,2.972180128097534
0.442,-0.5753239393234253,-0.4349539577960968,0.09601154923439026,-8.047296524047852,-0.0947701558470726,-0.9641790390014648,-0.24652723968029022,-0.017988190054893494,-0.96896892786026,0.20000000298023224,0.0,0.0,0.0,-0.43118131160736084,-0.07581459730863571,-0.8162016272544861,0.488666296005249,0.26431313157081604,0.19976739585399628,-0.0507090762257576,-0.8428211808204651,-0.7655076384544373,-0.5717211365699768,2.0401718616485596,2.380084276199341,-2.8763318061828613,-2.484544515609741,-1.0830564498901367,2.467336416244507,-1.9075502157211304,5.505046367645264,-1.9118859767913818,-1.2300347089767456,3.908034086227417,-1.186396837234497,6.915480136871338,-8.371378898620605,7.878185749053955,-3.233030080795288,-1.8703422546386719,3.667161226272583,0.02837366983294487,-0.5541647672653198,-1.3013964891433716,1.0602248907089233,-0.4711810350418091,-0.0251162052154541,1.894219160079956,-0.2305031418800354,1.2960333824157715,1.1330466270446777,1.0999974012374878,1.0835851430892944,-2.3036515712738037,-1.3565473556518555,5.580999851226807,0.42324429750442505,-0.3375625014305115,-1.033004879951477,0.9826107025146484,-0.5119169354438782,0.36272233724594116,1.7433375120162964,-0.07312283664941788,1.7487167119979858,0.28168830275535583,0.9764062166213989,1.2200952768325806,-2.0004703998565674,-1.4684057235717773,0.21162214875221252,-0.16878125071525574,-0.5165024399757385,0.4913053512573242,0.15424153208732605,0.5915611982345581,0.17356878519058228,-0.7346614003181458,-0.39724165201187134,-1.13075590133667,2.16420316696167,2.2860476970672607,-2.722135066986084,-2.4561028480529785,-0.3975789546966553,-0.05571947991847992,-0.7999577522277832,0.5567446351051331,0.2435140758752823,0.19909659028053284,0.005471027456223965,-0.8445461392402649,-0.7104426026344299,-0.6388068199157715,2.0964395999908447,2.336164712905884,-2.8808560371398926,-2.451728343963623,6.656189918518066,1.2089340686798096,4.026318073272705,7.577347755432129,-2.1580281257629395,0.694502055644989,6.586174011230469,0.27116668224334717,4.356738090515137,-5.209500312805176,4.268551826477051,-4.908609390258789,0.4234998822212219,3.126204013824463
0.46,-0.24036239087581635,-0.5579569935798645,-0.017344683408737183,-4.609684467315674,-1.5872926712036133,-0.5967498421669006,-0.25876355171203613,0.12111106514930725,-0.9583180546760559,0.20000000298023224,0.0,0.0,0.0,-0.3191910982131958,-0.06535620242357254,-0.7599161863327026,0.611132800579071,0.2426854521036148,0.24146433174610138,0.0664043202996254,-0.8268610835075378,-0.6939541101455688,-0.7514185905456543,2.124640703201294,2.3036208152770996,-2.894487142562866,-2.4662394523620605,6.45399808883667,-3.091158866882324,2.425605535507202,2.0215163230895996,0.333310067653656,7.616873741149902,4.738396167755127,3.1054301261901855,2.135002374649048,-17.657878875732422,2.776538372039795,-2.937567710876465,-4.482277870178223,-1.7973674535751343,0.42324429750442505,-0.3375625014305115,-1.033004879951477,0.9826107025146484,-0.5119169354438782,0.36272233724594116,1.7433375120162964,-0.07312283664941788,1.7487167119979858,0.28168830275535583,0.9764062166213989,1.2200952768325806,-2.0004703998565674,-1.4684057235717773,5.561999797821045,0.44984400272369385,-0.11674761027097702,-1.0521215200424194,1.0134356021881104,-0.47040337324142456,0.12540777027606964,1.2184441089630127,-0.39961883425712585,1.6337898969650269,0.11448106914758682,0.7560513019561768,1.1345531940460205,-2.001539707183838,-1.4160069227218628,0.22492200136184692,-0.05837380513548851,-0.5260607600212097,0.5067178010940552,0.17499831318855286,0.47290387749671936,-0.08887791633605957,-0.89790940284729,-0.45470505952835083,-1.2143595218658447,2.054025650024414,2.243276596069336,-2.722669839859009,-2.429903507232666,-0.3191910982131958,-0.06535620242357254,-0.7599161863327026,0.611132800579071,0.2426854521036148,0.24146433174610138,0.0664043202996254,-0.8268610835075378,-0.6939541101455688,-0.7514185905456543,2.124640703201294,2.3036208152770996,-2.894487142562866,-2.4662394523620605,6.45399808883667,-3.091158866882324,2.425605535507202,2.0215163230895996,0.333310067653656,7.616873741149902,4.738396167755127,3.1054301261901855,2.135002374649048,-17.657878875732422,2.776538372039795,-2.937567710876465,-4.482277870178223,-1.7973674535751343
0.481,-0.24036239087581635,-0.5579569935798645,-0.017344683408737183,-4.626687049865723,-0.35037335753440857,-1.1715888977050781,-0.2833423316478729,0.19720005989074707,-0.9385250210762024,0.20000000298023224,0.0,0.0,0.0,-0.21396183967590332,-0.15000051259994507,-0.716818630695343,0.613827645778656,0.2206578254699707,0.38007062673568726,0.1035153865814209,-0.7863471508026123,-0.603054404258728,-1.0095311403274536,2.20355486869812,2.2425425052642822,-2.9075424671173096,-2.4326348304748535,5.772285461425781,-2.665984869003296,3.378143072128296,0.8763505220413208,-1.6649060249328613,4.668203353881836,-1.3155457973480225,-0.4690302014350891,4.338220119476318,-9.06179428100586,4.3701910972595215,-2.779672622680664,2.2590856552124023,2.325272798538208,0.44984400272369385,-0.11674761027097702,-1.0521215200424194,1.0134356021881104,-0.47040337324142456,0.12540777027606964,1.2184441089630127,-0.39961883425712585,1.6337898969650269,0.11448106914758682,0.7560513019561768,1.1345531940460205,-2.001539707183838,-1.4160069227218628,5.541999816894531,0.2515223026275635,-0.11589159816503525,-1.1180635690689087,0.957673192024231,-0.47585707902908325,0.3017474412918091,1.233138918876648,0.027896486222743988,1.748056173324585,0.1835135817527771,0.8079200983047485,1.3316940069198608,-2.257707118988037,-1.5803474187850952,0.12576115131378174,-0.057945799082517624,-0.5590317845344543,0.4788365960121155,0.1722714602947235,0.5610737204551697,-0.08153051137924194,-0.6841517090797424,-0.3975719213485718,-1.1798431873321533,2.0799601078033447,2.3418469429016113,-2.8507535457611084,-2.5120737552642822,-0.21396183967590332,-0.15000051259994507,-0.716818630695343,0.613827645778656,0.2206578254699707,0.38007062673568726,0.1035153865814209,-0.7863471508026123,-0.603054404258728,-1.0095311403274536,2.20355486869812,2.2425425052642822,-2.9075424671173096,-2.4326348304748535,5.772285461425781,-2.665984869003296,3.378143072128296,0.8763505220413208,-1.6649060249328613,4.668203353881836,-1.3155457973480225,-0.4690302014350891,4.338220119476318,-9.06179428100586,4.3701910972595215,-2.779672622680664,2.2590856552124023,2.325272798538208
0.5,-0.07287243753671646,-0.9205156564712524,0.624343752861023,-5.072999954223633,0.3832334876060486,-1.8294323682785034,-0.2891704738140106,0.28127554059028625,-0.9150215983390808,0.20000000298023224,0.0,0.0,0.0,-0.0806247815489769,-0.14672665297985077,-0.6310357451438904,0.6154409646987915,0.18290838599205017,0.4426477551460266,0.06437352299690247,-0.798538863658905,-0.5183311700820923,-1.1157679557800293,2.2605433464050293,2.2176451683044434,-2.8712475299835205,-2.5002951622009277,7.450718879699707,2.4527018070220947,4.923503398895264,-1.584144115447998,-1.9417474269866943,3.1187398433685303,-1.199925422668457,0.9505403637886047,4.750477313995361,-3.26539945602417,0.2570923864841461,-0.011214308440685272,2.6447653770446777,-7.838791370391846,0.2515223026275635,-0.11589159816503525,-1.1180635690689087,0.957673192024231,-0.47585707902908325,0.3017474412918091,1.233138918876648,0.027896486222743988,1.748056173324585,0.1835135817527771,0.8079200983047485,1.3316940069198608,-2.257707118988037,-1.5803474187850952,5.521999835968018,-0.09136034548282623,-0.4450642168521881,-1.3398051261901855,1.0376852750778198,-0.35790109634399414,0.43218690156936646,1.0556974411010742,0.0430615097284317,1.3999873399734497,0.33328741788864136,1.127496600151062,1.3716168403625488,-2.4777591228485107,-1.7447435855865479,-0.045680172741413116,-0.22253210842609406,-0.6699025630950928,0.5188426375389099,0.23124945163726807,0.626293420791626,-0.1702512502670288,-0.6765692234039307,-0.5716063380241394,-1.1049562692642212,2.239748239517212,2.3618083000183105,-2.9607796669006348,-2.594271659851074,-0.0806247815489769,-0.14672665297985077,-0.6310357451438904,0.6154409646987915,0.18290838599205017,0.4426477551460266,0.06437352299690247,-0.798538863658905,-0.5183311700820923,-1.1157679557800293,2.2605433464050293,2.2176451683044434,-2.8712475299835205,-2.5002951622009277,7.450718879699707,2.4527018070220947,4.923503398895264,-1.584144115447998,-1.9417474269866943,3.1187398433685303,-1.199925422668457,0.9505403637886047,4.750477313995361,-3.26539945602417,0.2570923864841461,-0.011214308440685272,2.6447653770446777,-7.838791370391846
0.52,-0.07287243753671646,-0.9205156564712524,0.624343752861023,-0.6345999240875244,0.7677161693572998,-1.7904785871505737,-0.28940820693969727,0.3246500492095947,-0.9004694223403931,0.20000000298023224,0.0,0.0,0.0,0.03202060982584953,-0.13147403299808502,-0.5838742256164551,0.5267923474311829,0.17727474868297577,0.5041618347167969,0.04620099812746048,-0.7739176154136658,-0.5084362626075745,-1.1317723989486694,2.2609763145446777,2.255627393722534,-2.9142260551452637,-2.5964226722717285,1.3233191967010498,-3.992964506149292,-1.7282333374023438,-7.689143180847168,1.0511759519577026,3.3415305614471436,-3.1477713584899902,1.283848762512207,-3.1416139602661133,0.9077267050743103,1.34150230884552,3.7471396923065186,-6.964163303375244,-4.019489288330078,-0.09136034548282623,-0.4450642168521881,-1.3398051261901855,1.0376852750778198,-0.35790109634399414,0.43218690156936646,1.0556974411010742,0.0430615097284317,1.3999873399734497,0.33328741788864136,1.127496600151062,1.3716168403625488,-2.4777591228485107,-1.7447435855865479,5.501999855041504,-0.08716446161270142,-0.1690894514322281,-1.679296612739563,0.9734242558479309,-0.11211555451154709,-0.015459790825843811,0.9584332704544067,0.04061321169137955,1.069262981414795,0.725905179977417,1.2839679718017578,1.5342580080032349,-2.685535192489624,-1.7759767770767212,-0.04358223080635071,-0.08454472571611404,-0.8396483063697815,0.48671212792396545,0.3541422188282013,0.40247011184692383,-0.21888333559036255,-0.6777933835983276,-0.7369685173034668,-0.9086474180221558,2.317984104156494,2.443129062652588,-3.0646677017211914,-2.6098883152008057,0.03202060982584953,-0.13147403299808502,-0.5838742256164551,0.5267923474311829,0.17727474868297577,0.5041618347167969,0.04620099812746048,-0.7739176154136658,-0.5084362626075745,-1.1317723989486694,2.2609763145446777,2.255627393722534,-2.9142260551452637,-2.5964226722717285,1.3233191967010498,-3.992964506149292,-1.7282333374023438,-7.689143180847168,1.0511759519577026,3.3415305614471436,-3.1477713584899902,1.283848762512207,-3.1416139602661133,0.9077267050743103,1.34150230884552,3.7471396923065186,-6.964163303375244,-4.019489288330078
0.54,-0.1171615943312645,-0.8392213582992554,0.34461915493011475,-1.7525889873504639,0.572202205657959,-2.1379523277282715,-0.2888237535953522,0.32545849680900574,-0.9003652930259705,0.20000000298023224,0.0,0.0,0.0,0.012389058247208595,-0.23978371918201447,-0.6542237401008606,0.38019585609436035,0.21078674495220184,0.553382396697998,-0.050953611731529236,-0.7458406090736389,-0.5791547298431396,-1.0846996307373047,2.28684663772583,2.3338046073913574,-2.998990297317505,-2.6108481884002686,-1.2359387874603271,-3.2434723377227783,-5.985028266906738,-4.604503631591797,3.759655237197876,-0.8509308695793152,-4.823344707489014,1.4183731079101562,-7.703771591186523,8.808846473693848,3.0932276248931885,5.747281074523926,-10.201496124267578,-1.7070022821426392,-0.08716446161270142,-0.1690894514322281,-1.679296612739563,0.9734242558479309,-0.11211555451154709,-0.015459790825843811,0.9584332704544067,0.04061321169137955,1.069262981414795,0.725905179977417,1.2839679718017578,1.5342580080032349,-2.685535192489624,-1.7759767770767212,5.48199987411499,-0.1482747495174408,-0.29776307940483093,-1.773780345916748,1.1218916177749634,-0.12877404689788818,-0.10798382759094238,1.1809494495391846,-0.31839174032211304,1.1289602518081665,0.8461620211601257,1.1867419481277466,1.7151765823364258,-2.5572099685668945,-1.7987654209136963,-0.0741373747587204,-0.14888153970241547,-0.886890172958374,0.5609458088874817,0.34581297636032104,0.35620808601379395,-0.10762524604797363,-0.8572958707809448,-0.707119882106781,-0.848518967628479,2.2693710327148438,2.533588409423828,-3.000504970550537,-2.6212825775146484,0.012389058247208595,-0.23978371918201447,-0.6542237401008606,0.38019585609436035,0.21078674495220184,0.553382396697998,-0.050953611731529236,-0.7458406090736389,-0.5791547298431396,-1.0846996307373047,2.28684663772583,2.3338046073913574,-2.998990297317505,-2.6108481884002686,-1.2359387874603271,-3.2434723377227783,-5.985028266906738,-4.604503631591797,3.759655237197876,-0.8509308695793152,-4.823344707489014,1.4183731079101562,-7.703771591186523,8.808846473693848,3.0932276248931885,5.747281074523926,-10.201496124267578,-1.7070022821426392
0.561,-0.1171615943312645,-0.8392213582992554,0.34461915493011475,-3.5785465240478516,0.4914988875389099,-2.5431950092315674,-0.2958671450614929,0.3665967881679535,-0.882082462310791,0.20000000298023224,0.0,0.0,0.0,0.007537289522588253,-0.20138131082057953,-0.7764745354652405,0.37806886434555054,0.27856069803237915,0.5134910345077515,-0.14014850556850433,-0.7160539627075195,-0.6590315699577332,-0.9489967823028564,2.330826997756958,2.441807270050049,-3.0572640895843506,-2.612907648086548,-0.47030431032180786,4.195135593414307,-6.612739562988281,4.280701637268066,2.7328126430511475,-3.6993396282196045,-2.9830331802368164,-0.4398029148578644,-0.7265389561653137,7.462979316711426,-0.40314823389053345,7.859743118286133,7.272140026092529,-0.3064959645271301,-0.1482747495174408,-0.29776307940483093,-1.773780345916748,1.1218916177749634,-0.12877404689788818,-0.10798382759094238,1.1809494495391846,-0.31839174032211304,1.1289602518081665,0.8461620211601257,1.1867419481277466,1.7151765823364258,-2.5572099685668945,-1.7987654209136963,5.461999893188477,-0.6279568672180176,-0.6455663442611694,-1.338922381401062,1.4952654838562012,-0.32404035329818726,-0.25920629501342773,1.3442766666412354,-0.5707502365112305,1.4455486536026,1.1960525512695312,1.1332088708877563,1.5016535520553589,-2.2546536922454834,-1.5890543460845947,-0.3139784336090088,-0.3227831721305847,-0.669461190700531,0.7476327419281006,0.2481798231601715,0.28059685230255127,-0.025961637496948242,-0.9834750890731812,-0.5488256812095642,-0.6735737323760986,2.2426044940948486,2.4268267154693604,-2.849226951599121,-2.5164270401000977,0.00025998413912020624,-0.15376928448677063,-0.8440598249435425,0.43648600578308105,0.30623236298561096,0.47914841771125793,-0.15544243156909943,-0.7302693128585815,-0.6732110977172852,-0.9044671058654785,2.3193442821502686,2.5103487968444824,-3.008094072341919,-2.605553150177002,-1.0047839879989624,4.954616546630859,-6.698919296264648,6.731200695037842,2.5299553871154785,-3.4257149696350098,-0.5952726006507874,-1.8669013977050781,-1.2574594020843506,3.152761220932007,-1.5678125619888306,5.696316242218018,2.6461305618286133,0.8138037323951721
0.58,-0.09698592871427536,-0.6810390949249268,0.028754325583577156,-3.1047818660736084,0.9161048531532288,-1.2087807655334473,-0.3010692000389099,0.41762006282806396,-0.8572927117347717,0.20000000298023224,0.0,0.0,0.0,-0.026193005964159966,-0.12065791338682175,-0.8886699676513672,0.5146934390068054,0.31263256072998047,0.43193069100379944,-0.16118332743644714,-0.7645595669746399,-0.6468341946601868,-0.8411508202552795,2.285090684890747,2.5398459434509277,-2.9281980991363525,-2.533902406692505,-5.037308692932129,1.0014417171478271,-1.5105371475219727,9.56640625,-0.9932686686515808,-5.383326530456543,-0.5875520706176758,-4.704437255859375,5.462032318115234,7.864993572235107,-5.040135383605957,1.4040687084197998,12.862807273864746,9.87072467803955,-0.6279568672180176,-0.6455663442611694,-1.338922381401062,1.4952654838562012,-0.32404035329818726,-0.25920629501342773,1.3442766666412354,-0.5707502365112305,1.4455486536026,1.1960525512695312,1.1332088708877563,1.5016535520553589,-2.2546536922454834,-1.5890543460845947,5.441999912261963,-0.2828538417816162,-0.26111987233161926,-1.2014200687408447,1.4231164455413818,-0.46164894104003906,0.15111608803272247,1.21861732006073,-0.36450475454330444,1.519060492515564,0.8898435235023499,1.0195128917694092,1.5805147886276245,-2.2012875080108643,-1.3828999996185303,-0.1414269208908081,-0.13055993616580963,-0.6007100343704224,0.7115582227706909,0.1793755292892456,0.4857580363750458,-0.08879131078720093,-0.8803523778915405,-0.5120697617530823,-0.8266782760620117,2.1857564449310303,2.466257333755493,-2.8225436210632324,-2.4133501052856445,-0.026193005964159966,-0.12065791338682175,-0.8886699676513672,0.5146934390068054,0.31263256072998047,0.43193069100379944,-0.16118332743644714,-0.7645595669746399,-0.6468341946601868,-0.8411508202552795,2.285090684890747,2.5398459434509277,-2.9281980991363525,-2.533902406692505,-5.037308692932129,1.0014417171478271,-1.5105371475219727,9.56640625,-0.9932686686515808,-5.383326530456543,-0.5875520706176758,-4.704437255859375,5.462032318115234,7.864993572235107,-5.040135383605957,1.4040687084197998,12.862807273864746,9.87072467803955
0.602,-0.09698592871427536,-0.6810390949249268,0.028754325583577156,-5.001704216003418,1.1266502141952515,0.20326688885688782,-0.2842332422733307,0.47947701811790466,-0.8302488923072815,0.20000000298023224,0.0,0.0,0.0,-0.1789422631263733,-0.15241137146949768,-0.8016362190246582,0.7504196166992188,0.2657289505004883,0.37171730399131775,-0.15752871334552765,-0.8387383818626404,-0.5560949444770813,-0.7993921041488647,2.1853108406066895,2.513859510421753,-2.815065383911133,-2.4274742603302,-5.995217323303223,-0.15482325851917267,9.98747730255127,12.504881858825684,-2.97239089012146,0.05669045448303223,0.43412306904792786,-1.556187391281128,2.6946349143981934,-2.677366256713867,-4.390206336975098,-4.0423688888549805,0.6206298470497131,4.555296421051025,-0.2828538417816162,-0.26111987233161926,-1.2014200687408447,1.4231164455413818,-0.46164894104003906,0.15111608803272247,1.21861732006073,-0.36450475454330444,1.519060492515564,0.8898435235023499,1.0195128917694092,1.5805147886276245,-2.2012875080108643,-1.3828999996185303,5.421999931335449,0.48485898971557617,-0.045436978340148926,-1.4255427122116089,0.9961126446723938,-0.45906445384025574,0.2394590675830841,1.231326937675476,-0.10267352312803268,1.7455973625183105,0.4586127698421478,0.6485536694526672,1.4234189987182617,-2.123586654663086,-1.3327704668045044,0.24242949485778809,-0.022718489170074463,-0.7127713561058044,0.4980563223361969,0.18066777288913727,0.529929518699646,-0.08243650197982788,-0.7494367361068726,-0.398801326751709,-1.042293667793274,2.000276803970337,2.387709617614746,-2.783693313598633,-2.3882851600646973,-0.22575943171977997,-0.1473301202058792,-0.6935717463493347,0.8587916493415833,0.237226665019989,0.3789813220500946,-0.15206316113471985,-0.8456751704216003,-0.5383469462394714,-0.8178465366363525,2.1522200107574463,2.4722325801849365,-2.822601556777954,-2.4113070964813232,-3.753516435623169,0.7606026530265808,10.766989707946777,8.926783561706543,-2.7125418186187744,1.1531234979629517,0.6152374148368835,-0.2981134355068207,1.21897554397583,-1.273371934890747,-2.4385430812835693,-4.072710037231445,-1.1075901985168457,0.06551507860422134
0.62,-0.12858347594738007,-0.43193376064300537,-0.47955697774887085,-4.942086696624756,1.0602070093154907,-1.4982309341430664,-0.2710740864276886,0.558485746383667,-0.7839722633361816,0.20000000298023224,0.0,0.0,0.0,-0.2492668628692627,-0.1355106234550476,-0.6024577021598816,0.904495120048523,0.2100285440683365,0.4032808840274811,-0.13831724226474762,-0.8369605541229248,-0.5125089287757874,-0.8576177954673767,2.1247408390045166,2.4145283699035645,-2.810990333557129,-2.394955635070801,-0.044670458883047104,2.3872406482696533,7.092926502227783,-0.09535045921802521,-2.7153031826019287,3.7657504081726074,2.5407228469848633,2.78884220123291,4.561614036560059,-8.169661521911621,-3.9343323707580566,-8.035242080688477,3.949558973312378,1.7983580827713013,0.48485898971557617,-0.045436978340148926,-1.4255427122116089,0.9961126446723938,-0.45906445384025574,0.2394590675830841,1.231326937675476,-0.10267352312803268,1.7455973625183105,0.4586127698421478,0.6485536694526672,1.4234189987182617,-2.123586654663086,-1.3327704668045044,5.4019999504089355,0.2562721073627472,-0.22208020091056824,-0.9771028757095337,1.239967703819275,-0.4496346712112427,0.189309224486351,1.0390801429748535,-0.2735368609428406,1.9430054426193237,0.43372732400894165,0.864287257194519,1.568921685218811,-2.0591683387756348,-1.372030258178711,0.1281360536813736,-0.11104010045528412,-0.48855143785476685,0.6199838519096375,0.1853826642036438,0.5048546195030212,-0.17855989933013916,-0.8348684310913086,-0.3000972867012024,-1.0547363758087158,2.1081435680389404,2.460460901260376,-2.7514841556549072,-2.4079151153564453,-0.2168419063091278,-0.10323997586965561,-0.5691807270050049,0.8582258820533752,0.1898750364780426,0.43432188034057617,-0.10371006280183792,-0.8067593574523926,-0.4775402545928955,-0.9249796271324158,2.0874578952789307,2.3475964069366455,-2.787797451019287,-2.394054651260376,5.748270511627197,3.6399037837982178,0.20964674651622772,-8.187267303466797,-1.523901104927063,2.568904399871826,3.8835318088531494,2.846585512161255,2.857520818710327,-5.536572456359863,-3.2961132526397705,-5.5481085777282715,1.1365795135498047,-0.356465220451355
0.641,-0.12858347594738007,-0.43193376064300537,-0.47955697774887085,-3.959758758544922,1.6936589479446411,-2.671969413757324,-0.28165072202682495,0.6110377907752991,-0.7398011088371277,0.20000000298023224,0.0,0.0,0.0,-0.13801905512809753,-0.0729571282863617,-0.5780153274536133,0.7618046998977661,0.17234353721141815,0.45355847477912903,-0.0747421383857727,-0.7934674620628357,-0.43061569333076477,-0.9753352999687195,2.0811097621917725,2.3242788314819336,-2.818868398666382,-2.4101667404174805,9.167064666748047,1.9605365991592407,-0.4299820065498352,-9.151228904724121,-2.0043718814849854,1.1999390125274658,0.7949880957603455,-0.6196852326393127,5.7582855224609375,-4.199494361877441,2.5452096462249756,0.9735400676727295,-3.8138577938079834,-2.5375988483428955,0.2562721073627472,-0.22208020091056824,-0.9771028757095337,1.239967703819275,-0.4496346712112427,0.189309224486351,1.0390801429748535,-0.2735368609428406,1.9430054426193237,0.43372732400894165,0.864287257194519,1.568921685218811,-2.0591683387756348,-1.372030258178711,5.381999969482422,-0.34947532415390015,-0.24261356890201569,-1.2452186346054077,1.0748995542526245,-0.4227887690067291,0.3280597925186157,0.7498533129692078,0.14104971289634705,1.6221596002578735,0.7144136428833008,1.1704808473587036,1.2846037149429321,-2.1426327228546143,-1.5332311391830444,-0.17473766207695007,-0.12130678445100784,-0.6226093173027039,0.5374497771263123,0.19880561530590057,0.574229896068573,-0.32317331433296204,-0.6275750994682312,-0.4605202078819275,-0.9143931865692139,2.2612404823303223,2.3183019161224365,-2.7932162284851074,-2.488515615463257,-0.03158746659755707,-0.06164412572979927,-0.5818775296211243,0.6675918698310852,0.15803250670433044,0.4621487855911255,-0.08233164250850677,-0.8071821331977844,-0.38745078444480896,-1.0069477558135986,2.118083953857422,2.340296983718872,-2.8434946537017822,-2.4177141189575195,11.480899810791016,0.39757558703422546,-0.2819814383983612,-9.43105411529541,-1.0261356830596924,0.7006857395172119,-1.7394524812698364,-1.7270201444625854,3.473647356033325,-2.560284376144409,4.171676158905029,2.0452332496643066,-1.6114646196365356,0.03269239515066147
0.661,-0.2258424162864685,-0.40398970246315,-0.7385914921760559,2.8809139728546143,0.3516075611114502,-1.4345656633377075,-0.2856765687465668,0.6082070469856262,-0.7405896782875061,0.20000000298023224,0.0,0.0,0.0,0.001110803335905075,-0.1031574085354805,-0.6376833319664001,0.5264211893081665,0.1704271137714386,0.475675106048584,-0.10421611368656158,-0.7911325693130493,-0.4165182411670685,-0.9900882840156555,2.142526388168335,2.339959144592285,-2.809626579284668,-2.4785094261169434,-1.8187400102615356,-6.682337284088135,-8.399796485900879,-16.958654403686523,2.0405662059783936,2.1934890747070312,-2.525463819503784,3.2401275634765625,-4.241846084594727,3.1113336086273193,2.6301913261413574,-0.8662090301513672,6.010540008544922,-5.330028057098389,-0.34947532415390015,-0.24261356890201569,-1.2452186346054077,1.0748995542526245,-0.4227887690067291,0.3280597925186157,0.7498533129692078,0.14104971289634705,1.6221596002578735,0.7144136428833008,1.1704808473587036,1.2846037149429321,-2.1426327228546143,-1.5332311391830444,5.361999988555908,-0.2764761447906494,0.3620605766773224,-1.0047792196273804,0.7879222631454468,-0.3197215497493744,-0.3278849124908447,0.5174543261528015,-0.19217973947525024,1.4268629550933838,1.1347523927688599,1.092793345451355,1.0196365118026733,-1.8203731775283813,-1.3140404224395752,-0.1382380723953247,0.1810302883386612,-0.5023896098136902,0.3939611315727234,0.25033921003341675,0.24625754356384277,-0.43937280774116516,-0.7941898107528687,-0.5581685304641724,-0.7042238116264343,2.2223966121673584,2.1858181953430176,-2.6320865154266357,-2.378920078277588,-0.021463675424456596,-0.16187328100204468,-0.7041070461273193,0.3795110285282135,0.1841340810060501,0.503792941570282,-0.142616868019104,-0.7553460001945496,-0.44368305802345276,-0.9628883600234985,2.179758071899414,2.33494234085083,-2.776151418685913,-2.501042604446411,-1.6868947744369507,-4.408478736877441,-4.1741461753845215,-11.401429176330566,0.7579875588417053,3.124851942062378,-4.71417760848999,3.7044179439544678,-1.6414179801940918,2.355909824371338,4.195457935333252,0.033892035484313965,1.0724469423294067,-0.5111883282661438
0.682,-0.2258424162864685,-0.40398970246315,-0.7385914921760559,-0.3667999505996704,0.4545098841190338,-0.3009389340877533,-0.29064908623695374,0.5872319340705872,-0.7554348111152649,0.20000000298023224,0.0,0.0,0.0,-0.023595795035362244,-0.17048390209674835,-0.702619194984436,0.3088926374912262,0.19653156399726868,0.5199314951896667,-0.19978174567222595,-0.7260727882385254,-0.48170867562294006,-0.9014672636985779,2.199507713317871,2.3157763481140137,-2.71351957321167,-2.4242982864379883,1.2167216539382935,3.2779881954193115,3.8959245681762695,-3.5514156818389893,1.601538896560669,-0.8048940300941467,-6.979284763336182,2.1015684604644775,-4.797022819519043,10.839851379394531,-0.4449128210544586,-3.7081661224365234,12.87798023223877,11.874665260314941,-0.2764761447906494,0.3620605766773224,-1.0047792196273804,0.7879222631454468,-0.3197215497493744,-0.3278849124908447,0.5174543261528015,-0.19217973947525024,1.4268629550933838,1.1347523927688599,1.092793345451355,1.0196365118026733,-1.8203731775283813,-1.3140404224395752,5.341000080108643,-0.22117488086223602,-0.27804577350616455,-0.7339428067207336,0.9577515125274658,-0.4583604037761688,-0.10503622889518738,1.4819583892822266,-0.6746805906295776,1.6843712329864502,1.2622617483139038,0.7025492787361145,1.271111011505127,-1.618114709854126,-1.0927385091781616,-0.11058744043111801,-0.13902288675308228,-0.3669714033603668,0.4788757562637329,0.18101979792118073,0.35768187046051025,0.04287922382354736,-1.03544020652771,-0.42941439151763916,-0.6404691338539124,2.0272746086120605,2.3115553855895996,-2.5309572219848633,-2.2682693004608154,-0.005824854597449303,-0.09579827636480331,-0.6692162156105042,0.3081566095352173,0.20983903110027313,0.5005320906639099,-0.2580339014530182,-0.7091068029403687,-0.5303897261619568,-0.8112923502922058,2.2228152751922607,2.290508985519409,-2.6534628868103027,-2.3648197650909424,2.474546194076538,10.622895240783691,3.3818507194519043,2.240767240524292,0.9066689014434814,-2.8202426433563232,-5.596122741699219,1.239687204360962,-4.184708595275879,7.303171157836914,3.3738253116607666,-1.85517156124115,3.840797185897827,2.0981998443603516
0.7,-0.5907673239707947,-0.8755174279212952,0.11141408979892731,0.38288164138793945,0.6986358165740967,0.09612514823675156,-0.2838001549243927,0.5998989939689636,-0.7480499148368835,0.20000000298023224,0.0,0.0,0.0,0.01335508469492197,0.003885352984070778,-0.63408362865448,0.3508911430835724,0.19584137201309204,0.4671255946159363,-0.2923547029495239,-0.7311831116676331,-0.5288398861885071,-0.7399987578392029,2.223609685897827,2.2943036556243896,-2.63417387008667,-2.290487051010132,0.48674285411834717,7.587480068206787,3.0601048469543457,5.562299728393555,-2.5486559867858887,-3.1856460571289062,-0.45250651240348816,-5.022943496704102,3.0478274822235107,5.356754779815674,-3.761815309524536,3.0513596534729004,-0.9352566599845886,8.562362670898438,-0.22117488086223602,-0.27804577350616455,-0.7339428067207336,0.9577515125274658,-0.4583604037761688,-0.10503622889518738,1.4819583892822266,-0.6746805906295776,1.6843712329864502,1.2622617483139038,0.7025492787361145,1.271111011505127,-1.618114709854126,-1.0927385091781616,5.322000026702881,0.11487843096256256,-0.5377773642539978,-0.8533527255058289,1.0634533166885376,-0.043131060898303986,-0.0720490962266922,1.853880524635315,-0.10076098889112473,1.6234740018844604,1.3820385932922363,0.8541269898414612,0.8827900886535645,-1.8155277967453003,-0.7264715433120728,0.05743921548128128,-0.2688886821269989,-0.42667636275291443,0.5317266583442688,0.38863447308540344,0.37417545914649963,0.22884029150009155,-0.7484804391860962,-0.45986300706863403,-0.5805807113647461,2.1030635833740234,2.1173949241638184,-2.6296639442443848,-2.0851356983184814,0.01335508469492197,0.003885352984070778,-0.63408362865448,0.3508911430835724,0.19584137201309204,0.4671255946159363,-0.2923547029495239,-0.7311831116676331,-0.5288398861885071,-0.7399987578392029,2.223609685897827,2.2943036556243896,-2.63417387008667,-2.290487051010132,0.48674285411834717,7.587480068206787,3.0601048469543457,5.562299728393555,-2.5486559867858887,-3.1856460571289062,-0.45250651240348816,-5.022943496704102,3.0478274822235107,5.356754779815674,-3.761815309524536,3.0513596534729004,-0.9352566599845886,8.562362670898438
0.721,-0.5907673239707947,-0.8755174279212952,0.11141408979892731,0.5976966619491577,0.4259280264377594,0.8143589496612549,-0.2675394117832184,0.5904649496078491,-0.7614287734031677,0.20000000298023224,0.0,0.0,0.0,-0.030113300308585167,0.04357009753584862,-0.5915098190307617,0.46049439907073975,0.18329916894435883,0.4090454578399658,-0.23972149193286896,-0.8281542062759399,-0.5097329616546631,-0.6586511731147766,2.092341423034668,2.2961437702178955,-2.7200067043304443,-2.1352696418762207,-1.9587856531143188,-2.5732202529907227,2.1858973503112793,4.602839469909668,2.0414328575134277,-2.1583590507507324,4.351902961730957,-1.103471040725708,0.0400351919233799,3.471764087677002,-5.4601311683654785,-6.370458602905273,-4.041891574859619,11.473447799682617,0.11487843096256256,-0.5377773642539978,-0.8533527255058289,1.0634533166885376,-0.043131060898303986,-0.0720490962266922,1.853880524635315,-0.10076098889112473,1.6234740018844604,1.3820385932922363,0.8541269898414612,0.8827900886535645,-1.8155277967453003,-0.7264715433120728,5.302000045776367,0.5462825298309326,-0.29632875323295593,-0.9334665536880493,0.9440018534660339,-0.3511420786380768,0.04570126533508301,1.7757585048675537,-0.33066871762275696,1.7168110609054565,1.0081568956375122,0.8042616248130798,0.8353014588356018,-1.980040192604065,-0.8482694625854492,0.2731412649154663,-0.14816437661647797,-0.46673327684402466,0.47200092673301697,0.23462896049022675,0.43305063247680664,0.18977928161621094,-0.8634343147277832,-0.413194477558136,-0.7675215601921082,2.0781307220458984,2.0936508178710938,-2.7119200229644775,-2.1460347175598145,-0.04274275526404381,-0.007648073602467775,-0.5717350840568542,0.5050286650657654,0.20890524983406067,0.39157477021217346,-0.19704389572143555,-0.8197941184043884,-0.5235249400138855,-0.6315018534660339,2.0441458225250244,2.236426830291748,-2.758612871170044,-2.0860040187835693,-0.6255003213882446,-7.058049201965332,1.7004088163375854,4.273159503936768,1.8906558752059937,-1.4547964334487915,3.9105963706970215,1.8379875421524048,-3.3146920204162598,2.2406396865844727,-4.1330766677856445,-5.464955806732178,-3.536076545715332,1.2081011533737183
0.741,-0.24739623069763184,-0.670731782913208,-0.23714226484298706,-0.5274779796600342,-0.4273379445075989,0.5054752230644226,-0.2578013837337494,0.588142991065979,-0.7665678858757019,0.20000000298023224,0.0,0.0,0.0,-0.04563937708735466,-0.08388835191726685,-0.5559767484664917,0.5435981154441833,0.20684155821800232,0.38967272639274597,-0.16521894931793213,-0.7965433597564697,-0.5267317891120911,-0.6430975794792175,2.0158987045288086,2.182943105697632,-2.797351121902466,-2.1166834831237793,0.21204203367233276,-6.799403667449951,1.5961179733276367,3.5706210136413574,-1.6890113353729248,1.1775826215744019,3.017165184020996,2.091749668121338,2.3867530822753906,-5.359413146972656,-1.7068263292312622,-5.4199628829956055,-3.3719701766967773,-5.314647197723389,0.5462825298309326,-0.29632875323295593,-0.9334665536880493,0.9440018534660339,-0.3511420786380768,0.04570126533508301,1.7757585048675537,-0.33066871762275696,1.7168110609054565,1.0081568956375122,0.8042616248130798,0.8353014588356018,-1.980040192604065,-0.8482694625854492,5.2820000648498535,0.595696747303009,0.15668344497680664,-0.7750179767608643,0.9213930368423462,-0.3856204152107239,0.023486662656068802,1.3813883066177368,-0.46103745698928833,1.8898848295211792,0.5990527272224426,0.5600978136062622,0.949726402759552,-1.8828784227371216,-1.042236328125,0.2978483736515045,0.07834172248840332,-0.38750898838043213,0.4606965184211731,0.2173897922039032,0.421943336725235,-0.00740581750869751,-0.9286186695098877,-0.32665759325027466,-0.9720736742019653,1.9560489654541016,2.1508631706237793,-2.663339138031006,-2.24301815032959,-0.04563937708735466,-0.08388835191726685,-0.5559767484664917,0.5435981154441833,0.20684155821800232,0.38967272639274597,-0.16521894931793213,-0.7965433597564697,-0.5267317891120911,-0.6430975794792175,2.0158987045288086,2.182943105697632,-2.797351121902466,-2.1166834831237793,0.21204203367233276,-6.799403667449951,1.5961179733276367,3.5706210136413574,-1.6890113353729248,1.1775826215744019,3.017165184020996,2.091749668121338,2.3867530822753906,-5.359413146972656,-1.7068263292312622,-5.4199628829956055,-3.3719701766967773,-5.314647197723389
0.762,-0.24739623069763184,-0.670731782913208,-0.23714226484298706,-3.14048433303833,-0.39696064591407776,-0.2227764129638672,-0.2662663161754608,0.6169914603233337,-0.7405564188957214,0.20000000298023224,0.0,0.0,0.0,-0.0054017710499465466,-0.1506981998682022,-0.5192233920097351,0.6167361736297607,0.17851786315441132,0.41399067640304565,-0.12712262570858002,-0.7924445271492004,-0.4627993404865265,-0.7679910063743591,2.0391156673431396,2.117497205734253,-2.852395534515381,-2.212221384048462,3.763652801513672,1.897589921951294,2.746187210083008,3.798771381378174,-1.4977426528930664,1.4543077945709229,1.5709182024002075,-1.1502597332000732,3.7684130668640137,-9.001103401184082,1.6440149545669556,-1.7854728698730469,-2.885375499725342,-6.718456745147705,0.595696747303009,0.15668344497680664,-0.7750179767608643,0.9213930368423462,-0.3856204152107239,0.023486662656068802,1.3813883066177368,-0.46103745698928833,1.8898848295211792,0.5990527272224426,0.5600978136062622,0.949726402759552,-1.8828784227371216,-1.042236328125,5.261000156402588,0.3689374327659607,0.017378108575940132,-0.7607935667037964,0.955682098865509,-0.45995795726776123,0.1469709873199463,1.363904356956482,-0.24668100476264954,1.953310251235962,0.5281611680984497,0.661451518535614,1.0065081119537354,-1.9473233222961426,-1.1223524808883667,0.18446871638298035,0.008689054287970066,-0.3803967833518982,0.4778410494327545,0.18022102117538452,0.4836854934692383,-0.01614779233932495,-0.8214404582977295,-0.2949448823928833,-1.0075194835662842,2.006725788116455,2.1792540550231934,-2.695561647415161,-2.283076286315918,0.0379987396299839,-0.10426480323076248,-0.4838999807834625,0.6473111510276794,0.16623838245868683,0.42369261384010315,-0.11295170336961746,-0.8107925653457642,-0.4322074353694916,-0.8415958881378174,2.0497703552246094,2.09468936920166,-2.8752858638763428,-2.243480920791626,4.565138339996338,6.374046802520752,3.9383976459503174,2.227097511291504,-1.0705057382583618,0.6047279238700867,1.2503782510757446,-2.3302459716796875,2.558706283569336,-6.062829971313477,0.549501895904541,-2.2555508613586426,-1.7424345016479492,-1.1807342767715454
0.781,-0.04338483139872551,-0.7778154611587524,0.11250466853380203,-1.8256044387817383,0.09290417283773422,-0.4515683054924011,-0.2712305784225464,0.6552737951278687,-0.7050179243087769,0.20000000298023224,0.0,0.0,0.0,0.0758216455578804,-0.0385734960436821,-0.4480198621749878,0.6535034775733948,0.14883005619049072,0.43445226550102234,-0.10753268003463745,-0.8326675891876221,-0.3923967778682709,-0.9096998572349548,2.056163787841797,2.0880353450775146,-2.881798267364502,-2.2821526527404785,3.189868211746216,5.974991798400879,3.053236484527588,-1.2202156782150269,-1.7841194868087769,1.181634545326233,-0.1737830936908722,-1.6856123208999634,4.034310340881348,-5.861717224121094,0.8522792458534241,0.02575063519179821,0.4459731876850128,-4.697703838348389,0.3689374327659607,0.017378108575940132,-0.7607935667037964,0.955682098865509,-0.45995795726776123,0.1469709873199463,1.363904356956482,-0.24668100476264954,1.953310251235962,0.5281611680984497,0.661451518535614,1.0065081119537354,-1.9473233222961426,-1.1223524808883667,5.242000102996826,0.2580872178077698,-0.17834632098674774,-0.7025963664054871,1.0857170820236206,-0.29335641860961914,0.11911123245954514,1.463395595550537,-0.17554384469985962,1.6786516904830933,0.7648935914039612,0.8800630569458008,1.1191465854644775,-2.1419107913970947,-1.1344307661056519,0.1290436089038849,-0.08917316049337387,-0.35129818320274353,0.5428585410118103,0.26352179050445557,0.469755619764328,0.03359782695770264,-0.7858718633651733,-0.4322741627693176,-0.889153242111206,2.1160316467285156,2.2355732917785645,-2.7928552627563477,-2.2891154289245605,0.0758216455578804,-0.0385734960436821,-0.4480198621749878,0.6535034775733948,0.14883005619049072,0.43445226550102234,-0.10753268003463745,-0.8326675891876221,-0.3923967778682709,-0.9096998572349548,2.056163787841797,2.0880353450775146,-2.881798267364502,-2.2821526527404785,3.189868211746216,5.974991798400879,3.053236484527588,-1.2202156782150269,-1.7841194868087769,1.181634545326233,-0.1737830936908722,-1.6856123208999634,4.034310340881348,-5.861717224121094,0.8522792458534241,0.02575063519179821,0.4459731876850128,-4.697703838348389
0.803,-0.04338483139872551,-0.7778154611587524,0.11250466853380203,0.27552205324172974,-0.19005325436592102,-0.5235598683357239,-0.2788844108581543,0.6586465835571289,-0.6988620162010193,0.20000000298023224,0.0,0.0,0.0,0.1176239401102066,0.037656303495168686,-0.42207133769989014,0.560533344745636,0.1538347601890564,0.44200125336647034,-0.10508216172456741,-0.8551738262176514,-0.3794262707233429,-0.9366306066513062,2.064232110977173,2.1095309257507324,-2.878774642944336,-2.3077752590179443,0.6819077134132385,0.8720727562904358,0.07340563088655472,-5.918663024902344,2.4575979709625244,-0.11353805661201477,0.538485586643219,-0.4540073871612549,-3.201038122177124,2.0606069564819336,0.3191230893135071,3.3970322608947754,1.0904878377914429,-0.24149368703365326,0.2580872178077698,-0.17834632098674774,-0.7025963664054871,1.0857170820236206,-0.29335641860961914,0.11911123245954514,1.463395595550537,-0.17554384469985962,1.6786516904830933,0.7648935914039612,0.8800630569458008,1.1191465854644775,-2.1419107913970947,-1.1344307661056519,5.2220001220703125,0.2284136861562729,-0.16106221079826355,-0.668661892414093,1.0677169561386108,-0.21872469782829285,-0.058102451264858246,1.4810672998428345,-0.4304477870464325,1.423572063446045,1.0468991994857788,1.0316238403320312,1.199444055557251,-2.0499768257141113,-1.0570632219314575,0.11420684307813644,-0.08053110539913177,-0.3343309462070465,0.5338584780693054,0.3008376359939575,0.3811487853527069,0.04243367910385132,-0.9133238792419434,-0.5598139762878418,-0.7481504082679749,2.191812038421631,2.275722026824951,-2.7468883991241455,-2.250431537628174,0.12091535329818726,0.031737785786390305,-0.4232441186904907,0.5025749802589417,0.17926527559757233,0.44440925121307373,-0.10149575024843216,-0.8541633486747742,-0.40198180079460144,-0.9206309914588928,2.068960666656494,2.145226240158081,-2.867797374725342,-2.301269054412842,0.20283488929271698,-1.6012871265411377,-0.12223649770021439,-5.3867974281311035,2.557934284210205,0.446737140417099,0.36321985721588135,0.5890499949455261,-1.6550610065460205,1.3401732444763184,0.6427208781242371,3.6375043392181396,0.9854694604873657,0.8779110312461853
0.822,0.03981328383088112,-0.5970224142074585,-0.12265491485595703,-0.16307827830314636,-0.2618187665939331,-0.08839535713195801,-0.2865560054779053,0.6542314887046814,-0.6999048590660095,0.20000000298023224,0.0,0.0,0.0,0.12349245697259903,0.007272972259670496,-0.4238186180591583,0.4623662531375885,0.21318070590496063,0.4389793276786804,-0.10118158161640167,-0.8560499548912048,-0.4421312212944031,-0.8777611255645752,2.0843708515167236,2.1917808055877686,-2.8572864532470703,-2.2679736614227295,0.29030749201774597,-2.983320474624634,-0.09953642636537552,-2.6965432167053223,3.8924851417541504,-1.472935438156128,-0.47214919328689575,-1.2433342933654785,-5.5810089111328125,6.454260349273682,2.7249579429626465,5.6674394607543945,1.0999399423599243,5.124305725097656,0.2284136861562729,-0.16106221079826355,-0.668661892414093,1.0677169561386108,-0.21872469782829285,-0.058102451264858246,1.4810672998428345,-0.4304477870464325,1.423572063446045,1.0468991994857788,1.0316238403320312,1.199444055557251,-2.0499768257141113,-1.0570632219314575,5.202000141143799,0.25165265798568726,0.043236326426267624,-0.8392535448074341,1.1153578758239746,-0.39102599024772644,-0.020762436091899872,1.5035221576690674,-0.5614622235298157,1.510481595993042,0.9651845097541809,0.8447808027267456,1.4288979768753052,-1.986051321029663,-1.1561625003814697,0.12582632899284363,0.021618163213133812,-0.41962677240371704,0.5576789379119873,0.21468700468540192,0.3998187780380249,0.05366110801696777,-0.9788310527801514,-0.5163592100143433,-0.7890077829360962,2.0983903408050537,2.390449047088623,-2.714925765991211,-2.299981117248535,0.1297387182712555,-0.023208172991871834,-0.41962215304374695,0.4496212303638458,0.24647682905197144,0.4259592294692993,-0.10737238079309464,-0.8649118542671204,-0.48398852348327637,-0.8284153342247009,2.113389015197754,2.243145227432251,-2.8479645252227783,-2.2414629459381104,0.9204297065734863,-2.976515054702759,0.8765600919723511,-0.15730778872966766,2.9437592029571533,-1.1982111930847168,-0.5953367352485657,-0.5824178457260132,-3.3229470252990723,3.924928903579712,2.8392140865325928,4.477163314819336,0.7084465622901917,1.0501015186309814
0.841,0.03981328383088112,-0.5970224142074585,-0.12265491485595703,-0.8886362314224243,-0.1421063244342804,-0.10588966310024261,-0.2886008322238922,0.6641846895217896,-0.6896145343780518,0.20000000298023224,0.0,0.0,0.0,0.14209586381912231,-0.044219594448804855,-0.4082464873790741,0.4677668511867523,0.2629911005496979,0.42370203137397766,-0.10523298382759094,-0.8768781423568726,-0.4953274130821228,-0.8199478983879089,2.1318564414978027,2.3024089336395264,-2.849189281463623,-2.275287389755249,1.429362177848816,-1.1165777444839478,1.109054446220398,3.1993350982666016,0.6668660044670105,-0.1425650715827942,1.0287034511566162,-2.0058434009552,-0.3511416018009186,0.9525937438011169,0.8781416416168213,7.007209777832031,-0.7824335694313049,-5.113819122314453,0.25165265798568726,0.043236326426267624,-0.8392535448074341,1.1153578758239746,-0.39102599024772644,-0.020762436091899872,1.5035221576690674,-0.5614622235298157,1.510481595993042,0.9651845097541809,0.8447808027267456,1.4288979768753052,-1.986051321029663,-1.1561625003814697,5.182000160217285,0.3206450939178467,0.18476267158985138,-0.9067599177360535,1.1858447790145874,-0.2602471113204956,-0.04445981979370117,1.3066859245300293,-0.4637333154678345,1.7515159845352173,0.878631591796875,0.8073570728302002,1.380901575088501,-2.0657670497894287,-1.1843146085739136,0.16032254695892334,0.09238133579492569,-0.45337995886802673,0.5929223895072937,0.28007644414901733,0.38797008991241455,-0.04475700855255127,-0.9299666285514832,-0.3958420157432556,-0.8322842121124268,2.079678535461426,2.366450786590576,-2.7547836303710938,-2.3140573501586914,0.1566363424062729,-0.04609844833612442,-0.3979228138923645,0.5026890635490417,0.2687743306159973,0.42112278938293457,-0.09246208518743515,-0.8989638686180115,-0.49648332595825195,-0.8086782693862915,2.1363580226898193,2.353865385055542,-2.857539653778076,-2.2925376892089844,1.3986856937408447,0.4411218464374542,0.9233247637748718,3.5756306648254395,0.4909961521625519,-0.2626734972000122,1.329710841178894,-2.211570978164673,0.07341007888317108,0.9718518257141113,0.1992538869380951,3.8633615970611572,-0.739309549331665,-0.23527809977531433
0.861,0.11545293033123016,-0.5555867552757263,0.029187453910708427,-0.9454560875892639,0.0862109512090683,-0.3887377083301544,-0.2920582890510559,0.674996018409729,-0.6775561571121216,0.20000000298023224,0.0,0.0,0.0,0.17152398824691772,-0.030774032697081566,-0.3885456323623657,0.5368763208389282,0.27099716663360596,0.4199211001396179,-0.07978253811597824,-0.911312997341156,-0.49052777886390686,-0.814592719078064,2.135690450668335,2.372180700302124,-2.8626418113708496,-2.300501585006714,1.7226649522781372,2.8823037147521973,1.0672892332077026,3.5369505882263184,-0.5600515604019165,-0.24676507711410522,1.163775086402893,-0.09016308933496475,2.045522451400757,-1.5387885570526123,-0.1518515795469284,0.16031627357006073,-0.28393998742103577,-2.03763747215271,0.3206450939178467,0.18476267158985138,-0.9067599177360535,1.1858447790145874,-0.2602471113204956,-0.04445981979370117,1.3066859245300293,-0.4637333154678345,1.7515159845352173,0.878631591796875,0.8073570728302002,1.380901575088501,-2.0657670497894287,-1.1843146085739136,5.1620001792907715,0.2465657889842987,0.1030571237206459,-0.723359227180481,1.4114670753479004,-0.326487272977829,-0.12746848165988922,1.512844443321228,-0.6191463470458984,1.6863943338394165,0.9317371249198914,0.8121128082275391,1.437949299812317,-2.165820837020874,-1.1775139570236206,0.12328289449214935,0.05152856186032295,-0.3616796135902405,0.7057335376739502,0.24695636332035065,0.3464657664299011,0.058322250843048096,-1.0076731443405151,-0.428402841091156,-0.8057314157485962,2.0820565223693848,2.394974708557129,-2.8048105239868164,-2.310657024383545,0.18524052202701569,0.004919582977890968,-0.38222384452819824,0.5716848373413086,0.26418980956077576,0.4145919382572174,-0.07135558128356934,-0.9146161079406738,-0.4661385715007782,-0.8213574290275574,2.1363377571105957,2.3726844787597656,-2.8606297969818115,-2.3121182918548584,0.8766548037528992,3.888328790664673,0.19943773746490479,3.175689220428467,-0.5786411166191101,-0.6222461462020874,0.5923993587493896,-0.46222159266471863,2.6156187057495117,-0.4704033136367798,0.13557647168636322,-0.13112525641918182,0.5740973949432373,-0.48711687326431274
0.88,0.11545293033123016,-0.5555867552757263,0.029187453910708427,-0.2672443687915802,0.16968445479869843,-0.488016813993454,-0.296796590089798,0.6774895191192627,-0.6729931235313416,0.20000000298023224,0.0,0.0,0.0,0.1858198344707489,0.04207649827003479,-0.38105902075767517,0.6235169172286987,0.2591605484485626,0.3987017571926117,-0.05964260175824165,-0.9380173087120056,-0.45901623368263245,-0.8027976155281067,2.1307666301727295,2.396266222000122,-2.8656580448150635,-2.3103349208831787,-0.5167731046676636,3.5801169872283936,-0.09328141063451767,5.934727668762207,-0.6725183725357056,-1.4244390726089478,1.6004499197006226,-2.6611862182617188,1.134910225868225,0.37959396839141846,-1.1877999305725098,2.1351919174194336,-0.6197295188903809,1.0156127214431763,0.2465657889842987,0.1030571237206459,-0.723359227180481,1.4114670753479004,-0.326487272977829,-0.12746848165988922,1.512844443321228,-0.6191463470458984,1.6863943338394165,0.9317371249198914,0.8121128082275391,1.437949299812317,-2.165820837020874,-1.1775139570236206,5.142000198364258,0.16101539134979248,0.08093361556529999,-0.912583589553833,1.4881359338760376,-0.30058354139328003,-0.2948320508003235,1.4836630821228027,-0.5444193482398987,1.5703579187393188,1.1700328588485718,0.8554769158363342,1.468397617340088,-2.2133166790008545,-1.077659010887146,0.08050769567489624,0.040466807782649994,-0.4562917947769165,0.7440679669380188,0.2599082291126251,0.2627839744091034,0.04373157024383545,-0.9703096151351929,-0.48642104864120483,-0.6865835785865784,2.10373854637146,2.41019868850708,-2.8285584449768066,-2.2607295513153076,0.1858198344707489,0.04207649827003479,-0.38105902075767517,0.6235169172286987,0.2591605484485626,0.3987017571926117,-0.05964260175824165,-0.9380173087120056,-0.45901623368263245,-0.8027976155281067,2.1307666301727295,2.396266222000122,-2.8656580448150635,-2.3103349208831787,-0.5167731046676636,3.5801169872283936,-0.09328141063451767,5.934727668762207,-0.6725183725357056,-1.4244390726089478,1.6004499197006226,-2.6611862182617188,1.134910225868225,0.37959396839141846,-1.1877999305725098,2.1351919174194336,-0.6197295188903809,1.0156127214431763
0.902,0.1573633998632431,-0.3835071921348572,-0.043032873421907425,1.7255213260650635,0.13203391432762146,-0.45111894607543945,-0.3001415431499481,0.662915050983429,-0.6858999133110046,0.20000000298023224,0.0,0.0,0.0,0.13380268216133118,0.08203786611557007,-0.40957751870155334,0.7211340665817261,0.25665318965911865,0.360230416059494,-0.03297986835241318,-0.9780486822128296,-0.46473196148872375,-0.7702436447143555,2.1122348308563232,2.4101040363311768,-2.8682198524475098,-2.2768797874450684,-4.924953460693359,-0.10668942332267761,-3.7700703144073486,3.487980365753174,0.4225061535835266,-3.0293772220611572,0.9719189405441284,-1.4058148860931396,-1.5072003602981567,4.3336358070373535,-0.17371103167533875,0.2527071237564087,2.962045907974243,3.7517857551574707,0.16101539134979248,0.08093361556529999,-0.912583589553833,1.4881359338760376,-0.30058354139328003,-0.2948320508003235,1.4836630821228027,-0.5444193482398987,1.5703579187393188,1.1700328588485718,0.8554769158363342,1.468397617340088,-2.2133166790008545,-1.077659010887146,5.120999813079834,0.12715493142604828,0.13498784601688385,-1.0204577445983887,1.6195576190948486,-0.31015443801879883,-0.5435738563537598,1.5646058320999146,-0.6846624612808228,1.3110431432724,1.3895752429962158,0.9576534032821655,1.5668655633926392,-2.283977746963501,-1.0551376342773438,0.06357746571302414,0.06749392300844193,-0.5102288722991943,0.8097788095474243,0.2551227807998657,0.13841307163238525,0.08420294523239136,-1.040431261062622,-0.6160784363746643,-0.5768123865127563,2.1548266410827637,2.45943284034729,-2.863888740539551,-2.2494688034057617,0.08127151429653168,0.07488091289997101,-0.4516015648841858,0.749279260635376,0.2589874565601349,0.3321512043476105,-0.01879035122692585,-0.9839968085289001,-0.4730902910232544,-0.7384699583053589,2.1076486110687256,2.4100611209869385,-2.8387370109558105,-2.2602007389068604,-5.195596218109131,-1.0091572999954224,-4.255522727966309,2.395569324493408,0.13993598520755768,-2.653348445892334,1.7230783700942993,-0.03278231993317604,-0.5931037068367004,2.4562246799468994,-0.5726179480552673,-0.2662546634674072,2.3210761547088623,0.44218742847442627
0.92,0.1573633998632431,-0.3835071921348572,-0.043032873421907425,1.0275851488113403,0.08951758593320847,-0.5298154354095459,-0.3056224584579468,0.6379813551902771,-0.7068060040473938,0.20000000298023224,0.0,0.0,0.0,0.03574641793966293,0.06690466403961182,-0.4996306598186493,0.7862918972969055,0.26491910219192505,0.29450201988220215,0.00650584464892745,-0.996480405330658,-0.5066077709197998,-0.6860690116882324,2.1121628284454346,2.4264206886291504,-2.857957601547241,-2.2532243728637695,-3.8326969146728516,-0.3963688611984253,-4.953672409057617,4.679551601409912,0.6382393836975098,-4.406984329223633,2.8403964042663574,-1.9159750938415527,-4.731481552124023,5.852035045623779,1.1698462963104248,2.282118797302246,-3.2047557830810547,1.3328133821487427,0.12715493142604828,0.13498784601688385,-1.0204577445983887,1.6195576190948486,-0.31015443801879883,-0.5435738563537598,1.5646058320999146,-0.6846624612808228,1.3110431432724,1.3895752429962158,0.9576534032821655,1.5668655633926392,-2.283977746963501,-1.0551376342773438,5.1020002365112305,0.16766905784606934,0.246947780251503,-1.3222757577896118,1.5199660062789917,-0.19292861223220825,-0.5208858847618103,1.498354434967041,-0.6742287874221802,1.2826257944107056,1.4245524406433105,0.9483883380889893,1.512363314628601,-2.2919270992279053,-1.0141416788101196,0.08383452892303467,0.1234738901257515,-0.6611378788948059,0.7599830031394958,0.313735693693161,0.14975705742835999,0.05107724666595459,-1.0352144241333008,-0.6302871108055115,-0.559323787689209,2.1501941680908203,2.4321815967559814,-2.867863655090332,-2.228970766067505,0.03574641793966293,0.06690466403961182,-0.4996306598186493,0.7862918972969055,0.26491910219192505,0.29450201988220215,0.00650584464892745,-0.996480405330658,-0.5066077709197998,-0.6860690116882324,2.1121628284454346,2.4264206886291504,-2.857957601547241,-2.2532243728637695,-3.8326969146728516,-0.3963688611984253,-4.953672409057617,4.679551601409912,0.6382393836975098,-4.406984329223633,2.8403964042663574,-1.9159750938415527,-4.731481552124023,5.852035045623779,1.1698462963104248,2.282118797302246,-3.2047557830810547,1.3328133821487427
0.942,0.07359495759010315,-0.11697691679000854,-0.33648309111595154,0.7338815331459045,0.27930229902267456,-1.049295425415039,-0.3113638162612915,0.6251775622367859,-0.7156853675842285,0.20000000298023224,0.0,0.0,0.0,0.0009064286714419723,0.08057495951652527,-0.5752112865447998,0.8509699106216431,0.27206000685691833,0.21121856570243835,0.04664111137390137,-1.0074496269226074,-0.5875610709190369,-0.6066495180130005,2.1354353427886963,2.4178059101104736,-2.8765904903411865,-2.2287213802337646,-0.27910560369491577,1.5077074766159058,-4.954013347625732,0.4185554087162018,0.5871931910514832,-3.477344512939453,1.3585420846939087,0.17788027226924896,-2.9681239128112793,2.3184478282928467,1.2772127389907837,-1.8746365308761597,0.21200184524059296,0.9407173991203308,0.16766905784606934,0.246947780251503,-1.3222757577896118,1.5199660062789917,-0.19292861223220825,-0.5208858847618103,1.498354434967041,-0.6742287874221802,1.2826257944107056,1.4245524406433105,0.9483883380889893,1.512363314628601,-2.2919270992279053,-1.0141416788101196,5.080999851226807,0.14910656213760376,0.18073229491710663,-0.7870138883590698,1.5616297721862793,-0.23239178955554962,-0.6695303320884705,1.7670949697494507,-0.839772641658783,1.4109827280044556,1.5116740465164185,0.9171300530433655,1.4480323791503906,-2.228304386138916,-0.8707981109619141,0.07455328106880188,0.09036614745855331,-0.3935069441795349,0.7808148860931396,0.2940041124820709,0.07543483376502991,0.18544751405715942,-1.1179863214492798,-0.5661086440086365,-0.515762984752655,2.1345651149749756,2.4000163078308105,-2.836052179336548,-2.157299041748047,0.005156861152499914,0.09816783666610718,-0.6319519281387329,0.8445786833763123,0.2778806686401367,0.18021029233932495,0.05929874628782272,-1.0081539154052734,-0.6067194938659668,-0.5912625193595886,2.1465003490448,2.4067623615264893,-2.8685970306396484,-2.228891372680664,1.052852988243103,1.991926670074463,-5.884830474853516,-1.3975670337677002,0.6329631805419922,-2.798762798309326,1.1275626420974731,-0.2250797003507614,-1.4032633304595947,1.1139432191848755,0.9270138144493103,-0.7294999957084656,0.8859648108482361,-0.2639824450016022
0.96,0.07359495759010315,-0.11697691679000854,-0.33648309111595154,0.02997356839478016,1.284285068511963,0.533051609992981,-0.30805355310440063,0.6119497418403625,-0.728437066078186,0.20000000298023224,0.0,0.0,0.0,0.020141679793596268,0.1117696762084961,-0.6792868971824646,0.8316811323165894,0.2685778737068176,0.1483992487192154,0.05933297425508499,-1.019081473350525,-0.5910886526107788,-0.5632537603378296,2.155494451522827,2.3823585510253906,-2.8555748462677,-2.1751797199249268,1.9691288471221924,0.7744916081428528,-2.0438685417175293,0.3010605275630951,-1.7253477573394775,-3.0523781776428223,-1.1932239532470703,-1.5504164695739746,1.4492502212524414,2.2286922931671143,0.9878975749015808,-2.522707223892212,1.3012182712554932,5.381711483001709,0.14910656213760376,0.18073229491710663,-0.7870138883590698,1.5616297721862793,-0.23239178955554962,-0.6695303320884705,1.7670949697494507,-0.839772641658783,1.4109827280044556,1.5116740465164185,0.9171300530433655,1.4480323791503906,-2.228304386138916,-0.8707981109619141,5.061999797821045,0.3456413745880127,0.0967446118593216,-0.7027901411056519,1.2786661386489868,-0.3674403727054596,-0.48706895112991333,1.8390933275222778,-0.5647828578948975,1.6382296085357666,1.2568293809890747,0.8152390718460083,1.3715211153030396,-2.184448480606079,-0.8497355580329895,0.17282068729400635,0.0483723059296608,-0.3513950705528259,0.6393330693244934,0.22647981345653534,0.16666552424430847,0.221446692943573,-0.9804913997650146,-0.45248520374298096,-0.6431853175163269,2.0836195945739746,2.3617606163024902,-2.81412410736084,-2.1467678546905518,0.020141679793596268,0.1117696762084961,-0.6792868971824646,0.8316811323165894,0.2685778737068176,0.1483992487192154,0.05933297425508499,-1.019081473350525,-0.5910886526107788,-0.5632537603378296,2.155494451522827,2.3823585510253906,-2.8555748462677,-2.1751797199249268,1.9691288471221924,0.7744916081428528,-2.0438685417175293,0.3010605275630951,-1.7253477573394775,-3.0523781776428223,-1.1932239532470703,-1.5504164695739746,1.4492502212524414,2.2286922931671143,0.9878975749015808,-2.522707223892212,1.3012182712554932,5.381711483001709
0.981,0.2353774905204773,-0.26321014761924744,-0.5117858648300171,1.8855962753295898,-0.44571542739868164,0.5588839650154114,-0.2967403829097748,0.5989806056022644,-0.7437522411346436,0.20000000298023224,0.0,0.0,0.0,0.026336494833230972,0.12148082256317139,-0.680667519569397,0.8142734169960022,0.26309871673583984,0.1288728266954422,0.04972812160849571,-1.0192214250564575,-0.593293309211731,-0.5807741284370422,2.159250497817993,2.3413612842559814,-2.855149984359741,-2.147921085357666,-2.082057237625122,-0.6576740741729736,-1.166151762008667,-4.996293544769287,-0.806154727935791,1.0838243961334229,0.9704448580741882,2.7343108654022217,2.2281174659729004,-3.2601065635681152,-0.6295621395111084,-3.3010714054107666,0.21211637556552887,-0.4993545413017273,0.3456413745880127,0.0967446118593216,-0.7027901411056519,1.2786661386489868,-0.3674403727054596,-0.48706895112991333,1.8390933275222778,-0.5647828578948975,1.6382296085357666,1.2568293809890747,0.8152390718460083,1.3715211153030396,-2.184448480606079,-0.8497355580329895,5.041999816894531,0.4485515356063843,0.02681502141058445,-0.5068686008453369,1.1315265893936157,-0.0892702043056488,-0.6500152349472046,1.5675691366195679,-0.7331764101982117,1.3767808675765991,1.3291709423065186,0.8549551367759705,1.2012085914611816,-2.0940728187561035,-0.77577143907547,0.22427576780319214,0.013407510705292225,-0.25343430042266846,0.5657632946968079,0.36556488275527954,0.08519238233566284,0.08568459749221802,-1.0646882057189941,-0.5832095742225647,-0.607014536857605,2.1034774780273438,2.276604175567627,-2.7689363956451416,-2.109785795211792,0.026336494833230972,0.12148082256317139,-0.680667519569397,0.8142734169960022,0.26309871673583984,0.1288728266954422,0.04972812160849571,-1.0192214250564575,-0.593293309211731,-0.5807741284370422,2.159250497817993,2.3413612842559814,-2.855149984359741,-2.147921085357666,-2.082057237625122,-0.6576740741729736,-1.166151762008667,-4.996293544769287,-0.806154727935791,1.0838243961334229,0.9704448580741882,2.7343108654022217,2.2281174659729004,-3.2601065635681152,-0.6295621395111084,-3.3010714054107666,0.21211637556552887,-0.4993545413017273
1.0,0.2353774905204773,-0.26321014761924744,-0.5117858648300171,0.5411624908447266,0.03894352540373802,0.9715078473091125,-0.2922729253768921,0.5863893032073975,-0.7554628252983093,0.20000000298023224,0.0,0.0,0.0,-0.00913938507437706,0.10497305542230606,-0.6872367262840271,0.7006597518920898,0.26057472825050354,0.13932912051677704,0.06540344655513763,-0.9730275273323059,-0.5744916796684265,-0.5949200391769409,2.1528146266937256,2.2849600315093994,-2.8405983448028564,-2.1098053455352783,-1.07283616065979,-1.1857913732528687,0.8545263409614563,-5.826714992523193,1.4760432243347168,-0.5720058679580688,-0.569835364818573,1.1716960668563843,-2.603311777114868,0.25732919573783875,0.6098319292068481,-2.9955453872680664,1.291043996810913,2.8995614051818848,0.4485515356063843,0.02681502141058445,-0.5068686008453369,1.1315265893936157,-0.0892702043056488,-0.6500152349472046,1.5675691366195679,-0.7331764101982117,1.3767808675765991,1.3291709423065186,0.8549551367759705,1.2012085914611816,-2.0940728187561035,-0.77577143907547,5.021999835968018,0.44149261713027954,-0.07991952449083328,-0.6184207201004028,1.0015734434127808,-0.33290010690689087,-0.44993263483047485,1.5851609706878662,-0.6536874771118164,1.3953138589859009,1.1685365438461304,0.8500394821166992,1.2799514532089233,-2.0419397354125977,-0.836894690990448,0.22074630856513977,-0.03995976224541664,-0.3092103600502014,0.5007867217063904,0.2437499463558197,0.1852336823940277,0.09448051452636719,-1.0249437093734741,-0.5739430785179138,-0.6873317360877991,2.101019859313965,2.3159756660461426,-2.7428698539733887,-2.1403472423553467,-0.00913938507437706,0.10497305542230606,-0.6872367262840271,0.7006597518920898,0.26057472825050354,0.13932912051677704,0.06540344655513763,-0.9730275273323059,-0.5744916796684265,-0.5949200391769409,2.1528146266937256,2.2849600315093994,-2.8405983448028564,-2.1098053455352783,-1.07283616065979,-1.1857913732528687,0.8545263409614563,-5.826714992523193,1.4760432243347168,-0.5720058679580688,-0.569835364818573,1.1716960668563843,-2.603311777114868,0.25732919573783875,0.6098319292068481,-2.9955453872680664,1.291043996810913,2.8995614051818848
1.022,0.29378360509872437,-0.5237492322921753,-0.09973639994859695,-0.14986445009708405,0.026456760242581367,1.5802977085113525,-0.27686595916748047,0.5890512466430664,-0.759186327457428,0.20000000298023224,0.0,0.0,0.0,-0.025449104607105255,0.06578473001718521,-0.6505767107009888,0.5964053273200989,0.2760964632034302,0.13977786898612976,0.0561387725174427,-0.9601180553436279,-0.6079793572425842,-0.6368492841720581,2.1515679359436035,2.26669979095459,-2.8212342262268066,-2.141716241836548,-0.5857490301132202,-2.8511369228363037,3.0318822860717773,-5.106156826019287,-0.21684935688972473,0.782734751701355,-0.7438002228736877,0.40933507680892944,-0.09511972218751907,-2.861257791519165,-0.6058786511421204,-0.24445153772830963,1.205840826034546,-1.239310622215271,0.44149261713027954,-0.07991952449083328,-0.6184207201004028,1.0015734434127808,-0.33290010690689087,-0.44993263483047485,1.5851609706878662,-0.6536874771118164,1.3953138589859009,1.1685365438461304,0.8500394821166992,1.2799514532089233,-2.0419397354125977,-0.836894690990448,5.000999927520752,0.4755632281303406,-0.011768205091357231,-0.7200258374214172,0.8590843677520752,-0.2553883194923401,-0.3377143144607544,1.4320465326309204,-0.468267560005188,1.4142204523086548,0.8919969201087952,0.7867130637168884,1.361757516860962,-2.097890615463257,-0.9686108231544495,0.2377816140651703,-0.005884102545678616,-0.3600129187107086,0.4295421838760376,0.2825058400630951,0.24134284257888794,0.017923295497894287,-0.9322337508201599,-0.5644897818565369,-0.8256015777587891,2.0693564414978027,2.3568787574768066,-2.770845413208008,-2.206205368041992,-0.02589956484735012,0.03918008133769035,-0.6113995909690857,0.5550531148910522,0.27394381165504456,0.14852336049079895,0.048926547169685364,-0.9597315192222595,-0.6102078557014465,-0.6578531861305237,2.1448984146118164,2.267780303955078,-2.810920000076294,-2.1431808471679688,0.4369112551212311,-2.3740527629852295,4.659486770629883,-3.2369463443756104,-0.1911490559577942,0.9674607515335083,-0.6409055590629578,-0.17643922567367554,-0.311385840177536,-1.5994541645050049,-0.7275478839874268,0.46341264247894287,0.8721438646316528,0.24550433456897736
1.041,0.29378360509872437,-0.5237492322921753,-0.09973639994859695,-1.8413560390472412,-0.1714135855436325,1.7925374507904053,-0.25670453906059265,0.6152083277702332,-0.7454001903533936,0.20000000298023224,0.0,0.0,0.0,-0.016186535358428955,0.021922318264842033,-0.5577472448348999,0.5258142352104187,0.27272850275039673,0.16919447481632233,0.04560638964176178,-0.9495633244514465,-0.6137204766273499,-0.7000890374183655,2.13484263420105,2.280259370803833,-2.804805040359497,-2.191523551940918,1.351283311843872,-1.1873754262924194,5.777902126312256,-3.1915030479431152,-0.32075992226600647,2.83137845993042,-0.19613514840602875,1.8912478685379028,0.07905398309230804,-6.043355464935303,-1.1726915836334229,1.2784085273742676,0.4999731481075287,-6.661748886108398,0.4755632281303406,-0.011768205091357231,-0.7200258374214172,0.8590843677520752,-0.2553883194923401,-0.3377143144607544,1.4320465326309204,-0.468267560005188,1.4142204523086548,0.8919969201087952,0.7867130637168884,1.361757516860962,-2.097890615463257,-0.9686108231544495,4.98199987411499,0.47007066011428833,0.07949863374233246,-0.7666732668876648,0.8274599313735962,-0.28217318654060364,-0.2382897287607193,1.3213530778884888,-0.4833500385284424,1.5486432313919067,0.64715975522995,0.7103068828582764,1.3284475803375244,-2.007538318634033,-1.0024077892303467,0.23503533005714417,0.03974931687116623,-0.3833366334438324,0.4137299656867981,0.2691134214401245,0.2910551428794861,-0.03742343187332153,-0.9397749900817871,-0.4972783923149109,-0.9480201005935669,2.031153440475464,2.340223789215088,-2.7256691455841064,-2.2231040000915527,0.0018532566027715802,0.016298774629831314,-0.49638593196868896,0.49407944083213806,0.2707788050174713,0.19366176426410675,0.04396805539727211,-0.9337059855461121,-0.614106297492981,-0.7453863024711609,2.124746799468994,2.2879724502563477,-2.8001468181610107,-2.2134463787078857,2.15773606300354,-0.10227710008621216,6.368430137634277,-2.97329044342041,-0.17942571640014648,2.1752007007598877,-0.10951791703701019,1.3401248455047607,0.029117893427610397,-3.5739948749542236,-0.836625337600708,0.8554772734642029,0.37690597772598267,-0.1152137890458107
1.06,0.21167688071727753,-0.5845082402229309,0.07411736994981766,-2.3527190685272217,-0.3198656737804413,1.4851387739181519,-0.23974542319774628,0.6556873321533203,-0.715958297252655,0.20000000298023224,0.0,0.0,0.0,0.024473801255226135,0.020418640226125717,-0.43141409754753113,0.4616249203681946,0.26051950454711914,0.2232992947101593,0.03822554647922516,-0.9202767014503479,-0.5975773930549622,-0.80605548620224,2.1179749965667725,2.293016195297241,-2.790520429611206,-2.2167348861694336,2.1830265522003174,0.829935610294342,6.267028331756592,-3.444688558578491,-1.3013259172439575,3.154529094696045,-0.843512237071991,1.1687161922454834,2.2207350730895996,-6.574660778045654,-0.45032671093940735,0.6208229660987854,1.3211543560028076,-0.9703589677810669,0.47007066011428833,0.07949863374233246,-0.7666732668876648,0.8274599313735962,-0.28217318654060364,-0.2382897287607193,1.3213530778884888,-0.4833500385284424,1.5486432313919067,0.64715975522995,0.7103068828582764,1.3284475803375244,-2.007538318634033,-1.0024077892303467,4.961999893188477,0.4083799719810486,-0.018251104280352592,-0.7484734058380127,0.7981964349746704,-0.2521854043006897,-0.15343770384788513,1.3832509517669678,-0.4296230971813202,1.5255242586135864,0.6104640364646912,0.6784653067588806,1.3225064277648926,-2.0295825004577637,-1.1050817966461182,0.2041899859905243,-0.009125552140176296,-0.37423670291900635,0.3990982174873352,0.2841072976589203,0.3334811329841614,-0.006474494934082031,-0.9129115343093872,-0.508837878704071,-0.9663679599761963,2.015232563018799,2.3372530937194824,-2.7366912364959717,-2.2744407653808594,0.024473801255226135,0.020418640226125717,-0.43141409754753113,0.4616249203681946,0.26051950454711914,0.2232992947101593,0.03822554647922516,-0.9202767014503479,-0.5975773930549622,-0.80605548620224,2.1179749965667725,2.293016195297241,-2.790520429611206,-2.2167348861694336,2.1830265522003174,0.829935610294342,6.267028331756592,-3.444688558578491,-1.3013259172439575,3.154529094696045,-0.843512237071991,1.1687161922454834,2.2207350730895996,-6.574660778045654,-0.45032671093940735,0.6208229660987854,1.3211543560028076,-0.9703589677810669
1.082,0.21167688071727753,-0.5845082402229309,0.07411736994981766,-1.8186243772506714,-0.20646539330482483,0.9713538289070129,-0.22748056054115295,0.6931822896003723,-0.6839231848716736,0.20000000298023224,0.0,0.0,0.0,0.07646837085485458,0.046398598700761795,-0.31118541955947876,0.3977123200893402,0.24562400579452515,0.27410760521888733,0.02973240427672863,-0.9021645188331604,-0.5705890655517578,-0.9074103832244873,2.0992164611816406,2.315061330795288,-2.7679224014282227,-2.2611336708068848,2.43390154838562,0.4006118178367615,4.843569755554199,-3.869697093963623,-0.17059965431690216,2.225907564163208,0.5055070519447327,1.1770310401916504,0.9212559461593628,-3.456014394760132,-2.05092191696167,1.0275603532791138,1.0825262069702148,-4.187832832336426,0.4083799719810486,-0.018251104280352592,-0.7484734058380127,0.7981964349746704,-0.2521854043006897,-0.15343770384788513,1.3832509517669678,-0.4296230971813202,1.5255242586135864,0.6104640364646912,0.6784653067588806,1.3225064277648926,-2.0295825004577637,-1.1050817966461182,4.940999984741211,0.3545633554458618,-0.015274668112397194,-0.6621236205101013,0.9100605249404907,-0.25437286496162415,-0.07342401146888733,1.3715487718582153,-0.5460765361785889,1.5117161273956299,0.6702060699462891,0.7381840348243713,1.2685493230819702,-2.0084893703460693,-1.0808950662612915,0.1772816777229309,-0.007637334056198597,-0.33106181025505066,0.45503026247024536,0.28301358222961426,0.37348800897598267,-0.012325584888458252,-0.9711382389068604,-0.5157419443130493,-0.9364969730377197,2.0450921058654785,2.310274600982666,-2.726144790649414,-2.262347459793091,0.09692974388599396,0.0420767180621624,-0.27731359004974365,0.35960280895233154,0.24145211279392242,0.2917526960372925,0.032699234783649445,-0.8991043567657471,-0.5605523586273193,-0.9295716881752014,2.081010341644287,2.3250482082366943,-2.7466416358947754,-2.2751832008361816,1.8124216794967651,-1.0058280229568481,2.0393481254577637,-3.595418691635132,-0.47330498695373535,1.5080366134643555,0.2692309319972992,-0.22182883322238922,0.9071784615516663,-1.6659163236618042,-1.6033259630203247,1.1002979278564453,2.1748876571655273,-0.13586558401584625
1.1,0.07090821117162704,-0.3857325315475464,-0.10593939572572708,-1.7689893245697021,-0.22773873805999756,0.7257417440414429,-0.21797040104866028,0.7195664048194885,-0.6593277454376221,0.20000000298023224,0.0,0.0,0.0,0.11588725447654724,0.030716581270098686,-0.26531991362571716,0.3380102515220642,0.2406482994556427,0.30579254031181335,0.030393661931157112,-0.9107871651649475,-0.5593647956848145,-0.9286342859268188,2.075735330581665,2.334062099456787,-2.7275919914245605,-2.2580831050872803,1.9439266920089722,-1.0814827680587769,0.7542855739593506,-0.5776259303092957,0.21142782270908356,1.794085144996643,-0.3898601830005646,-1.8380448818206787,-0.3638642132282257,-0.0482211671769619,0.02413030155003071,1.3052539825439453,1.446950078010559,1.3967061042785645,0.3545633554458618,-0.015274668112397194,-0.6621236205101013,0.9100605249404907,-0.25437286496162415,-0.07342401146888733,1.3715487718582153,-0.5460765361785889,1.5117161273956299,0.6702060699462891,0.7381840348243713,1.2685493230819702,-2.0084893703460693,-1.0808950662612915,4.921999931335449,0.38999420404434204,0.21124880015850067,-0.6471300721168518,1.0374209880828857,-0.4007006883621216,-0.15634624660015106,1.4468512535095215,-0.5047929883003235,1.7206718921661377,0.7107158303260803,0.6778368949890137,1.3196425437927246,-1.9734355211257935,-1.1521636247634888,0.19499710202217102,0.10562440007925034,-0.3235650360584259,0.5187104940414429,0.20984965562820435,0.332026869058609,0.025325655937194824,-0.9504964351654053,-0.4112640619277954,-0.9162421226501465,2.014918327331543,2.3358211517333984,-2.708617687225342,-2.2979817390441895,0.11588725447654724,0.030716581270098686,-0.26531991362571716,0.3380102515220642,0.2406482994556427,0.30579254031181335,0.030393661931157112,-0.9107871651649475,-0.5593647956848145,-0.9286342859268188,2.075735330581665,2.334062099456787,-2.7275919914245605,-2.2580831050872803,1.9439266920089722,-1.0814827680587769,0.7542855739593506,-0.5776259303092957,0.21142782270908356,1.794085144996643,-0.3898601830005646,-1.8380448818206787,-0.3638642132282257,-0.0482211671769619,0.02413030155003071,1.3052539825439453,1.446950078010559,1.3967061042785645
1.121,0.07090821117162704,-0.3857325315475464,-0.10593939572572708,-3.1792080402374268,-0.5805703997612,0.3179442286491394,-0.21597687900066376,0.753247857093811,-0.6212661862373352,0.20000000298023224,0.0,0.0,0.0,0.16581352055072784,0.03307339921593666,-0.2631799280643463,0.39263707399368286,0.22779494524002075,0.33312177658081055,0.04061761498451233,-0.9414411187171936,-0.5268598794937134,-0.9101858735084534,2.060013771057129,2.3711445331573486,-2.7111408710479736,-2.294889211654663,3.431196451187134,2.691279411315918,0.11762582510709763,5.910651683807373,-1.3514611721038818,1.048511266708374,1.521081805229187,-0.8258571624755859,3.5418429374694824,0.36740320920944214,-1.5867466926574707,1.0797932147979736,1.1303907632827759,-1.5614620447158813,0.38999420404434204,0.21124880015850067,-0.6471300721168518,1.0374209880828857,-0.4007006883621216,-0.15634624660015106,1.4468512535095215,-0.5047929883003235,1.7206718921661377,0.7107158303260803,0.6778368949890137,1.3196425437927246,-1.9734355211257935,-1.1521636247634888,4.9019999504089355,0.36028170585632324,0.3057914674282074,-0.6961934566497803,1.2289836406707764,-0.3095795512199402,-0.04852715879678726,1.4036072492599487,-0.6781002283096313,1.8471609354019165,0.6977075934410095,0.5623599290847778,1.3145254850387573,-1.863224744796753,-1.0787038803100586,0.18014085292816162,0.1528957337141037,-0.34809672832489014,0.6144918203353882,0.25541022419929504,0.3859364092350006,0.0037036538124084473,-1.0371501445770264,-0.348019540309906,-0.9227461814880371,1.9571800231933594,2.3332626819610596,-2.653512477874756,-2.261251926422119,0.20215260982513428,0.06652885675430298,-0.2666608393192291,0.4575537145137787,0.21482053399085999,0.3413662016391754,0.05318557843565941,-0.9480804800987244,-0.49251335859298706,-0.9093577265739441,2.0482916831970215,2.3713858127593994,-2.705366849899292,-2.2968602180480957,3.5826752185821533,3.5185675621032715,-0.9287006855010986,6.5468668937683105,-1.1533410549163818,0.6214340329170227,1.0090367794036865,-0.5136740207672119,3.138981819152832,-0.012747038155794144,-0.8961954116821289,-0.5900200605392456,0.23282977938652039,0.1874866485595703
1.141,-0.022022578865289688,-0.16714413464069366,-0.1223045289516449,-2.4497451782226562,-0.5109497308731079,0.11698613315820694,-0.21888278424739838,0.7886965274810791,-0.5744981169700623,0.20000000298023224,0.0,0.0,0.0,0.23033852875232697,0.10310162603855133,-0.2809218466281891,0.5286266207695007,0.2029980719089508,0.35091662406921387,0.0553409717977047,-0.9643477201461792,-0.453022837638855,-0.9191038608551025,2.035187005996704,2.366530179977417,-2.668159246444702,-2.2683701515197754,2.0690882205963135,3.8331735134124756,-1.9103918075561523,7.739044189453125,-0.7167692184448242,1.173575520515442,-0.19190357625484467,-2.5286591053009033,3.95253586769104,-0.8228045701980591,-1.9047490358352661,-0.11215732991695404,5.979261875152588,4.024617671966553,0.36028170585632324,0.3057914674282074,-0.6961934566497803,1.2289836406707764,-0.3095795512199402,-0.04852715879678726,1.4036072492599487,-0.6781002283096313,1.8471609354019165,0.6977075934410095,0.5623599290847778,1.3145254850387573,-1.863224744796753,-1.0787038803100586,4.881999969482422,0.3242165446281433,0.43098562955856323,-0.6212243437767029,1.4607895612716675,-0.38075053691864014,-0.18528182804584503,1.3943889141082764,-0.6785537004470825,1.8468207120895386,0.8464598655700684,0.4161856174468994,1.440568208694458,-1.7561800479888916,-0.9781038165092468,0.16210827231407166,0.21549281477928162,-0.31061217188835144,0.7303947806358337,0.21982473134994507,0.3175590932369232,-0.0009055137634277344,-1.037376880645752,-0.34818965196609497,-0.8483700752258301,1.8840928077697754,2.3962841033935547,-2.599989891052246,-2.210951805114746,0.23033852875232697,0.10310162603855133,-0.2809218466281891,0.5286266207695007,0.2029980719089508,0.35091662406921387,0.0553409717977047,-0.9643477201461792,-0.453022837638855,-0.9191038608551025,2.035187005996704,2.366530179977417,-2.668159246444702,-2.2683701515197754,2.0690882205963135,3.8331735134124756,-1.9103918075561523,7.739044189453125,-0.7167692184448242,1.173575520515442,-0.19190357625484467,-2.5286591053009033,3.95253586769104,-0.8228045701980591,-1.9047490358352661,-0.11215732991695404,5.979261875152588,4.024617671966553
1.162,-0.022022578865289688,-0.16714413464069366,-0.1223045289516449,-1.8510551452636719,-0.6170191168785095,0.26260146498680115,-0.2239150106906891,0.8158062100410461,-0.5332188010215759,0.20000000298023224,0.0,0.0,0.0,0.2315140664577484,0.1693749725818634,-0.3375643491744995,0.6705496907234192,0.2057756632566452,0.36150750517845154,0.048958804458379745,-1.0137221813201904,-0.39217308163642883,-0.8917487859725952,1.9851734638214111,2.36872935295105,-2.604403018951416,-2.2271218299865723,-1.0107195377349854,3.7853550910949707,-1.3841806650161743,8.184992790222168,0.3161350190639496,-0.2999902069568634,-0.8878923058509827,-2.776728630065918,2.116880178451538,2.7302215099334717,-3.882500648498535,1.005270004272461,4.553445339202881,3.566441059112549,0.3242165446281433,0.43098562955856323,-0.6212243437767029,1.4607895612716675,-0.38075053691864014,-0.18528182804584503,1.3943889141082764,-0.6785537004470825,1.8468207120895386,0.8464598655700684,0.4161856174468994,1.440568208694458,-1.7561800479888916,-0.9781038165092468,4.860000133514404,0.39305394887924194,0.31355011463165283,-0.7039594054222107,1.5273802280426025,-0.3571585714817047,-0.19484786689281464,1.50963294506073,-0.7515323162078857,1.7221180200576782,0.9216172695159912,0.43630820512771606,1.433502435684204,-1.744173526763916,-0.8715468049049377,0.19652697443962097,0.15677505731582642,-0.35197970271110535,0.7636901140213013,0.23162071406841278,0.3127760589122772,0.05671650171279907,-1.0738661289215088,-0.41054099798202515,-0.8107913732528687,1.8941540718078613,2.3927512168884277,-2.593986749649048,-2.1576733589172363,0.21488583087921143,0.20643331110477448,-0.34669774770736694,0.7469371557235718,0.21021059155464172,0.35833317041397095,0.03976081684231758,-1.0321764945983887,-0.3756439685821533,-0.8725954294204712,1.9473061561584473,2.3747541904449463,-2.58876371383667,-2.211337089538574,-2.26819109916687,3.418240547180176,-0.6914393901824951,6.7884721755981445,0.49648353457450867,-0.3888937830924988,-1.0511802434921265,-1.1469004154205322,1.3614397048950195,1.475527048110962,-3.6335508823394775,0.13219179213047028,-0.12431056797504425,0.4595080316066742
1.18,-0.12356565147638321,0.18858171999454498,-0.31517425179481506,-0.7572962045669556,-0.7276974320411682,0.22586913406848907,-0.22656169533729553,0.826256513595581,-0.5157227516174316,0.20000000298023224,0.0,0.0,0.0,0.18640270829200745,0.2293890416622162,-0.3620871603488922,0.8017377257347107,0.2229110598564148,0.348186731338501,0.031427592039108276,-1.0499976873397827,-0.38821539282798767,-0.841955304145813,1.9163063764572144,2.3713855743408203,-2.5963127613067627,-2.1682491302490234,-3.2197582721710205,1.0654510259628296,-2.3038923740386963,4.601521015167236,1.2704507112503052,-0.9672388434410095,-0.5153042078018188,-1.9996700286865234,-1.2965011596679688,2.2581117153167725,-2.7877793312072754,0.010247047059237957,-0.6527478694915771,4.290142059326172,0.39305394887924194,0.31355011463165283,-0.7039594054222107,1.5273802280426025,-0.3571585714817047,-0.19484786689281464,1.50963294506073,-0.7515323162078857,1.7221180200576782,0.9216172695159912,0.43630820512771606,1.433502435684204,-1.744173526763916,-0.8715468049049377,4.8420000076293945,0.69744873046875,0.3624517321586609,-0.4642607569694519,1.6017656326293945,-0.41050535440444946,-0.2653951048851013,1.6770920753479004,-0.9222505688667297,1.787294864654541,0.8348177671432495,0.522082507610321,1.3886793851852417,-1.7817535400390625,-0.8002384305000305,0.348724365234375,0.18122586607933044,-0.23213037848472595,0.8008828163146973,0.2049473226070404,0.2775024473667145,0.14044606685638428,-1.1592252254486084,-0.37795257568359375,-0.8541911244392395,1.9370412826538086,2.3703396320343018,-2.612776756286621,-2.1220192909240723,0.18640270829200745,0.2293890416622162,-0.3620871603488922,0.8017377257347107,0.2229110598564148,0.348186731338501,0.031427592039108276,-1.0499976873397827,-0.38821539282798767,-0.841955304145813,1.9163063764572144,2.3713855743408203,-2.5963127613067627,-2.1682491302490234,-3.2197582721710205,1.0654510259628296,-2.3038923740386963,4.601521015167236,1.2704507112503052,-0.9672388434410095,-0.5153042078018188,-1.9996700286865234,-1.2965011596679688,2.2581117153167725,-2.7877793312072754,0.010247047059237957,-0.6527478694915771,4.290142059326172
1.201,-0.12356565147638321,0.18858171999454498,-0.31517425179481506,-3.601895809173584,-0.7168151140213013,0.40183159708976746,-0.22808918356895447,0.8477760553359985,-0.4788016676902771,0.20000000298023224,0.0,0.0,0.0,0.16419029235839844,0.23665818572044373,-0.37699347734451294,0.8683119416236877,0.22589196264743805,0.3269575834274292,0.024398954585194588,-1.074687123298645,-0.37616482377052307,-0.8377823829650879,1.880814552307129,2.352478504180908,-2.6198012828826904,-2.1189873218536377,3.6007258892059326,1.365881085395813,3.080829381942749,4.242709159851074,-0.40154772996902466,-1.5983115434646606,0.16301874816417694,-1.3734407424926758,0.2568773925304413,-0.6492199897766113,-0.9546331763267517,-1.015453577041626,-1.3243446350097656,0.9672136306762695,0.69744873046875,0.3624517321586609,-0.4642607569694519,1.6017656326293945,-0.41050535440444946,-0.2653951048851013,1.6770920753479004,-0.9222505688667297,1.787294864654541,0.8348177671432495,0.522082507610321,1.3886793851852417,-1.7817535400390625,-0.8002384305000305,4.822000026702881,0.7431693077087402,0.341683030128479,-0.3281996250152588,1.3118455410003662,-0.6602681875228882,0.015674032270908356,1.8064218759536743,-0.854681134223938,1.9768545627593994,0.49055713415145874,0.464411199092865,1.273905873298645,-1.6648026704788208,-0.8114195466041565,0.3715846538543701,0.1708415150642395,-0.1640998125076294,0.6559227705001831,0.08006590604782104,0.4180370271205902,0.20511096715927124,-1.1254405975341797,-0.28317272663116455,-1.0263214111328125,1.9082056283950806,2.312952995300293,-2.5543012619018555,-2.1276097297668457,0.21921087801456451,0.2493198662996292,-0.3324922025203705,0.9048064351081848,0.22117824852466583,0.309942364692688,0.02913636341691017,-1.08817720413208,-0.37605348229408264,-0.8431804776191711,1.8737910985946655,2.343541145324707,-2.6230428218841553,-2.1192586421966553,6.55942964553833,0.8868275880813599,5.062305927276611,2.7444255352020264,-0.5196080207824707,-1.7118781805038452,0.7502208948135376,-1.3705631494522095,-0.0664786770939827,-0.5102060437202454,-0.4363566040992737,-0.8599174618721008,0.1677040457725525,-0.3176102340221405
1.22,-0.26976361870765686,0.45352959632873535,-0.528570294380188,-1.3152153491973877,-1.7012423276901245,-0.021838800981640816,-0.22974877059459686,0.8792941570281982,-0.4172017276287079,0.20000000298023224,0.0,0.0,0.0,0.289248526096344,0.2488464117050171,-0.27295881509780884,0.8982353806495667,0.20382358133792877,0.30909493565559387,0.04230751097202301,-1.0850892066955566,-0.34598907828330994,-0.8905132412910461,1.85612154006958,2.3106203079223633,-2.578244209289551,-2.1221201419830322,6.900587558746338,-1.111188292503357,6.005298137664795,-3.877537488937378,-2.425856828689575,1.1732665300369263,2.0728719234466553,1.2954742908477783,3.870818614959717,-6.99137020111084,-2.3641791343688965,-4.578342437744141,5.442281246185303,-0.6668071150779724,0.7431693077087402,0.341683030128479,-0.3281996250152588,1.3118455410003662,-0.6602681875228882,0.015674032270908356,1.8064218759536743,-0.854681134223938,1.9768545627593994,0.49055713415145874,0.464411199092865,1.273905873298645,-1.6648026704788208,-0.8114195466041565,4.802000045776367,0.45825475454330444,0.3281700909137726,0.10760520398616791,1.2367476224899292,-0.44431084394454956,0.025566719472408295,1.3643245697021484,-0.7922651767730713,1.877211332321167,0.6120606064796448,0.23006229102611542,0.9948359727859497,-1.292271614074707,-0.6589819192886353,0.22912737727165222,0.1640850454568863,0.053802601993083954,0.6183738112449646,0.18804457783699036,0.4229833483695984,-0.0159376859664917,-1.0942325592041016,-0.33299434185028076,-0.9655697345733643,1.7910311222076416,2.1734180450439453,-2.3680357933044434,-2.0513908863067627,0.289248526096344,0.2488464117050171,-0.27295881509780884,0.8982353806495667,0.20382358133792877,0.30909493565559387,0.04230751097202301,-1.0850892066955566,-0.34598907828330994,-0.8905132412910461,1.85612154006958,2.3106203079223633,-2.578244209289551,-2.1221201419830322,6.900587558746338,-1.111188292503357,6.005298137664795,-3.877537488937378,-2.425856828689575,1.1732665300369263,2.0728719234466553,1.2954742908477783,3.870818614959717,-6.99137020111084,-2.3641791343688965,-4.578342437744141,5.442281246185303,-0.6668071150779724
1.242,-0.26976361870765686,0.45352959632873535,-0.528570294380188,0.5889868140220642,-1.0394878387451172,0.8448265790939331,-0.23853009939193726,0.8809927105903625,-0.4086015820503235,0.20000000298023224,0.0,0.0,0.0,0.27350977063179016,0.16599799692630768,-0.25831353664398193,0.7042964696884155,0.2016334980726242,0.3422265648841858,0.09613362699747086,-1.0632623434066772,-0.3132948577404022,-0.9525293707847595,1.870587706565857,2.2240214347839355,-2.5733776092529297,-2.058777332305908,-2.5469727516174316,-5.4441094398498535,-0.7015722990036011,-10.90129566192627,-0.4218403697013855,1.8069819211959839,-1.0597985982894897,1.5427056550979614,-0.564882755279541,-1.237177848815918,4.536262512207031,-5.255477428436279,0.3290857672691345,2.97689151763916,0.45825475454330444,0.3281700909137726,0.10760520398616791,1.2367476224899292,-0.44431084394454956,0.025566719472408295,1.3643245697021484,-0.7922651767730713,1.877211332321167,0.6120606064796448,0.23006229102611542,0.9948359727859497,-1.292271614074707,-0.6589819192886353,4.7820000648498535,0.5087507367134094,0.44261714816093445,-0.3708716630935669,0.8559727668762207,-0.4629787504673004,-0.289467990398407,1.2293816804885864,-0.5945955514907837,1.6075266599655151,0.7021099925041199,0.5235925912857056,1.0466974973678589,-1.5695773363113403,-0.8995949029922485,0.2543753683567047,0.22130857408046722,-0.18543583154678345,0.42798638343811035,0.17871062457561493,0.26546600461006165,-0.0834091305732727,-0.9953977465629578,-0.4678366780281067,-0.9205449819564819,1.9377963542938232,2.1993486881256104,-2.5066885948181152,-2.1716973781585693,0.2554353177547455,0.11790836602449417,-0.26571738719940186,0.6128488779067993,0.2007971853017807,0.3626282215118408,0.07710537314414978,-1.0532373189926147,-0.31139257550239563,-0.9605196118354797,1.9178944826126099,2.1905863285064697,-2.5636532306671143,-2.052990436553955,-1.6437797546386719,-3.880805253982544,0.1584310084581375,-7.32681131362915,0.060849737375974655,2.214503049850464,-2.5094804763793945,0.6218156814575195,-0.2510039508342743,-0.5198013186454773,4.171175003051758,-2.207568407058716,2.02553391456604,-0.25321900844573975
1.262,-0.15874098241329193,-0.16677974164485931,0.10533135384321213,-0.13983063399791718,-0.7049163579940796,1.187506079673767,-0.2243022471666336,0.8845259547233582,-0.4090261161327362,0.20000000298023224,0.0,0.0,0.0,0.24217496812343597,0.09471571445465088,-0.26028546690940857,0.5513089895248413,0.20825892686843872,0.37525901198387146,0.04551013931632042,-1.0393216609954834,-0.33017730712890625,-0.9397290945053101,1.9619859457015991,2.1813597679138184,-2.555185317993164,-2.1077919006347656,-1.160380482673645,-0.8337287902832031,1.018257737159729,-6.581318378448486,1.6836168766021729,0.33862295746803284,-3.5550365447998047,2.7392733097076416,-3.574012041091919,2.934425115585327,3.837691068649292,-0.3505209982395172,3.0396475791931152,-11.718048095703125,0.5087507367134094,0.44261714816093445,-0.3708716630935669,0.8559727668762207,-0.4629787504673004,-0.289467990398407,1.2293816804885864,-0.5945955514907837,1.6075266599655151,0.7021099925041199,0.5235925912857056,1.0466974973678589,-1.5695773363113403,-0.8995949029922485,4.761000156402588,0.46908146142959595,0.3888275921344757,-0.45551908016204834,0.9091401100158691,-0.34285885095596313,-0.09167730808258057,1.5619093179702759,-0.7422825694084167,1.4134479761123657,0.7818782925605774,0.588802695274353,1.2323650121688843,-1.6082383394241333,-0.8824419379234314,0.23454073071479797,0.19441379606723785,-0.22775954008102417,0.45457005500793457,0.23877057433128357,0.36436134576797485,0.08285468816757202,-1.0692412853240967,-0.5648760199546814,-0.880660891532898,1.9704012870788574,2.292182445526123,-2.5260190963745117,-2.163120985031128,0.23242029547691345,0.10197575390338898,-0.2491304576396942,0.4835042357444763,0.22498548030853271,0.3730525076389313,0.01741925999522209,-1.0155787467956543,-0.36581507325172424,-0.9227893948554993,1.9943926334381104,2.168605327606201,-2.5301382541656494,-2.1720783710479736,-0.887908399105072,1.9201334714889526,0.9819118976593018,-6.519257068634033,1.5068905353546143,-0.71433424949646,-2.1999011039733887,1.8084402084350586,-3.2169203758239746,1.1407088041305542,2.6874289512634277,-1.2186872959136963,1.7922883033752441,-2.7975497245788574
1.283,-0.15874098241329193,-0.16677974164485931,0.10533135384321213,-0.9171240925788879,-0.8235278129577637,0.950109601020813,-0.2104731947183609,0.8945594429969788,-0.3942898213863373,0.20000000298023224,0.0,0.0,0.0,0.22379185259342194,0.13011285662651062,-0.2431981861591339,0.43481069803237915,0.24876639246940613,0.3648054599761963,0.01040057186037302,-1.0184626579284668,-0.42499271035194397,-0.902141273021698,2.016611099243164,2.1874754428863525,-2.534176826477051,-2.175856590270996,-0.512472927570343,3.574085235595703,0.7331092953681946,-3.5135326385498047,2.309095859527588,-0.32482168078422546,0.5469082593917847,-1.6715160608291626,-6.1129536628723145,1.366273045539856,1.0689111948013306,3.9497733116149902,-0.9359961748123169,1.108933925628662,0.46908146142959595,0.3888275921344757,-0.45551908016204834,0.9091401100158691,-0.34285885095596313,-0.09167730808258057,1.5619093179702759,-0.7422825694084167,1.4134479761123657,0.7818782925605774,0.588802695274353,1.2323650121688843,-1.6082383394241333,-0.8824419379234314,4.742000102996826,0.532970666885376,0.17547515034675598,-0.4412439465522766,1.029403805732727,-0.31642764806747437,-0.22458098828792572,1.6974081993103027,-0.6970230340957642,1.5051137208938599,0.95088130235672,0.6782693862915039,1.1785178184509277,-1.7083426713943481,-0.7631568908691406,0.266485333442688,0.08773757517337799,-0.2206219732761383,0.5147019028663635,0.25198617577552795,0.2979094982147217,0.15060412883758545,-1.0466115474700928,-0.5190431475639343,-0.7961593866348267,2.015134811401367,2.2652587890625,-2.576071262359619,-2.10347843170166,0.22124864161014557,0.17225566506385803,-0.23239120841026306,0.409557044506073,0.2673441469669342,0.3630141019821167,0.0226290300488472,-1.035317301750183,-0.46423637866973877,-0.8941802382469177,2.019547939300537,2.227433443069458,-2.551900863647461,-2.164807081222534,-0.2017495036125183,4.506641864776611,1.2482389211654663,-1.8426088094711304,1.7400400638580322,-0.15226389467716217,1.524776577949524,-1.568019986152649,-3.1407761573791504,0.595342218875885,-0.09639445692300797,3.8353753089904785,-2.1684467792510986,0.8195664286613464
1.3,-0.1196446344256401,0.017150407657027245,0.08554058521986008,-1.0094143152236938,-0.9413919448852539,1.0053471326828003,-0.2025422304868698,0.904039740562439,-0.3764156699180603,0.20000000298023224,0.0,0.0,0.0,0.22169871628284454,0.21382258832454681,-0.2202485054731369,0.3977336883544922,0.27806970477104187,0.3505162000656128,0.04275117069482803,-1.044709324836731,-0.48262646794319153,-0.8617397546768188,2.0217721462249756,2.246150493621826,-2.588418960571289,-2.1208412647247314,0.002853806596249342,3.166513204574585,1.1626795530319214,0.04071035236120224,0.7457159161567688,-1.7646491527557373,2.6081297397613525,-0.9318592548370361,-1.1274124383926392,3.988480567932129,-0.0019533513113856316,1.932257890701294,-2.9662601947784424,5.447977542877197,0.532970666885376,0.17547515034675598,-0.4412439465522766,1.029403805732727,-0.31642764806747437,-0.22458098828792572,1.6974081993103027,-0.6970230340957642,1.5051137208938599,0.95088130235672,0.6782693862915039,1.1785178184509277,-1.7083426713943481,-0.7631568908691406,4.7220001220703125,0.6214990615844727,0.12231071293354034,-0.33589738607406616,1.2746626138687134,-0.3588707745075226,-0.12511512637138367,1.8447598218917847,-0.8486418724060059,1.5538158416748047,0.8001450896263123,0.6744533181190491,1.2471283674240112,-1.8089022636413574,-0.8335340619087219,0.31074953079223633,0.06115535646677017,-0.16794869303703308,0.6373313069343567,0.23076461255550385,0.3476424217224121,0.22427994012832642,-1.1224209070205688,-0.4946920871734619,-0.8715274333953857,2.0132267475128174,2.2995641231536865,-2.6263511180877686,-2.138667106628418,0.2174929827451706,0.22932057082653046,-0.21186184883117676,0.40876805782318115,0.28468990325927734,0.3345230519771576,0.06627018749713898,-1.052034616470337,-0.4927700161933899,-0.8354231119155884,2.01889967918396,2.2720253467559814,-2.610044002532959,-2.0989420413970947,-0.8380529880523682,0.21388566493988037,0.45289093255996704,1.647764801979065,0.6236510872840881,-1.5388357639312744,2.0649564266204834,-0.4919293224811554,-0.9436390399932861,1.9672365188598633,-0.44127535820007324,2.505509614944458,-1.4813497066497803,0.7085638046264648
1.32,-0.1196446344256401,0.017150407657027245,0.08554058521986008,-1.3348665237426758,-1.2445741891860962,1.1961019039154053,-0.19085632264614105,0.9149765968322754,-0.35551613569259644,0.20000000298023224,0.0,0.0,0.0,0.2108987271785736,0.22124527394771576,-0.20097196102142334,0.46013209223747253,0.2813354730606079,0.3320940434932709,0.0936201959848404,-1.0702197551727295,-0.48255664110183716,-0.850520670413971,2.010885238647461,2.3235740661621094,-2.64992618560791,-2.125457525253296,-0.4025302529335022,-1.4727944135665894,1.403132677078247,6.9164886474609375,-0.007365859113633633,-0.1985102891921997,3.0381674766540527,-1.9102661609649658,0.5322195291519165,-1.2958602905273438,-1.0923372507095337,4.003643989562988,-3.633889675140381,-1.29583740234375,0.6214990615844727,0.12231071293354034,-0.33589738607406616,1.2746626138687134,-0.3588707745075226,-0.12511512637138367,1.8447598218917847,-0.8486418724060059,1.5538158416748047,0.8001450896263123,0.6744533181190491,1.2471283674240112,-1.8089022636413574,-0.8335340619087219,4.702000141143799,0.8413783311843872,0.5714864134788513,-0.5507291555404663,1.2865180969238281,-0.44668257236480713,-0.09193967282772064,1.6191580295562744,-0.7656022310256958,1.8424237966537476,0.5506277084350586,0.39274343848228455,1.2901753187179565,-1.7551308870315552,-0.8919852375984192,0.4206891655921936,0.28574320673942566,-0.27536457777023315,0.6432590484619141,0.18685871362686157,0.3642301559448242,0.11147904396057129,-1.0809011459350586,-0.3503881096839905,-0.996286153793335,1.8723716735839844,2.321087598800659,-2.5994653701782227,-2.1678926944732666,0.2108987271785736,0.22124527394771576,-0.20097196102142334,0.46013209223747253,0.2813354730606079,0.3320940434932709,0.0936201959848404,-1.0702197551727295,-0.48255664110183716,-0.850520670413971,2.010885238647461,2.3235740661621094,-2.64992618560791,-2.125457525253296,-0.4025302529335022,-1.4727944135665894,1.403132677078247,6.9164886474609375,-0.007365859113633633,-0.1985102891921997,3.0381674766540527,-1.9102661609649658,0.5322195291519165,-1.2958602905273438,-1.0923372507095337,4.003643989562988,-3.633889675140381,-1.29583740234375
1.341,-0.08471247553825378,0.21329866349697113,0.19595932960510254,-1.8814475536346436,-0.9351531267166138,0.810728132724762,-0.17818720638751984,0.9287968873977661,-0.32493939995765686,0.20000000298023224,0.0,0.0,0.0,0.2063644826412201,0.1706007868051529,-0.16679328680038452,0.6218661665916443,0.26652833819389343,0.3404414653778076,0.13489457964897156,-1.0835068225860596,-0.44553709030151367,-0.9053528904914856,2.001729965209961,2.34814453125,-2.6995246410369873,-2.163102388381958,0.15718132257461548,-0.9752925038337708,1.6515467166900635,8.045611381530762,-1.8904186487197876,1.0236785411834717,1.682816982269287,0.9005476832389832,4.217613220214844,-4.2785162925720215,-0.11671360582113266,-1.4499433040618896,-1.8306660652160645,-1.537980556488037,0.8413783311843872,0.5714864134788513,-0.5507291555404663,1.2865180969238281,-0.44668257236480713,-0.09193967282772064,1.6191580295562744,-0.7656022310256958,1.8424237966537476,0.5506277084350586,0.39274343848228455,1.2901753187179565,-1.7551308870315552,-0.8919852375984192,4.682000160217285,0.7733699083328247,0.6748883128166199,-0.4890604019165039,1.405768871307373,-0.5133921504020691,-0.031054235994815826,1.5563143491744995,-0.859618604183197,1.879899263381958,0.3609905540943146,0.291423499584198,1.465894341468811,-1.8266873359680176,-1.102262020111084,0.38668495416641235,0.33744415640830994,-0.24453020095825195,0.7028844356536865,0.1535039246082306,0.39467287063598633,0.08005720376968384,-1.1279093027114868,-0.33165037631988525,-1.0911047458648682,1.821711778640747,2.408947229385376,-2.6352436542510986,-2.273030996322632,0.21210193634033203,0.17647704482078552,-0.1516464501619339,0.6962817311286926,0.24991680681705475,0.3471892476081848,0.14945697784423828,-1.0728180408477783,-0.40736889839172363,-0.9393464922904968,2.002091646194458,2.324528932571411,-2.713864803314209,-2.1682634353637695,0.7242549061775208,1.6131024360656738,1.2176133394241333,6.688495635986328,-1.388169527053833,0.43922170996665955,1.2401443719863892,1.070265293121338,3.321664810180664,-2.8038790225982666,0.13778741657733917,-2.6577048301696777,-1.0587457418441772,-0.2037142962217331
1.3599999999999999,-0.08471247553825378,0.21329866349697113,0.19595932960510254,-1.5472360849380493,-0.05824961140751839,0.1172059029340744,-0.17315450310707092,0.9413861036300659,-0.28949910402297974,0.20000000298023224,0.0,0.0,0.0,0.21813450753688812,0.2058883160352707,-0.14341984689235687,0.7674557566642761,0.22989922761917114,0.35986462235450745,0.15971192717552185,-1.0716627836227417,-0.3635556697845459,-0.9909726977348328,2.000990152359009,2.3300578594207764,-2.721226692199707,-2.2344510555267334,0.5109766125679016,4.010558128356934,0.3474924564361572,6.964713096618652,-1.639931559562683,1.3848240375518799,1.1314244270324707,-0.5027027130126953,3.6245036125183105,-5.2001495361328125,-0.5233299732208252,1.6225876808166504,-0.7013328671455383,-8.521526336669922,0.7733699083328247,0.6748883128166199,-0.4890604019165039,1.405768871307373,-0.5133921504020691,-0.031054235994815826,1.5563143491744995,-0.859618604183197,1.879899263381958,0.3609905540943146,0.291423499584198,1.465894341468811,-1.8266873359680176,-1.102262020111084,4.6620001792907715,0.6067440509796143,0.5476088523864746,-0.585197925567627,1.511613368988037,-0.3718867301940918,-0.08687606453895569,1.4693450927734375,-0.7096855044364929,1.8818473815917969,0.6020635962486267,0.39737921953201294,1.465448021888733,-1.8356828689575195,-0.9556790590286255,0.30337202548980713,0.2738044261932373,-0.2925989627838135,0.7558066844940186,0.22425663471221924,0.3667619824409485,0.03657257556915283,-1.0529427528381348,-0.3306763172149658,-0.9705681800842285,1.8746895790100098,2.408724069595337,-2.6397414207458496,-2.199739456176758,0.21813450753688812,0.2058883160352707,-0.14341984689235687,0.7674557566642761,0.22989922761917114,0.35986462235450745,0.15971192717552185,-1.0716627836227417,-0.3635556697845459,-0.9909726977348328,2.000990152359009,2.3300578594207764,-2.721226692199707,-2.2344510555267334,0.5109766125679016,4.010558128356934,0.3474924564361572,6.964713096618652,-1.639931559562683,1.3848240375518799,1.1314244270324707,-0.5027027130126953,3.6245036125183105,-5.2001495361328125,-0.5233299732208252,1.6225876808166504,-0.7013328671455383,-8.521526336669922
1.38,0.1368487924337387,0.4641362428665161,0.26899483799934387,0.6984148025512695,0.6636184453964233,-0.49064192175865173,-0.1751466691493988,0.942453920841217,-0.28478801250457764,0.20000000298023224,0.0,0.0,0.0,0.20849254727363586,0.28481563925743103,-0.18331705033779144,0.8264039158821106,0.21882875263690948,0.35969460010528564,0.15895511209964752,-1.091428518295288,-0.33629700541496277,-1.0136722326278687,1.9876744747161865,2.328815221786499,-2.6750354766845703,-2.2255523204803467,-1.7745165824890137,2.3129074573516846,-5.33595609664917,-0.3673054575920105,0.1290229707956314,-0.9593780636787415,-1.4344682693481445,-0.8143706321716309,0.12057174742221832,1.7473458051681519,-1.0362833738327026,0.42207634449005127,7.425083160400391,4.1794304847717285,0.6067440509796143,0.5476088523864746,-0.585197925567627,1.511613368988037,-0.3718867301940918,-0.08687606453895569,1.4693450927734375,-0.7096855044364929,1.8818473815917969,0.6020635962486267,0.39737921953201294,1.465448021888733,-1.8356828689575195,-0.9556790590286255,4.642000198364258,0.3964104652404785,0.4875737726688385,-0.36084091663360596,1.915323257446289,-0.45880937576293945,-0.27485042810440063,1.666088342666626,-0.9495359063148499,1.6445807218551636,0.8712349534034729,0.6108412146568298,1.819419503211975,-1.9204074144363403,-1.01616370677948,0.19820523262023926,0.24378688633441925,-0.18042045831680298,0.9576616287231445,0.1807953119277954,0.2727747857570648,0.13494420051574707,-1.1728678941726685,-0.44930964708328247,-0.8359825611114502,1.981420636177063,2.585709810256958,-2.6821036338806152,-2.2299818992614746,0.20849254727363586,0.28481563925743103,-0.18331705033779144,0.8264039158821106,0.21882875263690948,0.35969460010528564,0.15895511209964752,-1.091428518295288,-0.33629700541496277,-1.0136722326278687,1.9876744747161865,2.328815221786499,-2.6750354766845703,-2.2255523204803467,-1.7745165824890137,2.3129074573516846,-5.33595609664917,-0.3673054575920105,0.1290229707956314,-0.9593780636787415,-1.4344682693481445,-0.8143706321716309,0.12057174742221832,1.7473458051681519,-1.0362833738327026,0.42207634449005127,7.425083160400391,4.1794304847717285
1.4,0.1368487924337387,0.4641362428665161,0.26899483799934387,0.3676922023296356,0.2559940218925476,0.7467722296714783,-0.16572143137454987,0.9392581582069397,-0.3005504608154297,0.20000000298023224,0.0,0.0,0.0,0.1610945165157318,0.30566680431365967,-0.2866142988204956,0.8394285440444946,0.21415328979492188,0.33796799182891846,0.13609781861305237,-1.1070058345794678,-0.3530781865119934,-0.9515723586082458,1.9822361469268799,2.3979084491729736,-2.6450812816619873,-2.2368626594543457,-2.1005423069000244,0.27969783544540405,-2.396023988723755,6.0360236167907715,0.36834850907325745,-1.8367666006088257,-0.6123316884040833,-3.21623158454895,-2.1745097637176514,5.796159744262695,0.9827150702476501,8.787321090698242,-5.484157085418701,-1.7549904584884644,0.3964104652404785,0.4875737726688385,-0.36084091663360596,1.915323257446289,-0.45880937576293945,-0.27485042810440063,1.666088342666626,-0.9495359063148499,1.6445807218551636,0.8712349534034729,0.6108412146568298,1.819419503211975,-1.9204074144363403,-1.01616370677948,4.622000217437744,0.7074735164642334,0.5570521950721741,-0.9484652280807495,1.6571179628372192,-0.34377527236938477,-0.06469908356666565,1.5557490587234497,-0.7059861421585083,1.6031254529953003,0.6580494046211243,0.5223369002342224,1.6561511754989624,-1.947675347328186,-1.030517339706421,0.3537367582321167,0.27852609753608704,-0.47423261404037476,0.8285589814186096,0.23831236362457275,0.3778504729270935,0.07977455854415894,-1.0510931015014648,-0.4700372815132141,-0.9425753355026245,1.9371684789657593,2.504075527191162,-2.695737600326538,-2.23715877532959,0.1610945165157318,0.30566680431365967,-0.2866142988204956,0.8394285440444946,0.21415328979492188,0.33796799182891846,0.13609781861305237,-1.1070058345794678,-0.3530781865119934,-0.9515723586082458,1.9822361469268799,2.3979084491729736,-2.6450812816619873,-2.2368626594543457,-2.1005423069000244,0.27969783544540405,-2.396023988723755,6.0360236167907715,0.36834850907325745,-1.8367666006088257,-0.6123316884040833,-3.21623158454895,-2.1745097637176514,5.796159744262695,0.9827150702476501,8.787321090698242,-5.484157085418701,-1.7549904584884644
1.421,0.11462842673063278,0.5159990787506104,0.43798401951789856,0.4420558214187622,0.6285544633865356,0.282380610704422,-0.15050901472568512,0.9402730464935303,-0.305341899394989,0.20000000298023224,0.0,0.0,0.0,0.11970377713441849,0.30914199352264404,-0.3036360442638397,0.9292618036270142,0.23854686319828033,0.32750290632247925,0.10712811350822449,-1.1111884117126465,-0.4210103154182434,-0.9238210320472717,1.9904630184173584,2.4754910469055176,-2.6956615447998047,-2.230090856552124,-2.348451614379883,-0.34343960881233215,-3.9505202770233154,-0.5899198055267334,1.0216948986053467,0.47263991832733154,-0.665257453918457,3.208204746246338,-2.804163932800293,-1.2868726253509521,-0.0131180165335536,-0.7853788733482361,-0.29459261894226074,-1.0495696067810059,0.7074735164642334,0.5570521950721741,-0.9484652280807495,1.6571179628372192,-0.34377527236938477,-0.06469908356666565,1.5557490587234497,-0.7059861421585083,1.6031254529953003,0.6580494046211243,0.5223369002342224,1.6561511754989624,-1.947675347328186,-1.030517339706421,4.6020002365112305,0.8050941228866577,0.5657030940055847,-0.5543420910835266,1.6821547746658325,-0.41409531235694885,-0.27310413122177124,1.681437373161316,-1.1735577583312988,1.5582349300384521,0.5519413948059082,0.7180713415145874,1.8742024898529053,-2.056828022003174,-1.1122043132781982,0.40254706144332886,0.28285154700279236,-0.2771710455417633,0.8410773873329163,0.2031523436307907,0.2736479341983795,0.14261871576309204,-1.2848788499832153,-0.4924825429916382,-0.9956293106079102,2.0350356101989746,2.6131012439727783,-2.7503139972686768,-2.2780022621154785,0.11970377713441849,0.30914199352264404,-0.3036360442638397,0.9292618036270142,0.23854686319828033,0.32750290632247925,0.10712811350822449,-1.1111884117126465,-0.4210103154182434,-0.9238210320472717,1.9904630184173584,2.4754910469055176,-2.6956615447998047,-2.230090856552124,-2.348451614379883,-0.34343960881233215,-3.9505202770233154,-0.5899198055267334,1.0216948986053467,0.47263991832733154,-0.665257453918457,3.208204746246338,-2.804163932800293,-1.2868726253509521,-0.0131180165335536,-0.7853788733482361,-0.29459261894226074,-1.0495696067810059
1.44,0.11462842673063278,0.5159990787506104,0.43798401951789856,-1.183658242225647,0.32226938009262085,0.4141225814819336,-0.1445743441581726,0.9412205219268799,-0.3052903115749359,0.20000000298023224,0.0,0.0,0.0,0.07670318335294724,0.3041347861289978,-0.42880356311798096,0.9015606045722961,0.2527144253253937,0.33737632632255554,0.11917269229888916,-1.0719276666641235,-0.4606195092201233,-0.9505953192710876,1.9967188835144043,2.4957118034362793,-2.721320390701294,-2.263885021209717,-1.1054977178573608,0.8217378854751587,-4.430526256561279,1.4904652833938599,0.6381786465644836,-0.12381689250469208,1.128761887550354,-1.4076400995254517,-1.7478303909301758,-1.756241798400879,1.2645316123962402,5.025057315826416,-5.934536933898926,-3.0042290687561035,0.8050941228866577,0.5657030940055847,-0.5543420910835266,1.6821547746658325,-0.41409531235694885,-0.27310413122177124,1.681437373161316,-1.1735577583312988,1.5582349300384521,0.5519413948059082,0.7180713415145874,1.8742024898529053,-2.056828022003174,-1.1122043132781982,4.581999778747559,0.8240336775779724,0.552320122718811,-0.7601810693740845,1.5660574436187744,-0.45643851161003113,-0.15556037425994873,1.5196324586868286,-0.8645849227905273,1.5761675834655762,0.41963377594947815,0.818365752696991,1.6575775146484375,-2.090360641479492,-1.0750422477722168,0.4120168387889862,0.2761600613594055,-0.38009053468704224,0.7830287218093872,0.18198074400424957,0.33241981267929077,0.06171625852584839,-1.1303924322128296,-0.48351621627807617,-1.0617830753326416,2.0851829051971436,2.504788875579834,-2.767080307006836,-2.2594211101531982,0.07670318335294724,0.3041347861289978,-0.42880356311798096,0.9015606045722961,0.2527144253253937,0.33737632632255554,0.11917269229888916,-1.0719276666641235,-0.4606195092201233,-0.9505953192710876,1.9967188835144043,2.4957118034362793,-2.721320390701294,-2.263885021209717,-1.1054977178573608,0.8217378854751587,-4.430526256561279,1.4904652833938599,0.6381786465644836,-0.12381689250469208,1.128761887550354,-1.4076400995254517,-1.7478303909301758,-1.756241798400879,1.2645316123962402,5.025057315826416,-5.934536933898926,-3.0042290687561035
1.461,-0.07428618520498276,0.3496969938278198,0.769752025604248,-2.7112605571746826,0.06385769695043564,0.7607792615890503,-0.13076844811439514,0.9548192620277405,-0.26687031984329224,0.20000000298023224,0.0,0.0,0.0,0.07274047285318375,0.33633187413215637,-0.4342272877693176,0.9078118801116943,0.2500010132789612,0.3309761881828308,0.09678915143013,-1.095406174659729,-0.47158610820770264,-1.0011805295944214,2.0239598751068115,2.5164051055908203,-2.7747364044189453,-2.2520182132720947,0.5858234167098999,1.851341962814331,1.6879700422286987,-3.0146851539611816,-0.5756428241729736,-0.26445475220680237,-2.111100435256958,0.9896541833877563,0.3711875081062317,-2.8972394466400146,1.397377848625183,-2.959717035293579,-0.5505608916282654,0.07434675097465515,0.8240336775779724,0.552320122718811,-0.7601810693740845,1.5660574436187744,-0.45643851161003113,-0.15556037425994873,1.5196324586868286,-0.8645849227905273,1.5761675834655762,0.41963377594947815,0.818365752696991,1.6575775146484375,-2.090360641479492,-1.0750422477722168,4.561999797821045,0.898086667060852,0.21621809899806976,-0.5304543375968933,1.4232112169265747,-0.5806469917297363,0.020484499633312225,1.714512825012207,-0.8782941102981567,1.36050546169281,0.09274076670408249,0.837982177734375,1.770723581314087,-2.1816506385803223,-1.247627854347229,0.449043333530426,0.10810904949903488,-0.26522716879844666,0.7116056084632874,0.11987650394439697,0.42044225335121155,0.1591564416885376,-1.137247085571289,-0.5913472771644592,-1.2252296209335327,2.0949912071228027,2.561361789703369,-2.812725305557251,-2.3457138538360596,0.0810478925704956,0.3512455224990845,-0.41318532824516296,0.8759539723396301,0.24489252269268036,0.32674285769462585,0.07923490554094315,-1.0877788066864014,-0.47044843435287476,-1.0234956741333008,2.030628204345703,2.4920260906219482,-2.777056932449341,-2.25818133354187,0.953799843788147,1.1449432373046875,2.174893617630005,-3.211374521255493,-0.4419471323490143,-0.4854133427143097,-1.6371270418167114,0.431307315826416,-0.05047303065657616,-1.796959638595581,0.6767308712005615,-1.8974499702453613,-0.02178678661584854,-0.6217663288116455
1.48,-0.07428618520498276,0.3496969938278198,0.769752025604248,-3.0524508953094482,-0.2566087245941162,1.2301158905029297,-0.11213317513465881,0.9713037014007568,-0.20975059270858765,0.20000000298023224,0.0,0.0,0.0,0.09006889164447784,0.34791818261146545,-0.3860730528831482,0.8426576256752014,0.24507345259189606,0.33635038137435913,0.06823869794607162,-1.0854078531265259,-0.479401558637619,-1.082115650177002,2.042863130569458,2.4948670864105225,-2.809835195541382,-2.317908525466919,0.8535540103912354,-2.111741781234741,3.2743935585021973,-4.322293281555176,0.4899486303329468,1.5883599519729614,-0.9161950349807739,0.2882252633571625,-1.833457112312317,-6.857264041900635,1.441554307937622,0.5041717290878296,-5.193593502044678,-7.099057197570801,0.898086667060852,0.21621809899806976,-0.5304543375968933,1.4232112169265747,-0.5806469917297363,0.020484499633312225,1.714512825012207,-0.8782941102981567,1.36050546169281,0.09274076670408249,0.837982177734375,1.770723581314087,-2.1816506385803223,-1.247627854347229,4.541999816894531,0.9747631549835205,0.36929768323898315,-0.7100414037704468,1.2823150157928467,-0.6919174790382385,-0.024988248944282532,1.4232239723205566,-0.7268111109733582,1.359998345375061,-0.09153919667005539,0.837760329246521,1.6200722455978394,-2.23836612701416,-1.2675034999847412,0.48738157749176025,0.18464884161949158,-0.3550207018852234,0.6411575078964233,0.06424126029014587,0.39770588278770447,0.013512015342712402,-1.0615055561065674,-0.5916008353233337,-1.3173695802688599,2.0948801040649414,2.4860360622406006,-2.84108304977417,-2.35565185546875,0.09006889164447784,0.34791818261146545,-0.3860730528831482,0.8426576256752014,0.24507345259189606,0.33635038137435913,0.06823869794607162,-1.0854078531265259,-0.479401558637619,-1.082115650177002,2.042863130569458,2.4948670864105225,-2.809835195541382,-2.317908525466919,0.8535540103912354,-2.111741781234741,3.2743935585021973,-4.322293281555176,0.4899486303329468,1.5883599519729614,-0.9161950349807739,0.2882252633571625,-1.833457112312317,-6.857264041900635,1.441554307937622,0.5041717290878296,-5.193593502044678,-7.099057197570801
1.502,-0.14618143439292908,0.5731844305992126,0.7138382196426392,-4.240738868713379,-0.40243154764175415,0.9010132551193237,-0.08646253496408463,0.9884177446365356,-0.12471827119588852,0.20000000298023224,0.0,0.0,0.0,0.10751548409461975,0.2533681392669678,-0.32441529631614685,0.7106959223747253,0.25120261311531067,0.3625592291355133,0.03724263608455658,-1.0728840827941895,-0.5057644248008728,-1.1971691846847534,2.0708653926849365,2.46962571144104,-2.8543601036071777,-2.3567090034484863,1.20452082157135,-5.455573081970215,2.319841146469116,-8.07320499420166,-0.04379425570368767,0.7977594137191772,-1.4011964797973633,1.5297380685806274,-0.453357458114624,-5.314010143280029,1.0916008949279785,-2.2940971851348877,0.7203289270401001,-0.8439996242523193,0.9747631549835205,0.36929768323898315,-0.7100414037704468,1.2823150157928467,-0.6919174790382385,-0.024988248944282532,1.4232239723205566,-0.7268111109733582,1.359998345375061,-0.09153919667005539,0.837760329246521,1.6200722455978394,-2.23836612701416,-1.2675034999847412,4.520999908447266,0.8873870372772217,0.4440452754497528,-0.6880412697792053,1.241740107536316,-0.8067432045936584,-0.02241314947605133,1.158624291419983,-0.717105507850647,1.4046558141708374,-0.11520661413669586,0.9034264087677002,1.8198405504226685,-2.1269922256469727,-1.4551079273223877,0.44369351863861084,0.2220226377248764,-0.34402063488960266,0.620870053768158,0.006828397512435913,0.39899343252182007,-0.11878782510757446,-1.0566527843475342,-0.5692721009254456,-1.3292033672332764,2.127713203430176,2.5859203338623047,-2.785396099090576,-2.449453830718994,0.12487224489450455,0.20412389934062958,-0.30449479818344116,0.6447508335113525,0.2512889504432678,0.36778759956359863,0.02875690907239914,-1.0629407167434692,-0.5104029774665833,-1.2392184734344482,2.0832419395446777,2.4588537216186523,-2.8458802700042725,-2.3605411052703857,2.304056406021118,-4.200570106506348,1.8967772722244263,-5.222397804260254,0.09057534486055374,0.3415865898132324,-0.34148332476615906,0.6347448825836182,-0.4790993928909302,-3.4168014526367188,1.3535059690475464,-0.235648050904274,0.7870316505432129,-0.020672393962740898
1.521,-0.14618143439292908,0.5731844305992126,0.7138382196426392,-5.805775165557861,-0.5685099363327026,0.5971726179122925,-0.07583539187908173,0.9959129691123962,-0.04905445873737335,0.20000000298023224,0.0,0.0,0.0,0.15458887815475464,0.1760043054819107,-0.284100741147995,0.6138898730278015,0.24462704360485077,0.37201952934265137,0.018587874248623848,-1.0577293634414673,-0.4994718134403229,-1.276003360748291,2.1032586097717285,2.480959415435791,-2.808391571044922,-2.4058895111083984,3.378413200378418,-1.6645379066467285,2.111482858657837,-1.6443829536437988,-1.0288585424423218,0.2486511766910553,-2.0471158027648926,0.6719045042991638,1.849704384803772,-3.021989345550537,2.460517168045044,4.22127103805542,5.973309516906738,-9.699629783630371,0.8873870372772217,0.4440452754497528,-0.6880412697792053,1.241740107536316,-0.8067432045936584,-0.02241314947605133,1.158624291419983,-0.717105507850647,1.4046558141708374,-0.11520661413669586,0.9034264087677002,1.8198405504226685,-2.1269922256469727,-1.4551079273223877,4.501999855041504,0.7437357306480408,0.4740028381347656,-0.6254006028175354,1.2894959449768066,-0.8857731223106384,0.16958624124526978,1.1903984546661377,-0.7478980422019958,1.6794475317001343,-0.08228802680969238,0.9039031267166138,1.7014873027801514,-1.8890233039855957,-1.462628960609436,0.3718678653240204,0.2370014190673828,-0.3127003014087677,0.6447479724884033,-0.03268656134605408,0.4949931204319,-0.10290074348449707,-1.0720490217208862,-0.4318762421607971,-1.3127440214157104,2.1279516220092773,2.5267436504364014,-2.6664116382598877,-2.453214406967163,0.15458887815475464,0.1760043054819107,-0.284100741147995,0.6138898730278015,0.24462704360485077,0.37201952934265137,0.018587874248623848,-1.0577293634414673,-0.4994718134403229,-1.276003360748291,2.1032586097717285,2.480959415435791,-2.808391571044922,-2.4058895111083984,3.378413200378418,-1.6645379066467285,2.111482858657837,-1.6443829536437988,-1.0288585424423218,0.2486511766910553,-2.0471158027648926,0.6719045042991638,1.849704384803772,-3.021989345550537,2.460517168045044,4.22127103805542,5.973309516906738,-9.699629783630371
